# Blender 5.1.0
# www.blender.org
mtllib Arm_L.mtl
o Cube.004
v -2.814091 0.610888 -1.135144
v -2.797305 -0.250445 -1.123490
v -3.041905 0.584610 0.565262
v -2.951105 -0.157946 0.529043
v -1.945417 0.674574 -0.930267
v -2.051689 -0.243144 -0.895962
v -2.195225 0.550394 0.832847
v -2.173778 -0.236885 0.850763
v -2.043851 -0.252467 -0.867800
v -2.034852 -0.262875 -0.836856
v -2.024155 -0.275159 -0.801036
v -2.011034 -0.290122 -0.758669
v -1.995405 -0.307767 -0.710634
v -1.981283 -0.324426 -0.658303
v -1.972033 -0.337007 -0.601771
v -1.961698 -0.350777 -0.542459
v -1.959944 -0.356831 -0.479982
v -1.957032 -0.364020 -0.415665
v -1.952883 -0.372482 -0.349638
v -1.953989 -0.376028 -0.282194
v -1.958570 -0.376213 -0.213934
v -1.961844 -0.377666 -0.144972
v -1.957598 -0.386753 -0.074602
v -1.947631 -0.402053 -0.002453
v -1.939670 -0.415886 0.070488
v -1.926349 -0.436040 0.145610
v -1.917680 -0.452049 0.220568
v -1.938867 -0.436041 0.286826
v -1.963662 -0.415704 0.350023
v -1.995305 -0.387157 0.408282
v -2.024702 -0.360498 0.464407
v -2.047114 -0.341412 0.520561
v -2.073972 -0.316611 0.571467
v -2.098493 -0.294032 0.619875
v -2.120728 -0.273680 0.665543
v -2.135550 -0.262116 0.711580
v -2.147373 -0.253773 0.753477
v -2.157271 -0.247134 0.789639
v -2.165879 -0.241637 0.821517
v -2.787344 -0.261992 -1.135681
v -2.774969 -0.272309 -1.147113
v -2.759802 -0.283318 -1.158816
v -2.741327 -0.296008 -1.171434
v -2.720374 -0.310310 -1.184655
v -2.697952 -0.325698 -1.197738
v -2.676620 -0.347603 -1.213770
v -2.651137 -0.365431 -1.226216
v -2.617238 -0.363672 -1.225999
v -2.584126 -0.362157 -1.224894
v -2.552185 -0.362912 -1.223985
v -2.520746 -0.363942 -1.222046
v -2.489795 -0.365319 -1.219052
v -2.459275 -0.366226 -1.214489
v -2.429554 -0.362168 -1.205901
v -2.400884 -0.358382 -1.196098
v -2.372745 -0.354918 -1.185010
v -2.344568 -0.351806 -1.172654
v -2.315986 -0.349502 -1.159328
v -2.285971 -0.350094 -1.146129
v -2.258247 -0.344602 -1.128756
v -2.228742 -0.342858 -1.112119
v -2.198892 -0.341387 -1.094614
v -2.171083 -0.336602 -1.074698
v -2.145181 -0.329503 -1.053018
v -2.124404 -0.316750 -1.028383
v -2.112076 -0.296170 -1.000274
v -2.096781 -0.281894 -0.975095
v -2.083090 -0.269616 -0.952015
v -2.071552 -0.259591 -0.931732
v -2.061485 -0.251145 -0.913366
v -3.030227 0.591540 0.584631
v -3.017681 0.599130 0.605272
v -3.003409 0.608015 0.628038
v -2.986768 0.618738 0.653784
v -2.966443 0.629099 0.680873
v -2.940926 0.635112 0.706210
v -2.914688 0.641991 0.731886
v -2.887827 0.649783 0.757634
v -2.860342 0.658526 0.783218
v -2.832154 0.668265 0.808505
v -2.803173 0.679008 0.833367
v -2.773287 0.690739 0.857666
v -2.742348 0.703408 0.881248
v -2.710172 0.716936 0.903951
v -2.676538 0.731206 0.925595
v -2.641204 0.746054 0.945979
v -2.604048 0.761277 0.964900
v -2.564808 0.770373 0.978919
v -2.524555 0.778689 0.990877
v -2.484198 0.773417 0.993853
v -2.446131 0.752790 0.986718
v -2.410271 0.732071 0.977774
v -2.377413 0.707907 0.965198
v -2.347307 0.683630 0.950878
v -2.318212 0.664957 0.938167
v -2.293132 0.642281 0.921740
v -2.270545 0.621076 0.904894
v -2.250371 0.601504 0.887914
v -2.233132 0.584651 0.871971
v -2.218609 0.571528 0.858062
v -2.206400 0.560425 0.845160
v -2.822250 0.615450 -1.108893
v -2.831046 0.620249 -1.080184
v -2.843014 0.627564 -1.048231
v -2.861593 0.640708 -1.012812
v -2.882988 0.655817 -0.972519
v -2.906428 0.672365 -0.928965
v -2.931909 0.690400 -0.882349
v -2.958547 0.709070 -0.832594
v -2.971785 0.713538 -0.775323
v -2.986346 0.718999 -0.716435
v -3.002337 0.725595 -0.656043
v -3.019826 0.733431 -0.594237
v -3.038850 0.742579 -0.531076
v -3.059413 0.753067 -0.466584
v -3.081482 0.764878 -0.400751
v -3.104570 0.777536 -0.333506
v -3.108571 0.771052 -0.264294
v -3.114208 0.766229 -0.195226
v -3.121515 0.763121 -0.126305
v -3.130476 0.761731 -0.057559
v -3.132002 0.753166 0.010071
v -3.142830 0.753896 0.077854
v -3.153333 0.754483 0.144899
v -3.158280 0.749886 0.209994
v -3.156042 0.738642 0.272035
v -3.144164 0.718544 0.329420
v -3.121872 0.689038 0.380739
v -3.103085 0.663581 0.428870
v -3.084050 0.638894 0.470613
v -3.068081 0.618223 0.506214
v -3.054271 0.600455 0.537217
v -2.184920 -0.249222 0.864346
v -2.197520 -0.262791 0.878524
v -2.214287 -0.275524 0.891975
v -2.239615 -0.280209 0.900483
v -2.273451 -0.272141 0.901103
v -2.307559 -0.263012 0.900383
v -2.341512 -0.252977 0.898255
v -2.374658 -0.242882 0.895053
v -2.405261 -0.240037 0.894723
v -2.435726 -0.237416 0.893131
v -2.465997 -0.235116 0.890265
v -2.496370 -0.226969 0.882698
v -2.525704 -0.224863 0.876883
v -2.554570 -0.222980 0.869557
v -2.582890 -0.221377 0.860689
v -2.610680 -0.220099 0.850233
v -2.638280 -0.219155 0.838123
v -2.666048 -0.218547 0.824423
v -2.694034 -0.218282 0.809271
v -2.722200 -0.218368 0.792819
v -2.750492 -0.218800 0.775212
v -2.778844 -0.219566 0.756594
v -2.805205 -0.217105 0.735392
v -2.825964 -0.206568 0.709493
v -2.845953 -0.197180 0.683549
v -2.865278 -0.188906 0.657789
v -2.883838 -0.181765 0.632517
v -2.901619 -0.175675 0.607960
v -2.917440 -0.170479 0.585276
v -2.929841 -0.165579 0.564876
v -2.940604 -0.161740 0.546455
v -2.184238 0.559664 0.807022
v -2.172039 0.570270 0.778725
v -2.157753 0.582882 0.746306
v -2.140505 0.598321 0.708385
v -2.123056 0.613262 0.664150
v -2.102623 0.631468 0.617591
v -2.078970 0.653097 0.568921
v -2.053216 0.676705 0.517712
v -2.034173 0.692025 0.460377
v -2.010705 0.712139 0.402336
v -1.981649 0.738094 0.343762
v -1.950004 0.766290 0.283363
v -1.917124 0.795125 0.220721
v -1.897514 0.809127 0.152454
v -1.880831 0.819779 0.082266
v -1.892784 0.800820 0.006463
v -1.904232 0.783104 -0.067886
v -1.905943 0.775693 -0.139877
v -1.906493 0.769665 -0.210896
v -1.910053 0.760894 -0.281012
v -1.918661 0.747516 -0.349762
v -1.912964 0.747854 -0.417148
v -1.925492 0.731212 -0.482173
v -1.936854 0.715959 -0.544789
v -1.940532 0.707907 -0.605672
v -1.943140 0.700895 -0.664150
v -1.944799 0.694805 -0.719879
v -1.945685 0.689481 -0.772504
v -1.945939 0.684997 -0.819775
v -1.945846 0.681229 -0.860714
v -1.945655 0.677823 -0.896965
v -1.957344 0.685286 -0.949552
v -1.970593 0.696695 -0.969933
v -1.985969 0.709284 -0.992133
v -2.004156 0.723553 -1.016892
v -2.024888 0.739171 -1.043510
v -2.049581 0.752662 -1.069391
v -2.077036 0.764707 -1.094524
v -2.104013 0.779385 -1.120475
v -2.132310 0.794319 -1.145982
v -2.161498 0.810286 -1.171291
v -2.191783 0.827256 -1.196316
v -2.223428 0.845162 -1.220954
v -2.258946 0.857520 -1.241906
v -2.299279 0.857522 -1.255495
v -2.341657 0.847051 -1.262288
v -2.382392 0.837523 -1.267913
v -2.421542 0.832187 -1.274074
v -2.460061 0.819273 -1.274544
v -2.497501 0.811157 -1.276046
v -2.534344 0.803345 -1.276267
v -2.570585 0.795112 -1.274878
v -2.606214 0.786540 -1.271986
v -2.640605 0.775910 -1.266647
v -2.669627 0.753961 -1.253409
v -2.696309 0.732106 -1.238911
v -2.720685 0.710655 -1.223475
v -2.742744 0.689917 -1.207435
v -2.762521 0.670129 -1.191089
v -2.779330 0.652329 -1.175492
v -2.792866 0.637031 -1.161257
v -2.804021 0.623543 -1.147953
v -2.957335 -0.167557 0.500745
v -2.964466 -0.178417 0.469899
v -2.972917 -0.191378 0.434541
v -2.983320 -0.207274 0.393095
v -2.995799 -0.226083 0.346522
v -3.002826 -0.240315 0.295014
v -3.009240 -0.254501 0.240449
v -3.017380 -0.270827 0.183758
v -3.030451 -0.292385 0.125621
v -3.051417 -0.322088 0.066192
v -3.065829 -0.345789 0.003583
v -3.077230 -0.366851 -0.061176
v -3.098128 -0.397549 -0.127167
v -3.113074 -0.422629 -0.195231
v -3.114513 -0.434487 -0.264470
v -3.102497 -0.432989 -0.333370
v -3.080032 -0.420949 -0.400603
v -3.053947 -0.405088 -0.465828
v -3.026987 -0.388123 -0.529015
v -2.998952 -0.369813 -0.589877
v -2.972723 -0.353033 -0.648812
v -2.948313 -0.337765 -0.705782
v -2.925711 -0.323955 -0.760711
v -2.904872 -0.311516 -0.813500
v -2.885717 -0.300341 -0.864087
v -2.868215 -0.290366 -0.912322
v -2.852350 -0.281511 -0.957905
v -2.838046 -0.273651 -1.000587
v -2.823703 -0.264824 -1.037395
v -2.813294 -0.259031 -1.069437
v -2.804997 -0.254626 -1.097645
v -2.049419 -0.226358 -0.905892
v -2.047377 -0.209034 -0.916096
v -2.044768 -0.189555 -0.927019
v -2.041213 -0.166942 -0.939095
v -2.033357 -0.144196 -0.953036
v -2.023139 -0.121151 -0.967489
v -2.021615 -0.092442 -0.978465
v -2.020419 -0.063293 -0.988627
v -2.013607 -0.035995 -0.999913
v -2.006031 -0.008111 -1.010553
v -1.997686 0.020344 -1.020474
v -1.988599 0.049336 -1.029589
v -1.978807 0.078862 -1.037807
v -1.968365 0.108954 -1.045028
v -1.957349 0.139684 -1.051139
v -1.945859 0.171238 -1.056018
v -1.935799 0.204004 -1.058914
v -1.928932 0.237878 -1.059232
v -1.922009 0.272861 -1.058215
v -1.915116 0.308852 -1.055899
v -1.908342 0.345727 -1.052323
v -1.902524 0.383116 -1.047257
v -1.903239 0.418760 -1.038810
v -1.903365 0.454566 -1.029589
v -1.903056 0.490537 -1.019624
v -1.902458 0.526518 -1.009023
v -1.901704 0.562209 -0.997921
v -1.900951 0.597286 -0.986448
v -1.906359 0.625936 -0.973269
v -1.920515 0.644470 -0.958021
v -1.933360 0.660366 -0.943831
v -2.170749 -0.220266 0.865829
v -2.167795 -0.202724 0.881419
v -2.164537 -0.183258 0.898072
v -2.162691 -0.159134 0.914758
v -2.162065 -0.131827 0.931120
v -2.161762 -0.103822 0.946908
v -2.161764 -0.075392 0.961864
v -2.162099 -0.046857 0.975689
v -2.162745 -0.018384 0.988144
v -2.163635 0.009978 0.999117
v -2.164735 0.038119 1.008501
v -2.166028 0.065906 1.016175
v -2.167491 0.093214 1.022025
v -2.169099 0.119925 1.025938
v -2.170815 0.145932 1.027807
v -2.172598 0.171238 1.027535
v -2.174428 0.196229 1.025056
v -2.176229 0.221325 1.020501
v -2.178030 0.246587 1.013971
v -2.179805 0.271968 1.005612
v -2.181540 0.297406 0.995563
v -2.183225 0.322829 0.983961
v -2.184848 0.348150 0.970944
v -2.186418 0.373311 0.956641
v -2.187998 0.398351 0.941163
v -2.189616 0.423193 0.924752
v -2.191234 0.447564 0.907717
v -2.192886 0.471276 0.890308
v -2.194433 0.493104 0.873647
v -2.195238 0.512779 0.858804
v -2.194998 0.531863 0.845668
v -3.041208 0.562606 0.573287
v -3.039781 0.539757 0.581435
v -3.037763 0.514950 0.589927
v -3.035178 0.487309 0.599023
v -3.031950 0.457890 0.608343
v -3.028163 0.428335 0.617264
v -3.023947 0.398969 0.625651
v -3.019367 0.370194 0.633343
v -3.014576 0.342177 0.640219
v -3.009759 0.314905 0.646233
v -3.005037 0.288455 0.651336
v -3.000515 0.262931 0.655476
v -2.996297 0.238416 0.658598
v -2.993257 0.215064 0.660928
v -2.989207 0.192624 0.661584
v -2.986558 0.171238 0.661352
v -2.984616 0.150134 0.659926
v -2.983371 0.128606 0.657352
v -2.982766 0.106471 0.653691
v -2.982739 0.083711 0.649006
v -2.983224 0.060345 0.643361
v -2.984156 0.036419 0.636821
v -2.985468 0.012003 0.629451
v -2.987070 -0.012864 0.621310
v -2.988793 -0.038272 0.612449
v -2.983956 -0.060368 0.600518
v -2.977356 -0.080710 0.587473
v -2.971222 -0.100397 0.574336
v -2.964869 -0.117582 0.561525
v -2.959802 -0.132225 0.549987
v -2.955545 -0.145185 0.539289
v -2.815851 0.593714 -1.147779
v -2.817241 0.575461 -1.160539
v -2.818708 0.554695 -1.173987
v -2.820403 0.530469 -1.188595
v -2.822117 0.503654 -1.203679
v -2.823668 0.475591 -1.218211
v -2.825058 0.446519 -1.231986
v -2.826222 0.416788 -1.244725
v -2.830343 0.388050 -1.258609
v -2.836570 0.359353 -1.272935
v -2.842582 0.329623 -1.285886
v -2.844825 0.298068 -1.294682
v -2.844586 0.265834 -1.300179
v -2.837957 0.232980 -1.299308
v -2.831390 0.201435 -1.296869
v -2.827625 0.171238 -1.294874
v -2.826632 0.141389 -1.293253
v -2.825379 0.111304 -1.289760
v -2.823897 0.081023 -1.284508
v -2.822223 0.050692 -1.277613
v -2.820391 0.020470 -1.269189
v -2.818434 -0.009474 -1.259349
v -2.816384 -0.038961 -1.248206
v -2.813656 -0.067520 -1.235414
v -2.811131 -0.095582 -1.221734
v -2.808870 -0.123142 -1.207397
v -2.806894 -0.149899 -1.192638
v -2.804882 -0.175459 -1.177430
v -2.802655 -0.198205 -1.162533
v -2.800841 -0.217555 -1.148941
v -2.799247 -0.234460 -1.136139
v -2.811980 0.632246 -1.118380
v -2.800272 0.649603 -1.128421
v -2.785831 0.668369 -1.140073
v -2.768234 0.688836 -1.153350
v -2.748447 0.710041 -1.167041
v -2.726350 0.731973 -1.180697
v -2.701940 0.754446 -1.193951
v -2.674890 0.776286 -1.205943
v -2.643271 0.790821 -1.213055
v -2.610464 0.805531 -1.219131
v -2.576434 0.820332 -1.224045
v -2.541136 0.835111 -1.227656
v -2.504499 0.849728 -1.229807
v -2.466521 0.869228 -1.232782
v -2.426356 0.887666 -1.233606
v -2.384831 0.897676 -1.228855
v -2.345978 0.886330 -1.212924
v -2.307700 0.878747 -1.197408
v -2.269540 0.873437 -1.181672
v -2.232803 0.865377 -1.163641
v -2.199750 0.850302 -1.141705
v -2.168390 0.834591 -1.118729
v -2.136517 0.822298 -1.096470
v -2.105911 0.809516 -1.073429
v -2.081951 0.788602 -1.046810
v -2.059380 0.768749 -1.020589
v -2.036164 0.752374 -0.995995
v -2.014579 0.736332 -0.972152
v -1.994448 0.720619 -0.949496
v -1.976543 0.705853 -0.929711
v -1.960586 0.691782 -0.912713
v -2.820408 0.640824 -1.086578
v -2.808190 0.661675 -1.093449
v -2.793327 0.683251 -1.102159
v -2.775647 0.705594 -1.112645
v -2.755721 0.728289 -1.123865
v -2.733463 0.751468 -1.135241
v -2.705558 0.767376 -1.142814
v -2.675603 0.781513 -1.149004
v -2.644629 0.795909 -1.154477
v -2.612584 0.810525 -1.159070
v -2.579430 0.825292 -1.162652
v -2.545286 0.841292 -1.165578
v -2.509878 0.858471 -1.167693
v -2.472953 0.879424 -1.169918
v -2.433781 0.900242 -1.170487
v -2.392758 0.914879 -1.166920
v -2.353501 0.908050 -1.153431
v -2.316356 0.895758 -1.136627
v -2.279090 0.888496 -1.120612
v -2.243773 0.877261 -1.102124
v -2.207903 0.869610 -1.084062
v -2.173989 0.858603 -1.064046
v -2.141386 0.846463 -1.043036
v -2.112841 0.828777 -1.019683
v -2.089092 0.805985 -0.994409
v -2.067493 0.783196 -0.969334
v -2.045666 0.763561 -0.945884
v -2.023083 0.747076 -0.924416
v -2.001697 0.730555 -0.904492
v -1.981840 0.714202 -0.887468
v -1.963429 0.697886 -0.873473
v -2.833030 0.652377 -1.051824
v -2.820826 0.677074 -1.056584
v -2.805787 0.701603 -1.063253
v -2.787949 0.726126 -1.071498
v -2.767529 0.750551 -1.080466
v -2.739516 0.764569 -1.085188
v -2.710645 0.778996 -1.090135
v -2.680930 0.793928 -1.094951
v -2.650313 0.809444 -1.099308
v -2.618694 0.825565 -1.103037
v -2.585974 0.842261 -1.106005
v -2.552032 0.859474 -1.108066
v -2.516720 0.877111 -1.109059
v -2.479854 0.895042 -1.108809
v -2.441223 0.913089 -1.107126
v -2.400870 0.928049 -1.102808
v -2.361660 0.923692 -1.090500
v -2.323833 0.915116 -1.075588
v -2.288402 0.900637 -1.057743
v -2.254351 0.885989 -1.038978
v -2.218648 0.878858 -1.021781
v -2.183722 0.870548 -1.003551
v -2.149644 0.861152 -0.984481
v -2.119954 0.844493 -0.962932
v -2.095430 0.821364 -0.939430
v -2.072967 0.798052 -0.916219
v -2.052495 0.774685 -0.893768
v -2.029905 0.756362 -0.873907
v -2.007382 0.739210 -0.856169
v -1.985986 0.721720 -0.841152
v -1.965600 0.703710 -0.829336
v -2.851631 0.668858 -1.014008
v -2.838729 0.696382 -1.017461
v -2.823015 0.723479 -1.022665
v -2.804625 0.750377 -1.029087
v -2.777411 0.765840 -1.031761
v -2.748923 0.780630 -1.034786
v -2.719669 0.795709 -1.038138
v -2.689622 0.811219 -1.041452
v -2.658710 0.827273 -1.044394
v -2.626837 0.843900 -1.046789
v -2.593901 0.861086 -1.048501
v -2.559778 0.878784 -1.049378
v -2.524316 0.896915 -1.049261
v -2.487334 0.915362 -1.047977
v -2.448682 0.930688 -1.044374
v -2.408966 0.939370 -1.037377
v -2.369544 0.938939 -1.026356
v -2.330952 0.934214 -1.012923
v -2.295085 0.919831 -0.995841
v -2.260812 0.904257 -0.977646
v -2.228117 0.887695 -0.958547
v -2.193391 0.879046 -0.940981
v -2.159046 0.870156 -0.922939
v -2.126317 0.858586 -0.903978
v -2.100957 0.835178 -0.882102
v -2.077584 0.811408 -0.860583
v -2.056138 0.787353 -0.839869
v -2.035253 0.764762 -0.820794
v -2.011568 0.747064 -0.804612
v -1.988820 0.728762 -0.790705
v -1.966896 0.709639 -0.779768
v -2.872245 0.686227 -0.972989
v -2.858626 0.716129 -0.975247
v -2.842214 0.745628 -0.978903
v -2.817969 0.766496 -0.980548
v -2.789544 0.782105 -0.981321
v -2.760448 0.797730 -0.982799
v -2.730652 0.813554 -0.984643
v -2.700102 0.829742 -0.986504
v -2.668716 0.846424 -0.988063
v -2.636400 0.863641 -0.989148
v -2.603047 0.881386 -0.989616
v -2.568529 0.899626 -0.989318
v -2.532399 0.915310 -0.987294
v -2.494884 0.926775 -0.983040
v -2.456478 0.938674 -0.977692
v -2.417047 0.949364 -0.970704
v -2.377810 0.949274 -0.959732
v -2.338892 0.947092 -0.947110
v -2.301483 0.938431 -0.932016
v -2.266554 0.922967 -0.914621
v -2.233111 0.906462 -0.896427
v -2.201148 0.889069 -0.877627
v -2.167320 0.878427 -0.860001
v -2.133224 0.868929 -0.842464
v -2.105682 0.847867 -0.822611
v -2.081361 0.823710 -0.802621
v -2.058928 0.799079 -0.783441
v -2.038359 0.774004 -0.765471
v -2.014450 0.754648 -0.750327
v -1.990466 0.735713 -0.737458
v -1.967269 0.715825 -0.727135
v -2.894902 0.704789 -0.928692
v -2.880501 0.736817 -0.929821
v -2.861750 0.766239 -0.931288
v -2.833093 0.783097 -0.929684
v -2.803864 0.799686 -0.929063
v -2.774030 0.816215 -0.929111
v -2.743541 0.832875 -0.929517
v -2.712327 0.849838 -0.929965
v -2.680301 0.867240 -0.930167
v -2.647365 0.885127 -0.929954
v -2.613288 0.902927 -0.929044
v -2.576949 0.913553 -0.925635
v -2.540150 0.924751 -0.921529
v -2.502701 0.936513 -0.916571
v -2.464384 0.948790 -0.910600
v -2.425124 0.958515 -0.902838
v -2.385933 0.958785 -0.891869
v -2.346967 0.957036 -0.879417
v -2.308358 0.953379 -0.865683
v -2.271920 0.941520 -0.849675
v -2.237623 0.925106 -0.832311
v -2.204726 0.907726 -0.814434
v -2.173237 0.889488 -0.796228
v -2.139841 0.877391 -0.779056
v -2.109625 0.859865 -0.761105
v -2.084317 0.835388 -0.742498
v -2.060873 0.810281 -0.724673
v -2.037458 0.787020 -0.708384
v -2.014771 0.764062 -0.693728
v -1.991031 0.743017 -0.681352
v -1.966706 0.722560 -0.671449
v -2.919550 0.724673 -0.881321
v -2.904287 0.758631 -0.881376
v -2.880042 0.783369 -0.879547
v -2.850431 0.801290 -0.876794
v -2.820301 0.818900 -0.874906
v -2.789608 0.836403 -0.873610
v -2.758287 0.853987 -0.872634
v -2.726261 0.871817 -0.871703
v -2.693438 0.890024 -0.870567
v -2.658505 0.903944 -0.868046
v -2.622199 0.914256 -0.864258
v -2.585633 0.925145 -0.859989
v -2.548628 0.936647 -0.855088
v -2.510984 0.948762 -0.849404
v -2.472489 0.963336 -0.843116
v -2.433215 0.967265 -0.833804
v -2.393933 0.967912 -0.822799
v -2.354794 0.966612 -0.810471
v -2.315913 0.963446 -0.797009
v -2.277393 0.958489 -0.782598
v -2.241689 0.943986 -0.766269
v -2.207759 0.926646 -0.749244
v -2.175168 0.908350 -0.731968
v -2.143939 0.889167 -0.714613
v -2.112817 0.871591 -0.697704
v -2.085671 0.848242 -0.680529
v -2.058681 0.826429 -0.664389
v -2.033174 0.803649 -0.649254
v -2.009209 0.779849 -0.635426
v -1.986856 0.754975 -0.623209
v -1.965098 0.730072 -0.613055
v -2.946109 0.745958 -0.831078
v -2.929893 0.781730 -0.830070
v -2.900529 0.802348 -0.825625
v -2.869897 0.821366 -0.821828
v -2.838775 0.840051 -0.818757
v -2.807112 0.858597 -0.816181
v -2.774835 0.877180 -0.813870
v -2.741863 0.895955 -0.811594
v -2.705741 0.907431 -0.807677
v -2.669061 0.917562 -0.803258
v -2.632305 0.928211 -0.798551
v -2.595302 0.939455 -0.793412
v -2.557863 0.951335 -0.787698
v -2.519784 0.963859 -0.781262
v -2.480793 0.973061 -0.773389
v -2.441343 0.976018 -0.763613
v -2.401841 0.977057 -0.752537
v -2.362408 0.976217 -0.740292
v -2.323145 0.973554 -0.727055
v -2.284147 0.969111 -0.712998
v -2.245504 0.962924 -0.698293
v -2.210300 0.946161 -0.682115
v -2.176518 0.927833 -0.665698
v -2.144500 0.907476 -0.649155
v -2.114208 0.885622 -0.632724
v -2.083139 0.866898 -0.617122
v -2.054798 0.844559 -0.601913
v -2.027938 0.821137 -0.587623
v -2.002636 0.796592 -0.574506
v -1.978977 0.770882 -0.562821
v -1.957056 0.743979 -0.552825
v -2.960767 0.752942 -0.773621
v -2.944144 0.789406 -0.771627
v -2.916291 0.813506 -0.767136
v -2.887880 0.837841 -0.763446
v -2.858742 0.862541 -0.760343
v -2.826478 0.883058 -0.756716
v -2.793126 0.902688 -0.753111
v -2.755723 0.913247 -0.747948
v -2.718308 0.923415 -0.742696
v -2.680991 0.933985 -0.737322
v -2.643604 0.945072 -0.731692
v -2.605966 0.956758 -0.725669
v -2.567884 0.969089 -0.719118
v -2.529149 0.982079 -0.711901
v -2.489278 0.981848 -0.702309
v -2.449537 0.985133 -0.692269
v -2.409693 0.986579 -0.681089
v -2.369852 0.986208 -0.668892
v -2.330103 0.984051 -0.655838
v -2.290533 0.980127 -0.642087
v -2.251226 0.974446 -0.627799
v -2.213009 0.964723 -0.612940
v -2.179381 0.942855 -0.597040
v -2.147414 0.919848 -0.581193
v -2.117076 0.895953 -0.565576
v -2.080616 0.885257 -0.551410
v -2.050119 0.863774 -0.537139
v -2.021842 0.839762 -0.523607
v -1.995136 0.814524 -0.511127
v -1.970101 0.788031 -0.499916
v -1.946849 0.760263 -0.490192
v -2.975211 0.759177 -0.713996
v -2.955294 0.792435 -0.710211
v -2.927223 0.816864 -0.704991
v -2.898609 0.841535 -0.700375
v -2.869283 0.866577 -0.696185
v -2.838588 0.891061 -0.692079
v -2.802855 0.906291 -0.686598
v -2.767113 0.922011 -0.681248
v -2.731159 0.938348 -0.675856
v -2.694284 0.953434 -0.670046
v -2.656093 0.965058 -0.663480
v -2.617636 0.977273 -0.656551
v -2.578717 0.990129 -0.649134
v -2.538217 0.990938 -0.639947
v -2.497971 0.991291 -0.630095
v -2.457827 0.994926 -0.619765
v -2.417531 0.996792 -0.608454
v -2.377175 0.996896 -0.596273
v -2.336841 0.995245 -0.583368
v -2.296608 0.991836 -0.569884
v -2.256558 0.986659 -0.555964
v -2.217449 0.977512 -0.541631
v -2.182804 0.955839 -0.526604
v -2.149766 0.932941 -0.511673
v -2.118397 0.908883 -0.496984
v -2.081639 0.896943 -0.483298
v -2.044687 0.884281 -0.470164
v -2.014917 0.859718 -0.457319
v -1.986729 0.833822 -0.445413
v -1.960235 0.806571 -0.434628
v -1.935562 0.777954 -0.425147
v -2.991001 0.766517 -0.652851
v -2.968229 0.797207 -0.647664
v -2.939890 0.822036 -0.641759
v -2.911014 0.847116 -0.636271
v -2.881432 0.872572 -0.631055
v -2.850237 0.896965 -0.625763
v -2.814217 0.912479 -0.619345
v -2.778201 0.928500 -0.613003
v -2.741984 0.945153 -0.606592
v -2.705360 0.962521 -0.599989
v -2.668119 0.980650 -0.593078
v -2.630053 0.999549 -0.585744
v -2.589275 1.005488 -0.576911
v -2.547631 1.000946 -0.566908
v -2.506896 1.001663 -0.556735
v -2.466247 1.005672 -0.546091
v -2.425398 1.007970 -0.534625
v -2.384671 1.006280 -0.522337
v -2.344250 1.001948 -0.509437
v -2.304038 0.996480 -0.496114
v -2.264028 0.989875 -0.482490
v -2.224214 0.982108 -0.468684
v -2.185780 0.969751 -0.454732
v -2.151608 0.946986 -0.440653
v -2.119067 0.922968 -0.426833
v -2.081850 0.909916 -0.413630
v -2.043520 0.897835 -0.400949
v -2.015295 0.868975 -0.388701
v -1.989120 0.838949 -0.377308
v -1.964845 0.808122 -0.366921
v -1.942494 0.776546 -0.357685
v -3.008192 0.775090 -0.590269
v -2.983021 0.803902 -0.583999
v -2.954344 0.829218 -0.577431
v -2.925130 0.854789 -0.571103
v -2.895207 0.880741 -0.564897
v -2.863621 0.905538 -0.558529
v -2.827206 0.921466 -0.551205
v -2.790796 0.937909 -0.543892
v -2.754179 0.954992 -0.536471
v -2.717147 0.972802 -0.528838
v -2.679487 0.991383 -0.520891
v -2.639522 1.002195 -0.512097
v -2.598199 1.005200 -0.502541
v -2.556987 1.007141 -0.492547
v -2.515876 1.007710 -0.482036
v -2.474913 1.007260 -0.470957
v -2.434107 1.005690 -0.459270
v -2.393458 1.003024 -0.447046
v -2.352959 0.999279 -0.434387
v -2.312600 0.994450 -0.421395
v -2.272374 0.988518 -0.408173
v -2.232275 0.981442 -0.394824
v -2.192302 0.973164 -0.381456
v -2.153018 0.962174 -0.368177
v -2.119241 0.938214 -0.355168
v -2.083209 0.920658 -0.342481
v -2.052990 0.893049 -0.330358
v -2.024593 0.864464 -0.318864
v -1.998069 0.834960 -0.308118
v -1.970705 0.807958 -0.298167
v -1.939896 0.785276 -0.289057
v -3.026810 0.784982 -0.526303
v -2.999711 0.812660 -0.519199
v -2.970609 0.838559 -0.511974
v -2.940968 0.864714 -0.504818
v -2.910612 0.891249 -0.497640
v -2.878731 0.916939 -0.490248
v -2.841809 0.933410 -0.482031
v -2.804881 0.950396 -0.473751
v -2.767732 0.968024 -0.465314
v -2.730149 0.986377 -0.456636
v -2.689521 0.994655 -0.447277
v -2.648719 1.001946 -0.437629
v -2.608168 1.011578 -0.427705
v -2.567083 1.019620 -0.417343
v -2.525338 1.021246 -0.406476
v -2.483640 1.015041 -0.395144
v -2.442579 1.007828 -0.383405
v -2.401972 1.001631 -0.371297
v -2.361278 0.998441 -0.358850
v -2.320667 0.994208 -0.346156
v -2.280129 0.988896 -0.333300
v -2.239661 0.982451 -0.320369
v -2.199259 0.974800 -0.307451
v -2.158931 0.965851 -0.294634
v -2.121010 0.950171 -0.282176
v -2.085591 0.929457 -0.270160
v -2.053924 0.902795 -0.258753
v -2.024129 0.874798 -0.247905
v -1.996327 0.845508 -0.237712
v -1.963449 0.823907 -0.227832
v -1.931342 0.800761 -0.218736
v -3.046850 0.796239 -0.460974
v -3.018312 0.823569 -0.453213
v -2.988688 0.850158 -0.445325
v -2.958520 0.876995 -0.437339
v -2.927629 0.904207 -0.429188
v -2.895543 0.931270 -0.420777
v -2.858001 0.948413 -0.411663
v -2.820435 0.966065 -0.402408
v -2.781427 0.980608 -0.392854
v -2.740795 0.990227 -0.382996
v -2.701001 1.003430 -0.372962
v -2.660473 1.015046 -0.362619
v -2.619299 1.025083 -0.351956
v -2.577557 1.033540 -0.340960
v -2.535173 1.037345 -0.329668
v -2.492583 1.031544 -0.318219
v -2.450571 1.024726 -0.306505
v -2.409129 1.016940 -0.294565
v -2.368245 1.008211 -0.282454
v -2.327907 0.998553 -0.270228
v -2.287411 0.991183 -0.257812
v -2.246298 0.986039 -0.245236
v -2.204532 0.981582 -0.232602
v -2.164717 0.969791 -0.220378
v -2.123886 0.959938 -0.208172
v -2.083693 0.947331 -0.196295
v -2.050612 0.920549 -0.185556
v -2.019384 0.892332 -0.175312
v -1.989652 0.863412 -0.165586
v -1.955281 0.841532 -0.155838
v -1.929213 0.809517 -0.147441
v -3.068275 0.808852 -0.394265
v -3.038810 0.836662 -0.385957
v -3.008559 0.864055 -0.377390
v -2.977761 0.891681 -0.368561
v -2.946235 0.919668 -0.359426
v -2.913802 0.948105 -0.349946
v -2.873964 0.962349 -0.339874
v -2.832637 0.972173 -0.329612
v -2.793845 0.988559 -0.319202
v -2.754293 1.003823 -0.308530
v -2.713891 1.017488 -0.297604
v -2.672726 1.029568 -0.286430
v -2.630882 1.040070 -0.275018
v -2.588432 1.048993 -0.263376
v -2.545406 1.055597 -0.251540
v -2.501844 1.050244 -0.239952
v -2.458802 1.043844 -0.228244
v -2.416274 1.036439 -0.216440
v -2.374253 1.028051 -0.204576
v -2.332729 1.018685 -0.192689
v -2.291699 1.008330 -0.180818
v -2.250125 1.001043 -0.168723
v -2.211114 0.984520 -0.157293
v -2.169952 0.975511 -0.145379
v -2.128478 0.966076 -0.133559
v -2.087038 0.955022 -0.121963
v -2.047037 0.939655 -0.110874
v -2.014309 0.911204 -0.101208
v -1.982569 0.882668 -0.091883
v -1.954540 0.850280 -0.083334
v -1.928415 0.817084 -0.075319
v -3.085589 0.816655 -0.325828
v -3.056256 0.845701 -0.317084
v -3.025305 0.873295 -0.307871
v -2.993401 0.900364 -0.298230
v -2.959908 0.925961 -0.288159
v -2.924892 0.950011 -0.277689
v -2.885822 0.966429 -0.266925
v -2.847700 0.985493 -0.255839
v -2.808511 1.002917 -0.244477
v -2.768353 1.018724 -0.232870
v -2.727317 1.032930 -0.221047
v -2.685485 1.045548 -0.209037
v -2.642933 1.056579 -0.196869
v -2.599732 1.066019 -0.184573
v -2.555949 1.073849 -0.172176
v -2.511478 1.071157 -0.160298
v -2.467336 1.065196 -0.148576
v -2.423654 1.058171 -0.136892
v -2.380428 1.050104 -0.125260
v -2.338661 1.034361 -0.114253
v -2.295951 1.027710 -0.102497
v -2.253469 1.019588 -0.090855
v -2.212062 1.007208 -0.079620
v -2.171123 0.993632 -0.068541
v -2.130670 0.978779 -0.057644
v -2.090455 0.963147 -0.046892
v -2.048344 0.950545 -0.035846
v -2.012526 0.925548 -0.026336
v -1.976738 0.901003 -0.016919
v -1.946468 0.869109 -0.008648
v -1.918429 0.835688 -0.000843
v -3.091698 0.811803 -0.256166
v -3.075459 0.856835 -0.247167
v -3.043928 0.885063 -0.237305
v -3.010702 0.911549 -0.226894
v -2.975924 0.936306 -0.215993
v -2.937193 0.954269 -0.204812
v -2.898967 0.973297 -0.193220
v -2.861263 0.994507 -0.181156
v -2.822343 1.014231 -0.168785
v -2.782289 1.032478 -0.156156
v -2.741176 1.049246 -0.143320
v -2.698771 1.062975 -0.130434
v -2.655483 1.074602 -0.117500
v -2.611495 1.084611 -0.104539
v -2.566871 1.092974 -0.091600
v -2.521320 1.085735 -0.079960
v -2.476458 1.074406 -0.068788
v -2.432517 1.061532 -0.057879
v -2.389256 1.050202 -0.046922
v -2.344866 1.050762 -0.034779
v -2.300136 1.049878 -0.022746
v -2.255850 1.044223 -0.011206
v -2.213034 1.031826 -0.000441
v -2.170656 1.018155 0.010158
v -2.128735 1.003129 0.020585
v -2.087295 0.986651 0.030836
v -2.048521 0.964417 0.040300
v -2.007790 0.945820 0.050312
v -1.969886 0.921839 0.059571
v -1.937950 0.889437 0.067481
v -1.908206 0.855391 0.075050
v -3.097579 0.806736 -0.186548
v -3.082148 0.852178 -0.176691
v -3.063173 0.897533 -0.165757
v -3.029390 0.924708 -0.154577
v -2.990566 0.943979 -0.143125
v -2.949343 0.958039 -0.131458
v -2.910059 0.975243 -0.119186
v -2.872363 0.996764 -0.106204
v -2.833434 1.016832 -0.092910
v -2.793346 1.035451 -0.079374
v -2.752169 1.052620 -0.065668
v -2.709964 1.068325 -0.051861
v -2.666790 1.082545 -0.038023
v -2.622697 1.095246 -0.024227
v -2.576656 1.091649 -0.012091
v -2.530892 1.082447 -0.000713
v -2.485922 1.071632 0.010253
v -2.441178 1.071782 0.022307
v -2.395984 1.073927 0.034531
v -2.350398 1.074636 0.046554
v -2.304446 1.073822 0.058388
v -2.258299 1.070761 0.069954
v -2.214026 1.058270 0.080238
v -2.170167 1.044424 0.090340
v -2.126740 1.029141 0.100278
v -2.086593 1.005890 0.109027
v -2.050030 0.976452 0.116783
v -2.008806 0.957051 0.126333
v -1.965292 0.940173 0.136602
v -1.936478 0.901080 0.142902
v -1.915437 0.854946 0.147730
v -3.105006 0.803450 -0.117078
v -3.089021 0.847793 -0.106411
v -3.071872 0.895088 -0.094360
v -3.044684 0.932261 -0.081851
v -3.003653 0.948632 -0.069981
v -2.963346 0.965156 -0.057512
v -2.923986 0.983150 -0.044386
v -2.884130 1.000267 -0.030862
v -2.845174 1.020753 -0.016606
v -2.805027 1.039819 -0.002128
v -2.763751 1.057457 0.012481
v -2.721400 1.073647 0.027131
v -2.678026 1.088355 0.041732
v -2.633070 1.096555 0.055582
v -2.586514 1.089592 0.067432
v -2.540892 1.088093 0.079720
v -2.495385 1.093330 0.092648
v -2.449393 1.097132 0.105198
v -2.402954 1.099458 0.117406
v -2.355201 1.107177 0.130347
v -2.309776 1.094186 0.140108
v -2.264976 1.080083 0.149586
v -2.220801 1.064832 0.158822
v -2.177260 1.048381 0.167857
v -2.134362 1.030661 0.176730
v -2.092127 1.011585 0.185482
v -2.055280 0.981514 0.192307
v -2.022929 0.945482 0.198037
v -1.993174 0.908315 0.203599
v -1.965421 0.871128 0.209263
v -1.939617 0.833909 0.215082
v -3.113976 0.801932 -0.047787
v -3.097154 0.845000 -0.036374
v -3.076009 0.886283 -0.023783
v -3.052149 0.927413 -0.010001
v -3.022367 0.962676 0.004287
v -2.983171 0.983065 0.017914
v -2.943235 1.002036 0.032037
v -2.902572 1.019657 0.046543
v -2.861193 1.035981 0.061319
v -2.819105 1.051044 0.076264
v -2.776314 1.064860 0.091274
v -2.733463 1.080403 0.106650
v -2.689296 1.092524 0.121611
v -2.643781 1.098711 0.135665
v -2.597995 1.104478 0.149471
v -2.551754 1.107958 0.162657
v -2.505223 1.109732 0.175226
v -2.458501 1.109775 0.187197
v -2.411669 1.108052 0.198618
v -2.364800 1.104519 0.209538
v -2.318706 1.094755 0.219223
v -2.273566 1.081024 0.228074
v -2.229037 1.066125 0.236639
v -2.185758 1.047979 0.244579
v -2.149077 1.012761 0.249127
v -2.114520 0.977522 0.253595
v -2.079804 0.946945 0.259088
v -2.050340 0.909454 0.263179
v -2.023297 0.871855 0.267367
v -1.996931 0.836668 0.272348
v -1.972517 0.801486 0.277655
v -3.120612 0.797913 0.020827
v -3.102803 0.839162 0.032849
v -3.079258 0.876275 0.045879
v -3.055131 0.915559 0.060483
v -3.031005 0.958821 0.076787
v -2.997672 0.989831 0.092591
v -2.957468 1.008935 0.107622
v -2.916334 1.026210 0.122985
v -2.874350 1.041728 0.138537
v -2.831585 1.055547 0.154151
v -2.789013 1.071119 0.170228
v -2.746232 1.088447 0.186688
v -2.701514 1.100000 0.202230
v -2.654136 1.096104 0.215071
v -2.608088 1.100052 0.228888
v -2.561814 1.103985 0.242308
v -2.515191 1.106179 0.254950
v -2.468346 1.106605 0.266842
v -2.421370 1.105240 0.278048
v -2.374342 1.102046 0.288630
v -2.327347 1.096974 0.298651
v -2.284128 1.072265 0.304519
v -2.244535 1.038688 0.308275
v -2.207102 1.005101 0.311781
v -2.171371 0.972710 0.315401
v -2.134944 0.946786 0.320502
v -2.099896 0.920394 0.325687
v -2.070651 0.885290 0.328994
v -2.047802 0.843363 0.330763
v -2.026062 0.804604 0.333595
v -2.002903 0.771350 0.338375
v -3.128429 0.795284 0.088852
v -3.106969 0.831546 0.100978
v -3.083932 0.868202 0.114796
v -3.059193 0.905268 0.130149
v -3.032632 0.942743 0.146875
v -3.004141 0.980610 0.164807
v -2.965909 1.002544 0.181171
v -2.925288 1.020063 0.197469
v -2.885058 1.039426 0.214529
v -2.844618 1.060198 0.232167
v -2.802851 1.079601 0.249784
v -2.759785 1.097574 0.267231
v -2.713038 1.101151 0.281974
v -2.665417 1.097993 0.295168
v -2.618523 1.097087 0.308350
v -2.572098 1.101483 0.322035
v -2.525262 1.104083 0.334775
v -2.478179 1.104864 0.346604
v -2.430954 1.103810 0.357600
v -2.385894 1.080984 0.363495
v -2.342655 1.056037 0.368438
v -2.301355 1.029321 0.372577
v -2.263071 0.997172 0.375122
v -2.225327 0.970418 0.378694
v -2.188307 0.946059 0.382768
v -2.153321 0.919726 0.386425
v -2.121226 0.890122 0.389436
v -2.091268 0.859689 0.392540
v -2.066854 0.822982 0.394287
v -2.047233 0.783207 0.395540
v -2.030353 0.744185 0.397477
v -3.133627 0.789900 0.155518
v -3.112561 0.825695 0.168251
v -3.089988 0.861908 0.182907
v -3.065771 0.898564 0.199295
v -3.039778 0.935674 0.217214
v -3.011887 0.973225 0.236459
v -2.976590 1.000014 0.254761
v -2.936872 1.019087 0.272343
v -2.898993 1.044339 0.291572
v -2.859573 1.068776 0.310995
v -2.817592 1.088865 0.329753
v -2.773319 1.103848 0.347503
v -2.725247 1.103389 0.361902
v -2.677286 1.101021 0.375503
v -2.629508 1.096752 0.388158
v -2.582676 1.100588 0.401923
v -2.535401 1.100169 0.414019
v -2.488523 1.079118 0.420668
v -2.443317 1.057585 0.426423
v -2.399710 1.035662 0.431409
v -2.357644 1.013417 0.435749
v -2.317371 0.989336 0.439171
v -2.279999 0.959607 0.440766
v -2.243490 0.933887 0.443112
v -2.208804 0.907534 0.445149
v -2.176017 0.880504 0.447035
v -2.145225 0.852749 0.448934
v -2.116539 0.824231 0.451005
v -2.090078 0.794923 0.453407
v -2.065972 0.764815 0.456294
v -2.048222 0.728847 0.458061
v -3.140178 0.786103 0.221196
v -3.119478 0.821419 0.234566
v -3.097354 0.857180 0.250121
v -3.073649 0.893423 0.267624
v -3.041037 0.918393 0.284459
v -3.004909 0.938224 0.301510
v -2.967957 0.957038 0.319312
v -2.930203 0.975060 0.337632
v -2.892447 0.994574 0.356706
v -2.855938 1.020345 0.377428
v -2.817683 1.045600 0.398193
v -2.774652 1.058374 0.416113
v -2.729700 1.065093 0.432389
v -2.684778 1.073847 0.448721
v -2.639993 1.089153 0.466087
v -2.592870 1.091183 0.479577
v -2.544893 1.071449 0.486772
v -2.498633 1.051125 0.492817
v -2.454038 1.030337 0.497848
v -2.411037 1.009187 0.502002
v -2.370416 0.981892 0.503820
v -2.332216 0.952224 0.504366
v -2.296122 0.922758 0.504447
v -2.262075 0.893587 0.504211
v -2.228651 0.868848 0.505033
v -2.197095 0.843539 0.505701
v -2.167503 0.817593 0.506420
v -2.139988 0.790947 0.507391
v -2.114672 0.763558 0.508811
v -2.091686 0.735393 0.510875
v -2.071161 0.706441 0.513776
v -3.143789 0.779265 0.284710
v -3.126709 0.817434 0.299506
v -3.095483 0.840004 0.313208
v -3.063138 0.860973 0.328568
v -3.029803 0.880583 0.345294
v -2.995568 0.899082 0.363104
v -2.960484 0.916719 0.381720
v -2.924568 0.933733 0.400867
v -2.887804 0.950331 0.420294
v -2.852057 0.972010 0.441156
v -2.814862 0.993416 0.462006
v -2.772523 1.000638 0.479150
v -2.731294 1.014313 0.497584
v -2.689386 1.029853 0.516036
v -2.646136 1.045158 0.533826
v -2.601437 1.060137 0.550793
v -2.554243 1.045259 0.558673
v -2.508422 1.025640 0.564139
v -2.464357 1.003855 0.567971
v -2.422672 0.975050 0.568838
v -2.383221 0.946345 0.568864
v -2.345922 0.917844 0.568207
v -2.310711 0.889632 0.567017
v -2.277540 0.861773 0.565441
v -2.246374 0.834301 0.563641
v -2.216585 0.808747 0.562392
v -2.188096 0.784574 0.561850
v -2.161657 0.759772 0.561636
v -2.137393 0.734271 0.561992
v -2.115438 0.708015 0.563163
v -2.095924 0.680965 0.565390
v -3.124777 0.748490 0.340146
v -3.102456 0.776219 0.353372
v -3.077590 0.801843 0.368726
v -3.050524 0.825547 0.385840
v -3.020042 0.845183 0.403742
v -2.987590 0.862377 0.422433
v -2.954255 0.878879 0.441972
v -2.920045 0.894936 0.462042
v -2.884943 0.910759 0.482356
v -2.848920 0.926449 0.502732
v -2.811921 0.942066 0.523013
v -2.773866 0.957641 0.543038
v -2.734659 0.973173 0.562643
v -2.694182 0.988628 0.581662
v -2.652300 1.003936 0.599925
v -2.608900 1.018986 0.617254
v -2.563498 1.021361 0.629770
v -2.517930 0.996768 0.632936
v -2.474675 0.968909 0.633877
v -2.433751 0.941069 0.633710
v -2.395055 0.913392 0.632605
v -2.358504 0.885994 0.630728
v -2.324032 0.858966 0.628235
v -2.291593 0.832381 0.625279
v -2.261155 0.806281 0.622033
v -2.232695 0.780611 0.618791
v -2.206200 0.755295 0.615875
v -2.181527 0.730528 0.613703
v -2.158222 0.706929 0.612876
v -2.137214 0.682605 0.613040
v -2.118640 0.657474 0.614507
v -3.102201 0.714419 0.390775
v -3.080298 0.737900 0.403814
v -3.056406 0.759668 0.419367
v -3.030767 0.779997 0.436953
v -3.003817 0.799568 0.456222
v -2.975224 0.817951 0.476602
v -2.945155 0.835417 0.497740
v -2.913725 0.852242 0.519294
v -2.881012 0.868655 0.540948
v -2.846367 0.882928 0.561960
v -2.811867 0.900547 0.583808
v -2.775414 0.916084 0.604679
v -2.737648 0.931345 0.624946
v -2.698499 0.946292 0.644434
v -2.657875 0.960851 0.662963
v -2.615705 0.974911 0.680344
v -2.571985 0.985941 0.695611
v -2.527068 0.963425 0.698483
v -2.484365 0.936947 0.698681
v -2.443753 0.912935 0.698500
v -2.405216 0.888307 0.697014
v -2.368773 0.863223 0.694393
v -2.334455 0.837825 0.690800
v -2.302303 0.812240 0.686392
v -2.272374 0.786578 0.681362
v -2.244708 0.760892 0.676064
v -2.219339 0.735214 0.670892
v -2.196306 0.709575 0.666230
v -2.174797 0.685498 0.663103
v -2.154854 0.662411 0.661806
v -2.136911 0.639267 0.662425
v -3.088895 0.690570 0.440028
v -3.068564 0.711884 0.453577
v -3.046232 0.731534 0.470021
v -3.022117 0.749876 0.488700
v -2.996383 0.767270 0.508997
v -2.969151 0.783936 0.530472
v -2.940502 0.800049 0.552726
v -2.910482 0.815772 0.575361
v -2.876124 0.824508 0.595804
v -2.844038 0.840316 0.618430
v -2.812500 0.861324 0.642513
v -2.777217 0.875935 0.663997
v -2.740573 0.890175 0.684713
v -2.702517 0.903948 0.704462
v -2.662981 0.917127 0.723037
v -2.621933 0.929548 0.740221
v -2.579357 0.938070 0.754739
v -2.535826 0.932976 0.763002
v -2.493281 0.913116 0.764471
v -2.452562 0.892690 0.764419
v -2.413881 0.870035 0.762314
v -2.377423 0.845673 0.758439
v -2.343115 0.821036 0.753450
v -2.311005 0.796264 0.747506
v -2.281152 0.771485 0.740808
v -2.253595 0.746783 0.733743
v -2.228364 0.722215 0.726741
v -2.205492 0.697832 0.720220
v -2.185017 0.673658 0.714636
v -2.166964 0.649626 0.710629
v -2.152002 0.624633 0.708391
v -3.070960 0.662059 0.483702
v -3.055777 0.684294 0.499079
v -3.037641 0.704724 0.517420
v -3.014957 0.721064 0.537387
v -2.990651 0.736709 0.559060
v -2.964804 0.751967 0.581878
v -2.936712 0.765589 0.604942
v -2.903859 0.772340 0.625906
v -2.870544 0.779176 0.646805
v -2.842635 0.800216 0.672584
v -2.812061 0.819303 0.697262
v -2.777901 0.832709 0.719253
v -2.742643 0.846683 0.740687
v -2.706128 0.861192 0.761395
v -2.668163 0.876159 0.781204
v -2.627977 0.886686 0.798050
v -2.586335 0.892928 0.811803
v -2.544117 0.899052 0.824124
v -2.502064 0.877830 0.823982
v -2.462050 0.856038 0.822134
v -2.423798 0.836065 0.819688
v -2.387367 0.815860 0.815910
v -2.352776 0.795528 0.810950
v -2.320067 0.775159 0.804947
v -2.289982 0.752727 0.797137
v -2.263562 0.726573 0.787061
v -2.239551 0.701285 0.777141
v -2.217971 0.676823 0.767757
v -2.198878 0.652953 0.759455
v -2.182065 0.630236 0.753440
v -2.169047 0.606049 0.748904
v -3.055448 0.636311 0.521645
v -3.041340 0.654199 0.538456
v -3.024840 0.671644 0.558327
v -3.006046 0.688821 0.581152
v -2.985605 0.706004 0.605678
v -2.958398 0.715852 0.628451
v -2.928952 0.723766 0.651059
v -2.897469 0.729499 0.672950
v -2.868446 0.741425 0.697044
v -2.840149 0.757765 0.722489
v -2.808548 0.769854 0.745652
v -2.775990 0.782669 0.768359
v -2.742344 0.796193 0.790451
v -2.707446 0.810377 0.811761
v -2.671093 0.825127 0.832110
v -2.633085 0.840305 0.851302
v -2.592944 0.850289 0.866776
v -2.551688 0.856615 0.879168
v -2.510064 0.851023 0.884819
v -2.470295 0.826516 0.880458
v -2.432847 0.802291 0.874673
v -2.397017 0.782181 0.869348
v -2.362946 0.762846 0.863077
v -2.330767 0.743584 0.855628
v -2.301619 0.721172 0.845566
v -2.275738 0.696677 0.833644
v -2.252242 0.673308 0.821759
v -2.230667 0.652025 0.810758
v -2.211253 0.631617 0.800748
v -2.196294 0.609410 0.791279
v -2.183406 0.589393 0.784559
v -3.042272 0.613137 0.554514
v -3.029035 0.625976 0.573205
v -3.013517 0.639266 0.594822
v -2.995570 0.653361 0.619525
v -2.975168 0.666759 0.645130
v -2.948842 0.674431 0.669038
v -2.921671 0.682652 0.693480
v -2.892057 0.688592 0.716854
v -2.865152 0.701231 0.742720
v -2.835783 0.711754 0.767073
v -2.805584 0.723145 0.791059
v -2.774450 0.735404 0.814535
v -2.742243 0.748495 0.837343
v -2.708790 0.762354 0.859317
v -2.673881 0.776874 0.880275
v -2.637295 0.791903 0.900019
v -2.598958 0.807243 0.918350
v -2.558709 0.816385 0.932154
v -2.517554 0.822760 0.943093
v -2.477518 0.801579 0.938904
v -2.439893 0.778062 0.931869
v -2.404553 0.755006 0.923450
v -2.371431 0.732571 0.913815
v -2.339997 0.712676 0.904046
v -2.311531 0.690553 0.891780
v -2.284979 0.670362 0.879424
v -2.261252 0.649772 0.866017
v -2.240915 0.628220 0.851509
v -2.222956 0.607869 0.837552
v -2.208056 0.589871 0.825604
v -2.195401 0.574360 0.815941
v -2.054235 -0.264395 -0.882735
v -2.065298 -0.276694 -0.898833
v -2.078158 -0.290073 -0.917659
v -2.093093 -0.304945 -0.939434
v -2.109058 -0.320702 -0.962575
v -2.131483 -0.330392 -0.984027
v -2.158215 -0.335263 -1.003791
v -2.184092 -0.341741 -1.023949
v -2.210306 -0.348232 -1.043592
v -2.236917 -0.354778 -1.062589
v -2.262487 -0.364588 -1.082151
v -2.288582 -0.374931 -1.101069
v -2.315346 -0.385591 -1.119140
v -2.344972 -0.388186 -1.132588
v -2.374654 -0.389663 -1.144203
v -2.403982 -0.392695 -1.155068
v -2.433671 -0.398040 -1.165539
v -2.464529 -0.402395 -1.174218
v -2.496413 -0.405504 -1.181055
v -2.528558 -0.403671 -1.184308
v -2.560951 -0.401383 -1.186164
v -2.593929 -0.400304 -1.187534
v -2.627930 -0.401184 -1.188913
v -2.658136 -0.390680 -1.183491
v -2.682631 -0.369280 -1.171349
v -2.705202 -0.348534 -1.158640
v -2.726856 -0.330424 -1.146697
v -2.747108 -0.313710 -1.135160
v -2.765668 -0.297659 -1.124069
v -2.781372 -0.283089 -1.114500
v -2.794651 -0.269681 -1.106433
v -2.046176 -0.278707 -0.849584
v -2.058289 -0.294689 -0.863474
v -2.072128 -0.311052 -0.880255
v -2.087737 -0.327973 -0.899947
v -2.106722 -0.342458 -0.920383
v -2.136328 -0.343986 -0.937460
v -2.165756 -0.345281 -0.954824
v -2.194796 -0.346480 -0.972100
v -2.221014 -0.352327 -0.990565
v -2.245992 -0.361467 -1.009642
v -2.271421 -0.371073 -1.028240
v -2.297343 -0.381108 -1.046216
v -2.323831 -0.391513 -1.063416
v -2.350990 -0.402208 -1.079685
v -2.380474 -0.404019 -1.091374
v -2.409882 -0.405385 -1.101469
v -2.439536 -0.406886 -1.110146
v -2.469864 -0.408499 -1.117508
v -2.500969 -0.410163 -1.123654
v -2.532845 -0.411800 -1.128660
v -2.565456 -0.413326 -1.132596
v -2.598739 -0.414651 -1.135524
v -2.632610 -0.415676 -1.137497
v -2.665856 -0.413308 -1.137194
v -2.692643 -0.395579 -1.129073
v -2.716914 -0.376082 -1.119489
v -2.737908 -0.354390 -1.108494
v -2.756798 -0.333342 -1.097747
v -2.773599 -0.312683 -1.087762
v -2.788437 -0.293799 -1.080042
v -2.802541 -0.277561 -1.075182
v -2.036233 -0.294576 -0.811188
v -2.049474 -0.313707 -0.823432
v -2.064310 -0.332537 -0.838721
v -2.080714 -0.351360 -0.856717
v -2.108271 -0.357196 -0.872865
v -2.138692 -0.358652 -0.888815
v -2.168737 -0.359737 -0.905227
v -2.198280 -0.360655 -0.921712
v -2.227322 -0.361629 -0.937941
v -2.253358 -0.368694 -0.955533
v -2.278890 -0.377976 -0.973241
v -2.304828 -0.387715 -0.990400
v -2.331249 -0.397868 -1.006853
v -2.358261 -0.408372 -1.022438
v -2.386003 -0.419139 -1.036986
v -2.415540 -0.420717 -1.047185
v -2.445360 -0.422017 -1.055853
v -2.475708 -0.420203 -1.062101
v -2.506398 -0.418276 -1.067072
v -2.537424 -0.416218 -1.070884
v -2.569538 -0.417901 -1.075114
v -2.602797 -0.421159 -1.079141
v -2.636457 -0.422783 -1.081860
v -2.670208 -0.422638 -1.083297
v -2.704360 -0.421976 -1.084105
v -2.727969 -0.398707 -1.075240
v -2.749431 -0.375624 -1.066286
v -2.768692 -0.352835 -1.057641
v -2.785707 -0.330305 -1.049875
v -2.800256 -0.308057 -1.043789
v -2.812455 -0.285978 -1.039738
v -2.023953 -0.312506 -0.766869
v -2.038499 -0.333975 -0.778519
v -2.054556 -0.354860 -0.793037
v -2.075529 -0.371129 -0.808801
v -2.107385 -0.373341 -0.822907
v -2.138780 -0.374790 -0.837959
v -2.169621 -0.375746 -0.853579
v -2.199861 -0.376469 -0.869387
v -2.229532 -0.377211 -0.885050
v -2.258679 -0.378155 -0.900405
v -2.285030 -0.385812 -0.916992
v -2.311166 -0.395276 -0.933439
v -2.337721 -0.405189 -0.949245
v -2.364811 -0.415503 -0.964246
v -2.392578 -0.426142 -0.978268
v -2.421714 -0.431019 -0.989419
v -2.451635 -0.429105 -0.997214
v -2.481794 -0.427166 -1.003682
v -2.512285 -0.425192 -1.008965
v -2.543116 -0.423157 -1.013190
v -2.574272 -0.421022 -1.016479
v -2.607676 -0.426394 -1.021519
v -2.641517 -0.429452 -1.025246
v -2.675063 -0.429140 -1.027362
v -2.709999 -0.430566 -1.029835
v -2.737346 -0.414424 -1.025823
v -2.759103 -0.390209 -1.018823
v -2.778668 -0.366077 -1.012177
v -2.795982 -0.342074 -1.006284
v -2.811004 -0.318128 -1.001686
v -2.824090 -0.294451 -0.999131
v -2.009719 -0.332076 -0.718841
v -2.025599 -0.355535 -0.730012
v -2.042975 -0.378399 -0.743691
v -2.071077 -0.388791 -0.757042
v -2.104251 -0.391221 -0.770427
v -2.136762 -0.392740 -0.784783
v -2.168578 -0.393660 -0.799756
v -2.199707 -0.394280 -0.814988
v -2.230198 -0.394870 -0.830163
v -2.260093 -0.395621 -0.845114
v -2.289418 -0.396669 -0.859705
v -2.316480 -0.404249 -0.875167
v -2.343367 -0.413938 -0.890410
v -2.370752 -0.424064 -0.904907
v -2.398783 -0.434567 -0.918487
v -2.428064 -0.439627 -0.929578
v -2.458078 -0.437479 -0.937562
v -2.488294 -0.435379 -0.944296
v -2.518815 -0.433311 -0.949929
v -2.549665 -0.431238 -0.954598
v -2.582344 -0.436515 -0.960532
v -2.615792 -0.440370 -0.965496
v -2.648132 -0.437353 -0.967953
v -2.680791 -0.434353 -0.969999
v -2.715437 -0.435122 -0.973038
v -2.748000 -0.429548 -0.974197
v -2.770123 -0.404252 -0.969013
v -2.790060 -0.378879 -0.964161
v -2.807770 -0.353468 -0.959988
v -2.823233 -0.327996 -0.956892
v -2.837614 -0.303703 -0.955854
v -1.993482 -0.353646 -0.667045
v -2.010806 -0.378921 -0.677818
v -2.029639 -0.403590 -0.690808
v -2.064420 -0.408405 -0.702510
v -2.099009 -0.411117 -0.715386
v -2.132788 -0.412796 -0.729209
v -2.165761 -0.413782 -0.743654
v -2.197966 -0.414395 -0.758397
v -2.229465 -0.414916 -0.773153
v -2.260300 -0.415542 -0.787754
v -2.290516 -0.416428 -0.802063
v -2.320180 -0.417704 -0.815936
v -2.348303 -0.424514 -0.830184
v -2.376193 -0.434458 -0.844244
v -2.404712 -0.444815 -0.857451
v -2.434395 -0.449936 -0.868492
v -2.464741 -0.447530 -0.876710
v -2.495242 -0.445230 -0.883755
v -2.526029 -0.443218 -0.889824
v -2.558307 -0.448888 -0.896818
v -2.591423 -0.453114 -0.902845
v -2.623670 -0.449918 -0.906513
v -2.656262 -0.446867 -0.909753
v -2.689232 -0.443847 -0.912684
v -2.722610 -0.440709 -0.915452
v -2.758545 -0.441622 -0.919629
v -2.782465 -0.418094 -0.916976
v -2.802837 -0.391578 -0.913756
v -2.820987 -0.364916 -0.911098
v -2.836900 -0.338122 -0.909313
v -2.852816 -0.313746 -0.909725
v -1.981271 -0.371379 -0.610897
v -1.996417 -0.401852 -0.621818
v -2.022279 -0.421212 -0.633331
v -2.055703 -0.430223 -0.645236
v -2.091819 -0.433293 -0.657758
v -2.127019 -0.435229 -0.671169
v -2.161324 -0.436382 -0.685181
v -2.194786 -0.437082 -0.699511
v -2.227471 -0.437613 -0.713907
v -2.259434 -0.438184 -0.728208
v -2.290739 -0.438964 -0.742273
v -2.321476 -0.440098 -0.755959
v -2.351754 -0.441707 -0.769118
v -2.381237 -0.447031 -0.782105
v -2.411116 -0.450542 -0.793889
v -2.441226 -0.452610 -0.804345
v -2.471652 -0.455242 -0.813721
v -2.502746 -0.458390 -0.822139
v -2.534658 -0.461971 -0.829751
v -2.567477 -0.465882 -0.836703
v -2.600221 -0.464866 -0.842067
v -2.632864 -0.461513 -0.846432
v -2.665879 -0.458320 -0.850445
v -2.699316 -0.455162 -0.854230
v -2.733220 -0.451882 -0.857930
v -2.767662 -0.448307 -0.861800
v -2.796087 -0.432076 -0.862807
v -2.816961 -0.404489 -0.861105
v -2.835598 -0.376701 -0.859821
v -2.852061 -0.348851 -0.859241
v -2.869698 -0.324783 -0.860987
v -1.977657 -0.380517 -0.550727
v -1.995293 -0.409897 -0.560997
v -2.014894 -0.438634 -0.572987
v -2.045123 -0.454484 -0.585239
v -2.082981 -0.457835 -0.597497
v -2.121074 -0.457760 -0.610347
v -2.157816 -0.456987 -0.623771
v -2.193332 -0.455819 -0.637525
v -2.227751 -0.454517 -0.651384
v -2.261174 -0.453286 -0.665195
v -2.293713 -0.452299 -0.678814
v -2.325495 -0.451697 -0.692100
v -2.356493 -0.452486 -0.705014
v -2.385988 -0.462079 -0.718355
v -2.416153 -0.471620 -0.730911
v -2.447351 -0.474886 -0.741678
v -2.478922 -0.473970 -0.750773
v -2.510611 -0.471142 -0.758567
v -2.542457 -0.468461 -0.765489
v -2.574840 -0.467841 -0.772003
v -2.608698 -0.472060 -0.778785
v -2.643362 -0.475437 -0.785072
v -2.676955 -0.471992 -0.789851
v -2.710999 -0.468578 -0.794462
v -2.745553 -0.465032 -0.799046
v -2.780682 -0.461139 -0.803809
v -2.811074 -0.446797 -0.806628
v -2.832368 -0.417938 -0.806307
v -2.851539 -0.389103 -0.806318
v -2.869954 -0.362065 -0.807389
v -2.888233 -0.336961 -0.809906
v -1.976576 -0.387023 -0.488111
v -1.994979 -0.416814 -0.497980
v -2.015183 -0.446203 -0.509376
v -2.046037 -0.462454 -0.521211
v -2.083232 -0.467966 -0.533388
v -2.122263 -0.467497 -0.545966
v -2.159847 -0.466280 -0.559068
v -2.196110 -0.464633 -0.572489
v -2.231184 -0.462827 -0.586036
v -2.265186 -0.461086 -0.599565
v -2.298250 -0.459594 -0.612940
v -2.329859 -0.461457 -0.626286
v -2.359968 -0.470430 -0.639837
v -2.390546 -0.479852 -0.652878
v -2.421753 -0.489703 -0.665271
v -2.453949 -0.494242 -0.676271
v -2.486531 -0.490893 -0.685425
v -2.519089 -0.487733 -0.693652
v -2.551743 -0.484731 -0.701083
v -2.584573 -0.481837 -0.707848
v -2.617650 -0.478981 -0.714072
v -2.652329 -0.481075 -0.720638
v -2.688641 -0.485478 -0.727396
v -2.724239 -0.484336 -0.733235
v -2.759551 -0.480402 -0.738656
v -2.795474 -0.476103 -0.744259
v -2.829880 -0.467159 -0.749404
v -2.849687 -0.433331 -0.749667
v -2.868786 -0.402427 -0.750693
v -2.889441 -0.376551 -0.753338
v -2.908409 -0.350410 -0.756614
v -1.974412 -0.394636 -0.423660
v -1.993642 -0.424801 -0.433161
v -2.017328 -0.451095 -0.443858
v -2.049504 -0.466326 -0.455269
v -2.082033 -0.480150 -0.467563
v -2.121858 -0.479750 -0.479981
v -2.160366 -0.478211 -0.492854
v -2.197481 -0.476199 -0.506024
v -2.233338 -0.473998 -0.519328
v -2.268073 -0.471843 -0.532631
v -2.300768 -0.474024 -0.546043
v -2.331813 -0.482462 -0.559584
v -2.363178 -0.491299 -0.572803
v -2.395012 -0.500552 -0.585572
v -2.427473 -0.510207 -0.597769
v -2.460870 -0.514291 -0.608809
v -2.494542 -0.510567 -0.618342
v -2.528131 -0.507029 -0.627040
v -2.561754 -0.503646 -0.635020
v -2.595498 -0.500368 -0.642398
v -2.629445 -0.497122 -0.649290
v -2.663664 -0.493818 -0.655812
v -2.698973 -0.492769 -0.662393
v -2.736945 -0.496945 -0.669653
v -2.775196 -0.498180 -0.676679
v -2.812001 -0.493350 -0.683077
v -2.849513 -0.487884 -0.689803
v -2.870819 -0.453947 -0.691755
v -2.889118 -0.419398 -0.693556
v -2.910552 -0.392463 -0.697147
v -2.930276 -0.365264 -0.701172
v -1.971874 -0.402692 -0.357497
v -1.996670 -0.427541 -0.366610
v -2.022518 -0.451661 -0.376844
v -2.051914 -0.471391 -0.388005
v -2.085181 -0.484892 -0.399889
v -2.119960 -0.494715 -0.412355
v -2.159492 -0.492979 -0.425070
v -2.197577 -0.490721 -0.438052
v -2.234358 -0.488235 -0.451160
v -2.268698 -0.490086 -0.464397
v -2.300984 -0.498164 -0.477740
v -2.333449 -0.506537 -0.490920
v -2.366234 -0.515254 -0.503825
v -2.399483 -0.524338 -0.516346
v -2.433351 -0.533782 -0.528375
v -2.468094 -0.537279 -0.539486
v -2.503000 -0.533151 -0.549427
v -2.537763 -0.529188 -0.558632
v -2.572499 -0.525363 -0.567199
v -2.607301 -0.521625 -0.575229
v -2.642258 -0.517904 -0.582825
v -2.677447 -0.514108 -0.590088
v -2.712939 -0.510122 -0.597121
v -2.749159 -0.506798 -0.604134
v -2.789034 -0.510388 -0.612046
v -2.830246 -0.513026 -0.620208
v -2.868743 -0.506880 -0.627647
v -2.893528 -0.476282 -0.631703
v -2.912630 -0.440262 -0.634794
v -2.933307 -0.409916 -0.638904
v -2.953868 -0.381624 -0.643673
v -1.978059 -0.401386 -0.290052
v -2.003191 -0.425881 -0.298983
v -2.029407 -0.449591 -0.308865
v -2.056718 -0.472573 -0.319576
v -2.087339 -0.491055 -0.331042
v -2.121640 -0.502870 -0.343129
v -2.157370 -0.510735 -0.355655
v -2.196554 -0.508351 -0.368489
v -2.233167 -0.509364 -0.381435
v -2.266988 -0.517340 -0.394428
v -2.300853 -0.525456 -0.407389
v -2.334894 -0.533794 -0.420220
v -2.369248 -0.542407 -0.432827
v -2.404058 -0.551323 -0.445116
v -2.439468 -0.560539 -0.457001
v -2.475684 -0.563323 -0.468221
v -2.511947 -0.558759 -0.478595
v -2.548011 -0.554325 -0.488337
v -2.583988 -0.549996 -0.497528
v -2.619977 -0.545724 -0.506250
v -2.656070 -0.541441 -0.514586
v -2.692352 -0.537056 -0.522624
v -2.728900 -0.532455 -0.530450
v -2.765786 -0.527503 -0.538150
v -2.803333 -0.522651 -0.545871
v -2.845335 -0.525218 -0.554524
v -2.886817 -0.522938 -0.563087
v -2.917795 -0.500434 -0.569537
v -2.937915 -0.463092 -0.573953
v -2.957700 -0.428986 -0.578670
v -2.979188 -0.399555 -0.584191
v -1.982996 -0.401309 -0.221817
v -2.008517 -0.425485 -0.230589
v -2.035147 -0.448823 -0.240155
v -2.062887 -0.471380 -0.250418
v -2.091738 -0.493201 -0.261282
v -2.123693 -0.510316 -0.272791
v -2.158993 -0.520518 -0.284882
v -2.193746 -0.531416 -0.297193
v -2.229379 -0.539622 -0.309732
v -2.264927 -0.547766 -0.322336
v -2.300515 -0.555963 -0.334923
v -2.336273 -0.564297 -0.347414
v -2.372332 -0.572823 -0.359733
v -2.408829 -0.581573 -0.371807
v -2.445902 -0.590546 -0.383568
v -2.483700 -0.592490 -0.394937
v -2.521428 -0.587463 -0.405766
v -2.558903 -0.582512 -0.416075
v -2.596235 -0.577617 -0.425922
v -2.633524 -0.572736 -0.435370
v -2.670866 -0.567803 -0.444484
v -2.708351 -0.562731 -0.453330
v -2.746060 -0.557410 -0.461977
v -2.784073 -0.551705 -0.470495
v -2.822460 -0.545455 -0.478955
v -2.859437 -0.534657 -0.487134
v -2.897247 -0.524420 -0.495450
v -2.934903 -0.512435 -0.503810
v -2.964832 -0.487782 -0.511002
v -2.983698 -0.449711 -0.516471
v -3.006211 -0.419085 -0.522757
v -1.986702 -0.402557 -0.152887
v -2.012685 -0.426470 -0.161518
v -2.039794 -0.449489 -0.170793
v -2.068022 -0.471675 -0.180638
v -2.097363 -0.493075 -0.190980
v -2.127811 -0.513728 -0.201748
v -2.161112 -0.529528 -0.213103
v -2.193324 -0.549314 -0.224469
v -2.226813 -0.568055 -0.236077
v -2.262668 -0.581375 -0.248055
v -2.300109 -0.589698 -0.260274
v -2.337707 -0.598061 -0.272432
v -2.375591 -0.606520 -0.284473
v -2.413888 -0.615106 -0.296345
v -2.452730 -0.623822 -0.308001
v -2.492201 -0.624804 -0.319562
v -2.531490 -0.619289 -0.330866
v -2.570473 -0.613775 -0.341766
v -2.609257 -0.608252 -0.352299
v -2.647946 -0.602683 -0.362505
v -2.686635 -0.597011 -0.372428
v -2.725417 -0.591154 -0.382114
v -2.764381 -0.585006 -0.391612
v -2.803610 -0.578435 -0.400971
v -2.839341 -0.562304 -0.409876
v -2.873835 -0.544191 -0.418505
v -2.908585 -0.527146 -0.427049
v -2.946433 -0.515042 -0.435901
v -2.984046 -0.501030 -0.444746
v -3.013301 -0.474704 -0.452561
v -3.034883 -0.440195 -0.459364
v -1.987068 -0.407672 -0.083053
v -2.012560 -0.433049 -0.091395
v -2.038804 -0.458417 -0.100158
v -2.066677 -0.482679 -0.109415
v -2.096098 -0.505831 -0.119114
v -2.126986 -0.527869 -0.129200
v -2.162809 -0.540181 -0.140323
v -2.198374 -0.553089 -0.151529
v -2.232603 -0.571106 -0.162466
v -2.267890 -0.588389 -0.173563
v -2.304228 -0.604926 -0.184781
v -2.341843 -0.619232 -0.196168
v -2.380848 -0.628550 -0.207826
v -2.420306 -0.638258 -0.219379
v -2.460576 -0.641779 -0.231125
v -2.500973 -0.638006 -0.243001
v -2.541101 -0.634397 -0.254594
v -2.581097 -0.630961 -0.265912
v -2.621096 -0.627683 -0.276977
v -2.661229 -0.624517 -0.287814
v -2.701625 -0.621395 -0.298451
v -2.742188 -0.617404 -0.308928
v -2.781160 -0.606967 -0.319272
v -2.818364 -0.591715 -0.329382
v -2.854481 -0.574625 -0.339218
v -2.889527 -0.556032 -0.348771
v -2.923393 -0.535905 -0.358034
v -2.958846 -0.518848 -0.367205
v -2.996676 -0.504615 -0.376427
v -3.034175 -0.488297 -0.385544
v -3.063513 -0.460995 -0.393807
v -1.976997 -0.425181 -0.010872
v -2.003085 -0.452289 -0.018915
v -2.030876 -0.478187 -0.027371
v -2.060282 -0.502876 -0.036211
v -2.091216 -0.526356 -0.045402
v -2.126132 -0.543118 -0.055527
v -2.164114 -0.552781 -0.066514
v -2.202197 -0.561083 -0.077673
v -2.238995 -0.572800 -0.088520
v -2.274792 -0.589626 -0.098939
v -2.311602 -0.605687 -0.109503
v -2.349411 -0.620967 -0.120195
v -2.388208 -0.635435 -0.130997
v -2.427984 -0.649051 -0.141897
v -2.468975 -0.650911 -0.153647
v -2.509954 -0.648458 -0.165592
v -2.550693 -0.644866 -0.177470
v -2.591164 -0.640154 -0.189258
v -2.631342 -0.634326 -0.200932
v -2.671197 -0.627376 -0.212473
v -2.710700 -0.619281 -0.223861
v -2.749812 -0.610008 -0.235076
v -2.788495 -0.599511 -0.246102
v -2.826703 -0.587733 -0.256919
v -2.864384 -0.574605 -0.267511
v -2.901476 -0.560051 -0.277860
v -2.937912 -0.543982 -0.287947
v -2.973610 -0.526305 -0.297751
v -3.010146 -0.509284 -0.307313
v -3.047888 -0.492639 -0.316684
v -3.078010 -0.465651 -0.325393
v -1.966588 -0.443885 0.062696
v -1.999076 -0.465182 0.053735
v -2.026265 -0.494031 0.046023
v -2.055398 -0.521706 0.038015
v -2.087357 -0.546252 0.029444
v -2.126228 -0.557490 0.018962
v -2.165210 -0.567167 0.008332
v -2.204271 -0.575429 -0.002434
v -2.243387 -0.582406 -0.013324
v -2.281426 -0.592951 -0.023778
v -2.318767 -0.608599 -0.033697
v -2.357066 -0.623441 -0.043791
v -2.396309 -0.637455 -0.054066
v -2.436804 -0.645014 -0.065070
v -2.477823 -0.646989 -0.076650
v -2.518810 -0.644678 -0.088629
v -2.559518 -0.640684 -0.100740
v -2.599912 -0.635602 -0.112892
v -2.639971 -0.629440 -0.125040
v -2.679670 -0.622194 -0.137142
v -2.718981 -0.613845 -0.149158
v -2.757872 -0.604362 -0.161048
v -2.796308 -0.593699 -0.172773
v -2.834834 -0.583325 -0.184225
v -2.874644 -0.575433 -0.195314
v -2.914356 -0.565908 -0.206210
v -2.953908 -0.554604 -0.216877
v -2.991520 -0.538670 -0.227318
v -3.024395 -0.515002 -0.237430
v -3.060424 -0.495438 -0.247058
v -3.088458 -0.465697 -0.256103
v -1.955871 -0.463824 0.137557
v -1.990612 -0.484864 0.128388
v -2.026080 -0.503944 0.119136
v -2.060637 -0.523921 0.110273
v -2.092204 -0.550042 0.102591
v -2.126085 -0.573495 0.094470
v -2.166109 -0.583287 0.084219
v -2.206194 -0.591610 0.073864
v -2.246315 -0.598593 0.063396
v -2.286455 -0.604349 0.052803
v -2.325751 -0.613653 0.042698
v -2.364607 -0.628112 0.033194
v -2.404794 -0.637119 0.022869
v -2.445753 -0.639869 0.011669
v -2.486754 -0.641392 0.000222
v -2.527754 -0.641710 -0.011490
v -2.568548 -0.638638 -0.023701
v -2.608938 -0.633152 -0.036232
v -2.648945 -0.626603 -0.048872
v -2.688872 -0.620607 -0.061410
v -2.729440 -0.617316 -0.073623
v -2.770016 -0.612800 -0.085824
v -2.810575 -0.606981 -0.097959
v -2.851044 -0.599660 -0.109980
v -2.887689 -0.582450 -0.122355
v -2.922985 -0.563158 -0.134414
v -2.957756 -0.543569 -0.145987
v -2.992075 -0.523545 -0.157033
v -3.026011 -0.502922 -0.167515
v -3.057135 -0.478400 -0.177469
v -3.085486 -0.450779 -0.186752
v -1.952037 -0.476233 0.211466
v -1.986798 -0.499021 0.202615
v -2.022417 -0.519918 0.193827
v -2.057859 -0.540755 0.185413
v -2.094007 -0.560423 0.177056
v -2.131429 -0.577715 0.168466
v -2.170277 -0.591707 0.159448
v -2.210161 -0.602588 0.150018
v -2.250402 -0.611853 0.140406
v -2.290928 -0.619593 0.130583
v -2.331651 -0.626026 0.120543
v -2.372365 -0.632476 0.110444
v -2.413303 -0.637758 0.100052
v -2.454428 -0.641884 0.089327
v -2.495702 -0.644852 0.078231
v -2.536964 -0.643535 0.066310
v -2.577845 -0.638707 0.053689
v -2.618451 -0.633941 0.040899
v -2.659070 -0.630251 0.028127
v -2.699158 -0.623757 0.014990
v -2.736166 -0.605281 0.000599
v -2.772197 -0.586994 -0.013542
v -2.807354 -0.568872 -0.027368
v -2.842282 -0.552252 -0.040683
v -2.876864 -0.536112 -0.053533
v -2.911181 -0.520162 -0.065876
v -2.945369 -0.504256 -0.077660
v -2.979561 -0.488218 -0.088833
v -3.011874 -0.469031 -0.099517
v -3.037862 -0.441666 -0.109859
v -3.067321 -0.419156 -0.119005
v -1.973289 -0.458048 0.277399
v -2.007587 -0.479168 0.268576
v -2.041874 -0.499696 0.260285
v -2.076288 -0.519894 0.252453
v -2.110976 -0.539984 0.245003
v -2.145492 -0.561564 0.238157
v -2.177409 -0.592513 0.233368
v -2.211262 -0.623491 0.228519
v -2.251878 -0.636067 0.220039
v -2.294087 -0.642275 0.210394
v -2.336353 -0.646931 0.200465
v -2.378583 -0.650386 0.190251
v -2.420599 -0.654633 0.180024
v -2.462975 -0.650502 0.168199
v -2.504788 -0.641967 0.155449
v -2.545792 -0.633399 0.142426
v -2.586088 -0.624906 0.129097
v -2.625794 -0.616523 0.115524
v -2.665031 -0.608243 0.101793
v -2.701814 -0.590244 0.086664
v -2.737582 -0.572664 0.071681
v -2.772505 -0.555625 0.056948
v -2.806728 -0.539105 0.042548
v -2.840393 -0.523051 0.028558
v -2.873638 -0.507384 0.015057
v -2.906601 -0.491989 0.002123
v -2.939417 -0.476720 -0.010163
v -2.972220 -0.461399 -0.021726
v -2.998829 -0.437096 -0.033266
v -3.023194 -0.411065 -0.043923
v -3.049159 -0.387872 -0.053222
v -1.994615 -0.439363 0.341449
v -2.028000 -0.459349 0.332825
v -2.061412 -0.478769 0.324926
v -2.094986 -0.497880 0.317648
v -2.128860 -0.516905 0.310886
v -2.161472 -0.540150 0.305497
v -2.192862 -0.570011 0.301785
v -2.225960 -0.600587 0.298193
v -2.260894 -0.631855 0.294598
v -2.303320 -0.636988 0.285362
v -2.347885 -0.627214 0.273107
v -2.391127 -0.616543 0.260710
v -2.432564 -0.612286 0.249463
v -2.473269 -0.610650 0.238464
v -2.513581 -0.601722 0.225792
v -2.553049 -0.592854 0.212745
v -2.591778 -0.584158 0.199278
v -2.629892 -0.575674 0.185468
v -2.667515 -0.567396 0.171418
v -2.704763 -0.559297 0.157228
v -2.740333 -0.546030 0.142188
v -2.774101 -0.529145 0.126705
v -2.807152 -0.512848 0.111546
v -2.839625 -0.497091 0.096810
v -2.871658 -0.481797 0.082593
v -2.903387 -0.466850 0.069000
v -2.934947 -0.452103 0.056138
v -2.963411 -0.432696 0.043546
v -2.987363 -0.407763 0.031322
v -3.011792 -0.384871 0.020515
v -3.039038 -0.365793 0.011404
v -2.014519 -0.422084 0.403997
v -2.046315 -0.442068 0.395945
v -2.078956 -0.460510 0.388505
v -2.111797 -0.478661 0.381854
v -2.143808 -0.499238 0.376519
v -2.175828 -0.521803 0.372132
v -2.206882 -0.550488 0.369507
v -2.239566 -0.580064 0.367084
v -2.278389 -0.592920 0.360553
v -2.321391 -0.587075 0.349669
v -2.363976 -0.576452 0.337760
v -2.405236 -0.565054 0.325654
v -2.444371 -0.565288 0.315881
v -2.483255 -0.566331 0.305894
v -2.522017 -0.564999 0.294927
v -2.560106 -0.555864 0.281832
v -2.597420 -0.546977 0.268204
v -2.634095 -0.538378 0.254129
v -2.670259 -0.530070 0.239728
v -2.706028 -0.522028 0.225120
v -2.741507 -0.514201 0.210422
v -2.776631 -0.506013 0.195660
v -2.808644 -0.489860 0.179688
v -2.838991 -0.471778 0.163725
v -2.868273 -0.453543 0.148213
v -2.896702 -0.435459 0.133364
v -2.924328 -0.417400 0.119320
v -2.951190 -0.399225 0.106225
v -2.977518 -0.381055 0.094261
v -3.002725 -0.361897 0.083451
v -3.027422 -0.342401 0.074060
v -2.041716 -0.394885 0.461015
v -2.060255 -0.430808 0.459084
v -2.089160 -0.453988 0.453892
v -2.119707 -0.475707 0.449178
v -2.151027 -0.497626 0.445248
v -2.183272 -0.519838 0.441904
v -2.216580 -0.542405 0.438945
v -2.257374 -0.543743 0.430410
v -2.297402 -0.545242 0.422096
v -2.338157 -0.540342 0.412179
v -2.377952 -0.535451 0.402221
v -2.416903 -0.530745 0.392133
v -2.455191 -0.525358 0.381576
v -2.492743 -0.522315 0.371135
v -2.529929 -0.521985 0.360734
v -2.566322 -0.511841 0.347440
v -2.601822 -0.501865 0.333475
v -2.636682 -0.492879 0.319099
v -2.671299 -0.485841 0.304639
v -2.705491 -0.478648 0.289788
v -2.739297 -0.471260 0.274685
v -2.772742 -0.463621 0.259466
v -2.805842 -0.455655 0.244265
v -2.837058 -0.443674 0.228534
v -2.865741 -0.427420 0.212427
v -2.893647 -0.411279 0.196981
v -2.920844 -0.395148 0.182380
v -2.947393 -0.378903 0.168807
v -2.969297 -0.356944 0.155522
v -2.989569 -0.334345 0.143621
v -3.008883 -0.311870 0.133434
v -2.059471 -0.379519 0.519601
v -2.076477 -0.415810 0.519027
v -2.097685 -0.450051 0.518682
v -2.125592 -0.476378 0.516538
v -2.157151 -0.498042 0.513681
v -2.191759 -0.514665 0.509879
v -2.232349 -0.515405 0.501756
v -2.272524 -0.514514 0.493552
v -2.313241 -0.507922 0.483867
v -2.352490 -0.502903 0.474656
v -2.389913 -0.504485 0.467110
v -2.427826 -0.499336 0.457422
v -2.465293 -0.489526 0.446115
v -2.501671 -0.481849 0.434864
v -2.537407 -0.480701 0.424604
v -2.572487 -0.473871 0.412106
v -2.606905 -0.466911 0.398702
v -2.640765 -0.459866 0.384503
v -2.674134 -0.452748 0.369667
v -2.707057 -0.445550 0.354355
v -2.739568 -0.438245 0.338719
v -2.771689 -0.430785 0.322909
v -2.803431 -0.423106 0.307071
v -2.834788 -0.415124 0.291344
v -2.865749 -0.406730 0.275879
v -2.893575 -0.392784 0.259862
v -2.919747 -0.377057 0.244366
v -2.942515 -0.357245 0.229202
v -2.962666 -0.335356 0.215045
v -2.981797 -0.313754 0.202610
v -2.999998 -0.292301 0.192109
v -2.085540 -0.352537 0.571040
v -2.100411 -0.388510 0.571963
v -2.118517 -0.424467 0.573993
v -2.139761 -0.460361 0.576885
v -2.169502 -0.483882 0.576177
v -2.207796 -0.489017 0.569971
v -2.247579 -0.488191 0.562461
v -2.288884 -0.478830 0.552607
v -2.329005 -0.468131 0.542498
v -2.367224 -0.460022 0.533154
v -2.403120 -0.461027 0.526316
v -2.439904 -0.450937 0.515780
v -2.475356 -0.445277 0.506047
v -2.510079 -0.444839 0.497128
v -2.544592 -0.444710 0.487451
v -2.578889 -0.444016 0.476640
v -2.612242 -0.436866 0.463046
v -2.645016 -0.429669 0.448538
v -2.677279 -0.422451 0.433291
v -2.709070 -0.415217 0.417476
v -2.740419 -0.407951 0.401259
v -2.771342 -0.400621 0.384802
v -2.801842 -0.393174 0.368260
v -2.831908 -0.385541 0.351781
v -2.861525 -0.377623 0.335531
v -2.890689 -0.369247 0.319755
v -2.917793 -0.357649 0.304134
v -2.938513 -0.337123 0.287716
v -2.957586 -0.316148 0.272758
v -2.975663 -0.295496 0.259723
v -2.992843 -0.275010 0.248867
v -2.109366 -0.327749 0.619985
v -2.123502 -0.361406 0.621769
v -2.140822 -0.394997 0.624924
v -2.161220 -0.428532 0.629137
v -2.192706 -0.443540 0.627247
v -2.228926 -0.448018 0.622355
v -2.265275 -0.451211 0.617598
v -2.304647 -0.442583 0.608973
v -2.343366 -0.431306 0.599472
v -2.380738 -0.419996 0.589810
v -2.415843 -0.416202 0.582290
v -2.450364 -0.413029 0.574437
v -2.484325 -0.411966 0.566573
v -2.518002 -0.411151 0.557956
v -2.551420 -0.410683 0.548480
v -2.584648 -0.410642 0.538026
v -2.617647 -0.409476 0.526040
v -2.649481 -0.402122 0.511188
v -2.680779 -0.394783 0.495489
v -2.711577 -0.387481 0.479126
v -2.741897 -0.380215 0.462276
v -2.771748 -0.372966 0.445110
v -2.801124 -0.365698 0.427792
v -2.830007 -0.358357 0.410477
v -2.858386 -0.350852 0.393346
v -2.885607 -0.341860 0.376385
v -2.908999 -0.327314 0.358931
v -2.931399 -0.312553 0.342734
v -2.952763 -0.297382 0.328098
v -2.971154 -0.279382 0.314787
v -2.987363 -0.259866 0.303510
v -2.130975 -0.305085 0.666218
v -2.144463 -0.336290 0.668970
v -2.161100 -0.367381 0.673393
v -2.180761 -0.398455 0.679076
v -2.213658 -0.405814 0.676110
v -2.248321 -0.408842 0.672334
v -2.283171 -0.410733 0.668635
v -2.320079 -0.404474 0.661982
v -2.356801 -0.395199 0.654049
v -2.392628 -0.385066 0.645474
v -2.426425 -0.382345 0.639061
v -2.459656 -0.381789 0.632716
v -2.492684 -0.381152 0.625506
v -2.525467 -0.380538 0.617339
v -2.557969 -0.379842 0.608050
v -2.590223 -0.379520 0.597656
v -2.622435 -0.379653 0.586085
v -2.654202 -0.377013 0.572415
v -2.684680 -0.369538 0.556220
v -2.714622 -0.362139 0.539260
v -2.744045 -0.354834 0.521722
v -2.772948 -0.347620 0.503783
v -2.801319 -0.340478 0.485614
v -2.829133 -0.333370 0.467377
v -2.856388 -0.326212 0.449263
v -2.879521 -0.312756 0.429845
v -2.901614 -0.299274 0.411377
v -2.922706 -0.285718 0.394238
v -2.942734 -0.271892 0.378774
v -2.961630 -0.257536 0.365385
v -2.979338 -0.242365 0.354490
v -2.147808 -0.288109 0.711279
v -2.162598 -0.314114 0.713878
v -2.179351 -0.341375 0.719241
v -2.199465 -0.367629 0.725619
v -2.232311 -0.370584 0.722806
v -2.265612 -0.372252 0.720248
v -2.299166 -0.372955 0.717659
v -2.334392 -0.367124 0.712361
v -2.368798 -0.361928 0.706957
v -2.403249 -0.353271 0.699635
v -2.436519 -0.347099 0.692628
v -2.468723 -0.346065 0.686776
v -2.500694 -0.345019 0.679944
v -2.532376 -0.344056 0.672045
v -2.563728 -0.343259 0.662989
v -2.594767 -0.342704 0.652670
v -2.625706 -0.342425 0.641006
v -2.656776 -0.342408 0.628094
v -2.688032 -0.342614 0.614101
v -2.718244 -0.338950 0.597819
v -2.746900 -0.331571 0.579532
v -2.774981 -0.324349 0.560753
v -2.802465 -0.317282 0.541656
v -2.829327 -0.310349 0.522408
v -2.852831 -0.298486 0.501602
v -2.874729 -0.285760 0.480982
v -2.895659 -0.273303 0.461353
v -2.915568 -0.260952 0.443088
v -2.934366 -0.248515 0.426585
v -2.951962 -0.235676 0.412377
v -2.968312 -0.222045 0.401026
v -2.159618 -0.277160 0.755885
v -2.173939 -0.300884 0.759953
v -2.190874 -0.325007 0.766474
v -2.213471 -0.343561 0.772111
v -2.245925 -0.343982 0.770270
v -2.278784 -0.343435 0.768556
v -2.311929 -0.341872 0.766547
v -2.345833 -0.336875 0.762785
v -2.378386 -0.335784 0.760147
v -2.412608 -0.324434 0.752332
v -2.445590 -0.314365 0.744271
v -2.476927 -0.312924 0.738877
v -2.508000 -0.311530 0.732381
v -2.538739 -0.310267 0.724707
v -2.569087 -0.309214 0.715776
v -2.599060 -0.308439 0.705490
v -2.628908 -0.307971 0.693769
v -2.658900 -0.307800 0.680703
v -2.689090 -0.307898 0.666459
v -2.719460 -0.308230 0.651205
v -2.749979 -0.308745 0.635103
v -2.777884 -0.302888 0.615935
v -2.804603 -0.295849 0.595830
v -2.828561 -0.285053 0.574054
v -2.850368 -0.272550 0.551597
v -2.871233 -0.260628 0.529684
v -2.891121 -0.249166 0.508721
v -2.909969 -0.238026 0.489100
v -2.927711 -0.226929 0.471359
v -2.944055 -0.215590 0.456347
v -2.958995 -0.203710 0.444382
v -2.169417 -0.267306 0.795670
v -2.183294 -0.288083 0.802472
v -2.199892 -0.309832 0.811459
v -2.223549 -0.324104 0.818161
v -2.255271 -0.323816 0.818249
v -2.288971 -0.319056 0.816333
v -2.323764 -0.310090 0.812277
v -2.357166 -0.303262 0.808844
v -2.388854 -0.301481 0.807030
v -2.420754 -0.298064 0.803468
v -2.453574 -0.284541 0.794202
v -2.484272 -0.282173 0.788952
v -2.514605 -0.280488 0.782743
v -2.544558 -0.278973 0.775245
v -2.574064 -0.277701 0.766389
v -2.603137 -0.276732 0.756094
v -2.632060 -0.276090 0.744281
v -2.661140 -0.275767 0.731033
v -2.690427 -0.275750 0.716512
v -2.719894 -0.276016 0.700883
v -2.749499 -0.276532 0.684306
v -2.779182 -0.277249 0.666935
v -2.806310 -0.272916 0.646848
v -2.828208 -0.260186 0.622959
v -2.849086 -0.248270 0.599173
v -2.869037 -0.237087 0.575834
v -2.888000 -0.226576 0.553349
v -2.905923 -0.216620 0.532100
v -2.922858 -0.206892 0.512568
v -2.938081 -0.197382 0.495987
v -2.951643 -0.187912 0.482327
v -2.177539 -0.258072 0.831089
v -2.190843 -0.275367 0.841434
v -2.206980 -0.294300 0.853629
v -2.231108 -0.305564 0.862382
v -2.265114 -0.298482 0.861246
v -2.299436 -0.290060 0.859220
v -2.333649 -0.280516 0.856158
v -2.366787 -0.271997 0.852930
v -2.397820 -0.269632 0.851892
v -2.428758 -0.267414 0.849744
v -2.460120 -0.260438 0.843941
v -2.490756 -0.253599 0.836917
v -2.520508 -0.251678 0.830938
v -2.549835 -0.249958 0.823558
v -2.578663 -0.248502 0.814725
v -2.607005 -0.247366 0.804375
v -2.635177 -0.246565 0.792433
v -2.663513 -0.246097 0.778974
v -2.692064 -0.245958 0.764151
v -2.720795 -0.246141 0.748121
v -2.749656 -0.246627 0.731042
v -2.778581 -0.247388 0.713061
v -2.805406 -0.244391 0.692573
v -2.826963 -0.233328 0.667923
v -2.847717 -0.223311 0.643322
v -2.867761 -0.214253 0.619058
v -2.886323 -0.205214 0.595115
v -2.903484 -0.196362 0.571961
v -2.919672 -0.188109 0.550199
v -2.933696 -0.180813 0.531446
v -2.945854 -0.174123 0.515476
v -2.039444 -0.233845 -0.873557
v -2.028121 -0.242220 -0.838925
v -2.015045 -0.252964 -0.799414
v -1.999774 -0.266567 -0.754293
v -1.982702 -0.282447 -0.705690
v -1.974480 -0.291869 -0.651881
v -1.964490 -0.303134 -0.595200
v -1.952571 -0.316314 -0.535898
v -1.944984 -0.326194 -0.473730
v -1.941414 -0.332919 -0.409293
v -1.936504 -0.340915 -0.343168
v -1.930903 -0.349677 -0.275488
v -1.935171 -0.350063 -0.207004
v -1.938046 -0.351664 -0.137824
v -1.929065 -0.363886 -0.066755
v -1.927424 -0.369827 0.004281
v -1.915532 -0.385463 0.077782
v -1.900475 -0.404704 0.153088
v -1.887079 -0.423189 0.229080
v -1.910931 -0.406435 0.294932
v -1.946114 -0.378206 0.355120
v -1.978902 -0.351705 0.413224
v -2.009343 -0.327001 0.469204
v -2.037515 -0.304124 0.522977
v -2.063523 -0.283092 0.574438
v -2.087446 -0.263985 0.623415
v -2.109372 -0.246863 0.669654
v -2.125679 -0.236001 0.715179
v -2.138669 -0.229322 0.759200
v -2.150174 -0.224770 0.798353
v -2.160666 -0.222026 0.833126
v -2.035264 -0.214552 -0.880019
v -2.021796 -0.221052 -0.841879
v -2.006751 -0.230041 -0.799711
v -1.989941 -0.241903 -0.753266
v -1.977741 -0.251655 -0.702595
v -1.968987 -0.259706 -0.648097
v -1.958346 -0.269736 -0.590947
v -1.945652 -0.281724 -0.531310
v -1.931519 -0.295108 -0.469212
v -1.927373 -0.301337 -0.404427
v -1.921784 -0.308835 -0.338002
v -1.914701 -0.317661 -0.270037
v -1.912674 -0.322789 -0.200979
v -1.914632 -0.324919 -0.131363
v -1.906216 -0.335294 -0.060058
v -1.909270 -0.336728 0.010532
v -1.893174 -0.353836 0.084763
v -1.876434 -0.372118 0.160414
v -1.870023 -0.382473 0.234640
v -1.894915 -0.366584 0.300376
v -1.931264 -0.340446 0.360586
v -1.967477 -0.313844 0.417920
v -2.001110 -0.288992 0.473047
v -2.025618 -0.272059 0.528671
v -2.052459 -0.252762 0.580278
v -2.077203 -0.235344 0.629470
v -2.099990 -0.219900 0.676035
v -2.117770 -0.209748 0.721615
v -2.131326 -0.204838 0.766498
v -2.143930 -0.202297 0.807741
v -2.155925 -0.201908 0.845428
v -2.030946 -0.193015 -0.888166
v -2.015825 -0.198129 -0.847037
v -1.999316 -0.205843 -0.802682
v -1.981206 -0.216268 -0.754912
v -1.973723 -0.221069 -0.701978
v -1.964506 -0.227920 -0.646534
v -1.953299 -0.236805 -0.588681
v -1.939911 -0.247659 -0.528491
v -1.924192 -0.260422 -0.465967
v -1.914751 -0.269325 -0.400898
v -1.908558 -0.276300 -0.334005
v -1.900755 -0.284575 -0.265620
v -1.891338 -0.294159 -0.195808
v -1.889128 -0.298951 -0.125346
v -1.890444 -0.301356 -0.054594
v -1.890245 -0.304861 0.016711
v -1.872514 -0.321109 0.091416
v -1.854156 -0.338391 0.167550
v -1.860851 -0.337705 0.238888
v -1.884556 -0.324325 0.305095
v -1.924985 -0.297859 0.364486
v -1.962414 -0.273166 0.421799
v -1.995906 -0.251129 0.477394
v -2.015950 -0.239739 0.535191
v -2.043575 -0.222105 0.587154
v -2.069089 -0.206281 0.636795
v -2.092684 -0.192380 0.683955
v -2.111370 -0.183372 0.730252
v -2.125250 -0.179867 0.776171
v -2.138462 -0.178745 0.819300
v -2.151426 -0.180059 0.859645
v -2.026181 -0.168866 -0.898028
v -2.010008 -0.173388 -0.854358
v -1.992437 -0.180389 -0.807923
v -1.978004 -0.186924 -0.757655
v -1.970317 -0.190657 -0.703324
v -1.960744 -0.196474 -0.646796
v -1.949060 -0.204319 -0.588084
v -1.935055 -0.214102 -0.527178
v -1.918563 -0.225744 -0.464029
v -1.903403 -0.236933 -0.398538
v -1.896680 -0.243372 -0.331045
v -1.888232 -0.251072 -0.262116
v -1.878044 -0.260030 -0.191799
v -1.872015 -0.266615 -0.120603
v -1.872263 -0.269407 -0.049248
v -1.870947 -0.273194 0.022689
v -1.853472 -0.287374 0.097726
v -1.833588 -0.303596 0.174452
v -1.853993 -0.293883 0.243132
v -1.879864 -0.280405 0.309037
v -1.921309 -0.256104 0.368573
v -1.959635 -0.233461 0.426079
v -1.990330 -0.215825 0.483172
v -2.008222 -0.207313 0.542333
v -2.036569 -0.191271 0.594816
v -2.062778 -0.176944 0.645071
v -2.087078 -0.164447 0.692994
v -2.106030 -0.156841 0.740476
v -2.120085 -0.154348 0.787814
v -2.133551 -0.154055 0.832946
v -2.146929 -0.156204 0.875817
v -2.021219 -0.143808 -0.908552
v -2.004289 -0.147826 -0.862864
v -1.985822 -0.154073 -0.814605
v -1.975057 -0.157454 -0.761860
v -1.967257 -0.160381 -0.706166
v -1.957434 -0.165333 -0.648516
v -1.945356 -0.172242 -0.588854
v -1.930809 -0.181017 -0.527118
v -1.913619 -0.191579 -0.463231
v -1.891530 -0.205087 -0.397218
v -1.880910 -0.212822 -0.328975
v -1.869181 -0.221401 -0.259200
v -1.855997 -0.230984 -0.187959
v -1.853403 -0.234985 -0.116259
v -1.851509 -0.238658 -0.044017
v -1.849731 -0.242286 0.028663
v -1.835966 -0.252717 0.103677
v -1.828659 -0.259781 0.178374
v -1.849083 -0.251030 0.247332
v -1.877188 -0.237648 0.313051
v -1.919573 -0.215455 0.372838
v -1.958726 -0.194800 0.430642
v -1.986505 -0.180951 0.489285
v -2.002808 -0.174462 0.549645
v -2.031142 -0.160374 0.603015
v -2.057957 -0.147452 0.653994
v -2.082834 -0.136232 0.702763
v -2.101396 -0.130158 0.751732
v -2.115521 -0.128487 0.800574
v -2.129080 -0.128917 0.847531
v -2.142569 -0.131631 0.892551
v -2.014655 -0.118538 -0.919755
v -1.998381 -0.121455 -0.872003
v -1.979203 -0.127035 -0.822164
v -1.972148 -0.127924 -0.767119
v -1.964328 -0.130238 -0.710133
v -1.954337 -0.134461 -0.651358
v -1.940357 -0.141264 -0.590858
v -1.921333 -0.150966 -0.528470
v -1.899793 -0.162240 -0.463798
v -1.875636 -0.175101 -0.396842
v -1.860514 -0.184033 -0.327653
v -1.848119 -0.191939 -0.256901
v -1.845482 -0.195394 -0.185328
v -1.841930 -0.199387 -0.112969
v -1.831542 -0.206751 -0.039262
v -1.829338 -0.210184 0.034238
v -1.819926 -0.217214 0.109251
v -1.825350 -0.216969 0.182117
v -1.845780 -0.209133 0.251442
v -1.876129 -0.196059 0.317075
v -1.919380 -0.175927 0.377194
v -1.959289 -0.157207 0.435373
v -1.984148 -0.146541 0.495562
v -2.000249 -0.140943 0.556643
v -2.027003 -0.129497 0.611514
v -2.054339 -0.117904 0.663282
v -2.079680 -0.107861 0.712937
v -2.097235 -0.103373 0.763626
v -2.111301 -0.102317 0.813899
v -2.124800 -0.103257 0.862515
v -2.139506 -0.105368 0.908514
v -2.008784 -0.091907 -0.930651
v -1.994267 -0.093513 -0.880903
v -1.977768 -0.097126 -0.829050
v -1.969116 -0.098386 -0.773064
v -1.959593 -0.100949 -0.715143
v -1.944445 -0.106637 -0.655857
v -1.927095 -0.113861 -0.594464
v -1.907319 -0.122583 -0.530908
v -1.884933 -0.132769 -0.465141
v -1.859834 -0.144423 -0.397151
v -1.840905 -0.153833 -0.326967
v -1.829920 -0.160198 -0.255264
v -1.836298 -0.159478 -0.183280
v -1.831627 -0.163464 -0.110203
v -1.815521 -0.172358 -0.035289
v -1.809749 -0.176915 0.039413
v -1.805283 -0.180934 0.114430
v -1.823350 -0.175114 0.185655
v -1.843777 -0.168155 0.255410
v -1.876318 -0.155607 0.321044
v -1.920362 -0.137501 0.381550
v -1.960954 -0.120670 0.440153
v -1.983003 -0.112608 0.501832
v -1.998863 -0.107812 0.563669
v -2.023877 -0.098699 0.620071
v -2.051653 -0.088372 0.672655
v -2.077369 -0.079437 0.723198
v -2.093352 -0.076527 0.775793
v -2.107272 -0.075930 0.827403
v -2.120594 -0.077201 0.877519
v -2.139362 -0.076685 0.922191
v -2.003754 -0.064275 -0.940909
v -1.985479 -0.067006 -0.890897
v -1.972367 -0.068708 -0.836909
v -1.960611 -0.070806 -0.780292
v -1.947069 -0.074362 -0.721732
v -1.931463 -0.079343 -0.661178
v -1.913547 -0.085724 -0.598575
v -1.893107 -0.093477 -0.533870
v -1.869967 -0.102576 -0.467015
v -1.844025 -0.113014 -0.397988
v -1.822093 -0.122292 -0.326794
v -1.821915 -0.123921 -0.254411
v -1.828348 -0.123287 -0.181741
v -1.822381 -0.127246 -0.107910
v -1.805544 -0.135255 -0.032281
v -1.790953 -0.142502 0.044189
v -1.793337 -0.143427 0.118988
v -1.822383 -0.134156 0.188957
v -1.842801 -0.128037 0.259185
v -1.877423 -0.116237 0.324889
v -1.922179 -0.100127 0.385815
v -1.963380 -0.085149 0.444865
v -1.982841 -0.079150 0.507925
v -1.998428 -0.075069 0.570509
v -2.021505 -0.068013 0.628447
v -2.049641 -0.058902 0.681825
v -2.074713 -0.051486 0.733658
v -2.089566 -0.049635 0.787847
v -2.103299 -0.049396 0.840685
v -2.116759 -0.050668 0.891916
v -2.139695 -0.047936 0.934972
v -1.996785 -0.036784 -0.951121
v -1.978249 -0.039114 -0.900041
v -1.967409 -0.039687 -0.844395
v -1.958685 -0.040386 -0.786160
v -1.936764 -0.046054 -0.727984
v -1.918009 -0.051243 -0.666676
v -1.899613 -0.056805 -0.602936
v -1.878603 -0.063606 -0.537140
v -1.854809 -0.071620 -0.469240
v -1.828126 -0.080832 -0.399201
v -1.806594 -0.088694 -0.327026
v -1.815036 -0.087417 -0.253983
v -1.821547 -0.086869 -0.180639
v -1.814095 -0.090758 -0.106040
v -1.796607 -0.097852 -0.029690
v -1.777041 -0.105662 0.048049
v -1.786646 -0.104129 0.122518
v -1.822208 -0.094018 0.191990
v -1.842612 -0.088712 0.262710
v -1.879143 -0.077871 0.328542
v -1.924534 -0.063739 0.389899
v -1.966053 -0.050666 0.449457
v -1.983463 -0.046169 0.513681
v -1.998754 -0.042722 0.576963
v -2.019665 -0.037467 0.636422
v -2.048081 -0.029526 0.690532
v -2.070995 -0.024074 0.744231
v -2.085709 -0.022654 0.799440
v -2.099245 -0.022693 0.853386
v -2.117517 -0.021613 0.902673
v -2.140420 -0.019279 0.946565
v -1.989091 -0.008725 -0.960799
v -1.970348 -0.010678 -0.908762
v -1.962913 -0.010085 -0.851331
v -1.957763 -0.009601 -0.791540
v -1.935969 -0.014356 -0.732590
v -1.910808 -0.020472 -0.671343
v -1.885256 -0.027076 -0.607390
v -1.863765 -0.032937 -0.540572
v -1.839413 -0.039863 -0.471680
v -1.812093 -0.047831 -0.400667
v -1.800579 -0.051845 -0.327601
v -1.809213 -0.050729 -0.253894
v -1.815820 -0.050265 -0.179906
v -1.806681 -0.054018 -0.104543
v -1.788623 -0.060169 -0.027488
v -1.768368 -0.066943 0.050966
v -1.780151 -0.065059 0.125775
v -1.822617 -0.054620 0.194721
v -1.843004 -0.050102 0.265933
v -1.881221 -0.040421 0.331939
v -1.927167 -0.028261 0.393721
v -1.962078 -0.019127 0.455699
v -1.984712 -0.013675 0.518975
v -1.999700 -0.010792 0.582893
v -2.018211 -0.007091 0.643849
v -2.046836 -0.000280 0.698619
v -2.067112 0.003396 0.754261
v -2.081681 0.004466 0.810387
v -2.095019 0.004239 0.865321
v -2.118626 0.007274 0.912261
v -2.141439 0.009242 0.956841
v -1.980655 0.019884 -0.969855
v -1.961751 0.018284 -0.916963
v -1.957812 0.019690 -0.857840
v -1.952850 0.020182 -0.797246
v -1.934837 0.017111 -0.736954
v -1.909373 0.011959 -0.675113
v -1.880694 0.005777 -0.610825
v -1.848678 -0.001408 -0.544026
v -1.823757 -0.007255 -0.474207
v -1.797413 -0.013626 -0.402244
v -1.795566 -0.014840 -0.328371
v -1.804395 -0.013897 -0.254058
v -1.811104 -0.013517 -0.179474
v -1.800069 -0.017040 -0.103372
v -1.781523 -0.022220 -0.025649
v -1.760673 -0.027926 0.053483
v -1.777966 -0.025149 0.128114
v -1.817681 -0.017180 0.198108
v -1.843802 -0.012125 0.268797
v -1.883430 -0.003787 0.335011
v -1.927956 0.005937 0.397674
v -1.957750 0.012254 0.461616
v -1.984300 0.017780 0.524352
v -2.001145 0.020701 0.588169
v -2.017023 0.023096 0.650602
v -2.045800 0.028801 0.705951
v -2.063002 0.030945 0.763600
v -2.077434 0.031737 0.820537
v -2.096290 0.033291 0.873193
v -2.120018 0.035889 0.920559
v -2.142703 0.037521 0.965681
v -1.971494 0.049009 -0.978191
v -1.954681 0.048185 -0.923946
v -1.952078 0.049612 -0.863808
v -1.947280 0.050056 -0.802522
v -1.933262 0.048328 -0.740957
v -1.907560 0.044137 -0.678614
v -1.878565 0.039116 -0.613816
v -1.846153 0.033290 -0.546496
v -1.810241 0.026688 -0.476592
v -1.791975 0.023020 -0.403683
v -1.791523 0.022283 -0.329236
v -1.800536 0.023043 -0.254388
v -1.807349 0.023341 -0.179275
v -1.794199 0.020167 -0.102478
v -1.775250 0.015983 -0.024147
v -1.753903 0.011375 0.055603
v -1.779950 0.015117 0.129539
v -1.811751 0.020019 0.201312
v -1.844857 0.025301 0.271243
v -1.885575 0.032141 0.337688
v -1.923122 0.038557 0.402541
v -1.953142 0.043634 0.467046
v -1.979854 0.048079 0.530353
v -2.002985 0.051743 0.592657
v -2.015996 0.053081 0.656543
v -2.042527 0.057154 0.713347
v -2.058620 0.058599 0.772091
v -2.072997 0.059182 0.829703
v -2.098029 0.062019 0.879656
v -2.121640 0.064116 0.927435
v -2.144176 0.065431 0.972960
v -1.961633 0.078648 -0.985703
v -1.948117 0.078557 -0.929867
v -1.945696 0.079680 -0.869112
v -1.941029 0.080036 -0.807236
v -1.931152 0.079300 -0.744469
v -1.905269 0.076088 -0.681713
v -1.876029 0.072250 -0.616487
v -1.843309 0.067812 -0.548727
v -1.807026 0.062795 -0.478369
v -1.786468 0.059738 -0.405030
v -1.788427 0.059486 -0.330090
v -1.797604 0.060058 -0.254797
v -1.804513 0.060275 -0.179239
v -1.789024 0.057598 -0.101813
v -1.769760 0.054434 -0.022956
v -1.751040 0.051343 0.056958
v -1.781914 0.054760 0.130642
v -1.809133 0.057807 0.203546
v -1.846049 0.062264 0.273210
v -1.884201 0.067023 0.340616
v -1.917956 0.071284 0.406864
v -1.948177 0.075113 0.471871
v -1.975040 0.078472 0.535684
v -1.998760 0.081320 0.598337
v -2.017210 0.083225 0.660733
v -2.037876 0.085323 0.720258
v -2.053937 0.086394 0.779566
v -2.075022 0.088081 0.834434
v -2.099955 0.090247 0.884688
v -2.123441 0.091849 0.932754
v -2.145822 0.092853 0.978551
v -1.951117 0.108834 -0.992277
v -1.940968 0.109142 -0.934898
v -1.938670 0.109919 -0.873621
v -1.934087 0.110165 -0.811249
v -1.926854 0.109907 -0.747598
v -1.902415 0.107859 -0.684268
v -1.872996 0.105246 -0.618699
v -1.840052 0.102236 -0.550583
v -1.803499 0.098845 -0.479854
v -1.780864 0.096616 -0.406166
v -1.786271 0.096736 -0.330830
v -1.795579 0.097116 -0.255199
v -1.801362 0.097152 -0.179236
v -1.784514 0.095251 -0.101331
v -1.765024 0.093128 -0.022052
v -1.752728 0.091628 0.057472
v -1.783749 0.093909 0.131403
v -1.811044 0.095943 0.204563
v -1.840761 0.098260 0.275895
v -1.878429 0.101374 0.343869
v -1.912401 0.104227 0.410540
v -1.942802 0.106797 0.475971
v -1.969807 0.109055 0.540207
v -1.993635 0.110974 0.603287
v -2.014551 0.112522 0.665239
v -2.032866 0.113669 0.726087
v -2.050541 0.114574 0.785143
v -2.077169 0.116412 0.837705
v -2.102003 0.117891 0.888144
v -2.125365 0.118988 0.936380
v -2.147599 0.119676 0.982328
v -1.940010 0.139637 -0.997787
v -1.933268 0.139984 -0.938909
v -1.931020 0.140384 -0.877198
v -1.926464 0.140510 -0.814413
v -1.919235 0.140375 -0.750365
v -1.898935 0.139526 -0.686132
v -1.869398 0.138193 -0.620305
v -1.836310 0.136663 -0.551921
v -1.799584 0.134946 -0.480916
v -1.775160 0.133746 -0.406972
v -1.785057 0.133996 -0.331351
v -1.794451 0.134184 -0.255506
v -1.797601 0.134085 -0.179180
v -1.780650 0.133129 -0.100985
v -1.761025 0.132062 -0.021411
v -1.754262 0.131551 0.057719
v -1.785373 0.132693 0.131804
v -1.812712 0.133711 0.205123
v -1.838443 0.134691 0.277389
v -1.872274 0.136070 0.346466
v -1.906424 0.137503 0.413464
v -1.936984 0.138795 0.479221
v -1.964127 0.139933 0.543783
v -1.988074 0.140902 0.607190
v -2.013023 0.141902 0.668043
v -2.031551 0.142499 0.729030
v -2.052810 0.143181 0.786712
v -2.079362 0.144123 0.839365
v -2.104103 0.144883 0.889881
v -2.127355 0.145447 0.938176
v -2.149462 0.145802 0.984167
v -1.928403 0.171238 -1.002101
v -1.925070 0.171238 -0.941767
v -1.922789 0.171238 -0.879696
v -1.918195 0.171238 -0.816575
v -1.910922 0.171238 -0.752209
v -1.894785 0.171238 -0.687154
v -1.865189 0.171238 -0.621155
v -1.832033 0.171238 -0.552599
v -1.795233 0.171238 -0.481422
v -1.773159 0.171238 -0.407267
v -1.784799 0.171238 -0.331548
v -1.794225 0.171238 -0.255632
v -1.794410 0.171238 -0.179070
v -1.777428 0.171238 -0.100730
v -1.757764 0.171238 -0.021010
v -1.755594 0.171238 0.057701
v -1.786730 0.171238 0.131825
v -1.814077 0.171238 0.205185
v -1.838853 0.171238 0.277674
v -1.866527 0.171238 0.348150
v -1.900014 0.171238 0.415532
v -1.930712 0.171238 0.481498
v -1.957992 0.171238 0.546271
v -1.982075 0.171238 0.609890
v -2.011844 0.171238 0.669257
v -2.033947 0.171238 0.728914
v -2.058774 0.171238 0.784975
v -2.085413 0.171238 0.837361
v -2.109372 0.171238 0.888026
v -2.131011 0.171238 0.937008
v -2.151355 0.171238 0.983955
v -1.917002 0.204081 -1.004927
v -1.916464 0.203366 -0.943366
v -1.914057 0.202945 -0.881011
v -1.909352 0.202802 -0.817630
v -1.901979 0.202922 -0.753027
v -1.889968 0.203366 -0.687236
v -1.860366 0.204694 -0.621154
v -1.827217 0.206219 -0.552527
v -1.790438 0.207932 -0.481288
v -1.773912 0.208784 -0.406992
v -1.785511 0.208461 -0.331355
v -1.794906 0.208272 -0.255520
v -1.791802 0.208637 -0.178864
v -1.774859 0.209593 -0.100539
v -1.755253 0.210660 -0.020836
v -1.756703 0.210821 0.057421
v -1.787794 0.209678 0.131453
v -1.815107 0.208659 0.204720
v -1.838759 0.207771 0.277328
v -1.867512 0.206626 0.347499
v -1.893198 0.205601 0.416675
v -1.924015 0.204317 0.482722
v -1.951434 0.203188 0.547578
v -1.978719 0.202069 0.610279
v -2.010510 0.200713 0.668957
v -2.036561 0.199687 0.727021
v -2.065219 0.198537 0.781225
v -2.091049 0.197596 0.833655
v -2.113904 0.196917 0.884574
v -2.135303 0.196440 0.933386
v -2.155609 0.196181 0.980018
v -1.909024 0.238106 -1.005325
v -1.907548 0.236754 -0.943757
v -1.904927 0.235901 -0.881205
v -1.900038 0.235592 -0.817653
v -1.892513 0.235797 -0.752903
v -1.882043 0.236491 -0.686781
v -1.855015 0.238853 -0.620395
v -1.821947 0.241849 -0.551794
v -1.785284 0.245227 -0.480600
v -1.775694 0.246308 -0.406250
v -1.787176 0.245662 -0.330837
v -1.796485 0.245283 -0.255227
v -1.789811 0.246308 -0.178608
v -1.772978 0.248208 -0.100442
v -1.753525 0.250331 -0.020906
v -1.757591 0.250428 0.056876
v -1.788572 0.248146 0.130701
v -1.815813 0.246110 0.203758
v -1.839817 0.244302 0.276077
v -1.869604 0.241918 0.345790
v -1.895619 0.239843 0.414629
v -1.918033 0.238106 0.482683
v -1.944554 0.235981 0.547784
v -1.977278 0.233225 0.608706
v -2.009073 0.230556 0.667239
v -2.039366 0.228061 0.723472
v -2.065028 0.226150 0.778717
v -2.089731 0.224456 0.831550
v -2.112658 0.223134 0.882361
v -2.134145 0.222207 0.931076
v -2.155086 0.221620 0.977265
v -1.901989 0.273156 -1.004161
v -1.898438 0.271421 -0.943025
v -1.895522 0.270146 -0.880387
v -1.890382 0.269666 -0.816769
v -1.882656 0.269942 -0.751972
v -1.872037 0.270936 -0.685823
v -1.849257 0.273829 -0.619022
v -1.816347 0.278244 -0.550543
v -1.788508 0.282111 -0.479135
v -1.778472 0.283778 -0.405162
v -1.789775 0.282816 -0.330100
v -1.798955 0.282244 -0.254839
v -1.788487 0.284257 -0.178371
v -1.771834 0.287086 -0.100489
v -1.752627 0.290252 -0.021245
v -1.758285 0.290191 0.056068
v -1.789098 0.286771 0.129592
v -1.816236 0.283720 0.202340
v -1.848102 0.279933 0.272812
v -1.877673 0.276363 0.342046
v -1.903512 0.273258 0.410405
v -1.925790 0.270659 0.477974
v -1.944732 0.268612 0.544831
v -1.978468 0.264353 0.605097
v -2.014221 0.259741 0.661830
v -2.042344 0.256388 0.718451
v -2.063618 0.254342 0.775251
v -2.088384 0.251859 0.827857
v -2.111980 0.249806 0.878133
v -2.135006 0.248132 0.925742
v -2.156895 0.247045 0.971039
v -1.894984 0.309193 -1.001811
v -1.889251 0.307290 -0.941251
v -1.885969 0.305623 -0.878657
v -1.880522 0.304993 -0.815095
v -1.872553 0.305349 -0.750365
v -1.861760 0.306647 -0.684296
v -1.843237 0.309678 -0.617176
v -1.812256 0.315178 -0.548795
v -1.792520 0.318892 -0.477333
v -1.782225 0.321152 -0.403848
v -1.793302 0.319886 -0.329249
v -1.801760 0.319221 -0.254425
v -1.787896 0.322486 -0.178223
v -1.771494 0.326228 -0.100727
v -1.752624 0.330417 -0.021880
v -1.758840 0.330238 0.054994
v -1.789434 0.325681 0.128144
v -1.822709 0.320488 0.199438
v -1.853053 0.315674 0.269640
v -1.885160 0.310412 0.337779
v -1.910817 0.306279 0.405582
v -1.932971 0.302820 0.472590
v -1.951847 0.300091 0.538873
v -1.983180 0.294898 0.599306
v -2.018626 0.288820 0.655570
v -2.045490 0.284648 0.712140
v -2.063132 0.282802 0.770066
v -2.089347 0.279188 0.821607
v -2.113795 0.276259 0.871015
v -2.136790 0.274050 0.918205
v -2.158665 0.272600 0.963091
v -1.888109 0.346104 -0.998336
v -1.880114 0.344261 -0.938513
v -1.876406 0.342255 -0.876112
v -1.870605 0.341522 -0.812741
v -1.862362 0.341998 -0.748205
v -1.851380 0.343628 -0.682330
v -1.837114 0.346435 -0.614992
v -1.816858 0.350926 -0.546202
v -1.797323 0.355538 -0.475328
v -1.786945 0.358389 -0.402427
v -1.797763 0.356838 -0.328386
v -1.801751 0.356948 -0.253977
v -1.788115 0.360992 -0.178234
v -1.772037 0.365628 -0.101207
v -1.753592 0.370820 -0.022837
v -1.759336 0.370698 0.053649
v -1.793705 0.364102 0.125779
v -1.830257 0.356798 0.195935
v -1.853908 0.352262 0.266800
v -1.884929 0.345909 0.334676
v -1.917568 0.339052 0.400268
v -1.939607 0.334729 0.466654
v -1.958437 0.331309 0.532298
v -1.987249 0.325444 0.592879
v -2.022347 0.317925 0.648615
v -2.048807 0.312820 0.704716
v -2.065099 0.310907 0.762652
v -2.091212 0.306433 0.813664
v -2.115589 0.302800 0.862543
v -2.138540 0.300048 0.909206
v -2.160397 0.298228 0.953566
v -1.881474 0.383761 -0.993792
v -1.871163 0.382223 -0.934882
v -1.866980 0.379952 -0.872839
v -1.860791 0.379188 -0.809813
v -1.852253 0.379850 -0.745606
v -1.841079 0.381873 -0.680048
v -1.835482 0.382928 -0.612174
v -1.822229 0.386494 -0.543436
v -1.802966 0.392010 -0.473248
v -1.792636 0.395451 -0.401018
v -1.803175 0.393636 -0.327617
v -1.802588 0.394953 -0.253694
v -1.789241 0.399763 -0.178476
v -1.773560 0.405276 -0.101978
v -1.755626 0.411449 -0.024146
v -1.761547 0.411255 0.051822
v -1.801304 0.401770 0.122602
v -1.834718 0.393747 0.192606
v -1.854927 0.389219 0.263547
v -1.882988 0.382389 0.331539
v -1.923825 0.371720 0.394567
v -1.945750 0.366524 0.460289
v -1.964553 0.362396 0.525243
v -1.990785 0.356114 0.585949
v -2.025488 0.347165 0.641105
v -2.052306 0.340882 0.696349
v -2.067144 0.339069 0.754247
v -2.093116 0.333721 0.804632
v -2.117390 0.329370 0.852875
v -2.140271 0.326061 0.898896
v -2.162091 0.323855 0.942612
v -1.875202 0.422024 -0.988233
v -1.862547 0.421053 -0.930425
v -1.857855 0.418613 -0.868924
v -1.851255 0.417915 -0.806407
v -1.842416 0.418858 -0.742679
v -1.838126 0.419112 -0.676684
v -1.837085 0.419000 -0.608980
v -1.828419 0.421822 -0.540632
v -1.809510 0.428254 -0.471218
v -1.799315 0.432295 -0.399738
v -1.809568 0.430243 -0.327043
v -1.804375 0.433221 -0.253665
v -1.791382 0.438786 -0.179018
v -1.776172 0.445159 -0.103090
v -1.758835 0.452287 -0.025834
v -1.769493 0.450551 0.049007
v -1.808615 0.439495 0.119178
v -1.836044 0.431948 0.189536
v -1.856237 0.426632 0.259942
v -1.881162 0.419659 0.328079
v -1.926512 0.405526 0.389391
v -1.951486 0.398340 0.453612
v -1.970269 0.393476 0.517841
v -1.993922 0.387018 0.578642
v -2.028175 0.376636 0.633172
v -2.056010 0.368809 0.687203
v -2.069333 0.367247 0.744998
v -2.095110 0.360999 0.794659
v -2.119231 0.355903 0.842159
v -2.142001 0.352012 0.887424
v -2.163749 0.349396 0.930375
v -1.869434 0.460755 -0.981705
v -1.854437 0.460631 -0.925205
v -1.849216 0.458139 -0.864448
v -1.842198 0.457626 -0.802620
v -1.840880 0.456078 -0.738309
v -1.840798 0.455010 -0.672585
v -1.839531 0.455128 -0.605778
v -1.835489 0.456838 -0.537920
v -1.817023 0.464208 -0.469364
v -1.807011 0.468879 -0.398701
v -1.816982 0.466619 -0.326767
v -1.807234 0.471726 -0.253977
v -1.794662 0.478039 -0.179929
v -1.780000 0.485253 -0.104595
v -1.769515 0.491035 -0.028567
v -1.777321 0.490063 0.045942
v -1.814819 0.477788 0.115670
v -1.837819 0.470712 0.186171
v -1.857994 0.464587 0.256043
v -1.879672 0.457819 0.324363
v -1.924382 0.441708 0.385240
v -1.956924 0.430305 0.446738
v -1.975688 0.424670 0.510218
v -1.996821 0.418248 0.571076
v -2.030556 0.406413 0.624939
v -2.059957 0.396573 0.677434
v -2.071744 0.395400 0.735046
v -2.097258 0.388217 0.783887
v -2.121164 0.382343 0.830538
v -2.143766 0.377842 0.874928
v -2.165393 0.374794 0.916985
v -1.864338 0.499813 -0.974283
v -1.847031 0.500841 -0.919326
v -1.843571 0.497455 -0.859025
v -1.844360 0.493799 -0.796610
v -1.844744 0.491616 -0.733129
v -1.844365 0.490798 -0.668521
v -1.842905 0.491250 -0.602728
v -1.840086 0.492884 -0.535691
v -1.825593 0.499799 -0.467822
v -1.815765 0.505158 -0.398031
v -1.821378 0.504421 -0.326874
v -1.811299 0.510438 -0.254719
v -1.799221 0.517490 -0.181282
v -1.788496 0.524131 -0.106802
v -1.781965 0.529105 -0.031787
v -1.785175 0.529955 0.042623
v -1.817390 0.518137 0.112525
v -1.840230 0.510127 0.182547
v -1.860381 0.503165 0.251905
v -1.878775 0.496958 0.320458
v -1.922766 0.478853 0.380909
v -1.962208 0.462547 0.439782
v -1.980944 0.456090 0.502505
v -1.999675 0.449881 0.563378
v -2.032819 0.436563 0.616545
v -2.062886 0.424866 0.667795
v -2.074644 0.423418 0.724492
v -2.099676 0.415358 0.772491
v -2.123300 0.408695 0.818181
v -2.145669 0.403574 0.861567
v -2.167111 0.400084 0.902582
v -1.863588 0.537142 -0.965117
v -1.848853 0.537371 -0.910890
v -1.849141 0.532212 -0.851185
v -1.849502 0.528774 -0.790305
v -1.849544 0.526894 -0.728193
v -1.848918 0.526452 -0.664804
v -1.847318 0.527340 -0.600096
v -1.844469 0.529452 -0.534025
v -1.835336 0.534957 -0.466775
v -1.825635 0.541101 -0.397882
v -1.826361 0.542640 -0.327510
v -1.816724 0.549317 -0.255988
v -1.805527 0.556952 -0.183165
v -1.801443 0.561345 -0.109744
v -1.795422 0.566769 -0.035435
v -1.793239 0.570390 0.039044
v -1.820826 0.559242 0.109106
v -1.843496 0.550274 0.178698
v -1.863616 0.542444 0.247586
v -1.881262 0.535849 0.315821
v -1.921959 0.517028 0.376490
v -1.961805 0.498313 0.434611
v -1.986223 0.487861 0.494869
v -2.002754 0.481989 0.555724
v -2.035239 0.467147 0.608199
v -2.064742 0.454097 0.658695
v -2.079628 0.450370 0.712962
v -2.102566 0.442381 0.760798
v -2.125814 0.434908 0.805428
v -2.147847 0.429146 0.847667
v -2.168989 0.425193 0.887459
v -1.872486 0.568944 -0.952932
v -1.857826 0.569850 -0.900820
v -1.855533 0.566245 -0.843660
v -1.855566 0.563265 -0.784514
v -1.855354 0.561876 -0.723893
v -1.854563 0.561948 -0.661785
v -1.852896 0.563374 -0.598184
v -1.850087 0.566038 -0.533075
v -1.845909 0.569850 -0.466446
v -1.836688 0.576678 -0.398416
v -1.832796 0.580976 -0.328806
v -1.823676 0.588316 -0.257887
v -1.819087 0.593428 -0.185948
v -1.815441 0.598173 -0.113195
v -1.809989 0.604017 -0.039538
v -1.801587 0.611613 0.035217
v -1.825378 0.601181 0.105423
v -1.847869 0.591227 0.174656
v -1.867950 0.582490 0.243141
v -1.885688 0.575073 0.310917
v -1.922297 0.556282 0.372074
v -1.961380 0.535636 0.429817
v -1.991759 0.520111 0.487484
v -2.008029 0.513565 0.547680
v -2.038138 0.498215 0.600130
v -2.067019 0.483754 0.649906
v -2.085149 0.477080 0.701620
v -2.106139 0.469176 0.749169
v -2.128868 0.460815 0.792658
v -2.150396 0.454337 0.833607
v -2.171055 0.449858 0.871973
v -1.882351 0.598802 -0.940645
v -1.875957 0.595857 -0.888982
v -1.870619 0.594783 -0.835103
v -1.865797 0.595319 -0.779039
v -1.862265 0.596518 -0.720621
v -1.861419 0.597258 -0.659817
v -1.859780 0.599322 -0.597293
v -1.857095 0.602604 -0.533093
v -1.853151 0.607018 -0.467249
v -1.847777 0.612593 -0.399826
v -1.840859 0.619371 -0.330896
v -1.835174 0.625652 -0.260599
v -1.833762 0.629529 -0.189366
v -1.830613 0.634600 -0.117206
v -1.825787 0.640835 -0.044125
v -1.815251 0.650809 0.030470
v -1.831336 0.644017 0.101484
v -1.853636 0.633041 0.170452
v -1.873666 0.623358 0.238622
v -1.891485 0.615066 0.306026
v -1.924144 0.596638 0.367753
v -1.962396 0.574009 0.425193
v -1.997582 0.553132 0.480609
v -2.014123 0.545488 0.540044
v -2.041868 0.529791 0.592566
v -2.070064 0.513838 0.641694
v -2.091361 0.503547 0.690828
v -2.110604 0.495594 0.737950
v -2.132630 0.486226 0.780235
v -2.153450 0.478935 0.819747
v -2.173419 0.473890 0.856451
v -1.899626 0.622360 -0.926810
v -1.893943 0.620166 -0.878437
v -1.889296 0.619774 -0.827300
v -1.885222 0.621070 -0.773384
v -1.881168 0.623766 -0.717040
v -1.876698 0.627726 -0.658313
v -1.871499 0.632930 -0.597373
v -1.865657 0.639100 -0.534334
v -1.862036 0.644150 -0.469169
v -1.857098 0.650346 -0.402331
v -1.850735 0.657751 -0.333910
v -1.850665 0.661115 -0.264201
v -1.849687 0.665238 -0.193494
v -1.847093 0.670606 -0.121828
v -1.842955 0.677197 -0.049223
v -1.831061 0.689482 0.025233
v -1.839022 0.687791 0.097294
v -1.861120 0.675754 0.166110
v -1.881084 0.665076 0.234078
v -1.898966 0.655855 0.301222
v -1.927895 0.638085 0.363612
v -1.965244 0.613411 0.420857
v -1.999643 0.590601 0.476024
v -2.021042 0.578034 0.533144
v -2.046804 0.561868 0.585735
v -2.074249 0.544317 0.634323
v -2.098448 0.529769 0.680951
v -2.116199 0.521466 0.727514
v -2.137391 0.510970 0.768676
v -2.157296 0.502881 0.806592
v -2.176207 0.497178 0.841292
v -1.915702 0.643023 -0.915099
v -1.911459 0.642306 -0.870390
v -1.907991 0.643026 -0.822026
v -1.904943 0.645302 -0.769923
v -1.901814 0.648835 -0.715273
v -1.898183 0.653508 -0.657908
v -1.893769 0.659345 -0.598085
v -1.888340 0.666348 -0.536036
v -1.881714 0.674518 -0.471930
v -1.873755 0.683938 -0.405879
v -1.866469 0.693111 -0.337985
v -1.867491 0.696186 -0.268716
v -1.867007 0.700527 -0.198408
v -1.865031 0.706159 -0.127113
v -1.861641 0.713068 -0.054862
v -1.849164 0.727490 0.019494
v -1.848796 0.732518 0.092854
v -1.870672 0.719371 0.161653
v -1.890550 0.707645 0.229554
v -1.910228 0.695929 0.296083
v -1.944304 0.671540 0.356499
v -1.975554 0.649139 0.415115
v -2.004083 0.628774 0.471910
v -2.030028 0.610456 0.526821
v -2.053573 0.594185 0.579767
v -2.079986 0.575131 0.628083
v -2.104134 0.558280 0.673793
v -2.123299 0.546625 0.718376
v -2.143512 0.534646 0.758763
v -2.162099 0.525268 0.795205
v -2.179308 0.518216 0.827819
v -1.930816 0.661129 -0.905542
v -1.928596 0.662382 -0.864998
v -1.926801 0.664631 -0.819800
v -1.925066 0.668079 -0.769387
v -1.923001 0.672501 -0.716044
v -1.920314 0.677894 -0.659723
v -1.916767 0.684341 -0.600749
v -1.912183 0.691899 -0.539429
v -1.906096 0.700889 -0.476007
v -1.894548 0.714654 -0.410697
v -1.891015 0.721941 -0.343233
v -1.885808 0.730834 -0.274247
v -1.885886 0.735356 -0.204183
v -1.884591 0.741210 -0.133111
v -1.882011 0.748395 -0.061073
v -1.869698 0.764670 0.013241
v -1.861044 0.778172 0.088159
v -1.882676 0.763861 0.157098
v -1.902438 0.751028 0.225090
v -1.929320 0.731086 0.289521
v -1.962203 0.704814 0.349825
v -1.992373 0.680657 0.408309
v -2.019925 0.658656 0.464951
v -2.040736 0.643243 0.521557
v -2.067728 0.621097 0.572415
v -2.089194 0.604565 0.622502
v -2.111733 0.586723 0.668317
v -2.132033 0.571290 0.711296
v -2.151039 0.557502 0.751052
v -2.167448 0.546763 0.786061
v -2.181811 0.538639 0.816851
v -3.026927 0.565609 0.599604
v -3.012467 0.569702 0.626213
v -2.996781 0.575980 0.654165
v -2.979510 0.584704 0.683831
v -2.959650 0.593164 0.713013
v -2.934624 0.597709 0.739926
v -2.909061 0.603395 0.766924
v -2.884167 0.611941 0.794739
v -2.856455 0.618096 0.820453
v -2.829255 0.627117 0.846719
v -2.801314 0.637258 0.872503
v -2.772505 0.648486 0.897673
v -2.742666 0.660739 0.922084
v -2.711601 0.673927 0.945579
v -2.679073 0.687923 0.967982
v -2.644818 0.702556 0.989094
v -2.607862 0.711023 1.004862
v -2.569786 0.719223 1.018657
v -2.530691 0.727709 1.030852
v -2.490634 0.735118 1.040680
v -2.452748 0.715315 1.032356
v -2.416986 0.696167 1.022509
v -2.383605 0.676236 1.010309
v -2.353588 0.652949 0.994187
v -2.325280 0.633250 0.978487
v -2.300385 0.611857 0.959979
v -2.277924 0.592107 0.940817
v -2.257421 0.574906 0.921652
v -2.238614 0.560180 0.902339
v -2.222453 0.548480 0.883372
v -2.208377 0.539485 0.864610
v -3.023320 0.539600 0.613623
v -3.007207 0.540805 0.645454
v -2.990652 0.544632 0.677545
v -2.973368 0.551231 0.710024
v -2.954473 0.558803 0.741834
v -2.929704 0.562073 0.770397
v -2.906928 0.569695 0.800478
v -2.881514 0.575871 0.828732
v -2.853394 0.579763 0.854560
v -2.827019 0.588126 0.881839
v -2.799963 0.597700 0.908578
v -2.772080 0.608440 0.934656
v -2.743192 0.620277 0.959940
v -2.713085 0.633108 0.984279
v -2.681505 0.646800 1.007503
v -2.646834 0.654705 1.025288
v -2.610968 0.662466 1.041068
v -2.574008 0.670688 1.055233
v -2.535912 0.679282 1.067756
v -2.496658 0.688147 1.078600
v -2.458280 0.678943 1.075571
v -2.422565 0.660604 1.064419
v -2.388906 0.643112 1.051788
v -2.358403 0.622613 1.035089
v -2.330882 0.601599 1.016003
v -2.305778 0.582092 0.995878
v -2.282891 0.564483 0.974951
v -2.262091 0.548956 0.953317
v -2.243026 0.535758 0.930750
v -2.225919 0.525624 0.907450
v -2.210350 0.518408 0.883464
v -3.019658 0.512015 0.626767
v -3.002308 0.511256 0.662678
v -2.985196 0.513403 0.697952
v -2.967942 0.518340 0.732859
v -2.950335 0.525593 0.767534
v -2.925940 0.528067 0.797906
v -2.906279 0.537865 0.831489
v -2.879501 0.541112 0.859608
v -2.851220 0.543594 0.885873
v -2.825376 0.551117 0.914033
v -2.799075 0.560148 0.941748
v -2.771991 0.570406 0.968761
v -2.743922 0.581812 0.994951
v -2.714638 0.594258 1.020177
v -2.682085 0.601703 1.040149
v -2.648324 0.608749 1.057925
v -2.613527 0.616403 1.074144
v -2.577544 0.624588 1.088748
v -2.540308 0.633221 1.101684
v -2.501780 0.642205 1.112886
v -2.462841 0.643468 1.116422
v -2.427028 0.625907 1.103956
v -2.393318 0.609213 1.089904
v -2.362396 0.591014 1.072507
v -2.334333 0.572344 1.052511
v -2.309156 0.553809 1.030245
v -2.286193 0.537185 1.006914
v -2.265251 0.522724 0.982589
v -2.246049 0.510731 0.957137
v -2.228379 0.501688 0.930400
v -2.211764 0.495685 0.902246
v -3.015945 0.482610 0.639212
v -2.997770 0.481038 0.677979
v -2.980237 0.482273 0.715731
v -2.962943 0.486040 0.752832
v -2.945547 0.492076 0.789542
v -2.923168 0.495549 0.822728
v -2.905686 0.506202 0.859181
v -2.877983 0.507547 0.887515
v -2.850018 0.509583 0.914732
v -2.824274 0.515924 0.943465
v -2.798620 0.524425 0.972162
v -2.772222 0.534193 1.000125
v -2.744860 0.545144 1.027246
v -2.714276 0.552273 1.049633
v -2.682247 0.558343 1.069270
v -2.649451 0.565178 1.087502
v -2.615593 0.572670 1.104207
v -2.580466 0.580751 1.119312
v -2.543968 0.589345 1.132735
v -2.506041 0.598360 1.144385
v -2.466651 0.607692 1.154157
v -2.430502 0.591897 1.141177
v -2.396628 0.575981 1.125699
v -2.365030 0.560387 1.108079
v -2.336571 0.543232 1.086715
v -2.311304 0.525571 1.062292
v -2.288265 0.509833 1.036631
v -2.267203 0.496271 1.009770
v -2.247835 0.485117 0.981706
v -2.229774 0.476640 0.952263
v -2.212320 0.471296 0.921369
v -3.012011 0.453085 0.650644
v -2.993310 0.451037 0.691530
v -2.975485 0.451524 0.731344
v -2.958163 0.454375 0.770370
v -2.940995 0.459440 0.808821
v -2.921948 0.465000 0.845595
v -2.904415 0.474181 0.883239
v -2.876841 0.475072 0.912594
v -2.849102 0.476712 0.940717
v -2.823681 0.482388 0.970297
v -2.798579 0.490363 0.999967
v -2.772772 0.499623 1.028884
v -2.744155 0.506596 1.053993
v -2.713423 0.511486 1.075349
v -2.682217 0.517269 1.095434
v -2.650264 0.523846 1.114146
v -2.617225 0.531115 1.131374
v -2.582841 0.539017 1.147032
v -2.546977 0.547484 1.161010
v -2.509544 0.556431 1.173186
v -2.470484 0.565757 1.183426
v -2.433102 0.558398 1.176138
v -2.398971 0.543266 1.159234
v -2.366933 0.529175 1.140694
v -2.337774 0.514155 1.118658
v -2.312403 0.497351 1.092128
v -2.289312 0.482444 1.064272
v -2.268194 0.469671 1.035120
v -2.248706 0.459237 1.004675
v -2.230426 0.451327 0.972844
v -2.211345 0.447605 0.940825
v -3.007767 0.423567 0.661178
v -2.988750 0.421259 0.703701
v -2.970777 0.421259 0.745125
v -2.953502 0.423452 0.785692
v -2.936582 0.427740 0.825594
v -2.920174 0.434428 0.865310
v -2.902489 0.442182 0.903908
v -2.875976 0.443594 0.934985
v -2.848396 0.444889 0.963946
v -2.823582 0.450348 0.994689
v -2.798947 0.457791 1.025310
v -2.772444 0.464755 1.053512
v -2.742583 0.468333 1.076468
v -2.712528 0.472891 1.098245
v -2.682036 0.478351 1.118779
v -2.650811 0.484617 1.137987
v -2.618479 0.491593 1.155766
v -2.584738 0.499234 1.172018
v -2.549412 0.507478 1.186607
v -2.512381 0.516247 1.199380
v -2.473559 0.525444 1.210168
v -2.434937 0.525235 1.208887
v -2.400413 0.511113 1.190765
v -2.368172 0.497628 1.170536
v -2.338089 0.485046 1.148411
v -2.312607 0.469125 1.119843
v -2.289483 0.455038 1.089936
v -2.268366 0.443004 1.058730
v -2.248860 0.433200 1.026238
v -2.230515 0.425771 0.992409
v -2.210141 0.423272 0.959535
v -3.003263 0.394368 0.670776
v -2.984073 0.391978 0.714530
v -2.966060 0.391683 0.757184
v -2.949061 0.393502 0.799064
v -2.935183 0.399076 0.841953
v -2.919811 0.405566 0.883508
v -2.899087 0.409831 0.920768
v -2.875304 0.413032 0.954822
v -2.847854 0.414052 0.984551
v -2.823974 0.419639 1.016795
v -2.799729 0.426540 1.048331
v -2.770437 0.428915 1.072963
v -2.741104 0.432153 1.096296
v -2.711630 0.436359 1.118472
v -2.681749 0.441457 1.139450
v -2.651144 0.447355 1.159160
v -2.619415 0.453967 1.177509
v -2.586221 0.461256 1.194385
v -2.551348 0.469172 1.209629
v -2.514640 0.477642 1.223054
v -2.475977 0.486574 1.234461
v -2.436106 0.492229 1.239465
v -2.401249 0.478774 1.219735
v -2.368635 0.466340 1.198274
v -2.338072 0.455054 1.175153
v -2.312055 0.440856 1.145533
v -2.288914 0.427626 1.113712
v -2.267838 0.416337 1.080657
v -2.248389 0.407144 1.046393
v -2.229802 0.400425 1.011178
v -2.208758 0.398489 0.977311
v -2.998513 0.365855 0.679370
v -2.979257 0.363485 0.724045
v -2.961297 0.363002 0.767646
v -2.947735 0.366295 0.812381
v -2.934159 0.371226 0.856468
v -2.915246 0.374441 0.896451
v -2.895840 0.378751 0.935315
v -2.874758 0.383311 0.972235
v -2.848471 0.385005 1.003665
v -2.824862 0.390089 1.036768
v -2.797703 0.393104 1.065186
v -2.768651 0.395023 1.089972
v -2.739761 0.397926 1.113641
v -2.710776 0.401760 1.136193
v -2.681408 0.406456 1.157602
v -2.651319 0.411927 1.177813
v -2.620091 0.418096 1.196738
v -2.587356 0.424937 1.214254
v -2.552857 0.432410 1.230179
v -2.516400 0.440450 1.244299
v -2.477833 0.448969 1.256377
v -2.437043 0.457867 1.266163
v -2.401660 0.446002 1.245906
v -2.368566 0.434925 1.223647
v -2.337798 0.424441 1.199052
v -2.310881 0.412500 1.169301
v -2.287737 0.400201 1.135705
v -2.266731 0.389718 1.100973
v -2.247393 0.381183 1.065147
v -2.228442 0.375314 1.028972
v -2.207291 0.373500 0.993915
v -2.993622 0.338169 0.686930
v -2.974363 0.335887 0.732308
v -2.959616 0.336742 0.778261
v -2.946290 0.339577 0.823953
v -2.927297 0.340820 0.865351
v -2.908740 0.343442 0.905934
v -2.892261 0.348607 0.947353
v -2.873072 0.353561 0.986273
v -2.849653 0.356938 1.020857
v -2.825102 0.360592 1.053476
v -2.795881 0.361285 1.079655
v -2.767132 0.362935 1.104708
v -2.738604 0.365507 1.128676
v -2.710018 0.368951 1.151577
v -2.681067 0.373203 1.173399
v -2.651395 0.378186 1.194099
v -2.620573 0.383832 1.213594
v -2.588207 0.390125 1.231750
v -2.554006 0.397034 1.248367
v -2.517735 0.404503 1.263202
v -2.479208 0.412452 1.275987
v -2.438288 0.420786 1.286429
v -2.401762 0.412779 1.269217
v -2.368422 0.402688 1.245737
v -2.337507 0.393150 1.219876
v -2.309196 0.383989 1.191236
v -2.286054 0.372720 1.156012
v -2.265131 0.363125 1.119762
v -2.245922 0.355320 1.082539
v -2.226960 0.350040 1.045250
v -2.205767 0.348373 1.009176
v -2.988752 0.311295 0.693452
v -2.971421 0.309900 0.740235
v -2.957919 0.310994 0.787418
v -2.938943 0.310879 0.830464
v -2.920210 0.311774 0.872253
v -2.904067 0.314904 0.914706
v -2.888868 0.319764 0.957365
v -2.873403 0.325936 0.999782
v -2.847388 0.327154 1.032267
v -2.823505 0.330543 1.065684
v -2.794451 0.331085 1.092067
v -2.765935 0.332494 1.117345
v -2.737687 0.334737 1.141578
v -2.709414 0.337769 1.164800
v -2.680786 0.341535 1.187013
v -2.651434 0.345968 1.208183
v -2.620922 0.351010 1.228228
v -2.588838 0.356652 1.247007
v -2.554857 0.362874 1.264303
v -2.518708 0.369629 1.279851
v -2.480172 0.376848 1.293349
v -2.439547 0.383008 1.301933
v -2.401640 0.379112 1.289572
v -2.368093 0.370116 1.264994
v -2.337077 0.361618 1.238011
v -2.308443 0.353797 1.208816
v -2.283903 0.345115 1.174631
v -2.263052 0.336496 1.137022
v -2.243963 0.329487 1.098562
v -2.225358 0.324586 1.059940
v -2.204157 0.323075 1.023002
v -2.984013 0.285306 0.698907
v -2.969531 0.284924 0.747347
v -2.950827 0.283997 0.792288
v -2.931446 0.283564 0.835232
v -2.915286 0.285087 0.878717
v -2.900327 0.288027 0.922157
v -2.885552 0.292130 0.965307
v -2.870577 0.297370 1.008265
v -2.846231 0.299114 1.042422
v -2.822412 0.301893 1.076035
v -2.793468 0.302325 1.102582
v -2.765115 0.303512 1.128054
v -2.737175 0.305509 1.152698
v -2.709074 0.308072 1.176145
v -2.680625 0.311259 1.198620
v -2.651499 0.315080 1.220231
v -2.621203 0.319438 1.240792
v -2.589313 0.324330 1.260156
v -2.555474 0.329744 1.278096
v -2.519382 0.335646 1.294326
v -2.480786 0.341974 1.308514
v -2.440695 0.345505 1.313587
v -2.401379 0.345031 1.306860
v -2.367665 0.337251 1.281321
v -2.336586 0.329899 1.253369
v -2.307977 0.323134 1.223226
v -2.281607 0.317098 1.191073
v -2.260507 0.309777 1.152703
v -2.241508 0.303642 1.113158
v -2.223656 0.299006 1.072929
v -2.202465 0.297664 1.035277
v -2.981756 0.260859 0.704191
v -2.963518 0.259521 0.751188
v -2.943076 0.258188 0.795306
v -2.926663 0.258561 0.839902
v -2.911407 0.259975 0.884034
v -2.896763 0.262363 0.927777
v -2.882365 0.265712 0.971272
v -2.867825 0.269996 1.014625
v -2.845896 0.272319 1.051130
v -2.818864 0.273060 1.081335
v -2.792980 0.274790 1.111361
v -2.764724 0.275765 1.137004
v -2.737195 0.277591 1.162341
v -2.709199 0.279705 1.186074
v -2.680642 0.282144 1.208393
v -2.651649 0.285294 1.230403
v -2.621477 0.288892 1.251432
v -2.589693 0.292940 1.271325
v -2.555917 0.297434 1.289848
v -2.519815 0.302348 1.306698
v -2.481508 0.305954 1.317014
v -2.441629 0.308867 1.322264
v -2.401057 0.310593 1.320974
v -2.367218 0.304153 1.294625
v -2.336112 0.298061 1.265867
v -2.307557 0.292452 1.234948
v -2.281305 0.287444 1.202065
v -2.257519 0.282895 1.166749
v -2.238563 0.277734 1.126261
v -2.220845 0.273794 1.085127
v -2.200713 0.272220 1.045868
v -2.977512 0.236782 0.707388
v -2.956273 0.235124 0.753058
v -2.938887 0.234667 0.798634
v -2.922841 0.234988 0.843455
v -2.907809 0.236075 0.887733
v -2.893440 0.237914 0.931653
v -2.879367 0.240491 0.975364
v -2.865196 0.243787 1.018982
v -2.845567 0.246215 1.057670
v -2.818582 0.246797 1.088027
v -2.793026 0.248228 1.118551
v -2.764804 0.248991 1.144355
v -2.737136 0.250307 1.169575
v -2.709218 0.251936 1.193536
v -2.680888 0.253917 1.216486
v -2.651940 0.256342 1.238848
v -2.621802 0.259113 1.260280
v -2.590036 0.262233 1.280625
v -2.556243 0.265704 1.299644
v -2.520067 0.268670 1.314004
v -2.482060 0.270818 1.322359
v -2.442412 0.273115 1.327989
v -2.400751 0.275878 1.331811
v -2.366833 0.270902 1.304818
v -2.335731 0.266186 1.275428
v -2.307251 0.261837 1.243908
v -2.281129 0.257949 1.210472
v -2.257043 0.254601 1.175269
v -2.235146 0.251680 1.137796
v -2.217431 0.248560 1.095948
v -2.198926 0.246814 1.054649
v -2.971542 0.213562 0.708544
v -2.952581 0.212705 0.755127
v -2.935306 0.212395 0.800717
v -2.919410 0.212623 0.845564
v -2.904565 0.213377 0.889889
v -2.890424 0.214647 0.933881
v -2.876614 0.216419 0.977697
v -2.862741 0.218678 1.021462
v -2.845231 0.220735 1.062120
v -2.818282 0.221148 1.092572
v -2.791382 0.221774 1.121447
v -2.765382 0.222882 1.150243
v -2.737495 0.223726 1.175313
v -2.709627 0.224858 1.199565
v -2.681402 0.226262 1.223029
v -2.652415 0.227914 1.245681
v -2.622224 0.229800 1.267437
v -2.590391 0.231923 1.288139
v -2.556298 0.233844 1.305133
v -2.520173 0.235198 1.316206
v -2.482481 0.236675 1.324857
v -2.443098 0.238264 1.330810
v -2.400547 0.240987 1.339240
v -2.366587 0.237595 1.311824
v -2.335518 0.234365 1.281985
v -2.307126 0.231378 1.250048
v -2.281135 0.228702 1.216233
v -2.257206 0.226393 1.180697
v -2.234968 0.224500 1.143521
v -2.214018 0.223061 1.104720
v -2.196340 0.221653 1.062174
v -2.968304 0.191901 0.709424
v -2.949411 0.191463 0.755950
v -2.932230 0.191310 0.801488
v -2.916451 0.191435 0.846292
v -2.901750 0.191831 0.890587
v -2.887778 0.192490 0.934568
v -2.874161 0.193404 0.978395
v -2.860503 0.194561 1.022199
v -2.844869 0.195791 1.064561
v -2.817951 0.196011 1.095056
v -2.791088 0.196338 1.123984
v -2.766412 0.197087 1.154699
v -2.738492 0.197531 1.180005
v -2.710534 0.198112 1.204441
v -2.682206 0.198828 1.228105
v -2.653100 0.199667 1.250974
v -2.622777 0.200624 1.272961
v -2.590328 0.201445 1.291133
v -2.555960 0.202065 1.304503
v -2.520186 0.202750 1.315740
v -2.482826 0.203502 1.324596
v -2.443746 0.204316 1.330786
v -2.401634 0.205643 1.338821
v -2.366554 0.204338 1.315583
v -2.335543 0.202690 1.285491
v -2.307245 0.201162 1.253321
v -2.281371 0.199789 1.219303
v -2.257579 0.198602 1.183593
v -2.235484 0.197626 1.146276
v -2.214679 0.196883 1.107359
v -2.194746 0.196390 1.066794
v -2.965703 0.171238 0.709105
v -2.946867 0.171238 0.755543
v -2.929751 0.171238 0.800993
v -2.914048 0.171238 0.845710
v -2.899434 0.171238 0.889921
v -2.885560 0.171238 0.933823
v -2.872054 0.171238 0.977580
v -2.858520 0.171238 1.021322
v -2.844457 0.171238 1.065063
v -2.817564 0.171238 1.095554
v -2.790730 0.171238 1.124481
v -2.763774 0.171238 1.151860
v -2.739910 0.171238 1.183366
v -2.711797 0.171238 1.207941
v -2.683298 0.171238 1.231743
v -2.654004 0.171238 1.254744
v -2.622440 0.171238 1.272749
v -2.589604 0.171238 1.288032
v -2.555587 0.171238 1.301423
v -2.520167 0.171238 1.312719
v -2.483156 0.171238 1.321671
v -2.444413 0.171238 1.327989
v -2.402907 0.171238 1.335062
v -2.366802 0.171238 1.316056
v -2.335873 0.171238 1.285908
v -2.307665 0.171238 1.253694
v -2.281887 0.171238 1.219645
v -2.258192 0.171238 1.183918
v -2.236193 0.171238 1.146593
v -2.214875 0.171238 1.108278
v -2.193601 0.171238 1.068884
v -2.963809 0.150865 0.707580
v -2.945012 0.151311 0.753915
v -2.927928 0.151474 0.799257
v -2.912253 0.151359 0.843859
v -2.897662 0.150973 0.887948
v -2.883809 0.150325 0.931716
v -2.870325 0.149423 0.975328
v -2.856817 0.148276 1.018913
v -2.842864 0.146898 1.062562
v -2.817102 0.146563 1.094107
v -2.790294 0.146240 1.122980
v -2.763366 0.145823 1.150301
v -2.737904 0.145040 1.179022
v -2.713387 0.143833 1.210040
v -2.683904 0.143272 1.232125
v -2.652983 0.142841 1.250626
v -2.621401 0.142355 1.267516
v -2.588897 0.141808 1.282694
v -2.555224 0.141195 1.296007
v -2.520159 0.140511 1.307252
v -2.483511 0.139758 1.316180
v -2.445133 0.138938 1.322507
v -2.404395 0.137857 1.328044
v -2.367371 0.138364 1.313233
v -2.336545 0.140007 1.283229
v -2.308420 0.141529 1.251157
v -2.282707 0.142895 1.217246
v -2.258634 0.144018 1.182208
v -2.235446 0.144845 1.146319
v -2.213344 0.145450 1.108676
v -2.191938 0.145816 1.069220
v -2.962615 0.130046 0.704879
v -2.943846 0.130937 0.751084
v -2.926767 0.131284 0.796287
v -2.911076 0.131096 0.840737
v -2.896452 0.130384 0.884654
v -2.882550 0.129159 0.928229
v -2.869005 0.127433 0.971620
v -2.855429 0.125223 1.014953
v -2.841408 0.122549 1.058316
v -2.816601 0.121716 1.090693
v -2.789809 0.121102 1.119460
v -2.762899 0.120299 1.146664
v -2.735687 0.119333 1.172299
v -2.712513 0.116541 1.205225
v -2.682337 0.115799 1.225243
v -2.651692 0.114962 1.243535
v -2.620405 0.114010 1.260227
v -2.588212 0.112936 1.275221
v -2.554934 0.111577 1.289175
v -2.520146 0.110070 1.301119
v -2.483686 0.108509 1.310299
v -2.445530 0.106907 1.316424
v -2.405708 0.105276 1.319206
v -2.368621 0.105995 1.305997
v -2.337502 0.108976 1.277521
v -2.309113 0.111814 1.246399
v -2.282461 0.114181 1.214193
v -2.257622 0.116193 1.180152
v -2.234246 0.117806 1.144338
v -2.211962 0.118983 1.106749
v -2.190384 0.119696 1.067326
v -2.962069 0.108583 0.701037
v -2.943323 0.109904 0.747059
v -2.926231 0.110443 0.792067
v -2.910493 0.110212 0.836304
v -2.895790 0.109223 0.879986
v -2.881781 0.107486 0.923294
v -2.868105 0.105016 0.966383
v -2.854378 0.101831 1.009370
v -2.840196 0.097955 1.052337
v -2.816096 0.096537 1.085256
v -2.789308 0.095664 1.113866
v -2.762401 0.094508 1.140900
v -2.735194 0.093108 1.166347
v -2.708870 0.090735 1.192855
v -2.680877 0.088567 1.216461
v -2.650477 0.087353 1.234499
v -2.619513 0.085901 1.251170
v -2.587857 0.083861 1.267594
v -2.554748 0.081734 1.281762
v -2.520073 0.079524 1.293436
v -2.483763 0.077240 1.302355
v -2.445796 0.074902 1.308243
v -2.406205 0.072531 1.310822
v -2.371716 0.075539 1.290916
v -2.339188 0.078522 1.267681
v -2.308699 0.081413 1.241256
v -2.281863 0.084861 1.209346
v -2.256821 0.087788 1.175559
v -2.233236 0.090132 1.139959
v -2.210743 0.091844 1.102549
v -2.188965 0.092880 1.063280
v -2.962114 0.086450 0.696094
v -2.943392 0.088172 0.741852
v -2.926277 0.088892 0.786584
v -2.910470 0.088625 0.830526
v -2.895653 0.087384 0.873886
v -2.881488 0.085179 0.916840
v -2.867618 0.082024 0.959533
v -2.853667 0.077936 1.002075
v -2.839239 0.072947 1.044539
v -2.815615 0.070908 1.077724
v -2.788814 0.069801 1.106127
v -2.761888 0.068322 1.132940
v -2.734664 0.066520 1.158145
v -2.706963 0.064448 1.181707
v -2.679533 0.061327 1.205771
v -2.649373 0.059730 1.223624
v -2.619062 0.057192 1.241771
v -2.587467 0.054549 1.257853
v -2.554443 0.051797 1.271670
v -2.519890 0.048943 1.282997
v -2.483754 0.046031 1.291510
v -2.446769 0.044640 1.292796
v -2.408967 0.043214 1.290873
v -2.373551 0.045105 1.276732
v -2.341395 0.048915 1.254092
v -2.310127 0.051835 1.230258
v -2.281453 0.055121 1.201838
v -2.256208 0.058901 1.168465
v -2.232406 0.061927 1.133232
v -2.209695 0.064136 1.096146
v -2.187703 0.065475 1.057166
v -2.962690 0.063658 0.690090
v -2.944000 0.065739 0.735482
v -2.926857 0.066612 0.779833
v -2.910966 0.066295 0.823374
v -2.896006 0.064804 0.866307
v -2.881645 0.062150 0.908800
v -2.867528 0.058345 0.950990
v -2.853287 0.053412 0.992979
v -2.838537 0.047387 1.034829
v -2.815176 0.044735 1.068023
v -2.788341 0.043409 1.096166
v -2.761370 0.041630 1.122706
v -2.734100 0.039458 1.147619
v -2.706362 0.036958 1.170864
v -2.678298 0.033843 1.193126
v -2.648763 0.031261 1.212067
v -2.618479 0.028198 1.229822
v -2.586928 0.025013 1.245497
v -2.553767 0.022967 1.256199
v -2.519588 0.021391 1.263169
v -2.484559 0.019746 1.267386
v -2.448690 0.018034 1.268685
v -2.412018 0.016260 1.266901
v -2.374914 0.014832 1.261021
v -2.343053 0.019401 1.239042
v -2.312047 0.022895 1.215826
v -2.281441 0.025255 1.191327
v -2.255750 0.029641 1.158926
v -2.231740 0.033305 1.124224
v -2.208814 0.035981 1.087623
v -2.186611 0.037604 1.049083
v -2.963739 0.040251 0.683070
v -2.945094 0.042638 0.727973
v -2.927927 0.043616 0.771815
v -2.911939 0.043213 0.814828
v -2.896816 0.041450 0.857205
v -2.882222 0.038341 0.899112
v -2.867811 0.033903 0.940676
v -2.853221 0.028164 0.981993
v -2.838081 0.021166 1.023114
v -2.814795 0.017939 1.056079
v -2.787898 0.016400 1.083903
v -2.760850 0.014341 1.110117
v -2.733500 0.011829 1.134690
v -2.705691 0.008941 1.157572
v -2.677157 0.005897 1.178454
v -2.647296 0.003609 1.195806
v -2.616343 0.002064 1.209628
v -2.584721 0.000447 1.221221
v -2.552345 -0.001259 1.230461
v -2.519167 -0.003066 1.237206
v -2.485171 -0.004975 1.241306
v -2.450364 -0.006983 1.242605
v -2.414780 -0.009084 1.240953
v -2.377734 -0.012443 1.238263
v -2.344117 -0.010293 1.222518
v -2.313319 -0.006248 1.199989
v -2.282922 -0.003506 1.176129
v -2.255410 0.000125 1.147010
v -2.231213 0.004390 1.113016
v -2.208093 0.007507 1.077070
v -2.185696 0.009394 1.039136
v -2.965201 0.016291 0.675083
v -2.946621 0.018917 0.719353
v -2.929436 0.019936 0.762541
v -2.913348 0.019392 0.804875
v -2.898041 0.017312 0.846550
v -2.883186 0.013720 0.887724
v -2.868439 0.008643 0.928522
v -2.853448 0.002118 0.969034
v -2.837857 -0.005801 1.009304
v -2.814483 -0.009546 1.041821
v -2.787494 -0.011299 1.069260
v -2.760333 -0.013625 1.095093
v -2.731486 -0.014868 1.117023
v -2.702238 -0.016069 1.136526
v -2.672502 -0.016940 1.153230
v -2.643179 -0.019023 1.169457
v -2.613068 -0.020658 1.182806
v -2.582314 -0.022400 1.194000
v -2.550828 -0.024269 1.202923
v -2.518570 -0.026274 1.209444
v -2.485527 -0.028415 1.213424
v -2.451710 -0.030687 1.214724
v -2.417156 -0.033080 1.213207
v -2.381422 -0.036490 1.210098
v -2.344557 -0.040398 1.204480
v -2.313923 -0.035802 1.182720
v -2.283706 -0.032655 1.159584
v -2.255149 -0.029536 1.132797
v -2.230802 -0.024698 1.099694
v -2.207520 -0.021159 1.064585
v -2.184962 -0.019023 1.027433
v -2.966997 -0.008187 0.666171
v -2.948512 -0.005395 0.709647
v -2.931325 -0.004405 0.752015
v -2.915139 -0.005160 0.793505
v -2.899638 -0.007615 0.834311
v -2.884496 -0.011733 0.874590
v -2.869380 -0.017472 0.914464
v -2.853944 -0.024778 0.954024
v -2.837134 -0.032977 0.992614
v -2.811694 -0.035408 1.022391
v -2.782936 -0.035432 1.046988
v -2.754249 -0.035891 1.069723
v -2.725589 -0.036729 1.090564
v -2.696906 -0.037881 1.109474
v -2.667748 -0.038541 1.125487
v -2.638237 -0.038563 1.138446
v -2.609851 -0.042528 1.154242
v -2.579875 -0.044362 1.165050
v -2.549185 -0.046361 1.173668
v -2.517750 -0.048529 1.179975
v -2.485568 -0.050865 1.183847
v -2.452657 -0.053358 1.185162
v -2.419059 -0.055997 1.183798
v -2.384520 -0.059410 1.180478
v -2.345608 -0.069012 1.182149
v -2.313852 -0.065936 1.163982
v -2.283799 -0.062338 1.141674
v -2.254927 -0.059238 1.116367
v -2.230482 -0.053849 1.084346
v -2.207092 -0.049905 1.050263
v -2.184421 -0.047534 1.014075
v -2.968977 -0.033277 0.656344
v -2.950645 -0.030379 0.698830
v -2.933504 -0.029473 0.740188
v -2.917247 -0.030487 0.780651
v -2.900168 -0.032404 0.819523
v -2.883139 -0.035837 0.857516
v -2.865971 -0.040759 0.894781
v -2.848426 -0.047104 0.931421
v -2.830263 -0.054803 0.967501
v -2.804981 -0.057226 0.996187
v -2.776603 -0.057093 1.020019
v -2.748315 -0.057420 1.042066
v -2.720088 -0.058153 1.062282
v -2.691890 -0.059229 1.080623
v -2.663378 -0.059939 1.096335
v -2.634516 -0.059838 1.108939
v -2.606679 -0.063841 1.123959
v -2.577378 -0.065738 1.134403
v -2.547377 -0.067832 1.142736
v -2.516659 -0.070126 1.148850
v -2.485235 -0.072613 1.152638
v -2.453136 -0.075278 1.153994
v -2.420413 -0.078105 1.152817
v -2.386940 -0.081514 1.149513
v -2.349268 -0.091768 1.151191
v -2.313082 -0.096792 1.143707
v -2.283195 -0.092683 1.122342
v -2.254687 -0.088902 1.097774
v -2.230220 -0.082987 1.067030
v -2.206802 -0.078663 1.034173
v -2.184105 -0.076082 0.999151
v -2.964779 -0.055137 0.642981
v -2.946452 -0.051863 0.683775
v -2.928770 -0.050424 0.723174
v -2.911513 -0.050745 0.761415
v -2.894461 -0.052770 0.798688
v -2.877406 -0.056441 0.835131
v -2.860143 -0.061683 0.870864
v -2.842463 -0.068407 0.905996
v -2.824144 -0.076526 0.940603
v -2.798919 -0.078874 0.968129
v -2.770856 -0.078593 0.991186
v -2.742890 -0.078786 1.012549
v -2.715012 -0.079404 1.032159
v -2.687207 -0.080386 1.049955
v -2.659377 -0.081490 1.065710
v -2.631032 -0.081261 1.077996
v -2.602777 -0.081658 1.088741
v -2.574790 -0.086819 1.102058
v -2.545361 -0.088977 1.110132
v -2.515244 -0.091358 1.116082
v -2.484465 -0.093948 1.119817
v -2.453071 -0.096731 1.121251
v -2.421125 -0.099684 1.120301
v -2.388562 -0.103137 1.117251
v -2.352037 -0.113883 1.118979
v -2.313909 -0.124414 1.117551
v -2.281798 -0.123810 1.101459
v -2.254276 -0.118450 1.077016
v -2.229887 -0.112007 1.047789
v -2.206564 -0.107298 1.016421
v -2.183978 -0.104507 0.982835
v -2.958869 -0.075260 0.628019
v -2.941081 -0.071914 0.666852
v -2.923781 -0.070517 0.704314
v -2.906739 -0.070975 0.740697
v -2.889746 -0.073215 0.776223
v -2.872625 -0.077173 0.811007
v -2.855215 -0.082758 0.845140
v -2.837346 -0.089856 0.878719
v -2.818813 -0.098367 0.911823
v -2.793564 -0.100600 0.938162
v -2.765735 -0.100188 0.960442
v -2.738004 -0.100251 0.981130
v -2.710380 -0.100748 1.000151
v -2.682865 -0.101623 1.017431
v -2.655452 -0.102818 1.032897
v -2.627744 -0.103173 1.045525
v -2.599837 -0.103348 1.055876
v -2.572066 -0.107895 1.067988
v -2.543086 -0.110084 1.075835
v -2.513447 -0.112513 1.081653
v -2.483192 -0.115161 1.085373
v -2.452386 -0.118006 1.086926
v -2.421107 -0.121022 1.086249
v -2.389273 -0.124629 1.083695
v -2.353764 -0.135709 1.085530
v -2.316827 -0.146552 1.084447
v -2.279477 -0.155803 1.078893
v -2.253507 -0.147778 1.054100
v -2.229313 -0.140742 1.026691
v -2.206240 -0.135576 0.997154
v -2.183952 -0.132521 0.965357
v -2.953780 -0.094936 0.612585
v -2.936697 -0.091660 0.649045
v -2.919873 -0.090479 0.684190
v -2.903067 -0.091258 0.718407
v -2.886104 -0.093859 0.751974
v -2.868861 -0.098199 0.784976
v -2.851235 -0.104174 0.817453
v -2.833111 -0.111658 0.849458
v -2.814302 -0.120547 0.881051
v -2.788958 -0.122662 0.906215
v -2.761271 -0.122135 0.927722
v -2.733676 -0.122077 0.947747
v -2.706201 -0.122451 0.966201
v -2.678864 -0.123212 0.982992
v -2.651672 -0.124307 0.998033
v -2.624553 -0.125687 1.011248
v -2.596920 -0.125984 1.021548
v -2.568895 -0.126680 1.030091
v -2.540498 -0.131436 1.039799
v -2.511208 -0.133874 1.045525
v -2.481350 -0.136535 1.049271
v -2.451006 -0.139389 1.050987
v -2.420268 -0.142405 1.050633
v -2.388960 -0.146338 1.048818
v -2.354304 -0.157602 1.050831
v -2.318404 -0.168582 1.050180
v -2.281457 -0.179307 1.046634
v -2.252192 -0.176782 1.029041
v -2.228334 -0.169025 1.003803
v -2.205706 -0.163269 0.976506
v -2.183962 -0.159858 0.946911
v -2.949570 -0.114211 0.596569
v -2.933438 -0.111235 0.629992
v -2.917204 -0.110378 0.662512
v -2.900585 -0.111676 0.694388
v -2.883603 -0.114838 0.725772
v -2.866170 -0.119688 0.756866
v -2.848252 -0.126125 0.787639
v -2.829798 -0.134021 0.818068
v -2.810643 -0.143288 0.848163
v -2.785142 -0.145318 0.872199
v -2.757489 -0.144699 0.892944
v -2.729921 -0.144529 0.912324
v -2.702478 -0.144782 0.930234
v -2.675195 -0.145423 0.946566
v -2.648091 -0.146408 0.961216
v -2.621101 -0.147698 0.974093
v -2.593861 -0.149275 0.985165
v -2.565952 -0.150358 0.993890
v -2.537537 -0.153311 1.001965
v -2.508460 -0.155722 1.007642
v -2.478866 -0.158351 1.011459
v -2.448848 -0.161162 1.013389
v -2.418513 -0.164116 1.013406
v -2.387505 -0.168607 1.012563
v -2.353516 -0.179919 1.014839
v -2.318469 -0.190864 1.014724
v -2.282636 -0.201452 1.012052
v -2.250113 -0.205371 1.001815
v -2.226660 -0.196756 0.979011
v -2.204678 -0.190374 0.954297
v -2.183840 -0.186438 0.927540
v -2.946811 -0.131811 0.580578
v -2.931763 -0.130052 0.609725
v -2.916059 -0.130156 0.638930
v -2.899421 -0.132389 0.668280
v -2.882319 -0.136336 0.697351
v -2.864614 -0.141832 0.726463
v -2.846322 -0.148806 0.755518
v -2.827456 -0.157151 0.784393
v -2.807872 -0.166809 0.813025
v -2.782154 -0.168837 0.836008
v -2.754415 -0.168146 0.856012
v -2.726750 -0.167876 0.874770
v -2.699213 -0.168011 0.892162
v -2.671847 -0.168528 0.908067
v -2.644685 -0.169395 0.922362
v -2.617667 -0.170582 0.934941
v -2.590420 -0.172077 0.945761
v -2.562587 -0.173888 0.954868
v -2.534135 -0.175987 0.962262
v -2.505129 -0.178334 0.967934
v -2.475655 -0.180887 0.971871
v -2.445819 -0.183603 0.974064
v -2.415705 -0.186569 0.974595
v -2.384778 -0.191778 0.974851
v -2.351245 -0.203017 0.977479
v -2.316833 -0.213774 0.978011
v -2.281895 -0.224025 0.976356
v -2.246927 -0.233487 0.972243
v -2.223852 -0.223658 0.952168
v -2.202718 -0.216104 0.930764
v -2.183245 -0.210807 0.908065
v -2.943740 -0.146810 0.563771
v -2.931468 -0.148372 0.588219
v -2.916425 -0.150089 0.613168
v -2.899703 -0.153640 0.639629
v -2.882345 -0.158573 0.666386
v -2.864275 -0.164836 0.693525
v -2.845520 -0.172422 0.720892
v -2.826150 -0.181261 0.748264
v -2.806039 -0.191336 0.775490
v -2.780039 -0.193490 0.797523
v -2.752074 -0.192749 0.816815
v -2.724174 -0.192391 0.834980
v -2.696401 -0.192413 0.851885
v -2.668807 -0.192804 0.867395
v -2.641428 -0.193545 0.881374
v -2.614210 -0.194617 0.893697
v -2.586783 -0.196013 0.904310
v -2.558794 -0.197734 0.913272
v -2.530219 -0.199741 0.920606
v -2.500985 -0.204618 0.927900
v -2.471342 -0.206939 0.931953
v -2.441385 -0.209505 0.934470
v -2.411176 -0.212447 0.935576
v -2.380623 -0.216187 0.935585
v -2.347315 -0.227253 0.938656
v -2.313282 -0.237697 0.939938
v -2.278946 -0.247446 0.939423
v -2.244710 -0.256417 0.937093
v -2.219639 -0.249720 0.923135
v -2.199764 -0.240470 0.905908
v -2.183472 -0.231375 0.887142
v -2.825984 0.595436 -1.118413
v -2.836644 0.597482 -1.087053
v -2.848397 0.600681 -1.051328
v -2.868603 0.611804 -1.014183
v -2.890850 0.624856 -0.974089
v -2.915095 0.639553 -0.930841
v -2.941394 0.655854 -0.884626
v -2.966960 0.671153 -0.834684
v -2.980186 0.674844 -0.777817
v -2.994810 0.679573 -0.719381
v -3.010950 0.685457 -0.659485
v -3.028691 0.692583 -0.598219
v -3.048083 0.701002 -0.535644
v -3.069137 0.710728 -0.471783
v -3.096607 0.725990 -0.407139
v -3.119880 0.737325 -0.340400
v -3.123537 0.731177 -0.271535
v -3.128969 0.726608 -0.202814
v -3.136206 0.723682 -0.134231
v -3.144482 0.721773 -0.065846
v -3.140883 0.709637 0.001160
v -3.152031 0.710629 0.068545
v -3.164454 0.712994 0.135483
v -3.165857 0.706095 0.199820
v -3.165386 0.697994 0.262176
v -3.160285 0.686438 0.321446
v -3.137439 0.660246 0.373604
v -3.113706 0.634189 0.421533
v -3.092060 0.611057 0.466148
v -3.073150 0.591964 0.505629
v -3.056475 0.576379 0.540611
v -2.829157 0.574572 -1.128263
v -2.841386 0.574180 -1.094258
v -2.854347 0.575317 -1.056673
v -2.873026 0.582240 -1.017709
v -2.896125 0.593492 -0.977396
v -2.921184 0.606501 -0.934104
v -2.948279 0.621184 -0.887999
v -2.973168 0.633921 -0.837775
v -2.986332 0.636892 -0.781033
v -3.000969 0.640938 -0.722795
v -3.017214 0.646154 -0.663163
v -3.035162 0.652606 -0.602224
v -3.054876 0.660326 -0.540032
v -3.078066 0.670655 -0.476850
v -3.111803 0.689146 -0.413293
v -3.133582 0.697973 -0.346664
v -3.136924 0.692171 -0.277956
v -3.142186 0.687864 -0.209390
v -3.149392 0.685125 -0.140947
v -3.153255 0.679889 -0.072862
v -3.147580 0.667402 -0.006036
v -3.159143 0.668627 0.061181
v -3.172091 0.671259 0.128032
v -3.171139 0.663463 0.192112
v -3.170664 0.656543 0.254663
v -3.170610 0.650631 0.315466
v -3.146739 0.627011 0.368584
v -3.121298 0.603206 0.417629
v -3.097873 0.582371 0.463721
v -3.076695 0.565272 0.505997
v -3.057534 0.551636 0.544673
v -2.831908 0.551379 -1.139558
v -2.845228 0.549276 -1.103174
v -2.858927 0.549039 -1.063961
v -2.875308 0.552174 -1.022831
v -2.899219 0.561870 -0.982022
v -2.925049 0.573364 -0.938448
v -2.952897 0.586551 -0.892235
v -2.977522 0.597383 -0.841686
v -2.990582 0.599700 -0.784838
v -3.005193 0.603121 -0.726588
v -3.021502 0.607717 -0.667029
v -3.039617 0.613535 -0.606234
v -3.059612 0.620590 -0.544248
v -3.090307 0.635072 -0.482372
v -3.125605 0.652571 -0.419064
v -3.146033 0.659410 -0.352364
v -3.149089 0.653962 -0.283640
v -3.154210 0.649923 -0.215057
v -3.161415 0.647373 -0.146580
v -3.159906 0.638877 -0.078558
v -3.152467 0.626453 -0.011704
v -3.164517 0.627874 0.055537
v -3.176585 0.629680 0.122346
v -3.174470 0.622051 0.186561
v -3.174122 0.616208 0.249537
v -3.175514 0.612348 0.311255
v -3.153286 0.592885 0.366039
v -3.126201 0.571117 0.416435
v -3.101246 0.552284 0.463955
v -3.078335 0.536807 0.508463
v -3.057277 0.524693 0.550169
v -2.834416 0.525486 -1.152347
v -2.848302 0.522687 -1.113771
v -2.862393 0.521771 -1.072854
v -2.877021 0.522467 -1.029569
v -2.900532 0.530107 -0.987587
v -2.927044 0.540268 -0.943590
v -2.955581 0.552084 -0.897116
v -2.980349 0.561530 -0.846238
v -2.993268 0.563268 -0.789102
v -3.007818 0.566125 -0.730673
v -3.024155 0.570153 -0.671027
v -3.042403 0.575379 -0.610224
v -3.067957 0.585154 -0.549241
v -3.101964 0.600084 -0.487772
v -3.138277 0.616227 -0.424482
v -3.157559 0.621530 -0.357560
v -3.160354 0.616446 -0.288666
v -3.165357 0.612681 -0.219914
v -3.172585 0.610322 -0.151251
v -3.164780 0.598770 -0.083077
v -3.155899 0.586744 -0.016030
v -3.168489 0.588317 0.051394
v -3.178236 0.588522 0.118204
v -3.176199 0.581869 0.182860
v -3.177457 0.577854 0.246646
v -3.179076 0.574881 0.309204
v -3.157415 0.558251 0.365453
v -3.128840 0.538339 0.417247
v -3.102500 0.521107 0.466341
v -3.078231 0.506733 0.512863
v -3.055850 0.495403 0.557013
v -2.836483 0.498481 -1.165373
v -2.850639 0.495278 -1.125006
v -2.864965 0.493781 -1.082569
v -2.879782 0.493801 -1.038056
v -2.900429 0.498319 -0.993752
v -2.927509 0.507320 -0.949269
v -2.956657 0.517884 -0.902435
v -2.981947 0.526333 -0.851253
v -2.994694 0.527572 -0.793696
v -3.009151 0.529933 -0.734959
v -3.025488 0.533446 -0.675102
v -3.045542 0.539082 -0.614521
v -3.077933 0.551574 -0.554608
v -3.112784 0.565256 -0.492982
v -3.150053 0.580057 -0.429569
v -3.168439 0.584210 -0.362306
v -3.170996 0.579498 -0.293110
v -3.175902 0.576013 -0.224057
v -3.183172 0.573846 -0.155077
v -3.168199 0.559570 -0.086562
v -3.158195 0.548198 -0.019192
v -3.171360 0.549873 0.048536
v -3.178549 0.548656 0.115496
v -3.176662 0.542891 0.180706
v -3.183795 0.542748 0.246013
v -3.181202 0.537990 0.308815
v -3.159504 0.523423 0.366346
v -3.129653 0.505230 0.419438
v -3.102120 0.489467 0.470036
v -3.076772 0.476236 0.518264
v -3.053451 0.465654 0.564296
v -2.838162 0.470415 -1.178233
v -2.852429 0.467000 -1.136354
v -2.866840 0.465149 -1.092583
v -2.881718 0.464721 -1.046932
v -2.899204 0.466635 -1.000249
v -2.926755 0.474614 -0.955250
v -2.956440 0.484026 -0.907993
v -2.982587 0.491747 -0.856558
v -2.995134 0.492574 -0.798488
v -3.009474 0.494506 -0.739353
v -3.025784 0.497558 -0.679193
v -3.054243 0.506718 -0.620113
v -3.087327 0.518075 -0.559895
v -3.122968 0.530524 -0.497998
v -3.161135 0.543994 -0.434344
v -3.178914 0.547315 -0.366650
v -3.181254 0.542985 -0.297037
v -3.186079 0.539786 -0.227573
v -3.186278 0.534357 -0.158072
v -3.170462 0.521249 -0.089149
v -3.159641 0.510721 -0.021365
v -3.173400 0.512446 0.046757
v -3.177855 0.510025 0.113975
v -3.178776 0.506345 0.180108
v -3.184425 0.505599 0.245942
v -3.182131 0.501695 0.309705
v -3.159891 0.488660 0.368339
v -3.128968 0.472088 0.422600
v -3.100476 0.457683 0.474487
v -3.074289 0.445522 0.524121
v -3.050251 0.435694 0.571653
v -2.839528 0.441497 -1.190631
v -2.853759 0.438060 -1.147479
v -2.868129 0.436051 -1.102549
v -2.882967 0.435350 -1.055864
v -2.898573 0.435867 -1.007451
v -2.925082 0.442219 -0.961302
v -2.955235 0.450560 -0.913597
v -2.982508 0.457720 -0.861978
v -2.994835 0.458222 -0.803348
v -3.009036 0.459795 -0.743761
v -3.031486 0.465170 -0.684697
v -3.062589 0.474357 -0.625681
v -3.096317 0.484592 -0.565071
v -3.132694 0.495815 -0.502811
v -3.171700 0.507961 -0.438818
v -3.189180 0.510705 -0.370629
v -3.191325 0.506766 -0.300509
v -3.196083 0.503859 -0.230546
v -3.188184 0.495574 -0.160354
v -3.171839 0.483759 -0.090972
v -3.160485 0.474206 -0.022714
v -3.174842 0.475924 0.045857
v -3.176454 0.472548 0.113405
v -3.183463 0.471977 0.180808
v -3.184020 0.469176 0.246809
v -3.182085 0.466002 0.311508
v -3.158913 0.454173 0.371079
v -3.127092 0.439167 0.426378
v -3.097828 0.426067 0.479359
v -3.070995 0.414938 0.530137
v -3.046436 0.405863 0.578847
v -2.840565 0.412046 -1.202237
v -2.854672 0.408714 -1.158022
v -2.868927 0.406661 -1.112100
v -2.883672 0.405787 -1.064504
v -2.899773 0.406253 -1.015511
v -2.922780 0.410179 -0.967191
v -2.953329 0.417514 -0.919054
v -2.981923 0.424194 -0.867337
v -2.994015 0.424459 -0.808143
v -3.010136 0.426551 -0.748637
v -3.039119 0.433747 -0.690666
v -3.070734 0.441929 -0.631166
v -3.105053 0.451051 -0.570099
v -3.142110 0.461054 -0.507406
v -3.181648 0.471786 -0.442966
v -3.195960 0.472963 -0.373936
v -3.194793 0.468271 -0.303100
v -3.196451 0.464537 -0.232594
v -3.189384 0.457568 -0.162030
v -3.172572 0.447038 -0.092159
v -3.160937 0.438538 -0.023398
v -3.175880 0.440195 0.045647
v -3.176203 0.436732 0.113680
v -3.186455 0.437472 0.182028
v -3.182805 0.433459 0.248299
v -3.181261 0.430901 0.313867
v -3.156907 0.420129 0.374213
v -3.124333 0.406681 0.430413
v -3.094435 0.394893 0.484309
v -3.067089 0.384824 0.536010
v -3.042134 0.376553 0.585638
v -2.844540 0.383601 -1.214944
v -2.858780 0.380512 -1.169798
v -2.873495 0.378676 -1.123159
v -2.889063 0.378010 -1.075028
v -2.905824 0.378453 -1.025409
v -2.924088 0.379956 -0.974304
v -2.950980 0.384905 -0.924193
v -2.978419 0.390226 -0.871628
v -2.992856 0.391238 -0.812748
v -3.017357 0.395862 -0.755038
v -3.046731 0.402178 -0.696523
v -3.075821 0.408389 -0.635886
v -3.107112 0.415257 -0.573761
v -3.141322 0.422945 -0.510226
v -3.178446 0.431390 -0.445181
v -3.193044 0.432481 -0.375936
v -3.191684 0.428360 -0.304801
v -3.193300 0.425089 -0.234004
v -3.190091 0.420263 -0.163202
v -3.172873 0.411015 -0.092832
v -3.161749 0.403794 -0.023550
v -3.176333 0.405041 0.045935
v -3.179286 0.402869 0.114717
v -3.184346 0.401794 0.183194
v -3.180972 0.398426 0.250135
v -3.179831 0.396381 0.316461
v -3.154193 0.386637 0.377427
v -3.120993 0.374755 0.434382
v -3.090573 0.364307 0.489032
v -3.062810 0.355345 0.541475
v -3.037545 0.347936 0.591822
v -2.850767 0.355299 -1.228173
v -2.865012 0.352433 -1.182009
v -2.879749 0.350669 -1.134420
v -2.895361 0.349940 -1.085405
v -2.912198 0.350194 -1.034961
v -2.930572 0.351390 -0.983089
v -2.950769 0.353494 -0.929786
v -2.973347 0.356565 -0.875147
v -2.993682 0.359163 -0.817712
v -3.016622 0.362658 -0.759128
v -3.042332 0.367014 -0.699354
v -3.070939 0.372182 -0.638334
v -3.102530 0.378109 -0.576000
v -3.137154 0.384738 -0.512269
v -3.174812 0.392016 -0.447040
v -3.190040 0.393098 -0.377586
v -3.188514 0.389553 -0.306121
v -3.190102 0.386741 -0.235003
v -3.190491 0.383576 -0.163961
v -3.172922 0.375612 -0.093099
v -3.163746 0.369969 -0.023288
v -3.174116 0.369812 0.046487
v -3.182011 0.369283 0.116059
v -3.181774 0.366869 0.184631
v -3.178685 0.364071 0.252148
v -3.177941 0.362448 0.319118
v -3.150995 0.353761 0.380562
v -3.117288 0.343449 0.438133
v -3.086454 0.334354 0.493387
v -3.058366 0.326523 0.546413
v -3.032868 0.320012 0.597315
v -2.857380 0.326248 -1.240582
v -2.871631 0.323688 -1.193501
v -2.886383 0.322078 -1.145056
v -2.902028 0.321361 -1.095239
v -2.918921 0.321495 -1.044045
v -2.935000 0.321828 -0.990516
v -2.950519 0.322373 -0.934909
v -2.978712 0.326309 -0.881677
v -2.990092 0.326317 -0.821025
v -3.011434 0.328886 -0.761726
v -3.037212 0.332559 -0.701718
v -3.065980 0.336911 -0.640475
v -3.097830 0.341893 -0.577926
v -3.132815 0.347458 -0.513987
v -3.170944 0.353559 -0.448556
v -3.187140 0.354658 -0.378920
v -3.185473 0.351693 -0.307115
v -3.187043 0.349341 -0.235670
v -3.190739 0.347420 -0.164395
v -3.172874 0.340746 -0.093063
v -3.165521 0.336445 -0.022765
v -3.173761 0.335780 0.047380
v -3.184345 0.335908 0.117564
v -3.178891 0.332674 0.186201
v -3.176080 0.330388 0.254201
v -3.175939 0.329167 0.321733
v -3.147494 0.321557 0.383498
v -3.113389 0.312829 0.441556
v -3.082234 0.305107 0.497275
v -3.053902 0.298433 0.550742
v -3.028236 0.292859 0.602049
v -2.863683 0.296345 -1.251596
v -2.878609 0.294338 -1.204139
v -2.893383 0.292949 -1.154929
v -2.905561 0.291527 -1.102683
v -2.917174 0.290481 -1.048624
v -2.930464 0.290198 -0.993687
v -2.945762 0.290641 -0.937806
v -2.977056 0.294450 -0.885381
v -2.988719 0.294557 -0.824508
v -3.006393 0.295967 -0.763927
v -3.032222 0.298955 -0.703709
v -3.061121 0.302484 -0.642261
v -3.093187 0.306513 -0.579509
v -3.128478 0.311000 -0.515366
v -3.167007 0.315912 -0.449736
v -3.184499 0.317006 -0.379969
v -3.182718 0.314625 -0.307837
v -3.184278 0.312736 -0.236077
v -3.189222 0.311397 -0.164531
v -3.172858 0.306329 -0.092826
v -3.167150 0.303162 -0.022094
v -3.175641 0.302634 0.048481
v -3.181108 0.301766 0.118763
v -3.175828 0.299175 0.187763
v -3.173274 0.297361 0.256151
v -3.175210 0.296755 0.324354
v -3.143856 0.290064 0.386114
v -3.109449 0.282953 0.444537
v -3.078055 0.276641 0.500597
v -3.049545 0.271166 0.554374
v -3.023765 0.266576 0.605955
v -2.858267 0.263510 -1.253412
v -2.872377 0.261902 -1.205613
v -2.887395 0.260960 -1.156665
v -2.901790 0.260318 -1.105557
v -2.913122 0.259529 -1.051277
v -2.926173 0.259332 -0.996133
v -2.941278 0.259694 -0.940058
v -2.974671 0.262923 -0.888170
v -2.987480 0.263217 -0.827414
v -3.001650 0.263829 -0.765648
v -3.027514 0.266118 -0.705258
v -3.056514 0.268807 -0.643636
v -3.088752 0.271864 -0.580708
v -3.124288 0.275259 -0.516389
v -3.163141 0.278967 -0.450583
v -3.182241 0.279989 -0.380754
v -3.180373 0.278197 -0.308330
v -3.181929 0.276773 -0.236289
v -3.186954 0.275762 -0.164473
v -3.172979 0.272268 -0.092484
v -3.168689 0.270061 -0.021383
v -3.177389 0.269661 0.049559
v -3.177815 0.268294 0.119895
v -3.172692 0.266336 0.189175
v -3.170366 0.264970 0.257856
v -3.174693 0.264832 0.326665
v -3.140236 0.259304 0.388283
v -3.105611 0.253860 0.446961
v -3.074048 0.249010 0.503248
v -3.045419 0.244792 0.557218
v -3.019568 0.241244 0.608957
v -2.851222 0.231422 -1.252692
v -2.864957 0.230354 -1.205031
v -2.879644 0.229743 -1.156201
v -2.895675 0.229561 -1.106135
v -2.909379 0.229342 -1.053003
v -2.922237 0.229235 -0.997742
v -2.938212 0.229615 -0.941921
v -2.972526 0.231912 -0.890211
v -2.986452 0.232254 -0.829624
v -2.999659 0.232608 -0.767402
v -3.023220 0.233955 -0.706285
v -3.052290 0.235780 -0.644539
v -3.084651 0.237844 -0.581482
v -3.120367 0.240127 -0.517031
v -3.159461 0.242613 -0.451093
v -3.180464 0.243455 -0.381293
v -3.178532 0.242257 -0.308635
v -3.180089 0.241302 -0.236369
v -3.185178 0.240623 -0.164336
v -3.173320 0.238469 -0.092133
v -3.170176 0.237081 -0.020742
v -3.179030 0.236808 0.050490
v -3.174565 0.235432 0.120825
v -3.169575 0.234108 0.190295
v -3.168201 0.233258 0.259256
v -3.174444 0.233330 0.328520
v -3.136773 0.229277 0.389876
v -3.102010 0.225565 0.448705
v -3.070343 0.222249 0.505116
v -3.041644 0.219357 0.559181
v -3.015759 0.216918 0.610981
v -2.844298 0.200658 -1.250514
v -2.857717 0.200131 -1.203092
v -2.872123 0.199840 -1.154475
v -2.887909 0.199769 -1.104597
v -2.905421 0.199904 -1.053406
v -2.918758 0.199902 -0.998385
v -2.936372 0.200202 -0.943158
v -2.970734 0.201382 -0.891385
v -2.985699 0.201623 -0.831015
v -2.998849 0.201814 -0.768649
v -3.019658 0.202378 -0.706753
v -3.048557 0.203297 -0.644900
v -3.080989 0.204341 -0.581780
v -3.116813 0.205491 -0.517264
v -3.156055 0.206741 -0.451258
v -3.179232 0.207255 -0.381597
v -3.177263 0.206654 -0.308786
v -3.178823 0.206175 -0.236373
v -3.183954 0.205832 -0.164198
v -3.173942 0.204829 -0.091865
v -3.171628 0.204164 -0.020276
v -3.176938 0.203860 0.051026
v -3.171436 0.203112 0.121413
v -3.166549 0.202439 0.190976
v -3.168102 0.202138 0.260343
v -3.171640 0.202034 0.329367
v -3.133597 0.199956 0.390756
v -3.098770 0.198061 0.449641
v -3.067059 0.196363 0.506088
v -3.038338 0.194878 0.560166
v -3.011196 0.193551 0.611556
v -2.840628 0.171238 -1.248890
v -2.853445 0.171238 -1.201350
v -2.866511 0.171238 -1.152247
v -2.880560 0.171238 -1.101794
v -2.897899 0.171238 -1.050842
v -2.915829 0.171238 -0.997931
v -2.935030 0.171238 -0.943344
v -2.963300 0.171238 -0.889595
v -2.985268 0.171238 -0.831456
v -2.998396 0.171238 -0.769043
v -3.018579 0.171238 -0.706958
v -3.047217 0.171238 -0.645019
v -3.078538 0.171238 -0.581673
v -3.113703 0.171238 -0.517054
v -3.152992 0.171238 -0.451068
v -3.178588 0.171238 -0.381673
v -3.176607 0.171238 -0.308812
v -3.178170 0.171238 -0.236351
v -3.183318 0.171238 -0.164129
v -3.174883 0.171238 -0.091767
v -3.173044 0.171238 -0.020089
v -3.171602 0.171238 0.051067
v -3.168439 0.171238 0.121521
v -3.164970 0.171238 0.191185
v -3.168423 0.171238 0.260776
v -3.168861 0.171238 0.329422
v -3.130822 0.171238 0.390790
v -3.095581 0.171238 0.449557
v -3.062270 0.171238 0.505565
v -3.031708 0.171238 0.559002
v -3.007515 0.171238 0.611088
v -2.839638 0.142137 -1.247365
v -2.852459 0.142681 -1.199916
v -2.865531 0.143035 -1.150900
v -2.879220 0.143207 -1.100354
v -2.893867 0.143209 -1.048313
v -2.910219 0.143026 -0.994986
v -2.931820 0.142506 -0.941522
v -2.955994 0.141821 -0.886608
v -2.982950 0.140985 -0.830214
v -2.998325 0.140686 -0.768512
v -3.017542 0.140194 -0.706262
v -3.046149 0.139287 -0.644406
v -3.077434 0.138291 -0.581143
v -3.111466 0.137217 -0.516440
v -3.150312 0.135982 -0.450514
v -3.178547 0.135251 -0.381524
v -3.176580 0.135851 -0.308730
v -3.178144 0.136331 -0.236333
v -3.183280 0.136674 -0.164174
v -3.176155 0.137551 -0.091892
v -3.172953 0.138254 -0.020261
v -3.168731 0.138983 0.050735
v -3.165560 0.139633 0.121059
v -3.163511 0.140179 0.190714
v -3.166449 0.140417 0.260156
v -3.163026 0.140865 0.328151
v -3.124085 0.143000 0.389129
v -3.088098 0.144972 0.447475
v -3.054972 0.146767 0.503217
v -3.025536 0.148318 0.556646
v -3.006705 0.149189 0.610137
v -2.838445 0.112767 -1.244067
v -2.851328 0.113839 -1.196803
v -2.864458 0.114544 -1.147967
v -2.878199 0.114902 -1.097597
v -2.892888 0.114929 -1.045731
v -2.908838 0.114644 -0.992404
v -2.926560 0.114040 -0.937729
v -2.949339 0.112839 -0.882688
v -2.976167 0.111204 -0.826624
v -2.998616 0.109966 -0.767130
v -3.016529 0.109131 -0.704729
v -3.045065 0.107343 -0.643055
v -3.076256 0.105372 -0.579977
v -3.110168 0.103237 -0.515460
v -3.148021 0.100849 -0.449610
v -3.179099 0.099138 -0.381148
v -3.177171 0.100336 -0.308524
v -3.178736 0.101290 -0.236290
v -3.183836 0.101969 -0.164289
v -3.177727 0.103624 -0.092185
v -3.168732 0.105522 -0.020759
v -3.170177 0.106460 0.050169
v -3.163267 0.108072 0.120134
v -3.158921 0.109356 0.189368
v -3.161825 0.109823 0.258530
v -3.155334 0.111004 0.325805
v -3.116687 0.115207 0.386421
v -3.080978 0.119078 0.444415
v -3.048112 0.122597 0.499816
v -3.025068 0.124955 0.554610
v -3.006259 0.126655 0.607973
v -2.837069 0.083155 -1.239120
v -2.850057 0.084725 -1.192148
v -2.863285 0.085769 -1.143595
v -2.877114 0.086312 -1.093500
v -2.891879 0.086380 -1.041903
v -2.907885 0.085995 -0.988841
v -2.925470 0.085168 -0.934364
v -2.944730 0.083945 -0.878442
v -2.970008 0.081757 -0.822308
v -2.999221 0.078987 -0.765012
v -3.015497 0.078005 -0.702459
v -3.043923 0.075364 -0.641048
v -3.074966 0.072441 -0.578236
v -3.108691 0.069262 -0.513987
v -3.146096 0.065726 -0.448378
v -3.180207 0.062750 -0.380540
v -3.178345 0.064541 -0.308165
v -3.179914 0.065964 -0.236173
v -3.184955 0.066974 -0.164404
v -3.173513 0.070138 -0.092489
v -3.170676 0.072153 -0.021357
v -3.168806 0.073967 0.049236
v -3.160996 0.076474 0.118842
v -3.156151 0.078434 0.187713
v -3.157444 0.079334 0.256366
v -3.147817 0.081534 0.322806
v -3.109567 0.087725 0.382962
v -3.074226 0.093412 0.440513
v -3.045956 0.097899 0.496511
v -3.024910 0.101040 0.551536
v -3.005743 0.103588 0.604563
v -2.835529 0.053442 -1.232653
v -2.848651 0.055469 -1.186088
v -2.862006 0.056820 -1.137927
v -2.875948 0.057531 -1.088212
v -2.890809 0.057632 -1.036983
v -2.906890 0.057150 -0.984277
v -2.924922 0.056015 -0.930289
v -2.943799 0.054524 -0.874557
v -2.965105 0.052426 -0.817595
v -2.993846 0.048854 -0.760637
v -3.015936 0.046509 -0.699909
v -3.042671 0.043324 -0.638463
v -3.073516 0.039468 -0.575978
v -3.106988 0.035263 -0.512058
v -3.144496 0.030499 -0.446832
v -3.181812 0.025937 -0.379688
v -3.180040 0.028316 -0.307622
v -3.181616 0.030203 -0.235926
v -3.182105 0.032323 -0.164299
v -3.172372 0.036233 -0.092821
v -3.172785 0.038314 -0.022009
v -3.166725 0.041443 0.048129
v -3.158919 0.044749 0.117330
v -3.154012 0.047333 0.185791
v -3.153316 0.048871 0.253809
v -3.140454 0.052396 0.319293
v -3.102708 0.060502 0.378892
v -3.069353 0.067620 0.436221
v -3.045966 0.072515 0.492842
v -3.025006 0.076599 0.547531
v -3.005593 0.079975 0.600150
v -2.833848 0.023780 -1.224787
v -2.847120 0.026210 -1.178755
v -2.860615 0.027821 -1.131104
v -2.874684 0.028662 -1.081877
v -2.889650 0.028768 -1.031114
v -2.905810 0.028169 -0.978853
v -2.924841 0.026540 -0.925633
v -2.942781 0.024958 -0.869962
v -2.964060 0.022394 -0.813388
v -2.988592 0.018958 -0.755724
v -3.017040 0.014579 -0.697001
v -3.041240 0.011199 -0.635374
v -3.071840 0.006428 -0.573258
v -3.105090 0.001190 -0.509723
v -3.143153 -0.004944 -0.444985
v -3.183823 -0.011453 -0.378577
v -3.182168 -0.008491 -0.306854
v -3.183757 -0.006143 -0.235490
v -3.178227 -0.002185 -0.164010
v -3.173492 0.001593 -0.093067
v -3.174997 0.003911 -0.022601
v -3.164785 0.008723 0.047004
v -3.156983 0.012822 0.115731
v -3.152002 0.016033 0.183703
v -3.149687 0.018301 0.251038
v -3.133205 0.023553 0.315404
v -3.096076 0.033509 0.374346
v -3.069350 0.040701 0.432316
v -3.046140 0.046694 0.488468
v -3.025296 0.051684 0.542703
v -3.005925 0.055810 0.594879
v -2.832046 -0.005670 -1.215645
v -2.845470 -0.002903 -1.170275
v -2.859107 -0.001093 -1.123255
v -2.873300 -0.000181 -1.074627
v -2.888368 -0.000121 -1.024431
v -2.905419 -0.001130 -0.973030
v -2.925142 -0.003287 -0.920516
v -2.942546 -0.005000 -0.865086
v -2.962845 -0.007762 -0.808645
v -2.986149 -0.011514 -0.751103
v -3.015604 -0.017050 -0.693091
v -3.039551 -0.021029 -0.631852
v -3.069938 -0.026726 -0.570144
v -3.104400 -0.033396 -0.507241
v -3.141979 -0.040716 -0.442843
v -3.182637 -0.048642 -0.376827
v -3.184608 -0.046034 -0.305818
v -3.186219 -0.043228 -0.234798
v -3.174559 -0.036830 -0.163507
v -3.174368 -0.033525 -0.093105
v -3.173526 -0.030146 -0.023091
v -3.162906 -0.024269 0.045985
v -3.155119 -0.019375 0.114177
v -3.150058 -0.015524 0.181590
v -3.147568 -0.012773 0.248326
v -3.126016 -0.005009 0.311272
v -3.094834 0.005213 0.370400
v -3.069386 0.013426 0.427944
v -3.046406 0.020492 0.483503
v -3.025720 0.026366 0.537154
v -3.006663 0.031140 0.588831
v -2.830144 -0.034733 -1.205344
v -2.843710 -0.031705 -1.160770
v -2.857475 -0.029778 -1.114504
v -2.871778 -0.028873 -1.066586
v -2.886929 -0.028933 -1.017056
v -2.906591 -0.031136 -0.967299
v -2.925725 -0.033485 -0.915043
v -2.943210 -0.035530 -0.860105
v -2.963082 -0.038609 -0.803975
v -2.985535 -0.042701 -0.746638
v -3.010789 -0.047798 -0.688083
v -3.038790 -0.053797 -0.628228
v -3.069807 -0.060703 -0.567059
v -3.103828 -0.068435 -0.504484
v -3.140858 -0.076932 -0.440409
v -3.180852 -0.086136 -0.374705
v -3.187212 -0.084468 -0.304464
v -3.185780 -0.080230 -0.233625
v -3.172324 -0.072143 -0.162746
v -3.174890 -0.069182 -0.092834
v -3.172775 -0.064855 -0.023292
v -3.161050 -0.057626 0.045198
v -3.153233 -0.051903 0.112803
v -3.148098 -0.047385 0.179590
v -3.145427 -0.044108 0.245643
v -3.122023 -0.034369 0.307523
v -3.094435 -0.023609 0.366406
v -3.069371 -0.014144 0.423226
v -3.046688 -0.006012 0.478057
v -3.026214 0.000735 0.530982
v -3.007732 0.006033 0.582087
v -2.828145 -0.063270 -1.193988
v -2.841832 -0.060066 -1.150348
v -2.855700 -0.058108 -1.104962
v -2.870084 -0.057300 -1.057869
v -2.885289 -0.057567 -1.009104
v -2.907707 -0.061407 -0.961149
v -2.926479 -0.064063 -0.909309
v -2.944029 -0.066512 -0.854909
v -2.963894 -0.070087 -0.799247
v -2.986259 -0.074775 -0.742319
v -3.011274 -0.080558 -0.684115
v -3.039059 -0.087399 -0.624608
v -3.069695 -0.095247 -0.563750
v -3.103225 -0.104038 -0.501472
v -3.139647 -0.113704 -0.437679
v -3.178907 -0.124179 -0.372243
v -3.189796 -0.123950 -0.302735
v -3.181787 -0.116647 -0.231898
v -3.172469 -0.108835 -0.161652
v -3.174924 -0.105435 -0.092153
v -3.174427 -0.101092 -0.023030
v -3.162842 -0.092829 0.044966
v -3.153915 -0.085837 0.111951
v -3.147552 -0.080177 0.177998
v -3.138419 -0.073902 0.242504
v -3.120806 -0.064865 0.304269
v -3.093789 -0.052664 0.362314
v -3.069199 -0.041944 0.418276
v -3.046892 -0.032750 0.472236
v -3.026696 -0.025139 0.524283
v -3.008401 -0.019190 0.574514
v -2.825987 -0.091287 -1.181677
v -2.839757 -0.087991 -1.139131
v -2.853696 -0.086078 -1.094769
v -2.868133 -0.085436 -1.048620
v -2.883362 -0.085982 -1.000715
v -2.908607 -0.091909 -0.954686
v -2.927259 -0.095044 -0.903419
v -2.944854 -0.097983 -0.849595
v -2.964686 -0.102121 -0.794418
v -2.986934 -0.107454 -0.737898
v -3.011740 -0.113977 -0.680042
v -3.039212 -0.121662 -0.620837
v -3.069427 -0.130461 -0.560248
v -3.102417 -0.140314 -0.498213
v -3.138174 -0.151147 -0.434643
v -3.176635 -0.162886 -0.369410
v -3.192138 -0.164636 -0.300566
v -3.177585 -0.153525 -0.229732
v -3.171956 -0.146195 -0.160055
v -3.174315 -0.142339 -0.090955
v -3.175547 -0.138177 -0.022235
v -3.164148 -0.128850 0.045248
v -3.155277 -0.120913 0.111659
v -3.146926 -0.113589 0.176843
v -3.120030 -0.098590 0.238138
v -3.106679 -0.090041 0.299166
v -3.086650 -0.079163 0.357108
v -3.065286 -0.068375 0.412485
v -3.045665 -0.059160 0.465882
v -3.027011 -0.051286 0.517186
v -3.008950 -0.044722 0.566349
v -2.823629 -0.118711 -1.168667
v -2.837398 -0.115437 -1.127417
v -2.851342 -0.113670 -1.084239
v -2.865782 -0.113279 -1.039147
v -2.881899 -0.114672 -0.992573
v -2.909041 -0.122632 -0.948117
v -2.927866 -0.126488 -0.897562
v -2.945483 -0.130004 -0.844311
v -2.965255 -0.134780 -0.789607
v -2.987356 -0.140816 -0.733467
v -3.011918 -0.148119 -0.675917
v -3.039042 -0.156675 -0.616961
v -3.065289 -0.164714 -0.555949
v -3.101197 -0.177367 -0.494712
v -3.136236 -0.189371 -0.431285
v -3.173838 -0.202373 -0.366169
v -3.188760 -0.204147 -0.297539
v -3.172992 -0.190971 -0.227050
v -3.170594 -0.184277 -0.157856
v -3.172879 -0.179947 -0.089120
v -3.175905 -0.176167 -0.020760
v -3.164747 -0.165740 0.046215
v -3.155820 -0.156730 0.112031
v -3.127634 -0.138618 0.174257
v -3.102334 -0.122308 0.234333
v -3.091089 -0.113551 0.294271
v -3.074903 -0.103067 0.351427
v -3.054424 -0.091238 0.405444
v -3.035578 -0.081161 0.457395
v -3.018139 -0.072855 0.507330
v -3.001849 -0.066364 0.555320
v -2.821095 -0.145239 -1.155296
v -2.834723 -0.142165 -1.115569
v -2.848551 -0.140723 -1.073739
v -2.862901 -0.140744 -1.029802
v -2.882093 -0.144604 -0.985597
v -2.908734 -0.153546 -0.941678
v -2.928062 -0.158466 -0.891944
v -2.945678 -0.162651 -0.839221
v -2.965361 -0.168139 -0.784937
v -2.987284 -0.174938 -0.729117
v -3.011569 -0.183069 -0.671804
v -3.038306 -0.192530 -0.613019
v -3.059378 -0.198719 -0.551295
v -3.096374 -0.213658 -0.490525
v -3.133596 -0.228480 -0.427581
v -3.170282 -0.242749 -0.362475
v -3.182829 -0.243524 -0.293854
v -3.167884 -0.229136 -0.223775
v -3.168163 -0.223130 -0.154951
v -3.171401 -0.218854 -0.086505
v -3.174562 -0.214735 -0.018479
v -3.164386 -0.203547 0.048053
v -3.135275 -0.182209 0.111380
v -3.108513 -0.162503 0.172427
v -3.086545 -0.145881 0.231565
v -3.075970 -0.136259 0.290239
v -3.063022 -0.126152 0.346503
v -3.043555 -0.113306 0.399090
v -3.025629 -0.102388 0.449458
v -3.009007 -0.093405 0.497656
v -2.993416 -0.086393 0.543774
v -2.818313 -0.170694 -1.141859
v -2.831651 -0.167990 -1.103926
v -2.845225 -0.167077 -1.063621
v -2.859365 -0.167716 -1.020916
v -2.881354 -0.174543 -0.979019
v -2.907404 -0.184592 -0.935600
v -2.927585 -0.191038 -0.886771
v -2.945171 -0.195987 -0.834485
v -2.964736 -0.202267 -0.780529
v -2.986448 -0.209892 -0.724935
v -3.010420 -0.218902 -0.667762
v -3.036734 -0.229306 -0.609047
v -3.057496 -0.236080 -0.547380
v -3.088632 -0.249245 -0.485796
v -3.127489 -0.267016 -0.423205
v -3.162952 -0.282408 -0.358035
v -3.175983 -0.283662 -0.289577
v -3.164009 -0.269370 -0.219874
v -3.164416 -0.262788 -0.151234
v -3.166644 -0.257449 -0.083031
v -3.170177 -0.253119 -0.015301
v -3.142497 -0.229702 0.049389
v -3.114725 -0.206524 0.111637
v -3.089461 -0.185261 0.171579
v -3.071062 -0.168731 0.229917
v -3.061216 -0.158235 0.287398
v -3.050866 -0.148336 0.342684
v -3.032564 -0.134461 0.393786
v -3.015736 -0.122692 0.442438
v -3.000106 -0.113058 0.488667
v -2.985364 -0.105611 0.532595
v -2.815226 -0.195038 -1.128752
v -2.827995 -0.192966 -1.093007
v -2.841176 -0.192660 -1.054404
v -2.855995 -0.194841 -1.013322
v -2.879405 -0.204371 -0.973104
v -2.904756 -0.215691 -0.930116
v -2.925656 -0.223894 -0.882067
v -2.943665 -0.230068 -0.830263
v -2.963081 -0.237217 -0.776503
v -2.984548 -0.245735 -0.721008
v -3.008171 -0.255675 -0.663847
v -3.034019 -0.267065 -0.605070
v -3.054290 -0.274338 -0.543305
v -3.080017 -0.285329 -0.480865
v -3.117766 -0.304585 -0.418160
v -3.149984 -0.319700 -0.352695
v -3.167935 -0.324643 -0.284634
v -3.158500 -0.310437 -0.215156
v -3.161764 -0.305140 -0.146578
v -3.159390 -0.296041 -0.078575
v -3.144367 -0.278339 -0.012190
v -3.120214 -0.254547 0.051700
v -3.094076 -0.229692 0.112993
v -3.070368 -0.206906 0.171942
v -3.055754 -0.190937 0.229675
v -3.046702 -0.179546 0.286083
v -3.038284 -0.169517 0.340326
v -3.021317 -0.154558 0.389932
v -3.005709 -0.141919 0.436898
v -2.991208 -0.131771 0.480929
v -2.977587 -0.123955 0.522168
v -2.812111 -0.216694 -1.117249
v -2.823778 -0.216233 -1.083855
v -2.836218 -0.217209 -1.046860
v -2.853309 -0.222983 -1.007908
v -2.875898 -0.233989 -0.968180
v -2.894690 -0.241937 -0.923076
v -2.913455 -0.249925 -0.874817
v -2.933833 -0.259189 -0.824328
v -2.955968 -0.269689 -0.771725
v -2.979984 -0.281476 -0.717071
v -3.004485 -0.293431 -0.660108
v -3.029771 -0.305811 -0.601103
v -3.049444 -0.313518 -0.539075
v -3.070920 -0.322505 -0.475820
v -3.106829 -0.342737 -0.412737
v -3.135760 -0.357213 -0.346836
v -3.156387 -0.364976 -0.278857
v -3.151709 -0.352847 -0.209536
v -3.154193 -0.346403 -0.140879
v -3.132268 -0.321023 -0.073758
v -3.118402 -0.302159 -0.008093
v -3.097675 -0.278220 0.055161
v -3.073224 -0.251720 0.115640
v -3.051115 -0.227443 0.173750
v -3.040471 -0.212580 0.231139
v -3.032267 -0.200270 0.286654
v -3.025071 -0.189592 0.339863
v -3.009569 -0.173457 0.388104
v -2.995364 -0.159687 0.433663
v -2.982422 -0.148663 0.475419
v -2.970575 -0.139988 0.513556
v -2.808771 -0.236061 -1.107268
v -2.818877 -0.237900 -1.076466
v -2.830105 -0.240826 -1.041296
v -2.848710 -0.250592 -1.004129
v -2.865529 -0.258711 -0.962333
v -2.882092 -0.266445 -0.916838
v -2.900221 -0.275405 -0.868745
v -2.919987 -0.285611 -0.818343
v -2.941478 -0.297069 -0.765774
v -2.964796 -0.309856 -0.711100
v -2.989998 -0.324046 -0.654418
v -3.017111 -0.339682 -0.595806
v -3.042611 -0.353619 -0.534686
v -3.063639 -0.363340 -0.471005
v -3.094365 -0.381519 -0.406899
v -3.120024 -0.394976 -0.340410
v -3.140103 -0.403333 -0.272176
v -3.139970 -0.393820 -0.202883
v -3.128691 -0.374606 -0.134416
v -3.104900 -0.344608 -0.067994
v -3.092245 -0.324623 -0.002881
v -3.074782 -0.300728 0.059935
v -3.052060 -0.272612 0.119780
v -3.034129 -0.249099 0.177675
v -3.025035 -0.233739 0.234621
v -3.017715 -0.220494 0.289495
v -3.010989 -0.208477 0.341763
v -2.997000 -0.191068 0.388942
v -2.984447 -0.175987 0.433124
v -2.973587 -0.163821 0.472169
v -2.964015 -0.154057 0.506731
v -2.786954 -0.244049 -1.154289
v -2.771448 -0.251404 -1.170120
v -2.754081 -0.260697 -1.185948
v -2.734345 -0.272206 -1.201922
v -2.713309 -0.285009 -1.217331
v -2.693448 -0.303628 -1.235393
v -2.672781 -0.325891 -1.254532
v -2.644536 -0.336662 -1.264536
v -2.610427 -0.333472 -1.263962
v -2.576316 -0.326893 -1.259990
v -2.544777 -0.325747 -1.258378
v -2.514227 -0.326328 -1.256606
v -2.484261 -0.327325 -1.253776
v -2.454817 -0.328788 -1.249875
v -2.426012 -0.327744 -1.243022
v -2.398327 -0.323972 -1.233104
v -2.371176 -0.320551 -1.221962
v -2.343937 -0.317506 -1.209588
v -2.316382 -0.314853 -1.196029
v -2.288424 -0.312595 -1.181340
v -2.260025 -0.310726 -1.165577
v -2.231181 -0.309231 -1.148797
v -2.201918 -0.308084 -1.131058
v -2.172263 -0.307237 -1.112403
v -2.142195 -0.306601 -1.092838
v -2.120461 -0.296104 -1.067398
v -2.108807 -0.276469 -1.036923
v -2.098665 -0.258541 -1.007065
v -2.084687 -0.247273 -0.979980
v -2.072180 -0.238639 -0.954486
v -2.060862 -0.232158 -0.930132
v -2.785452 -0.224242 -1.171438
v -2.768035 -0.229852 -1.191745
v -2.749411 -0.237541 -1.211218
v -2.729254 -0.247479 -1.229834
v -2.708991 -0.260431 -1.248531
v -2.690404 -0.280109 -1.270566
v -2.664297 -0.290939 -1.284088
v -2.635845 -0.299305 -1.294145
v -2.604781 -0.302568 -1.298875
v -2.571527 -0.298181 -1.296481
v -2.539028 -0.291679 -1.291187
v -2.508882 -0.290608 -1.288558
v -2.479689 -0.291298 -1.285821
v -2.451089 -0.292503 -1.282043
v -2.422947 -0.294248 -1.277222
v -2.395926 -0.291150 -1.267576
v -2.369500 -0.287787 -1.256330
v -2.342955 -0.284812 -1.243897
v -2.316046 -0.282244 -1.230291
v -2.289730 -0.277951 -1.214144
v -2.263789 -0.273075 -1.196285
v -2.233886 -0.274765 -1.181265
v -2.203523 -0.276199 -1.164711
v -2.174154 -0.275690 -1.145668
v -2.144283 -0.275499 -1.125560
v -2.115621 -0.273896 -1.103359
v -2.104611 -0.255174 -1.070380
v -2.094767 -0.238599 -1.037891
v -2.083743 -0.226173 -1.006474
v -2.072439 -0.217667 -0.975983
v -2.060120 -0.212912 -0.946283
v -2.784741 -0.202152 -1.188596
v -2.765804 -0.206571 -1.212416
v -2.746258 -0.213154 -1.234664
v -2.725741 -0.221841 -1.255511
v -2.707338 -0.236558 -1.278903
v -2.682785 -0.245947 -1.295460
v -2.655180 -0.252465 -1.307491
v -2.627395 -0.260065 -1.318600
v -2.598083 -0.265603 -1.326281
v -2.567611 -0.268519 -1.330139
v -2.535687 -0.264353 -1.326494
v -2.504823 -0.258263 -1.319789
v -2.475955 -0.257030 -1.315694
v -2.447976 -0.258029 -1.311990
v -2.420482 -0.259591 -1.307300
v -2.393568 -0.259668 -1.299991
v -2.367609 -0.256377 -1.288588
v -2.341519 -0.253469 -1.276044
v -2.315408 -0.250169 -1.261737
v -2.290300 -0.244756 -1.244395
v -2.264917 -0.240188 -1.226274
v -2.239090 -0.236538 -1.207414
v -2.206672 -0.241644 -1.193298
v -2.174446 -0.245230 -1.176511
v -2.144588 -0.245392 -1.155820
v -2.114170 -0.246039 -1.133812
v -2.099226 -0.232698 -1.101207
v -2.087590 -0.219051 -1.067130
v -2.077079 -0.207380 -1.032682
v -2.067698 -0.198053 -0.997675
v -2.058394 -0.191579 -0.962125
v -2.784973 -0.177415 -1.205999
v -2.764898 -0.181432 -1.232176
v -2.744543 -0.187469 -1.256502
v -2.723676 -0.195441 -1.279436
v -2.702585 -0.205852 -1.301913
v -2.674993 -0.209883 -1.315658
v -2.647576 -0.215235 -1.328321
v -2.620159 -0.221736 -1.340015
v -2.592499 -0.229240 -1.350830
v -2.562598 -0.232144 -1.355473
v -2.532801 -0.234958 -1.358329
v -2.502394 -0.232145 -1.354211
v -2.473083 -0.226720 -1.346114
v -2.445366 -0.225130 -1.340165
v -2.418277 -0.226536 -1.335566
v -2.391343 -0.228477 -1.330031
v -2.365420 -0.226059 -1.319131
v -2.339557 -0.223218 -1.306421
v -2.314574 -0.218269 -1.290399
v -2.289891 -0.213120 -1.272744
v -2.264886 -0.208821 -1.254316
v -2.236959 -0.208609 -1.237703
v -2.207222 -0.210089 -1.220784
v -2.176391 -0.212156 -1.202603
v -2.143183 -0.216017 -1.183980
v -2.111453 -0.217957 -1.161852
v -2.090311 -0.211051 -1.131189
v -2.079076 -0.197988 -1.094344
v -2.068904 -0.186794 -1.057014
v -2.059617 -0.177637 -1.018895
v -2.050972 -0.170657 -0.979569
v -2.785830 -0.151602 -1.222764
v -2.764954 -0.155302 -1.250753
v -2.743937 -0.160786 -1.276899
v -2.724296 -0.169826 -1.303516
v -2.696309 -0.171778 -1.319473
v -2.668622 -0.174832 -1.333765
v -2.641335 -0.179204 -1.346925
v -2.614203 -0.184744 -1.359103
v -2.586953 -0.191319 -1.370416
v -2.558682 -0.196913 -1.378762
v -2.529213 -0.199287 -1.381782
v -2.500097 -0.202162 -1.383587
v -2.471006 -0.201529 -1.379960
v -2.442990 -0.196921 -1.370576
v -2.416233 -0.194802 -1.362435
v -2.389430 -0.196579 -1.357013
v -2.362869 -0.196542 -1.348310
v -2.337216 -0.193334 -1.334930
v -2.312890 -0.187644 -1.317612
v -2.288433 -0.182756 -1.299598
v -2.260594 -0.182754 -1.284668
v -2.231651 -0.183414 -1.268555
v -2.201565 -0.184712 -1.251160
v -2.170403 -0.186533 -1.232308
v -2.140135 -0.187102 -1.210351
v -2.105553 -0.191189 -1.189127
v -2.080229 -0.187928 -1.159314
v -2.069343 -0.175417 -1.119895
v -2.059458 -0.164672 -1.079827
v -2.050340 -0.155808 -1.038878
v -2.041727 -0.148933 -0.996736
v -2.787191 -0.124771 -1.238927
v -2.765738 -0.128187 -1.268395
v -2.744215 -0.133219 -1.296036
v -2.720012 -0.137500 -1.319354
v -2.691350 -0.138433 -1.335389
v -2.663550 -0.140734 -1.350081
v -2.636334 -0.144299 -1.363630
v -2.609413 -0.149012 -1.376210
v -2.582495 -0.154763 -1.387946
v -2.555329 -0.161498 -1.398870
v -2.526501 -0.164682 -1.403462
v -2.497660 -0.167215 -1.405400
v -2.469078 -0.170230 -1.406179
v -2.440652 -0.172261 -1.404121
v -2.413474 -0.168498 -1.393590
v -2.387344 -0.165680 -1.382914
v -2.359908 -0.167509 -1.376421
v -2.334603 -0.163370 -1.361520
v -2.309602 -0.159081 -1.345001
v -2.282300 -0.158238 -1.330749
v -2.253999 -0.158034 -1.315388
v -2.224915 -0.158122 -1.298416
v -2.195939 -0.157669 -1.278877
v -2.166150 -0.157747 -1.257842
v -2.135510 -0.158376 -1.235199
v -2.103970 -0.159643 -1.210738
v -2.074374 -0.159671 -1.182410
v -2.063873 -0.147922 -1.140914
v -2.053693 -0.138180 -1.099018
v -2.043437 -0.130561 -1.056479
v -2.032710 -0.125183 -1.012990
v -2.789021 -0.097136 -1.254392
v -2.767155 -0.100306 -1.285050
v -2.745252 -0.104940 -1.313913
v -2.716566 -0.105312 -1.333538
v -2.687596 -0.105781 -1.349888
v -2.659665 -0.107510 -1.364884
v -2.632469 -0.110421 -1.378746
v -2.605696 -0.114430 -1.391659
v -2.579037 -0.119455 -1.403752
v -2.552222 -0.125447 -1.415070
v -2.524112 -0.129310 -1.421335
v -2.495751 -0.132429 -1.424619
v -2.467450 -0.135841 -1.426506
v -2.439084 -0.139059 -1.426443
v -2.410514 -0.142516 -1.425161
v -2.383211 -0.140837 -1.415421
v -2.356678 -0.138254 -1.403207
v -2.330834 -0.134693 -1.388346
v -2.305259 -0.131023 -1.371879
v -2.279200 -0.128163 -1.354842
v -2.252358 -0.126158 -1.337100
v -2.224490 -0.125038 -1.318501
v -2.195395 -0.124812 -1.298887
v -2.164911 -0.125480 -1.278090
v -2.132897 -0.127043 -1.255917
v -2.099199 -0.129555 -1.232098
v -2.073636 -0.126937 -1.199935
v -2.063557 -0.116171 -1.156923
v -2.053712 -0.107232 -1.113535
v -2.043697 -0.100220 -1.069531
v -2.033124 -0.095244 -1.024623
v -2.791245 -0.068979 -1.268999
v -2.769088 -0.071885 -1.300644
v -2.745291 -0.074989 -1.328850
v -2.714164 -0.073623 -1.346607
v -2.684924 -0.073768 -1.363197
v -2.656855 -0.075060 -1.378435
v -2.629646 -0.077443 -1.392554
v -2.602970 -0.080860 -1.405744
v -2.576508 -0.085251 -1.418139
v -2.549803 -0.090219 -1.429233
v -2.521709 -0.092559 -1.433927
v -2.493869 -0.095280 -1.437250
v -2.466110 -0.098306 -1.439235
v -2.438246 -0.101547 -1.439887
v -2.410076 -0.104892 -1.439174
v -2.382238 -0.105917 -1.433384
v -2.354004 -0.106971 -1.426337
v -2.327172 -0.104720 -1.412742
v -2.302342 -0.099918 -1.393786
v -2.277524 -0.095741 -1.374216
v -2.251339 -0.093268 -1.355384
v -2.223492 -0.092254 -1.336633
v -2.194334 -0.092096 -1.316852
v -2.163677 -0.092799 -1.295842
v -2.131361 -0.094369 -1.273384
v -2.097224 -0.096845 -1.249200
v -2.067957 -0.096534 -1.218513
v -2.060518 -0.085475 -1.172562
v -2.053371 -0.076162 -1.126555
v -2.043646 -0.069785 -1.081352
v -2.033293 -0.065245 -1.035314
v -2.793845 -0.040350 -1.282667
v -2.771464 -0.042966 -1.315173
v -2.743747 -0.043514 -1.340339
v -2.712711 -0.042361 -1.358747
v -2.683234 -0.042294 -1.375530
v -2.655031 -0.043264 -1.390965
v -2.627789 -0.045232 -1.405293
v -2.601171 -0.048157 -1.418713
v -2.574842 -0.051991 -1.431369
v -2.547570 -0.054895 -1.439935
v -2.519887 -0.056892 -1.444587
v -2.492492 -0.059261 -1.447921
v -2.465186 -0.061930 -1.449980
v -2.437926 -0.063463 -1.448233
v -2.411070 -0.063986 -1.443137
v -2.384243 -0.064836 -1.437397
v -2.354179 -0.070340 -1.438967
v -2.323269 -0.074029 -1.435598
v -2.296963 -0.070797 -1.418137
v -2.271681 -0.066899 -1.397901
v -2.246161 -0.063617 -1.376959
v -2.220117 -0.061009 -1.355172
v -2.191855 -0.060077 -1.333911
v -2.160970 -0.060720 -1.312654
v -2.128326 -0.062182 -1.289892
v -2.093130 -0.064815 -1.265800
v -2.064016 -0.064377 -1.234098
v -2.053479 -0.056016 -1.188848
v -2.048677 -0.046723 -1.140313
v -2.043243 -0.039341 -1.092026
v -2.029078 -0.036826 -1.046694
v -2.796856 -0.011197 -1.295376
v -2.774288 -0.013516 -1.328636
v -2.743549 -0.012572 -1.351507
v -2.712211 -0.011441 -1.370075
v -2.682515 -0.011270 -1.387018
v -2.654175 -0.012024 -1.402618
v -2.626873 -0.013671 -1.417127
v -2.600263 -0.016182 -1.430751
v -2.573775 -0.019229 -1.443004
v -2.545919 -0.020532 -1.448944
v -2.518582 -0.022236 -1.453537
v -2.491554 -0.024286 -1.456867
v -2.464563 -0.024832 -1.454970
v -2.438184 -0.024903 -1.450399
v -2.412217 -0.025358 -1.445325
v -2.385504 -0.027453 -1.442708
v -2.355198 -0.033247 -1.446975
v -2.323985 -0.037139 -1.445480
v -2.294622 -0.037445 -1.434539
v -2.264787 -0.037511 -1.421221
v -2.238724 -0.034466 -1.399547
v -2.212192 -0.032008 -1.377033
v -2.184922 -0.030186 -1.353507
v -2.156680 -0.029037 -1.328781
v -2.123796 -0.030246 -1.305573
v -2.085865 -0.033581 -1.282827
v -2.059613 -0.031843 -1.248174
v -2.046285 -0.025652 -1.203626
v -2.041855 -0.017390 -1.153742
v -2.035994 -0.011076 -1.104574
v -2.021544 -0.008907 -1.058328
v -2.800272 0.018415 -1.307056
v -2.777540 0.016404 -1.340974
v -2.744287 0.018164 -1.361934
v -2.712675 0.019184 -1.380650
v -2.682766 0.019373 -1.397740
v -2.654272 0.018759 -1.413498
v -2.626870 0.017366 -1.428181
v -2.600206 0.015222 -1.442006
v -2.572397 0.014033 -1.450608
v -2.544788 0.012945 -1.456442
v -2.517728 0.011501 -1.460975
v -2.490626 0.011238 -1.460218
v -2.464233 0.011576 -1.455990
v -2.438635 0.011515 -1.451310
v -2.413408 0.011120 -1.446253
v -2.386182 0.007538 -1.448723
v -2.356035 0.002625 -1.453527
v -2.324373 -0.001250 -1.453985
v -2.295146 -0.001495 -1.443187
v -2.264861 -0.001926 -1.430988
v -2.233345 -0.002591 -1.417199
v -2.203033 -0.002188 -1.398418
v -2.175220 -0.000469 -1.374082
v -2.146470 0.000670 -1.348536
v -2.116561 0.001194 -1.321562
v -2.077048 -0.001982 -1.299165
v -2.054777 0.001048 -1.260753
v -2.039000 0.005528 -1.216854
v -2.034889 0.012677 -1.165796
v -2.027666 0.017679 -1.116337
v -2.013231 0.019601 -1.069145
v -2.804069 0.048400 -1.317619
v -2.781186 0.046718 -1.352110
v -2.745970 0.048725 -1.371634
v -2.714096 0.049571 -1.390505
v -2.683968 0.049722 -1.407756
v -2.655292 0.049203 -1.423686
v -2.627739 0.048034 -1.438561
v -2.599748 0.047099 -1.449710
v -2.571531 0.046535 -1.456849
v -2.544109 0.045635 -1.462591
v -2.516823 0.045196 -1.464447
v -2.489884 0.045836 -1.460503
v -2.464149 0.046102 -1.456074
v -2.439190 0.046037 -1.451303
v -2.414437 0.045477 -1.447036
v -2.386736 0.041461 -1.453600
v -2.356661 0.037475 -1.458847
v -2.324419 0.033854 -1.461316
v -2.295236 0.033677 -1.450606
v -2.264988 0.033349 -1.438531
v -2.233488 0.032828 -1.424893
v -2.200582 0.032074 -1.409479
v -2.166147 0.031053 -1.392065
v -2.134968 0.031429 -1.367672
v -2.104526 0.031998 -1.339799
v -2.070962 0.031490 -1.311606
v -2.049550 0.034284 -1.271840
v -2.033826 0.037995 -1.227201
v -2.027845 0.043378 -1.176419
v -2.018602 0.047029 -1.127118
v -2.004172 0.048670 -1.079071
v -2.808211 0.078694 -1.326970
v -2.785180 0.077370 -1.361963
v -2.748586 0.079176 -1.380609
v -2.716452 0.079810 -1.399665
v -2.686085 0.079898 -1.417110
v -2.657186 0.079460 -1.433247
v -2.628363 0.078995 -1.446225
v -2.599215 0.078827 -1.454813
v -2.571103 0.078371 -1.461854
v -2.543804 0.077655 -1.467530
v -2.515850 0.078365 -1.464290
v -2.489434 0.078834 -1.460095
v -2.464223 0.079015 -1.455506
v -2.439766 0.078946 -1.450665
v -2.414800 0.077598 -1.450650
v -2.387126 0.074545 -1.457528
v -2.357054 0.071524 -1.463117
v -2.324361 0.068536 -1.467043
v -2.294899 0.068294 -1.456955
v -2.264615 0.068072 -1.444941
v -2.233071 0.067703 -1.431386
v -2.200102 0.067155 -1.416068
v -2.165577 0.066397 -1.398753
v -2.129389 0.065400 -1.379202
v -2.101612 0.066600 -1.348344
v -2.079585 0.068876 -1.310902
v -2.048773 0.068886 -1.278157
v -2.028292 0.070766 -1.236148
v -2.020800 0.074630 -1.185553
v -2.008862 0.076987 -1.136855
v -1.994416 0.078305 -1.088026
v -2.811550 0.109427 -1.334061
v -2.788667 0.108463 -1.369666
v -2.752112 0.109622 -1.388846
v -2.719703 0.110029 -1.408138
v -2.689064 0.110055 -1.425828
v -2.658574 0.110062 -1.439981
v -2.628205 0.110138 -1.450238
v -2.599092 0.109999 -1.458748
v -2.571030 0.109661 -1.465729
v -2.542861 0.109712 -1.467442
v -2.515208 0.110221 -1.463605
v -2.489189 0.110516 -1.459226
v -2.464369 0.110617 -1.454520
v -2.440286 0.110553 -1.449630
v -2.415034 0.109088 -1.453548
v -2.387325 0.107031 -1.460648
v -2.357203 0.105002 -1.466474
v -2.324460 0.103001 -1.470656
v -2.294156 0.102593 -1.462351
v -2.263772 0.102467 -1.450336
v -2.232131 0.102244 -1.436792
v -2.199061 0.101900 -1.421496
v -2.164423 0.101411 -1.404208
v -2.128104 0.100755 -1.384681
v -2.107136 0.102704 -1.347696
v -2.085502 0.104249 -1.310422
v -2.056798 0.104510 -1.276694
v -2.024066 0.104071 -1.242693
v -2.012203 0.106162 -1.194023
v -1.998520 0.107601 -1.145474
v -1.984030 0.108541 -1.095926
v -2.812857 0.140426 -1.337765
v -2.792279 0.139730 -1.375794
v -2.756506 0.140215 -1.396314
v -2.723794 0.140404 -1.415910
v -2.690629 0.140653 -1.430680
v -2.658800 0.140799 -1.442886
v -2.628412 0.140824 -1.453107
v -2.599289 0.140736 -1.461589
v -2.571221 0.140547 -1.468554
v -2.542187 0.140819 -1.466571
v -2.514803 0.141062 -1.462570
v -2.489058 0.141198 -1.458071
v -2.464509 0.141237 -1.453293
v -2.440684 0.141196 -1.448372
v -2.415101 0.140210 -1.455828
v -2.387315 0.139174 -1.463057
v -2.357108 0.138156 -1.469013
v -2.324283 0.137154 -1.473331
v -2.293042 0.136820 -1.466869
v -2.262505 0.136770 -1.454791
v -2.230722 0.136671 -1.441189
v -2.197517 0.136512 -1.425838
v -2.162748 0.136280 -1.408499
v -2.129384 0.136235 -1.385860
v -2.112019 0.137516 -1.345829
v -2.088090 0.138103 -1.310799
v -2.059972 0.138273 -1.276880
v -2.029794 0.138217 -1.241550
v -2.001453 0.138193 -1.202148
v -1.987674 0.138953 -1.152891
v -1.973099 0.139455 -1.102673
v -2.813846 0.171238 -1.339490
v -2.796763 0.171238 -1.381040
v -2.759873 0.171238 -1.400915
v -2.724698 0.171238 -1.417914
v -2.691227 0.171238 -1.432394
v -2.659342 0.171238 -1.444626
v -2.628897 0.171238 -1.454874
v -2.599714 0.171238 -1.463383
v -2.571051 0.171238 -1.468693
v -2.541775 0.171238 -1.465385
v -2.514546 0.171238 -1.461308
v -2.488961 0.171238 -1.456753
v -2.464572 0.171238 -1.451940
v -2.440711 0.171238 -1.449343
v -2.414974 0.171238 -1.457542
v -2.387086 0.171238 -1.464800
v -2.356778 0.171238 -1.470778
v -2.323855 0.171238 -1.475115
v -2.291599 0.171238 -1.470535
v -2.260869 0.171238 -1.458341
v -2.228910 0.171238 -1.444615
v -2.195546 0.171238 -1.429134
v -2.160632 0.171238 -1.411661
v -2.133377 0.171238 -1.382689
v -2.115987 0.171238 -1.343124
v -2.089658 0.171238 -1.310355
v -2.061593 0.171238 -1.276539
v -2.031700 0.171238 -1.241161
v -2.002789 0.171238 -1.202199
v -1.977881 0.171238 -1.158321
v -1.961734 0.171238 -1.108154
v -2.818328 0.202483 -1.342463
v -2.801972 0.203581 -1.385223
v -2.760892 0.202675 -1.401168
v -2.725660 0.202267 -1.418272
v -2.692117 0.201997 -1.432857
v -2.660146 0.201856 -1.445191
v -2.629603 0.201837 -1.455533
v -2.600309 0.201929 -1.464127
v -2.570804 0.201832 -1.467234
v -2.541571 0.201467 -1.463940
v -2.514389 0.201221 -1.459872
v -2.488853 0.201084 -1.455325
v -2.464519 0.201043 -1.450518
v -2.440507 0.201433 -1.450542
v -2.414643 0.202469 -1.458688
v -2.386638 0.203504 -1.465876
v -2.356222 0.204520 -1.471770
v -2.323199 0.205519 -1.476006
v -2.289867 0.206141 -1.473322
v -2.258911 0.206183 -1.460959
v -2.226749 0.206271 -1.447045
v -2.193207 0.206419 -1.431362
v -2.158141 0.206640 -1.413676
v -2.136760 0.205587 -1.378550
v -2.116525 0.204589 -1.341874
v -2.090206 0.204210 -1.309151
v -2.062152 0.204045 -1.275374
v -2.037349 0.203744 -1.236923
v -2.008242 0.203843 -1.198473
v -1.971364 0.204528 -1.160660
v -1.954129 0.204137 -1.110570
v -2.824508 0.235062 -1.345166
v -2.807929 0.237270 -1.388359
v -2.763509 0.234969 -1.401422
v -2.726954 0.233938 -1.417291
v -2.693332 0.233406 -1.432047
v -2.661254 0.233120 -1.444546
v -2.630576 0.233065 -1.455044
v -2.601125 0.233224 -1.463776
v -2.570925 0.232767 -1.465399
v -2.541629 0.232012 -1.462228
v -2.514376 0.231491 -1.458259
v -2.488773 0.231188 -1.453783
v -2.464382 0.231081 -1.449022
v -2.440159 0.232147 -1.451212
v -2.414128 0.234194 -1.459216
v -2.385983 0.236247 -1.466238
v -2.355442 0.238268 -1.471939
v -2.322304 0.240258 -1.475957
v -2.288219 0.241699 -1.474376
v -2.256622 0.241903 -1.462558
v -2.224226 0.242084 -1.448395
v -2.190486 0.242381 -1.432438
v -2.156723 0.242540 -1.412826
v -2.139472 0.239721 -1.373459
v -2.116073 0.238315 -1.339882
v -2.089710 0.237587 -1.307158
v -2.063751 0.236974 -1.271907
v -2.042430 0.235934 -1.231482
v -2.012623 0.236261 -1.193795
v -1.975296 0.237689 -1.156508
v -1.947388 0.238168 -1.111148
v -2.829267 0.268600 -1.344962
v -2.810853 0.271502 -1.386783
v -2.769938 0.269142 -1.404061
v -2.728615 0.266359 -1.414938
v -2.694922 0.265593 -1.429908
v -2.662730 0.265176 -1.442621
v -2.631895 0.265085 -1.453322
v -2.602248 0.265300 -1.462239
v -2.571509 0.264381 -1.463113
v -2.542041 0.263226 -1.460175
v -2.514597 0.262412 -1.456393
v -2.488800 0.261921 -1.452055
v -2.464224 0.261726 -1.447382
v -2.439720 0.263654 -1.451247
v -2.413466 0.266678 -1.459027
v -2.385139 0.269722 -1.465788
v -2.354441 0.272726 -1.471193
v -2.321159 0.275690 -1.474876
v -2.287211 0.277710 -1.472427
v -2.253983 0.278623 -1.462996
v -2.221319 0.278891 -1.448524
v -2.187355 0.279329 -1.432229
v -2.158758 0.278027 -1.406335
v -2.139753 0.274360 -1.369034
v -2.114613 0.272725 -1.337045
v -2.088673 0.271549 -1.303891
v -2.068149 0.269495 -1.264885
v -2.046875 0.268013 -1.224858
v -2.015899 0.268767 -1.188187
v -1.978768 0.270864 -1.151096
v -1.940611 0.273330 -1.110304
v -2.826470 0.300802 -1.336685
v -2.808038 0.304536 -1.377942
v -2.773314 0.303574 -1.401489
v -2.735343 0.301380 -1.416997
v -2.696932 0.298570 -1.426379
v -2.664631 0.298062 -1.439332
v -2.633629 0.297965 -1.450267
v -2.603757 0.298252 -1.459401
v -2.572646 0.296939 -1.460252
v -2.542901 0.295404 -1.457649
v -2.515143 0.294303 -1.454142
v -2.489018 0.293620 -1.450008
v -2.464126 0.293857 -1.447314
v -2.439252 0.296206 -1.450496
v -2.412703 0.300166 -1.457975
v -2.384136 0.304165 -1.464386
v -2.353230 0.308121 -1.469391
v -2.319760 0.312026 -1.472628
v -2.286018 0.314448 -1.469002
v -2.252031 0.315984 -1.460341
v -2.218013 0.316871 -1.447258
v -2.183798 0.317421 -1.430570
v -2.160123 0.313708 -1.398705
v -2.137463 0.310180 -1.365245
v -2.112504 0.307919 -1.332919
v -2.092396 0.304597 -1.295193
v -2.071887 0.301968 -1.256646
v -2.050638 0.300078 -1.217053
v -2.018060 0.301518 -1.181647
v -1.981179 0.304227 -1.144736
v -1.941513 0.307810 -1.104899
v -2.824170 0.332914 -1.327295
v -2.805688 0.337424 -1.367887
v -2.774177 0.337560 -1.394331
v -2.738106 0.335816 -1.412091
v -2.703800 0.334762 -1.427659
v -2.667381 0.332026 -1.435209
v -2.635837 0.331742 -1.445767
v -2.605723 0.332146 -1.455133
v -2.574417 0.330674 -1.456652
v -2.544296 0.328809 -1.454474
v -2.516215 0.327694 -1.451978
v -2.489993 0.328592 -1.452943
v -2.464218 0.329990 -1.453489
v -2.438459 0.331815 -1.453653
v -2.411894 0.334884 -1.455868
v -2.383011 0.339797 -1.461844
v -2.351832 0.344663 -1.466353
v -2.318115 0.349467 -1.469036
v -2.284631 0.352049 -1.463951
v -2.250482 0.353928 -1.454923
v -2.214887 0.355839 -1.443577
v -2.179816 0.356789 -1.427273
v -2.158977 0.350629 -1.391799
v -2.135685 0.346472 -1.358926
v -2.115586 0.341671 -1.322395
v -2.095448 0.337651 -1.285202
v -2.074924 0.334472 -1.247164
v -2.053154 0.332361 -1.208377
v -2.019119 0.334620 -1.174161
v -1.982552 0.337871 -1.137439
v -1.943270 0.342185 -1.097825
v -2.821864 0.364683 -1.316433
v -2.803817 0.370139 -1.356666
v -2.776053 0.372160 -1.386436
v -2.740160 0.370269 -1.404283
v -2.706355 0.369451 -1.420535
v -2.674308 0.369670 -1.435518
v -2.640233 0.367894 -1.442925
v -2.608202 0.367019 -1.449295
v -2.576888 0.365784 -1.452117
v -2.547358 0.365497 -1.454537
v -2.519096 0.366019 -1.456483
v -2.491635 0.367152 -1.457747
v -2.464600 0.368839 -1.458421
v -2.437598 0.371002 -1.458538
v -2.410227 0.373542 -1.458063
v -2.381812 0.376817 -1.457934
v -2.350277 0.382544 -1.461857
v -2.316242 0.388191 -1.463888
v -2.283051 0.390632 -1.457093
v -2.248699 0.392815 -1.447646
v -2.212963 0.395015 -1.435873
v -2.179904 0.394734 -1.416641
v -2.158703 0.387539 -1.381749
v -2.138189 0.381096 -1.346381
v -2.118002 0.375485 -1.310466
v -2.097799 0.370783 -1.273867
v -2.077241 0.367058 -1.236402
v -2.052847 0.365595 -1.199732
v -2.019110 0.368142 -1.165703
v -1.982929 0.371848 -1.129205
v -1.944123 0.376803 -1.089858
v -2.815659 0.393960 -1.300908
v -2.800009 0.401287 -1.342039
v -2.778614 0.407251 -1.377431
v -2.743223 0.405513 -1.395657
v -2.709516 0.404822 -1.411985
v -2.677447 0.405300 -1.427031
v -2.646654 0.406906 -1.441069
v -2.613184 0.405261 -1.446187
v -2.581316 0.404253 -1.449851
v -2.551943 0.406058 -1.456402
v -2.522566 0.407120 -1.459307
v -2.493775 0.408559 -1.460875
v -2.465371 0.410578 -1.461676
v -2.437001 0.413096 -1.461736
v -2.408303 0.416008 -1.461019
v -2.378884 0.419187 -1.459419
v -2.348246 0.422522 -1.456729
v -2.314591 0.427808 -1.455952
v -2.281293 0.430299 -1.448225
v -2.245770 0.433591 -1.439799
v -2.207638 0.437738 -1.430442
v -2.179170 0.433522 -1.404644
v -2.160047 0.423643 -1.367675
v -2.140052 0.415850 -1.332288
v -2.119733 0.409438 -1.297054
v -2.099435 0.404046 -1.261125
v -2.078831 0.399754 -1.224320
v -2.051461 0.399398 -1.190032
v -2.018084 0.402127 -1.156240
v -1.982373 0.406180 -1.120026
v -1.944147 0.411676 -1.081014
v -2.811184 0.423050 -1.285540
v -2.795033 0.430756 -1.324823
v -2.777429 0.439765 -1.362640
v -2.743944 0.439052 -1.382143
v -2.711390 0.439205 -1.399336
v -2.679855 0.440348 -1.414781
v -2.649103 0.442404 -1.428695
v -2.617636 0.443583 -1.438482
v -2.584586 0.441531 -1.440544
v -2.554748 0.443748 -1.447207
v -2.525223 0.446358 -1.452345
v -2.495867 0.449296 -1.455997
v -2.466524 0.452482 -1.458181
v -2.437023 0.455818 -1.458885
v -2.407186 0.459190 -1.458070
v -2.376797 0.462468 -1.455645
v -2.345514 0.465539 -1.451450
v -2.311948 0.470088 -1.447897
v -2.275141 0.476439 -1.445119
v -2.238134 0.480566 -1.436780
v -2.201115 0.483157 -1.423873
v -2.178280 0.472812 -1.390310
v -2.158670 0.461699 -1.354074
v -2.139877 0.451777 -1.317825
v -2.120776 0.443586 -1.282072
v -2.100361 0.437475 -1.246907
v -2.079706 0.432576 -1.210865
v -2.049061 0.433822 -1.179201
v -2.016117 0.436606 -1.145723
v -1.980972 0.440885 -1.109878
v -1.943443 0.446810 -1.071296
v -2.809922 0.453256 -1.271576
v -2.793722 0.461615 -1.309532
v -2.776119 0.471438 -1.345933
v -2.747309 0.474364 -1.369651
v -2.714104 0.474043 -1.385430
v -2.681777 0.474559 -1.399100
v -2.650639 0.476394 -1.411687
v -2.620547 0.479805 -1.423895
v -2.589000 0.480884 -1.430487
v -2.558166 0.482629 -1.435821
v -2.528060 0.485724 -1.440980
v -2.498058 0.489122 -1.444605
v -2.468033 0.492741 -1.446697
v -2.437845 0.496481 -1.447236
v -2.407345 0.500223 -1.446174
v -2.376333 0.503834 -1.443423
v -2.344472 0.507189 -1.438820
v -2.309621 0.513497 -1.436468
v -2.271823 0.521050 -1.433746
v -2.231861 0.528390 -1.428508
v -2.198319 0.526465 -1.409295
v -2.176846 0.512969 -1.373936
v -2.156673 0.500625 -1.338519
v -2.137376 0.489548 -1.303047
v -2.118560 0.479836 -1.267473
v -2.099823 0.471616 -1.231649
v -2.076303 0.467766 -1.198226
v -2.045718 0.468948 -1.167109
v -2.013300 0.471650 -1.134050
v -1.978839 0.476016 -1.098698
v -1.942147 0.482234 -1.060685
v -2.808541 0.482691 -1.256309
v -2.792398 0.491601 -1.292661
v -2.774885 0.502149 -1.327379
v -2.752041 0.510674 -1.356310
v -2.719167 0.510904 -1.371907
v -2.686981 0.512048 -1.385454
v -2.655335 0.513946 -1.397112
v -2.624082 0.516438 -1.407024
v -2.593259 0.519743 -1.415749
v -2.562261 0.522710 -1.421992
v -2.531539 0.526369 -1.427109
v -2.500837 0.530288 -1.430653
v -2.470060 0.534380 -1.432612
v -2.439100 0.538544 -1.432951
v -2.407834 0.542660 -1.431613
v -2.376086 0.546589 -1.428504
v -2.343479 0.550336 -1.423624
v -2.307256 0.558653 -1.422316
v -2.268886 0.566682 -1.418664
v -2.228501 0.574416 -1.412526
v -2.197068 0.568858 -1.389669
v -2.174906 0.554082 -1.355256
v -2.154092 0.540503 -1.320738
v -2.134230 0.528241 -1.286137
v -2.114947 0.517402 -1.251423
v -2.095861 0.508142 -1.216447
v -2.071582 0.504072 -1.184165
v -2.041417 0.504850 -1.153520
v -2.009635 0.507277 -1.121047
v -1.976013 0.511531 -1.086400
v -1.940347 0.517843 -1.049191
v -2.807152 0.511012 -1.239939
v -2.791202 0.520411 -1.274322
v -2.773890 0.531646 -1.307004
v -2.754883 0.544515 -1.338096
v -2.725021 0.548256 -1.356251
v -2.693007 0.550218 -1.369521
v -2.661320 0.552949 -1.380971
v -2.629847 0.556252 -1.390722
v -2.598467 0.559956 -1.398870
v -2.567111 0.563989 -1.405445
v -2.535731 0.568291 -1.410443
v -2.504276 0.572790 -1.413846
v -2.472680 0.577398 -1.415621
v -2.440862 0.582011 -1.415720
v -2.408726 0.586507 -1.414073
v -2.376123 0.590746 -1.410578
v -2.341963 0.596801 -1.407337
v -2.304925 0.605598 -1.405089
v -2.265886 0.614018 -1.400498
v -2.224995 0.622045 -1.393468
v -2.195445 0.612259 -1.367377
v -2.172500 0.596222 -1.333975
v -2.150962 0.581401 -1.300430
v -2.130466 0.567921 -1.266783
v -2.110659 0.555893 -1.233020
v -2.091180 0.545499 -1.199006
v -2.065808 0.541415 -1.168186
v -2.036114 0.541541 -1.138187
v -2.005088 0.543406 -1.106550
v -1.972495 0.547247 -1.072915
v -1.938101 0.553378 -1.036853
v -2.805827 0.537938 -1.222610
v -2.790258 0.547753 -1.254610
v -2.773288 0.559665 -1.284845
v -2.754563 0.573401 -1.313530
v -2.731820 0.586043 -1.338284
v -2.700000 0.589043 -1.351078
v -2.668258 0.592779 -1.362168
v -2.636531 0.597030 -1.371632
v -2.604731 0.601608 -1.379538
v -2.572801 0.606437 -1.385897
v -2.540719 0.611459 -1.390689
v -2.508456 0.616599 -1.393875
v -2.475971 0.621765 -1.395408
v -2.443209 0.626854 -1.395220
v -2.410098 0.631742 -1.393229
v -2.376520 0.636285 -1.389320
v -2.340682 0.645130 -1.387625
v -2.302709 0.654343 -1.384426
v -2.262895 0.663075 -1.378902
v -2.222688 0.669128 -1.369153
v -2.193496 0.656716 -1.342114
v -2.169667 0.639433 -1.309781
v -2.147317 0.623361 -1.277273
v -2.126107 0.608626 -1.244654
v -2.105706 0.595340 -1.211927
v -2.085779 0.583700 -1.178995
v -2.058953 0.579863 -1.149979
v -2.029773 0.579017 -1.120863
v -1.999641 0.579937 -1.090392
v -1.968306 0.582972 -1.058168
v -1.935493 0.588568 -1.023694
v -2.804725 0.563354 -1.204326
v -2.789809 0.573518 -1.233298
v -2.773317 0.585974 -1.260747
v -2.754897 0.600603 -1.286771
v -2.734464 0.616854 -1.311474
v -2.708128 0.628483 -1.329894
v -2.676301 0.633397 -1.340447
v -2.644268 0.638729 -1.349485
v -2.611992 0.644288 -1.357027
v -2.579435 0.650003 -1.363060
v -2.546592 0.655817 -1.367548
v -2.513459 0.661653 -1.370435
v -2.480010 0.667376 -1.371618
v -2.446220 0.673015 -1.371127
v -2.412030 0.678309 -1.368752
v -2.376953 0.685155 -1.365990
v -2.339727 0.695288 -1.364101
v -2.300696 0.704863 -1.359954
v -2.259989 0.713842 -1.353518
v -2.222291 0.713795 -1.338534
v -2.191265 0.702250 -1.313564
v -2.166444 0.683735 -1.282347
v -2.143180 0.666399 -1.250935
v -2.121161 0.650367 -1.219406
v -2.100083 0.635747 -1.187793
v -2.079226 0.623154 -1.156335
v -2.050978 0.619485 -1.129197
v -2.022335 0.617295 -1.101241
v -1.993120 0.616896 -1.072195
v -1.963240 0.618833 -1.041771
v -1.932455 0.623383 -1.009577
v -2.804190 0.585653 -1.185953
v -2.790229 0.596738 -1.210628
v -2.774321 0.610122 -1.234541
v -2.756139 0.625908 -1.257609
v -2.735995 0.643235 -1.279558
v -2.713628 0.661781 -1.300570
v -2.685634 0.674749 -1.315547
v -2.653218 0.681284 -1.324013
v -2.620385 0.687925 -1.331059
v -2.587126 0.694610 -1.336647
v -2.553453 0.701283 -1.340723
v -2.519376 0.707870 -1.343217
v -2.484891 0.714281 -1.344048
v -2.449977 0.720410 -1.343117
v -2.414602 0.726129 -1.340312
v -2.377761 0.736631 -1.339211
v -2.339196 0.747209 -1.336380
v -2.298978 0.757105 -1.331300
v -2.257251 0.766282 -1.323988
v -2.221649 0.759466 -1.304560
v -2.189169 0.748193 -1.280977
v -2.162856 0.729119 -1.251345
v -2.138560 0.710502 -1.221074
v -2.115618 0.693127 -1.190688
v -2.093758 0.677097 -1.160253
v -2.069980 0.665554 -1.131526
v -2.041767 0.660374 -1.105380
v -2.013586 0.656469 -1.078797
v -1.985183 0.654151 -1.051450
v -1.956978 0.654055 -1.023527
v -1.931825 0.653886 -0.993711
v -2.804146 0.605136 -1.167322
v -2.791465 0.617435 -1.186629
v -2.776444 0.632015 -1.206080
v -2.758575 0.649138 -1.225791
v -2.738667 0.667635 -1.244920
v -2.716503 0.687251 -1.263429
v -2.692036 0.707699 -1.281093
v -2.663564 0.724611 -1.294953
v -2.630065 0.732428 -1.301365
v -2.596005 0.740159 -1.306379
v -2.561411 0.747754 -1.309926
v -2.526304 0.755141 -1.311924
v -2.490691 0.762235 -1.312277
v -2.454562 0.768928 -1.310874
v -2.417731 0.777219 -1.308897
v -2.379472 0.788211 -1.306901
v -2.339654 0.798806 -1.302901
v -2.298293 0.808902 -1.296874
v -2.256462 0.815845 -1.287366
v -2.221601 0.804412 -1.265908
v -2.190929 0.787200 -1.240119
v -2.161592 0.770986 -1.213943
v -2.133451 0.755637 -1.187351
v -2.109444 0.736866 -1.158149
v -2.086669 0.719344 -1.128942
v -2.059494 0.709544 -1.103063
v -2.031131 0.702606 -1.078005
v -2.003212 0.696644 -1.052909
v -1.977431 0.690138 -1.026907
v -1.957950 0.681329 -0.999885
v -1.944978 0.670442 -0.971869
vn -0.8796 0.3403 -0.3323
vn -0.8661 -0.3753 -0.3302
vn -0.8704 0.1539 0.4677
vn -0.7658 -0.5417 0.3466
vn 0.7244 0.6867 -0.0610
vn 0.8805 -0.3228 -0.3472
vn 0.8232 0.3298 0.4621
vn 0.8556 -0.4244 0.2964
vn 0.8765 -0.3229 -0.3570
vn 0.8704 -0.3279 -0.3671
vn 0.8627 -0.3351 -0.3788
vn 0.8529 -0.3425 -0.3941
vn 0.8775 -0.3176 -0.3594
vn 0.9307 -0.2486 -0.2683
vn 0.9498 -0.2330 -0.2090
vn 0.9330 -0.3307 -0.1418
vn 0.9029 -0.4201 -0.0907
vn 0.8848 -0.4551 -0.1001
vn 0.8477 -0.5266 -0.0638
vn 0.7713 -0.6363 0.0100
vn 0.7257 -0.6872 0.0335
vn 0.7033 -0.7088 -0.0550
vn 0.6851 -0.7072 -0.1748
vn 0.7291 -0.6492 -0.2166
vn 0.7536 -0.6040 -0.2594
vn 0.7215 -0.6435 -0.2557
vn 0.6441 -0.7612 0.0751
vn 0.5417 -0.7281 0.4201
vn 0.6094 -0.6070 0.5100
vn 0.6889 -0.4639 0.5570
vn 0.7699 -0.3871 0.5073
vn 0.8098 -0.3084 0.4991
vn 0.7990 -0.2766 0.5339
vn 0.7974 -0.3014 0.5228
vn 0.8201 -0.3425 0.4584
vn 0.8533 -0.3797 0.3573
vn 0.8617 -0.3976 0.3153
vn 0.8612 -0.4061 0.3056
vn 0.8589 -0.4149 0.3002
vn -0.8038 -0.4593 -0.3781
vn -0.7447 -0.5129 -0.4269
vn -0.7180 -0.5280 -0.4535
vn -0.6985 -0.5383 -0.4715
vn -0.7007 -0.5391 -0.4674
vn -0.7493 -0.5151 -0.4162
vn -0.7091 -0.5649 -0.4220
vn -0.3500 -0.7415 -0.5725
vn 0.0313 -0.7577 -0.6519
vn 0.0588 -0.7165 -0.6951
vn 0.0179 -0.6933 -0.7205
vn 0.0284 -0.6864 -0.7267
vn 0.0763 -0.6941 -0.7158
vn 0.1863 -0.7124 -0.6766
vn 0.2895 -0.7190 -0.6319
vn 0.3239 -0.7177 -0.6164
vn 0.3321 -0.7104 -0.6206
vn 0.3454 -0.6962 -0.6293
vn 0.3645 -0.6916 -0.6235
vn 0.4314 -0.7076 -0.5597
vn 0.4349 -0.7571 -0.4875
vn 0.3672 -0.8212 -0.4367
vn 0.3548 -0.8560 -0.3760
vn 0.3762 -0.8760 -0.3018
vn 0.4928 -0.8412 -0.2224
vn 0.7288 -0.6638 -0.1678
vn 0.8755 -0.4320 -0.2168
vn 0.8801 -0.3653 -0.3034
vn 0.8765 -0.3508 -0.3296
vn 0.8808 -0.3353 -0.3342
vn 0.8819 -0.3259 -0.3407
vn -0.8689 0.1678 0.4657
vn -0.8657 0.1873 0.4643
vn -0.8609 0.2097 0.4635
vn -0.8400 0.2510 0.4811
vn -0.7571 0.3508 0.5512
vn -0.6878 0.4201 0.5919
vn -0.6767 0.4505 0.5823
vn -0.6839 0.4657 0.5617
vn -0.6740 0.4746 0.5662
vn -0.6691 0.4814 0.5662
vn -0.6596 0.4997 0.5614
vn -0.6475 0.5192 0.5579
vn -0.6319 0.5399 0.5560
vn -0.6123 0.5619 0.5562
vn -0.5877 0.5851 0.5588
vn -0.5433 0.6055 0.5815
vn -0.4475 0.6273 0.6373
vn -0.3549 0.6471 0.6748
vn -0.1307 0.7216 0.6799
vn 0.2845 0.7474 0.6003
vn 0.5116 0.6961 0.5037
vn 0.5691 0.6701 0.4765
vn 0.6334 0.6225 0.4595
vn 0.6472 0.5948 0.4767
vn 0.6826 0.5486 0.4828
vn 0.7398 0.4731 0.4784
vn 0.7672 0.4209 0.4840
vn 0.7885 0.3880 0.4772
vn 0.7988 0.3756 0.4700
vn 0.8073 0.3639 0.4646
vn 0.8159 0.3475 0.4621
vn -0.8827 0.3362 -0.3282
vn -0.8822 0.3062 -0.3578
vn -0.8495 0.2627 -0.4575
vn -0.8168 0.2462 -0.5217
vn -0.8095 0.2553 -0.5288
vn -0.8010 0.2661 -0.5362
vn -0.8034 0.2677 -0.5318
vn -0.8824 0.2661 -0.3881
vn -0.9349 0.2523 -0.2494
vn -0.9324 0.2475 -0.2635
vn -0.9257 0.2511 -0.2830
vn -0.9177 0.2573 -0.3028
vn -0.9084 0.2661 -0.3224
vn -0.8878 0.2952 -0.3530
vn -0.8661 0.3513 -0.3555
vn -0.9017 0.3915 -0.1834
vn -0.9242 0.3800 -0.0378
vn -0.9245 0.3757 -0.0652
vn -0.9211 0.3777 -0.0947
vn -0.9414 0.3338 -0.0475
vn -0.9579 0.2793 -0.0661
vn -0.9416 0.3075 -0.1374
vn -0.9337 0.3485 -0.0816
vn -0.9484 0.3171 0.0031
vn -0.9456 0.2791 0.1671
vn -0.8614 0.2984 0.4110
vn -0.8069 0.3078 0.5042
vn -0.8368 0.2507 0.4867
vn -0.8498 0.1877 0.4926
vn -0.8584 0.1734 0.4828
vn -0.8650 0.1622 0.4748
vn 0.8346 -0.4483 0.3202
vn 0.7811 -0.4881 0.3895
vn 0.5839 -0.6352 0.5055
vn 0.1138 -0.8197 0.5613
vn -0.2111 -0.8351 0.5080
vn -0.2538 -0.8306 0.4956
vn -0.2827 -0.8237 0.4915
vn -0.1908 -0.8297 0.5245
vn -0.0939 -0.8298 0.5501
vn -0.1295 -0.8349 0.5349
vn -0.2158 -0.8456 0.4882
vn -0.2276 -0.8588 0.4589
vn -0.1783 -0.8631 0.4725
vn -0.1881 -0.8568 0.4801
vn -0.2091 -0.8518 0.4803
vn -0.2298 -0.8460 0.4811
vn -0.2486 -0.8396 0.4831
vn -0.2645 -0.8329 0.4862
vn -0.2785 -0.8259 0.4903
vn -0.2912 -0.8186 0.4951
vn -0.3030 -0.8109 0.5007
vn -0.3818 -0.7829 0.4912
vn -0.6072 -0.6703 0.4265
vn -0.7426 -0.5589 0.3691
vn -0.7454 -0.5479 0.3798
vn -0.7476 -0.5382 0.3891
vn -0.7501 -0.5328 0.3917
vn -0.7480 -0.5391 0.3870
vn -0.7486 -0.5506 0.3694
vn -0.7606 -0.5493 0.3462
vn -0.7654 -0.5456 0.3415
vn 0.8211 0.3247 0.4695
vn 0.8167 0.3227 0.4784
vn 0.8095 0.3234 0.4901
vn 0.8060 0.3551 0.4736
vn 0.7740 0.4186 0.4751
vn 0.7371 0.4431 0.5103
vn 0.7251 0.4233 0.5432
vn 0.7704 0.4135 0.4853
vn 0.7904 0.4265 0.4397
vn 0.7248 0.4728 0.5011
vn 0.6610 0.4978 0.5615
vn 0.6834 0.4700 0.5586
vn 0.7876 0.4183 0.4524
vn 0.8586 0.4138 0.3026
vn 0.8739 0.4861 0.0042
vn 0.8292 0.5041 -0.2412
vn 0.8340 0.5275 -0.1620
vn 0.8364 0.5437 -0.0697
vn 0.8086 0.5809 -0.0938
vn 0.7537 0.6394 -0.1517
vn 0.7601 0.6455 -0.0743
vn 0.8172 0.5641 -0.1182
vn 0.8128 0.5213 -0.2600
vn 0.7689 0.6057 -0.2046
vn 0.7210 0.6786 -0.1402
vn 0.7031 0.7031 -0.1065
vn 0.7076 0.7008 -0.0900
vn 0.7117 0.6983 -0.0762
vn 0.7153 0.6957 -0.0659
vn 0.7186 0.6927 -0.0609
vn 0.7217 0.6895 -0.0605
vn 0.7122 0.6993 -0.0615
vn 0.6917 0.7173 -0.0838
vn 0.6774 0.7207 -0.1474
vn 0.6923 0.6828 -0.2333
vn 0.7019 0.6331 -0.3262
vn 0.7110 0.5744 -0.4056
vn 0.7489 0.4977 -0.4376
vn 0.7403 0.5114 -0.4364
vn 0.6873 0.5939 -0.4183
vn 0.6622 0.6426 -0.3854
vn 0.6498 0.6683 -0.3621
vn 0.5546 0.7430 -0.3748
vn 0.3246 0.8288 -0.4557
vn 0.1001 0.8119 -0.5751
vn 0.0560 0.7069 -0.7051
vn 0.0198 0.6100 -0.7921
vn -0.1031 0.5721 -0.8137
vn -0.1766 0.5960 -0.7833
vn -0.1780 0.6518 -0.7373
vn -0.2097 0.6908 -0.6920
vn -0.2546 0.7169 -0.6490
vn -0.3071 0.7372 -0.6018
vn -0.4350 0.7210 -0.5394
vn -0.6048 0.6498 -0.4604
vn -0.7052 0.5833 -0.4032
vn -0.7500 0.5404 -0.3814
vn -0.7785 0.5050 -0.3727
vn -0.8037 0.4703 -0.3646
vn -0.8271 0.4348 -0.3560
vn -0.8501 0.3972 -0.3459
vn -0.8680 0.3639 -0.3377
vn -0.7626 -0.5385 0.3585
vn -0.7576 -0.5371 0.3708
vn -0.7515 -0.5357 0.3851
vn -0.7442 -0.5329 0.4028
vn -0.7644 -0.5488 0.3384
vn -0.7951 -0.5526 0.2500
vn -0.8030 -0.5398 0.2527
vn -0.7687 -0.5519 0.3232
vn -0.6967 -0.5628 0.4449
vn -0.6530 -0.6086 0.4509
vn -0.6396 -0.6754 0.3672
vn -0.6180 -0.6685 0.4137
vn -0.6347 -0.6379 0.4361
vn -0.7191 -0.6462 0.2555
vn -0.7798 -0.6255 -0.0259
vn -0.8072 -0.5321 -0.2553
vn -0.8157 -0.4232 -0.3943
vn -0.7967 -0.4078 -0.4461
vn -0.7582 -0.4711 -0.4508
vn -0.7139 -0.5225 -0.4662
vn -0.7120 -0.5324 -0.4579
vn -0.7238 -0.5303 -0.4415
vn -0.7348 -0.5287 -0.4248
vn -0.7448 -0.5279 -0.4083
vn -0.7536 -0.5276 -0.3920
vn -0.7614 -0.5279 -0.3763
vn -0.7712 -0.5194 -0.3681
vn -0.7932 -0.4678 -0.3900
vn -0.8372 -0.3927 -0.3807
vn -0.8723 -0.3638 -0.3266
vn -0.8724 -0.3729 -0.3159
vn 0.8847 -0.3157 -0.3431
vn 0.8877 -0.3105 -0.3400
vn 0.8884 -0.3289 -0.3201
vn 0.8862 -0.3856 -0.2568
vn 0.8875 -0.4232 -0.1823
vn 0.9355 -0.3015 -0.1843
vn 0.9575 -0.1550 -0.2431
vn 0.9298 -0.2368 -0.2817
vn 0.8958 -0.3340 -0.2932
vn 0.8864 -0.3576 -0.2940
vn 0.8853 -0.3642 -0.2891
vn 0.8845 -0.3694 -0.2850
vn 0.8842 -0.3725 -0.2818
vn 0.8847 -0.3728 -0.2797
vn 0.8866 -0.3689 -0.2790
vn 0.8979 -0.3307 -0.2905
vn 0.9161 -0.2467 -0.3161
vn 0.9246 -0.1853 -0.3329
vn 0.9245 -0.1320 -0.3575
vn 0.9056 -0.0753 -0.4174
vn 0.8712 -0.0384 -0.4894
vn 0.8361 0.0394 -0.5471
vn 0.7961 0.1063 -0.5957
vn 0.7592 0.1254 -0.6387
vn 0.7266 0.1541 -0.6695
vn 0.7103 0.2066 -0.6729
vn 0.7342 0.2521 -0.6304
vn 0.7893 0.3217 -0.5230
vn 0.8129 0.4786 -0.3317
vn 0.7753 0.6175 -0.1330
vn 0.7387 0.6712 -0.0620
vn 0.8624 -0.4068 0.3012
vn 0.8608 -0.3891 0.3280
vn 0.8497 -0.3692 0.3764
vn 0.8346 -0.3456 0.4290
vn 0.8224 -0.3221 0.4689
vn 0.8255 -0.2817 0.4890
vn 0.8380 -0.2421 0.4890
vn 0.8510 -0.2077 0.4823
vn 0.8624 -0.1730 0.4758
vn 0.8719 -0.1386 0.4696
vn 0.8798 -0.1039 0.4638
vn 0.8860 -0.0684 0.4586
vn 0.8904 -0.0315 0.4541
vn 0.8929 0.0069 0.4502
vn 0.8933 0.0470 0.4470
vn 0.8948 0.0969 0.4358
vn 0.8978 0.1210 0.4234
vn 0.8915 0.1475 0.4284
vn 0.8769 0.1954 0.4392
vn 0.8690 0.2204 0.4430
vn 0.8606 0.2474 0.4452
vn 0.8512 0.2730 0.4483
vn 0.8406 0.2980 0.4523
vn 0.8288 0.3230 0.4568
vn 0.8159 0.3476 0.4620
vn 0.8024 0.3707 0.4677
vn 0.7883 0.3928 0.4735
vn 0.7848 0.3970 0.4759
vn 0.7943 0.3854 0.4697
vn 0.8109 0.3566 0.4639
vn 0.8255 0.3274 0.4597
vn -0.8778 0.1280 0.4616
vn -0.8847 0.0991 0.4556
vn -0.8901 0.0757 0.4493
vn -0.8951 0.0533 0.4427
vn -0.8996 0.0285 0.4357
vn -0.9032 0.0041 0.4291
vn -0.9059 -0.0194 0.4230
vn -0.9077 -0.0420 0.4176
vn -0.9086 -0.0609 0.4133
vn -0.9089 -0.0759 0.4101
vn -0.9111 -0.0798 0.4043
vn -0.9154 -0.0888 0.3926
vn -0.9141 -0.1135 0.3893
vn -0.9078 -0.1361 0.3967
vn -0.9078 -0.1377 0.3962
vn -0.9119 -0.1125 0.3948
vn -0.9111 -0.0937 0.4015
vn -0.9078 -0.0905 0.4095
vn -0.9061 -0.0886 0.4137
vn -0.9056 -0.0843 0.4157
vn -0.9052 -0.0807 0.4173
vn -0.9044 -0.0791 0.4193
vn -0.9035 -0.0820 0.4207
vn -0.9032 -0.0902 0.4196
vn -0.8710 -0.2570 0.4187
vn -0.7885 -0.4681 0.3989
vn -0.7676 -0.5123 0.3852
vn -0.7691 -0.5193 0.3726
vn -0.7755 -0.5209 0.3568
vn -0.7771 -0.5270 0.3442
vn -0.7706 -0.5381 0.3414
vn -0.8888 0.3171 -0.3309
vn -0.8977 0.2907 -0.3310
vn -0.9048 0.2706 -0.3289
vn -0.9115 0.2511 -0.3258
vn -0.9186 0.2286 -0.3224
vn -0.9254 0.2054 -0.3185
vn -0.9317 0.1821 -0.3142
vn -0.9286 0.2213 -0.2977
vn -0.9138 0.3005 -0.2732
vn -0.9097 0.3070 -0.2796
vn -0.9119 0.2422 -0.3314
vn -0.9269 0.1154 -0.3572
vn -0.9436 -0.0728 -0.3231
vn -0.9379 -0.2000 -0.2836
vn -0.9444 -0.1795 -0.2754
vn -0.9553 -0.0950 -0.2801
vn -0.9572 -0.0599 -0.2832
vn -0.9529 -0.0944 -0.2883
vn -0.9422 -0.1328 -0.3077
vn -0.9274 -0.1622 -0.3371
vn -0.9119 -0.1872 -0.3653
vn -0.8968 -0.2120 -0.3882
vn -0.8822 -0.2423 -0.4037
vn -0.8703 -0.2683 -0.4130
vn -0.8620 -0.2832 -0.4204
vn -0.8561 -0.2953 -0.4241
vn -0.8523 -0.3086 -0.4223
vn -0.8508 -0.3254 -0.4126
vn -0.8543 -0.3343 -0.3981
vn -0.8630 -0.3331 -0.3799
vn -0.8691 -0.3457 -0.3537
vn -0.8675 0.3687 -0.3338
vn -0.8476 0.4077 -0.3395
vn -0.8233 0.4497 -0.3465
vn -0.7988 0.4869 -0.3533
vn -0.7734 0.5221 -0.3596
vn -0.7230 0.5943 -0.3523
vn -0.6617 0.6854 -0.3040
vn -0.5712 0.7842 -0.2426
vn -0.4584 0.8649 -0.2047
vn -0.3902 0.8934 -0.2227
vn -0.3689 0.8859 -0.2811
vn -0.3495 0.8690 -0.3502
vn -0.3625 0.8283 -0.4271
vn -0.3697 0.7843 -0.4982
vn -0.2386 0.7955 -0.5571
vn 0.0637 0.8356 -0.5456
vn 0.2449 0.8654 -0.4372
vn 0.2207 0.9278 -0.3007
vn 0.2821 0.9353 -0.2137
vn 0.4224 0.8862 -0.1904
vn 0.5164 0.8265 -0.2240
vn 0.5523 0.7838 -0.2840
vn 0.5793 0.7507 -0.3175
vn 0.6741 0.6890 -0.2662
vn 0.7202 0.6707 -0.1774
vn 0.6747 0.7292 -0.1141
vn 0.6423 0.7629 -0.0732
vn 0.6462 0.7608 -0.0605
vn 0.6646 0.7447 -0.0608
vn 0.6843 0.7267 -0.0604
vn 0.7044 0.7073 -0.0601
vn -0.8605 0.3470 -0.3730
vn -0.8377 0.3874 -0.3850
vn -0.8132 0.4283 -0.3941
vn -0.7884 0.4675 -0.3998
vn -0.7353 0.5580 -0.3847
vn -0.6361 0.7002 -0.3243
vn -0.5446 0.8025 -0.2438
vn -0.4825 0.8560 -0.1855
vn -0.4409 0.8806 -0.1735
vn -0.4311 0.8831 -0.1850
vn -0.4255 0.8826 -0.2001
vn -0.4229 0.8794 -0.2185
vn -0.4423 0.8664 -0.2316
vn -0.4499 0.8629 -0.2303
vn -0.3594 0.9032 -0.2344
vn -0.0122 0.9701 -0.2425
vn 0.2974 0.9275 -0.2267
vn 0.3206 0.9226 -0.2143
vn 0.3323 0.9293 -0.1613
vn 0.3498 0.9280 -0.1283
vn 0.3736 0.9131 -0.1631
vn 0.4324 0.8775 -0.2074
vn 0.5126 0.8328 -0.2089
vn 0.6645 0.7322 -0.1494
vn 0.7461 0.6581 -0.1017
vn 0.7304 0.6779 -0.0833
vn 0.6800 0.7302 -0.0673
vn 0.6425 0.7638 -0.0607
vn 0.6538 0.7543 -0.0589
vn 0.6755 0.7350 -0.0592
vn 0.6978 0.7138 -0.0597
vn -0.8302 0.3017 -0.4688
vn -0.8087 0.3423 -0.4784
vn -0.7864 0.3828 -0.4849
vn -0.7404 0.4778 -0.4727
vn -0.6283 0.6593 -0.4130
vn -0.5183 0.7867 -0.3354
vn -0.4730 0.8303 -0.2948
vn -0.4606 0.8384 -0.2914
vn -0.4555 0.8391 -0.2973
vn -0.4480 0.8398 -0.3066
vn -0.4408 0.8397 -0.3170
vn -0.4338 0.8409 -0.3236
vn -0.4307 0.8442 -0.3192
vn -0.4139 0.8605 -0.2970
vn -0.3383 0.9048 -0.2585
vn -0.0593 0.9743 -0.2174
vn 0.2286 0.9517 -0.2050
vn 0.3468 0.9142 -0.2098
vn 0.4238 0.8895 -0.1707
vn 0.3795 0.9148 -0.1385
vn 0.3191 0.9409 -0.1135
vn 0.3238 0.9397 -0.1099
vn 0.4371 0.8915 -0.1187
vn 0.6264 0.7720 -0.1079
vn 0.7450 0.6606 -0.0927
vn 0.7612 0.6429 -0.0850
vn 0.7251 0.6844 -0.0761
vn 0.6646 0.7443 -0.0662
vn 0.6454 0.7614 -0.0614
vn 0.6687 0.7408 -0.0628
vn 0.6924 0.7186 -0.0640
vn -0.8031 0.2868 -0.5223
vn -0.7859 0.3296 -0.5232
vn -0.7548 0.4096 -0.5123
vn -0.6467 0.6050 -0.4645
vn -0.5117 0.7641 -0.3929
vn -0.4600 0.8130 -0.3570
vn -0.4599 0.8145 -0.3537
vn -0.4587 0.8166 -0.3505
vn -0.4559 0.8194 -0.3476
vn -0.4510 0.8231 -0.3451
vn -0.4436 0.8279 -0.3433
vn -0.4257 0.8397 -0.3371
vn -0.3955 0.8632 -0.3138
vn -0.3567 0.8943 -0.2702
vn -0.2807 0.9338 -0.2217
vn -0.0716 0.9803 -0.1841
vn 0.1391 0.9739 -0.1796
vn 0.3040 0.9325 -0.1950
vn 0.4464 0.8720 -0.2008
vn 0.4686 0.8632 -0.1879
vn 0.4095 0.8999 -0.1498
vn 0.3407 0.9336 -0.1113
vn 0.3664 0.9253 -0.0981
vn 0.5582 0.8243 -0.0947
vn 0.7224 0.6862 -0.0846
vn 0.7641 0.6392 -0.0875
vn 0.7613 0.6433 -0.0814
vn 0.6999 0.7104 -0.0731
vn 0.6452 0.7606 -0.0717
vn 0.6630 0.7452 -0.0715
vn 0.6877 0.7222 -0.0740
vn -0.7951 0.2978 -0.5283
vn -0.7759 0.3503 -0.5247
vn -0.6938 0.5191 -0.4993
vn -0.5394 0.7238 -0.4303
vn -0.4558 0.8029 -0.3843
vn -0.4525 0.8073 -0.3789
vn -0.4521 0.8089 -0.3758
vn -0.4509 0.8111 -0.3725
vn -0.4483 0.8140 -0.3693
vn -0.4424 0.8191 -0.3653
vn -0.4154 0.8411 -0.3465
vn -0.3761 0.8768 -0.2997
vn -0.3347 0.9110 -0.2410
vn -0.3001 0.9343 -0.1923
vn -0.2525 0.9532 -0.1663
vn -0.0871 0.9848 -0.1505
vn 0.0793 0.9868 -0.1410
vn 0.2082 0.9655 -0.1565
vn 0.3725 0.9100 -0.1824
vn 0.4865 0.8510 -0.1979
vn 0.5006 0.8446 -0.1899
vn 0.4448 0.8820 -0.1557
vn 0.3821 0.9163 -0.1204
vn 0.5030 0.8594 -0.0920
vn 0.6834 0.7252 -0.0840
vn 0.7536 0.6513 -0.0889
vn 0.7738 0.6268 -0.0918
vn 0.7278 0.6777 -0.1046
vn 0.6725 0.7330 -0.1019
vn 0.6658 0.7408 -0.0884
vn 0.6827 0.7255 -0.0874
vn -0.7860 0.3096 -0.5351
vn -0.7510 0.4035 -0.5227
vn -0.6077 0.6326 -0.4802
vn -0.4631 0.7792 -0.4223
vn -0.4443 0.7994 -0.4044
vn -0.4437 0.8010 -0.4018
vn -0.4430 0.8030 -0.3987
vn -0.4416 0.8054 -0.3954
vn -0.4268 0.8191 -0.3834
vn -0.4005 0.8479 -0.3473
vn -0.3453 0.8933 -0.2876
vn -0.2985 0.9265 -0.2289
vn -0.2826 0.9391 -0.1954
vn -0.2763 0.9418 -0.1915
vn -0.2306 0.9552 -0.1854
vn -0.0714 0.9858 -0.1521
vn 0.0572 0.9901 -0.1284
vn 0.1315 0.9821 -0.1352
vn 0.2669 0.9506 -0.1583
vn 0.4205 0.8878 -0.1869
vn 0.5166 0.8321 -0.2019
vn 0.5276 0.8267 -0.1953
vn 0.4748 0.8644 -0.1652
vn 0.5101 0.8511 -0.1244
vn 0.6461 0.7563 -0.1026
vn 0.7350 0.6688 -0.1113
vn 0.7530 0.6413 -0.1474
vn 0.7435 0.6445 -0.1781
vn 0.7223 0.6697 -0.1726
vn 0.7052 0.6944 -0.1429
vn 0.6962 0.7086 -0.1145
vn -0.7789 0.3190 -0.5399
vn -0.6949 0.4873 -0.5289
vn -0.5237 0.7106 -0.4699
vn -0.4369 0.7905 -0.4291
vn -0.4352 0.7925 -0.4273
vn -0.4339 0.7945 -0.4248
vn -0.4327 0.7968 -0.4219
vn -0.4115 0.8168 -0.4044
vn -0.3621 0.8619 -0.3549
vn -0.3132 0.9052 -0.2873
vn -0.2735 0.9324 -0.2362
vn -0.2587 0.9406 -0.2200
vn -0.2652 0.9384 -0.2214
vn -0.2704 0.9378 -0.2176
vn -0.1832 0.9652 -0.1867
vn -0.0348 0.9893 -0.1417
vn 0.0455 0.9911 -0.1251
vn 0.0980 0.9872 -0.1255
vn 0.1768 0.9746 -0.1372
vn 0.3157 0.9342 -0.1663
vn 0.4602 0.8655 -0.1975
vn 0.5425 0.8129 -0.2121
vn 0.5524 0.8083 -0.2040
vn 0.5641 0.8074 -0.1731
vn 0.6325 0.7594 -0.1524
vn 0.6920 0.6998 -0.1770
vn 0.7162 0.6635 -0.2164
vn 0.7379 0.6329 -0.2342
vn 0.7528 0.6150 -0.2344
vn 0.7579 0.6168 -0.2126
vn 0.7431 0.6458 -0.1752
vn -0.8481 0.3425 -0.4043
vn -0.7050 0.5818 -0.4056
vn -0.5166 0.7624 -0.3896
vn -0.4754 0.7788 -0.4092
vn -0.4491 0.7791 -0.4373
vn -0.4265 0.7869 -0.4461
vn -0.3988 0.8115 -0.4272
vn -0.3330 0.8677 -0.3690
vn -0.2729 0.9134 -0.3021
vn -0.2462 0.9323 -0.2648
vn -0.2434 0.9354 -0.2564
vn -0.2521 0.9328 -0.2574
vn -0.2589 0.9307 -0.2585
vn -0.2154 0.9489 -0.2308
vn -0.1024 0.9806 -0.1670
vn -0.0196 0.9913 -0.1299
vn 0.0351 0.9913 -0.1270
vn 0.0854 0.9881 -0.1279
vn 0.1346 0.9823 -0.1300
vn 0.2169 0.9653 -0.1456
vn 0.3618 0.9156 -0.1753
vn 0.5041 0.8415 -0.1946
vn 0.5799 0.7931 -0.1861
vn 0.6072 0.7787 -0.1582
vn 0.5967 0.7856 -0.1638
vn 0.6081 0.7640 -0.2157
vn 0.6884 0.6833 -0.2434
vn 0.7230 0.6440 -0.2501
vn 0.7521 0.6079 -0.2545
vn 0.7764 0.5759 -0.2561
vn 0.7873 0.5674 -0.2414
vn -0.8985 0.3611 -0.2498
vn -0.7490 0.6203 -0.2329
vn -0.5924 0.7725 -0.2287
vn -0.5783 0.7712 -0.2662
vn -0.5374 0.7875 -0.3018
vn -0.4654 0.8280 -0.3126
vn -0.3759 0.8822 -0.2836
vn -0.2962 0.9196 -0.2580
vn -0.2600 0.9277 -0.2677
vn -0.2406 0.9272 -0.2871
vn -0.2356 0.9264 -0.2938
vn -0.2440 0.9239 -0.2947
vn -0.2220 0.9356 -0.2745
vn -0.1047 0.9729 -0.2059
vn -0.0321 0.9889 -0.1452
vn -0.0234 0.9908 -0.1332
vn 0.0258 0.9908 -0.1332
vn 0.0741 0.9881 -0.1345
vn 0.1217 0.9831 -0.1370
vn 0.1687 0.9756 -0.1403
vn 0.2717 0.9503 -0.1521
vn 0.4539 0.8777 -0.1540
vn 0.5868 0.7985 -0.1342
vn 0.6226 0.7735 -0.1187
vn 0.5327 0.8335 -0.1468
vn 0.4983 0.8429 -0.2031
vn 0.6366 0.7312 -0.2451
vn 0.7095 0.6533 -0.2641
vn 0.7395 0.6172 -0.2689
vn 0.7682 0.5789 -0.2732
vn 0.7956 0.5391 -0.2765
vn -0.8839 0.3964 -0.2481
vn -0.7362 0.6460 -0.2016
vn -0.6282 0.7593 -0.1697
vn -0.6268 0.7606 -0.1693
vn -0.6011 0.7803 -0.1728
vn -0.4904 0.8561 -0.1633
vn -0.3738 0.9160 -0.1458
vn -0.3480 0.9229 -0.1645
vn -0.3365 0.9188 -0.2064
vn -0.3012 0.9215 -0.2452
vn -0.2755 0.9185 -0.2837
vn -0.2423 0.9225 -0.3004
vn -0.1147 0.9627 -0.2449
vn 0.0054 0.9872 -0.1592
vn -0.0143 0.9906 -0.1360
vn -0.0293 0.9893 -0.1426
vn 0.0225 0.9900 -0.1391
vn 0.0753 0.9889 -0.1278
vn 0.1172 0.9868 -0.1121
vn 0.1539 0.9832 -0.0986
vn 0.2144 0.9726 -0.0905
vn 0.3875 0.9173 -0.0920
vn 0.5544 0.8246 -0.1126
vn 0.6218 0.7723 -0.1301
vn 0.5052 0.8495 -0.1519
vn 0.4056 0.8953 -0.1845
vn 0.5671 0.7985 -0.2018
vn 0.7115 0.6786 -0.1824
vn 0.7425 0.6521 -0.1530
vn 0.7732 0.6219 -0.1240
vn 0.7968 0.5950 -0.1052
vn -0.8540 0.4443 -0.2708
vn -0.6936 0.6830 -0.2289
vn -0.6199 0.7574 -0.2049
vn -0.6184 0.7588 -0.2044
vn -0.6015 0.7732 -0.2008
vn -0.4788 0.8584 -0.1842
vn -0.3703 0.9135 -0.1687
vn -0.3810 0.9087 -0.1706
vn -0.3848 0.9062 -0.1753
vn -0.3725 0.9078 -0.1929
vn -0.3429 0.9149 -0.2129
vn -0.2301 0.9553 -0.1855
vn -0.0363 0.9916 -0.1245
vn 0.0365 0.9941 -0.1022
vn -0.0156 0.9942 -0.1060
vn -0.0252 0.9957 -0.0886
vn 0.0209 0.9980 -0.0598
vn 0.0724 0.9968 -0.0342
vn 0.1079 0.9940 -0.0157
vn 0.1357 0.9907 -0.0033
vn 0.1741 0.9847 0.0013
vn 0.2805 0.9596 -0.0199
vn 0.4374 0.8962 -0.0741
vn 0.5719 0.8102 -0.1289
vn 0.5154 0.8420 -0.1595
vn 0.4139 0.9005 -0.1335
vn 0.5766 0.8160 -0.0424
vn 0.7091 0.7046 0.0268
vn 0.7327 0.6788 0.0496
vn 0.7450 0.6658 0.0418
vn 0.7508 0.6605 -0.0089
vn -0.8247 0.4831 -0.2941
vn -0.6555 0.7102 -0.2568
vn -0.6101 0.7550 -0.2402
vn -0.6084 0.7566 -0.2396
vn -0.5900 0.7717 -0.2373
vn -0.4681 0.8547 -0.2244
vn -0.3616 0.9082 -0.2107
vn -0.3719 0.9035 -0.2130
vn -0.3819 0.8989 -0.2148
vn -0.3680 0.9087 -0.1971
vn -0.3078 0.9420 -0.1336
vn -0.1929 0.9791 -0.0652
vn -0.0702 0.9955 -0.0632
vn -0.0086 0.9944 -0.1053
vn 0.0238 0.9939 -0.1076
vn 0.0490 0.9972 -0.0572
vn 0.0663 0.9978 -0.0003
vn 0.0794 0.9964 0.0300
vn 0.0950 0.9949 0.0338
vn 0.1233 0.9920 0.0286
vn 0.1526 0.9880 0.0229
vn 0.1971 0.9803 0.0114
vn 0.2908 0.9564 -0.0267
vn 0.4551 0.8867 -0.0821
vn 0.5079 0.8528 -0.1214
vn 0.5264 0.8463 -0.0825
vn 0.6526 0.7577 -0.0034
vn 0.7195 0.6942 0.0175
vn 0.7205 0.6933 -0.0135
vn 0.6852 0.7228 -0.0895
vn 0.6949 0.7013 -0.1588
vn -0.7986 0.5116 -0.3170
vn -0.6243 0.7275 -0.2847
vn -0.5992 0.7521 -0.2746
vn -0.5968 0.7542 -0.2738
vn -0.5809 0.7668 -0.2731
vn -0.4609 0.8473 -0.2638
vn -0.3525 0.9014 -0.2514
vn -0.3540 0.9020 -0.2471
vn -0.3463 0.9119 -0.2201
vn -0.3003 0.9394 -0.1655
vn -0.2277 0.9663 -0.1199
vn -0.1773 0.9770 -0.1181
vn -0.1375 0.9793 -0.1486
vn -0.0568 0.9830 -0.1744
vn 0.0747 0.9831 -0.1673
vn 0.1587 0.9782 -0.1343
vn 0.1646 0.9812 -0.1009
vn 0.1470 0.9864 -0.0735
vn 0.1408 0.9890 -0.0457
vn 0.1501 0.9885 -0.0188
vn 0.1535 0.9881 -0.0082
vn 0.1675 0.9857 -0.0171
vn 0.2155 0.9760 -0.0300
vn 0.3432 0.9379 -0.0507
vn 0.4392 0.8928 -0.1001
vn 0.5736 0.8076 -0.1371
vn 0.6892 0.7099 -0.1452
vn 0.7247 0.6710 -0.1568
vn 0.6820 0.7061 -0.1904
vn 0.6340 0.7427 -0.2158
vn 0.7190 0.6745 -0.1678
vn -0.7774 0.5299 -0.3388
vn -0.6015 0.7354 -0.3120
vn -0.5875 0.7487 -0.3070
vn -0.5844 0.7515 -0.3061
vn -0.5735 0.7598 -0.3062
vn -0.4491 0.8444 -0.2921
vn -0.3212 0.9131 -0.2511
vn -0.3229 0.9222 -0.2127
vn -0.3034 0.9356 -0.1804
vn -0.2580 0.9516 -0.1671
vn -0.2227 0.9578 -0.1819
vn -0.1922 0.9608 -0.1999
vn -0.1622 0.9654 -0.2044
vn -0.0885 0.9748 -0.2050
vn 0.0732 0.9768 -0.2014
vn 0.1966 0.9609 -0.1949
vn 0.2165 0.9564 -0.1959
vn 0.2213 0.9572 -0.1866
vn 0.2288 0.9600 -0.1614
vn 0.2262 0.9650 -0.1323
vn 0.1975 0.9736 -0.1145
vn 0.1956 0.9760 -0.0958
vn 0.2448 0.9677 -0.0603
vn 0.2762 0.9596 -0.0532
vn 0.3304 0.9392 -0.0939
vn 0.4870 0.8611 -0.1461
vn 0.6446 0.7398 -0.1926
vn 0.7047 0.6754 -0.2175
vn 0.6697 0.7089 -0.2213
vn 0.6915 0.7021 -0.1702
vn 0.7854 0.6110 -0.0991
vn -0.7655 0.5587 -0.3193
vn -0.6071 0.7407 -0.2879
vn -0.5924 0.7542 -0.2833
vn -0.5859 0.7633 -0.2721
vn -0.5782 0.7765 -0.2504
vn -0.4531 0.8666 -0.2090
vn -0.3067 0.9353 -0.1764
vn -0.3112 0.9329 -0.1815
vn -0.3011 0.9321 -0.2011
vn -0.2655 0.9390 -0.2187
vn -0.2378 0.9450 -0.2247
vn -0.1995 0.9544 -0.2221
vn -0.1617 0.9620 -0.2201
vn -0.1097 0.9689 -0.2220
vn 0.0423 0.9746 -0.2198
vn 0.1819 0.9594 -0.2155
vn 0.2142 0.9514 -0.2210
vn 0.2395 0.9445 -0.2249
vn 0.2784 0.9353 -0.2185
vn 0.2841 0.9365 -0.2056
vn 0.2366 0.9502 -0.2030
vn 0.2745 0.9444 -0.1811
vn 0.3123 0.9386 -0.1463
vn 0.2875 0.9487 -0.1319
vn 0.3028 0.9467 -0.1101
vn 0.3853 0.9156 -0.1150
vn 0.5505 0.8206 -0.1538
vn 0.6656 0.7209 -0.1930
vn 0.6911 0.6930 -0.2053
vn 0.7532 0.6332 -0.1779
vn 0.8041 0.5725 -0.1600
vn -0.8212 0.5369 -0.1933
vn -0.6727 0.7002 -0.2390
vn -0.5894 0.7651 -0.2594
vn -0.5687 0.7872 -0.2385
vn -0.5380 0.8205 -0.1934
vn -0.4360 0.8893 -0.1380
vn -0.3582 0.9227 -0.1422
vn -0.3580 0.9136 -0.1926
vn -0.3320 0.9177 -0.2183
vn -0.2902 0.9295 -0.2277
vn -0.2453 0.9407 -0.2344
vn -0.2007 0.9507 -0.2363
vn -0.1619 0.9583 -0.2354
vn -0.1226 0.9642 -0.2353
vn 0.0241 0.9749 -0.2211
vn 0.1792 0.9654 -0.1892
vn 0.2186 0.9626 -0.1600
vn 0.2323 0.9637 -0.1317
vn 0.2509 0.9598 -0.1256
vn 0.2310 0.9575 -0.1730
vn 0.2098 0.9512 -0.2261
vn 0.2960 0.9227 -0.2470
vn 0.3489 0.9022 -0.2536
vn 0.3495 0.9051 -0.2423
vn 0.3676 0.9053 -0.2131
vn 0.3832 0.9054 -0.1827
vn 0.4923 0.8540 -0.1684
vn 0.5932 0.7810 -0.1954
vn 0.6755 0.7001 -0.2315
vn 0.7554 0.6096 -0.2405
vn 0.7877 0.5637 -0.2484
vn -0.9003 0.4277 -0.0810
vn -0.8001 0.5730 -0.1778
vn -0.6310 0.7335 -0.2525
vn -0.5214 0.8137 -0.2571
vn -0.4412 0.8756 -0.1964
vn -0.3878 0.9116 -0.1360
vn -0.4159 0.9006 -0.1259
vn -0.4231 0.8956 -0.1379
vn -0.3810 0.9128 -0.1470
vn -0.3396 0.9274 -0.1566
vn -0.2911 0.9423 -0.1653
vn -0.2398 0.9550 -0.1744
vn -0.1962 0.9628 -0.1856
vn -0.1274 0.9763 -0.1748
vn 0.0463 0.9928 -0.1103
vn 0.1914 0.9804 -0.0464
vn 0.2087 0.9775 -0.0305
vn 0.1883 0.9801 -0.0632
vn 0.1594 0.9778 -0.1358
vn 0.1204 0.9680 -0.2202
vn 0.1548 0.9518 -0.2649
vn 0.2614 0.9239 -0.2795
vn 0.3449 0.8954 -0.2817
vn 0.3721 0.8835 -0.2846
vn 0.4127 0.8679 -0.2765
vn 0.4754 0.8497 -0.2282
vn 0.5012 0.8469 -0.1779
vn 0.5056 0.8416 -0.1899
vn 0.6426 0.7371 -0.2091
vn 0.7803 0.6028 -0.1666
vn 0.8281 0.5537 -0.0875
vn -0.9277 0.3673 -0.0666
vn -0.9009 0.4218 -0.1021
vn -0.7545 0.6321 -0.1767
vn -0.5241 0.8278 -0.2002
vn -0.3655 0.9170 -0.1595
vn -0.3519 0.9269 -0.1300
vn -0.4081 0.9046 -0.1231
vn -0.4303 0.8960 -0.1094
vn -0.4101 0.9065 -0.1004
vn -0.3733 0.9224 -0.0991
vn -0.3318 0.9380 -0.1003
vn -0.2881 0.9516 -0.1074
vn -0.2381 0.9649 -0.1111
vn -0.0885 0.9940 -0.0645
vn 0.0935 0.9956 0.0021
vn 0.1542 0.9880 -0.0095
vn 0.1283 0.9871 -0.0963
vn 0.0914 0.9756 -0.1996
vn 0.0593 0.9600 -0.2736
vn 0.0859 0.9519 -0.2940
vn 0.1731 0.9509 -0.2566
vn 0.2592 0.9444 -0.2024
vn 0.3342 0.9267 -0.1717
vn 0.3601 0.9198 -0.1558
vn 0.4205 0.8972 -0.1349
vn 0.5391 0.8357 -0.1043
vn 0.5627 0.8251 -0.0497
vn 0.5137 0.8568 0.0453
vn 0.6359 0.7560 0.1551
vn 0.7835 0.5799 0.2232
vn 0.8259 0.4971 0.2660
vn -0.9216 0.3770 -0.0920
vn -0.9233 0.3760 -0.0784
vn -0.8479 0.5249 -0.0746
vn -0.6279 0.7700 -0.1131
vn -0.3937 0.9023 -0.1756
vn -0.3318 0.9179 -0.2178
vn -0.3455 0.9113 -0.2240
vn -0.3618 0.9095 -0.2049
vn -0.3615 0.9149 -0.1797
vn -0.3370 0.9294 -0.1508
vn -0.3172 0.9396 -0.1283
vn -0.2920 0.9497 -0.1135
vn -0.2235 0.9709 -0.0856
vn -0.0465 0.9976 -0.0505
vn 0.0764 0.9945 -0.0711
vn 0.0614 0.9871 -0.1475
vn 0.0281 0.9777 -0.2079
vn 0.0227 0.9759 -0.2171
vn 0.0071 0.9792 -0.2025
vn 0.1044 0.9830 -0.1512
vn 0.2396 0.9662 -0.0950
vn 0.2870 0.9569 -0.0452
vn 0.3321 0.9432 -0.0116
vn 0.3953 0.9174 0.0449
vn 0.4639 0.8735 0.1476
vn 0.5352 0.8114 0.2350
vn 0.5961 0.7436 0.3029
vn 0.5839 0.6946 0.4203
vn 0.5960 0.6021 0.5313
vn 0.6543 0.5220 0.5473
vn 0.7140 0.4830 0.5069
vn -0.9268 0.3684 -0.0727
vn -0.9081 0.4158 -0.0502
vn -0.8704 0.4923 -0.0055
vn -0.7753 0.6305 -0.0364
vn -0.5829 0.8007 -0.1380
vn -0.4001 0.8922 -0.2096
vn -0.3328 0.9157 -0.2253
vn -0.3181 0.9241 -0.2116
vn -0.3066 0.9344 -0.1814
vn -0.2934 0.9445 -0.1481
vn -0.2992 0.9448 -0.1332
vn -0.2742 0.9537 -0.1237
vn -0.1595 0.9838 -0.0821
vn -0.0499 0.9978 -0.0429
vn -0.0339 0.9976 -0.0604
vn -0.0338 0.9959 -0.0844
vn -0.0202 0.9969 -0.0761
vn 0.0093 0.9985 -0.0536
vn 0.0175 0.9997 -0.0197
vn 0.1071 0.9941 0.0166
vn 0.2646 0.9635 0.0413
vn 0.3629 0.9262 0.1021
vn 0.3966 0.8935 0.2107
vn 0.4706 0.8199 0.3261
vn 0.5173 0.7381 0.4332
vn 0.5023 0.7140 0.4878
vn 0.5750 0.6492 0.4979
vn 0.6585 0.5560 0.5071
vn 0.6613 0.5199 0.5407
vn 0.6348 0.5185 0.5729
vn 0.6370 0.5078 0.5800
vn -0.9267 0.3701 -0.0653
vn -0.8813 0.4721 -0.0223
vn -0.8565 0.5159 0.0168
vn -0.8468 0.5313 0.0265
vn -0.7529 0.6581 0.0026
vn -0.5556 0.8306 -0.0362
vn -0.4033 0.9134 -0.0559
vn -0.3625 0.9300 -0.0599
vn -0.3376 0.9383 -0.0746
vn -0.3170 0.9426 -0.1045
vn -0.3145 0.9397 -0.1346
vn -0.2491 0.9599 -0.1284
vn -0.0719 0.9954 -0.0626
vn -0.0219 0.9998 -0.0010
vn -0.0815 0.9964 0.0233
vn -0.0745 0.9967 0.0311
vn -0.0360 0.9989 0.0309
vn 0.0025 0.9995 0.0312
vn 0.0838 0.9942 0.0668
vn 0.1740 0.9714 0.1618
vn 0.2961 0.9155 0.2725
vn 0.4402 0.8157 0.3754
vn 0.4731 0.7424 0.4744
vn 0.4946 0.6969 0.5194
vn 0.5140 0.6987 0.4977
vn 0.5139 0.7156 0.4732
vn 0.5917 0.6598 0.4632
vn 0.7037 0.5497 0.4500
vn 0.7465 0.4829 0.4578
vn 0.7178 0.4836 0.5009
vn 0.6762 0.4966 0.5441
vn -0.8990 0.4322 -0.0707
vn -0.8581 0.5131 -0.0205
vn -0.8414 0.5403 -0.0055
vn -0.8375 0.5464 0.0099
vn -0.8063 0.5910 0.0228
vn -0.6557 0.7548 0.0198
vn -0.4607 0.8875 0.0065
vn -0.4110 0.9113 -0.0256
vn -0.4104 0.9082 -0.0819
vn -0.3728 0.9180 -0.1351
vn -0.3299 0.9314 -0.1536
vn -0.1959 0.9743 -0.1115
vn 0.0008 0.9991 -0.0419
vn 0.0389 0.9992 -0.0095
vn -0.0381 0.9993 0.0032
vn -0.0678 0.9976 0.0156
vn 0.0126 0.9977 0.0666
vn 0.0779 0.9807 0.1791
vn 0.1797 0.9323 0.3138
vn 0.2857 0.8503 0.4419
vn 0.3473 0.7774 0.5245
vn 0.4584 0.7034 0.5432
vn 0.5005 0.6827 0.5324
vn 0.4821 0.7070 0.5174
vn 0.4837 0.7124 0.5084
vn 0.5051 0.6867 0.5229
vn 0.5582 0.6334 0.5359
vn 0.6531 0.5582 0.5118
vn 0.7410 0.4890 0.4601
vn 0.7797 0.4534 0.4319
vn 0.7655 0.4542 0.4557
vn -0.8724 0.4860 -0.0526
vn -0.8478 0.5289 -0.0395
vn -0.8334 0.5514 -0.0379
vn -0.8059 0.5919 -0.0135
vn -0.7749 0.6283 0.0684
vn -0.6854 0.7068 0.1752
vn -0.5516 0.8007 0.2337
vn -0.5374 0.8116 0.2291
vn -0.5738 0.7958 0.1932
vn -0.5447 0.8219 0.1668
vn -0.4538 0.8747 0.1699
vn -0.2573 0.9431 0.2105
vn -0.0936 0.9718 0.2164
vn -0.0643 0.9865 0.1506
vn -0.0802 0.9941 0.0734
vn -0.0180 0.9954 0.0938
vn 0.1559 0.9621 0.2238
vn 0.2475 0.8965 0.3675
vn 0.3031 0.8374 0.4548
vn 0.3751 0.7920 0.4817
vn 0.4230 0.7563 0.4991
vn 0.4869 0.7051 0.5155
vn 0.5035 0.6827 0.5296
vn 0.4718 0.6859 0.5540
vn 0.4732 0.6666 0.5759
vn 0.5040 0.6347 0.5858
vn 0.5352 0.6068 0.5877
vn 0.5835 0.5723 0.5762
vn 0.6497 0.5355 0.5396
vn 0.7328 0.4789 0.4834
vn 0.7862 0.4336 0.4403
vn -0.8898 0.4558 -0.0226
vn -0.8400 0.5422 -0.0212
vn -0.8033 0.5922 0.0630
vn -0.7597 0.6199 0.1965
vn -0.6888 0.6425 0.3357
vn -0.6309 0.6391 0.4399
vn -0.5790 0.6523 0.4891
vn -0.5777 0.6472 0.4974
vn -0.6219 0.6123 0.4881
vn -0.6349 0.6059 0.4793
vn -0.5251 0.6780 0.5144
vn -0.3642 0.7523 0.5490
vn -0.3104 0.8054 0.5049
vn -0.3160 0.8609 0.3987
vn -0.2613 0.9168 0.3019
vn -0.0053 0.9513 0.3081
vn 0.2725 0.8953 0.3525
vn 0.3483 0.8605 0.3718
vn 0.3874 0.8373 0.3859
vn 0.4418 0.7919 0.4214
vn 0.4895 0.7382 0.4642
vn 0.5259 0.6937 0.4920
vn 0.5394 0.6697 0.5104
vn 0.5234 0.6634 0.5348
vn 0.5129 0.6514 0.5590
vn 0.5244 0.6308 0.5720
vn 0.5451 0.6100 0.5751
vn 0.5727 0.5850 0.5742
vn 0.6006 0.5577 0.5730
vn 0.6507 0.5140 0.5590
vn 0.7122 0.4703 0.5211
vn -0.9068 0.3596 0.2202
vn -0.8212 0.4932 0.2872
vn -0.7364 0.5547 0.3873
vn -0.6804 0.5756 0.4535
vn -0.6182 0.6187 0.4848
vn -0.5911 0.6427 0.4874
vn -0.5779 0.6576 0.4832
vn -0.5707 0.6664 0.4799
vn -0.6016 0.6423 0.4748
vn -0.6239 0.6095 0.4891
vn -0.5244 0.6527 0.5468
vn -0.4385 0.7084 0.5531
vn -0.4500 0.7371 0.5042
vn -0.4550 0.7590 0.4656
vn -0.4133 0.7948 0.4445
vn -0.1120 0.8916 0.4388
vn 0.2463 0.8868 0.3912
vn 0.3772 0.8433 0.3828
vn 0.4349 0.7943 0.4242
vn 0.4908 0.7406 0.4590
vn 0.5249 0.7077 0.4729
vn 0.5498 0.6875 0.4745
vn 0.5696 0.6713 0.4742
vn 0.5755 0.6601 0.4827
vn 0.5708 0.6483 0.5039
vn 0.5669 0.6325 0.5278
vn 0.5735 0.6101 0.5466
vn 0.5889 0.5851 0.5575
vn 0.6098 0.5608 0.5601
vn 0.6374 0.5312 0.5582
vn 0.6647 0.4994 0.5557
vn -0.8089 0.3084 0.5005
vn -0.7423 0.3580 0.5665
vn -0.6984 0.4263 0.5749
vn -0.6763 0.4839 0.5554
vn -0.6453 0.5384 0.5419
vn -0.6245 0.5777 0.5256
vn -0.6096 0.6083 0.5084
vn -0.5938 0.6355 0.4934
vn -0.5893 0.6447 0.4869
vn -0.5881 0.6400 0.4945
vn -0.5437 0.6722 0.5025
vn -0.5049 0.7160 0.4821
vn -0.5008 0.7345 0.4579
vn -0.4824 0.7490 0.4541
vn -0.4577 0.7626 0.4572
vn -0.2848 0.8373 0.4668
vn 0.1250 0.8817 0.4550
vn 0.4142 0.8001 0.4339
vn 0.4726 0.7598 0.4465
vn 0.5080 0.7412 0.4388
vn 0.5381 0.7291 0.4230
vn 0.5650 0.7150 0.4118
vn 0.5892 0.6989 0.4054
vn 0.6114 0.6805 0.4038
vn 0.6269 0.6621 0.4106
vn 0.6350 0.6414 0.4306
vn 0.6422 0.6129 0.4603
vn 0.6412 0.5909 0.4896
vn 0.6436 0.5722 0.5083
vn 0.6627 0.5451 0.5135
vn 0.6923 0.5055 0.5150
vn -0.7780 0.3730 0.5055
vn -0.7494 0.4176 0.5138
vn -0.7312 0.4396 0.5217
vn -0.7103 0.4695 0.5245
vn -0.6870 0.5084 0.5192
vn -0.6658 0.5480 0.5064
vn -0.6464 0.5830 0.4922
vn -0.6135 0.6160 0.4942
vn -0.5842 0.6328 0.5081
vn -0.6063 0.6301 0.4852
vn -0.5912 0.6627 0.4597
vn -0.5417 0.7031 0.4607
vn -0.5178 0.7184 0.4645
vn -0.4918 0.7314 0.4724
vn -0.4631 0.7421 0.4847
vn -0.3833 0.7733 0.5051
vn -0.0124 0.8437 0.5367
vn 0.3690 0.8017 0.4703
vn 0.4617 0.7902 0.4029
vn 0.4938 0.7889 0.3657
vn 0.5372 0.7725 0.3388
vn 0.5725 0.7534 0.3234
vn 0.6026 0.7333 0.3148
vn 0.6311 0.7106 0.3111
vn 0.6582 0.6850 0.3122
vn 0.6838 0.6567 0.3181
vn 0.7067 0.6262 0.3293
vn 0.7148 0.6054 0.3501
vn 0.7148 0.5875 0.3793
vn 0.7254 0.5534 0.4093
vn 0.7547 0.4865 0.4402
vn -0.8123 0.3496 0.4669
vn -0.7811 0.4338 0.4491
vn -0.7547 0.4933 0.4324
vn -0.7250 0.5376 0.4305
vn -0.7056 0.5613 0.4326
vn -0.6822 0.5861 0.4372
vn -0.6457 0.6092 0.4604
vn -0.5778 0.6279 0.5215
vn -0.5936 0.6032 0.5327
vn -0.6735 0.5745 0.4652
vn -0.6272 0.6301 0.4579
vn -0.5562 0.6781 0.4805
vn -0.5322 0.6943 0.4845
vn -0.5045 0.7136 0.4861
vn -0.4629 0.7350 0.4955
vn -0.3883 0.7548 0.5287
vn -0.1557 0.8136 0.5601
vn 0.2141 0.8348 0.5072
vn 0.4162 0.7954 0.4406
vn 0.4526 0.7838 0.4251
vn 0.5003 0.7655 0.4047
vn 0.5443 0.7490 0.3778
vn 0.5801 0.7359 0.3492
vn 0.6197 0.7157 0.3221
vn 0.6669 0.6780 0.3092
vn 0.7036 0.6364 0.3161
vn 0.7285 0.6002 0.3301
vn 0.7478 0.5667 0.3458
vn 0.7572 0.5382 0.3701
vn 0.7719 0.4899 0.4051
vn 0.7951 0.4144 0.4429
vn -0.8359 0.2454 0.4910
vn -0.8210 0.3183 0.4740
vn -0.7921 0.4019 0.4595
vn -0.7602 0.4722 0.4461
vn -0.7249 0.5303 0.4396
vn -0.6715 0.5717 0.4714
vn -0.6074 0.5872 0.5350
vn -0.5420 0.6063 0.5819
vn -0.6399 0.5673 0.5183
vn -0.7073 0.5309 0.4667
vn -0.6378 0.5731 0.5146
vn -0.5824 0.6037 0.5444
vn -0.5637 0.6232 0.5421
vn -0.5408 0.6475 0.5369
vn -0.4909 0.6849 0.5384
vn -0.3959 0.7323 0.5541
vn -0.2740 0.7827 0.5589
vn 0.0472 0.8327 0.5518
vn 0.3709 0.7843 0.4973
vn 0.4512 0.7465 0.4890
vn 0.4692 0.7255 0.5035
vn 0.4951 0.7140 0.4950
vn 0.5300 0.7047 0.4717
vn 0.5859 0.6761 0.4468
vn 0.6635 0.6125 0.4296
vn 0.7131 0.5520 0.4322
vn 0.7289 0.5196 0.4458
vn 0.7439 0.4911 0.4533
vn 0.7623 0.4533 0.4619
vn 0.7839 0.3984 0.4762
vn 0.7992 0.3515 0.4875
vn -0.8520 0.2014 0.4833
vn -0.8431 0.2334 0.4845
vn -0.8272 0.2854 0.4840
vn -0.8115 0.3454 0.4714
vn -0.7445 0.4375 0.5043
vn -0.6564 0.4991 0.5657
vn -0.5890 0.5406 0.6007
vn -0.5863 0.5679 0.5777
vn -0.6841 0.5241 0.5073
vn -0.6835 0.5100 0.5222
vn -0.6319 0.5261 0.5691
vn -0.6078 0.5445 0.5780
vn -0.5924 0.5640 0.5753
vn -0.5733 0.5844 0.5743
vn -0.5389 0.6156 0.5750
vn -0.4620 0.6752 0.5750
vn -0.3575 0.7404 0.5692
vn -0.1216 0.8232 0.5546
vn 0.2753 0.8306 0.4841
vn 0.4969 0.7552 0.4275
vn 0.5050 0.7355 0.4516
vn 0.5076 0.7133 0.4832
vn 0.5251 0.6832 0.5075
vn 0.5807 0.6300 0.5157
vn 0.6604 0.5580 0.5025
vn 0.7097 0.5150 0.4807
vn 0.7354 0.4891 0.4690
vn 0.7529 0.4577 0.4729
vn 0.7794 0.4070 0.4764
vn 0.7999 0.3611 0.4794
vn 0.8066 0.3434 0.4812
vn -0.8606 0.1851 0.4745
vn -0.8549 0.2097 0.4745
vn -0.8485 0.2350 0.4742
vn -0.8331 0.2657 0.4851
vn -0.7496 0.3610 0.5547
vn -0.6649 0.4437 0.6008
vn -0.6268 0.4946 0.6021
vn -0.6514 0.5054 0.5660
vn -0.6864 0.4849 0.5420
vn -0.6590 0.4960 0.5654
vn -0.6401 0.5138 0.5712
vn -0.6279 0.5328 0.5674
vn -0.6124 0.5529 0.5650
vn -0.5930 0.5742 0.5645
vn -0.5690 0.5963 0.5662
vn -0.5281 0.6302 0.5692
vn -0.4262 0.6898 0.5853
vn -0.2814 0.7576 0.5890
vn 0.0871 0.8216 0.5634
vn 0.4535 0.7664 0.4550
vn 0.5339 0.7441 0.4016
vn 0.5612 0.7185 0.4108
vn 0.5862 0.6749 0.4482
vn 0.6146 0.6276 0.4779
vn 0.6693 0.5722 0.4739
vn 0.7148 0.5216 0.4658
vn 0.7518 0.4692 0.4633
vn 0.7769 0.4189 0.4701
vn 0.7933 0.3776 0.4775
vn 0.8054 0.3552 0.4745
vn 0.8104 0.3464 0.4725
vn 0.8762 -0.3302 -0.3510
vn 0.8732 -0.3436 -0.3457
vn 0.8674 -0.3623 -0.3411
vn 0.8520 -0.4031 -0.3341
vn 0.7283 -0.6057 -0.3205
vn 0.5070 -0.8336 -0.2192
vn 0.2946 -0.9496 -0.1066
vn 0.2497 -0.9671 -0.0495
vn 0.2640 -0.9626 -0.0610
vn 0.3193 -0.9409 -0.1130
vn 0.4002 -0.9001 -0.1723
vn 0.4325 -0.8690 -0.2402
vn 0.3737 -0.8603 -0.3468
vn 0.2814 -0.8587 -0.4284
vn 0.2403 -0.8663 -0.4380
vn 0.2484 -0.8752 -0.4151
vn 0.2337 -0.8881 -0.3957
vn 0.1707 -0.9010 -0.3989
vn 0.0757 -0.9004 -0.4284
vn 0.0154 -0.8873 -0.4609
vn 0.0092 -0.8739 -0.4860
vn 0.0310 -0.8653 -0.5002
vn -0.0722 -0.8608 -0.5038
vn -0.4409 -0.7523 -0.4896
vn -0.6955 -0.5570 -0.4539
vn -0.7118 -0.5191 -0.4731
vn -0.7092 -0.5292 -0.4658
vn -0.7256 -0.5407 -0.4256
vn -0.7449 -0.5494 -0.3785
vn -0.7599 -0.5519 -0.3434
vn -0.8133 -0.4813 -0.3270
vn 0.8688 -0.3392 -0.3608
vn 0.8640 -0.3563 -0.3557
vn 0.8581 -0.3745 -0.3513
vn 0.7788 -0.5203 -0.3504
vn 0.5348 -0.7764 -0.3335
vn 0.2758 -0.9201 -0.2782
vn 0.2070 -0.9544 -0.2150
vn 0.2223 -0.9636 -0.1483
vn 0.2979 -0.9510 -0.0829
vn 0.3609 -0.9307 -0.0593
vn 0.3890 -0.9197 -0.0541
vn 0.3909 -0.9192 -0.0490
vn 0.3715 -0.9262 -0.0647
vn 0.2775 -0.9496 -0.1460
vn 0.1731 -0.9593 -0.2230
vn 0.1436 -0.9627 -0.2294
vn 0.1162 -0.9737 -0.1958
vn 0.0748 -0.9856 -0.1514
vn 0.0361 -0.9924 -0.1180
vn 0.0211 -0.9928 -0.1179
vn 0.0400 -0.9883 -0.1472
vn 0.0462 -0.9827 -0.1796
vn -0.0440 -0.9720 -0.2307
vn -0.3203 -0.8793 -0.3525
vn -0.5887 -0.6589 -0.4682
vn -0.7050 -0.5098 -0.4930
vn -0.7386 -0.4799 -0.4734
vn -0.7619 -0.4695 -0.4461
vn -0.7805 -0.4688 -0.4135
vn -0.7842 -0.4906 -0.3800
vn -0.8209 -0.4540 -0.3463
vn 0.8597 -0.3490 -0.3729
vn 0.8546 -0.3664 -0.3680
vn 0.8347 -0.4174 -0.3593
vn 0.6429 -0.6717 -0.3680
vn 0.3447 -0.8809 -0.3243
vn 0.1927 -0.9388 -0.2855
vn 0.1848 -0.9431 -0.2765
vn 0.1913 -0.9472 -0.2572
vn 0.2577 -0.9466 -0.1937
vn 0.3520 -0.9292 -0.1129
vn 0.3863 -0.9192 -0.0769
vn 0.3915 -0.9177 -0.0673
vn 0.3917 -0.9180 -0.0624
vn 0.3679 -0.9264 -0.0797
vn 0.2354 -0.9601 -0.1508
vn 0.1072 -0.9743 -0.1979
vn 0.0418 -0.9807 -0.1908
vn -0.0000 -0.9865 -0.1640
vn -0.0138 -0.9911 -0.1322
vn 0.0051 -0.9952 -0.0979
vn 0.0697 -0.9946 -0.0773
vn 0.0846 -0.9922 -0.0914
vn 0.0226 -0.9925 -0.1205
vn -0.0856 -0.9767 -0.1969
vn -0.4193 -0.8452 -0.3313
vn -0.7042 -0.5995 -0.3804
vn -0.7594 -0.5224 -0.3879
vn -0.7843 -0.4857 -0.3861
vn -0.8050 -0.4544 -0.3814
vn -0.8194 -0.4410 -0.3662
vn -0.8257 -0.4380 -0.3555
vn 0.8492 -0.3575 -0.3886
vn 0.8441 -0.3751 -0.3831
vn 0.7704 -0.5119 -0.3801
vn 0.5017 -0.7834 -0.3669
vn 0.2277 -0.9170 -0.3276
vn 0.1886 -0.9323 -0.3086
vn 0.1812 -0.9362 -0.3011
vn 0.1776 -0.9394 -0.2933
vn 0.1925 -0.9424 -0.2736
vn 0.2694 -0.9404 -0.2078
vn 0.3568 -0.9252 -0.1292
vn 0.3885 -0.9165 -0.0949
vn 0.3936 -0.9153 -0.0853
vn 0.3920 -0.9164 -0.0807
vn 0.2898 -0.9519 -0.0998
vn 0.0880 -0.9870 -0.1343
vn -0.0162 -0.9902 -0.1386
vn -0.0385 -0.9905 -0.1318
vn -0.0445 -0.9903 -0.1319
vn -0.0041 -0.9907 -0.1359
vn 0.0946 -0.9853 -0.1423
vn 0.1015 -0.9845 -0.1431
vn 0.0139 -0.9914 -0.1299
vn 0.0027 -0.9936 -0.1128
vn -0.2476 -0.9513 -0.1834
vn -0.6264 -0.7238 -0.2895
vn -0.7621 -0.5592 -0.3264
vn -0.7896 -0.5204 -0.3251
vn -0.8157 -0.4796 -0.3236
vn -0.8328 -0.4466 -0.3271
vn -0.8101 -0.4716 -0.3482
vn 0.8472 -0.3553 -0.3950
vn 0.8320 -0.3845 -0.3998
vn 0.6696 -0.6149 -0.4166
vn 0.3662 -0.8511 -0.3762
vn 0.1985 -0.9199 -0.3382
vn 0.1873 -0.9242 -0.3329
vn 0.1801 -0.9277 -0.3270
vn 0.1770 -0.9305 -0.3207
vn 0.1777 -0.9326 -0.3140
vn 0.1981 -0.9347 -0.2950
vn 0.2763 -0.9327 -0.2319
vn 0.3548 -0.9219 -0.1559
vn 0.3880 -0.9141 -0.1182
vn 0.3934 -0.9132 -0.1068
vn 0.3050 -0.9452 -0.1166
vn 0.0929 -0.9854 -0.1429
vn -0.0319 -0.9875 -0.1545
vn -0.0358 -0.9875 -0.1532
vn -0.0054 -0.9861 -0.1661
vn 0.0762 -0.9767 -0.2006
vn 0.1171 -0.9679 -0.2224
vn 0.0367 -0.9790 -0.2006
vn -0.0447 -0.9858 -0.1618
vn -0.0265 -0.9916 -0.1269
vn -0.0986 -0.9836 -0.1510
vn -0.4883 -0.8303 -0.2688
vn -0.7518 -0.5753 -0.3222
vn -0.7857 -0.5242 -0.3285
vn -0.8119 -0.4825 -0.3288
vn -0.8183 -0.4655 -0.3372
vn -0.7873 -0.5049 -0.3538
vn 0.8796 -0.3304 -0.3422
vn 0.8166 -0.4371 -0.3768
vn 0.5869 -0.7064 -0.3957
vn 0.2750 -0.8835 -0.3792
vn 0.2001 -0.9106 -0.3617
vn 0.1884 -0.9146 -0.3578
vn 0.1812 -0.9178 -0.3533
vn 0.1781 -0.9203 -0.3483
vn 0.1788 -0.9222 -0.3428
vn 0.1826 -0.9237 -0.3369
vn 0.2049 -0.9251 -0.3195
vn 0.2752 -0.9246 -0.2634
vn 0.3436 -0.9197 -0.1901
vn 0.3487 -0.9274 -0.1353
vn 0.2593 -0.9603 -0.1033
vn 0.0933 -0.9894 -0.1110
vn 0.0045 -0.9894 -0.1450
vn 0.0156 -0.9827 -0.1848
vn 0.0820 -0.9722 -0.2191
vn 0.1394 -0.9619 -0.2352
vn 0.0583 -0.9732 -0.2223
vn -0.0461 -0.9795 -0.1960
vn -0.0739 -0.9798 -0.1858
vn -0.0607 -0.9823 -0.1770
vn -0.0434 -0.9854 -0.1647
vn -0.3698 -0.8982 -0.2377
vn -0.7132 -0.6286 -0.3102
vn -0.7802 -0.5284 -0.3347
vn -0.8061 -0.4865 -0.3369
vn -0.7983 -0.4913 -0.3483
vn -0.7661 -0.5276 -0.3670
vn 0.9117 -0.3533 -0.2097
vn 0.8229 -0.5132 -0.2437
vn 0.5897 -0.7401 -0.3234
vn 0.2856 -0.8838 -0.3707
vn 0.1899 -0.9060 -0.3783
vn 0.1672 -0.9173 -0.3614
vn 0.1537 -0.9268 -0.3426
vn 0.1445 -0.9347 -0.3248
vn 0.1393 -0.9413 -0.3074
vn 0.1378 -0.9469 -0.2904
vn 0.1397 -0.9517 -0.2734
vn 0.1626 -0.9547 -0.2492
vn 0.2648 -0.9410 -0.2107
vn 0.3084 -0.9327 -0.1869
vn 0.2272 -0.9565 -0.1829
vn 0.1186 -0.9761 -0.1821
vn 0.0632 -0.9800 -0.1886
vn 0.0601 -0.9795 -0.1921
vn 0.0952 -0.9800 -0.1746
vn 0.1014 -0.9835 -0.1501
vn 0.0245 -0.9864 -0.1626
vn -0.0461 -0.9790 -0.1985
vn -0.0684 -0.9741 -0.2157
vn -0.0697 -0.9738 -0.2164
vn -0.0589 -0.9769 -0.2053
vn -0.2864 -0.9255 -0.2480
vn -0.6437 -0.6950 -0.3204
vn -0.7736 -0.5324 -0.3436
vn -0.7925 -0.4984 -0.3515
vn -0.7706 -0.5191 -0.3698
vn -0.7439 -0.5457 -0.3857
vn 0.8949 -0.4346 -0.1012
vn 0.8425 -0.5295 -0.0994
vn 0.6507 -0.7396 -0.1719
vn 0.3349 -0.9091 -0.2476
vn 0.1416 -0.9528 -0.2686
vn 0.0912 -0.9624 -0.2558
vn 0.0738 -0.9693 -0.2346
vn 0.0613 -0.9748 -0.2143
vn 0.0537 -0.9794 -0.1946
vn 0.0507 -0.9832 -0.1754
vn 0.0684 -0.9844 -0.1621
vn 0.1332 -0.9763 -0.1705
vn 0.2569 -0.9481 -0.1874
vn 0.3413 -0.9165 -0.2086
vn 0.2641 -0.9306 -0.2536
vn 0.1260 -0.9512 -0.2818
vn 0.0418 -0.9636 -0.2640
vn 0.0144 -0.9750 -0.2215
vn 0.0188 -0.9850 -0.1713
vn 0.0421 -0.9912 -0.1257
vn 0.0578 -0.9917 -0.1149
vn 0.0224 -0.9875 -0.1561
vn -0.0306 -0.9772 -0.2102
vn -0.0569 -0.9692 -0.2395
vn -0.0707 -0.9666 -0.2464
vn -0.2152 -0.9319 -0.2920
vn -0.5785 -0.7283 -0.3674
vn -0.7718 -0.5193 -0.3670
vn -0.7682 -0.5224 -0.3700
vn -0.7383 -0.5487 -0.3921
vn -0.7284 -0.5524 -0.4054
vn 0.8705 -0.4862 -0.0759
vn 0.8367 -0.5436 -0.0656
vn 0.6631 -0.7458 -0.0639
vn 0.3648 -0.9258 -0.0990
vn 0.1317 -0.9800 -0.1491
vn 0.0351 -0.9856 -0.1653
vn 0.0196 -0.9870 -0.1594
vn 0.0105 -0.9882 -0.1527
vn 0.0069 -0.9893 -0.1455
vn 0.0305 -0.9888 -0.1461
vn 0.1124 -0.9793 -0.1682
vn 0.2325 -0.9512 -0.2031
vn 0.3347 -0.9136 -0.2309
vn 0.3745 -0.8970 -0.2348
vn 0.2911 -0.9248 -0.2449
vn 0.1006 -0.9581 -0.2683
vn -0.0146 -0.9622 -0.2718
vn -0.0272 -0.9635 -0.2662
vn -0.0235 -0.9654 -0.2598
vn -0.0052 -0.9719 -0.2353
vn 0.0342 -0.9820 -0.1856
vn 0.0578 -0.9872 -0.1483
vn 0.0367 -0.9855 -0.1655
vn -0.0059 -0.9759 -0.2182
vn -0.0510 -0.9639 -0.2613
vn -0.1400 -0.9403 -0.3104
vn -0.5176 -0.7526 -0.4070
vn -0.7719 -0.4867 -0.4091
vn -0.7430 -0.5343 -0.4031
vn -0.7079 -0.5735 -0.4122
vn -0.7178 -0.5542 -0.4214
vn 0.8476 -0.5245 -0.0801
vn 0.7892 -0.6129 -0.0383
vn 0.6299 -0.7764 -0.0213
vn 0.4175 -0.9073 -0.0510
vn 0.2342 -0.9645 -0.1222
vn 0.0620 -0.9810 -0.1839
vn 0.0218 -0.9805 -0.1952
vn 0.0130 -0.9817 -0.1902
vn 0.0319 -0.9806 -0.1935
vn 0.1163 -0.9690 -0.2178
vn 0.2385 -0.9378 -0.2522
vn 0.3340 -0.9015 -0.2753
vn 0.3673 -0.8884 -0.2754
vn 0.3655 -0.8919 -0.2663
vn 0.2861 -0.9190 -0.2714
vn 0.0939 -0.9519 -0.2915
vn -0.0221 -0.9541 -0.2988
vn -0.0249 -0.9548 -0.2962
vn -0.0277 -0.9554 -0.2939
vn -0.0309 -0.9560 -0.2918
vn -0.0195 -0.9602 -0.2785
vn 0.0117 -0.9711 -0.2382
vn 0.0430 -0.9810 -0.1892
vn 0.0517 -0.9823 -0.1803
vn 0.0097 -0.9735 -0.2286
vn -0.0675 -0.9531 -0.2950
vn -0.4569 -0.7894 -0.4100
vn -0.7583 -0.4809 -0.4402
vn -0.7314 -0.5178 -0.4438
vn -0.6908 -0.5757 -0.4375
vn -0.7061 -0.5567 -0.4377
vn 0.7864 -0.6176 -0.0091
vn 0.7136 -0.6997 0.0345
vn 0.6201 -0.7835 0.0402
vn 0.4846 -0.8747 -0.0082
vn 0.3438 -0.9360 -0.0753
vn 0.1669 -0.9733 -0.1577
vn 0.0474 -0.9748 -0.2180
vn 0.0359 -0.9713 -0.2350
vn 0.1138 -0.9589 -0.2599
vn 0.2346 -0.9263 -0.2948
vn 0.3274 -0.8904 -0.3162
vn 0.3563 -0.8794 -0.3156
vn 0.3558 -0.8829 -0.3065
vn 0.3535 -0.8869 -0.2974
vn 0.2730 -0.9131 -0.3028
vn 0.0882 -0.9428 -0.3216
vn -0.0197 -0.9445 -0.3278
vn -0.0229 -0.9453 -0.3253
vn -0.0260 -0.9461 -0.3228
vn -0.0297 -0.9468 -0.3204
vn -0.0344 -0.9474 -0.3182
vn -0.0335 -0.9499 -0.3106
vn -0.0135 -0.9597 -0.2805
vn 0.0314 -0.9739 -0.2249
vn 0.0575 -0.9787 -0.1970
vn -0.0080 -0.9715 -0.2367
vn -0.3814 -0.8472 -0.3698
vn -0.7140 -0.5360 -0.4504
vn -0.7344 -0.4925 -0.4670
vn -0.6919 -0.5581 -0.4580
vn -0.6935 -0.5597 -0.4537
vn 0.7199 -0.6921 0.0527
vn 0.6690 -0.7400 0.0696
vn 0.6308 -0.7730 0.0675
vn 0.5576 -0.8294 0.0351
vn 0.4381 -0.8984 -0.0306
vn 0.2942 -0.9500 -0.1050
vn 0.1611 -0.9679 -0.1928
vn 0.1322 -0.9510 -0.2794
vn 0.2241 -0.9171 -0.3296
vn 0.3172 -0.8805 -0.3522
vn 0.3447 -0.8699 -0.3527
vn 0.3444 -0.8734 -0.3443
vn 0.3431 -0.8773 -0.3356
vn 0.3401 -0.8818 -0.3268
vn 0.2579 -0.9071 -0.3327
vn 0.0811 -0.9332 -0.3501
vn -0.0175 -0.9346 -0.3552
vn -0.0212 -0.9355 -0.3527
vn -0.0249 -0.9364 -0.3501
vn -0.0292 -0.9372 -0.3476
vn -0.0345 -0.9379 -0.3451
vn -0.0415 -0.9385 -0.3427
vn -0.0477 -0.9398 -0.3383
vn -0.0329 -0.9492 -0.3130
vn 0.0041 -0.9688 -0.2477
vn -0.0374 -0.9820 -0.1850
vn -0.3085 -0.9212 -0.2369
vn -0.6194 -0.6882 -0.3777
vn -0.7269 -0.5068 -0.4634
vn -0.6998 -0.5358 -0.4724
vn -0.6805 -0.5632 -0.4687
vn 0.6953 -0.7178 0.0378
vn 0.6645 -0.7460 0.0428
vn 0.6339 -0.7719 0.0484
vn 0.5952 -0.8022 0.0470
vn 0.5198 -0.8541 0.0151
vn 0.3967 -0.9165 -0.0508
vn 0.3339 -0.9324 -0.1385
vn 0.3294 -0.9093 -0.2544
vn 0.3429 -0.8728 -0.3473
vn 0.3452 -0.8587 -0.3788
vn 0.3331 -0.8636 -0.3784
vn 0.3317 -0.8676 -0.3705
vn 0.3294 -0.8719 -0.3623
vn 0.3259 -0.8767 -0.3540
vn 0.2414 -0.9010 -0.3606
vn 0.0728 -0.9236 -0.3765
vn -0.0158 -0.9246 -0.3806
vn -0.0201 -0.9255 -0.3781
vn -0.0245 -0.9265 -0.3755
vn -0.0295 -0.9274 -0.3729
vn -0.0356 -0.9283 -0.3702
vn -0.0432 -0.9290 -0.3675
vn -0.0529 -0.9295 -0.3650
vn -0.0947 -0.9304 -0.3540
vn -0.1585 -0.9419 -0.2962
vn -0.2047 -0.9609 -0.1867
vn -0.2857 -0.9499 -0.1265
vn -0.4638 -0.8578 -0.2216
vn -0.6490 -0.6537 -0.3892
vn -0.6910 -0.5439 -0.4762
vn -0.6825 -0.5506 -0.4807
vn 0.6892 -0.7241 -0.0253
vn 0.6790 -0.7338 -0.0224
vn 0.6530 -0.7566 -0.0342
vn 0.6242 -0.7800 -0.0445
vn 0.5864 -0.8079 -0.0586
vn 0.4777 -0.8742 -0.0869
vn 0.4229 -0.9001 -0.1043
vn 0.4588 -0.8800 -0.1228
vn 0.4284 -0.8874 -0.1705
vn 0.3705 -0.8997 -0.2308
vn 0.3383 -0.8984 -0.2799
vn 0.3197 -0.8969 -0.3056
vn 0.3076 -0.8989 -0.3121
vn 0.2857 -0.9084 -0.3052
vn 0.1754 -0.9396 -0.2938
vn 0.0271 -0.9564 -0.2908
vn -0.0344 -0.9535 -0.2995
vn -0.0327 -0.9499 -0.3109
vn -0.0311 -0.9458 -0.3233
vn -0.0302 -0.9412 -0.3366
vn -0.0332 -0.9361 -0.3501
vn -0.0595 -0.9322 -0.3569
vn -0.1062 -0.9339 -0.3413
vn -0.2071 -0.9286 -0.3079
vn -0.3178 -0.9092 -0.2690
vn -0.3644 -0.9061 -0.2151
vn -0.3393 -0.9285 -0.1508
vn -0.3474 -0.9277 -0.1366
vn -0.4931 -0.8344 -0.2463
vn -0.6309 -0.6662 -0.3976
vn -0.7065 -0.5362 -0.4620
vn 0.6837 -0.7102 -0.1679
vn 0.7089 -0.6854 -0.1665
vn 0.6832 -0.7077 -0.1797
vn 0.6511 -0.7347 -0.1903
vn 0.6028 -0.7750 -0.1900
vn 0.4740 -0.8629 -0.1752
vn 0.3747 -0.9180 -0.1297
vn 0.4116 -0.9096 -0.0559
vn 0.4297 -0.9029 -0.0102
vn 0.3969 -0.9176 -0.0231
vn 0.3634 -0.9293 -0.0662
vn 0.3236 -0.9395 -0.1128
vn 0.2971 -0.9428 -0.1516
vn 0.2251 -0.9592 -0.1713
vn 0.0768 -0.9823 -0.1710
vn -0.0280 -0.9860 -0.1643
vn -0.0551 -0.9842 -0.1684
vn -0.0593 -0.9828 -0.1749
vn -0.0661 -0.9824 -0.1747
vn -0.0761 -0.9829 -0.1675
vn -0.0946 -0.9836 -0.1538
vn -0.1550 -0.9779 -0.1402
vn -0.2389 -0.9623 -0.1300
vn -0.3198 -0.9389 -0.1274
vn -0.3836 -0.9115 -0.1483
vn -0.4100 -0.8945 -0.1781
vn -0.3918 -0.9023 -0.1797
vn -0.3498 -0.9249 -0.1491
vn -0.3818 -0.9113 -0.1545
vn -0.5457 -0.8033 -0.2385
vn -0.7287 -0.5985 -0.3329
vn 0.6733 -0.6982 -0.2433
vn 0.7060 -0.6705 -0.2281
vn 0.6969 -0.6807 -0.2257
vn 0.6572 -0.7156 -0.2366
vn 0.5535 -0.8004 -0.2302
vn 0.3949 -0.8971 -0.1981
vn 0.2943 -0.9414 -0.1646
vn 0.3069 -0.9443 -0.1192
vn 0.3670 -0.9289 -0.0506
vn 0.3974 -0.9177 -0.0012
vn 0.3808 -0.9246 0.0120
vn 0.3428 -0.9394 0.0027
vn 0.2948 -0.9555 -0.0123
vn 0.1695 -0.9852 -0.0235
vn 0.0066 -0.9993 -0.0373
vn -0.0658 -0.9967 -0.0469
vn -0.0871 -0.9950 -0.0486
vn -0.1092 -0.9931 -0.0416
vn -0.1337 -0.9907 -0.0267
vn -0.1609 -0.9870 -0.0036
vn -0.1928 -0.9809 0.0263
vn -0.2424 -0.9689 0.0499
vn -0.2955 -0.9542 0.0469
vn -0.3158 -0.9488 0.0106
vn -0.3270 -0.9436 -0.0519
vn -0.3467 -0.9296 -0.1251
vn -0.3656 -0.9121 -0.1853
vn -0.3877 -0.9008 -0.1956
vn -0.3939 -0.9055 -0.1577
vn -0.5289 -0.8364 -0.1441
vn -0.7240 -0.6659 -0.1798
vn 0.6554 -0.7100 -0.2575
vn 0.6459 -0.7326 -0.2147
vn 0.6626 -0.7334 -0.1518
vn 0.6410 -0.7587 -0.1166
vn 0.5334 -0.8348 -0.1365
vn 0.3542 -0.9180 -0.1785
vn 0.2690 -0.9447 -0.1876
vn 0.2487 -0.9520 -0.1783
vn 0.2737 -0.9518 -0.1385
vn 0.3332 -0.9401 -0.0720
vn 0.3636 -0.9313 -0.0240
vn 0.3358 -0.9419 -0.0027
vn 0.2431 -0.9697 0.0247
vn 0.1062 -0.9929 0.0543
vn -0.0129 -0.9984 0.0549
vn -0.0771 -0.9963 0.0377
vn -0.1161 -0.9928 0.0286
vn -0.1468 -0.9888 0.0282
vn -0.1685 -0.9853 0.0275
vn -0.1753 -0.9844 0.0159
vn -0.1854 -0.9826 -0.0117
vn -0.2054 -0.9776 -0.0463
vn -0.2183 -0.9727 -0.0788
vn -0.2409 -0.9656 -0.0974
vn -0.2823 -0.9550 -0.0904
vn -0.3280 -0.9423 -0.0666
vn -0.3866 -0.9210 -0.0476
vn -0.4744 -0.8794 -0.0393
vn -0.5122 -0.8588 -0.0088
vn -0.6093 -0.7926 0.0240
vn -0.7371 -0.6755 0.0178
vn 0.6258 -0.7443 -0.2331
vn 0.5651 -0.7973 -0.2123
vn 0.5737 -0.8029 -0.1619
vn 0.5873 -0.8036 -0.0962
vn 0.5433 -0.8363 -0.0731
vn 0.3875 -0.9161 -0.1032
vn 0.2738 -0.9512 -0.1426
vn 0.2402 -0.9573 -0.1612
vn 0.2229 -0.9604 -0.1671
vn 0.2493 -0.9581 -0.1412
vn 0.2979 -0.9509 -0.0834
vn 0.2719 -0.9619 -0.0284
vn 0.1653 -0.9862 0.0063
vn 0.0723 -0.9972 0.0201
vn 0.0107 -0.9998 0.0156
vn -0.0568 -0.9984 0.0049
vn -0.1085 -0.9941 -0.0017
vn -0.1308 -0.9914 -0.0094
vn -0.1444 -0.9893 -0.0205
vn -0.1837 -0.9829 -0.0110
vn -0.2301 -0.9725 0.0354
vn -0.2695 -0.9587 0.0910
vn -0.2968 -0.9452 0.1357
vn -0.3600 -0.9184 0.1644
vn -0.4346 -0.8770 0.2048
vn -0.4663 -0.8458 0.2590
vn -0.4921 -0.8170 0.3006
vn -0.5426 -0.7799 0.3119
vn -0.6114 -0.7265 0.3137
vn -0.6689 -0.6673 0.3276
vn -0.7072 -0.6355 0.3099
vn 0.5480 -0.8312 0.0935
vn 0.4980 -0.8615 0.0992
vn 0.4849 -0.8698 0.0908
vn 0.4960 -0.8628 0.0977
vn 0.4843 -0.8669 0.1184
vn 0.4409 -0.8931 0.0893
vn 0.3994 -0.9163 -0.0294
vn 0.3235 -0.9335 -0.1547
vn 0.2393 -0.9483 -0.2086
vn 0.2090 -0.9550 -0.2106
vn 0.2132 -0.9606 -0.1783
vn 0.1971 -0.9718 -0.1297
vn 0.1160 -0.9889 -0.0930
vn 0.0320 -0.9979 -0.0555
vn -0.0345 -0.9994 -0.0064
vn -0.1080 -0.9935 0.0371
vn -0.1568 -0.9853 0.0680
vn -0.1685 -0.9816 0.0898
vn -0.2233 -0.9680 0.1144
vn -0.3397 -0.9275 0.1557
vn -0.4251 -0.8751 0.2315
vn -0.4506 -0.8343 0.3178
vn -0.4623 -0.7965 0.3896
vn -0.4841 -0.7600 0.4336
vn -0.5115 -0.7358 0.4437
vn -0.5138 -0.7364 0.4400
vn -0.5117 -0.7430 0.4313
vn -0.5592 -0.7102 0.4277
vn -0.6559 -0.6176 0.4341
vn -0.6824 -0.5760 0.4501
vn -0.6399 -0.6163 0.4591
vn 0.4330 -0.8179 0.3790
vn 0.4091 -0.8300 0.3792
vn 0.3999 -0.8335 0.3813
vn 0.3962 -0.8357 0.3802
vn 0.4131 -0.8339 0.3659
vn 0.5021 -0.8055 0.3146
vn 0.5706 -0.7949 0.2060
vn 0.4864 -0.8712 0.0671
vn 0.2804 -0.9583 -0.0546
vn 0.1063 -0.9917 -0.0728
vn 0.0239 -0.9997 0.0033
vn 0.0133 -0.9951 0.0982
vn -0.0262 -0.9876 0.1551
vn -0.1348 -0.9734 0.1852
vn -0.2137 -0.9490 0.2320
vn -0.2537 -0.9265 0.2777
vn -0.2764 -0.9105 0.3075
vn -0.2829 -0.8987 0.3351
vn -0.3477 -0.8706 0.3481
vn -0.4596 -0.8207 0.3393
vn -0.5161 -0.7936 0.3224
vn -0.5246 -0.7898 0.3178
vn -0.5197 -0.7915 0.3216
vn -0.5119 -0.7939 0.3282
vn -0.5067 -0.7941 0.3357
vn -0.5017 -0.7944 0.3425
vn -0.5163 -0.7792 0.3553
vn -0.6104 -0.6980 0.3744
vn -0.7101 -0.5885 0.3866
vn -0.6965 -0.5973 0.3976
vn -0.6340 -0.6579 0.4064
vn 0.4695 -0.7814 0.4110
vn 0.4068 -0.8357 0.3690
vn 0.3988 -0.8386 0.3712
vn 0.4063 -0.8349 0.3712
vn 0.4518 -0.8147 0.3635
vn 0.5565 -0.7512 0.3549
vn 0.6176 -0.7045 0.3496
vn 0.5279 -0.7725 0.3530
vn 0.2186 -0.9148 0.3396
vn -0.1070 -0.9380 0.3298
vn -0.2406 -0.8893 0.3890
vn -0.2110 -0.8549 0.4739
vn -0.1608 -0.8443 0.5111
vn -0.2265 -0.8468 0.4812
vn -0.3073 -0.8436 0.4404
vn -0.3343 -0.8379 0.4314
vn -0.3413 -0.8318 0.4378
vn -0.3463 -0.8261 0.4446
vn -0.3712 -0.8201 0.4356
vn -0.4250 -0.8164 0.3910
vn -0.4673 -0.8197 0.3314
vn -0.5072 -0.8120 0.2889
vn -0.5318 -0.7977 0.2844
vn -0.5400 -0.7840 0.3061
vn -0.5425 -0.7700 0.3359
vn -0.5429 -0.7547 0.3683
vn -0.5717 -0.7195 0.3944
vn -0.6578 -0.6403 0.3966
vn -0.7138 -0.5917 0.3747
vn -0.6799 -0.6378 0.3619
vn -0.6405 -0.6781 0.3604
vn 0.6001 -0.6509 0.4650
vn 0.4963 -0.8003 0.3363
vn 0.4602 -0.8479 0.2632
vn 0.4774 -0.8476 0.2319
vn 0.5184 -0.8281 0.2134
vn 0.5817 -0.7828 0.2210
vn 0.5506 -0.7810 0.2947
vn 0.3605 -0.8220 0.4409
vn 0.0302 -0.8422 0.5383
vn -0.2501 -0.8122 0.5271
vn -0.3162 -0.8079 0.4972
vn -0.2521 -0.8303 0.4970
vn -0.1690 -0.8364 0.5214
vn -0.1803 -0.8377 0.5156
vn -0.2851 -0.8322 0.4757
vn -0.3618 -0.8141 0.4543
vn -0.3691 -0.8049 0.4647
vn -0.3684 -0.8000 0.4736
vn -0.3685 -0.7974 0.4779
vn -0.3845 -0.7930 0.4725
vn -0.4131 -0.7934 0.4471
vn -0.4707 -0.7901 0.3926
vn -0.5366 -0.7717 0.3414
vn -0.5746 -0.7522 0.3223
vn -0.5913 -0.7347 0.3325
vn -0.5957 -0.7206 0.3548
vn -0.6116 -0.6997 0.3693
vn -0.6661 -0.6502 0.3655
vn -0.7040 -0.6103 0.3632
vn -0.6929 -0.6087 0.3866
vn -0.6641 -0.6153 0.4247
vn 0.7651 -0.4668 0.4436
vn 0.6888 -0.6534 0.3140
vn 0.5971 -0.7842 0.1686
vn 0.5625 -0.8221 0.0878
vn 0.5425 -0.8368 0.0743
vn 0.4864 -0.8616 0.1451
vn 0.2891 -0.9094 0.2990
vn 0.0315 -0.8935 0.4479
vn -0.1451 -0.8498 0.5067
vn -0.2219 -0.8439 0.4884
vn -0.2336 -0.8657 0.4427
vn -0.2450 -0.8729 0.4220
vn -0.2228 -0.8588 0.4613
vn -0.1865 -0.8411 0.5078
vn -0.2681 -0.8229 0.5010
vn -0.3733 -0.8012 0.4676
vn -0.3789 -0.8021 0.4616
vn -0.3721 -0.8049 0.4623
vn -0.3706 -0.8038 0.4654
vn -0.3800 -0.7981 0.4677
vn -0.3902 -0.7908 0.4716
vn -0.4190 -0.7807 0.4637
vn -0.4782 -0.7701 0.4223
vn -0.5322 -0.7679 0.3565
vn -0.5752 -0.7614 0.2991
vn -0.5966 -0.7548 0.2728
vn -0.6247 -0.7322 0.2714
vn -0.6912 -0.6651 0.2827
vn -0.7464 -0.5888 0.3102
vn -0.7553 -0.5524 0.3527
vn -0.7302 -0.5542 0.3996
vn 0.8138 -0.3524 0.4621
vn 0.7828 -0.4627 0.4161
vn 0.7191 -0.6178 0.3181
vn 0.6257 -0.7492 0.2173
vn 0.4671 -0.8613 0.2000
vn 0.2331 -0.9319 0.2780
vn -0.0271 -0.9280 0.3717
vn -0.1803 -0.8869 0.4254
vn -0.2329 -0.8528 0.4675
vn -0.1772 -0.8468 0.5015
vn -0.1866 -0.8502 0.4923
vn -0.2843 -0.8342 0.4726
vn -0.2788 -0.8300 0.4832
vn -0.2039 -0.8450 0.4945
vn -0.2280 -0.8504 0.4741
vn -0.3261 -0.8454 0.4230
vn -0.3529 -0.8466 0.3984
vn -0.3570 -0.8467 0.3945
vn -0.3630 -0.8425 0.3980
vn -0.3758 -0.8342 0.4036
vn -0.3879 -0.8259 0.4093
vn -0.3995 -0.8174 0.4150
vn -0.4198 -0.8076 0.4142
vn -0.4518 -0.8009 0.3931
vn -0.5050 -0.7931 0.3406
vn -0.5611 -0.7776 0.2838
vn -0.6512 -0.7146 0.2557
vn -0.7444 -0.6156 0.2588
vn -0.7878 -0.5542 0.2688
vn -0.7938 -0.5420 0.2760
vn -0.7852 -0.5465 0.2913
vn 0.7898 -0.2926 0.5391
vn 0.7690 -0.3506 0.5345
vn 0.7475 -0.4278 0.5082
vn 0.6115 -0.6217 0.4895
vn 0.3102 -0.8152 0.4892
vn 0.0228 -0.8728 0.4876
vn -0.1566 -0.8726 0.4626
vn -0.2834 -0.8488 0.4464
vn -0.3058 -0.8268 0.4722
vn -0.2073 -0.8187 0.5355
vn -0.2070 -0.8043 0.5570
vn -0.2796 -0.8049 0.5234
vn -0.2244 -0.8357 0.5012
vn -0.1683 -0.8592 0.4832
vn -0.1699 -0.8704 0.4622
vn -0.2481 -0.8742 0.4175
vn -0.3264 -0.8678 0.3748
vn -0.3580 -0.8587 0.3666
vn -0.3722 -0.8504 0.3719
vn -0.3850 -0.8421 0.3777
vn -0.3969 -0.8338 0.3838
vn -0.4082 -0.8254 0.3900
vn -0.4194 -0.8168 0.3961
vn -0.4310 -0.8079 0.4019
vn -0.4628 -0.7912 0.3998
vn -0.5503 -0.7435 0.3799
vn -0.6707 -0.6600 0.3385
vn -0.7581 -0.5824 0.2936
vn -0.7825 -0.5644 0.2629
vn -0.7972 -0.5504 0.2479
vn -0.8030 -0.5417 0.2484
vn 0.8031 -0.2833 0.5242
vn 0.7820 -0.3268 0.5307
vn 0.7596 -0.3679 0.5363
vn 0.5496 -0.5743 0.6067
vn 0.1583 -0.7606 0.6297
vn -0.0178 -0.7962 0.6048
vn -0.1606 -0.8212 0.5475
vn -0.3069 -0.8231 0.4779
vn -0.3378 -0.8207 0.4609
vn -0.2527 -0.8291 0.4986
vn -0.1912 -0.8366 0.5134
vn -0.1894 -0.8563 0.4805
vn -0.1491 -0.8759 0.4589
vn -0.1368 -0.8804 0.4540
vn -0.1455 -0.8788 0.4546
vn -0.1821 -0.8798 0.4391
vn -0.2763 -0.8777 0.3915
vn -0.3543 -0.8668 0.3508
vn -0.3808 -0.8575 0.3459
vn -0.3937 -0.8492 0.3519
vn -0.4055 -0.8410 0.3583
vn -0.4166 -0.8326 0.3649
vn -0.4276 -0.8240 0.3716
vn -0.4389 -0.8151 0.3781
vn -0.4985 -0.7738 0.3909
vn -0.5946 -0.6923 0.4089
vn -0.6822 -0.6051 0.4104
vn -0.7246 -0.5703 0.3869
vn -0.7490 -0.5660 0.3445
vn -0.7793 -0.5500 0.3005
vn -0.7918 -0.5478 0.2701
vn 0.8208 -0.3116 0.4788
vn 0.7919 -0.3411 0.5065
vn 0.7632 -0.3736 0.5271
vn 0.4800 -0.6289 0.6116
vn 0.0721 -0.7897 0.6093
vn -0.0089 -0.7925 0.6098
vn -0.1358 -0.8068 0.5750
vn -0.2720 -0.8157 0.5106
vn -0.3168 -0.8260 0.4663
vn -0.2659 -0.8432 0.4672
vn -0.1641 -0.8539 0.4939
vn -0.1317 -0.8582 0.4961
vn -0.1364 -0.8607 0.4904
vn -0.1499 -0.8596 0.4885
vn -0.1621 -0.8570 0.4891
vn -0.1760 -0.8540 0.4896
vn -0.2300 -0.8525 0.4695
vn -0.3128 -0.8543 0.4152
vn -0.3608 -0.8601 0.3607
vn -0.3929 -0.8564 0.3349
vn -0.4138 -0.8471 0.3335
vn -0.4249 -0.8388 0.3404
vn -0.4359 -0.8302 0.3475
vn -0.4810 -0.7984 0.3622
vn -0.5769 -0.7235 0.3792
vn -0.6665 -0.6344 0.3917
vn -0.7002 -0.5901 0.4018
vn -0.7073 -0.5774 0.4079
vn -0.7212 -0.5606 0.4070
vn -0.7429 -0.5442 0.3897
vn -0.7559 -0.5447 0.3631
vn 0.8398 -0.3845 0.3832
vn 0.8140 -0.4051 0.4163
vn 0.7680 -0.4451 0.4605
vn 0.4178 -0.7141 0.5617
vn 0.0149 -0.8379 0.5456
vn -0.0227 -0.8311 0.5557
vn -0.1269 -0.8337 0.5374
vn -0.2079 -0.8446 0.4934
vn -0.2643 -0.8553 0.4457
vn -0.2935 -0.8487 0.4399
vn -0.1918 -0.8468 0.4961
vn -0.1307 -0.8414 0.5244
vn -0.1478 -0.8383 0.5248
vn -0.1652 -0.8347 0.5253
vn -0.1823 -0.8306 0.5261
vn -0.1979 -0.8256 0.5284
vn -0.2211 -0.8206 0.5270
vn -0.2561 -0.8224 0.5080
vn -0.3047 -0.8347 0.4588
vn -0.3500 -0.8513 0.3910
vn -0.4006 -0.8523 0.3364
vn -0.4301 -0.8441 0.3202
vn -0.4723 -0.8171 0.3305
vn -0.5613 -0.7506 0.3487
vn -0.6553 -0.6615 0.3647
vn -0.7042 -0.6042 0.3728
vn -0.7114 -0.5911 0.3803
vn -0.7176 -0.5792 0.3868
vn -0.7241 -0.5673 0.3923
vn -0.7308 -0.5554 0.3968
vn -0.7377 -0.5436 0.4003
vn 0.8435 -0.4303 0.3216
vn 0.8249 -0.4585 0.3305
vn 0.7431 -0.5520 0.3783
vn 0.3465 -0.8207 0.4544
vn -0.0264 -0.8963 0.4428
vn -0.0827 -0.8770 0.4733
vn -0.1593 -0.8515 0.4995
vn -0.1551 -0.8456 0.5107
vn -0.2046 -0.8551 0.4764
vn -0.3267 -0.8437 0.4261
vn -0.2452 -0.8497 0.4667
vn -0.1379 -0.8498 0.5087
vn -0.1532 -0.8462 0.5104
vn -0.1708 -0.8424 0.5110
vn -0.1886 -0.8379 0.5123
vn -0.2064 -0.8325 0.5142
vn -0.2229 -0.8265 0.5170
vn -0.2372 -0.8201 0.5207
vn -0.2599 -0.8149 0.5180
vn -0.2914 -0.8192 0.4939
vn -0.3487 -0.8322 0.4311
vn -0.4229 -0.8309 0.3617
vn -0.5356 -0.7774 0.3297
vn -0.6445 -0.6883 0.3330
vn -0.7028 -0.6234 0.3427
vn -0.7159 -0.6031 0.3518
vn -0.7217 -0.5914 0.3597
vn -0.7269 -0.5805 0.3670
vn -0.7325 -0.5695 0.3730
vn -0.7391 -0.5578 0.3776
vn -0.7460 -0.5460 0.3814
vn 0.8436 -0.4373 0.3115
vn 0.8234 -0.4701 0.3179
vn 0.7000 -0.6160 0.3613
vn 0.2646 -0.8680 0.4202
vn -0.1008 -0.8983 0.4276
vn -0.1841 -0.8634 0.4697
vn -0.2252 -0.8321 0.5068
vn -0.1510 -0.8218 0.5494
vn -0.1415 -0.8301 0.5394
vn -0.2888 -0.8383 0.4624
vn -0.2802 -0.8522 0.4419
vn -0.1640 -0.8598 0.4837
vn -0.1583 -0.8528 0.4977
vn -0.1767 -0.8489 0.4981
vn -0.1954 -0.8443 0.4990
vn -0.2141 -0.8387 0.5007
vn -0.2313 -0.8326 0.5034
vn -0.2460 -0.8261 0.5070
vn -0.2590 -0.8194 0.5115
vn -0.2709 -0.8123 0.5165
vn -0.2971 -0.8071 0.5103
vn -0.4004 -0.7899 0.4645
vn -0.5865 -0.7118 0.3865
vn -0.7050 -0.6209 0.3428
vn -0.7182 -0.6057 0.3427
vn -0.7226 -0.6016 0.3404
vn -0.7303 -0.5913 0.3421
vn -0.7356 -0.5808 0.3487
vn -0.7405 -0.5702 0.3556
vn -0.7473 -0.5579 0.3609
vn -0.7538 -0.5459 0.3657
vn 0.8429 -0.4426 0.3059
vn 0.8170 -0.4790 0.3211
vn 0.6502 -0.6451 0.4013
vn 0.1705 -0.8553 0.4894
vn -0.1834 -0.8534 0.4880
vn -0.2456 -0.8335 0.4949
vn -0.2656 -0.8242 0.5001
vn -0.1719 -0.8261 0.5367
vn -0.0970 -0.8261 0.5552
vn -0.1999 -0.8392 0.5057
vn -0.2722 -0.8508 0.4495
vn -0.2100 -0.8603 0.4644
vn -0.1630 -0.8577 0.4876
vn -0.1825 -0.8538 0.4876
vn -0.2023 -0.8490 0.4882
vn -0.2219 -0.8433 0.4895
vn -0.2398 -0.8370 0.4919
vn -0.2550 -0.8304 0.4953
vn -0.2684 -0.8236 0.4997
vn -0.2806 -0.8164 0.5047
vn -0.2922 -0.8089 0.5103
vn -0.3774 -0.7799 0.4993
vn -0.6043 -0.6689 0.4328
vn -0.7330 -0.5687 0.3732
vn -0.7328 -0.5683 0.3742
vn -0.7354 -0.5683 0.3691
vn -0.7399 -0.5695 0.3582
vn -0.7391 -0.5759 0.3495
vn -0.7468 -0.5693 0.3438
vn -0.7561 -0.5554 0.3463
vn -0.7609 -0.5450 0.3522
vn 0.8799 -0.3156 -0.3551
vn 0.8731 -0.3186 -0.3691
vn 0.8653 -0.3240 -0.3825
vn 0.8753 -0.3022 -0.3776
vn 0.9254 -0.2423 -0.2914
vn 0.9611 -0.1798 -0.2096
vn 0.9626 -0.1654 -0.2145
vn 0.9522 -0.2356 -0.1944
vn 0.9268 -0.3529 -0.1285
vn 0.9058 -0.4105 -0.1048
vn 0.8862 -0.4497 -0.1117
vn 0.8341 -0.5498 -0.0439
vn 0.7734 -0.6338 0.0151
vn 0.7462 -0.6604 -0.0842
vn 0.7711 -0.6217 -0.1375
vn 0.8200 -0.5487 -0.1631
vn 0.8109 -0.5196 -0.2692
vn 0.7985 -0.5418 -0.2622
vn 0.8036 -0.5879 0.0926
vn 0.7137 -0.5108 0.4793
vn 0.7046 -0.4114 0.5782
vn 0.7319 -0.3584 0.5795
vn 0.7803 -0.3232 0.5354
vn 0.7965 -0.3134 0.5170
vn 0.7769 -0.3390 0.5306
vn 0.7715 -0.3669 0.5197
vn 0.8051 -0.3821 0.4536
vn 0.8575 -0.3727 0.3546
vn 0.8772 -0.3689 0.3073
vn 0.8758 -0.3802 0.2974
vn 0.8718 -0.3937 0.2916
vn 0.8824 -0.3102 -0.3537
vn 0.8745 -0.3134 -0.3703
vn 0.8665 -0.3171 -0.3855
vn 0.9051 -0.2695 -0.3289
vn 0.9584 -0.1768 -0.2242
vn 0.9721 -0.1367 -0.1906
vn 0.9652 -0.1423 -0.2193
vn 0.9553 -0.1779 -0.2363
vn 0.9458 -0.2743 -0.1740
vn 0.9285 -0.3526 -0.1165
vn 0.9151 -0.3814 -0.1307
vn 0.8858 -0.4526 -0.1022
vn 0.8121 -0.5822 -0.0400
vn 0.7835 -0.6163 -0.0801
vn 0.8345 -0.5462 -0.0731
vn 0.8594 -0.4905 -0.1445
vn 0.8281 -0.4800 -0.2898
vn 0.8645 -0.4565 -0.2104
vn 0.9118 -0.3835 0.1471
vn 0.8120 -0.3088 0.4952
vn 0.7579 -0.2723 0.5928
vn 0.7831 -0.2291 0.5781
vn 0.8215 -0.2424 0.5161
vn 0.8117 -0.3172 0.4905
vn 0.7703 -0.3613 0.5255
vn 0.7778 -0.3657 0.5112
vn 0.8137 -0.3617 0.4550
vn 0.8675 -0.3464 0.3571
vn 0.8903 -0.3434 0.2992
vn 0.8882 -0.3572 0.2891
vn 0.8836 -0.3730 0.2832
vn 0.8819 -0.3137 -0.3519
vn 0.8744 -0.3139 -0.3699
vn 0.8832 -0.2865 -0.3713
vn 0.9363 -0.2197 -0.2740
vn 0.9727 -0.1467 -0.1796
vn 0.9735 -0.1239 -0.1923
vn 0.9665 -0.1284 -0.2224
vn 0.9578 -0.1385 -0.2519
vn 0.9551 -0.1989 -0.2195
vn 0.9438 -0.2960 -0.1472
vn 0.9297 -0.3429 -0.1346
vn 0.9141 -0.3775 -0.1478
vn 0.8744 -0.4740 -0.1038
vn 0.8514 -0.5215 -0.0571
vn 0.8656 -0.4998 -0.0311
vn 0.8669 -0.4733 -0.1564
vn 0.8411 -0.4515 -0.2979
vn 0.9028 -0.4148 -0.1140
vn 0.9275 -0.2857 0.2410
vn 0.8517 -0.1883 0.4891
vn 0.7919 -0.1560 0.5904
vn 0.8100 -0.1514 0.5665
vn 0.8617 -0.2061 0.4637
vn 0.8461 -0.2881 0.4484
vn 0.7892 -0.3267 0.5200
vn 0.7965 -0.3316 0.5055
vn 0.8279 -0.3309 0.4528
vn 0.8790 -0.3215 0.3520
vn 0.9010 -0.3225 0.2900
vn 0.8983 -0.3389 0.2798
vn 0.8930 -0.3514 0.2813
vn 0.8809 -0.3306 -0.3386
vn 0.8744 -0.3169 -0.3675
vn 0.9048 -0.2649 -0.3334
vn 0.9602 -0.1661 -0.2244
vn 0.9798 -0.1167 -0.1622
vn 0.9741 -0.1172 -0.1932
vn 0.9669 -0.1205 -0.2250
vn 0.9581 -0.1266 -0.2569
vn 0.9467 -0.1792 -0.2676
vn 0.9346 -0.2943 -0.1996
vn 0.9113 -0.3823 -0.1528
vn 0.8878 -0.4242 -0.1783
vn 0.8761 -0.4612 -0.1407
vn 0.8685 -0.4927 -0.0542
vn 0.8551 -0.5175 -0.0309
vn 0.8546 -0.4947 -0.1577
vn 0.8776 -0.3986 -0.2663
vn 0.9520 -0.3062 0.0006
vn 0.9283 -0.1858 0.3222
vn 0.8585 -0.1286 0.4964
vn 0.7997 -0.1125 0.5898
vn 0.8285 -0.1261 0.5456
vn 0.8938 -0.1803 0.4105
vn 0.8731 -0.2517 0.4176
vn 0.8081 -0.2905 0.5124
vn 0.8127 -0.2998 0.4996
vn 0.8434 -0.3023 0.4441
vn 0.8919 -0.2989 0.3394
vn 0.9103 -0.3051 0.2796
vn 0.9072 -0.3231 0.2692
vn 0.8955 -0.3295 0.2993
vn 0.8829 -0.3647 -0.2958
vn 0.8743 -0.3243 -0.3612
vn 0.9202 -0.2631 -0.2898
vn 0.9705 -0.1616 -0.1791
vn 0.9802 -0.1162 -0.1601
vn 0.9725 -0.1234 -0.1975
vn 0.9575 -0.1566 -0.2422
vn 0.9350 -0.2129 -0.2838
vn 0.9037 -0.2827 -0.3215
vn 0.8822 -0.3891 -0.2652
vn 0.8525 -0.4868 -0.1906
vn 0.8430 -0.5056 -0.1834
vn 0.8817 -0.4557 -0.1222
vn 0.8923 -0.4458 -0.0714
vn 0.8607 -0.5056 -0.0602
vn 0.8565 -0.4979 -0.1362
vn 0.9217 -0.3482 -0.1711
vn 0.9783 -0.1853 0.0926
vn 0.9295 -0.1113 0.3516
vn 0.8569 -0.0965 0.5064
vn 0.8047 -0.0828 0.5878
vn 0.8510 -0.0922 0.5170
vn 0.9225 -0.1307 0.3632
vn 0.8988 -0.1960 0.3920
vn 0.8309 -0.2488 0.4977
vn 0.8266 -0.2705 0.4935
vn 0.8602 -0.2745 0.4297
vn 0.9056 -0.2772 0.3210
vn 0.9185 -0.2899 0.2688
vn 0.9158 -0.3043 0.2620
vn 0.8869 -0.3142 0.3386
vn 0.9133 -0.3169 -0.2557
vn 0.8991 -0.2773 -0.3387
vn 0.9438 -0.2062 -0.2581
vn 0.9770 -0.1494 -0.1524
vn 0.9694 -0.1717 -0.1752
vn 0.9439 -0.2411 -0.2257
vn 0.9092 -0.3095 -0.2787
vn 0.8723 -0.3676 -0.3223
vn 0.8400 -0.4092 -0.3563
vn 0.8319 -0.4609 -0.3090
vn 0.8285 -0.5151 -0.2198
vn 0.8737 -0.4690 -0.1293
vn 0.9393 -0.3377 -0.0612
vn 0.9404 -0.3223 -0.1086
vn 0.8951 -0.4325 -0.1082
vn 0.8799 -0.4627 -0.1079
vn 0.9409 -0.3362 -0.0420
vn 0.9694 -0.1609 0.1855
vn 0.9292 -0.0815 0.3604
vn 0.8535 -0.0696 0.5164
vn 0.8079 -0.0576 0.5865
vn 0.8697 -0.0612 0.4897
vn 0.9414 -0.0862 0.3261
vn 0.9189 -0.1471 0.3661
vn 0.8529 -0.2132 0.4765
vn 0.8386 -0.2436 0.4872
vn 0.8778 -0.2473 0.4104
vn 0.9195 -0.2562 0.2980
vn 0.9255 -0.2771 0.2580
vn 0.9212 -0.2790 0.2713
vn 0.8770 -0.2789 0.3913
vn 0.9255 -0.2624 -0.2730
vn 0.9099 -0.2849 -0.3015
vn 0.9447 -0.2251 -0.2386
vn 0.9556 -0.2406 -0.1699
vn 0.9222 -0.3246 -0.2101
vn 0.8799 -0.3970 -0.2610
vn 0.8481 -0.4364 -0.3005
vn 0.8328 -0.4405 -0.3354
vn 0.8254 -0.4323 -0.3631
vn 0.8289 -0.4510 -0.3308
vn 0.8635 -0.4568 -0.2137
vn 0.9281 -0.3699 -0.0434
vn 0.9630 -0.2692 -0.0114
vn 0.9541 -0.2611 -0.1470
vn 0.9240 -0.3454 -0.1638
vn 0.9089 -0.4062 -0.0941
vn 0.9459 -0.3119 0.0894
vn 0.9532 -0.1325 0.2719
vn 0.9277 -0.0567 0.3690
vn 0.8491 -0.0476 0.5261
vn 0.8096 -0.0370 0.5858
vn 0.8848 -0.0340 0.4648
vn 0.9537 -0.0532 0.2960
vn 0.9334 -0.1136 0.3404
vn 0.8720 -0.1839 0.4536
vn 0.8490 -0.2221 0.4795
vn 0.8933 -0.2303 0.3861
vn 0.9303 -0.2434 0.2743
vn 0.9316 -0.2653 0.2485
vn 0.9159 -0.2612 0.3049
vn 0.8646 -0.2458 0.4382
vn 0.9001 -0.3034 -0.3126
vn 0.9073 -0.3155 -0.2781
vn 0.9439 -0.2531 -0.2123
vn 0.9372 -0.2720 -0.2184
vn 0.8851 -0.3877 -0.2576
vn 0.8498 -0.4480 -0.2777
vn 0.8404 -0.4497 -0.3026
vn 0.8337 -0.4411 -0.3322
vn 0.8270 -0.4316 -0.3602
vn 0.8349 -0.4329 -0.3398
vn 0.9057 -0.3913 -0.1631
vn 0.9625 -0.2691 0.0347
vn 0.9783 -0.2073 -0.0015
vn 0.9627 -0.2160 -0.1631
vn 0.9400 -0.2662 -0.2133
vn 0.9425 -0.3231 -0.0854
vn 0.9474 -0.2442 0.2067
vn 0.9376 -0.0921 0.3354
vn 0.9254 -0.0365 0.3772
vn 0.8442 -0.0302 0.5352
vn 0.8105 -0.0213 0.5854
vn 0.8964 -0.0128 0.4430
vn 0.9626 -0.0257 0.2698
vn 0.9456 -0.0829 0.3147
vn 0.8888 -0.1567 0.4307
vn 0.8601 -0.2088 0.4654
vn 0.9057 -0.2288 0.3569
vn 0.9358 -0.2417 0.2566
vn 0.9371 -0.2405 0.2528
vn 0.9067 -0.2188 0.3607
vn 0.8628 -0.1986 0.4649
vn 0.8805 -0.3477 -0.3221
vn 0.9179 -0.3013 -0.2582
vn 0.9671 -0.1936 -0.1651
vn 0.9592 -0.1456 -0.2423
vn 0.9177 -0.2319 -0.3226
vn 0.8799 -0.3578 -0.3127
vn 0.8482 -0.4285 -0.3113
vn 0.8353 -0.4411 -0.3283
vn 0.8292 -0.4305 -0.3566
vn 0.8616 -0.3923 -0.3222
vn 0.9495 -0.2995 -0.0936
vn 0.9758 -0.2009 0.0870
vn 0.9839 -0.1785 -0.0101
vn 0.9663 -0.1909 -0.1726
vn 0.9469 -0.2127 -0.2412
vn 0.9696 -0.2351 -0.0679
vn 0.9400 -0.1739 0.2935
vn 0.9241 -0.0647 0.3767
vn 0.9229 -0.0203 0.3846
vn 0.8393 -0.0168 0.5435
vn 0.8145 -0.0292 0.5794
vn 0.9031 -0.0515 0.4263
vn 0.9635 -0.0368 0.2653
vn 0.9558 -0.0550 0.2888
vn 0.9036 -0.1316 0.4076
vn 0.8760 -0.1937 0.4417
vn 0.9185 -0.2237 0.3261
vn 0.9391 -0.2397 0.2461
vn 0.9333 -0.2167 0.2862
vn 0.8946 -0.1706 0.4131
vn 0.8711 -0.1523 0.4669
vn 0.8796 -0.3550 -0.3168
vn 0.9259 -0.3028 -0.2260
vn 0.9735 -0.1996 -0.1115
vn 0.9667 -0.1318 -0.2194
vn 0.9277 -0.1161 -0.3548
vn 0.9113 -0.1837 -0.3685
vn 0.8788 -0.3155 -0.3580
vn 0.8469 -0.4069 -0.3424
vn 0.8349 -0.4241 -0.3508
vn 0.8976 -0.3518 -0.2657
vn 0.9759 -0.2166 -0.0254
vn 0.9844 -0.1428 0.1031
vn 0.9882 -0.1517 -0.0196
vn 0.9687 -0.1679 -0.1830
vn 0.9522 -0.1771 -0.2490
vn 0.9830 -0.1774 -0.0467
vn 0.9286 -0.1402 0.3437
vn 0.9115 -0.0768 0.4040
vn 0.9152 -0.0294 0.4020
vn 0.8356 -0.0120 0.5492
vn 0.8310 -0.0623 0.5528
vn 0.9018 -0.1116 0.4176
vn 0.9545 -0.0670 0.2906
vn 0.9627 -0.0409 0.2675
vn 0.9169 -0.1085 0.3840
vn 0.8946 -0.1724 0.4124
vn 0.9322 -0.2102 0.2948
vn 0.9434 -0.2168 0.2509
vn 0.9231 -0.1697 0.3451
vn 0.8873 -0.1228 0.4446
vn 0.8798 -0.1197 0.4599
vn 0.8844 -0.3512 -0.3075
vn 0.9367 -0.2907 -0.1949
vn 0.9741 -0.2132 -0.0749
vn 0.9683 -0.1700 -0.1829
vn 0.9330 -0.1196 -0.3395
vn 0.9129 -0.0997 -0.3957
vn 0.8993 -0.1534 -0.4096
vn 0.8784 -0.2722 -0.3928
vn 0.8741 -0.3352 -0.3515
vn 0.9436 -0.2686 -0.1935
vn 0.9868 -0.1590 0.0307
vn 0.9878 -0.1159 0.1041
vn 0.9915 -0.1266 -0.0302
vn 0.9699 -0.1464 -0.1943
vn 0.9553 -0.1572 -0.2506
vn 0.9908 -0.1347 -0.0125
vn 0.9248 -0.0993 0.3674
vn 0.9038 -0.0885 0.4187
vn 0.8984 -0.0436 0.4371
vn 0.8388 -0.0279 0.5437
vn 0.8541 -0.1096 0.5084
vn 0.8956 -0.1649 0.4132
vn 0.9375 -0.1150 0.3284
vn 0.9631 -0.0509 0.2642
vn 0.9295 -0.0958 0.3561
vn 0.9087 -0.1747 0.3791
vn 0.9398 -0.2125 0.2676
vn 0.9393 -0.1877 0.2873
vn 0.9094 -0.1100 0.4011
vn 0.8901 -0.0739 0.4498
vn 0.8869 -0.0871 0.4536
vn 0.8945 -0.3425 -0.2871
vn 0.9485 -0.2704 -0.1648
vn 0.9752 -0.2133 -0.0587
vn 0.9722 -0.1819 -0.1476
vn 0.9434 -0.1279 -0.3061
vn 0.9116 -0.0996 -0.3988
vn 0.8994 -0.0995 -0.4256
vn 0.8893 -0.1317 -0.4379
vn 0.9164 -0.1823 -0.3565
vn 0.9764 -0.1609 -0.1441
vn 0.9926 -0.1065 0.0580
vn 0.9904 -0.0902 0.1052
vn 0.9938 -0.1027 -0.0420
vn 0.9703 -0.1263 -0.2066
vn 0.9602 -0.1299 -0.2473
vn 0.9955 -0.0875 0.0357
vn 0.9268 -0.0473 0.3725
vn 0.9068 -0.0571 0.4176
vn 0.8817 -0.0400 0.4701
vn 0.8537 -0.0667 0.5164
vn 0.8684 -0.1582 0.4700
vn 0.8896 -0.2024 0.4095
vn 0.9166 -0.1736 0.3600
vn 0.9534 -0.1042 0.2831
vn 0.9382 -0.1063 0.3293
vn 0.9234 -0.1797 0.3390
vn 0.9435 -0.1970 0.2666
vn 0.9284 -0.1271 0.3493
vn 0.8984 -0.0557 0.4355
vn 0.8948 -0.0423 0.4444
vn 0.8924 -0.0540 0.4479
vn 0.9041 -0.3407 -0.2579
vn 0.9542 -0.2683 -0.1326
vn 0.9729 -0.2248 -0.0534
vn 0.9725 -0.2022 -0.1155
vn 0.9506 -0.1507 -0.2712
vn 0.9114 -0.1146 -0.3952
vn 0.8989 -0.1071 -0.4248
vn 0.8870 -0.1052 -0.4497
vn 0.9220 -0.1164 -0.3692
vn 0.9852 -0.1196 -0.1228
vn 0.9933 -0.0877 0.0749
vn 0.9921 -0.0696 0.1041
vn 0.9946 -0.0880 -0.0549
vn 0.9696 -0.1111 -0.2179
vn 0.9688 -0.0928 -0.2299
vn 0.9962 -0.0310 0.0814
vn 0.9294 0.0066 0.3691
vn 0.9154 -0.0217 0.4019
vn 0.8786 -0.0784 0.4711
vn 0.8641 -0.1371 0.4843
vn 0.8766 -0.1832 0.4450
vn 0.8911 -0.2032 0.4058
vn 0.9055 -0.2067 0.3707
vn 0.9354 -0.1672 0.3115
vn 0.9393 -0.1428 0.3119
vn 0.9353 -0.1841 0.3022
vn 0.9388 -0.1524 0.3089
vn 0.9134 -0.0480 0.4043
vn 0.8970 -0.0035 0.4421
vn 0.8982 -0.0108 0.4395
vn 0.8963 -0.0201 0.4431
vn 0.9119 -0.3416 -0.2273
vn 0.9561 -0.2752 -0.1011
vn 0.9692 -0.2408 -0.0519
vn 0.9676 -0.2338 -0.0954
vn 0.9518 -0.1956 -0.2363
vn 0.9139 -0.1406 -0.3809
vn 0.8987 -0.1149 -0.4234
vn 0.8869 -0.1110 -0.4484
vn 0.9175 -0.1201 -0.3791
vn 0.9870 -0.1155 -0.1118
vn 0.9927 -0.0693 0.0983
vn 0.9938 -0.0547 0.0966
vn 0.9941 -0.0837 -0.0696
vn 0.9692 -0.1013 -0.2245
vn 0.9778 -0.0680 -0.1983
vn 0.9928 0.0012 0.1201
vn 0.9295 0.0355 0.3671
vn 0.9278 -0.0025 0.3730
vn 0.8946 -0.0970 0.4362
vn 0.8689 -0.1730 0.4637
vn 0.8784 -0.1964 0.4357
vn 0.8926 -0.2033 0.4023
vn 0.9059 -0.2093 0.3682
vn 0.9227 -0.1867 0.3374
vn 0.9384 -0.1457 0.3132
vn 0.9481 -0.1164 0.2959
vn 0.9292 -0.0593 0.3647
vn 0.8997 0.0072 0.4364
vn 0.8984 0.0264 0.4384
vn 0.8999 0.0216 0.4356
vn 0.8983 0.0151 0.4391
vn 0.9190 -0.3405 -0.1988
vn 0.9570 -0.2811 -0.0718
vn 0.9657 -0.2546 -0.0516
vn 0.9621 -0.2576 -0.0892
vn 0.9521 -0.2281 -0.2035
vn 0.9215 -0.1606 -0.3535
vn 0.8987 -0.1220 -0.4213
vn 0.8872 -0.1161 -0.4464
vn 0.9175 -0.1112 -0.3819
vn 0.9920 -0.0858 -0.0926
vn 0.9918 -0.0389 0.1218
vn 0.9960 -0.0369 0.0816
vn 0.9935 -0.0735 -0.0866
vn 0.9701 -0.0887 -0.2258
vn 0.9847 -0.0573 -0.1643
vn 0.9880 0.0031 0.1543
vn 0.9294 0.0336 0.3676
vn 0.9377 0.0177 0.3471
vn 0.9193 -0.0520 0.3900
vn 0.8859 -0.1458 0.4404
vn 0.8813 -0.1922 0.4317
vn 0.8943 -0.2019 0.3993
vn 0.9074 -0.2079 0.3653
vn 0.9144 -0.1764 0.3643
vn 0.9353 -0.0869 0.3431
vn 0.9454 0.0194 0.3253
vn 0.9119 0.1010 0.3978
vn 0.8886 0.1317 0.4393
vn 0.8957 0.1199 0.4281
vn 0.9012 0.0910 0.4237
vn 0.9001 0.0613 0.4314
vn 0.9289 -0.3251 -0.1775
vn 0.9583 -0.2820 -0.0463
vn 0.9632 -0.2636 -0.0529
vn 0.9594 -0.2674 -0.0891
vn 0.9560 -0.2375 -0.1722
vn 0.9318 -0.1690 -0.3213
vn 0.8991 -0.1274 -0.4187
vn 0.8880 -0.1199 -0.4440
vn 0.9250 -0.0929 -0.3683
vn 0.9971 -0.0377 -0.0666
vn 0.9909 0.0004 0.1348
vn 0.9979 -0.0149 0.0625
vn 0.9929 -0.0552 -0.1056
vn 0.9717 -0.0722 -0.2250
vn 0.9897 -0.0460 -0.1353
vn 0.9831 0.0048 0.1830
vn 0.9293 0.0309 0.3681
vn 0.9415 0.0248 0.3360
vn 0.9345 -0.0066 0.3560
vn 0.9109 -0.0800 0.4047
vn 0.8938 -0.1633 0.4178
vn 0.8961 -0.1984 0.3971
vn 0.9092 -0.1915 0.3698
vn 0.9059 -0.1419 0.3990
vn 0.9186 -0.0383 0.3933
vn 0.9213 0.0973 0.3765
vn 0.8847 0.2030 0.4196
vn 0.8750 0.2300 0.4260
vn 0.8884 0.2080 0.4092
vn 0.8982 0.1769 0.4025
vn 0.9005 0.1373 0.4126
vn 0.9473 -0.2679 -0.1755
vn 0.9632 -0.2668 -0.0327
vn 0.9623 -0.2663 -0.0556
vn 0.9583 -0.2711 -0.0904
vn 0.9568 -0.2513 -0.1460
vn 0.9377 -0.1928 -0.2889
vn 0.9007 -0.1402 -0.4112
vn 0.8891 -0.1218 -0.4412
vn 0.9379 -0.0828 -0.3368
vn 0.9995 -0.0080 -0.0311
vn 0.9901 0.0304 0.1372
vn 0.9991 0.0074 0.0412
vn 0.9913 -0.0364 -0.1265
vn 0.9730 -0.0553 -0.2241
vn 0.9932 -0.0339 -0.1118
vn 0.9786 0.0069 0.2056
vn 0.9292 0.0277 0.3684
vn 0.9429 0.0259 0.3321
vn 0.9372 0.0303 0.3476
vn 0.9260 0.0188 0.3770
vn 0.9216 -0.0573 0.3838
vn 0.9101 -0.1539 0.3848
vn 0.9069 -0.1590 0.3902
vn 0.8959 -0.0864 0.4357
vn 0.8977 0.0029 0.4406
vn 0.9005 0.0929 0.4247
vn 0.8891 0.1348 0.4374
vn 0.8971 0.1219 0.4247
vn 0.9074 0.1063 0.4067
vn 0.9100 0.1071 0.4006
vn 0.9068 0.1188 0.4045
vn 0.9586 -0.2134 -0.1883
vn 0.9683 -0.2470 -0.0384
vn 0.9626 -0.2641 -0.0597
vn 0.9584 -0.2699 -0.0929
vn 0.9548 -0.2662 -0.1325
vn 0.9395 -0.2243 -0.2589
vn 0.9063 -0.1569 -0.3924
vn 0.8973 -0.0990 -0.4302
vn 0.9557 -0.0214 -0.2937
vn 0.9992 0.0394 -0.0011
vn 0.9891 0.0546 0.1365
vn 0.9994 0.0299 0.0176
vn 0.9887 -0.0172 -0.1491
vn 0.9741 -0.0376 -0.2229
vn 0.9953 -0.0208 -0.0943
vn 0.9750 0.0096 0.2219
vn 0.9292 0.0248 0.3687
vn 0.9369 0.0546 0.3454
vn 0.9237 0.1176 0.3648
vn 0.9148 0.1595 0.3712
vn 0.9272 0.1410 0.3470
vn 0.9356 0.0506 0.3494
vn 0.9121 -0.0183 0.4097
vn 0.8786 0.0280 0.4768
vn 0.8751 0.1036 0.4727
vn 0.8952 0.1069 0.4326
vn 0.9043 0.0483 0.4242
vn 0.9065 0.0104 0.4220
vn 0.9103 0.0235 0.4133
vn 0.9088 0.0575 0.4134
vn 0.9019 0.1014 0.4198
vn 0.9592 -0.1937 -0.2058
vn 0.9699 -0.2370 -0.0569
vn 0.9637 -0.2589 -0.0650
vn 0.9593 -0.2654 -0.0964
vn 0.9544 -0.2683 -0.1310
vn 0.9442 -0.2350 -0.2308
vn 0.9178 -0.1589 -0.3639
vn 0.9170 -0.0582 -0.3946
vn 0.9667 0.0487 -0.2512
vn 0.9960 0.0891 0.0067
vn 0.9879 0.0770 0.1344
vn 0.9988 0.0491 -0.0076
vn 0.9851 0.0008 -0.1721
vn 0.9750 -0.0190 -0.2216
vn 0.9965 -0.0065 -0.0830
vn 0.9726 0.0135 0.2319
vn 0.9242 0.0446 0.3793
vn 0.9191 0.1085 0.3789
vn 0.8995 0.1890 0.3940
vn 0.8954 0.2377 0.3764
vn 0.9087 0.2530 0.3319
vn 0.9237 0.2321 0.3048
vn 0.9007 0.1849 0.3931
vn 0.8466 0.1769 0.5019
vn 0.8517 0.2022 0.4834
vn 0.9031 0.1528 0.4013
vn 0.9141 0.0771 0.3980
vn 0.8993 0.0739 0.4310
vn 0.8969 0.1105 0.4282
vn 0.8918 0.1471 0.4278
vn 0.8848 0.1758 0.4314
vn 0.9580 -0.1786 -0.2242
vn 0.9707 -0.2270 -0.0786
vn 0.9654 -0.2509 -0.0713
vn 0.9609 -0.2580 -0.1009
vn 0.9559 -0.2614 -0.1337
vn 0.9513 -0.2318 -0.2032
vn 0.9385 -0.1300 -0.3198
vn 0.9409 0.0146 -0.3384
vn 0.9708 0.1008 -0.2178
vn 0.9935 0.1140 0.0033
vn 0.9884 0.0876 0.1242
vn 0.9984 0.0442 -0.0342
vn 0.9822 0.0072 -0.1878
vn 0.9755 0.0009 -0.2199
vn 0.9969 0.0093 -0.0782
vn 0.9696 0.0325 0.2425
vn 0.9070 0.0941 0.4105
vn 0.9041 0.1470 0.4011
vn 0.9047 0.1375 0.4032
vn 0.9023 0.1592 0.4006
vn 0.9109 0.2227 0.3474
vn 0.9219 0.2510 0.2951
vn 0.8943 0.2513 0.3703
vn 0.8320 0.2384 0.5009
vn 0.8453 0.2222 0.4859
vn 0.9127 0.1770 0.3684
vn 0.9137 0.1416 0.3808
vn 0.8813 0.1571 0.4457
vn 0.8796 0.1836 0.4388
vn 0.8778 0.1986 0.4359
vn 0.8754 0.2087 0.4361
vn 0.9564 -0.1582 -0.2455
vn 0.9716 -0.2138 -0.1014
vn 0.9675 -0.2403 -0.0783
vn 0.9630 -0.2478 -0.1061
vn 0.9581 -0.2515 -0.1370
vn 0.9619 -0.2145 -0.1697
vn 0.9678 -0.0696 -0.2418
vn 0.9545 0.0950 -0.2825
vn 0.9666 0.1490 -0.2086
vn 0.9903 0.1392 0.0007
vn 0.9899 0.1003 0.0998
vn 0.9971 0.0425 -0.0634
vn 0.9813 0.0169 -0.1916
vn 0.9757 0.0225 -0.2180
vn 0.9965 0.0323 -0.0771
vn 0.9615 0.0745 0.2647
vn 0.8840 0.1412 0.4457
vn 0.9087 0.1468 0.3909
vn 0.9247 0.0757 0.3732
vn 0.8952 0.0806 0.4384
vn 0.9033 0.1853 0.3868
vn 0.9226 0.2431 0.2995
vn 0.9018 0.2422 0.3580
vn 0.8402 0.2314 0.4905
vn 0.8435 0.2225 0.4888
vn 0.9152 0.1940 0.3533
vn 0.9106 0.1839 0.3700
vn 0.8675 0.2016 0.4548
vn 0.8702 0.2110 0.4452
vn 0.8704 0.2216 0.4397
vn 0.8674 0.2335 0.4393
vn 0.9516 -0.1076 -0.2879
vn 0.9723 -0.1973 -0.1252
vn 0.9701 -0.2268 -0.0858
vn 0.9657 -0.2345 -0.1118
vn 0.9664 -0.2212 -0.1307
vn 0.9832 -0.1418 -0.1150
vn 0.9888 0.0082 -0.1490
vn 0.9621 0.1355 -0.2365
vn 0.9622 0.1728 -0.2106
vn 0.9863 0.1651 -0.0014
vn 0.9897 0.1265 0.0676
vn 0.9933 0.0665 -0.0943
vn 0.9809 0.0398 -0.1902
vn 0.9754 0.0461 -0.2157
vn 0.9948 0.0761 -0.0675
vn 0.9453 0.1396 0.2948
vn 0.8741 0.1647 0.4569
vn 0.9247 0.1188 0.3618
vn 0.9404 0.0527 0.3361
vn 0.8811 0.0611 0.4689
vn 0.8847 0.1553 0.4395
vn 0.9240 0.2248 0.3092
vn 0.9096 0.2321 0.3446
vn 0.8492 0.2234 0.4785
vn 0.8377 0.2240 0.4981
vn 0.9152 0.2020 0.3486
vn 0.9108 0.1981 0.3621
vn 0.8599 0.2217 0.4598
vn 0.8623 0.2321 0.4502
vn 0.8620 0.2438 0.4444
vn 0.8585 0.2573 0.4435
vn 0.9320 -0.0584 -0.3577
vn 0.9727 -0.1770 -0.1498
vn 0.9731 -0.2103 -0.0937
vn 0.9743 -0.1991 -0.1055
vn 0.9881 -0.1253 -0.0891
vn 0.9985 -0.0181 -0.0524
vn 0.9933 0.0808 -0.0823
vn 0.9654 0.1649 -0.2019
vn 0.9571 0.1974 -0.2121
vn 0.9814 0.1920 -0.0032
vn 0.9875 0.1539 0.0340
vn 0.9878 0.0918 -0.1261
vn 0.9799 0.0649 -0.1885
vn 0.9745 0.0912 -0.2051
vn 0.9867 0.1561 -0.0445
vn 0.9283 0.1984 0.3143
vn 0.8836 0.1670 0.4375
vn 0.9386 0.0991 0.3304
vn 0.9489 0.0481 0.3118
vn 0.8799 0.0397 0.4734
vn 0.8644 0.1009 0.4926
vn 0.9220 0.1913 0.3367
vn 0.9173 0.2221 0.3304
vn 0.8585 0.2156 0.4652
vn 0.8275 0.2276 0.5132
vn 0.9127 0.2114 0.3497
vn 0.9110 0.2120 0.3538
vn 0.8514 0.2420 0.4654
vn 0.8533 0.2532 0.4558
vn 0.8526 0.2659 0.4499
vn 0.8486 0.2808 0.4484
vn 0.9023 -0.0249 -0.4304
vn 0.9742 -0.1472 -0.1713
vn 0.9851 -0.1511 -0.0825
vn 0.9954 -0.0733 -0.0617
vn 0.9993 0.0218 -0.0293
vn 0.9971 0.0744 -0.0177
vn 0.9931 0.1069 -0.0478
vn 0.9718 0.1639 -0.1695
vn 0.9556 0.2105 -0.2065
vn 0.9784 0.2063 -0.0123
vn 0.9879 0.1549 0.0001
vn 0.9831 0.1047 -0.1502
vn 0.9779 0.1031 -0.1820
vn 0.9709 0.1649 -0.1739
vn 0.9726 0.2304 -0.0308
vn 0.9316 0.2131 0.2946
vn 0.9026 0.1402 0.4069
vn 0.9466 0.0942 0.3083
vn 0.9542 0.0603 0.2931
vn 0.8880 0.0373 0.4584
vn 0.8350 0.0767 0.5449
vn 0.9065 0.1733 0.3850
vn 0.9244 0.2137 0.3160
vn 0.8677 0.2092 0.4510
vn 0.8177 0.2250 0.5299
vn 0.9091 0.2118 0.3586
vn 0.9106 0.2236 0.3475
vn 0.8417 0.2636 0.4712
vn 0.8432 0.2750 0.4620
vn 0.8419 0.2887 0.4559
vn 0.8373 0.3046 0.4540
vn 0.8766 0.0567 -0.4778
vn 0.9855 -0.0160 -0.1687
vn 0.9993 0.0173 -0.0334
vn 0.9963 0.0857 -0.0067
vn 0.9934 0.1151 -0.0011
vn 0.9933 0.1148 -0.0135
vn 0.9927 0.1154 -0.0363
vn 0.9784 0.1560 -0.1358
vn 0.9574 0.2216 -0.1852
vn 0.9749 0.2193 -0.0384
vn 0.9878 0.1520 -0.0346
vn 0.9802 0.1196 -0.1579
vn 0.9745 0.1582 -0.1593
vn 0.9614 0.2422 -0.1304
vn 0.9606 0.2749 -0.0401
vn 0.9467 0.2137 0.2409
vn 0.9162 0.1268 0.3802
vn 0.9482 0.0967 0.3027
vn 0.9562 0.0866 0.2795
vn 0.8956 0.0702 0.4393
vn 0.8146 0.0726 0.5754
vn 0.8877 0.1382 0.4392
vn 0.9313 0.1900 0.3107
vn 0.8759 0.2057 0.4364
vn 0.8129 0.2163 0.5408
vn 0.9007 0.2114 0.3795
vn 0.9045 0.2465 0.3481
vn 0.8309 0.2915 0.4739
vn 0.8317 0.2976 0.4686
vn 0.8300 0.3119 0.4625
vn 0.8249 0.3285 0.4601
vn 0.8569 0.2241 -0.4642
vn 0.9701 0.1969 -0.1416
vn 0.9861 0.1662 0.0035
vn 0.9874 0.1578 0.0103
vn 0.9887 0.1499 -0.0016
vn 0.9894 0.1439 -0.0175
vn 0.9895 0.1399 -0.0367
vn 0.9796 0.1743 -0.0998
vn 0.9578 0.2436 -0.1525
vn 0.9663 0.2460 -0.0752
vn 0.9812 0.1796 -0.0706
vn 0.9743 0.1708 -0.1471
vn 0.9620 0.2451 -0.1202
vn 0.9447 0.3132 -0.0969
vn 0.9504 0.3023 -0.0734
vn 0.9587 0.2242 0.1748
vn 0.9234 0.1439 0.3557
vn 0.9445 0.1193 0.3062
vn 0.9535 0.1195 0.2766
vn 0.8998 0.1119 0.4216
vn 0.8132 0.0820 0.5761
vn 0.8647 0.1015 0.4918
vn 0.9262 0.1743 0.3343
vn 0.8792 0.2216 0.4219
vn 0.8099 0.2206 0.5435
vn 0.8837 0.2219 0.4121
vn 0.8921 0.2735 0.3596
vn 0.8230 0.3209 0.4686
vn 0.8192 0.3205 0.4755
vn 0.8171 0.3347 0.4694
vn 0.8117 0.3513 0.4666
vn 0.8539 0.3555 -0.3801
vn 0.9111 0.3969 -0.1109
vn 0.9414 0.3369 -0.0131
vn 0.9681 0.2503 -0.0111
vn 0.9808 0.1946 -0.0134
vn 0.9842 0.1756 -0.0211
vn 0.9842 0.1724 -0.0395
vn 0.9794 0.1890 -0.0711
vn 0.9649 0.2350 -0.1171
vn 0.9628 0.2502 -0.1020
vn 0.9706 0.2191 -0.0994
vn 0.9620 0.2481 -0.1139
vn 0.9418 0.3261 -0.0821
vn 0.9285 0.3618 -0.0836
vn 0.9356 0.3352 -0.1109
vn 0.9578 0.2680 0.1041
vn 0.9276 0.1783 0.3282
vn 0.9393 0.1465 0.3102
vn 0.9481 0.1493 0.2808
vn 0.9040 0.1415 0.4035
vn 0.8214 0.1054 0.5605
vn 0.8335 0.1175 0.5399
vn 0.9037 0.1920 0.3827
vn 0.8801 0.2412 0.4090
vn 0.8094 0.2357 0.5379
vn 0.8591 0.2421 0.4509
vn 0.8752 0.2956 0.3829
vn 0.8215 0.3384 0.4590
vn 0.8057 0.3439 0.4823
vn 0.8033 0.3576 0.4763
vn 0.7976 0.3739 0.4732
vn 0.8475 0.4795 -0.2279
vn 0.8215 0.5650 -0.0773
vn 0.8441 0.5337 -0.0513
vn 0.8838 0.4650 -0.0524
vn 0.9177 0.3948 -0.0446
vn 0.9445 0.3254 -0.0448
vn 0.9632 0.2619 -0.0602
vn 0.9730 0.2200 -0.0700
vn 0.9709 0.2212 -0.0915
vn 0.9655 0.2367 -0.1080
vn 0.9604 0.2602 -0.0995
vn 0.9434 0.3240 -0.0709
vn 0.9243 0.3771 -0.0584
vn 0.9166 0.3915 -0.0806
vn 0.9170 0.3754 -0.1351
vn 0.9467 0.3207 0.0283
vn 0.9320 0.2247 0.2843
vn 0.9323 0.1784 0.3146
vn 0.9407 0.1815 0.2866
vn 0.9069 0.1709 0.3851
vn 0.8299 0.1335 0.5417
vn 0.8153 0.1213 0.5662
vn 0.8846 0.1744 0.4326
vn 0.8827 0.2336 0.4078
vn 0.8139 0.2447 0.5270
vn 0.8297 0.2638 0.4920
vn 0.8528 0.3204 0.4125
vn 0.8176 0.3582 0.4508
vn 0.7909 0.3682 0.4888
vn 0.7885 0.3809 0.4830
vn 0.7832 0.3957 0.4796
vn 0.7942 0.6001 -0.0959
vn 0.7798 0.6228 -0.0644
vn 0.7792 0.6229 -0.0697
vn 0.7820 0.6186 -0.0762
vn 0.8002 0.5945 -0.0791
vn 0.8327 0.5466 -0.0887
vn 0.8651 0.4905 -0.1050
vn 0.8927 0.4379 -0.1060
vn 0.9168 0.3840 -0.1094
vn 0.9324 0.3395 -0.1240
vn 0.9342 0.3472 -0.0822
vn 0.9190 0.3926 -0.0373
vn 0.9067 0.4187 -0.0504
vn 0.9024 0.4239 -0.0770
vn 0.9003 0.4091 -0.1485
vn 0.9341 0.3534 -0.0505
vn 0.9384 0.2630 0.2243
vn 0.9229 0.2150 0.3194
vn 0.9278 0.2252 0.2975
vn 0.8789 0.2622 0.3984
vn 0.7954 0.2710 0.5421
vn 0.7946 0.2099 0.5697
vn 0.8593 0.1849 0.4769
vn 0.8708 0.2380 0.4303
vn 0.8150 0.2631 0.5163
vn 0.8101 0.2673 0.5218
vn 0.8346 0.3177 0.4500
vn 0.8119 0.3708 0.4509
vn 0.7752 0.3932 0.4944
vn 0.7735 0.4033 0.4889
vn 0.7746 0.4081 0.4832
vn 0.7600 0.6469 -0.0623
vn 0.7608 0.6459 -0.0629
vn 0.7594 0.6470 -0.0683
vn 0.7570 0.6486 -0.0789
vn 0.7543 0.6499 -0.0929
vn 0.7515 0.6506 -0.1096
vn 0.7493 0.6497 -0.1278
vn 0.7596 0.6351 -0.1401
vn 0.8002 0.5773 -0.1625
vn 0.8413 0.5168 -0.1583
vn 0.8654 0.4928 -0.0907
vn 0.8837 0.4665 -0.0375
vn 0.8903 0.4529 -0.0471
vn 0.8854 0.4591 -0.0730
vn 0.8812 0.4458 -0.1574
vn 0.9133 0.3859 -0.1305
vn 0.9395 0.3042 0.1573
vn 0.9105 0.2562 0.3246
vn 0.8963 0.2941 0.3319
vn 0.8091 0.3792 0.4490
vn 0.7134 0.4293 0.5539
vn 0.7261 0.4068 0.5543
vn 0.7967 0.3436 0.4973
vn 0.8128 0.3391 0.4738
vn 0.7830 0.3542 0.5114
vn 0.7873 0.3175 0.5285
vn 0.8123 0.3204 0.4873
vn 0.7987 0.3753 0.4703
vn 0.7654 0.4087 0.4971
vn 0.7738 0.4022 0.4894
vn 0.7895 0.3824 0.4800
vn 0.7403 0.6695 -0.0614
vn 0.7399 0.6699 -0.0617
vn 0.7379 0.6716 -0.0669
vn 0.7349 0.6737 -0.0778
vn 0.7316 0.6755 -0.0918
vn 0.7280 0.6769 -0.1085
vn 0.7241 0.6778 -0.1275
vn 0.7423 0.6492 -0.1659
vn 0.7908 0.5723 -0.2171
vn 0.8097 0.5653 -0.1576
vn 0.7911 0.6024 -0.1062
vn 0.8250 0.5582 -0.0883
vn 0.8627 0.5029 -0.0539
vn 0.8651 0.4969 -0.0685
vn 0.8592 0.4854 -0.1619
vn 0.8777 0.4351 -0.2006
vn 0.9208 0.3806 0.0855
vn 0.8926 0.3150 0.3225
vn 0.8510 0.3503 0.3912
vn 0.7385 0.4404 0.5106
vn 0.6713 0.4841 0.5613
vn 0.7004 0.4777 0.5303
vn 0.7663 0.4385 0.4696
vn 0.7840 0.3896 0.4833
vn 0.7563 0.3973 0.5198
vn 0.7572 0.4020 0.5147
vn 0.7864 0.3652 0.4983
vn 0.7983 0.3556 0.4860
vn 0.7906 0.3621 0.4939
vn 0.8006 0.3559 0.4821
vn 0.8134 0.3411 0.4712
vn -0.8780 0.1399 0.4578
vn -0.8771 0.1567 0.4541
vn -0.8738 0.1786 0.4523
vn -0.8535 0.2258 0.4697
vn -0.7741 0.3312 0.5395
vn -0.7091 0.4073 0.5755
vn -0.7189 0.4303 0.5460
vn -0.6845 0.4684 0.5587
vn -0.6684 0.4739 0.5733
vn -0.6876 0.4659 0.5570
vn -0.6784 0.4844 0.5524
vn -0.6663 0.5042 0.5494
vn -0.6507 0.5254 0.5482
vn -0.6308 0.5481 0.5493
vn -0.5914 0.5687 0.5716
vn -0.5114 0.5793 0.6347
vn -0.4255 0.5800 0.6947
vn -0.3724 0.5866 0.7192
vn -0.2922 0.6258 0.7232
vn 0.0984 0.6870 0.7200
vn 0.4553 0.6366 0.6224
vn 0.5397 0.6165 0.5733
vn 0.6253 0.5771 0.5253
vn 0.6709 0.5450 0.5029
vn 0.7051 0.4993 0.5035
vn 0.7571 0.4389 0.4839
vn 0.7765 0.4172 0.4722
vn 0.7899 0.4007 0.4641
vn 0.8025 0.3826 0.4579
vn 0.8158 0.3589 0.4535
vn 0.8267 0.3344 0.4524
vn -0.8866 0.1092 0.4494
vn -0.8875 0.1246 0.4436
vn -0.8859 0.1457 0.4403
vn -0.8728 0.1897 0.4496
vn -0.7984 0.3017 0.5211
vn -0.7491 0.3837 0.5401
vn -0.7507 0.4213 0.5089
vn -0.6626 0.4853 0.5704
vn -0.6665 0.4707 0.5781
vn -0.7041 0.4512 0.5484
vn -0.6962 0.4684 0.5440
vn -0.6842 0.4885 0.5415
vn -0.6685 0.5102 0.5412
vn -0.6357 0.5297 0.5615
vn -0.5604 0.5402 0.6278
vn -0.4732 0.5430 0.6937
vn -0.4197 0.5531 0.7197
vn -0.3859 0.5688 0.7263
vn -0.3495 0.5859 0.7311
vn -0.0633 0.6510 0.7564
vn 0.3605 0.6495 0.6695
vn 0.5253 0.6136 0.5895
vn 0.6008 0.5760 0.5543
vn 0.6783 0.5298 0.5092
vn 0.7240 0.4903 0.4852
vn 0.7594 0.4522 0.4678
vn 0.7796 0.4287 0.4566
vn 0.7959 0.4045 0.4506
vn 0.8119 0.3750 0.4474
vn 0.8275 0.3434 0.4442
vn 0.8310 0.3315 0.4468
vn -0.8941 0.0833 0.4401
vn -0.8966 0.0958 0.4324
vn -0.8967 0.1139 0.4278
vn -0.8922 0.1459 0.4274
vn -0.8275 0.2537 0.5009
vn -0.8081 0.3215 0.4935
vn -0.7730 0.3971 0.4948
vn -0.6405 0.4883 0.5928
vn -0.6694 0.4650 0.5794
vn -0.7161 0.4400 0.5419
vn -0.7129 0.4522 0.5361
vn -0.7009 0.4725 0.5343
vn -0.6751 0.4905 0.5511
vn -0.6076 0.4998 0.6173
vn -0.5219 0.5030 0.6890
vn -0.4690 0.5141 0.7181
vn -0.4355 0.5322 0.7260
vn -0.4019 0.5498 0.7323
vn -0.3670 0.5656 0.7385
vn -0.2172 0.6274 0.7477
vn 0.2261 0.6723 0.7049
vn 0.5231 0.6051 0.6002
vn 0.5851 0.5751 0.5717
vn 0.6652 0.5347 0.5212
vn 0.7277 0.4942 0.4755
vn 0.7649 0.4574 0.4535
vn 0.7871 0.4260 0.4461
vn 0.8069 0.3937 0.4403
vn 0.8243 0.3614 0.4357
vn 0.8374 0.3337 0.4328
vn 0.8240 0.3454 0.4491
vn -0.9003 0.0587 0.4312
vn -0.9040 0.0685 0.4221
vn -0.9056 0.0837 0.4158
vn -0.9054 0.1041 0.4117
vn -0.8615 0.1963 0.4683
vn -0.8603 0.2590 0.4391
vn -0.7869 0.3670 0.4961
vn -0.6414 0.4672 0.6085
vn -0.6783 0.4504 0.5806
vn -0.7265 0.4267 0.5386
vn -0.7283 0.4360 0.5287
vn -0.7096 0.4524 0.5402
vn -0.6524 0.4605 0.6020
vn -0.5683 0.4630 0.6802
vn -0.5160 0.4718 0.7149
vn -0.4850 0.4901 0.7242
vn -0.4526 0.5098 0.7316
vn -0.4176 0.5284 0.7392
vn -0.3808 0.5453 0.7467
vn -0.3186 0.5793 0.7503
vn 0.0922 0.6459 0.7578
vn 0.4961 0.5923 0.6349
vn 0.5749 0.5740 0.5831
vn 0.6452 0.5422 0.5382
vn 0.7255 0.4925 0.4807
vn 0.7744 0.4464 0.4483
vn 0.7979 0.4137 0.4383
vn 0.8184 0.3809 0.4302
vn 0.8356 0.3492 0.4240
vn 0.8387 0.3395 0.4258
vn 0.8118 0.3692 0.4524
vn -0.9055 0.0328 0.4231
vn -0.9100 0.0413 0.4126
vn -0.9128 0.0546 0.4047
vn -0.9139 0.0729 0.3994
vn -0.8957 0.1415 0.4215
vn -0.8963 0.1982 0.3966
vn -0.8022 0.3218 0.5028
vn -0.6651 0.4264 0.6130
vn -0.6929 0.4258 0.5819
vn -0.7401 0.4086 0.5342
vn -0.7392 0.4173 0.5287
vn -0.6945 0.4256 0.5802
vn -0.6121 0.4262 0.6661
vn -0.5575 0.4289 0.7108
vn -0.5303 0.4449 0.7217
vn -0.5022 0.4649 0.7291
vn -0.4692 0.4852 0.7379
vn -0.4329 0.5047 0.7469
vn -0.3942 0.5226 0.7560
vn -0.3531 0.5385 0.7651
vn -0.0367 0.6023 0.7974
vn 0.4158 0.5962 0.6868
vn 0.5716 0.5644 0.5956
vn 0.6285 0.5384 0.5614
vn 0.7206 0.4872 0.4934
vn 0.7835 0.4344 0.4443
vn 0.8081 0.4014 0.4312
vn 0.8289 0.3688 0.4206
vn 0.8458 0.3380 0.4128
vn 0.8349 0.3444 0.4294
vn 0.8042 0.3802 0.4568
vn -0.9096 0.0077 0.4154
vn -0.9148 0.0149 0.4035
vn -0.9188 0.0270 0.3939
vn -0.9238 0.0518 0.3794
vn -0.9234 0.1146 0.3662
vn -0.9098 0.1749 0.3763
vn -0.8180 0.2714 0.5072
vn -0.7060 0.3696 0.6041
vn -0.7126 0.3962 0.5790
vn -0.7577 0.3870 0.5254
vn -0.7330 0.3981 0.5515
vn -0.6537 0.3953 0.6452
vn -0.5933 0.3875 0.7056
vn -0.5685 0.3990 0.7194
vn -0.5465 0.4176 0.7259
vn -0.5186 0.4377 0.7345
vn -0.4850 0.4584 0.7447
vn -0.4476 0.4786 0.7554
vn -0.4069 0.4973 0.7662
vn -0.3634 0.5141 0.7770
vn -0.1594 0.5796 0.7992
vn 0.3078 0.6112 0.7292
vn 0.5753 0.5482 0.6070
vn 0.6188 0.5270 0.5826
vn 0.7116 0.4787 0.5142
vn 0.7906 0.4207 0.4450
vn 0.8173 0.3891 0.4250
vn 0.8383 0.3574 0.4118
vn 0.8533 0.3310 0.4029
vn 0.8320 0.3463 0.4335
vn 0.8022 0.3744 0.4650
vn -0.9128 -0.0170 0.4081
vn -0.9186 -0.0110 0.3951
vn -0.9269 0.0089 0.3753
vn -0.9404 0.0605 0.3348
vn -0.9366 0.1175 0.3301
vn -0.9067 0.1357 0.3994
vn -0.8451 0.1942 0.4981
vn -0.7534 0.3167 0.5762
vn -0.7353 0.3734 0.5656
vn -0.7667 0.3629 0.5296
vn -0.7032 0.3589 0.6138
vn -0.6246 0.3497 0.6983
vn -0.5997 0.3545 0.7174
vn -0.5832 0.3709 0.7227
vn -0.5616 0.3890 0.7302
vn -0.5338 0.4088 0.7402
vn -0.5000 0.4295 0.7520
vn -0.4614 0.4500 0.7646
vn -0.4190 0.4693 0.7773
vn -0.3729 0.4867 0.7900
vn -0.2602 0.5397 0.8007
vn 0.2117 0.5965 0.7742
vn 0.5775 0.5212 0.6283
vn 0.6171 0.5047 0.6037
vn 0.7039 0.4625 0.5391
vn 0.7921 0.4076 0.4543
vn 0.8255 0.3768 0.4202
vn 0.8466 0.3464 0.4041
vn 0.8577 0.3270 0.3967
vn 0.8322 0.3461 0.4333
vn 0.8059 0.3639 0.4670
vn -0.9149 -0.0408 0.4016
vn -0.9243 -0.0261 0.3808
vn -0.9420 0.0215 0.3350
vn -0.9497 0.0560 0.3081
vn -0.9305 0.0311 0.3651
vn -0.9059 0.0227 0.4228
vn -0.8824 0.1053 0.4587
vn -0.8049 0.2544 0.5361
vn -0.7659 0.3378 0.5471
vn -0.7491 0.3348 0.5717
vn -0.6656 0.3182 0.6751
vn -0.6246 0.3134 0.7152
vn -0.6125 0.3266 0.7199
vn -0.5965 0.3420 0.7261
vn -0.5754 0.3593 0.7347
vn -0.5478 0.3784 0.7461
vn -0.5138 0.3987 0.7596
vn -0.4743 0.4191 0.7742
vn -0.4302 0.4385 0.7891
vn -0.3817 0.4562 0.8039
vn -0.3169 0.4848 0.8152
vn 0.1398 0.5395 0.8303
vn 0.5661 0.4785 0.6713
vn 0.6217 0.4666 0.6292
vn 0.6958 0.4375 0.5696
vn 0.7860 0.3978 0.4732
vn 0.8328 0.3642 0.4168
vn 0.8538 0.3358 0.3978
vn 0.8620 0.3194 0.3936
vn 0.8369 0.3351 0.4328
vn 0.8160 0.3440 0.4646
vn -0.9181 -0.0545 0.3926
vn -0.9369 -0.0173 0.3492
vn -0.9511 0.0109 0.3086
vn -0.9360 -0.0340 0.3505
vn -0.9130 -0.0776 0.4005
vn -0.9177 -0.0434 0.3948
vn -0.9147 0.0524 0.4008
vn -0.8502 0.1909 0.4907
vn -0.7894 0.2590 0.5566
vn -0.7317 0.2697 0.6260
vn -0.6484 0.2842 0.7063
vn -0.6348 0.2865 0.7176
vn -0.6237 0.2987 0.7223
vn -0.6083 0.3129 0.7294
vn -0.5876 0.3290 0.7393
vn -0.5603 0.3469 0.7521
vn -0.5263 0.3662 0.7674
vn -0.4861 0.3859 0.7841
vn -0.4404 0.4049 0.8013
vn -0.3895 0.4224 0.8185
vn -0.3260 0.4308 0.8415
vn 0.0846 0.4640 0.8818
vn 0.5297 0.4328 0.7295
vn 0.6298 0.4202 0.6533
vn 0.6900 0.3962 0.6058
vn 0.7744 0.3714 0.5122
vn 0.8370 0.3463 0.4237
vn 0.8600 0.3255 0.3930
vn 0.8683 0.3077 0.3890
vn 0.8454 0.3151 0.4312
vn 0.8283 0.3177 0.4616
vn -0.9258 -0.0595 0.3734
vn -0.9463 -0.0359 0.3213
vn -0.9369 -0.0761 0.3413
vn -0.9127 -0.1276 0.3882
vn -0.9188 -0.1021 0.3813
vn -0.9342 -0.0455 0.3538
vn -0.9361 0.0183 0.3512
vn -0.8716 0.1186 0.4756
vn -0.7998 0.1724 0.5749
vn -0.7339 0.2126 0.6451
vn -0.6508 0.2519 0.7163
vn -0.6442 0.2613 0.7189
vn -0.6334 0.2734 0.7239
vn -0.6176 0.2859 0.7327
vn -0.5977 0.2989 0.7439
vn -0.5712 0.3145 0.7581
vn -0.5372 0.3322 0.7753
vn -0.4964 0.3505 0.7942
vn -0.4494 0.3684 0.8138
vn -0.3964 0.3851 0.8334
vn -0.3021 0.3836 0.8727
vn 0.0400 0.3955 0.9176
vn 0.4713 0.3908 0.7906
vn 0.6384 0.3724 0.6736
vn 0.6926 0.3465 0.6326
vn 0.7605 0.3312 0.5586
vn 0.8311 0.3247 0.4515
vn 0.8648 0.3145 0.3914
vn 0.8767 0.2938 0.3808
vn 0.8566 0.2919 0.4254
vn 0.8394 0.2910 0.4591
vn -0.9334 -0.0669 0.3526
vn -0.9355 -0.1034 0.3378
vn -0.9123 -0.1586 0.3776
vn -0.9168 -0.1425 0.3731
vn -0.9343 -0.0874 0.3456
vn -0.9424 -0.0517 0.3304
vn -0.9438 -0.0281 0.3295
vn -0.8871 0.0545 0.4584
vn -0.8081 0.1297 0.5746
vn -0.7405 0.1604 0.6527
vn -0.6736 0.2025 0.7109
vn -0.6537 0.2383 0.7183
vn -0.6427 0.2532 0.7230
vn -0.6227 0.2650 0.7362
vn -0.6040 0.2711 0.7495
vn -0.5804 0.2816 0.7641
vn -0.5465 0.2970 0.7831
vn -0.5052 0.3131 0.8042
vn -0.4569 0.3291 0.8264
vn -0.3896 0.3314 0.8593
vn -0.2588 0.3081 0.9155
vn -0.0040 0.3163 0.9486
vn 0.4041 0.3424 0.8482
vn 0.6463 0.3189 0.6933
vn 0.7011 0.2944 0.6495
vn 0.7536 0.2769 0.5961
vn 0.8165 0.2813 0.5042
vn 0.8653 0.2933 0.4065
vn 0.8829 0.2869 0.3717
vn 0.8677 0.2785 0.4117
vn 0.8501 0.2675 0.4537
vn -0.9281 -0.1107 0.3556
vn -0.9140 -0.1633 0.3714
vn -0.9141 -0.1620 0.3716
vn -0.9321 -0.1151 0.3435
vn -0.9415 -0.0859 0.3260
vn -0.9451 -0.0686 0.3194
vn -0.9461 -0.0503 0.3200
vn -0.9060 0.0203 0.4228
vn -0.8127 0.1003 0.5739
vn -0.7460 0.1362 0.6519
vn -0.7003 0.1783 0.6913
vn -0.6625 0.2121 0.7184
vn -0.6519 0.2205 0.7256
vn -0.6276 0.2305 0.7436
vn -0.6092 0.2385 0.7563
vn -0.5878 0.2482 0.7700
vn -0.5539 0.2606 0.7908
vn -0.5122 0.2738 0.8140
vn -0.4554 0.2781 0.8458
vn -0.3533 0.2522 0.9009
vn -0.2157 0.2115 0.9533
vn -0.0615 0.2309 0.9710
vn 0.3401 0.2827 0.8969
vn 0.6531 0.2591 0.7115
vn 0.7094 0.2383 0.6633
vn 0.7577 0.2161 0.6158
vn 0.8072 0.2079 0.5525
vn 0.8568 0.2353 0.4589
vn 0.8847 0.2695 0.3803
vn 0.8798 0.2691 0.3919
vn 0.8640 0.2451 0.4397
vn -0.9137 -0.1526 0.3766
vn -0.9125 -0.1595 0.3768
vn -0.9277 -0.1277 0.3507
vn -0.9380 -0.1077 0.3295
vn -0.9431 -0.0977 0.3178
vn -0.9463 -0.0851 0.3118
vn -0.9477 -0.0693 0.3116
vn -0.9222 -0.0145 0.3865
vn -0.8237 0.0827 0.5609
vn -0.7482 0.1241 0.6518
vn -0.7192 0.1333 0.6819
vn -0.6776 0.1655 0.7165
vn -0.6564 0.1838 0.7317
vn -0.6353 0.1916 0.7481
vn -0.6164 0.2044 0.7605
vn -0.5932 0.2143 0.7760
vn -0.5593 0.2230 0.7984
vn -0.5117 0.2248 0.8292
vn -0.4276 0.1974 0.8821
vn -0.3036 0.1487 0.9411
vn -0.1906 0.1206 0.9742
vn -0.1231 0.1520 0.9807
vn 0.2848 0.2096 0.9354
vn 0.6586 0.1932 0.7273
vn 0.7162 0.1768 0.6752
vn 0.7651 0.1590 0.6240
vn 0.8066 0.1431 0.5735
vn 0.8470 0.1478 0.5107
vn 0.8815 0.1931 0.4308
vn 0.8913 0.2346 0.3881
vn 0.8806 0.2223 0.4186
vn -0.9110 -0.1433 0.3866
vn -0.9214 -0.1311 0.3658
vn -0.9321 -0.1199 0.3417
vn -0.9386 -0.1158 0.3249
vn -0.9437 -0.1083 0.3124
vn -0.9472 -0.0978 0.3053
vn -0.9488 -0.0847 0.3043
vn -0.9345 -0.0424 0.3535
vn -0.8421 0.0379 0.5381
vn -0.7439 0.0706 0.6646
vn -0.7364 0.0817 0.6716
vn -0.7005 0.1329 0.7012
vn -0.6573 0.1640 0.7356
vn -0.6416 0.1682 0.7484
vn -0.6223 0.1744 0.7631
vn -0.5968 0.1793 0.7821
vn -0.5565 0.1742 0.8124
vn -0.4859 0.1371 0.8632
vn -0.3786 0.0772 0.9224
vn -0.2707 0.0385 0.9619
vn -0.1876 0.0341 0.9817
vn -0.1617 0.0541 0.9854
vn 0.2392 0.0942 0.9664
vn 0.6538 0.1069 0.7491
vn 0.7211 0.1100 0.6840
vn 0.7705 0.0973 0.6300
vn 0.8110 0.0841 0.5789
vn 0.8444 0.0736 0.5306
vn 0.8743 0.0842 0.4780
vn 0.8980 0.1254 0.4218
vn 0.8961 0.1620 0.4133
vn -0.9143 -0.1246 0.3855
vn -0.9244 -0.1231 0.3611
vn -0.9324 -0.1229 0.3400
vn -0.9391 -0.1198 0.3220
vn -0.9444 -0.1141 0.3084
vn -0.9480 -0.1060 0.3002
vn -0.9496 -0.0961 0.2984
vn -0.9436 -0.0636 0.3248
vn -0.8559 -0.0039 0.5172
vn -0.7409 0.0293 0.6710
vn -0.7441 0.0218 0.6677
vn -0.7293 0.0436 0.6828
vn -0.6797 0.1073 0.7256
vn -0.6444 0.1432 0.7512
vn -0.6249 0.1429 0.7676
vn -0.5891 0.1267 0.7981
vn -0.5262 0.0713 0.8474
vn -0.4367 -0.0007 0.8996
vn -0.3417 -0.0452 0.9387
vn -0.2635 -0.0529 0.9632
vn -0.1921 -0.0461 0.9803
vn -0.1692 -0.0446 0.9846
vn 0.1974 -0.0294 0.9799
vn 0.6262 0.0147 0.7795
vn 0.7240 0.0384 0.6887
vn 0.7736 0.0311 0.6329
vn 0.8141 0.0235 0.5802
vn 0.8463 0.0158 0.5325
vn 0.8699 0.0122 0.4932
vn 0.8894 0.0352 0.4558
vn 0.8961 0.0866 0.4352
vn -0.9154 -0.1172 0.3852
vn -0.9247 -0.1192 0.3615
vn -0.9330 -0.1193 0.3395
vn -0.9399 -0.1174 0.3205
vn -0.9452 -0.1139 0.3059
vn -0.9487 -0.1089 0.2968
vn -0.9502 -0.1030 0.2943
vn -0.9485 -0.0868 0.3047
vn -0.8652 -0.0580 0.4981
vn -0.7441 -0.0332 0.6672
vn -0.7307 -0.0452 0.6812
vn -0.7425 -0.0624 0.6669
vn -0.7248 -0.0038 0.6890
vn -0.6613 0.0705 0.7468
vn -0.6110 0.0633 0.7891
vn -0.5534 -0.0101 0.8329
vn -0.4754 -0.0838 0.8758
vn -0.3999 -0.1261 0.9079
vn -0.3316 -0.1344 0.9338
vn -0.2668 -0.1304 0.9549
vn -0.1961 -0.1263 0.9724
vn -0.1614 -0.1299 0.9783
vn 0.1574 -0.1225 0.9799
vn 0.5850 -0.0689 0.8081
vn 0.7247 -0.0364 0.6881
vn 0.7742 -0.0381 0.6318
vn 0.8135 -0.0372 0.5804
vn 0.8432 -0.0253 0.5370
vn 0.8645 0.0011 0.5026
vn 0.8780 0.0348 0.4773
vn 0.8868 0.0657 0.4575
vn -0.9158 -0.1082 0.3867
vn -0.9255 -0.1094 0.3626
vn -0.9340 -0.1097 0.3401
vn -0.9409 -0.1093 0.3206
vn -0.9461 -0.1083 0.3053
vn -0.9493 -0.1071 0.2956
vn -0.9504 -0.1058 0.2924
vn -0.9492 -0.1042 0.2969
vn -0.8726 -0.1063 0.4767
vn -0.7501 -0.0929 0.6547
vn -0.7204 -0.0820 0.6887
vn -0.7260 -0.1131 0.6783
vn -0.7544 -0.1236 0.6447
vn -0.6828 -0.0871 0.7254
vn -0.5678 -0.1089 0.8159
vn -0.5042 -0.1725 0.8462
vn -0.4436 -0.2021 0.8731
vn -0.3923 -0.2027 0.8972
vn -0.3381 -0.1924 0.9212
vn -0.2731 -0.1810 0.9448
vn -0.2004 -0.1748 0.9640
vn -0.1459 -0.1869 0.9715
vn 0.1297 -0.2026 0.9706
vn 0.5431 -0.1601 0.8242
vn 0.7192 -0.1131 0.6856
vn 0.7686 -0.0925 0.6330
vn 0.8061 -0.0643 0.5883
vn 0.8337 -0.0289 0.5514
vn 0.8547 0.0056 0.5190
vn 0.8712 0.0298 0.4901
vn 0.8838 0.0411 0.4660
vn -0.9163 -0.0979 0.3883
vn -0.9261 -0.0983 0.3642
vn -0.9346 -0.0987 0.3417
vn -0.9415 -0.0996 0.3220
vn -0.9465 -0.1011 0.3066
vn -0.9494 -0.1034 0.2966
vn -0.9502 -0.1066 0.2929
vn -0.9486 -0.1107 0.2965
vn -0.8782 -0.1314 0.4599
vn -0.7562 -0.1397 0.6393
vn -0.7161 -0.1370 0.6845
vn -0.6997 -0.1565 0.6971
vn -0.7359 -0.2007 0.6467
vn -0.6773 -0.2516 0.6913
vn -0.5360 -0.2673 0.8008
vn -0.4805 -0.2633 0.8365
vn -0.4439 -0.2563 0.8587
vn -0.4037 -0.2391 0.8831
vn -0.3504 -0.2227 0.9097
vn -0.2818 -0.2139 0.9353
vn -0.2039 -0.2119 0.9558
vn -0.1282 -0.2231 0.9663
vn 0.1452 -0.2682 0.9524
vn 0.5198 -0.2736 0.8093
vn 0.6859 -0.2101 0.6967
vn 0.7487 -0.1258 0.6509
vn 0.7938 -0.0728 0.6038
vn 0.8243 -0.0443 0.5644
vn 0.8488 -0.0269 0.5281
vn 0.8686 -0.0144 0.4954
vn 0.8830 -0.0030 0.4693
vn -0.9165 -0.0894 0.3900
vn -0.9262 -0.0892 0.3662
vn -0.9346 -0.0900 0.3440
vn -0.9413 -0.0920 0.3247
vn -0.9461 -0.0955 0.3095
vn -0.9487 -0.1009 0.2995
vn -0.9492 -0.1080 0.2956
vn -0.9472 -0.1168 0.2986
vn -0.8810 -0.1530 0.4476
vn -0.7584 -0.1829 0.6255
vn -0.7095 -0.1897 0.6786
vn -0.6868 -0.1976 0.6995
vn -0.6916 -0.2399 0.6813
vn -0.6616 -0.3081 0.6836
vn -0.5486 -0.3278 0.7692
vn -0.4840 -0.3058 0.8199
vn -0.4592 -0.2859 0.8410
vn -0.4178 -0.2687 0.8679
vn -0.3564 -0.2664 0.8955
vn -0.2837 -0.2731 0.9192
vn -0.1906 -0.2974 0.9355
vn -0.0955 -0.3493 0.9321
vn 0.1835 -0.4036 0.8963
vn 0.5028 -0.3870 0.7729
vn 0.6237 -0.3094 0.7178
vn 0.7047 -0.2098 0.6777
vn 0.7771 -0.1305 0.6157
vn 0.8181 -0.0952 0.5672
vn 0.8446 -0.0773 0.5298
vn 0.8650 -0.0605 0.4982
vn 0.8800 -0.0451 0.4728
vn -0.9162 -0.0832 0.3920
vn -0.9258 -0.0829 0.3687
vn -0.9340 -0.0841 0.3471
vn -0.9405 -0.0872 0.3285
vn -0.9450 -0.0927 0.3138
vn -0.9473 -0.1007 0.3041
vn -0.9474 -0.1112 0.3002
vn -0.9449 -0.1242 0.3028
vn -0.8813 -0.1737 0.4396
vn -0.7571 -0.2236 0.6138
vn -0.7009 -0.2400 0.6716
vn -0.6781 -0.2504 0.6910
vn -0.6561 -0.2717 0.7041
vn -0.6400 -0.3066 0.7045
vn -0.5670 -0.3370 0.7516
vn -0.4970 -0.3345 0.8007
vn -0.4720 -0.3204 0.8213
vn -0.4090 -0.3365 0.8482
vn -0.3276 -0.3852 0.8627
vn -0.2504 -0.4458 0.8594
vn -0.1469 -0.5063 0.8498
vn -0.0470 -0.5641 0.8244
vn 0.1583 -0.5645 0.8101
vn 0.4410 -0.4631 0.7688
vn 0.5792 -0.3768 0.7229
vn 0.6465 -0.3158 0.6945
vn 0.7431 -0.2163 0.6332
vn 0.8100 -0.1492 0.5671
vn 0.8382 -0.1248 0.5309
vn 0.8592 -0.1041 0.5009
vn 0.8750 -0.0852 0.4766
vn -0.9156 -0.0794 0.3942
vn -0.9249 -0.0793 0.3718
vn -0.9328 -0.0812 0.3511
vn -0.9389 -0.0856 0.3333
vn -0.9431 -0.0929 0.3194
vn -0.9450 -0.1033 0.3102
vn -0.9447 -0.1169 0.3065
vn -0.9418 -0.1335 0.3087
vn -0.8790 -0.1946 0.4353
vn -0.7525 -0.2622 0.6042
vn -0.6904 -0.2876 0.6638
vn -0.6674 -0.3003 0.6814
vn -0.6399 -0.3138 0.7014
vn -0.6157 -0.3356 0.7129
vn -0.5561 -0.3760 0.7412
vn -0.4818 -0.4187 0.7698
vn -0.4332 -0.4691 0.7696
vn -0.3501 -0.5326 0.7706
vn -0.2565 -0.5930 0.7633
vn -0.1817 -0.6472 0.7404
vn -0.1044 -0.6846 0.7214
vn -0.0288 -0.6950 0.7184
vn 0.0683 -0.6621 0.7463
vn 0.3294 -0.5576 0.7620
vn 0.5435 -0.4367 0.7169
vn 0.6000 -0.3798 0.7041
vn 0.6951 -0.3042 0.6513
vn 0.7911 -0.2151 0.5726
vn 0.8297 -0.1695 0.5318
vn 0.8515 -0.1456 0.5037
vn 0.8681 -0.1236 0.4808
vn -0.9145 -0.0779 0.3970
vn -0.9235 -0.0783 0.3756
vn -0.9310 -0.0812 0.3559
vn -0.9367 -0.0870 0.3392
vn -0.9404 -0.0963 0.3262
vn -0.9419 -0.1091 0.3177
vn -0.9410 -0.1255 0.3142
vn -0.9376 -0.1451 0.3161
vn -0.8744 -0.2163 0.4344
vn -0.7448 -0.2992 0.5965
vn -0.6781 -0.3324 0.6555
vn -0.6431 -0.3639 0.6739
vn -0.5978 -0.4197 0.6830
vn -0.5469 -0.4915 0.6778
vn -0.4839 -0.5597 0.6728
vn -0.4053 -0.6155 0.6760
vn -0.3368 -0.6671 0.6646
vn -0.2697 -0.7116 0.6487
vn -0.2021 -0.7347 0.6476
vn -0.1468 -0.7406 0.6557
vn -0.0944 -0.7411 0.6647
vn -0.0399 -0.7398 0.6717
vn -0.0003 -0.7293 0.6842
vn 0.1844 -0.6642 0.7244
vn 0.4541 -0.5133 0.7282
vn 0.5782 -0.4146 0.7027
vn 0.6533 -0.3651 0.6633
vn 0.7602 -0.2740 0.5891
vn 0.8195 -0.2118 0.5326
vn 0.8420 -0.1852 0.5067
vn 0.8594 -0.1607 0.4855
vn -0.9129 -0.0790 0.4004
vn -0.9215 -0.0802 0.3801
vn -0.9285 -0.0843 0.3618
vn -0.9337 -0.0917 0.3462
vn -0.9369 -0.1030 0.3342
vn -0.9378 -0.1181 0.3264
vn -0.9364 -0.1370 0.3232
vn -0.9305 -0.1659 0.3265
vn -0.8544 -0.2757 0.4404
vn -0.6996 -0.4154 0.5814
vn -0.6109 -0.4992 0.6144
vn -0.5553 -0.5609 0.6141
vn -0.4900 -0.6218 0.6110
vn -0.4232 -0.6837 0.5945
vn -0.3592 -0.7427 0.5651
vn -0.3293 -0.7680 0.5493
vn -0.2859 -0.7686 0.5724
vn -0.2364 -0.7688 0.5942
vn -0.1933 -0.7729 0.6044
vn -0.1479 -0.7755 0.6138
vn -0.1004 -0.7764 0.6222
vn -0.0509 -0.7754 0.6294
vn -0.0226 -0.7736 0.6332
vn 0.0242 -0.7297 0.6834
vn 0.3055 -0.5943 0.7440
vn 0.5574 -0.4447 0.7011
vn 0.6230 -0.3922 0.6768
vn 0.7309 -0.3169 0.6045
vn 0.8075 -0.2522 0.5332
vn 0.8308 -0.2235 0.5098
vn 0.8490 -0.1969 0.4904
vn -0.9107 -0.0842 0.4045
vn -0.9187 -0.0862 0.3855
vn -0.9252 -0.0914 0.3684
vn -0.9265 -0.1137 0.3588
vn -0.9241 -0.1576 0.3480
vn -0.9183 -0.2129 0.3336
vn -0.9079 -0.2726 0.3184
vn -0.8901 -0.3350 0.3090
vn -0.7791 -0.4732 0.4112
vn -0.5883 -0.6114 0.5292
vn -0.4833 -0.6873 0.5423
vn -0.4351 -0.7321 0.5241
vn -0.3910 -0.7580 0.5220
vn -0.3471 -0.7719 0.5326
vn -0.2895 -0.7910 0.5391
vn -0.3146 -0.7943 0.5197
vn -0.3011 -0.7915 0.5318
vn -0.2296 -0.7956 0.5606
vn -0.1903 -0.7998 0.5692
vn -0.1491 -0.8027 0.5775
vn -0.1062 -0.8038 0.5853
vn -0.0615 -0.8032 0.5925
vn -0.0307 -0.8016 0.5971
vn -0.0897 -0.7750 0.6255
vn 0.1277 -0.6942 0.7084
vn 0.4711 -0.5250 0.7089
vn 0.6029 -0.4147 0.6816
vn 0.7107 -0.3534 0.6083
vn 0.7941 -0.2910 0.5336
vn 0.8179 -0.2609 0.5128
vn 0.8368 -0.2330 0.4954
vn -0.8762 -0.2522 0.4107
vn -0.8821 -0.2659 0.3889
vn -0.8836 -0.2915 0.3666
vn -0.8761 -0.3274 0.3538
vn -0.8644 -0.3681 0.3426
vn -0.8510 -0.4143 0.3226
vn -0.8333 -0.4635 0.3012
vn -0.8117 -0.5113 0.2823
vn -0.6889 -0.6283 0.3615
vn -0.4911 -0.7325 0.4715
vn -0.4087 -0.7624 0.5017
vn -0.3899 -0.7718 0.5022
vn -0.3693 -0.7806 0.5042
vn -0.3358 -0.7894 0.5140
vn -0.2726 -0.8005 0.5337
vn -0.2813 -0.8097 0.5150
vn -0.3070 -0.8143 0.4927
vn -0.2360 -0.8209 0.5200
vn -0.1877 -0.8204 0.5401
vn -0.1504 -0.8234 0.5472
vn -0.1116 -0.8248 0.5543
vn -0.0712 -0.8246 0.5612
vn -0.0398 -0.8229 0.5667
vn -0.1339 -0.8087 0.5728
vn -0.0733 -0.7674 0.6369
vn 0.3019 -0.6321 0.7137
vn 0.5693 -0.4627 0.6796
vn 0.7015 -0.3816 0.6019
vn 0.7794 -0.3276 0.5340
vn 0.8037 -0.2967 0.5157
vn 0.8232 -0.2681 0.5005
vn -0.7889 -0.4649 0.4020
vn -0.7935 -0.4759 0.3794
vn -0.7920 -0.4965 0.3552
vn -0.7855 -0.5214 0.3335
vn -0.7802 -0.5379 0.3192
vn -0.7825 -0.5428 0.3051
vn -0.7831 -0.5482 0.2938
vn -0.7814 -0.5549 0.2855
vn -0.6682 -0.6479 0.3657
vn -0.4717 -0.7478 0.4672
vn -0.3892 -0.7784 0.4925
vn -0.3718 -0.7877 0.4913
vn -0.3528 -0.7963 0.4914
vn -0.3279 -0.8037 0.4965
vn -0.2716 -0.8123 0.5161
vn -0.2350 -0.8235 0.5164
vn -0.2898 -0.8265 0.4827
vn -0.2620 -0.8308 0.4911
vn -0.1853 -0.8358 0.5169
vn -0.1515 -0.8388 0.5229
vn -0.1164 -0.8405 0.5291
vn -0.0800 -0.8406 0.5357
vn -0.0503 -0.8388 0.5421
vn -0.1499 -0.8234 0.5473
vn -0.2019 -0.7930 0.5747
vn 0.0932 -0.7326 0.6742
vn 0.4704 -0.5547 0.6863
vn 0.7044 -0.3995 0.5866
vn 0.7638 -0.3615 0.5347
vn 0.7885 -0.3299 0.5190
vn 0.8085 -0.3008 0.5058
vn -0.7559 -0.5168 0.4018
vn -0.7627 -0.5214 0.3827
vn -0.7689 -0.5257 0.3640
vn -0.7741 -0.5299 0.3464
vn -0.7779 -0.5346 0.3303
vn -0.7800 -0.5401 0.3162
vn -0.7802 -0.5466 0.3043
vn -0.7780 -0.5546 0.2952
vn -0.6574 -0.6552 0.3722
vn -0.4528 -0.7601 0.4660
vn -0.3715 -0.7907 0.4867
vn -0.3553 -0.7996 0.4841
vn -0.3378 -0.8080 0.4827
vn -0.3178 -0.8157 0.4834
vn -0.2785 -0.8218 0.4971
vn -0.2246 -0.8246 0.5193
vn -0.2528 -0.8276 0.5011
vn -0.2677 -0.8382 0.4752
vn -0.1935 -0.8499 0.4901
vn -0.1522 -0.8500 0.5043
vn -0.1204 -0.8518 0.5098
vn -0.0874 -0.8523 0.5157
vn -0.0630 -0.8500 0.5231
vn -0.1673 -0.8333 0.5269
vn -0.2502 -0.8107 0.5293
vn -0.1111 -0.7963 0.5946
vn 0.3165 -0.6873 0.6538
vn 0.6714 -0.4768 0.5674
vn 0.7474 -0.3930 0.5356
vn 0.7725 -0.3610 0.5224
vn 0.7930 -0.3317 0.5110
vn -0.7540 -0.5165 0.4059
vn -0.7612 -0.5164 0.3922
vn -0.7671 -0.5206 0.3748
vn -0.7717 -0.5254 0.3583
vn -0.7749 -0.5310 0.3429
vn -0.7764 -0.5376 0.3289
vn -0.7762 -0.5452 0.3167
vn -0.7737 -0.5542 0.3068
vn -0.6463 -0.6613 0.3808
vn -0.4348 -0.7697 0.4675
vn -0.3403 -0.8083 0.4805
vn -0.3241 -0.8164 0.4779
vn -0.3061 -0.8241 0.4766
vn -0.2820 -0.8303 0.4807
vn -0.2394 -0.8326 0.4995
vn -0.2139 -0.8359 0.5055
vn -0.2392 -0.8433 0.4813
vn -0.2099 -0.8526 0.4785
vn -0.1524 -0.8577 0.4911
vn -0.1235 -0.8596 0.4958
vn -0.0935 -0.8603 0.5011
vn -0.0785 -0.8572 0.5089
vn -0.1870 -0.8390 0.5111
vn -0.2668 -0.8172 0.5109
vn -0.2062 -0.8201 0.5337
vn 0.1362 -0.7904 0.5972
vn 0.5608 -0.5849 0.5860
vn 0.7303 -0.4226 0.5368
vn 0.7557 -0.3903 0.5259
vn 0.7780 -0.3636 0.5124
vn -0.7575 -0.5152 0.4009
vn -0.7596 -0.5110 0.4024
vn -0.7644 -0.5160 0.3865
vn -0.7680 -0.5218 0.3713
vn -0.7704 -0.5285 0.3567
vn -0.7713 -0.5361 0.3430
vn -0.7708 -0.5445 0.3307
vn -0.7682 -0.5543 0.3203
vn -0.6353 -0.6660 0.3910
vn -0.4181 -0.7767 0.4711
vn -0.3406 -0.8057 0.4846
vn -0.3267 -0.8141 0.4801
vn -0.3116 -0.8220 0.4767
vn -0.2949 -0.8295 0.4744
vn -0.2759 -0.8366 0.4733
vn -0.2488 -0.8422 0.4783
vn -0.2116 -0.8430 0.4946
vn -0.2138 -0.8415 0.4961
vn -0.2020 -0.8514 0.4840
vn -0.1520 -0.8624 0.4828
vn -0.1256 -0.8645 0.4867
vn -0.0988 -0.8652 0.4916
vn -0.0978 -0.8607 0.4996
vn -0.2086 -0.8408 0.4995
vn -0.2796 -0.8212 0.4975
vn -0.2301 -0.8267 0.5134
vn -0.0334 -0.8144 0.5793
vn 0.4163 -0.6652 0.6199
vn 0.7126 -0.4504 0.5379
vn 0.7384 -0.4178 0.5294
vn 0.7719 -0.3954 0.4979
vn -0.7692 -0.5153 0.3778
vn -0.7573 -0.5094 0.4086
vn -0.7599 -0.5130 0.3993
vn -0.7623 -0.5200 0.3853
vn -0.7640 -0.5276 0.3715
vn -0.7645 -0.5358 0.3583
vn -0.7639 -0.5447 0.3460
vn -0.7612 -0.5551 0.3353
vn -0.6247 -0.6692 0.4023
vn -0.4033 -0.7812 0.4765
vn -0.3272 -0.8094 0.4877
vn -0.3141 -0.8175 0.4827
vn -0.3000 -0.8252 0.4786
vn -0.2844 -0.8325 0.4755
vn -0.2666 -0.8394 0.4736
vn -0.2457 -0.8461 0.4730
vn -0.2193 -0.8516 0.4761
vn -0.1990 -0.8548 0.4793
vn -0.1933 -0.8541 0.4828
vn -0.1646 -0.8522 0.4966
vn -0.1275 -0.8519 0.5080
vn -0.1039 -0.8524 0.5124
vn -0.1100 -0.8501 0.5150
vn -0.2191 -0.8375 0.5006
vn -0.2886 -0.8234 0.4886
vn -0.2422 -0.8295 0.5033
vn -0.1550 -0.8240 0.5449
vn 0.2904 -0.7432 0.6027
vn 0.6705 -0.5121 0.5368
vn 0.7248 -0.4461 0.5250
vn 0.7879 -0.4198 0.4506
vn -0.7677 -0.5387 0.3470
vn -0.7586 -0.5271 0.3830
vn -0.7554 -0.5159 0.4040
vn -0.7549 -0.5206 0.3990
vn -0.7557 -0.5283 0.3870
vn -0.7561 -0.5368 0.3745
vn -0.7554 -0.5459 0.3624
vn -0.7527 -0.5566 0.3516
vn -0.6152 -0.6708 0.4142
vn -0.3910 -0.7833 0.4833
vn -0.3147 -0.8110 0.4931
vn -0.3023 -0.8189 0.4878
vn -0.2890 -0.8264 0.4832
vn -0.2743 -0.8335 0.4795
vn -0.2575 -0.8404 0.4770
vn -0.2378 -0.8469 0.4756
vn -0.2158 -0.8529 0.4754
vn -0.1935 -0.8580 0.4758
vn -0.1957 -0.8592 0.4727
vn -0.1996 -0.8510 0.4858
vn -0.1538 -0.8401 0.5202
vn -0.1072 -0.8337 0.5417
vn -0.1046 -0.8359 0.5389
vn -0.2090 -0.8333 0.5118
vn -0.2910 -0.8237 0.4867
vn -0.2501 -0.8307 0.4974
vn -0.2042 -0.8344 0.5120
vn 0.1749 -0.8005 0.5733
vn 0.6005 -0.5832 0.5471
vn 0.7384 -0.4718 0.4820
vn 0.8171 -0.4368 0.3762
vn -0.8945 0.3063 -0.3256
vn -0.8981 0.2909 -0.3299
vn -0.8698 0.2541 -0.4229
vn -0.8289 0.2184 -0.5150
vn -0.8210 0.2148 -0.5291
vn -0.8133 0.2245 -0.5369
vn -0.8253 0.2234 -0.5186
vn -0.9050 0.2109 -0.3694
vn -0.9494 0.1985 -0.2435
vn -0.9442 0.1985 -0.2630
vn -0.9376 0.2012 -0.2835
vn -0.9298 0.2067 -0.3045
vn -0.9178 0.2215 -0.3294
vn -0.8763 0.2792 -0.3927
vn -0.8489 0.3537 -0.3926
vn -0.9095 0.3693 -0.1907
vn -0.9384 0.3438 -0.0352
vn -0.9356 0.3466 -0.0674
vn -0.9395 0.3315 -0.0860
vn -0.9640 0.2657 -0.0081
vn -0.9767 0.2103 -0.0429
vn -0.9600 0.2215 -0.1713
vn -0.9729 0.2114 -0.0934
vn -0.9855 0.1694 0.0131
vn -0.9774 0.1924 0.0872
vn -0.9180 0.2393 0.3161
vn -0.8404 0.2179 0.4962
vn -0.8469 0.1784 0.5009
vn -0.8585 0.1515 0.4899
vn -0.8664 0.1403 0.4792
vn -0.8731 0.1315 0.4694
vn -0.9048 0.2770 -0.3236
vn -0.9077 0.2695 -0.3215
vn -0.8907 0.2418 -0.3850
vn -0.8484 0.1954 -0.4920
vn -0.8299 0.1773 -0.5291
vn -0.8228 0.1858 -0.5372
vn -0.8414 0.1859 -0.5075
vn -0.9190 0.1708 -0.3553
vn -0.9581 0.1553 -0.2408
vn -0.9528 0.1543 -0.2615
vn -0.9463 0.1562 -0.2832
vn -0.9385 0.1610 -0.3053
vn -0.9126 0.2023 -0.3554
vn -0.8470 0.2904 -0.4452
vn -0.8369 0.3558 -0.4160
vn -0.9197 0.3490 -0.1798
vn -0.9469 0.3195 -0.0358
vn -0.9441 0.3223 -0.0693
vn -0.9556 0.2887 -0.0588
vn -0.9792 0.1994 0.0370
vn -0.9874 0.1554 -0.0298
vn -0.9692 0.1691 -0.1789
vn -0.9854 0.1483 -0.0837
vn -0.9937 0.1101 0.0211
vn -0.9921 0.1227 0.0252
vn -0.9591 0.1479 0.2415
vn -0.8695 0.1358 0.4748
vn -0.8560 0.1299 0.5004
vn -0.8652 0.1183 0.4872
vn -0.8729 0.1082 0.4757
vn -0.8800 0.1006 0.4642
vn -0.9121 0.2549 -0.3212
vn -0.9159 0.2438 -0.3188
vn -0.9131 0.2137 -0.3472
vn -0.8743 0.1700 -0.4546
vn -0.8372 0.1474 -0.5267
vn -0.8299 0.1507 -0.5372
vn -0.8524 0.1510 -0.5006
vn -0.9288 0.1342 -0.3455
vn -0.9643 0.1172 -0.2374
vn -0.9589 0.1154 -0.2593
vn -0.9523 0.1166 -0.2822
vn -0.9371 0.1425 -0.3186
vn -0.8872 0.2220 -0.4044
vn -0.8112 0.3140 -0.4934
vn -0.8369 0.3515 -0.4196
vn -0.9305 0.3264 -0.1661
vn -0.9531 0.3006 -0.0360
vn -0.9503 0.3033 -0.0708
vn -0.9656 0.2595 -0.0191
vn -0.9833 0.1590 0.0890
vn -0.9928 0.1170 -0.0238
vn -0.9771 0.1207 -0.1753
vn -0.9933 0.0906 -0.0714
vn -0.9975 0.0680 0.0210
vn -0.9963 0.0856 -0.0022
vn -0.9747 0.0990 0.2003
vn -0.8852 0.0989 0.4546
vn -0.8615 0.0980 0.4982
vn -0.8702 0.0876 0.4848
vn -0.8777 0.0798 0.4726
vn -0.8847 0.0752 0.4601
vn -0.9190 0.2338 -0.3174
vn -0.9236 0.2196 -0.3143
vn -0.9259 0.1997 -0.3207
vn -0.8960 0.1662 -0.4117
vn -0.8478 0.1301 -0.5141
vn -0.8352 0.1194 -0.5368
vn -0.8590 0.1197 -0.4977
vn -0.9350 0.1022 -0.3396
vn -0.9687 0.0843 -0.2334
vn -0.9631 0.0818 -0.2565
vn -0.9544 0.0895 -0.2848
vn -0.9208 0.1524 -0.3592
vn -0.8501 0.2585 -0.4587
vn -0.7910 0.3230 -0.5196
vn -0.8477 0.3337 -0.4125
vn -0.9385 0.3090 -0.1544
vn -0.9573 0.2868 -0.0358
vn -0.9545 0.2895 -0.0720
vn -0.9713 0.2365 0.0258
vn -0.9816 0.1257 0.1440
vn -0.9962 0.0849 -0.0200
vn -0.9831 0.0815 -0.1638
vn -0.9973 0.0460 -0.0565
vn -0.9987 0.0506 0.0012
vn -0.9957 0.0915 -0.0175
vn -0.9776 0.0902 0.1902
vn -0.8949 0.0725 0.4404
vn -0.8655 0.0687 0.4961
vn -0.8740 0.0599 0.4822
vn -0.8816 0.0542 0.4688
vn -0.8888 0.0519 0.4553
vn -0.9262 0.2101 -0.3130
vn -0.9310 0.1944 -0.3089
vn -0.9335 0.1813 -0.3095
vn -0.9175 0.1522 -0.3676
vn -0.8677 0.1105 -0.4847
vn -0.8392 0.0919 -0.5361
vn -0.8621 0.0926 -0.4983
vn -0.9383 0.0751 -0.3375
vn -0.9718 0.0565 -0.2289
vn -0.9659 0.0535 -0.2532
vn -0.9457 0.0968 -0.3103
vn -0.8873 0.2010 -0.4150
vn -0.8181 0.2874 -0.4981
vn -0.7891 0.3160 -0.5267
vn -0.8569 0.3177 -0.4061
vn -0.9441 0.2962 -0.1449
vn -0.9600 0.2778 -0.0354
vn -0.9652 0.2545 -0.0604
vn -0.9824 0.1734 0.0698
vn -0.9802 0.0761 0.1828
vn -0.9981 0.0588 -0.0181
vn -0.9875 0.0520 -0.1489
vn -0.9987 0.0245 -0.0436
vn -0.9988 0.0391 -0.0294
vn -0.9973 0.0685 -0.0263
vn -0.9786 0.0575 0.1976
vn -0.9002 0.0460 0.4330
vn -0.8683 0.0423 0.4942
vn -0.8770 0.0344 0.4792
vn -0.8852 0.0294 0.4644
vn -0.8927 0.0274 0.4497
vn -0.9330 0.1864 -0.3080
vn -0.9376 0.1703 -0.3032
vn -0.9398 0.1567 -0.3036
vn -0.9352 0.1277 -0.3302
vn -0.8904 0.0913 -0.4460
vn -0.8431 0.0724 -0.5328
vn -0.8622 0.0698 -0.5017
vn -0.9395 0.0531 -0.3384
vn -0.9740 0.0337 -0.2240
vn -0.9625 0.0585 -0.2648
vn -0.9195 0.1515 -0.3627
vn -0.8473 0.2579 -0.4643
vn -0.8050 0.3011 -0.5112
vn -0.7933 0.3025 -0.5283
vn -0.8637 0.3048 -0.4015
vn -0.9478 0.2876 -0.1379
vn -0.9614 0.2728 -0.0348
vn -0.9753 0.2198 -0.0206
vn -0.9871 0.1038 0.1218
vn -0.9800 0.0351 0.1958
vn -0.9991 0.0385 -0.0179
vn -0.9907 0.0292 -0.1329
vn -0.9988 0.0215 -0.0448
vn -0.9980 0.0404 -0.0483
vn -0.9994 0.0291 -0.0175
vn -0.9798 0.0151 0.1994
vn -0.9022 0.0221 0.4308
vn -0.8702 0.0186 0.4923
vn -0.8792 0.0112 0.4763
vn -0.8878 0.0062 0.4602
vn -0.8959 0.0037 0.4442
vn -0.9391 0.1631 -0.3025
vn -0.9435 0.1469 -0.2971
vn -0.9454 0.1332 -0.2974
vn -0.9438 0.1191 -0.3082
vn -0.9085 0.0962 -0.4067
vn -0.8520 0.0650 -0.5194
vn -0.8603 0.0511 -0.5073
vn -0.9390 0.0357 -0.3420
vn -0.9743 0.0251 -0.2240
vn -0.9470 0.0951 -0.3069
vn -0.8823 0.2158 -0.4184
vn -0.8257 0.2837 -0.4876
vn -0.8082 0.2919 -0.5116
vn -0.7973 0.2907 -0.5289
vn -0.8754 0.2811 -0.3932
vn -0.9638 0.2356 -0.1245
vn -0.9828 0.1823 -0.0277
vn -0.9919 0.1255 0.0190
vn -0.9855 0.0525 0.1611
vn -0.9797 0.0199 0.1995
vn -0.9995 0.0237 -0.0193
vn -0.9928 0.0182 -0.1185
vn -0.9979 0.0234 -0.0602
vn -0.9977 0.0421 -0.0527
vn -0.9999 0.0134 0.0102
vn -0.9802 -0.0077 0.1978
vn -0.9017 0.0012 0.4324
vn -0.8713 -0.0026 0.4907
vn -0.8806 -0.0100 0.4737
vn -0.8896 -0.0155 0.4564
vn -0.8982 -0.0188 0.4393
vn -0.9351 0.2049 -0.2891
vn -0.9378 0.1963 -0.2865
vn -0.9369 0.1960 -0.2894
vn -0.9319 0.2038 -0.3001
vn -0.9129 0.1830 -0.3649
vn -0.8707 0.1076 -0.4798
vn -0.8641 0.0353 -0.5021
vn -0.9375 0.0027 -0.3479
vn -0.9665 0.0435 -0.2531
vn -0.9163 0.1678 -0.3637
vn -0.8569 0.2494 -0.4511
vn -0.8429 0.2399 -0.4817
vn -0.8424 0.1936 -0.5029
vn -0.8397 0.1535 -0.5210
vn -0.9195 0.1177 -0.3751
vn -0.9924 0.0622 -0.1060
vn -0.9999 0.0078 -0.0138
vn -0.9996 -0.0110 0.0268
vn -0.9868 0.0008 0.1617
vn -0.9795 0.0121 0.2009
vn -0.9996 0.0167 -0.0211
vn -0.9931 0.0253 -0.1141
vn -0.9973 0.0276 -0.0679
vn -0.9991 0.0058 -0.0410
vn -0.9992 -0.0262 0.0302
vn -0.9796 -0.0267 0.1992
vn -0.8995 -0.0166 0.4365
vn -0.8717 -0.0212 0.4896
vn -0.8813 -0.0291 0.4716
vn -0.8907 -0.0356 0.4532
vn -0.8995 -0.0400 0.4350
vn -0.9182 0.2899 -0.2699
vn -0.9185 0.2861 -0.2729
vn -0.9150 0.2894 -0.2812
vn -0.9077 0.2980 -0.2953
vn -0.8996 0.2888 -0.3275
vn -0.8888 0.2057 -0.4096
vn -0.8863 0.0594 -0.4593
vn -0.9344 -0.0218 -0.3556
vn -0.9518 0.0306 -0.3053
vn -0.9107 0.1101 -0.3982
vn -0.8891 0.1056 -0.4455
vn -0.8882 0.0565 -0.4560
vn -0.8802 0.0133 -0.4745
vn -0.8702 -0.0204 -0.4922
vn -0.9322 -0.0517 -0.3581
vn -0.9927 -0.0730 -0.0965
vn -0.9969 -0.0784 -0.0059
vn -0.9983 -0.0578 0.0089
vn -0.9899 -0.0155 0.1409
vn -0.9802 0.0129 0.1975
vn -0.9997 0.0142 -0.0183
vn -0.9925 0.0174 -0.1213
vn -0.9979 0.0164 -0.0629
vn -0.9995 -0.0273 -0.0125
vn -0.9979 -0.0568 0.0315
vn -0.9784 -0.0422 0.2023
vn -0.8964 -0.0313 0.4422
vn -0.8714 -0.0370 0.4891
vn -0.8813 -0.0452 0.4704
vn -0.8909 -0.0523 0.4511
vn -0.9001 -0.0578 0.4319
vn -0.9108 0.3185 -0.2626
vn -0.9105 0.3167 -0.2659
vn -0.9081 0.3139 -0.2772
vn -0.9039 0.3115 -0.2933
vn -0.9043 0.2958 -0.3080
vn -0.9143 0.2233 -0.3378
vn -0.9080 0.1242 -0.4001
vn -0.9355 0.0439 -0.3507
vn -0.9478 -0.0059 -0.3187
vn -0.9223 -0.0421 -0.3842
vn -0.9078 -0.0796 -0.4118
vn -0.8976 -0.0928 -0.4309
vn -0.8857 -0.0856 -0.4563
vn -0.8735 -0.0740 -0.4812
vn -0.9311 -0.0720 -0.3575
vn -0.9921 -0.0774 -0.0990
vn -0.9968 -0.0798 -0.0040
vn -0.9981 -0.0593 -0.0157
vn -0.9929 -0.0180 0.1176
vn -0.9821 0.0148 0.1877
vn -0.9998 0.0171 -0.0108
vn -0.9916 0.0106 -0.1292
vn -0.9986 0.0063 -0.0524
vn -0.9990 -0.0378 0.0238
vn -0.9973 -0.0687 0.0257
vn -0.9770 -0.0528 0.2065
vn -0.8924 -0.0422 0.4493
vn -0.8707 -0.0499 0.4892
vn -0.8808 -0.0583 0.4699
vn -0.8906 -0.0657 0.4499
vn -0.9001 -0.0718 0.4298
vn -0.9137 0.2935 -0.2810
vn -0.9124 0.3116 -0.2653
vn -0.9185 0.2925 -0.2660
vn -0.9333 0.2319 -0.2743
vn -0.9474 0.1462 -0.2846
vn -0.9559 0.0564 -0.2883
vn -0.9244 0.0327 -0.3800
vn -0.9387 0.0440 -0.3419
vn -0.9608 -0.0270 -0.2760
vn -0.9289 -0.0966 -0.3576
vn -0.9094 -0.1088 -0.4015
vn -0.8966 -0.1015 -0.4310
vn -0.8837 -0.0924 -0.4588
vn -0.8710 -0.0817 -0.4844
vn -0.9276 -0.0775 -0.3654
vn -0.9916 -0.0771 -0.1039
vn -0.9971 -0.0763 -0.0022
vn -0.9974 -0.0626 -0.0351
vn -0.9950 -0.0290 0.0958
vn -0.9851 0.0075 0.1720
vn -0.9995 0.0296 -0.0095
vn -0.9922 0.0175 -0.1235
vn -0.9992 -0.0232 -0.0325
vn -0.9966 -0.0663 0.0486
vn -0.9972 -0.0722 0.0172
vn -0.9761 -0.0494 0.2115
vn -0.8864 -0.0443 0.4608
vn -0.8697 -0.0606 0.4898
vn -0.8799 -0.0691 0.4700
vn -0.8900 -0.0769 0.4495
vn -0.8997 -0.0836 0.4285
vn -0.9449 0.0828 -0.3169
vn -0.9549 0.0747 -0.2874
vn -0.9602 0.0687 -0.2706
vn -0.9694 0.0269 -0.2440
vn -0.9693 -0.0473 -0.2411
vn -0.9618 -0.1009 -0.2544
vn -0.9180 -0.0815 -0.3881
vn -0.9345 -0.0386 -0.3538
vn -0.9710 -0.0509 -0.2337
vn -0.9380 -0.0918 -0.3342
vn -0.9087 -0.1107 -0.4025
vn -0.8955 -0.1039 -0.4328
vn -0.8821 -0.0956 -0.4613
vn -0.8689 -0.0860 -0.4875
vn -0.9235 -0.0791 -0.3753
vn -0.9911 -0.0726 -0.1112
vn -0.9976 -0.0686 -0.0006
vn -0.9969 -0.0653 -0.0447
vn -0.9961 -0.0434 0.0768
vn -0.9886 0.0001 0.1505
vn -0.9992 0.0367 -0.0185
vn -0.9950 0.0117 -0.0991
vn -0.9983 -0.0581 -0.0021
vn -0.9945 -0.0899 0.0538
vn -0.9974 -0.0719 0.0027
vn -0.9754 -0.0417 0.2165
vn -0.8776 -0.0450 0.4772
vn -0.8685 -0.0694 0.4907
vn -0.8789 -0.0779 0.4706
vn -0.8891 -0.0861 0.4496
vn -0.8989 -0.0933 0.4281
vn -0.9415 -0.1545 -0.2996
vn -0.9384 -0.1917 -0.2874
vn -0.9428 -0.1838 -0.2780
vn -0.9590 -0.1475 -0.2420
vn -0.9677 -0.1178 -0.2228
vn -0.9632 -0.1084 -0.2462
vn -0.9122 -0.0762 -0.4027
vn -0.9252 -0.0414 -0.3771
vn -0.9748 -0.0445 -0.2185
vn -0.9487 -0.0737 -0.3073
vn -0.9108 -0.1012 -0.4004
vn -0.8947 -0.1032 -0.4347
vn -0.8808 -0.0958 -0.4638
vn -0.8671 -0.0874 -0.4904
vn -0.9188 -0.0776 -0.3869
vn -0.9906 -0.0646 -0.1209
vn -0.9984 -0.0572 0.0008
vn -0.9972 -0.0577 -0.0466
vn -0.9973 -0.0413 0.0606
vn -0.9920 0.0015 0.1263
vn -0.9989 0.0362 -0.0299
vn -0.9978 0.0104 -0.0648
vn -0.9977 -0.0593 0.0326
vn -0.9947 -0.0902 0.0502
vn -0.9976 -0.0675 -0.0158
vn -0.9744 -0.0380 0.2218
vn -0.8673 -0.0482 0.4955
vn -0.8672 -0.0766 0.4920
vn -0.8776 -0.0851 0.4717
vn -0.8879 -0.0934 0.4504
vn -0.8989 -0.0977 0.4272
vn -0.9361 -0.2201 -0.2745
vn -0.9319 -0.2320 -0.2787
vn -0.9292 -0.2342 -0.2859
vn -0.9412 -0.2006 -0.2720
vn -0.9601 -0.1420 -0.2409
vn -0.9623 -0.1005 -0.2529
vn -0.9073 -0.0607 -0.4161
vn -0.9186 -0.0333 -0.3938
vn -0.9757 -0.0288 -0.2170
vn -0.9579 -0.0453 -0.2834
vn -0.9175 -0.0837 -0.3888
vn -0.8944 -0.0992 -0.4362
vn -0.8798 -0.0935 -0.4660
vn -0.8657 -0.0863 -0.4930
vn -0.9135 -0.0736 -0.4002
vn -0.9897 -0.0538 -0.1330
vn -0.9991 -0.0431 0.0018
vn -0.9980 -0.0435 -0.0464
vn -0.9985 -0.0287 0.0464
vn -0.9945 0.0082 0.1042
vn -0.9992 0.0235 -0.0329
vn -0.9994 -0.0173 -0.0308
vn -0.9955 -0.0733 0.0596
vn -0.9959 -0.0802 0.0409
vn -0.9980 -0.0551 -0.0311
vn -0.9717 -0.0472 0.2313
vn -0.8586 -0.0634 0.5086
vn -0.8658 -0.0824 0.4936
vn -0.8762 -0.0907 0.4732
vn -0.8851 -0.1048 0.4535
vn -0.8970 -0.1201 0.4255
vn -0.9454 -0.1847 -0.2685
vn -0.9414 -0.2015 -0.2704
vn -0.9326 -0.2284 -0.2794
vn -0.9269 -0.2369 -0.2911
vn -0.9423 -0.1915 -0.2748
vn -0.9541 -0.1137 -0.2771
vn -0.9053 -0.0812 -0.4169
vn -0.9118 -0.0820 -0.4025
vn -0.9708 -0.0467 -0.2353
vn -0.9636 -0.0258 -0.2660
vn -0.9261 -0.0513 -0.3737
vn -0.8973 -0.0692 -0.4360
vn -0.8814 -0.0777 -0.4659
vn -0.8654 -0.0810 -0.4944
vn -0.9074 -0.0677 -0.4148
vn -0.9883 -0.0412 -0.1471
vn -0.9996 -0.0269 0.0025
vn -0.9986 -0.0271 -0.0464
vn -0.9993 -0.0144 0.0339
vn -0.9962 0.0161 0.0859
vn -0.9999 -0.0009 -0.0150
vn -0.9976 -0.0695 0.0012
vn -0.9935 -0.0934 0.0645
vn -0.9980 -0.0591 0.0226
vn -0.9986 -0.0397 -0.0347
vn -0.9663 -0.0617 0.2499
vn -0.8537 -0.0802 0.5145
vn -0.8615 -0.0996 0.4979
vn -0.8677 -0.1343 0.4786
vn -0.8753 -0.1652 0.4546
vn -0.8945 -0.1617 0.4168
vn -0.9593 -0.0936 -0.2666
vn -0.9592 -0.1050 -0.2625
vn -0.9549 -0.1295 -0.2672
vn -0.9430 -0.1669 -0.2879
vn -0.9365 -0.1884 -0.2957
vn -0.9378 -0.1555 -0.3103
vn -0.9049 -0.1451 -0.4001
vn -0.8995 -0.1600 -0.4065
vn -0.9556 -0.0909 -0.2802
vn -0.9649 -0.0250 -0.2612
vn -0.9308 -0.0288 -0.3643
vn -0.9004 -0.0402 -0.4332
vn -0.8858 -0.0539 -0.4609
vn -0.8677 -0.0687 -0.4924
vn -0.9009 -0.0595 -0.4300
vn -0.9862 -0.0275 -0.1632
vn -0.9999 -0.0096 0.0028
vn -0.9989 -0.0097 -0.0463
vn -0.9997 0.0008 0.0230
vn -0.9971 0.0189 0.0744
vn -0.9997 -0.0132 0.0192
vn -0.9963 -0.0810 0.0297
vn -0.9946 -0.0898 0.0512
vn -0.9985 -0.0542 0.0040
vn -0.9979 -0.0610 -0.0219
vn -0.9552 -0.1157 0.2725
vn -0.8415 -0.1562 0.5172
vn -0.8433 -0.1914 0.5022
vn -0.8443 -0.2317 0.4832
vn -0.8715 -0.2215 0.4375
vn -0.9054 -0.1491 0.3975
vn -0.9622 -0.0577 -0.2660
vn -0.9643 -0.0560 -0.2587
vn -0.9639 -0.0563 -0.2601
vn -0.9593 -0.0719 -0.2731
vn -0.9511 -0.1074 -0.2896
vn -0.9366 -0.1426 -0.3200
vn -0.9078 -0.1870 -0.3755
vn -0.8885 -0.2147 -0.4056
vn -0.9301 -0.1505 -0.3350
vn -0.9590 -0.0555 -0.2779
vn -0.9334 -0.0340 -0.3571
vn -0.9010 -0.0437 -0.4316
vn -0.8887 -0.0465 -0.4560
vn -0.8713 -0.0569 -0.4874
vn -0.8945 -0.0494 -0.4443
vn -0.9834 -0.0137 -0.1810
vn -1.0000 0.0078 0.0026
vn -0.9989 0.0079 -0.0463
vn -0.9998 0.0160 0.0140
vn -0.9968 0.0060 0.0798
vn -0.9986 -0.0277 0.0450
vn -0.9978 -0.0482 0.0445
vn -0.9961 -0.0721 0.0509
vn -0.9954 -0.0959 -0.0003
vn -0.9911 -0.1335 0.0031
vn -0.9324 -0.2042 0.2981
vn -0.8186 -0.2470 0.5186
vn -0.8192 -0.2753 0.5032
vn -0.8401 -0.2614 0.4752
vn -0.8987 -0.1708 0.4040
vn -0.9199 -0.0957 0.3803
vn -0.9606 -0.0790 -0.2665
vn -0.9628 -0.0747 -0.2596
vn -0.9629 -0.0710 -0.2603
vn -0.9613 -0.0678 -0.2672
vn -0.9576 -0.0673 -0.2802
vn -0.9476 -0.0895 -0.3066
vn -0.9261 -0.1482 -0.3470
vn -0.8942 -0.2120 -0.3943
vn -0.9043 -0.1832 -0.3856
vn -0.9458 -0.0762 -0.3158
vn -0.9366 -0.0397 -0.3481
vn -0.9001 -0.0542 -0.4323
vn -0.8889 -0.0535 -0.4549
vn -0.8736 -0.0568 -0.4834
vn -0.8878 -0.0431 -0.4581
vn -0.9798 -0.0007 -0.2002
vn -0.9997 0.0244 0.0020
vn -0.9986 0.0246 -0.0464
vn -0.9998 0.0081 0.0181
vn -0.9952 -0.0222 0.0955
vn -0.9985 -0.0272 0.0479
vn -0.9983 -0.0280 0.0508
vn -0.9951 -0.0670 0.0733
vn -0.9934 -0.1138 0.0111
vn -0.9853 -0.1679 0.0324
vn -0.9148 -0.2399 0.3248
vn -0.8075 -0.2706 0.5242
vn -0.8218 -0.2668 0.5035
vn -0.8724 -0.1964 0.4476
vn -0.9230 -0.0989 0.3718
vn -0.9231 -0.0696 0.3783
vn -0.9584 -0.0986 -0.2679
vn -0.9608 -0.0921 -0.2615
vn -0.9611 -0.0865 -0.2624
vn -0.9595 -0.0818 -0.2694
vn -0.9564 -0.0778 -0.2814
vn -0.9513 -0.0738 -0.2992
vn -0.9415 -0.0885 -0.3252
vn -0.9179 -0.1441 -0.3697
vn -0.8935 -0.1766 -0.4128
vn -0.9263 -0.1208 -0.3570
vn -0.9348 -0.0615 -0.3498
vn -0.9009 -0.0581 -0.4301
vn -0.8879 -0.0647 -0.4554
vn -0.8736 -0.0646 -0.4824
vn -0.8793 -0.0415 -0.4745
vn -0.9753 0.0105 -0.2206
vn -0.9992 0.0393 0.0011
vn -0.9990 0.0239 -0.0385
vn -0.9989 -0.0218 0.0405
vn -0.9953 -0.0307 0.0923
vn -0.9992 -0.0038 0.0408
vn -0.9971 -0.0304 0.0698
vn -0.9934 -0.0705 0.0904
vn -0.9953 -0.0924 0.0275
vn -0.9854 -0.1566 0.0669
vn -0.9046 -0.2427 0.3504
vn -0.8055 -0.2709 0.5270
vn -0.8445 -0.2276 0.4848
vn -0.9019 -0.1296 0.4120
vn -0.9323 -0.0682 0.3552
vn -0.9202 -0.0745 0.3843
vn -0.9557 -0.1170 -0.2702
vn -0.9583 -0.1086 -0.2642
vn -0.9588 -0.1015 -0.2654
vn -0.9574 -0.0954 -0.2725
vn -0.9544 -0.0903 -0.2844
vn -0.9488 -0.0810 -0.3054
vn -0.9447 -0.0706 -0.3203
vn -0.9344 -0.0929 -0.3440
vn -0.9026 -0.1518 -0.4029
vn -0.9084 -0.1489 -0.3907
vn -0.9241 -0.0769 -0.3743
vn -0.9052 -0.0592 -0.4209
vn -0.8868 -0.0763 -0.4559
vn -0.8718 -0.0725 -0.4845
vn -0.8682 -0.0414 -0.4944
vn -0.9701 0.0191 -0.2419
vn -0.9987 0.0516 -0.0003
vn -0.9998 0.0161 -0.0120
vn -0.9975 -0.0345 0.0619
vn -0.9979 -0.0088 0.0638
vn -0.9989 0.0154 0.0443
vn -0.9944 -0.0333 0.0999
vn -0.9932 -0.0676 0.0945
vn -0.9956 -0.0828 0.0428
vn -0.9827 -0.1505 0.1075
vn -0.8932 -0.2439 0.3777
vn -0.8193 -0.2473 0.5173
vn -0.8778 -0.1619 0.4509
vn -0.9194 -0.0831 0.3843
vn -0.9333 -0.0579 0.3545
vn -0.9186 -0.0731 0.3884
vn -0.9525 -0.1348 -0.2732
vn -0.9554 -0.1247 -0.2678
vn -0.9561 -0.1162 -0.2692
vn -0.9549 -0.1090 -0.2763
vn -0.9518 -0.1001 -0.2898
vn -0.9447 -0.0822 -0.3176
vn -0.9439 -0.0646 -0.3239
vn -0.9415 -0.0695 -0.3297
vn -0.9188 -0.1100 -0.3791
vn -0.9030 -0.1243 -0.4112
vn -0.9120 -0.0883 -0.4007
vn -0.9084 -0.0770 -0.4109
vn -0.8848 -0.0833 -0.4586
vn -0.8691 -0.0706 -0.4896
vn -0.8580 -0.0477 -0.5115
vn -0.9647 0.0004 -0.2635
vn -0.9988 0.0490 -0.0073
vn -0.9994 0.0212 0.0276
vn -0.9969 -0.0296 0.0734
vn -0.9995 -0.0103 0.0309
vn -0.9980 -0.0032 0.0625
vn -0.9912 -0.0436 0.1247
vn -0.9933 -0.0641 0.0962
vn -0.9959 -0.0723 0.0540
vn -0.9791 -0.1366 0.1504
vn -0.8909 -0.2157 0.3997
vn -0.8532 -0.1838 0.4882
vn -0.9024 -0.0998 0.4192
vn -0.9252 -0.0598 0.3748
vn -0.9323 -0.0595 0.3566
vn -0.9179 -0.0709 0.3905
vn -0.9488 -0.1522 -0.2770
vn -0.9520 -0.1406 -0.2720
vn -0.9529 -0.1310 -0.2736
vn -0.9519 -0.1229 -0.2806
vn -0.9472 -0.1040 -0.3034
vn -0.9391 -0.0697 -0.3366
vn -0.9444 -0.0460 -0.3256
vn -0.9450 -0.0506 -0.3232
vn -0.9294 -0.0738 -0.3616
vn -0.9056 -0.1068 -0.4106
vn -0.9036 -0.1204 -0.4111
vn -0.9038 -0.0956 -0.4172
vn -0.8832 -0.0683 -0.4640
vn -0.8675 -0.0585 -0.4939
vn -0.8537 -0.0586 -0.5174
vn -0.9569 -0.0253 -0.2895
vn -0.9993 0.0295 -0.0223
vn -0.9976 0.0120 0.0679
vn -0.9965 -0.0275 0.0792
vn -0.9998 -0.0191 0.0100
vn -0.9962 -0.0261 0.0833
vn -0.9890 -0.0538 0.1378
vn -0.9932 -0.0623 0.0981
vn -0.9961 -0.0657 0.0592
vn -0.9761 -0.1117 0.1863
vn -0.8997 -0.1593 0.4065
vn -0.8821 -0.1219 0.4551
vn -0.9126 -0.0718 0.4025
vn -0.9240 -0.0652 0.3768
vn -0.9321 -0.0619 0.3569
vn -0.9178 -0.0700 0.3909
vn -0.9432 -0.1743 -0.2829
vn -0.9480 -0.1570 -0.2768
vn -0.9492 -0.1463 -0.2785
vn -0.9485 -0.1374 -0.2854
vn -0.9378 -0.1125 -0.3284
vn -0.9302 -0.0660 -0.3610
vn -0.9451 -0.0347 -0.3250
vn -0.9466 -0.0329 -0.3208
vn -0.9345 -0.0403 -0.3537
vn -0.9166 -0.0698 -0.3937
vn -0.9066 -0.0874 -0.4128
vn -0.8985 -0.0662 -0.4341
vn -0.8825 -0.0504 -0.4675
vn -0.8680 -0.0552 -0.4935
vn -0.8545 -0.0642 -0.5154
vn -0.9478 -0.0332 -0.3170
vn -0.9996 0.0055 -0.0294
vn -0.9948 -0.0159 0.1010
vn -0.9970 -0.0249 0.0729
vn -1.0000 -0.0006 -0.0033
vn -0.9958 0.0081 0.0916
vn -0.9899 -0.0050 0.1417
vn -0.9946 -0.0235 0.1014
vn -0.9947 -0.0669 0.0775
vn -0.9708 -0.1226 0.2060
vn -0.9100 -0.1229 0.3959
vn -0.8974 -0.0921 0.4316
vn -0.9128 -0.0736 0.4016
vn -0.9225 -0.0722 0.3791
vn -0.9313 -0.0703 0.3575
vn -0.9179 -0.0773 0.3892
vn -0.9359 -0.1962 -0.2925
vn -0.9434 -0.1748 -0.2819
vn -0.9449 -0.1631 -0.2838
vn -0.9445 -0.1534 -0.2906
vn -0.9233 -0.1330 -0.3602
vn -0.9174 -0.0803 -0.3898
vn -0.9448 -0.0359 -0.3256
vn -0.9459 -0.0301 -0.3229
vn -0.9353 -0.0301 -0.3527
vn -0.9233 -0.0326 -0.3827
vn -0.9105 -0.0371 -0.4119
vn -0.8969 -0.0431 -0.4400
vn -0.8830 -0.0509 -0.4665
vn -0.8693 -0.0603 -0.4907
vn -0.8561 -0.0712 -0.5119
vn -0.9376 -0.0419 -0.3450
vn -0.9997 -0.0101 -0.0211
vn -0.9916 -0.0333 0.1250
vn -0.9982 -0.0295 0.0528
vn -0.9999 0.0038 -0.0148
vn -0.9960 0.0282 0.0844
vn -0.9889 0.0387 0.1438
vn -0.9936 0.0197 0.1116
vn -0.9807 -0.1160 0.1577
vn -0.9189 -0.3023 0.2535
vn -0.8748 -0.3118 0.3708
vn -0.8821 -0.2071 0.4230
vn -0.9043 -0.1457 0.4012
vn -0.9199 -0.1058 0.3777
vn -0.9294 -0.0860 0.3588
vn -0.9183 -0.0890 0.3857
vn -0.9291 -0.2145 -0.3013
vn -0.9379 -0.1942 -0.2873
vn -0.9398 -0.1818 -0.2894
vn -0.9395 -0.1684 -0.2982
vn -0.9064 -0.1480 -0.3956
vn -0.9028 -0.0929 -0.4199
vn -0.9434 -0.0415 -0.3290
vn -0.9447 -0.0335 -0.3263
vn -0.9344 -0.0338 -0.3546
vn -0.9230 -0.0367 -0.3831
vn -0.9105 -0.0418 -0.4113
vn -0.8987 -0.0596 -0.4344
vn -0.8815 -0.0832 -0.4648
vn -0.8649 -0.0837 -0.4949
vn -0.8574 -0.0820 -0.5080
vn -0.9283 -0.0708 -0.3651
vn -0.9985 -0.0540 -0.0067
vn -0.9886 -0.0571 0.1394
vn -0.9985 -0.0467 0.0288
vn -0.9995 -0.0160 -0.0254
vn -0.9973 0.0108 0.0723
vn -0.9889 0.0271 0.1464
vn -0.9822 -0.0619 0.1775
vn -0.9052 -0.2991 0.3020
vn -0.7942 -0.5164 0.3203
vn -0.7880 -0.5270 0.3183
vn -0.8118 -0.4301 0.3949
vn -0.8423 -0.3644 0.3972
vn -0.8656 -0.3279 0.3784
vn -0.8834 -0.2951 0.3641
vn -0.8821 -0.2722 0.3844
vn -0.9238 -0.2304 -0.3058
vn -0.9319 -0.2140 -0.2928
vn -0.9339 -0.2016 -0.2951
vn -0.9320 -0.1766 -0.3166
vn -0.8890 -0.1435 -0.4348
vn -0.8926 -0.0947 -0.4408
vn -0.9406 -0.0523 -0.3355
vn -0.9432 -0.0415 -0.3296
vn -0.9334 -0.0423 -0.3564
vn -0.9224 -0.0458 -0.3836
vn -0.9104 -0.0518 -0.4106
vn -0.9059 -0.0873 -0.4144
vn -0.8783 -0.1367 -0.4581
vn -0.8482 -0.1334 -0.5126
vn -0.8535 -0.1085 -0.5097
vn -0.9244 -0.1106 -0.3651
vn -0.9938 -0.1105 0.0101
vn -0.9862 -0.0927 0.1373
vn -0.9978 -0.0654 0.0056
vn -0.9987 -0.0365 -0.0353
vn -0.9980 -0.0132 0.0620
vn -0.9768 -0.0715 0.2021
vn -0.9032 -0.2847 0.3211
vn -0.7533 -0.5040 0.4224
vn -0.7432 -0.5760 0.3405
vn -0.7854 -0.5529 0.2785
vn -0.7815 -0.5077 0.3626
vn -0.7780 -0.4926 0.3900
vn -0.7827 -0.5006 0.3698
vn -0.7911 -0.5000 0.3525
vn -0.7966 -0.4843 0.3616
vn -0.9193 -0.2471 -0.3064
vn -0.9252 -0.2346 -0.2982
vn -0.9274 -0.2225 -0.3007
vn -0.9167 -0.1910 -0.3510
vn -0.8678 -0.1487 -0.4741
vn -0.8856 -0.1059 -0.4522
vn -0.9358 -0.0686 -0.3457
vn -0.9414 -0.0546 -0.3328
vn -0.9320 -0.0559 -0.3581
vn -0.9214 -0.0601 -0.3839
vn -0.9098 -0.0670 -0.4096
vn -0.9176 -0.0910 -0.3870
vn -0.8877 -0.1440 -0.4374
vn -0.8329 -0.1767 -0.5245
vn -0.8365 -0.1677 -0.5217
vn -0.9204 -0.1647 -0.3546
vn -0.9899 -0.1413 0.0153
vn -0.9874 -0.1044 0.1190
vn -0.9960 -0.0884 -0.0101
vn -0.9960 -0.0810 -0.0383
vn -0.9851 -0.1339 0.1078
vn -0.8918 -0.2989 0.3396
vn -0.7380 -0.5003 0.4528
vn -0.6917 -0.5655 0.4492
vn -0.7557 -0.5652 0.3309
vn -0.7974 -0.5459 0.2572
vn -0.7866 -0.5123 0.3446
vn -0.7725 -0.4973 0.3948
vn -0.7771 -0.5062 0.3741
vn -0.7810 -0.5147 0.3536
vn -0.7853 -0.5127 0.3470
vn -0.9135 -0.2680 -0.3061
vn -0.9178 -0.2562 -0.3034
vn -0.9201 -0.2409 -0.3089
vn -0.8944 -0.2113 -0.3942
vn -0.8446 -0.1707 -0.5074
vn -0.8768 -0.1309 -0.4626
vn -0.9282 -0.0946 -0.3598
vn -0.9384 -0.0757 -0.3373
vn -0.9301 -0.0752 -0.3596
vn -0.9198 -0.0801 -0.3841
vn -0.9085 -0.0878 -0.4086
vn -0.9229 -0.0930 -0.3736
vn -0.9036 -0.1385 -0.4053
vn -0.8320 -0.2127 -0.5123
vn -0.8113 -0.2497 -0.5286
vn -0.9000 -0.2524 -0.3553
vn -0.9825 -0.1859 -0.0067
vn -0.9893 -0.1109 0.0950
vn -0.9943 -0.1061 -0.0083
vn -0.9798 -0.1989 0.0215
vn -0.8939 -0.3828 0.2334
vn -0.7249 -0.5115 0.4615
vn -0.6665 -0.5601 0.4920
vn -0.6961 -0.5702 0.4362
vn -0.7623 -0.5652 0.3154
vn -0.8017 -0.5459 0.2432
vn -0.7891 -0.5183 0.3298
vn -0.7673 -0.5022 0.3988
vn -0.7724 -0.5098 0.3787
vn -0.7768 -0.5173 0.3592
vn -0.7819 -0.5204 0.3431
vn -0.9072 -0.2866 -0.3081
vn -0.9104 -0.2765 -0.3078
vn -0.9105 -0.2510 -0.3286
vn -0.8741 -0.2103 -0.4377
vn -0.8324 -0.2042 -0.5152
vn -0.8519 -0.2576 -0.4559
vn -0.8813 -0.2776 -0.3823
vn -0.9017 -0.2312 -0.3653
vn -0.9079 -0.1746 -0.3812
vn -0.9080 -0.1350 -0.3966
vn -0.9037 -0.1202 -0.4109
vn -0.9206 -0.1229 -0.3707
vn -0.9154 -0.1643 -0.3674
vn -0.8427 -0.2411 -0.4813
vn -0.8009 -0.3030 -0.5165
vn -0.8733 -0.3210 -0.3666
vn -0.9675 -0.2472 -0.0528
vn -0.9860 -0.1519 0.0688
vn -0.9770 -0.2052 0.0584
vn -0.8871 -0.4189 0.1939
vn -0.7275 -0.5836 0.3608
vn -0.6593 -0.5731 0.4866
vn -0.6610 -0.5627 0.4964
vn -0.7018 -0.5767 0.4181
vn -0.7694 -0.5670 0.2940
vn -0.8034 -0.5473 0.2344
vn -0.7880 -0.5262 0.3198
vn -0.7620 -0.5079 0.4017
vn -0.7680 -0.5139 0.3822
vn -0.7729 -0.5199 0.3638
vn -0.7770 -0.5260 0.3459
vn -0.9005 -0.3043 -0.3106
vn -0.9027 -0.2978 -0.3106
vn -0.8926 -0.2678 -0.3628
vn -0.8512 -0.2427 -0.4653
vn -0.8223 -0.3218 -0.4694
vn -0.8000 -0.4349 -0.4133
vn -0.7949 -0.4647 -0.3900
vn -0.8120 -0.4268 -0.3981
vn -0.8280 -0.3746 -0.4172
vn -0.8399 -0.3316 -0.4296
vn -0.8501 -0.2955 -0.4359
vn -0.8848 -0.2500 -0.3931
vn -0.9107 -0.2130 -0.3540
vn -0.8616 -0.2430 -0.4456
vn -0.8152 -0.3166 -0.4850
vn -0.8546 -0.3671 -0.3672
vn -0.9400 -0.3273 -0.0966
vn -0.9551 -0.2845 0.0831
vn -0.8842 -0.4155 0.2135
vn -0.7217 -0.5928 0.3574
vn -0.6599 -0.6426 0.3894
vn -0.6567 -0.5844 0.4766
vn -0.6677 -0.5574 0.4934
vn -0.7269 -0.5641 0.3916
vn -0.7843 -0.5579 0.2711
vn -0.8024 -0.5498 0.2320
vn -0.7828 -0.5356 0.3166
vn -0.7564 -0.5149 0.4034
vn -0.7632 -0.5195 0.3843
vn -0.7685 -0.5240 0.3671
vn -0.7731 -0.5286 0.3505
vn -0.8908 -0.3299 -0.3126
vn -0.8936 -0.3198 -0.3151
vn -0.8674 -0.3094 -0.3897
vn -0.8212 -0.3584 -0.4441
vn -0.7965 -0.4515 -0.4022
vn -0.7770 -0.5004 -0.3820
vn -0.7675 -0.5061 -0.3934
vn -0.7592 -0.5053 -0.4101
vn -0.7500 -0.5051 -0.4271
vn -0.7457 -0.4993 -0.4411
vn -0.7517 -0.4787 -0.4537
vn -0.7937 -0.4220 -0.4381
vn -0.8583 -0.3282 -0.3945
vn -0.8575 -0.2839 -0.4291
vn -0.8309 -0.3417 -0.4391
vn -0.8357 -0.4355 -0.3346
vn -0.8656 -0.4932 -0.0866
vn -0.8331 -0.5268 0.1685
vn -0.7214 -0.5877 0.3663
vn -0.6432 -0.6462 0.4108
vn -0.6501 -0.6587 0.3787
vn -0.6539 -0.5967 0.4651
vn -0.6828 -0.5544 0.4759
vn -0.7560 -0.5472 0.3593
vn -0.7991 -0.5432 0.2575
vn -0.7992 -0.5524 0.2371
vn -0.7743 -0.5445 0.3225
vn -0.7504 -0.5233 0.4038
vn -0.7576 -0.5271 0.3850
vn -0.7631 -0.5304 0.3693
vn -0.7673 -0.5343 0.3546
vn -0.7976 -0.3965 -0.4545
vn -0.7364 -0.4319 -0.5207
vn -0.7151 -0.4514 -0.5337
vn -0.7024 -0.4739 -0.5311
vn -0.7419 -0.4731 -0.4751
vn -0.7747 -0.4632 -0.4304
vn -0.6335 -0.5462 -0.5481
vn -0.2486 -0.6938 -0.6759
vn 0.0814 -0.7497 -0.6567
vn 0.1270 -0.7408 -0.6596
vn 0.0711 -0.7033 -0.7073
vn 0.0450 -0.6781 -0.7336
vn 0.0594 -0.6746 -0.7358
vn 0.1293 -0.6878 -0.7143
vn 0.2544 -0.7009 -0.6663
vn 0.3319 -0.6972 -0.6354
vn 0.3547 -0.6889 -0.6322
vn 0.3681 -0.6808 -0.6332
vn 0.3859 -0.6601 -0.6444
vn 0.4291 -0.6155 -0.6611
vn 0.4303 -0.6070 -0.6681
vn 0.3921 -0.6417 -0.6592
vn 0.4161 -0.6532 -0.6326
vn 0.4444 -0.6692 -0.5955
vn 0.5497 -0.6825 -0.4817
vn 0.8142 -0.5260 -0.2458
vn 0.9226 -0.3643 -0.1273
vn 0.9036 -0.3728 -0.2110
vn 0.8894 -0.3539 -0.2894
vn 0.8897 -0.3275 -0.3181
vn 0.8869 -0.3195 -0.3338
vn -0.7809 -0.3835 -0.4931
vn -0.7400 -0.4109 -0.5325
vn -0.7246 -0.4321 -0.5369
vn -0.7338 -0.4477 -0.5110
vn -0.7760 -0.4256 -0.4655
vn -0.7018 -0.4254 -0.5714
vn -0.5141 -0.4493 -0.7306
vn -0.2847 -0.5400 -0.7920
vn -0.0284 -0.6710 -0.7409
vn 0.1343 -0.7398 -0.6592
vn 0.1530 -0.7351 -0.6604
vn 0.0980 -0.6956 -0.7117
vn 0.0710 -0.6684 -0.7404
vn 0.0912 -0.6681 -0.7385
vn 0.2006 -0.6822 -0.7031
vn 0.3237 -0.6850 -0.6526
vn 0.3650 -0.6803 -0.6356
vn 0.3844 -0.6694 -0.6357
vn 0.4389 -0.6370 -0.6337
vn 0.4959 -0.5868 -0.6401
vn 0.4698 -0.5551 -0.6865
vn 0.3776 -0.5744 -0.7263
vn 0.3755 -0.6173 -0.6913
vn 0.4181 -0.6376 -0.6471
vn 0.4737 -0.6444 -0.6003
vn 0.7666 -0.5297 -0.3630
vn 0.9182 -0.3769 -0.1219
vn 0.9021 -0.4129 -0.1253
vn 0.8863 -0.4237 -0.1871
vn 0.8979 -0.3618 -0.2510
vn 0.8934 -0.3219 -0.3134
vn -0.7711 -0.3827 -0.5089
vn -0.7488 -0.3964 -0.5312
vn -0.7353 -0.4151 -0.5357
vn -0.7632 -0.4021 -0.5058
vn -0.7301 -0.3828 -0.5661
vn -0.5561 -0.3905 -0.7337
vn -0.4473 -0.3853 -0.8071
vn -0.3649 -0.4361 -0.8226
vn -0.1959 -0.5521 -0.8105
vn 0.0164 -0.6697 -0.7424
vn 0.1585 -0.7330 -0.6615
vn 0.1788 -0.7323 -0.6570
vn 0.1295 -0.6929 -0.7093
vn 0.0964 -0.6618 -0.7435
vn 0.1447 -0.6647 -0.7329
vn 0.2833 -0.6759 -0.6804
vn 0.3698 -0.6726 -0.6409
vn 0.4129 -0.6526 -0.6353
vn 0.4869 -0.6076 -0.6275
vn 0.5389 -0.5686 -0.6216
vn 0.5027 -0.5757 -0.6449
vn 0.3773 -0.6011 -0.7045
vn 0.3312 -0.5973 -0.7305
vn 0.3875 -0.6104 -0.6908
vn 0.4290 -0.6359 -0.6415
vn 0.6738 -0.5806 -0.4572
vn 0.8821 -0.4414 -0.1644
vn 0.8830 -0.4581 -0.1024
vn 0.8758 -0.4690 -0.1144
vn 0.8847 -0.4411 -0.1509
vn 0.8943 -0.3798 -0.2364
vn -0.7686 -0.3744 -0.5188
vn -0.7566 -0.3839 -0.5293
vn -0.7507 -0.4030 -0.5236
vn -0.7436 -0.3885 -0.5441
vn -0.6080 -0.3730 -0.7008
vn -0.4699 -0.3577 -0.8070
vn -0.4423 -0.3589 -0.8219
vn -0.4163 -0.3837 -0.8243
vn -0.3051 -0.4563 -0.8359
vn -0.1329 -0.5549 -0.8212
vn 0.0358 -0.6537 -0.7559
vn 0.1678 -0.7229 -0.6703
vn 0.2030 -0.7328 -0.6495
vn 0.1638 -0.6952 -0.6999
vn 0.1296 -0.6631 -0.7372
vn 0.2260 -0.6645 -0.7123
vn 0.3599 -0.6629 -0.6566
vn 0.4507 -0.6343 -0.6282
vn 0.5275 -0.5865 -0.6146
vn 0.5203 -0.5933 -0.6142
vn 0.4445 -0.6559 -0.6101
vn 0.3482 -0.7067 -0.6159
vn 0.3012 -0.7037 -0.6436
vn 0.3498 -0.6609 -0.6639
vn 0.3806 -0.6533 -0.6545
vn 0.5647 -0.6477 -0.5115
vn 0.8165 -0.5353 -0.2161
vn 0.8721 -0.4800 -0.0950
vn 0.8763 -0.4716 -0.0990
vn 0.8790 -0.4641 -0.1089
vn 0.8845 -0.4415 -0.1509
vn -0.7725 -0.3609 -0.5225
vn -0.7637 -0.3715 -0.5279
vn -0.7628 -0.3699 -0.5304
vn -0.6691 -0.3635 -0.6482
vn -0.5005 -0.3477 -0.7928
vn -0.4564 -0.3350 -0.8243
vn -0.4468 -0.3411 -0.8271
vn -0.4358 -0.3488 -0.8297
vn -0.3735 -0.3939 -0.8399
vn -0.2328 -0.4760 -0.8480
vn -0.0904 -0.5481 -0.8315
vn 0.0366 -0.6280 -0.7773
vn 0.1605 -0.7088 -0.6869
vn 0.2239 -0.7362 -0.6386
vn 0.1990 -0.7018 -0.6840
vn 0.1960 -0.6680 -0.7179
vn 0.3347 -0.6555 -0.6770
vn 0.4771 -0.6227 -0.6202
vn 0.5105 -0.6220 -0.5937
vn 0.4353 -0.6812 -0.5886
vn 0.3504 -0.7361 -0.5791
vn 0.3254 -0.7495 -0.5766
vn 0.3380 -0.7279 -0.5966
vn 0.3759 -0.6902 -0.6183
vn 0.3979 -0.6455 -0.6519
vn 0.5244 -0.6100 -0.5940
vn 0.8044 -0.5047 -0.3135
vn 0.9100 -0.3960 -0.1231
vn 0.9087 -0.3989 -0.1234
vn 0.8988 -0.4199 -0.1254
vn 0.8869 -0.4433 -0.1303
vn -0.7786 -0.3487 -0.5217
vn -0.7703 -0.3595 -0.5267
vn -0.7333 -0.3419 -0.5876
vn -0.5772 -0.3276 -0.7480
vn -0.4682 -0.3197 -0.8237
vn -0.4590 -0.3219 -0.8280
vn -0.4506 -0.3266 -0.8308
vn -0.4408 -0.3329 -0.8336
vn -0.4187 -0.3522 -0.8370
vn -0.2967 -0.4131 -0.8610
vn -0.1522 -0.4711 -0.8689
vn -0.0778 -0.5156 -0.8533
vn 0.0168 -0.5897 -0.8075
vn 0.1483 -0.6823 -0.7159
vn 0.2419 -0.7317 -0.6373
vn 0.2300 -0.7178 -0.6571
vn 0.3308 -0.6712 -0.6634
vn 0.4792 -0.6271 -0.6141
vn 0.4718 -0.6393 -0.6072
vn 0.4093 -0.6634 -0.6264
vn 0.3887 -0.6523 -0.6507
vn 0.4166 -0.6185 -0.6662
vn 0.4416 -0.5889 -0.6769
vn 0.4598 -0.5694 -0.6814
vn 0.4672 -0.5626 -0.6821
vn 0.5599 -0.5162 -0.6481
vn 0.8399 -0.3583 -0.4076
vn 0.9606 -0.2113 -0.1806
vn 0.9611 -0.2075 -0.1822
vn 0.9570 -0.2218 -0.1868
vn 0.9488 -0.2566 -0.1841
vn -0.7848 -0.3373 -0.5199
vn -0.7736 -0.3421 -0.5334
vn -0.6682 -0.3471 -0.6580
vn -0.5067 -0.3291 -0.7968
vn -0.4678 -0.3097 -0.8278
vn -0.4609 -0.3119 -0.8308
vn -0.4537 -0.3155 -0.8335
vn -0.4452 -0.3205 -0.8361
vn -0.4319 -0.3259 -0.8410
vn -0.3215 -0.3503 -0.8797
vn -0.1760 -0.3770 -0.9094
vn -0.1168 -0.3949 -0.9113
vn -0.0661 -0.4185 -0.9058
vn 0.0195 -0.4744 -0.8801
vn 0.1787 -0.5595 -0.8094
vn 0.2743 -0.6154 -0.7389
vn 0.3566 -0.6246 -0.6947
vn 0.4841 -0.5979 -0.6389
vn 0.5078 -0.5721 -0.6441
vn 0.4918 -0.5283 -0.6921
vn 0.4905 -0.4801 -0.7273
vn 0.4970 -0.4513 -0.7412
vn 0.5035 -0.4433 -0.7416
vn 0.5007 -0.4514 -0.7386
vn 0.4966 -0.4674 -0.7313
vn 0.5933 -0.4594 -0.6610
vn 0.8623 -0.3138 -0.3975
vn 0.9741 -0.1405 -0.1774
vn 0.9752 -0.1022 -0.1961
vn 0.9732 -0.0847 -0.2137
vn 0.9694 -0.0914 -0.2277
vn -0.7912 -0.3246 -0.5183
vn -0.7620 -0.3191 -0.5635
vn -0.6113 -0.3171 -0.7251
vn -0.4764 -0.3078 -0.8236
vn -0.4684 -0.3031 -0.8299
vn -0.4623 -0.3049 -0.8326
vn -0.4561 -0.3076 -0.8351
vn -0.4488 -0.3116 -0.8376
vn -0.4192 -0.3091 -0.8537
vn -0.2960 -0.3042 -0.9054
vn -0.1693 -0.2976 -0.9396
vn -0.1208 -0.2960 -0.9475
vn -0.0620 -0.2926 -0.9542
vn 0.0101 -0.2670 -0.9637
vn 0.1348 -0.2475 -0.9595
vn 0.2062 -0.3064 -0.9293
vn 0.2660 -0.4543 -0.8502
vn 0.4459 -0.5497 -0.7064
vn 0.5480 -0.5507 -0.6296
vn 0.5482 -0.5250 -0.6510
vn 0.5333 -0.4902 -0.6894
vn 0.5214 -0.4551 -0.7218
vn 0.5093 -0.4357 -0.7421
vn 0.5024 -0.4307 -0.7497
vn 0.4983 -0.4322 -0.7516
vn 0.5921 -0.4218 -0.6867
vn 0.8574 -0.3350 -0.3906
vn 0.9702 -0.2079 -0.1248
vn 0.9786 -0.1459 -0.1449
vn 0.9717 -0.1200 -0.2033
vn 0.9552 -0.1659 -0.2451
vn -0.8020 -0.3046 -0.5139
vn -0.7286 -0.3132 -0.6091
vn -0.5610 -0.3035 -0.7701
vn -0.4740 -0.2959 -0.8293
vn -0.4689 -0.2988 -0.8312
vn -0.4634 -0.3003 -0.8337
vn -0.4580 -0.3024 -0.8360
vn -0.4490 -0.3036 -0.8404
vn -0.3798 -0.2930 -0.8774
vn -0.2461 -0.2701 -0.9309
vn -0.1583 -0.2584 -0.9530
vn -0.0971 -0.2469 -0.9642
vn -0.0002 -0.2035 -0.9791
vn 0.0981 -0.1383 -0.9855
vn 0.1568 -0.0973 -0.9828
vn 0.0682 -0.1415 -0.9876
vn 0.0590 -0.2702 -0.9610
vn 0.3284 -0.4114 -0.8502
vn 0.5061 -0.5098 -0.6957
vn 0.5340 -0.5740 -0.6208
vn 0.5456 -0.5725 -0.6120
vn 0.5372 -0.5371 -0.6504
vn 0.5258 -0.4893 -0.6958
vn 0.5105 -0.4500 -0.7327
vn 0.4842 -0.4490 -0.7510
vn 0.5854 -0.4356 -0.6838
vn 0.8463 -0.3431 -0.4075
vn 0.9619 -0.2483 -0.1141
vn 0.9703 -0.2274 -0.0823
vn 0.9540 -0.2364 -0.1846
vn 0.9202 -0.2869 -0.2663
vn -0.8178 -0.2825 -0.5015
vn -0.6906 -0.3203 -0.6484
vn -0.5185 -0.3110 -0.7965
vn -0.4759 -0.2946 -0.8287
vn -0.4694 -0.2961 -0.8319
vn -0.4642 -0.2975 -0.8343
vn -0.4594 -0.2992 -0.8364
vn -0.4301 -0.2882 -0.8555
vn -0.3204 -0.2593 -0.9111
vn -0.2062 -0.2327 -0.9504
vn -0.1351 -0.2112 -0.9681
vn -0.0231 -0.1629 -0.9864
vn 0.0972 -0.0936 -0.9909
vn 0.1676 -0.0481 -0.9847
vn 0.1284 -0.0660 -0.9895
vn -0.0391 -0.1367 -0.9898
vn -0.0668 -0.1985 -0.9778
vn 0.2079 -0.2479 -0.9462
vn 0.4123 -0.3213 -0.8525
vn 0.4842 -0.4319 -0.7609
vn 0.5338 -0.5296 -0.6592
vn 0.5380 -0.5769 -0.6146
vn 0.5423 -0.5645 -0.6223
vn 0.5298 -0.5170 -0.6724
vn 0.4702 -0.4871 -0.7360
vn 0.5985 -0.4516 -0.6618
vn 0.8490 -0.3453 -0.4001
vn 0.9547 -0.2618 -0.1417
vn 0.9627 -0.2624 -0.0652
vn 0.9325 -0.3177 -0.1718
vn 0.8935 -0.3572 -0.2722
vn -0.8360 -0.2619 -0.4821
vn -0.6636 -0.3164 -0.6779
vn -0.4870 -0.3084 -0.8172
vn -0.4768 -0.2922 -0.8290
vn -0.4702 -0.2941 -0.8321
vn -0.4650 -0.2956 -0.8345
vn -0.4498 -0.2872 -0.8457
vn -0.3777 -0.2521 -0.8910
vn -0.2634 -0.2096 -0.9417
vn -0.1786 -0.1837 -0.9666
vn -0.0656 -0.1404 -0.9879
vn 0.0781 -0.0701 -0.9945
vn 0.1593 -0.0236 -0.9869
vn 0.1839 -0.0132 -0.9829
vn 0.0457 -0.0528 -0.9976
vn -0.1325 -0.1263 -0.9831
vn -0.1103 -0.1772 -0.9780
vn 0.1533 -0.2016 -0.9674
vn 0.3542 -0.2066 -0.9121
vn 0.4076 -0.2416 -0.8806
vn 0.4722 -0.3367 -0.8147
vn 0.5145 -0.4561 -0.7262
vn 0.5400 -0.5429 -0.6432
vn 0.5431 -0.5656 -0.6206
vn 0.4948 -0.5256 -0.6921
vn 0.6475 -0.4289 -0.6299
vn 0.8702 -0.3076 -0.3850
vn 0.9526 -0.2481 -0.1760
vn 0.9614 -0.2618 -0.0852
vn 0.9259 -0.3298 -0.1840
vn 0.8913 -0.3654 -0.2685
vn -0.8556 -0.2409 -0.4582
vn -0.6459 -0.3062 -0.6994
vn -0.4663 -0.3015 -0.8317
vn -0.4784 -0.2897 -0.8290
vn -0.4714 -0.2920 -0.8322
vn -0.4588 -0.2859 -0.8413
vn -0.4097 -0.2507 -0.8771
vn -0.3131 -0.1982 -0.9288
vn -0.2322 -0.1682 -0.9580
vn -0.1280 -0.1354 -0.9825
vn 0.0356 -0.0670 -0.9971
vn 0.1445 -0.0110 -0.9894
vn 0.1782 0.0066 -0.9840
vn 0.1601 -0.0081 -0.9871
vn -0.0388 -0.0639 -0.9972
vn -0.1975 -0.1160 -0.9734
vn -0.1387 -0.1476 -0.9793
vn 0.1252 -0.1738 -0.9768
vn 0.3482 -0.1804 -0.9199
vn 0.3756 -0.1824 -0.9086
vn 0.4121 -0.1948 -0.8901
vn 0.4582 -0.2515 -0.8525
vn 0.5123 -0.3560 -0.7816
vn 0.5885 -0.4235 -0.6887
vn 0.6445 -0.3459 -0.6819
vn 0.7468 -0.2023 -0.6336
vn 0.8836 -0.1747 -0.4344
vn 0.9521 -0.2156 -0.2167
vn 0.9573 -0.2613 -0.1234
vn 0.9186 -0.3382 -0.2046
vn 0.8903 -0.3702 -0.2651
vn -0.8767 -0.2052 -0.4352
vn -0.6437 -0.2757 -0.7139
vn -0.4598 -0.2869 -0.8404
vn -0.4808 -0.2861 -0.8288
vn -0.4662 -0.2799 -0.8392
vn -0.4273 -0.2431 -0.8708
vn -0.3503 -0.1843 -0.9183
vn -0.2723 -0.1442 -0.9514
vn -0.2064 -0.1186 -0.9713
vn -0.0483 -0.0687 -0.9965
vn 0.1169 -0.0088 -0.9931
vn 0.1671 0.0173 -0.9858
vn 0.1860 0.0239 -0.9823
vn 0.0970 -0.0052 -0.9953
vn -0.1234 -0.0709 -0.9898
vn -0.2208 -0.1062 -0.9695
vn -0.1564 -0.1157 -0.9809
vn 0.0966 -0.1375 -0.9858
vn 0.3367 -0.1541 -0.9289
vn 0.3756 -0.1624 -0.9124
vn 0.4010 -0.1623 -0.9016
vn 0.4267 -0.1623 -0.8897
vn 0.4678 -0.1829 -0.8647
vn 0.6389 -0.1720 -0.7499
vn 0.7899 -0.0396 -0.6120
vn 0.7924 0.0866 -0.6039
vn 0.8307 0.0106 -0.5566
vn 0.9358 -0.1595 -0.3143
vn 0.9454 -0.2765 -0.1724
vn 0.9090 -0.3487 -0.2283
vn 0.8899 -0.3728 -0.2629
vn -0.8983 -0.1458 -0.4146
vn -0.6645 -0.2282 -0.7116
vn -0.4688 -0.2691 -0.8413
vn -0.4746 -0.2663 -0.8389
vn -0.4377 -0.2216 -0.8714
vn -0.3775 -0.1588 -0.9123
vn -0.3095 -0.1169 -0.9437
vn -0.2606 -0.1052 -0.9597
vn -0.1533 -0.0749 -0.9853
vn 0.0357 -0.0130 -0.9993
vn 0.1492 0.0232 -0.9885
vn 0.1752 0.0306 -0.9841
vn 0.1920 0.0354 -0.9808
vn 0.0236 0.0070 -0.9997
vn -0.2003 -0.0531 -0.9783
vn -0.2233 -0.0837 -0.9711
vn -0.1625 -0.0871 -0.9829
vn 0.0653 -0.1048 -0.9923
vn 0.3127 -0.1300 -0.9409
vn 0.3762 -0.1428 -0.9155
vn 0.4017 -0.1422 -0.9047
vn 0.4277 -0.1416 -0.8928
vn 0.4666 -0.1257 -0.8755
vn 0.6958 -0.0349 -0.7174
vn 0.8510 0.0844 -0.5183
vn 0.8018 0.1169 -0.5860
vn 0.7640 0.0865 -0.6394
vn 0.8791 -0.0583 -0.4730
vn 0.9276 -0.2664 -0.2617
vn 0.8996 -0.3618 -0.2446
vn 0.8902 -0.3725 -0.2623
vn -0.9187 -0.0998 -0.3822
vn -0.7001 -0.1868 -0.6892
vn -0.4757 -0.2109 -0.8540
vn -0.4529 -0.1721 -0.8748
vn -0.3974 -0.1180 -0.9100
vn -0.3450 -0.0841 -0.9348
vn -0.2987 -0.0754 -0.9514
vn -0.2528 -0.0682 -0.9651
vn -0.0905 -0.0348 -0.9953
vn 0.0961 0.0130 -0.9953
vn 0.1572 0.0353 -0.9869
vn 0.1807 0.0391 -0.9828
vn 0.1843 0.0325 -0.9823
vn -0.0392 -0.0029 -0.9992
vn -0.2541 -0.0455 -0.9661
vn -0.2237 -0.0621 -0.9727
vn -0.1630 -0.0630 -0.9846
vn 0.0345 -0.0800 -0.9962
vn 0.2835 -0.1092 -0.9527
vn 0.3777 -0.1227 -0.9178
vn 0.4034 -0.1216 -0.9069
vn 0.4295 -0.1203 -0.8950
vn 0.5155 -0.0734 -0.8537
vn 0.7653 0.0421 -0.6423
vn 0.8632 0.1055 -0.4937
vn 0.7950 0.0757 -0.6019
vn 0.7583 0.0641 -0.6487
vn 0.8089 0.0239 -0.5874
vn 0.8977 -0.1452 -0.4160
vn 0.9058 -0.3109 -0.2879
vn 0.8927 -0.3631 -0.2670
vn -0.9308 -0.1268 -0.3429
vn -0.7150 -0.1605 -0.6804
vn -0.4507 -0.1119 -0.8856
vn -0.4268 -0.0595 -0.9024
vn -0.3788 -0.0436 -0.9245
vn -0.3386 -0.0429 -0.9400
vn -0.2995 -0.0437 -0.9531
vn -0.2288 -0.0272 -0.9731
vn -0.0384 0.0105 -0.9992
vn 0.1243 0.0369 -0.9916
vn 0.1607 0.0430 -0.9861
vn 0.1836 0.0443 -0.9820
vn 0.1492 0.0250 -0.9885
vn -0.0975 -0.0166 -0.9951
vn -0.2740 -0.0394 -0.9609
vn -0.2220 -0.0404 -0.9742
vn -0.1614 -0.0388 -0.9861
vn 0.0052 -0.0543 -0.9985
vn 0.2548 -0.0863 -0.9631
vn 0.3800 -0.1013 -0.9194
vn 0.4060 -0.0996 -0.9084
vn 0.4324 -0.0975 -0.8964
vn 0.5949 -0.0378 -0.8029
vn 0.8247 0.0691 -0.5613
vn 0.8509 0.0895 -0.5177
vn 0.7796 0.0528 -0.6241
vn 0.7748 0.0631 -0.6290
vn 0.7890 0.1053 -0.6053
vn 0.8364 0.0253 -0.5475
vn 0.8988 -0.1788 -0.4002
vn 0.9090 -0.3000 -0.2893
vn -0.9285 -0.1851 -0.3218
vn -0.6935 -0.1554 -0.7035
vn -0.4002 -0.0575 -0.9146
vn -0.4130 -0.0127 -0.9106
vn -0.3796 -0.0078 -0.9251
vn -0.3406 -0.0094 -0.9402
vn -0.3014 -0.0109 -0.9535
vn -0.1965 0.0055 -0.9805
vn 0.0007 0.0375 -0.9993
vn 0.1295 0.0511 -0.9903
vn 0.1610 0.0495 -0.9857
vn 0.1838 0.0481 -0.9818
vn 0.0993 0.0283 -0.9947
vn -0.1498 -0.0079 -0.9887
vn -0.2731 -0.0219 -0.9617
vn -0.2182 -0.0179 -0.9757
vn -0.1577 -0.0140 -0.9874
vn -0.0195 -0.0244 -0.9995
vn 0.2273 -0.0550 -0.9723
vn 0.3802 -0.0748 -0.9219
vn 0.4096 -0.0756 -0.9091
vn 0.4424 -0.0660 -0.8944
vn 0.6760 -0.0080 -0.7368
vn 0.8599 0.0636 -0.5064
vn 0.8291 0.0586 -0.5561
vn 0.7783 0.0401 -0.6266
vn 0.8036 0.0947 -0.5876
vn 0.8041 0.1732 -0.5687
vn 0.7670 0.1501 -0.6239
vn 0.8525 -0.0128 -0.5225
vn 0.9226 -0.1737 -0.3445
vn -0.9281 -0.1664 -0.3331
vn -0.6814 -0.1201 -0.7220
vn -0.3497 -0.0534 -0.9353
vn -0.3887 -0.0003 -0.9214
vn -0.3822 0.0257 -0.9237
vn -0.3434 0.0239 -0.9389
vn -0.3042 0.0221 -0.9524
vn -0.1722 0.0341 -0.9845
vn 0.0247 0.0553 -0.9982
vn 0.1261 0.0614 -0.9901
vn 0.1580 0.0567 -0.9858
vn 0.1814 0.0528 -0.9820
vn 0.0538 0.0360 -0.9979
vn -0.1913 0.0083 -0.9815
vn -0.2674 -0.0003 -0.9636
vn -0.2126 0.0061 -0.9771
vn -0.1521 0.0123 -0.9883
vn -0.0302 0.0135 -0.9995
vn 0.2006 -0.0064 -0.9797
vn 0.3679 -0.0377 -0.9291
vn 0.4140 -0.0495 -0.9089
vn 0.4805 -0.0161 -0.8768
vn 0.7412 0.0484 -0.6696
vn 0.8639 0.0713 -0.4986
vn 0.8046 0.0462 -0.5920
vn 0.7987 0.0592 -0.5987
vn 0.8404 0.1389 -0.5238
vn 0.8164 0.1974 -0.5427
vn 0.7305 0.1967 -0.6540
vn 0.7825 0.0952 -0.6153
vn 0.8964 -0.0897 -0.4341
vn -0.9320 0.0098 -0.3623
vn -0.7116 0.0460 -0.7011
vn -0.3600 -0.0054 -0.9329
vn -0.3414 -0.0159 -0.9398
vn -0.3658 0.0363 -0.9300
vn -0.3467 0.0569 -0.9362
vn -0.3077 0.0552 -0.9499
vn -0.1606 0.0640 -0.9849
vn 0.0347 0.0751 -0.9966
vn 0.1193 0.0740 -0.9901
vn 0.1517 0.0667 -0.9862
vn 0.1671 0.0532 -0.9845
vn 0.0175 0.0323 -0.9993
vn -0.2108 0.0192 -0.9773
vn -0.2599 0.0237 -0.9653
vn -0.2053 0.0322 -0.9782
vn -0.1447 0.0406 -0.9886
vn -0.0218 0.0513 -0.9984
vn 0.1793 0.0468 -0.9827
vn 0.3384 0.0144 -0.9409
vn 0.4122 -0.0133 -0.9110
vn 0.5547 0.0226 -0.8317
vn 0.7899 0.0744 -0.6087
vn 0.8437 0.0586 -0.5336
vn 0.8034 0.0521 -0.5932
vn 0.8363 0.1209 -0.5348
vn 0.8623 0.1927 -0.4683
vn 0.8105 0.2127 -0.5457
vn 0.7168 0.1983 -0.6685
vn 0.7234 0.1349 -0.6771
vn 0.8524 -0.0072 -0.5229
vn -0.9115 0.1607 -0.3785
vn -0.7480 0.1891 -0.6362
vn -0.4461 0.1185 -0.8871
vn -0.3395 0.0165 -0.9405
vn -0.3232 0.0124 -0.9463
vn -0.3283 0.0627 -0.9425
vn -0.3092 0.0863 -0.9471
vn -0.1612 0.0948 -0.9824
vn 0.0314 0.0972 -0.9948
vn 0.1062 0.0871 -0.9905
vn 0.1161 0.0541 -0.9918
vn 0.1049 -0.0088 -0.9944
vn -0.0026 -0.0501 -0.9987
vn -0.1657 -0.0254 -0.9859
vn -0.2256 0.0314 -0.9737
vn -0.1964 0.0610 -0.9786
vn -0.1357 0.0713 -0.9882
vn -0.0017 0.0845 -0.9964
vn 0.1773 0.0938 -0.9797
vn 0.3034 0.0763 -0.9498
vn 0.3926 0.0381 -0.9189
vn 0.6265 0.0309 -0.7788
vn 0.8198 0.0538 -0.5700
vn 0.8287 0.0734 -0.5549
vn 0.8356 0.1249 -0.5350
vn 0.8622 0.1931 -0.4684
vn 0.8662 0.2116 -0.4527
vn 0.7980 0.2102 -0.5648
vn 0.7021 0.1959 -0.6846
vn 0.6934 0.1742 -0.6992
vn 0.8004 0.0822 -0.5938
vn -0.9060 0.1973 -0.3745
vn -0.7888 0.2013 -0.5808
vn -0.5258 0.1855 -0.8301
vn -0.3944 0.1247 -0.9104
vn -0.3335 0.0522 -0.9413
vn -0.2940 0.0304 -0.9553
vn -0.2819 0.0744 -0.9565
vn -0.1599 0.1153 -0.9804
vn -0.0037 0.1042 -0.9945
vn 0.0509 0.0455 -0.9977
vn 0.0368 -0.0260 -0.9990
vn 0.0138 -0.0962 -0.9953
vn -0.0062 -0.1263 -0.9920
vn -0.0659 -0.0869 -0.9940
vn -0.1320 -0.0020 -0.9912
vn -0.1572 0.0715 -0.9850
vn -0.1255 0.1047 -0.9866
vn 0.0231 0.1196 -0.9926
vn 0.1945 0.1353 -0.9715
vn 0.2792 0.1357 -0.9506
vn 0.3759 0.1228 -0.9185
vn 0.6692 0.1047 -0.7357
vn 0.8424 0.1007 -0.5294
vn 0.8424 0.1558 -0.5158
vn 0.8606 0.2017 -0.4677
vn 0.8674 0.2154 -0.4485
vn 0.8609 0.2026 -0.4666
vn 0.7824 0.1924 -0.5922
vn 0.6929 0.1844 -0.6971
vn 0.6891 0.1790 -0.7022
vn 0.7488 0.1120 -0.6533
vn -0.9051 0.2710 -0.3276
vn -0.8321 0.2297 -0.5048
vn -0.5915 0.1992 -0.7813
vn -0.4259 0.1768 -0.8873
vn -0.3952 0.1454 -0.9070
vn -0.3268 0.0776 -0.9419
vn -0.2444 0.0495 -0.9684
vn -0.1464 0.0828 -0.9858
vn -0.0805 0.0626 -0.9948
vn -0.0549 -0.0181 -0.9983
vn -0.0383 -0.0805 -0.9960
vn -0.0300 -0.1001 -0.9945
vn -0.0074 -0.1012 -0.9948
vn 0.0024 -0.0907 -0.9959
vn -0.0184 -0.0455 -0.9988
vn -0.0625 0.0333 -0.9975
vn -0.0753 0.1101 -0.9911
vn 0.0575 0.1591 -0.9856
vn 0.2103 0.1729 -0.9622
vn 0.2593 0.1622 -0.9521
vn 0.3990 0.1558 -0.9036
vn 0.7205 0.1584 -0.6751
vn 0.8614 0.1754 -0.4767
vn 0.8591 0.2143 -0.4649
vn 0.8648 0.2216 -0.4506
vn 0.8655 0.2161 -0.4520
vn 0.8455 0.1984 -0.4957
vn 0.7593 0.1805 -0.6252
vn 0.6915 0.1754 -0.7008
vn 0.6898 0.1771 -0.7020
vn 0.7085 0.1464 -0.6904
vn -0.9046 0.3107 -0.2919
vn -0.8713 0.2869 -0.3981
vn -0.6553 0.2787 -0.7020
vn -0.4330 0.2567 -0.8641
vn -0.4235 0.2363 -0.8746
vn -0.3944 0.2083 -0.8950
vn -0.2798 0.1641 -0.9459
vn -0.1395 0.1349 -0.9810
vn -0.1406 0.1179 -0.9830
vn -0.1522 0.0846 -0.9847
vn -0.0936 0.0478 -0.9945
vn -0.0569 0.0210 -0.9982
vn -0.0248 0.0044 -0.9997
vn 0.0073 -0.0023 -1.0000
vn 0.0349 0.0038 -0.9994
vn 0.0394 0.0435 -0.9983
vn 0.0182 0.1169 -0.9930
vn 0.0858 0.1580 -0.9837
vn 0.1936 0.1340 -0.9719
vn 0.2476 0.0972 -0.9640
vn 0.4868 0.1006 -0.8677
vn 0.7971 0.1298 -0.5897
vn 0.8797 0.1667 -0.4453
vn 0.8721 0.1972 -0.4479
vn 0.8660 0.2156 -0.4513
vn 0.8627 0.2179 -0.4564
vn 0.8197 0.2093 -0.5331
vn 0.7280 0.1900 -0.6588
vn 0.6925 0.1741 -0.7001
vn 0.6908 0.1767 -0.7012
vn 0.6908 0.1789 -0.7006
vn -0.9179 0.2447 -0.3123
vn -0.8992 0.2613 -0.3509
vn -0.7191 0.3137 -0.6200
vn -0.4570 0.3191 -0.8302
vn -0.4178 0.3072 -0.8550
vn -0.4037 0.3214 -0.8566
vn -0.3415 0.3178 -0.8845
vn -0.1878 0.2800 -0.9414
vn -0.1564 0.2395 -0.9582
vn -0.1912 0.2278 -0.9548
vn -0.1443 0.2147 -0.9660
vn -0.1012 0.1930 -0.9760
vn -0.0584 0.1789 -0.9821
vn -0.0143 0.1734 -0.9847
vn 0.0312 0.1759 -0.9839
vn 0.0783 0.1858 -0.9795
vn 0.0715 0.2030 -0.9766
vn 0.0643 0.1950 -0.9787
vn 0.1305 0.1464 -0.9806
vn 0.2560 0.1189 -0.9593
vn 0.6058 0.1294 -0.7850
vn 0.8533 0.1271 -0.5058
vn 0.8877 0.1361 -0.4399
vn 0.8847 0.1480 -0.4419
vn 0.8760 0.1744 -0.4496
vn 0.8626 0.1890 -0.4693
vn 0.7908 0.1933 -0.5808
vn 0.7045 0.1831 -0.6857
vn 0.6935 0.1754 -0.6988
vn 0.6917 0.1787 -0.6998
vn 0.6914 0.1818 -0.6992
vn -0.9209 0.2036 -0.3325
vn -0.9062 0.2276 -0.3564
vn -0.7890 0.2720 -0.5509
vn -0.5245 0.2888 -0.8010
vn -0.4051 0.2887 -0.8675
vn -0.3806 0.3200 -0.8676
vn -0.3583 0.3452 -0.8675
vn -0.2664 0.3411 -0.9015
vn -0.1902 0.3016 -0.9343
vn -0.1954 0.2788 -0.9403
vn -0.1682 0.2839 -0.9440
vn -0.1239 0.2889 -0.9493
vn -0.0773 0.2936 -0.9528
vn -0.0285 0.2980 -0.9542
vn 0.0228 0.3019 -0.9531
vn 0.0762 0.3048 -0.9494
vn 0.0594 0.2995 -0.9522
vn 0.0147 0.2849 -0.9584
vn 0.0678 0.2632 -0.9624
vn 0.2918 0.2540 -0.9221
vn 0.6939 0.2104 -0.6886
vn 0.8705 0.1555 -0.4670
vn 0.8839 0.1382 -0.4469
vn 0.8875 0.1225 -0.4443
vn 0.8852 0.1241 -0.4483
vn 0.8577 0.1370 -0.4956
vn 0.7661 0.1611 -0.6223
vn 0.6975 0.1773 -0.6943
vn 0.6940 0.1798 -0.6971
vn 0.6923 0.1834 -0.6979
vn 0.6919 0.1868 -0.6974
vn -0.9143 0.2274 -0.3350
vn -0.8994 0.2524 -0.3569
vn -0.8425 0.2691 -0.4666
vn -0.6184 0.2953 -0.7283
vn -0.4069 0.2923 -0.8654
vn -0.3658 0.2938 -0.8831
vn -0.3404 0.3129 -0.8867
vn -0.2981 0.3357 -0.8936
vn -0.2377 0.3378 -0.9107
vn -0.2019 0.3272 -0.9232
vn -0.1710 0.3272 -0.9294
vn -0.1268 0.3334 -0.9342
vn -0.0801 0.3391 -0.9373
vn -0.0307 0.3441 -0.9384
vn 0.0215 0.3485 -0.9371
vn 0.0662 0.3457 -0.9360
vn 0.0283 0.3338 -0.9422
vn -0.0029 0.3268 -0.9451
vn 0.0497 0.3328 -0.9417
vn 0.3460 0.3275 -0.8792
vn 0.7428 0.2452 -0.6230
vn 0.8661 0.1791 -0.4667
vn 0.8755 0.1545 -0.4578
vn 0.8812 0.1328 -0.4537
vn 0.8837 0.1145 -0.4538
vn 0.8450 0.1253 -0.5199
vn 0.7495 0.1650 -0.6411
vn 0.6966 0.1843 -0.6933
vn 0.6941 0.1871 -0.6952
vn 0.6925 0.1903 -0.6959
vn 0.6920 0.1937 -0.6954
vn -0.9074 0.2506 -0.3373
vn -0.8921 0.2765 -0.3573
vn -0.8660 0.2983 -0.4013
vn -0.7218 0.3329 -0.6067
vn -0.4643 0.3385 -0.8185
vn -0.3621 0.3279 -0.8726
vn -0.3278 0.3370 -0.8826
vn -0.2939 0.3469 -0.8907
vn -0.2547 0.3577 -0.8985
vn -0.2128 0.3651 -0.9063
vn -0.1736 0.3710 -0.9123
vn -0.1296 0.3784 -0.9165
vn -0.0830 0.3850 -0.9192
vn -0.0334 0.3908 -0.9199
vn 0.0194 0.3955 -0.9182
vn 0.0361 0.3867 -0.9215
vn -0.0077 0.3689 -0.9294
vn -0.0003 0.3674 -0.9300
vn 0.0616 0.3813 -0.9224
vn 0.4036 0.3675 -0.8379
vn 0.7683 0.2614 -0.5842
vn 0.8560 0.2015 -0.4762
vn 0.8660 0.1753 -0.4682
vn 0.8725 0.1521 -0.4644
vn 0.8758 0.1321 -0.4642
vn 0.8288 0.1483 -0.5396
vn 0.7326 0.1865 -0.6546
vn 0.6952 0.1957 -0.6916
vn 0.6932 0.1974 -0.6932
vn 0.6919 0.1997 -0.6938
vn 0.6915 0.2027 -0.6934
vn -0.9002 0.2730 -0.3393
vn -0.8843 0.3002 -0.3575
vn -0.8638 0.3323 -0.3788
vn -0.7992 0.3654 -0.4773
vn -0.5941 0.3916 -0.7026
vn -0.3896 0.3770 -0.8403
vn -0.3275 0.3752 -0.8672
vn -0.2924 0.3858 -0.8750
vn -0.2554 0.3960 -0.8820
vn -0.2167 0.4057 -0.8879
vn -0.1759 0.4149 -0.8927
vn -0.1322 0.4235 -0.8962
vn -0.0861 0.4311 -0.8982
vn -0.0367 0.4375 -0.8985
vn 0.0097 0.4379 -0.8990
vn -0.0065 0.4242 -0.9055
vn -0.0351 0.4099 -0.9114
vn 0.0061 0.4129 -0.9107
vn 0.0980 0.4370 -0.8941
vn 0.4555 0.4230 -0.7833
vn 0.7699 0.2996 -0.5634
vn 0.8446 0.2278 -0.4846
vn 0.8554 0.2003 -0.4777
vn 0.8627 0.1757 -0.4742
vn 0.8661 0.1538 -0.4756
vn 0.8065 0.1778 -0.5639
vn 0.7104 0.2140 -0.6704
vn 0.6924 0.2110 -0.6900
vn 0.6910 0.2110 -0.6913
vn 0.6903 0.2120 -0.6918
vn 0.6948 0.2275 -0.6823
vn -0.8927 0.2939 -0.3416
vn -0.8760 0.3235 -0.3578
vn -0.8544 0.3584 -0.3761
vn -0.8241 0.3932 -0.4077
vn -0.7201 0.4334 -0.5418
vn -0.5112 0.4427 -0.7367
vn -0.3532 0.4218 -0.8351
vn -0.2924 0.4255 -0.8564
vn -0.2561 0.4371 -0.8622
vn -0.2181 0.4480 -0.8670
vn -0.1779 0.4583 -0.8708
vn -0.1348 0.4678 -0.8735
vn -0.0893 0.4762 -0.8748
vn -0.0404 0.4832 -0.8746
vn -0.0195 0.4763 -0.8791
vn -0.0514 0.4557 -0.8886
vn -0.0435 0.4497 -0.8921
vn 0.0106 0.4581 -0.8888
vn 0.1744 0.4823 -0.8585
vn 0.5081 0.4581 -0.7293
vn 0.7472 0.3488 -0.5657
vn 0.8308 0.2599 -0.4922
vn 0.8436 0.2289 -0.4858
vn 0.8518 0.2032 -0.4829
vn 0.8497 0.1798 -0.4956
vn 0.7755 0.2060 -0.5968
vn 0.6918 0.2359 -0.6825
vn 0.6878 0.2304 -0.6884
vn 0.6873 0.2284 -0.6896
vn 0.6907 0.2325 -0.6848
vn 0.7302 0.3058 -0.6109
vn -0.8847 0.3162 -0.3425
vn -0.8670 0.3481 -0.3565
vn -0.8445 0.3853 -0.3720
vn -0.8199 0.4227 -0.3861
vn -0.7789 0.4590 -0.4273
vn -0.6632 0.4945 -0.5618
vn -0.4798 0.4917 -0.7266
vn -0.3275 0.4728 -0.8181
vn -0.2565 0.4774 -0.8404
vn -0.2192 0.4895 -0.8440
vn -0.1798 0.5008 -0.8467
vn -0.1376 0.5110 -0.8485
vn -0.0926 0.5201 -0.8491
vn -0.0504 0.5235 -0.8505
vn -0.0613 0.5116 -0.8570
vn -0.0834 0.4998 -0.8621
vn -0.0442 0.5068 -0.8609
vn 0.0137 0.5206 -0.8537
vn 0.2612 0.5347 -0.8037
vn 0.5645 0.4978 -0.6584
vn 0.7227 0.4337 -0.5381
vn 0.7991 0.3452 -0.4922
vn 0.8222 0.2791 -0.4962
vn 0.8396 0.2340 -0.4902
vn 0.8206 0.2200 -0.5275
vn 0.7363 0.2447 -0.6309
vn 0.6813 0.2592 -0.6846
vn 0.6848 0.2556 -0.6824
vn 0.6980 0.2700 -0.6633
vn 0.7227 0.3539 -0.5937
vn 0.7676 0.5188 -0.3763
vn -0.8759 0.3432 -0.3392
vn -0.8582 0.3746 -0.3510
vn -0.8350 0.4118 -0.3648
vn -0.8109 0.4484 -0.3759
vn -0.7851 0.4838 -0.3867
vn -0.7395 0.5225 -0.4244
vn -0.6377 0.5544 -0.5347
vn -0.4769 0.5531 -0.6831
vn -0.3143 0.5333 -0.7854
vn -0.2267 0.5311 -0.8164
vn -0.1814 0.5418 -0.8207
vn -0.1403 0.5529 -0.8213
vn -0.0984 0.5611 -0.8219
vn -0.0815 0.5531 -0.8291
vn -0.0858 0.5437 -0.8349
vn -0.0688 0.5645 -0.8225
vn -0.0483 0.5904 -0.8057
vn 0.0295 0.6163 -0.7869
vn 0.3287 0.6269 -0.7064
vn 0.6070 0.5630 -0.5609
vn 0.7058 0.5126 -0.4889
vn 0.7422 0.4615 -0.4860
vn 0.7773 0.3890 -0.4945
vn 0.8090 0.3065 -0.5016
vn 0.7763 0.2811 -0.5643
vn 0.7114 0.3049 -0.6332
vn 0.7026 0.3411 -0.6245
vn 0.7162 0.4135 -0.5622
vn 0.7245 0.5174 -0.4554
vn 0.7239 0.6232 -0.2960
vn 0.7305 0.6714 -0.1249
vt 0.608787 0.563829
vt 0.610783 0.566367
vt 0.615096 0.565762
vt 0.612347 0.563004
vt 0.619510 0.564979
vt 0.616147 0.562029
vt 0.624058 0.564026
vt 0.620250 0.560898
vt 0.628716 0.562978
vt 0.624533 0.559703
vt 0.633546 0.561866
vt 0.629033 0.558462
vt 0.638559 0.560708
vt 0.633748 0.557192
vt 0.643760 0.559524
vt 0.638677 0.555909
vt 0.649160 0.558329
vt 0.643818 0.554624
vt 0.654769 0.557126
vt 0.649179 0.553340
vt 0.660596 0.555915
vt 0.654770 0.552057
vt 0.666654 0.554698
vt 0.660601 0.550774
vt 0.672952 0.553475
vt 0.666681 0.549491
vt 0.679501 0.552246
vt 0.673019 0.548208
vt 0.686312 0.551013
vt 0.679626 0.546925
vt 0.693396 0.549774
vt 0.686511 0.545641
vt 0.700767 0.548529
vt 0.693690 0.544352
vt 0.708460 0.547261
vt 0.701197 0.543042
vt 0.716512 0.545952
vt 0.709076 0.541691
vt 0.724963 0.544584
vt 0.717368 0.540280
vt 0.733850 0.543138
vt 0.726114 0.538788
vt 0.743212 0.541596
vt 0.735356 0.537196
vt 0.753087 0.539939
vt 0.745137 0.535483
vt 0.763514 0.538149
vt 0.755497 0.533631
vt 0.774541 0.536205
vt 0.766496 0.531613
vt 0.786259 0.534069
vt 0.778263 0.529381
vt 0.798771 0.531703
vt 0.790944 0.526879
vt 0.812178 0.529066
vt 0.804686 0.524053
vt 0.827408 0.525843
vt 0.821105 0.520357
vt 0.844138 0.522136
vt 0.840009 0.515848
vt 0.860594 0.518534
vt 0.858830 0.511382
vt 0.612673 0.569250
vt 0.617593 0.568813
vt 0.622501 0.568178
vt 0.627448 0.567375
vt 0.632477 0.566461
vt 0.637633 0.565470
vt 0.642935 0.564422
vt 0.648401 0.563337
vt 0.654049 0.562233
vt 0.659891 0.561113
vt 0.665940 0.559980
vt 0.672206 0.558834
vt 0.678702 0.557676
vt 0.685439 0.556508
vt 0.692429 0.555332
vt 0.699683 0.554148
vt 0.707217 0.552954
vt 0.715060 0.551738
vt 0.723245 0.550483
vt 0.731807 0.549172
vt 0.740778 0.547789
vt 0.750191 0.546317
vt 0.760081 0.544740
vt 0.770480 0.543042
vt 0.781423 0.541205
vt 0.792957 0.539208
vt 0.805129 0.537031
vt 0.817986 0.534653
vt 0.831808 0.531974
vt 0.846380 0.529060
vt 0.861009 0.526139
vt 0.614473 0.572517
vt 0.619842 0.572163
vt 0.625157 0.571622
vt 0.630477 0.570936
vt 0.635854 0.570142
vt 0.641318 0.569264
vt 0.646897 0.568322
vt 0.652616 0.567336
vt 0.658499 0.566324
vt 0.664561 0.565290
vt 0.670815 0.564236
vt 0.677272 0.563165
vt 0.683946 0.562078
vt 0.690849 0.560978
vt 0.697993 0.559865
vt 0.705392 0.558743
vt 0.713060 0.557610
vt 0.721021 0.556455
vt 0.729304 0.555264
vt 0.737935 0.554022
vt 0.746942 0.552716
vt 0.756352 0.551332
vt 0.766191 0.549855
vt 0.776488 0.548270
vt 0.787264 0.546567
vt 0.798526 0.544737
vt 0.810272 0.542776
vt 0.822505 0.540678
vt 0.835203 0.538445
vt 0.848266 0.536106
vt 0.861572 0.533696
vt 0.616148 0.576022
vt 0.621870 0.575732
vt 0.627538 0.575282
vt 0.633195 0.574699
vt 0.638881 0.574011
vt 0.644628 0.573237
vt 0.650466 0.572397
vt 0.656423 0.571508
vt 0.662526 0.570588
vt 0.668792 0.569641
vt 0.675233 0.568670
vt 0.681863 0.567678
vt 0.688695 0.566667
vt 0.695743 0.565639
vt 0.703020 0.564597
vt 0.710540 0.563543
vt 0.718316 0.562479
vt 0.726369 0.561393
vt 0.734718 0.560275
vt 0.743385 0.559114
vt 0.752389 0.557896
vt 0.761752 0.556612
vt 0.771493 0.555250
vt 0.781633 0.553797
vt 0.792184 0.552245
vt 0.803129 0.550595
vt 0.814439 0.548852
vt 0.826089 0.547020
vt 0.838043 0.545105
vt 0.850232 0.543126
vt 0.862577 0.541105
vt 0.617712 0.579765
vt 0.623723 0.579525
vt 0.629684 0.579147
vt 0.635626 0.578651
vt 0.641584 0.578055
vt 0.647585 0.577377
vt 0.653660 0.576634
vt 0.659838 0.575840
vt 0.666144 0.575012
vt 0.672596 0.574153
vt 0.679207 0.573267
vt 0.685992 0.572357
vt 0.692964 0.571426
vt 0.700137 0.570476
vt 0.707527 0.569510
vt 0.715145 0.568532
vt 0.723007 0.567542
vt 0.731127 0.566534
vt 0.739517 0.565497
vt 0.748192 0.564424
vt 0.757165 0.563305
vt 0.766449 0.562131
vt 0.776059 0.560893
vt 0.786008 0.559583
vt 0.796301 0.558193
vt 0.806910 0.556729
vt 0.817799 0.555199
vt 0.828931 0.553610
vt 0.840267 0.551971
vt 0.851759 0.550294
vt 0.863354 0.548591
vt 0.619153 0.583720
vt 0.625403 0.583518
vt 0.631606 0.583199
vt 0.637791 0.582776
vt 0.643984 0.582263
vt 0.650211 0.581673
vt 0.656500 0.581021
vt 0.662878 0.580320
vt 0.669368 0.579583
vt 0.675987 0.578812
vt 0.682750 0.578013
vt 0.689671 0.577188
vt 0.696765 0.576340
vt 0.704046 0.575473
vt 0.711528 0.574589
vt 0.719226 0.573692
vt 0.727154 0.572783
vt 0.735319 0.571858
vt 0.743730 0.570909
vt 0.752392 0.569931
vt 0.761314 0.568917
vt 0.770502 0.567859
vt 0.779964 0.566752
vt 0.789707 0.565589
vt 0.799731 0.564366
vt 0.810008 0.563088
vt 0.820503 0.561762
vt 0.831181 0.560396
vt 0.842006 0.558997
vt 0.852943 0.557574
vt 0.863953 0.556135
vt 0.620464 0.587860
vt 0.626911 0.587690
vt 0.633318 0.587419
vt 0.639707 0.587059
vt 0.646103 0.586620
vt 0.652528 0.586113
vt 0.659005 0.585548
vt 0.665560 0.584936
vt 0.672212 0.584287
vt 0.678979 0.583605
vt 0.685874 0.582893
vt 0.692914 0.582155
vt 0.700111 0.581394
vt 0.707482 0.580613
vt 0.715040 0.579816
vt 0.722801 0.579005
vt 0.730777 0.578183
vt 0.738971 0.577347
vt 0.747386 0.576492
vt 0.756022 0.575614
vt 0.764883 0.574708
vt 0.773969 0.573770
vt 0.783282 0.572795
vt 0.792824 0.571779
vt 0.802592 0.570719
vt 0.812561 0.569619
vt 0.822703 0.568485
vt 0.832990 0.567322
vt 0.843391 0.566137
vt 0.853880 0.564934
vt 0.864425 0.563720
vt 0.621634 0.592158
vt 0.628249 0.592016
vt 0.634828 0.591789
vt 0.641391 0.591486
vt 0.647959 0.591115
vt 0.654553 0.590684
vt 0.661193 0.590201
vt 0.667899 0.589675
vt 0.674690 0.589112
vt 0.681583 0.588517
vt 0.688592 0.587894
vt 0.695732 0.587244
vt 0.703017 0.586573
vt 0.710461 0.585882
vt 0.718080 0.585175
vt 0.725887 0.584455
vt 0.733896 0.583725
vt 0.742105 0.582983
vt 0.750513 0.582226
vt 0.759117 0.581451
vt 0.767914 0.580655
vt 0.776903 0.579836
vt 0.786080 0.578991
vt 0.795443 0.578116
vt 0.804986 0.577210
vt 0.814690 0.576277
vt 0.824531 0.575320
vt 0.834487 0.574342
vt 0.844535 0.573349
vt 0.854652 0.572343
vt 0.864814 0.571330
vt 0.622660 0.596594
vt 0.629415 0.596477
vt 0.636138 0.596291
vt 0.642847 0.596040
vt 0.649560 0.595731
vt 0.656295 0.595371
vt 0.663070 0.594966
vt 0.669903 0.594521
vt 0.676812 0.594043
vt 0.683811 0.593535
vt 0.690915 0.592999
vt 0.698138 0.592440
vt 0.705494 0.591860
vt 0.712997 0.591262
vt 0.720662 0.590649
vt 0.728504 0.590025
vt 0.736532 0.589392
vt 0.744746 0.588748
vt 0.753139 0.588092
vt 0.761706 0.587423
vt 0.770442 0.586738
vt 0.779341 0.586038
vt 0.788397 0.585318
vt 0.797606 0.584579
vt 0.806959 0.583820
vt 0.816441 0.583041
vt 0.826033 0.582246
vt 0.835716 0.581438
vt 0.845473 0.580619
vt 0.855285 0.579792
vt 0.865133 0.578960
vt 0.623538 0.601148
vt 0.630407 0.601054
vt 0.637248 0.600904
vt 0.644075 0.600701
vt 0.650907 0.600451
vt 0.657757 0.600158
vt 0.664643 0.599826
vt 0.671581 0.599460
vt 0.678585 0.599064
vt 0.685671 0.598642
vt 0.692852 0.598195
vt 0.700142 0.597727
vt 0.707554 0.597241
vt 0.715104 0.596739
vt 0.722804 0.596223
vt 0.730668 0.595698
vt 0.738707 0.595164
vt 0.746916 0.594622
vt 0.755289 0.594071
vt 0.763819 0.593509
vt 0.772496 0.592938
vt 0.781315 0.592354
vt 0.790268 0.591759
vt 0.799347 0.591151
vt 0.808543 0.590529
vt 0.817844 0.589896
vt 0.827233 0.589252
vt 0.836698 0.588599
vt 0.846221 0.587940
vt 0.855789 0.587275
vt 0.865387 0.586607
vt 0.624265 0.605800
vt 0.631223 0.605728
vt 0.638156 0.605611
vt 0.645078 0.605453
vt 0.652003 0.605257
vt 0.658944 0.605027
vt 0.665918 0.604765
vt 0.672938 0.604476
vt 0.680018 0.604161
vt 0.687172 0.603823
vt 0.694414 0.603466
vt 0.701756 0.603090
vt 0.709212 0.602699
vt 0.716796 0.602295
vt 0.724520 0.601880
vt 0.732398 0.601456
vt 0.740440 0.601025
vt 0.748640 0.600587
vt 0.756990 0.600143
vt 0.765483 0.599692
vt 0.774108 0.599234
vt 0.782858 0.598768
vt 0.791724 0.598294
vt 0.800697 0.597813
vt 0.809768 0.597323
vt 0.818927 0.596826
vt 0.828159 0.596323
vt 0.837453 0.595814
vt 0.846796 0.595302
vt 0.856177 0.594786
vt 0.865582 0.594269
vt 0.624836 0.610531
vt 0.631862 0.610478
vt 0.638864 0.610393
vt 0.645856 0.610277
vt 0.652850 0.610133
vt 0.659860 0.609962
vt 0.666900 0.609768
vt 0.673981 0.609553
vt 0.681118 0.609318
vt 0.688324 0.609065
vt 0.695611 0.608797
vt 0.702992 0.608515
vt 0.710480 0.608220
vt 0.718087 0.607915
vt 0.725827 0.607602
vt 0.733712 0.607282
vt 0.741751 0.606957
vt 0.749940 0.606626
vt 0.758268 0.606292
vt 0.766727 0.605952
vt 0.775308 0.605608
vt 0.784002 0.605258
vt 0.792799 0.604905
vt 0.801690 0.604546
vt 0.810667 0.604183
vt 0.819719 0.603816
vt 0.828834 0.603446
vt 0.838003 0.603073
vt 0.847215 0.602697
vt 0.856459 0.602320
vt 0.865724 0.601941
vt 0.625248 0.615321
vt 0.632320 0.615287
vt 0.639370 0.615231
vt 0.646410 0.615155
vt 0.653452 0.615060
vt 0.660509 0.614947
vt 0.667594 0.614819
vt 0.674718 0.614676
vt 0.681894 0.614520
vt 0.689135 0.614352
vt 0.696453 0.614173
vt 0.703860 0.613984
vt 0.711369 0.613787
vt 0.718992 0.613583
vt 0.726741 0.613374
vt 0.734628 0.613159
vt 0.742663 0.612942
vt 0.750839 0.612720
vt 0.759148 0.612496
vt 0.767581 0.612269
vt 0.776127 0.612039
vt 0.784778 0.611807
vt 0.793526 0.611572
vt 0.802359 0.611334
vt 0.811270 0.611094
vt 0.820249 0.610852
vt 0.829285 0.610609
vt 0.838370 0.610364
vt 0.847494 0.610118
vt 0.856646 0.609871
vt 0.865818 0.609623
vt 0.625498 0.620151
vt 0.632597 0.620134
vt 0.639674 0.620106
vt 0.646742 0.620068
vt 0.653812 0.620021
vt 0.660896 0.619965
vt 0.668006 0.619902
vt 0.675155 0.619830
vt 0.682354 0.619752
vt 0.689615 0.619668
vt 0.696951 0.619579
vt 0.704373 0.619485
vt 0.711894 0.619386
vt 0.719524 0.619284
vt 0.727277 0.619179
vt 0.735165 0.619071
vt 0.743195 0.618962
vt 0.751362 0.618851
vt 0.759658 0.618739
vt 0.768072 0.618625
vt 0.776596 0.618510
vt 0.785221 0.618394
vt 0.793938 0.618276
vt 0.802736 0.618158
vt 0.811609 0.618039
vt 0.820546 0.617919
vt 0.829537 0.617798
vt 0.838575 0.617676
vt 0.847649 0.617555
vt 0.856751 0.617433
vt 0.865871 0.617310
vt 0.625582 0.625000
vt 0.632690 0.625000
vt 0.639776 0.625000
vt 0.646852 0.625000
vt 0.653931 0.625000
vt 0.661024 0.625000
vt 0.668142 0.625000
vt 0.675299 0.625000
vt 0.682505 0.625000
vt 0.689773 0.625000
vt 0.697115 0.625000
vt 0.704542 0.625000
vt 0.712066 0.625000
vt 0.719699 0.625000
vt 0.727453 0.625000
vt 0.735340 0.625000
vt 0.743368 0.625000
vt 0.751531 0.625000
vt 0.759821 0.625000
vt 0.768229 0.625000
vt 0.776746 0.625000
vt 0.785361 0.625000
vt 0.794067 0.625000
vt 0.802855 0.625000
vt 0.811715 0.625000
vt 0.820638 0.625000
vt 0.829616 0.625000
vt 0.838638 0.625000
vt 0.847697 0.625000
vt 0.856783 0.625000
vt 0.865887 0.625000
vt 0.625498 0.629849
vt 0.632597 0.629866
vt 0.639674 0.629894
vt 0.646742 0.629932
vt 0.653812 0.629979
vt 0.660896 0.630035
vt 0.668006 0.630098
vt 0.675155 0.630170
vt 0.682354 0.630248
vt 0.689615 0.630332
vt 0.696951 0.630421
vt 0.704373 0.630516
vt 0.711894 0.630614
vt 0.719524 0.630716
vt 0.727277 0.630821
vt 0.735165 0.630929
vt 0.743195 0.631038
vt 0.751362 0.631149
vt 0.759658 0.631261
vt 0.768072 0.631375
vt 0.776596 0.631490
vt 0.785221 0.631606
vt 0.793937 0.631724
vt 0.802736 0.631842
vt 0.811609 0.631961
vt 0.820545 0.632081
vt 0.829537 0.632202
vt 0.838575 0.632324
vt 0.847649 0.632445
vt 0.856751 0.632568
vt 0.865871 0.632690
vt 0.625248 0.634679
vt 0.632321 0.634713
vt 0.639370 0.634769
vt 0.646410 0.634846
vt 0.653452 0.634940
vt 0.660509 0.635053
vt 0.667594 0.635181
vt 0.674718 0.635324
vt 0.681894 0.635480
vt 0.689135 0.635648
vt 0.696453 0.635827
vt 0.703861 0.636016
vt 0.711369 0.636213
vt 0.718992 0.636417
vt 0.726741 0.636626
vt 0.734628 0.636841
vt 0.742663 0.637058
vt 0.750840 0.637280
vt 0.759148 0.637504
vt 0.767581 0.637731
vt 0.776127 0.637961
vt 0.784778 0.638193
vt 0.793526 0.638428
vt 0.802359 0.638666
vt 0.811270 0.638906
vt 0.820249 0.639148
vt 0.829285 0.639391
vt 0.838370 0.639636
vt 0.847494 0.639883
vt 0.856647 0.640130
vt 0.865818 0.640377
vt 0.624836 0.639469
vt 0.631862 0.639522
vt 0.638864 0.639607
vt 0.645856 0.639723
vt 0.652850 0.639868
vt 0.659860 0.640038
vt 0.666900 0.640232
vt 0.673981 0.640447
vt 0.681118 0.640682
vt 0.688324 0.640935
vt 0.695611 0.641203
vt 0.702992 0.641486
vt 0.710480 0.641780
vt 0.718087 0.642085
vt 0.725827 0.642398
vt 0.733712 0.642718
vt 0.741751 0.643044
vt 0.749940 0.643374
vt 0.758268 0.643708
vt 0.766727 0.644048
vt 0.775308 0.644393
vt 0.784002 0.644742
vt 0.792799 0.645095
vt 0.801690 0.645454
vt 0.810667 0.645817
vt 0.819719 0.646184
vt 0.828834 0.646554
vt 0.838003 0.646927
vt 0.847215 0.647303
vt 0.856459 0.647680
vt 0.865724 0.648059
vt 0.624265 0.644200
vt 0.631223 0.644272
vt 0.638156 0.644389
vt 0.645078 0.644547
vt 0.652003 0.644743
vt 0.658944 0.644973
vt 0.665918 0.645235
vt 0.672938 0.645524
vt 0.680018 0.645839
vt 0.687172 0.646177
vt 0.694414 0.646534
vt 0.701756 0.646910
vt 0.709212 0.647301
vt 0.716796 0.647705
vt 0.724520 0.648121
vt 0.732398 0.648545
vt 0.740440 0.648975
vt 0.748640 0.649413
vt 0.756990 0.649857
vt 0.765483 0.650308
vt 0.774108 0.650766
vt 0.782858 0.651232
vt 0.791724 0.651706
vt 0.800697 0.652188
vt 0.809768 0.652677
vt 0.818927 0.653174
vt 0.828159 0.653678
vt 0.837453 0.654186
vt 0.846796 0.654698
vt 0.856177 0.655214
vt 0.865582 0.655731
vt 0.623538 0.648852
vt 0.630407 0.648946
vt 0.637247 0.649096
vt 0.644075 0.649299
vt 0.650907 0.649549
vt 0.657757 0.649842
vt 0.664643 0.650174
vt 0.671581 0.650540
vt 0.678585 0.650936
vt 0.685671 0.651359
vt 0.692852 0.651805
vt 0.700142 0.652273
vt 0.707554 0.652759
vt 0.715104 0.653262
vt 0.722804 0.653777
vt 0.730668 0.654302
vt 0.738707 0.654836
vt 0.746916 0.655378
vt 0.755289 0.655930
vt 0.763819 0.656491
vt 0.772496 0.657062
vt 0.781315 0.657646
vt 0.790268 0.658241
vt 0.799346 0.658849
vt 0.808543 0.659471
vt 0.817844 0.660105
vt 0.827233 0.660749
vt 0.836698 0.661401
vt 0.846221 0.662060
vt 0.855789 0.662725
vt 0.865387 0.663393
vt 0.622660 0.653406
vt 0.629415 0.653523
vt 0.636138 0.653710
vt 0.642847 0.653960
vt 0.649560 0.654269
vt 0.656295 0.654629
vt 0.663070 0.655034
vt 0.669903 0.655479
vt 0.676812 0.655957
vt 0.683811 0.656466
vt 0.690915 0.657001
vt 0.698138 0.657560
vt 0.705494 0.658140
vt 0.712997 0.658738
vt 0.720662 0.659351
vt 0.728504 0.659975
vt 0.736532 0.660609
vt 0.744746 0.661252
vt 0.753139 0.661908
vt 0.761706 0.662577
vt 0.770442 0.663262
vt 0.779341 0.663963
vt 0.788397 0.664682
vt 0.797606 0.665421
vt 0.806959 0.666181
vt 0.816441 0.666959
vt 0.826033 0.667754
vt 0.835716 0.668562
vt 0.845473 0.669381
vt 0.855285 0.670208
vt 0.865133 0.671040
vt 0.621634 0.657842
vt 0.628249 0.657984
vt 0.634828 0.658211
vt 0.641391 0.658514
vt 0.647959 0.658885
vt 0.654553 0.659316
vt 0.661193 0.659799
vt 0.667899 0.660325
vt 0.674690 0.660888
vt 0.681583 0.661483
vt 0.688592 0.662106
vt 0.695732 0.662756
vt 0.703017 0.663428
vt 0.710461 0.664119
vt 0.718080 0.664825
vt 0.725887 0.665545
vt 0.733896 0.666275
vt 0.742105 0.667017
vt 0.750513 0.667774
vt 0.759117 0.668549
vt 0.767914 0.669345
vt 0.776903 0.670164
vt 0.786080 0.671009
vt 0.795443 0.671884
vt 0.804986 0.672790
vt 0.814690 0.673723
vt 0.824531 0.674681
vt 0.834487 0.675658
vt 0.844535 0.676651
vt 0.854652 0.677657
vt 0.864814 0.678670
vt 0.620464 0.662140
vt 0.626911 0.662310
vt 0.633318 0.662581
vt 0.639707 0.662941
vt 0.646103 0.663380
vt 0.652528 0.663887
vt 0.659005 0.664452
vt 0.665560 0.665064
vt 0.672212 0.665713
vt 0.678979 0.666395
vt 0.685874 0.667107
vt 0.692914 0.667845
vt 0.700111 0.668606
vt 0.707482 0.669387
vt 0.715040 0.670184
vt 0.722801 0.670995
vt 0.730776 0.671817
vt 0.738971 0.672653
vt 0.747385 0.673508
vt 0.756022 0.674386
vt 0.764883 0.675292
vt 0.773969 0.676230
vt 0.783282 0.677205
vt 0.792824 0.678221
vt 0.802592 0.679281
vt 0.812561 0.680381
vt 0.822703 0.681515
vt 0.832990 0.682678
vt 0.843391 0.683864
vt 0.853880 0.685066
vt 0.864425 0.686280
vt 0.619153 0.666280
vt 0.625403 0.666482
vt 0.631606 0.666801
vt 0.637791 0.667225
vt 0.643984 0.667738
vt 0.650211 0.668327
vt 0.656500 0.668979
vt 0.662878 0.669680
vt 0.669368 0.670418
vt 0.675987 0.671188
vt 0.682750 0.671987
vt 0.689671 0.672812
vt 0.696765 0.673660
vt 0.704046 0.674528
vt 0.711528 0.675411
vt 0.719226 0.676308
vt 0.727154 0.677217
vt 0.735319 0.678142
vt 0.743730 0.679091
vt 0.752392 0.680069
vt 0.761314 0.681083
vt 0.770502 0.682141
vt 0.779964 0.683248
vt 0.789707 0.684411
vt 0.799731 0.685634
vt 0.810008 0.686912
vt 0.820503 0.688238
vt 0.831181 0.689604
vt 0.842006 0.691003
vt 0.852943 0.692426
vt 0.863953 0.693865
vt 0.617712 0.670235
vt 0.623723 0.670476
vt 0.629684 0.670853
vt 0.635626 0.671349
vt 0.641584 0.671945
vt 0.647586 0.672623
vt 0.653660 0.673367
vt 0.659838 0.674160
vt 0.666144 0.674989
vt 0.672596 0.675847
vt 0.679207 0.676733
vt 0.685992 0.677643
vt 0.692964 0.678574
vt 0.700137 0.679524
vt 0.707527 0.680490
vt 0.715145 0.681468
vt 0.723007 0.682458
vt 0.731127 0.683466
vt 0.739517 0.684503
vt 0.748192 0.685576
vt 0.757165 0.686695
vt 0.766449 0.687869
vt 0.776059 0.689107
vt 0.786008 0.690417
vt 0.796301 0.691807
vt 0.806910 0.693271
vt 0.817799 0.694801
vt 0.828931 0.696390
vt 0.840267 0.698029
vt 0.851759 0.699706
vt 0.863353 0.701409
vt 0.616148 0.673978
vt 0.621870 0.674269
vt 0.627538 0.674718
vt 0.633195 0.675301
vt 0.638881 0.675989
vt 0.644628 0.676763
vt 0.650466 0.677604
vt 0.656423 0.678492
vt 0.662526 0.679412
vt 0.668792 0.680359
vt 0.675233 0.681330
vt 0.681863 0.682322
vt 0.688695 0.683333
vt 0.695743 0.684361
vt 0.703020 0.685403
vt 0.710540 0.686457
vt 0.718316 0.687521
vt 0.726369 0.688607
vt 0.734718 0.689725
vt 0.743385 0.690887
vt 0.752389 0.692104
vt 0.761752 0.693388
vt 0.771493 0.694750
vt 0.781633 0.696203
vt 0.792184 0.697755
vt 0.803129 0.699405
vt 0.814439 0.701148
vt 0.826089 0.702980
vt 0.838043 0.704895
vt 0.850232 0.706874
vt 0.862577 0.708895
vt 0.614473 0.677483
vt 0.619842 0.677838
vt 0.625157 0.678378
vt 0.630477 0.679064
vt 0.635854 0.679858
vt 0.641318 0.680736
vt 0.646897 0.681678
vt 0.652616 0.682664
vt 0.658500 0.683676
vt 0.664561 0.684710
vt 0.670815 0.685764
vt 0.677272 0.686835
vt 0.683946 0.687922
vt 0.690849 0.689022
vt 0.697993 0.690135
vt 0.705392 0.691257
vt 0.713059 0.692390
vt 0.721021 0.693545
vt 0.729304 0.694736
vt 0.737935 0.695978
vt 0.746942 0.697284
vt 0.756352 0.698668
vt 0.766191 0.700146
vt 0.776488 0.701730
vt 0.787264 0.703433
vt 0.798526 0.705263
vt 0.810272 0.707224
vt 0.822505 0.709322
vt 0.835203 0.711555
vt 0.848266 0.713894
vt 0.861572 0.716304
vt 0.612673 0.680750
vt 0.617593 0.681187
vt 0.622501 0.681822
vt 0.627448 0.682625
vt 0.632477 0.683539
vt 0.637633 0.684530
vt 0.642935 0.685578
vt 0.648401 0.686663
vt 0.654049 0.687767
vt 0.659891 0.688887
vt 0.665940 0.690020
vt 0.672206 0.691166
vt 0.678702 0.692324
vt 0.685439 0.693492
vt 0.692429 0.694668
vt 0.699683 0.695853
vt 0.707217 0.697046
vt 0.715060 0.698262
vt 0.723245 0.699517
vt 0.731807 0.700828
vt 0.740778 0.702211
vt 0.750191 0.703683
vt 0.760081 0.705260
vt 0.770479 0.706958
vt 0.781423 0.708795
vt 0.792957 0.710792
vt 0.805129 0.712969
vt 0.817986 0.715347
vt 0.831808 0.718026
vt 0.846380 0.720940
vt 0.861009 0.723861
vt 0.610783 0.683633
vt 0.615096 0.684238
vt 0.619510 0.685020
vt 0.624058 0.685974
vt 0.628716 0.687022
vt 0.633546 0.688134
vt 0.638559 0.689292
vt 0.643760 0.690476
vt 0.649160 0.691671
vt 0.654768 0.692874
vt 0.660596 0.694085
vt 0.666654 0.695302
vt 0.672952 0.696525
vt 0.679501 0.697754
vt 0.686312 0.698987
vt 0.693396 0.700226
vt 0.700767 0.701471
vt 0.708460 0.702739
vt 0.716512 0.704048
vt 0.724963 0.705416
vt 0.733850 0.706862
vt 0.743212 0.708404
vt 0.753087 0.710061
vt 0.763514 0.711851
vt 0.774541 0.713796
vt 0.786259 0.715931
vt 0.798771 0.718298
vt 0.812178 0.720934
vt 0.827408 0.724157
vt 0.844138 0.727864
vt 0.860594 0.731466
vt 0.608787 0.686171
vt 0.612347 0.686996
vt 0.616147 0.687971
vt 0.620251 0.689102
vt 0.624533 0.690298
vt 0.629033 0.691538
vt 0.633748 0.692808
vt 0.638677 0.694091
vt 0.643818 0.695376
vt 0.649179 0.696660
vt 0.654770 0.697944
vt 0.660601 0.699226
vt 0.666681 0.700509
vt 0.673019 0.701792
vt 0.679626 0.703075
vt 0.686511 0.704360
vt 0.693690 0.705648
vt 0.701197 0.706958
vt 0.709076 0.708309
vt 0.717368 0.709720
vt 0.726114 0.711212
vt 0.735356 0.712804
vt 0.745137 0.714517
vt 0.755497 0.716369
vt 0.766496 0.718387
vt 0.778263 0.720619
vt 0.790944 0.723121
vt 0.804686 0.725947
vt 0.821105 0.729643
vt 0.840009 0.734152
vt 0.858830 0.738618
vt 0.604167 0.562500
vt 0.605310 0.564592
vt 0.606682 0.561481
vt 0.609401 0.560416
vt 0.612454 0.559269
vt 0.615969 0.558000
vt 0.619890 0.556645
vt 0.624065 0.555270
vt 0.628484 0.553886
vt 0.633134 0.552503
vt 0.638008 0.551131
vt 0.643110 0.549770
vt 0.648450 0.548418
vt 0.654036 0.547075
vt 0.659876 0.545739
vt 0.665980 0.544410
vt 0.672356 0.543085
vt 0.679012 0.541763
vt 0.685964 0.540441
vt 0.693248 0.539100
vt 0.700907 0.537721
vt 0.708984 0.536282
vt 0.717523 0.534764
vt 0.726566 0.533145
vt 0.736155 0.531406
vt 0.746335 0.529526
vt 0.757168 0.527477
vt 0.768799 0.525206
vt 0.781393 0.522650
vt 0.795115 0.519750
vt 0.812002 0.515816
vt 0.832462 0.510708
vt 0.854221 0.505184
vt 0.875000 0.507812
vt 0.875000 0.500000
vt 0.875000 0.515625
vt 0.875000 0.523438
vt 0.875000 0.531250
vt 0.875000 0.539062
vt 0.875000 0.546875
vt 0.875000 0.554688
vt 0.875000 0.562500
vt 0.875000 0.570313
vt 0.875000 0.578125
vt 0.875000 0.585938
vt 0.875000 0.593750
vt 0.875000 0.601563
vt 0.875000 0.609375
vt 0.875000 0.617188
vt 0.875000 0.625000
vt 0.875000 0.632813
vt 0.875000 0.640625
vt 0.875000 0.648438
vt 0.875000 0.656250
vt 0.875000 0.664063
vt 0.875000 0.671875
vt 0.875000 0.679688
vt 0.875000 0.687500
vt 0.875000 0.695312
vt 0.875000 0.703125
vt 0.875000 0.710938
vt 0.875000 0.718750
vt 0.875000 0.726563
vt 0.875000 0.734375
vt 0.875000 0.742188
vt 0.854221 0.744816
vt 0.875000 0.750000
vt 0.832462 0.739292
vt 0.812002 0.734184
vt 0.795115 0.730250
vt 0.781393 0.727350
vt 0.768799 0.724794
vt 0.757168 0.722523
vt 0.746335 0.720474
vt 0.736155 0.718594
vt 0.726566 0.716855
vt 0.717523 0.715236
vt 0.708984 0.713718
vt 0.700907 0.712279
vt 0.693248 0.710900
vt 0.685964 0.709559
vt 0.679012 0.708237
vt 0.672356 0.706915
vt 0.665980 0.705590
vt 0.659876 0.704261
vt 0.654036 0.702925
vt 0.648450 0.701582
vt 0.643110 0.700230
vt 0.638008 0.698869
vt 0.633134 0.697497
vt 0.628484 0.696114
vt 0.624065 0.694730
vt 0.619890 0.693355
vt 0.615969 0.692000
vt 0.612454 0.690731
vt 0.609401 0.689584
vt 0.606682 0.688519
vt 0.605310 0.685408
vt 0.604167 0.687500
vt 0.606475 0.683093
vt 0.607692 0.680447
vt 0.608994 0.677356
vt 0.610331 0.673876
vt 0.611617 0.670150
vt 0.612831 0.666210
vt 0.613952 0.662081
vt 0.614963 0.657793
vt 0.615856 0.653366
vt 0.616625 0.648820
vt 0.617266 0.644175
vt 0.617772 0.639451
vt 0.618141 0.634667
vt 0.618365 0.629843
vt 0.618441 0.625000
vt 0.618365 0.620157
vt 0.618141 0.615333
vt 0.617772 0.610549
vt 0.617265 0.605825
vt 0.616625 0.601180
vt 0.615856 0.596634
vt 0.614963 0.592207
vt 0.613952 0.587919
vt 0.612831 0.583791
vt 0.611617 0.579850
vt 0.610331 0.576125
vt 0.608994 0.572644
vt 0.607692 0.569553
vt 0.606475 0.566907
vt 0.141170 0.511382
vt 0.139406 0.518534
vt 0.155862 0.522136
vt 0.159991 0.515848
vt 0.172592 0.525843
vt 0.178895 0.520357
vt 0.187822 0.529066
vt 0.195314 0.524053
vt 0.201229 0.531703
vt 0.209056 0.526879
vt 0.213741 0.534069
vt 0.221737 0.529381
vt 0.225460 0.536205
vt 0.233504 0.531613
vt 0.236486 0.538149
vt 0.244503 0.533631
vt 0.246913 0.539939
vt 0.254863 0.535483
vt 0.256788 0.541596
vt 0.264644 0.537196
vt 0.266150 0.543138
vt 0.273886 0.538788
vt 0.275037 0.544584
vt 0.282632 0.540280
vt 0.283488 0.545952
vt 0.290924 0.541691
vt 0.291540 0.547261
vt 0.298803 0.543042
vt 0.299233 0.548529
vt 0.306310 0.544352
vt 0.306604 0.549774
vt 0.313489 0.545641
vt 0.313688 0.551013
vt 0.320374 0.546925
vt 0.320499 0.552247
vt 0.326981 0.548208
vt 0.327048 0.553475
vt 0.333319 0.549491
vt 0.333346 0.554698
vt 0.339399 0.550774
vt 0.339404 0.555915
vt 0.345230 0.552057
vt 0.345232 0.557125
vt 0.350821 0.553340
vt 0.350840 0.558329
vt 0.356182 0.554624
vt 0.356240 0.559524
vt 0.361323 0.555909
vt 0.361442 0.560708
vt 0.366252 0.557192
vt 0.366454 0.561866
vt 0.370967 0.558462
vt 0.371284 0.562978
vt 0.375467 0.559703
vt 0.375942 0.564026
vt 0.379750 0.560898
vt 0.380490 0.564979
vt 0.383853 0.562029
vt 0.384904 0.565762
vt 0.387653 0.563004
vt 0.389217 0.566367
vt 0.391213 0.563830
vt 0.138991 0.526139
vt 0.153620 0.529060
vt 0.168192 0.531974
vt 0.182015 0.534653
vt 0.194871 0.537031
vt 0.207043 0.539208
vt 0.218577 0.541205
vt 0.229521 0.543042
vt 0.239919 0.544740
vt 0.249809 0.546317
vt 0.259222 0.547789
vt 0.268193 0.549172
vt 0.276755 0.550483
vt 0.284940 0.551738
vt 0.292783 0.552954
vt 0.300317 0.554148
vt 0.307571 0.555332
vt 0.314561 0.556508
vt 0.321298 0.557676
vt 0.327794 0.558834
vt 0.334060 0.559980
vt 0.340109 0.561113
vt 0.345951 0.562233
vt 0.351599 0.563338
vt 0.357065 0.564422
vt 0.362367 0.565470
vt 0.367523 0.566461
vt 0.372552 0.567375
vt 0.377499 0.568178
vt 0.382408 0.568813
vt 0.387327 0.569250
vt 0.138428 0.533696
vt 0.151734 0.536106
vt 0.164797 0.538445
vt 0.177496 0.540678
vt 0.189728 0.542776
vt 0.201475 0.544737
vt 0.212736 0.546567
vt 0.223512 0.548270
vt 0.233809 0.549855
vt 0.243648 0.551332
vt 0.253058 0.552716
vt 0.262065 0.554022
vt 0.270696 0.555264
vt 0.278979 0.556455
vt 0.286941 0.557610
vt 0.294608 0.558743
vt 0.302007 0.559865
vt 0.309152 0.560978
vt 0.316054 0.562078
vt 0.322728 0.563165
vt 0.329185 0.564236
vt 0.335439 0.565290
vt 0.341501 0.566324
vt 0.347384 0.567336
vt 0.353103 0.568322
vt 0.358682 0.569264
vt 0.364146 0.570143
vt 0.369523 0.570936
vt 0.374843 0.571622
vt 0.380158 0.572163
vt 0.385527 0.572517
vt 0.137423 0.541105
vt 0.149768 0.543126
vt 0.161957 0.545105
vt 0.173911 0.547020
vt 0.185561 0.548852
vt 0.196871 0.550595
vt 0.207816 0.552245
vt 0.218367 0.553797
vt 0.228507 0.555250
vt 0.238248 0.556612
vt 0.247611 0.557896
vt 0.256615 0.559114
vt 0.265282 0.560275
vt 0.273631 0.561393
vt 0.281684 0.562479
vt 0.289460 0.563543
vt 0.296980 0.564597
vt 0.304257 0.565639
vt 0.311305 0.566667
vt 0.318137 0.567678
vt 0.324767 0.568670
vt 0.331208 0.569641
vt 0.337474 0.570588
vt 0.343577 0.571508
vt 0.349534 0.572397
vt 0.355372 0.573237
vt 0.361119 0.574011
vt 0.366805 0.574699
vt 0.372462 0.575282
vt 0.378130 0.575732
vt 0.383852 0.576022
vt 0.136647 0.548591
vt 0.148241 0.550294
vt 0.159733 0.551971
vt 0.171069 0.553610
vt 0.182201 0.555199
vt 0.193090 0.556729
vt 0.203699 0.558193
vt 0.213992 0.559583
vt 0.223941 0.560893
vt 0.233551 0.562131
vt 0.242835 0.563305
vt 0.251808 0.564424
vt 0.260483 0.565497
vt 0.268873 0.566534
vt 0.276993 0.567542
vt 0.284855 0.568532
vt 0.292474 0.569510
vt 0.299863 0.570476
vt 0.307036 0.571426
vt 0.314009 0.572357
vt 0.320793 0.573267
vt 0.327404 0.574153
vt 0.333856 0.575012
vt 0.340162 0.575840
vt 0.346340 0.576634
vt 0.352415 0.577377
vt 0.358416 0.578055
vt 0.364374 0.578651
vt 0.370317 0.579147
vt 0.376277 0.579525
vt 0.382288 0.579765
vt 0.136047 0.556135
vt 0.147058 0.557574
vt 0.157994 0.558997
vt 0.168819 0.560396
vt 0.179497 0.561762
vt 0.189992 0.563088
vt 0.200269 0.564366
vt 0.210293 0.565589
vt 0.220036 0.566752
vt 0.229498 0.567859
vt 0.238686 0.568917
vt 0.247608 0.569931
vt 0.256270 0.570909
vt 0.264681 0.571858
vt 0.272846 0.572783
vt 0.280774 0.573692
vt 0.288472 0.574589
vt 0.295955 0.575473
vt 0.303235 0.576340
vt 0.310329 0.577188
vt 0.317250 0.578013
vt 0.324013 0.578812
vt 0.330632 0.579582
vt 0.337122 0.580320
vt 0.343500 0.581021
vt 0.349789 0.581673
vt 0.356016 0.582262
vt 0.362209 0.582776
vt 0.368394 0.583199
vt 0.374597 0.583518
vt 0.380847 0.583720
vt 0.135575 0.563720
vt 0.146120 0.564934
vt 0.156609 0.566136
vt 0.167010 0.567322
vt 0.177297 0.568485
vt 0.187439 0.569619
vt 0.197408 0.570719
vt 0.207176 0.571779
vt 0.216718 0.572795
vt 0.226031 0.573770
vt 0.235117 0.574708
vt 0.243978 0.575614
vt 0.252615 0.576492
vt 0.261029 0.577347
vt 0.269224 0.578183
vt 0.277199 0.579005
vt 0.284960 0.579816
vt 0.292518 0.580613
vt 0.299889 0.581394
vt 0.307086 0.582155
vt 0.314126 0.582893
vt 0.321021 0.583605
vt 0.327788 0.584287
vt 0.334441 0.584936
vt 0.340995 0.585548
vt 0.347473 0.586113
vt 0.353898 0.586620
vt 0.360293 0.587059
vt 0.366682 0.587419
vt 0.373089 0.587690
vt 0.379536 0.587860
vt 0.135186 0.571330
vt 0.145348 0.572343
vt 0.155465 0.573349
vt 0.165513 0.574342
vt 0.175469 0.575319
vt 0.185310 0.576277
vt 0.195014 0.577211
vt 0.204557 0.578116
vt 0.213920 0.578991
vt 0.223097 0.579836
vt 0.232086 0.580655
vt 0.240883 0.581451
vt 0.249487 0.582226
vt 0.257895 0.582983
vt 0.266104 0.583725
vt 0.274113 0.584455
vt 0.281920 0.585175
vt 0.289539 0.585882
vt 0.296983 0.586573
vt 0.304268 0.587244
vt 0.311408 0.587894
vt 0.318417 0.588517
vt 0.325310 0.589112
vt 0.332101 0.589675
vt 0.338807 0.590201
vt 0.345447 0.590684
vt 0.352041 0.591115
vt 0.358609 0.591486
vt 0.365173 0.591789
vt 0.371751 0.592016
vt 0.378366 0.592158
vt 0.134867 0.578960
vt 0.144715 0.579792
vt 0.154527 0.580619
vt 0.164284 0.581438
vt 0.173967 0.582246
vt 0.183559 0.583041
vt 0.193041 0.583820
vt 0.202394 0.584579
vt 0.211603 0.585318
vt 0.220659 0.586037
vt 0.229558 0.586738
vt 0.238294 0.587423
vt 0.246861 0.588092
vt 0.255254 0.588748
vt 0.263468 0.589392
vt 0.271496 0.590025
vt 0.279338 0.590649
vt 0.287003 0.591262
vt 0.294507 0.591860
vt 0.301863 0.592440
vt 0.309085 0.592999
vt 0.316189 0.593535
vt 0.323188 0.594043
vt 0.330097 0.594521
vt 0.336930 0.594966
vt 0.343705 0.595371
vt 0.350440 0.595731
vt 0.357153 0.596040
vt 0.363862 0.596291
vt 0.370585 0.596477
vt 0.377340 0.596594
vt 0.134613 0.586607
vt 0.144211 0.587275
vt 0.153779 0.587940
vt 0.163303 0.588599
vt 0.172767 0.589252
vt 0.182156 0.589896
vt 0.191457 0.590529
vt 0.200654 0.591151
vt 0.209733 0.591759
vt 0.218685 0.592354
vt 0.227504 0.592938
vt 0.236182 0.593509
vt 0.244711 0.594071
vt 0.253084 0.594622
vt 0.261294 0.595164
vt 0.269332 0.595698
vt 0.277197 0.596223
vt 0.284896 0.596739
vt 0.292446 0.597241
vt 0.299858 0.597727
vt 0.307148 0.598195
vt 0.314329 0.598642
vt 0.321415 0.599064
vt 0.328419 0.599460
vt 0.335357 0.599826
vt 0.342243 0.600158
vt 0.349094 0.600451
vt 0.355925 0.600701
vt 0.362753 0.600904
vt 0.369593 0.601054
vt 0.376462 0.601148
vt 0.134418 0.594269
vt 0.143823 0.594786
vt 0.153204 0.595302
vt 0.162547 0.595814
vt 0.171841 0.596323
vt 0.181074 0.596826
vt 0.190232 0.597323
vt 0.199303 0.597812
vt 0.208276 0.598294
vt 0.217142 0.598768
vt 0.225892 0.599234
vt 0.234517 0.599692
vt 0.243010 0.600143
vt 0.251360 0.600588
vt 0.259561 0.601025
vt 0.267602 0.601456
vt 0.275480 0.601879
vt 0.283204 0.602295
vt 0.290788 0.602699
vt 0.298244 0.603090
vt 0.305586 0.603466
vt 0.312828 0.603823
vt 0.319982 0.604161
vt 0.327062 0.604476
vt 0.334082 0.604765
vt 0.341056 0.605027
vt 0.347998 0.605257
vt 0.354922 0.605453
vt 0.361844 0.605611
vt 0.368777 0.605728
vt 0.375735 0.605800
vt 0.134276 0.601942
vt 0.143541 0.602320
vt 0.152785 0.602697
vt 0.161997 0.603073
vt 0.171166 0.603446
vt 0.180281 0.603816
vt 0.189333 0.604183
vt 0.198310 0.604546
vt 0.207201 0.604905
vt 0.215999 0.605258
vt 0.224692 0.605608
vt 0.233273 0.605952
vt 0.241732 0.606292
vt 0.250060 0.606626
vt 0.258249 0.606957
vt 0.266288 0.607282
vt 0.274173 0.607602
vt 0.281913 0.607915
vt 0.289520 0.608220
vt 0.297008 0.608515
vt 0.304389 0.608797
vt 0.311676 0.609065
vt 0.318882 0.609318
vt 0.326019 0.609553
vt 0.333100 0.609768
vt 0.340140 0.609962
vt 0.347150 0.610133
vt 0.354144 0.610277
vt 0.361136 0.610393
vt 0.368138 0.610478
vt 0.375164 0.610531
vt 0.134182 0.609623
vt 0.143354 0.609871
vt 0.152506 0.610118
vt 0.161630 0.610364
vt 0.170715 0.610609
vt 0.179751 0.610852
vt 0.188730 0.611094
vt 0.197641 0.611334
vt 0.206475 0.611572
vt 0.215222 0.611807
vt 0.223873 0.612039
vt 0.232419 0.612269
vt 0.240852 0.612496
vt 0.249161 0.612720
vt 0.257337 0.612942
vt 0.265372 0.613159
vt 0.273259 0.613374
vt 0.281008 0.613583
vt 0.288631 0.613787
vt 0.296140 0.613984
vt 0.303547 0.614173
vt 0.310865 0.614352
vt 0.318106 0.614520
vt 0.325282 0.614676
vt 0.332406 0.614819
vt 0.339491 0.614947
vt 0.346548 0.615060
vt 0.353590 0.615155
vt 0.360630 0.615231
vt 0.367680 0.615287
vt 0.374752 0.615321
vt 0.134129 0.617310
vt 0.143249 0.617432
vt 0.152351 0.617555
vt 0.161425 0.617676
vt 0.170463 0.617798
vt 0.179455 0.617919
vt 0.188391 0.618039
vt 0.197264 0.618158
vt 0.206063 0.618276
vt 0.214779 0.618394
vt 0.223404 0.618510
vt 0.231928 0.618625
vt 0.240343 0.618739
vt 0.248638 0.618851
vt 0.256805 0.618962
vt 0.264835 0.619071
vt 0.272723 0.619179
vt 0.280476 0.619284
vt 0.288106 0.619386
vt 0.295627 0.619485
vt 0.303049 0.619579
vt 0.310385 0.619668
vt 0.317646 0.619752
vt 0.324845 0.619830
vt 0.331994 0.619902
vt 0.339104 0.619965
vt 0.346188 0.620021
vt 0.353258 0.620068
vt 0.360326 0.620106
vt 0.367403 0.620134
vt 0.374502 0.620151
vt 0.134113 0.625000
vt 0.143217 0.625000
vt 0.152303 0.625000
vt 0.161362 0.625000
vt 0.170385 0.625000
vt 0.179362 0.625000
vt 0.188285 0.625000
vt 0.197145 0.625000
vt 0.205933 0.625000
vt 0.214639 0.625000
vt 0.223255 0.625000
vt 0.231771 0.625000
vt 0.240179 0.625000
vt 0.248469 0.625000
vt 0.256633 0.625000
vt 0.264661 0.625000
vt 0.272547 0.625000
vt 0.280301 0.625000
vt 0.287934 0.625000
vt 0.295458 0.625000
vt 0.302885 0.625000
vt 0.310227 0.625000
vt 0.317495 0.625000
vt 0.324701 0.625000
vt 0.331858 0.625000
vt 0.338976 0.625000
vt 0.346069 0.625000
vt 0.353148 0.625000
vt 0.360224 0.625000
vt 0.367310 0.625000
vt 0.374418 0.625000
vt 0.134129 0.632690
vt 0.143249 0.632568
vt 0.152351 0.632445
vt 0.161425 0.632324
vt 0.170463 0.632202
vt 0.179455 0.632081
vt 0.188391 0.631961
vt 0.197264 0.631842
vt 0.206063 0.631724
vt 0.214779 0.631606
vt 0.223404 0.631490
vt 0.231928 0.631375
vt 0.240343 0.631261
vt 0.248638 0.631149
vt 0.256805 0.631038
vt 0.264835 0.630929
vt 0.272723 0.630821
vt 0.280476 0.630716
vt 0.288106 0.630614
vt 0.295627 0.630515
vt 0.303049 0.630421
vt 0.310385 0.630332
vt 0.317646 0.630248
vt 0.324845 0.630170
vt 0.331994 0.630098
vt 0.339104 0.630035
vt 0.346188 0.629979
vt 0.353258 0.629932
vt 0.360326 0.629894
vt 0.367403 0.629866
vt 0.374502 0.629849
vt 0.134182 0.640377
vt 0.143354 0.640130
vt 0.152506 0.639882
vt 0.161630 0.639636
vt 0.170715 0.639391
vt 0.179751 0.639148
vt 0.188730 0.638906
vt 0.197641 0.638666
vt 0.206475 0.638428
vt 0.215222 0.638193
vt 0.223873 0.637961
vt 0.232419 0.637731
vt 0.240852 0.637504
vt 0.249161 0.637280
vt 0.257337 0.637058
vt 0.265372 0.636841
vt 0.273259 0.636626
vt 0.281008 0.636416
vt 0.288631 0.636213
vt 0.296140 0.636016
vt 0.303547 0.635827
vt 0.310865 0.635648
vt 0.318106 0.635480
vt 0.325282 0.635324
vt 0.332406 0.635181
vt 0.339491 0.635053
vt 0.346548 0.634940
vt 0.353590 0.634846
vt 0.360630 0.634769
vt 0.367680 0.634713
vt 0.374752 0.634679
vt 0.134276 0.648059
vt 0.143541 0.647680
vt 0.152785 0.647303
vt 0.161997 0.646927
vt 0.171166 0.646554
vt 0.180281 0.646184
vt 0.189333 0.645817
vt 0.198310 0.645454
vt 0.207201 0.645095
vt 0.215999 0.644742
vt 0.224692 0.644392
vt 0.233273 0.644048
vt 0.241732 0.643708
vt 0.250060 0.643374
vt 0.258249 0.643043
vt 0.266288 0.642718
vt 0.274173 0.642398
vt 0.281913 0.642085
vt 0.289520 0.641780
vt 0.297008 0.641486
vt 0.304389 0.641203
vt 0.311676 0.640935
vt 0.318882 0.640682
vt 0.326019 0.640447
vt 0.333101 0.640232
vt 0.340140 0.640038
vt 0.347150 0.639868
vt 0.354144 0.639723
vt 0.361136 0.639607
vt 0.368138 0.639522
vt 0.375164 0.639469
vt 0.134418 0.655731
vt 0.143823 0.655214
vt 0.153204 0.654698
vt 0.162547 0.654186
vt 0.171841 0.653678
vt 0.181074 0.653174
vt 0.190232 0.652677
vt 0.199303 0.652188
vt 0.208276 0.651706
vt 0.217142 0.651232
vt 0.225892 0.650766
vt 0.234517 0.650308
vt 0.243010 0.649857
vt 0.251360 0.649413
vt 0.259561 0.648975
vt 0.267602 0.648544
vt 0.275480 0.648121
vt 0.283204 0.647705
vt 0.290788 0.647301
vt 0.298244 0.646910
vt 0.305586 0.646534
vt 0.312828 0.646177
vt 0.319982 0.645839
vt 0.327062 0.645525
vt 0.334082 0.645235
vt 0.341056 0.644973
vt 0.347998 0.644743
vt 0.354922 0.644547
vt 0.361844 0.644389
vt 0.368777 0.644272
vt 0.375735 0.644200
vt 0.134613 0.663393
vt 0.144211 0.662725
vt 0.153779 0.662060
vt 0.163303 0.661401
vt 0.172767 0.660748
vt 0.182156 0.660105
vt 0.191457 0.659471
vt 0.200654 0.658849
vt 0.209733 0.658241
vt 0.218685 0.657646
vt 0.227504 0.657062
vt 0.236182 0.656491
vt 0.244711 0.655930
vt 0.253084 0.655378
vt 0.261294 0.654836
vt 0.269332 0.654302
vt 0.277197 0.653777
vt 0.284896 0.653262
vt 0.292446 0.652759
vt 0.299858 0.652273
vt 0.307148 0.651805
vt 0.314329 0.651359
vt 0.321415 0.650936
vt 0.328419 0.650540
vt 0.335357 0.650174
vt 0.342243 0.649842
vt 0.349094 0.649549
vt 0.355925 0.649299
vt 0.362753 0.649096
vt 0.369593 0.648946
vt 0.376462 0.648852
vt 0.134867 0.671040
vt 0.144715 0.670208
vt 0.154527 0.669381
vt 0.164284 0.668562
vt 0.173967 0.667754
vt 0.183559 0.666959
vt 0.193041 0.666181
vt 0.202394 0.665421
vt 0.211603 0.664682
vt 0.220659 0.663963
vt 0.229558 0.663262
vt 0.238294 0.662577
vt 0.246861 0.661908
vt 0.255254 0.661252
vt 0.263468 0.660609
vt 0.271496 0.659975
vt 0.279338 0.659351
vt 0.287003 0.658738
vt 0.294507 0.658140
vt 0.301863 0.657560
vt 0.309085 0.657001
vt 0.316189 0.656466
vt 0.323188 0.655957
vt 0.330097 0.655479
vt 0.336930 0.655034
vt 0.343705 0.654629
vt 0.350440 0.654269
vt 0.357153 0.653960
vt 0.363862 0.653710
vt 0.370585 0.653523
vt 0.377340 0.653406
vt 0.135186 0.678670
vt 0.145348 0.677657
vt 0.155465 0.676651
vt 0.165513 0.675658
vt 0.175469 0.674681
vt 0.185310 0.673723
vt 0.195014 0.672790
vt 0.204557 0.671884
vt 0.213920 0.671009
vt 0.223097 0.670164
vt 0.232086 0.669345
vt 0.240883 0.668549
vt 0.249487 0.667774
vt 0.257895 0.667017
vt 0.266104 0.666275
vt 0.274113 0.665545
vt 0.281920 0.664825
vt 0.289539 0.664118
vt 0.296984 0.663428
vt 0.304268 0.662756
vt 0.311408 0.662106
vt 0.318417 0.661483
vt 0.325310 0.660888
vt 0.332102 0.660325
vt 0.338807 0.659799
vt 0.345447 0.659316
vt 0.352041 0.658885
vt 0.358609 0.658514
vt 0.365173 0.658211
vt 0.371751 0.657984
vt 0.378366 0.657842
vt 0.135575 0.686280
vt 0.146120 0.685066
vt 0.156609 0.683864
vt 0.167010 0.682678
vt 0.177297 0.681515
vt 0.187439 0.680381
vt 0.197408 0.679281
vt 0.207176 0.678221
vt 0.216718 0.677205
vt 0.226031 0.676230
vt 0.235117 0.675292
vt 0.243978 0.674386
vt 0.252615 0.673508
vt 0.261029 0.672653
vt 0.269224 0.671817
vt 0.277199 0.670995
vt 0.284960 0.670184
vt 0.292518 0.669387
vt 0.299889 0.668606
vt 0.307086 0.667845
vt 0.314126 0.667107
vt 0.321021 0.666395
vt 0.327788 0.665713
vt 0.334441 0.665064
vt 0.340995 0.664452
vt 0.347473 0.663887
vt 0.353898 0.663380
vt 0.360293 0.662941
vt 0.366682 0.662581
vt 0.373089 0.662310
vt 0.379536 0.662140
vt 0.136047 0.693865
vt 0.147058 0.692426
vt 0.157994 0.691003
vt 0.168819 0.689604
vt 0.179497 0.688238
vt 0.189992 0.686912
vt 0.200269 0.685634
vt 0.210293 0.684411
vt 0.220036 0.683248
vt 0.229498 0.682141
vt 0.238686 0.681083
vt 0.247608 0.680069
vt 0.256270 0.679091
vt 0.264681 0.678142
vt 0.272846 0.677217
vt 0.280774 0.676308
vt 0.288472 0.675411
vt 0.295955 0.674528
vt 0.303235 0.673660
vt 0.310329 0.672812
vt 0.317250 0.671987
vt 0.324013 0.671188
vt 0.330632 0.670418
vt 0.337122 0.669680
vt 0.343500 0.668979
vt 0.349789 0.668327
vt 0.356017 0.667738
vt 0.362209 0.667225
vt 0.368394 0.666801
vt 0.374597 0.666482
vt 0.380847 0.666280
vt 0.136647 0.701409
vt 0.148241 0.699706
vt 0.159733 0.698029
vt 0.171069 0.696390
vt 0.182201 0.694801
vt 0.193090 0.693271
vt 0.203699 0.691807
vt 0.213992 0.690417
vt 0.223941 0.689107
vt 0.233551 0.687869
vt 0.242835 0.686695
vt 0.251808 0.685576
vt 0.260483 0.684503
vt 0.268873 0.683466
vt 0.276993 0.682458
vt 0.284855 0.681468
vt 0.292474 0.680490
vt 0.299863 0.679524
vt 0.307036 0.678574
vt 0.314009 0.677643
vt 0.320793 0.676733
vt 0.327404 0.675847
vt 0.333856 0.674989
vt 0.340162 0.674160
vt 0.346340 0.673366
vt 0.352415 0.672623
vt 0.358416 0.671945
vt 0.364374 0.671349
vt 0.370317 0.670853
vt 0.376277 0.670476
vt 0.382288 0.670235
vt 0.137423 0.708895
vt 0.149768 0.706874
vt 0.161957 0.704895
vt 0.173911 0.702980
vt 0.185561 0.701148
vt 0.196871 0.699405
vt 0.207816 0.697755
vt 0.218367 0.696203
vt 0.228507 0.694750
vt 0.238248 0.693388
vt 0.247611 0.692104
vt 0.256615 0.690887
vt 0.265282 0.689725
vt 0.273631 0.688607
vt 0.281684 0.687521
vt 0.289460 0.686457
vt 0.296980 0.685403
vt 0.304257 0.684361
vt 0.311305 0.683333
vt 0.318137 0.682322
vt 0.324767 0.681330
vt 0.331208 0.680359
vt 0.337474 0.679412
vt 0.343577 0.678492
vt 0.349534 0.677604
vt 0.355372 0.676763
vt 0.361119 0.675989
vt 0.366805 0.675301
vt 0.372462 0.674718
vt 0.378130 0.674269
vt 0.383852 0.673978
vt 0.138428 0.716304
vt 0.151734 0.713894
vt 0.164797 0.711555
vt 0.177496 0.709322
vt 0.189728 0.707224
vt 0.201475 0.705263
vt 0.212736 0.703433
vt 0.223512 0.701730
vt 0.233809 0.700145
vt 0.243648 0.698668
vt 0.253058 0.697284
vt 0.262065 0.695978
vt 0.270696 0.694736
vt 0.278979 0.693545
vt 0.286941 0.692390
vt 0.294608 0.691257
vt 0.302007 0.690135
vt 0.309152 0.689022
vt 0.316054 0.687922
vt 0.322728 0.686835
vt 0.329185 0.685764
vt 0.335439 0.684710
vt 0.341501 0.683676
vt 0.347384 0.682664
vt 0.353103 0.681678
vt 0.358682 0.680736
vt 0.364146 0.679858
vt 0.369523 0.679064
vt 0.374843 0.678378
vt 0.380158 0.677838
vt 0.385527 0.677483
vt 0.138991 0.723861
vt 0.153620 0.720940
vt 0.168192 0.718026
vt 0.182015 0.715347
vt 0.194871 0.712969
vt 0.207043 0.710792
vt 0.218577 0.708796
vt 0.229521 0.706958
vt 0.239919 0.705260
vt 0.249809 0.703683
vt 0.259222 0.702211
vt 0.268193 0.700828
vt 0.276755 0.699517
vt 0.284940 0.698262
vt 0.292783 0.697046
vt 0.300317 0.695853
vt 0.307571 0.694668
vt 0.314561 0.693492
vt 0.321298 0.692324
vt 0.327794 0.691167
vt 0.334060 0.690020
vt 0.340109 0.688887
vt 0.345951 0.687767
vt 0.351599 0.686663
vt 0.357065 0.685578
vt 0.362367 0.684530
vt 0.367523 0.683539
vt 0.372552 0.682625
vt 0.377499 0.681822
vt 0.382408 0.681187
vt 0.387327 0.680750
vt 0.139406 0.731466
vt 0.155862 0.727864
vt 0.172592 0.724157
vt 0.187822 0.720934
vt 0.201229 0.718298
vt 0.213741 0.715931
vt 0.225459 0.713796
vt 0.236486 0.711851
vt 0.246913 0.710061
vt 0.256788 0.708404
vt 0.266150 0.706862
vt 0.275037 0.705416
vt 0.283488 0.704048
vt 0.291540 0.702739
vt 0.299233 0.701471
vt 0.306604 0.700226
vt 0.313688 0.698987
vt 0.320499 0.697754
vt 0.327048 0.696525
vt 0.333346 0.695302
vt 0.339404 0.694085
vt 0.345232 0.692875
vt 0.350840 0.691671
vt 0.356240 0.690476
vt 0.361442 0.689292
vt 0.366454 0.688134
vt 0.371284 0.687022
vt 0.375942 0.685974
vt 0.380490 0.685021
vt 0.384904 0.684238
vt 0.389217 0.683633
vt 0.141170 0.738618
vt 0.159991 0.734152
vt 0.178895 0.729643
vt 0.195314 0.725947
vt 0.209056 0.723121
vt 0.221737 0.720619
vt 0.233504 0.718387
vt 0.244503 0.716369
vt 0.254863 0.714517
vt 0.264644 0.712804
vt 0.273886 0.711212
vt 0.282633 0.709720
vt 0.290924 0.708309
vt 0.298803 0.706958
vt 0.306310 0.705648
vt 0.313489 0.704360
vt 0.320374 0.703075
vt 0.326981 0.701792
vt 0.333319 0.700509
vt 0.339399 0.699226
vt 0.345230 0.697944
vt 0.350821 0.696660
vt 0.356182 0.695377
vt 0.361323 0.694092
vt 0.366252 0.692808
vt 0.370967 0.691538
vt 0.375467 0.690298
vt 0.379750 0.689102
vt 0.383853 0.687972
vt 0.387653 0.686996
vt 0.391213 0.686171
vt 0.125000 0.500000
vt 0.125000 0.507812
vt 0.145779 0.505184
vt 0.167538 0.510708
vt 0.187998 0.515816
vt 0.204885 0.519750
vt 0.218607 0.522650
vt 0.231201 0.525206
vt 0.242832 0.527477
vt 0.253665 0.529526
vt 0.263845 0.531406
vt 0.273435 0.533145
vt 0.282477 0.534764
vt 0.291016 0.536282
vt 0.299093 0.537721
vt 0.306752 0.539100
vt 0.314036 0.540441
vt 0.320988 0.541763
vt 0.327644 0.543085
vt 0.334020 0.544410
vt 0.340124 0.545739
vt 0.345964 0.547075
vt 0.351550 0.548418
vt 0.356890 0.549770
vt 0.361992 0.551131
vt 0.366866 0.552503
vt 0.371516 0.553886
vt 0.375935 0.555270
vt 0.380110 0.556645
vt 0.384031 0.558000
vt 0.387546 0.559269
vt 0.390599 0.560416
vt 0.393318 0.561481
vt 0.394690 0.564592
vt 0.395833 0.562500
vt 0.393525 0.566907
vt 0.392308 0.569553
vt 0.391006 0.572644
vt 0.389670 0.576125
vt 0.388384 0.579850
vt 0.387169 0.583791
vt 0.386048 0.587919
vt 0.385037 0.592207
vt 0.384144 0.596634
vt 0.383375 0.601180
vt 0.382735 0.605825
vt 0.382228 0.610549
vt 0.381859 0.615333
vt 0.381635 0.620157
vt 0.381559 0.625000
vt 0.381635 0.629843
vt 0.381859 0.634667
vt 0.382228 0.639451
vt 0.382735 0.644175
vt 0.383375 0.648820
vt 0.384144 0.653366
vt 0.385037 0.657793
vt 0.386048 0.662081
vt 0.387169 0.666210
vt 0.388384 0.670150
vt 0.389670 0.673876
vt 0.391006 0.677356
vt 0.392308 0.680447
vt 0.393525 0.683093
vt 0.394690 0.685408
vt 0.393318 0.688519
vt 0.395833 0.687500
vt 0.390599 0.689584
vt 0.387546 0.690731
vt 0.384031 0.692000
vt 0.380110 0.693355
vt 0.375935 0.694730
vt 0.371516 0.696114
vt 0.366866 0.697497
vt 0.361992 0.698869
vt 0.356890 0.700230
vt 0.351550 0.701582
vt 0.345964 0.702925
vt 0.340124 0.704261
vt 0.334020 0.705590
vt 0.327644 0.706915
vt 0.320988 0.708237
vt 0.314036 0.709559
vt 0.306752 0.710900
vt 0.299093 0.712279
vt 0.291016 0.713718
vt 0.282477 0.715236
vt 0.273435 0.716855
vt 0.263845 0.718594
vt 0.253665 0.720474
vt 0.242832 0.722523
vt 0.231201 0.724794
vt 0.218607 0.727350
vt 0.204885 0.730250
vt 0.187998 0.734184
vt 0.167538 0.739292
vt 0.145779 0.744816
vt 0.125000 0.742188
vt 0.125000 0.750000
vt 0.125000 0.734375
vt 0.125000 0.726563
vt 0.125000 0.718750
vt 0.125000 0.710938
vt 0.125000 0.703125
vt 0.125000 0.695312
vt 0.125000 0.687500
vt 0.125000 0.679688
vt 0.125000 0.671875
vt 0.125000 0.664063
vt 0.125000 0.656250
vt 0.125000 0.648438
vt 0.125000 0.640625
vt 0.125000 0.632813
vt 0.125000 0.625000
vt 0.125000 0.617188
vt 0.125000 0.609375
vt 0.125000 0.601563
vt 0.125000 0.593750
vt 0.125000 0.585938
vt 0.125000 0.578125
vt 0.125000 0.570313
vt 0.125000 0.562500
vt 0.125000 0.554688
vt 0.125000 0.546875
vt 0.125000 0.539062
vt 0.125000 0.531250
vt 0.125000 0.523438
vt 0.125000 0.515625
vt 0.148438 0.507813
vt 0.171875 0.507812
vt 0.171875 0.515625
vt 0.148438 0.515625
vt 0.171875 0.523438
vt 0.148438 0.523438
vt 0.171875 0.531250
vt 0.148438 0.531250
vt 0.171875 0.539063
vt 0.148438 0.539062
vt 0.171875 0.546875
vt 0.148438 0.546875
vt 0.171875 0.554688
vt 0.148438 0.554688
vt 0.171875 0.562500
vt 0.148438 0.562500
vt 0.171875 0.570313
vt 0.148438 0.570313
vt 0.171875 0.578125
vt 0.148437 0.578125
vt 0.171875 0.585938
vt 0.148438 0.585938
vt 0.171875 0.593750
vt 0.148438 0.593750
vt 0.171875 0.601562
vt 0.148438 0.601563
vt 0.171875 0.609375
vt 0.148438 0.609375
vt 0.171875 0.617188
vt 0.148438 0.617188
vt 0.171875 0.625000
vt 0.148438 0.625000
vt 0.171875 0.632813
vt 0.148438 0.632812
vt 0.171875 0.640625
vt 0.148437 0.640625
vt 0.171875 0.648438
vt 0.148438 0.648438
vt 0.171875 0.656250
vt 0.148438 0.656250
vt 0.171875 0.664063
vt 0.148438 0.664063
vt 0.171875 0.671875
vt 0.148438 0.671875
vt 0.171875 0.679688
vt 0.148438 0.679687
vt 0.171875 0.687500
vt 0.148438 0.687500
vt 0.171875 0.695313
vt 0.148438 0.695312
vt 0.171875 0.703125
vt 0.148438 0.703125
vt 0.171875 0.710938
vt 0.148438 0.710938
vt 0.171875 0.718750
vt 0.148438 0.718750
vt 0.171875 0.726563
vt 0.148438 0.726562
vt 0.171875 0.734375
vt 0.148438 0.734375
vt 0.171875 0.742188
vt 0.148438 0.742188
vt 0.195312 0.507813
vt 0.195313 0.515625
vt 0.195312 0.523438
vt 0.195313 0.531250
vt 0.195312 0.539062
vt 0.195313 0.546875
vt 0.195312 0.554688
vt 0.195313 0.562500
vt 0.195313 0.570312
vt 0.195313 0.578125
vt 0.195313 0.585938
vt 0.195313 0.593750
vt 0.195313 0.601563
vt 0.195313 0.609375
vt 0.195313 0.617188
vt 0.195313 0.625000
vt 0.195313 0.632813
vt 0.195313 0.640625
vt 0.195313 0.648438
vt 0.195313 0.656250
vt 0.195313 0.664063
vt 0.195313 0.671875
vt 0.195313 0.679688
vt 0.195313 0.687500
vt 0.195312 0.695312
vt 0.195313 0.703125
vt 0.195312 0.710938
vt 0.195313 0.718750
vt 0.195312 0.726562
vt 0.195313 0.734375
vt 0.195312 0.742188
vt 0.218750 0.507813
vt 0.218750 0.515625
vt 0.218750 0.523438
vt 0.218750 0.531250
vt 0.218750 0.539062
vt 0.218750 0.546875
vt 0.218750 0.554688
vt 0.218750 0.562500
vt 0.218750 0.570313
vt 0.218750 0.578125
vt 0.218750 0.585938
vt 0.218750 0.593750
vt 0.218750 0.601563
vt 0.218750 0.609375
vt 0.218750 0.617188
vt 0.218750 0.625000
vt 0.218750 0.632813
vt 0.218750 0.640625
vt 0.218750 0.648438
vt 0.218750 0.656250
vt 0.218750 0.664063
vt 0.218750 0.671875
vt 0.218750 0.679688
vt 0.218750 0.687500
vt 0.218750 0.695312
vt 0.218750 0.703125
vt 0.218750 0.710938
vt 0.218750 0.718750
vt 0.218750 0.726563
vt 0.218750 0.734375
vt 0.218750 0.742188
vt 0.242188 0.507813
vt 0.242188 0.515625
vt 0.242188 0.523438
vt 0.242188 0.531250
vt 0.242188 0.539062
vt 0.242188 0.546875
vt 0.242188 0.554688
vt 0.242188 0.562500
vt 0.242188 0.570312
vt 0.242188 0.578125
vt 0.242188 0.585938
vt 0.242188 0.593750
vt 0.242188 0.601562
vt 0.242188 0.609375
vt 0.242187 0.617188
vt 0.242188 0.625000
vt 0.242188 0.632813
vt 0.242188 0.640625
vt 0.242188 0.648438
vt 0.242188 0.656250
vt 0.242188 0.664062
vt 0.242188 0.671875
vt 0.242187 0.679688
vt 0.242188 0.687500
vt 0.242188 0.695313
vt 0.242188 0.703125
vt 0.242188 0.710938
vt 0.242188 0.718750
vt 0.242188 0.726562
vt 0.242188 0.734375
vt 0.242188 0.742188
vt 0.265625 0.507813
vt 0.265625 0.515625
vt 0.265625 0.523438
vt 0.265625 0.531250
vt 0.265625 0.539062
vt 0.265625 0.546875
vt 0.265625 0.554688
vt 0.265625 0.562500
vt 0.265625 0.570313
vt 0.265625 0.578125
vt 0.265625 0.585938
vt 0.265625 0.593750
vt 0.265625 0.601563
vt 0.265625 0.609375
vt 0.265625 0.617188
vt 0.265625 0.625000
vt 0.265625 0.632813
vt 0.265625 0.640625
vt 0.265625 0.648438
vt 0.265625 0.656250
vt 0.265625 0.664063
vt 0.265625 0.671875
vt 0.265625 0.679688
vt 0.265625 0.687500
vt 0.265625 0.695313
vt 0.265625 0.703125
vt 0.265625 0.710938
vt 0.265625 0.718750
vt 0.265625 0.726563
vt 0.265625 0.734375
vt 0.265625 0.742188
vt 0.289063 0.507813
vt 0.289063 0.515625
vt 0.289062 0.523438
vt 0.289063 0.531250
vt 0.289063 0.539063
vt 0.289063 0.546875
vt 0.289062 0.554688
vt 0.289062 0.562500
vt 0.289063 0.570313
vt 0.289063 0.578125
vt 0.289062 0.585938
vt 0.289063 0.593750
vt 0.289063 0.601563
vt 0.289062 0.609375
vt 0.289063 0.617188
vt 0.289062 0.625000
vt 0.289063 0.632812
vt 0.289063 0.640625
vt 0.289062 0.648438
vt 0.289063 0.656250
vt 0.289063 0.664063
vt 0.289062 0.671875
vt 0.289063 0.679688
vt 0.289063 0.687500
vt 0.289063 0.695312
vt 0.289063 0.703125
vt 0.289062 0.710938
vt 0.289063 0.718750
vt 0.289063 0.726563
vt 0.289063 0.734375
vt 0.289062 0.742188
vt 0.312500 0.507812
vt 0.312500 0.515625
vt 0.312500 0.523438
vt 0.312500 0.531250
vt 0.312500 0.539063
vt 0.312500 0.546875
vt 0.312500 0.554688
vt 0.312500 0.562500
vt 0.312500 0.570313
vt 0.312500 0.578125
vt 0.312500 0.585938
vt 0.312500 0.593750
vt 0.312500 0.601563
vt 0.312500 0.609375
vt 0.312500 0.617188
vt 0.312500 0.625000
vt 0.312500 0.632813
vt 0.312500 0.640625
vt 0.312500 0.648438
vt 0.312500 0.656250
vt 0.312500 0.664062
vt 0.312500 0.671875
vt 0.312500 0.679688
vt 0.312500 0.687500
vt 0.312500 0.695313
vt 0.312500 0.703125
vt 0.312500 0.710938
vt 0.312500 0.718750
vt 0.312500 0.726563
vt 0.312500 0.734375
vt 0.312500 0.742188
vt 0.335938 0.507813
vt 0.335938 0.515625
vt 0.335938 0.523438
vt 0.335938 0.531250
vt 0.335938 0.539062
vt 0.335938 0.546875
vt 0.335938 0.554688
vt 0.335938 0.562500
vt 0.335937 0.570313
vt 0.335938 0.578125
vt 0.335938 0.585938
vt 0.335938 0.593750
vt 0.335938 0.601563
vt 0.335938 0.609375
vt 0.335937 0.617188
vt 0.335938 0.625000
vt 0.335937 0.632813
vt 0.335938 0.640625
vt 0.335938 0.648438
vt 0.335938 0.656250
vt 0.335938 0.664063
vt 0.335938 0.671875
vt 0.335937 0.679688
vt 0.335938 0.687500
vt 0.335938 0.695313
vt 0.335938 0.703125
vt 0.335938 0.710938
vt 0.335938 0.718750
vt 0.335938 0.726562
vt 0.335938 0.734375
vt 0.335938 0.742188
vt 0.359375 0.507813
vt 0.359375 0.515625
vt 0.359375 0.523438
vt 0.359375 0.531250
vt 0.359375 0.539062
vt 0.359375 0.546875
vt 0.359375 0.554688
vt 0.359375 0.562500
vt 0.359375 0.570313
vt 0.359375 0.578125
vt 0.359375 0.585938
vt 0.359375 0.593750
vt 0.359375 0.601562
vt 0.359375 0.609375
vt 0.359375 0.617188
vt 0.359375 0.625000
vt 0.359375 0.632813
vt 0.359375 0.640625
vt 0.359375 0.648438
vt 0.359375 0.656250
vt 0.359375 0.664063
vt 0.359375 0.671875
vt 0.359375 0.679688
vt 0.359375 0.687500
vt 0.359375 0.695313
vt 0.359375 0.703125
vt 0.359375 0.710938
vt 0.359375 0.718750
vt 0.359375 0.726563
vt 0.359375 0.734375
vt 0.359375 0.742188
vt 0.382813 0.507813
vt 0.382813 0.515625
vt 0.382813 0.523438
vt 0.382813 0.531250
vt 0.382813 0.539063
vt 0.382813 0.546875
vt 0.382812 0.554688
vt 0.382813 0.562500
vt 0.382813 0.570313
vt 0.382813 0.578125
vt 0.382813 0.585938
vt 0.382813 0.593750
vt 0.382813 0.601563
vt 0.382813 0.609375
vt 0.382812 0.617188
vt 0.382813 0.625000
vt 0.382813 0.632813
vt 0.382813 0.640625
vt 0.382813 0.648438
vt 0.382813 0.656250
vt 0.382813 0.664063
vt 0.382813 0.671875
vt 0.382812 0.679688
vt 0.382813 0.687500
vt 0.382813 0.695313
vt 0.382813 0.703125
vt 0.382813 0.710938
vt 0.382813 0.718750
vt 0.382813 0.726563
vt 0.382813 0.734375
vt 0.382813 0.742188
vt 0.406250 0.507813
vt 0.406250 0.515625
vt 0.406250 0.523438
vt 0.406250 0.531250
vt 0.406250 0.539062
vt 0.406250 0.546875
vt 0.406250 0.554688
vt 0.406250 0.562500
vt 0.406250 0.570313
vt 0.406250 0.578125
vt 0.406250 0.585938
vt 0.406250 0.593750
vt 0.406250 0.601563
vt 0.406250 0.609375
vt 0.406250 0.617188
vt 0.406250 0.625000
vt 0.406250 0.632813
vt 0.406250 0.640625
vt 0.406250 0.648438
vt 0.406250 0.656250
vt 0.406250 0.664063
vt 0.406250 0.671875
vt 0.406250 0.679688
vt 0.406250 0.687500
vt 0.406250 0.695313
vt 0.406250 0.703125
vt 0.406250 0.710938
vt 0.406250 0.718750
vt 0.406250 0.726563
vt 0.406250 0.734375
vt 0.406250 0.742188
vt 0.429688 0.507813
vt 0.429688 0.515625
vt 0.429688 0.523438
vt 0.429688 0.531250
vt 0.429688 0.539062
vt 0.429688 0.546875
vt 0.429688 0.554688
vt 0.429688 0.562500
vt 0.429688 0.570312
vt 0.429688 0.578125
vt 0.429688 0.585938
vt 0.429688 0.593750
vt 0.429688 0.601562
vt 0.429688 0.609375
vt 0.429688 0.617188
vt 0.429688 0.625000
vt 0.429688 0.632813
vt 0.429688 0.640625
vt 0.429688 0.648438
vt 0.429688 0.656250
vt 0.429688 0.664062
vt 0.429688 0.671875
vt 0.429688 0.679688
vt 0.429688 0.687500
vt 0.429688 0.695313
vt 0.429688 0.703125
vt 0.429688 0.710938
vt 0.429688 0.718750
vt 0.429688 0.726563
vt 0.429688 0.734375
vt 0.429688 0.742188
vt 0.453125 0.507812
vt 0.453125 0.515625
vt 0.453125 0.523438
vt 0.453125 0.531250
vt 0.453125 0.539062
vt 0.453125 0.546875
vt 0.453125 0.554688
vt 0.453125 0.562500
vt 0.453125 0.570313
vt 0.453125 0.578125
vt 0.453125 0.585938
vt 0.453125 0.593750
vt 0.453125 0.601563
vt 0.453125 0.609375
vt 0.453125 0.617188
vt 0.453125 0.625000
vt 0.453125 0.632813
vt 0.453125 0.640625
vt 0.453125 0.648438
vt 0.453125 0.656250
vt 0.453125 0.664062
vt 0.453125 0.671875
vt 0.453125 0.679688
vt 0.453125 0.687500
vt 0.453125 0.695313
vt 0.453125 0.703125
vt 0.453125 0.710938
vt 0.453125 0.718750
vt 0.453125 0.726563
vt 0.453125 0.734375
vt 0.453125 0.742188
vt 0.476562 0.507812
vt 0.476563 0.515625
vt 0.476563 0.523438
vt 0.476563 0.531250
vt 0.476563 0.539063
vt 0.476563 0.546875
vt 0.476562 0.554688
vt 0.476563 0.562500
vt 0.476562 0.570313
vt 0.476563 0.578125
vt 0.476563 0.585938
vt 0.476562 0.593750
vt 0.476563 0.601563
vt 0.476563 0.609375
vt 0.476562 0.617188
vt 0.476563 0.625000
vt 0.476562 0.632813
vt 0.476563 0.640625
vt 0.476563 0.648438
vt 0.476562 0.656250
vt 0.476563 0.664062
vt 0.476563 0.671875
vt 0.476562 0.679688
vt 0.476563 0.687500
vt 0.476562 0.695312
vt 0.476563 0.703125
vt 0.476563 0.710938
vt 0.476563 0.718750
vt 0.476563 0.726563
vt 0.476563 0.734375
vt 0.476563 0.742188
vt 0.500000 0.507812
vt 0.500000 0.515625
vt 0.500000 0.523438
vt 0.500000 0.531250
vt 0.500000 0.539063
vt 0.500000 0.546875
vt 0.500000 0.554688
vt 0.500000 0.562500
vt 0.500000 0.570313
vt 0.500000 0.578125
vt 0.500000 0.585938
vt 0.500000 0.593750
vt 0.500000 0.601563
vt 0.500000 0.609375
vt 0.500000 0.617188
vt 0.500000 0.625000
vt 0.500000 0.632813
vt 0.500000 0.640625
vt 0.500000 0.648438
vt 0.500000 0.656250
vt 0.500000 0.664062
vt 0.500000 0.671875
vt 0.500000 0.679688
vt 0.500000 0.687500
vt 0.500000 0.695313
vt 0.500000 0.703125
vt 0.500000 0.710938
vt 0.500000 0.718750
vt 0.500000 0.726563
vt 0.500000 0.734375
vt 0.500000 0.742188
vt 0.523438 0.507813
vt 0.523438 0.515625
vt 0.523438 0.523438
vt 0.523438 0.531250
vt 0.523438 0.539062
vt 0.523438 0.546875
vt 0.523438 0.554688
vt 0.523438 0.562500
vt 0.523438 0.570313
vt 0.523438 0.578125
vt 0.523438 0.585938
vt 0.523438 0.593750
vt 0.523438 0.601563
vt 0.523437 0.609375
vt 0.523438 0.617188
vt 0.523438 0.625000
vt 0.523438 0.632813
vt 0.523438 0.640625
vt 0.523438 0.648438
vt 0.523438 0.656250
vt 0.523438 0.664063
vt 0.523437 0.671875
vt 0.523438 0.679688
vt 0.523438 0.687500
vt 0.523438 0.695313
vt 0.523438 0.703125
vt 0.523438 0.710938
vt 0.523438 0.718750
vt 0.523438 0.726562
vt 0.523438 0.734375
vt 0.523438 0.742188
vt 0.546875 0.507813
vt 0.546875 0.515625
vt 0.546875 0.523438
vt 0.546875 0.531250
vt 0.546875 0.539062
vt 0.546875 0.546875
vt 0.546875 0.554688
vt 0.546875 0.562500
vt 0.546875 0.570313
vt 0.546875 0.578125
vt 0.546875 0.585938
vt 0.546875 0.593750
vt 0.546875 0.601562
vt 0.546875 0.609375
vt 0.546875 0.617188
vt 0.546875 0.625000
vt 0.546875 0.632813
vt 0.546875 0.640625
vt 0.546875 0.648438
vt 0.546875 0.656250
vt 0.546875 0.664063
vt 0.546875 0.671875
vt 0.546875 0.679688
vt 0.546875 0.687500
vt 0.546875 0.695313
vt 0.546875 0.703125
vt 0.546875 0.710938
vt 0.546875 0.718750
vt 0.546875 0.726563
vt 0.546875 0.734375
vt 0.546875 0.742188
vt 0.570313 0.507813
vt 0.570312 0.515625
vt 0.570313 0.523438
vt 0.570313 0.531250
vt 0.570313 0.539063
vt 0.570313 0.546875
vt 0.570313 0.554688
vt 0.570313 0.562500
vt 0.570313 0.570313
vt 0.570312 0.578125
vt 0.570312 0.585938
vt 0.570313 0.593750
vt 0.570313 0.601563
vt 0.570312 0.609375
vt 0.570313 0.617188
vt 0.570313 0.625000
vt 0.570313 0.632813
vt 0.570312 0.640625
vt 0.570312 0.648438
vt 0.570313 0.656250
vt 0.570313 0.664063
vt 0.570312 0.671875
vt 0.570313 0.679688
vt 0.570313 0.687500
vt 0.570313 0.695313
vt 0.570312 0.703125
vt 0.570312 0.710938
vt 0.570313 0.718750
vt 0.570313 0.726563
vt 0.570312 0.734375
vt 0.570313 0.742188
vt 0.593750 0.507813
vt 0.593750 0.515625
vt 0.593750 0.523438
vt 0.593750 0.531250
vt 0.593750 0.539062
vt 0.593750 0.546875
vt 0.593750 0.554688
vt 0.593750 0.562500
vt 0.593750 0.570313
vt 0.593750 0.578125
vt 0.593750 0.585938
vt 0.593750 0.593750
vt 0.593750 0.601563
vt 0.593750 0.609375
vt 0.593750 0.617188
vt 0.593750 0.625000
vt 0.593750 0.632813
vt 0.593750 0.640625
vt 0.593750 0.648438
vt 0.593750 0.656250
vt 0.593750 0.664063
vt 0.593750 0.671875
vt 0.593750 0.679688
vt 0.593750 0.687500
vt 0.593750 0.695313
vt 0.593750 0.703125
vt 0.593750 0.710938
vt 0.593750 0.718750
vt 0.593750 0.726563
vt 0.593750 0.734375
vt 0.593750 0.742188
vt 0.617188 0.507813
vt 0.617188 0.515625
vt 0.617188 0.523438
vt 0.617188 0.531250
vt 0.617188 0.539062
vt 0.617188 0.546875
vt 0.617188 0.554688
vt 0.617188 0.562500
vt 0.617187 0.570312
vt 0.617188 0.578125
vt 0.617188 0.585938
vt 0.617187 0.593750
vt 0.617188 0.601562
vt 0.617188 0.609375
vt 0.617187 0.617188
vt 0.617188 0.625000
vt 0.617187 0.632813
vt 0.617188 0.640625
vt 0.617188 0.648438
vt 0.617187 0.656250
vt 0.617188 0.664062
vt 0.617188 0.671875
vt 0.617187 0.679688
vt 0.617188 0.687500
vt 0.617188 0.695313
vt 0.617188 0.703125
vt 0.617188 0.710938
vt 0.617188 0.718750
vt 0.617188 0.726563
vt 0.617188 0.734375
vt 0.617188 0.742188
vt 0.640625 0.507812
vt 0.640625 0.515625
vt 0.640625 0.523438
vt 0.640625 0.531250
vt 0.640625 0.539062
vt 0.640625 0.546875
vt 0.640625 0.554688
vt 0.640625 0.562500
vt 0.640625 0.570313
vt 0.640625 0.578125
vt 0.640625 0.585938
vt 0.640625 0.593750
vt 0.640625 0.601563
vt 0.640625 0.609375
vt 0.640625 0.617188
vt 0.640625 0.625000
vt 0.640625 0.632813
vt 0.640625 0.640625
vt 0.640625 0.648438
vt 0.640625 0.656250
vt 0.640625 0.664062
vt 0.640625 0.671875
vt 0.640625 0.679688
vt 0.640625 0.687500
vt 0.640625 0.695313
vt 0.640625 0.703125
vt 0.640625 0.710938
vt 0.640625 0.718750
vt 0.640625 0.726563
vt 0.640625 0.734375
vt 0.640625 0.742188
vt 0.664062 0.507812
vt 0.664062 0.515625
vt 0.664063 0.523438
vt 0.664063 0.531250
vt 0.664062 0.539063
vt 0.664063 0.546875
vt 0.664063 0.554688
vt 0.664062 0.562500
vt 0.664063 0.570313
vt 0.664062 0.578125
vt 0.664062 0.585938
vt 0.664063 0.593750
vt 0.664062 0.601563
vt 0.664062 0.609375
vt 0.664063 0.617188
vt 0.664062 0.625000
vt 0.664063 0.632813
vt 0.664062 0.640625
vt 0.664062 0.648438
vt 0.664063 0.656250
vt 0.664062 0.664062
vt 0.664062 0.671875
vt 0.664063 0.679688
vt 0.664062 0.687500
vt 0.664063 0.695312
vt 0.664063 0.703125
vt 0.664062 0.710938
vt 0.664063 0.718750
vt 0.664063 0.726563
vt 0.664062 0.734375
vt 0.664063 0.742188
vt 0.687500 0.507813
vt 0.687500 0.515625
vt 0.687500 0.523438
vt 0.687500 0.531250
vt 0.687500 0.539062
vt 0.687500 0.546875
vt 0.687500 0.554688
vt 0.687500 0.562500
vt 0.687500 0.570313
vt 0.687500 0.578125
vt 0.687500 0.585938
vt 0.687500 0.593750
vt 0.687500 0.601563
vt 0.687500 0.609375
vt 0.687500 0.617188
vt 0.687500 0.625000
vt 0.687500 0.632813
vt 0.687500 0.640625
vt 0.687500 0.648438
vt 0.687500 0.656250
vt 0.687500 0.664062
vt 0.687500 0.671875
vt 0.687500 0.679688
vt 0.687500 0.687500
vt 0.687500 0.695312
vt 0.687500 0.703125
vt 0.687500 0.710938
vt 0.687500 0.718750
vt 0.687500 0.726563
vt 0.687500 0.734375
vt 0.687500 0.742188
vt 0.710938 0.507813
vt 0.710938 0.515625
vt 0.710938 0.523438
vt 0.710938 0.531250
vt 0.710938 0.539062
vt 0.710937 0.546875
vt 0.710938 0.554688
vt 0.710938 0.562500
vt 0.710938 0.570313
vt 0.710938 0.578125
vt 0.710938 0.585938
vt 0.710938 0.593750
vt 0.710938 0.601562
vt 0.710938 0.609375
vt 0.710938 0.617188
vt 0.710938 0.625000
vt 0.710938 0.632813
vt 0.710938 0.640625
vt 0.710938 0.648438
vt 0.710938 0.656250
vt 0.710938 0.664063
vt 0.710938 0.671875
vt 0.710938 0.679688
vt 0.710938 0.687500
vt 0.710938 0.695313
vt 0.710937 0.703125
vt 0.710938 0.710938
vt 0.710938 0.718750
vt 0.710938 0.726562
vt 0.710938 0.734375
vt 0.710938 0.742188
vt 0.734375 0.507813
vt 0.734375 0.515625
vt 0.734375 0.523438
vt 0.734375 0.531250
vt 0.734375 0.539062
vt 0.734375 0.546875
vt 0.734375 0.554688
vt 0.734375 0.562500
vt 0.734375 0.570313
vt 0.734375 0.578125
vt 0.734375 0.585938
vt 0.734375 0.593750
vt 0.734375 0.601562
vt 0.734375 0.609375
vt 0.734375 0.617188
vt 0.734375 0.625000
vt 0.734375 0.632812
vt 0.734375 0.640625
vt 0.734375 0.648438
vt 0.734375 0.656250
vt 0.734375 0.664063
vt 0.734375 0.671875
vt 0.734375 0.679688
vt 0.734375 0.687500
vt 0.734375 0.695313
vt 0.734375 0.703125
vt 0.734375 0.710938
vt 0.734375 0.718750
vt 0.734375 0.726563
vt 0.734375 0.734375
vt 0.734375 0.742188
vt 0.757813 0.507813
vt 0.757813 0.515625
vt 0.757812 0.523438
vt 0.757813 0.531250
vt 0.757813 0.539063
vt 0.757813 0.546875
vt 0.757813 0.554688
vt 0.757813 0.562500
vt 0.757812 0.570313
vt 0.757813 0.578125
vt 0.757813 0.585938
vt 0.757813 0.593750
vt 0.757813 0.601563
vt 0.757813 0.609375
vt 0.757813 0.617188
vt 0.757813 0.625000
vt 0.757812 0.632813
vt 0.757813 0.640625
vt 0.757813 0.648438
vt 0.757813 0.656250
vt 0.757813 0.664063
vt 0.757813 0.671875
vt 0.757813 0.679688
vt 0.757813 0.687500
vt 0.757813 0.695312
vt 0.757813 0.703125
vt 0.757813 0.710938
vt 0.757813 0.718750
vt 0.757813 0.726563
vt 0.757813 0.734375
vt 0.757813 0.742188
vt 0.781250 0.507813
vt 0.781250 0.515625
vt 0.781250 0.523438
vt 0.781250 0.531250
vt 0.781250 0.539062
vt 0.781250 0.546875
vt 0.781250 0.554688
vt 0.781250 0.562500
vt 0.781250 0.570313
vt 0.781250 0.578125
vt 0.781250 0.585938
vt 0.781250 0.593750
vt 0.781250 0.601562
vt 0.781250 0.609375
vt 0.781250 0.617188
vt 0.781250 0.625000
vt 0.781250 0.632813
vt 0.781250 0.640625
vt 0.781250 0.648438
vt 0.781250 0.656250
vt 0.781250 0.664063
vt 0.781250 0.671875
vt 0.781250 0.679688
vt 0.781250 0.687500
vt 0.781250 0.695312
vt 0.781250 0.703125
vt 0.781250 0.710938
vt 0.781250 0.718750
vt 0.781250 0.726563
vt 0.781250 0.734375
vt 0.781250 0.742188
vt 0.804688 0.507813
vt 0.804688 0.515625
vt 0.804688 0.523438
vt 0.804688 0.531250
vt 0.804688 0.539063
vt 0.804688 0.546875
vt 0.804688 0.554688
vt 0.804688 0.562500
vt 0.804688 0.570313
vt 0.804688 0.578125
vt 0.804688 0.585938
vt 0.804688 0.593750
vt 0.804688 0.601562
vt 0.804688 0.609375
vt 0.804688 0.617188
vt 0.804688 0.625000
vt 0.804688 0.632812
vt 0.804688 0.640625
vt 0.804688 0.648438
vt 0.804688 0.656250
vt 0.804688 0.664063
vt 0.804688 0.671875
vt 0.804688 0.679688
vt 0.804688 0.687500
vt 0.804688 0.695313
vt 0.804688 0.703125
vt 0.804688 0.710938
vt 0.804688 0.718750
vt 0.804688 0.726562
vt 0.804688 0.734375
vt 0.804688 0.742188
vt 0.828125 0.507813
vt 0.828125 0.515625
vt 0.828125 0.523438
vt 0.828125 0.531250
vt 0.828125 0.539063
vt 0.828125 0.546875
vt 0.828125 0.554688
vt 0.828125 0.562500
vt 0.828125 0.570313
vt 0.828125 0.578125
vt 0.828125 0.585938
vt 0.828125 0.593750
vt 0.828125 0.601563
vt 0.828125 0.609375
vt 0.828125 0.617188
vt 0.828125 0.625000
vt 0.828125 0.632813
vt 0.828125 0.640625
vt 0.828125 0.648438
vt 0.828125 0.656250
vt 0.828125 0.664062
vt 0.828125 0.671875
vt 0.828125 0.679688
vt 0.828125 0.687500
vt 0.828125 0.695313
vt 0.828125 0.703125
vt 0.828125 0.710938
vt 0.828125 0.718750
vt 0.828125 0.726563
vt 0.828125 0.734375
vt 0.828125 0.742188
vt 0.851563 0.507812
vt 0.851563 0.515625
vt 0.851563 0.523438
vt 0.851563 0.531250
vt 0.851563 0.539063
vt 0.851563 0.546875
vt 0.851563 0.554688
vt 0.851563 0.562500
vt 0.851562 0.570313
vt 0.851563 0.578125
vt 0.851563 0.585938
vt 0.851563 0.593750
vt 0.851563 0.601562
vt 0.851562 0.609375
vt 0.851563 0.617188
vt 0.851563 0.625000
vt 0.851562 0.632812
vt 0.851563 0.640625
vt 0.851563 0.648438
vt 0.851563 0.656250
vt 0.851563 0.664063
vt 0.851562 0.671875
vt 0.851563 0.679688
vt 0.851563 0.687500
vt 0.851563 0.695312
vt 0.851563 0.703125
vt 0.851563 0.710938
vt 0.851563 0.718750
vt 0.851563 0.726562
vt 0.851563 0.734375
vt 0.851563 0.742188
vt 0.148438 0.500000
vt 0.148438 0.750000
vt 0.171875 0.750000
vt 0.195313 0.750000
vt 0.218750 0.750000
vt 0.242188 0.750000
vt 0.265625 0.750000
vt 0.289062 0.750000
vt 0.312500 0.750000
vt 0.335938 0.750000
vt 0.359375 0.750000
vt 0.382813 0.750000
vt 0.406250 0.750000
vt 0.429688 0.750000
vt 0.453125 0.750000
vt 0.476563 0.750000
vt 0.500000 0.750000
vt 0.523438 0.750000
vt 0.546875 0.750000
vt 0.570313 0.750000
vt 0.593750 0.750000
vt 0.617188 0.750000
vt 0.640625 0.750000
vt 0.664063 0.750000
vt 0.687500 0.750000
vt 0.710938 0.750000
vt 0.734375 0.750000
vt 0.757813 0.750000
vt 0.781250 0.750000
vt 0.804688 0.750000
vt 0.828125 0.750000
vt 0.851563 0.750000
vt 0.851563 0.500000
vt 0.828125 0.500000
vt 0.804688 0.500000
vt 0.781250 0.500000
vt 0.757813 0.500000
vt 0.734375 0.500000
vt 0.710938 0.500000
vt 0.687500 0.500000
vt 0.664063 0.500000
vt 0.640625 0.500000
vt 0.617188 0.500000
vt 0.593750 0.500000
vt 0.570313 0.500000
vt 0.546875 0.500000
vt 0.523438 0.500000
vt 0.500000 0.500000
vt 0.476563 0.500000
vt 0.453125 0.500000
vt 0.429688 0.500000
vt 0.406250 0.500000
vt 0.382813 0.500000
vt 0.359375 0.500000
vt 0.335938 0.500000
vt 0.312500 0.500000
vt 0.289062 0.500000
vt 0.265625 0.500000
vt 0.242188 0.500000
vt 0.218750 0.500000
vt 0.195313 0.500000
vt 0.171875 0.500000
vt 0.602651 0.690073
vt 0.598301 0.691582
vt 0.600390 0.693501
vt 0.605045 0.691592
vt 0.602914 0.695339
vt 0.607872 0.693116
vt 0.605885 0.697108
vt 0.611173 0.694663
vt 0.609168 0.698805
vt 0.614761 0.696188
vt 0.612739 0.700460
vt 0.618627 0.697703
vt 0.616578 0.702073
vt 0.622753 0.699202
vt 0.620665 0.703647
vt 0.627123 0.700682
vt 0.624984 0.705185
vt 0.631722 0.702138
vt 0.629538 0.706689
vt 0.636555 0.703573
vt 0.634334 0.708162
vt 0.641630 0.704988
vt 0.639378 0.709608
vt 0.646953 0.706386
vt 0.644677 0.711030
vt 0.652533 0.707768
vt 0.650238 0.712431
vt 0.658377 0.709137
vt 0.656068 0.713814
vt 0.664494 0.710495
vt 0.662174 0.715183
vt 0.670890 0.711844
vt 0.668569 0.716544
vt 0.677580 0.713191
vt 0.675284 0.717913
vt 0.684599 0.714551
vt 0.682359 0.719310
vt 0.691989 0.715945
vt 0.689832 0.720753
vt 0.699793 0.717394
vt 0.697741 0.722263
vt 0.708050 0.718917
vt 0.706125 0.723859
vt 0.716804 0.720536
vt 0.715022 0.725560
vt 0.726096 0.722270
vt 0.724470 0.727385
vt 0.735968 0.724140
vt 0.734518 0.729358
vt 0.746478 0.726171
vt 0.745258 0.731515
vt 0.757757 0.728414
vt 0.756791 0.733896
vt 0.769949 0.730923
vt 0.769219 0.736544
vt 0.783203 0.733754
vt 0.783470 0.739774
vt 0.799133 0.737453
vt 0.799221 0.743485
vt 0.817549 0.741963
vt 0.814698 0.747089
vt 0.835881 0.746430
vt 0.593354 0.693072
vt 0.595193 0.695306
vt 0.597463 0.697392
vt 0.600141 0.699354
vt 0.603143 0.701218
vt 0.606432 0.703008
vt 0.609988 0.704732
vt 0.613791 0.706397
vt 0.617824 0.708011
vt 0.622090 0.709579
vt 0.626594 0.711105
vt 0.631343 0.712594
vt 0.636342 0.714050
vt 0.641598 0.715476
vt 0.647117 0.716878
vt 0.652905 0.718259
vt 0.658972 0.719626
vt 0.665348 0.720995
vt 0.672065 0.722383
vt 0.679158 0.723808
vt 0.686660 0.725289
vt 0.694603 0.726843
vt 0.703022 0.728488
vt 0.711949 0.730241
vt 0.721421 0.732122
vt 0.731483 0.734153
vt 0.742182 0.736355
vt 0.753566 0.738752
vt 0.765915 0.741445
vt 0.779015 0.744367
vt 0.792170 0.747294
vt 0.587749 0.694553
vt 0.589450 0.697009
vt 0.591542 0.699288
vt 0.593979 0.701422
vt 0.596718 0.703440
vt 0.599735 0.705355
vt 0.603012 0.707182
vt 0.606529 0.708933
vt 0.610271 0.710619
vt 0.614241 0.712246
vt 0.618442 0.713820
vt 0.622881 0.715346
vt 0.627563 0.716830
vt 0.632493 0.718275
vt 0.637677 0.719689
vt 0.643121 0.721075
vt 0.648832 0.722442
vt 0.654835 0.723803
vt 0.661158 0.725173
vt 0.667826 0.726570
vt 0.674869 0.728010
vt 0.682313 0.729507
vt 0.690185 0.731078
vt 0.698514 0.732740
vt 0.707321 0.734506
vt 0.716611 0.736385
vt 0.726387 0.738385
vt 0.736647 0.740511
vt 0.747373 0.742766
vt 0.758463 0.745121
vt 0.769796 0.747544
vt 0.581753 0.695971
vt 0.583322 0.698598
vt 0.585226 0.701043
vt 0.587436 0.703330
vt 0.589927 0.705480
vt 0.592680 0.707508
vt 0.595680 0.709430
vt 0.598909 0.711260
vt 0.602356 0.713012
vt 0.606021 0.714692
vt 0.609910 0.716309
vt 0.614025 0.717867
vt 0.618374 0.719373
vt 0.622960 0.720832
vt 0.627788 0.722252
vt 0.632862 0.723638
vt 0.638191 0.724998
vt 0.643791 0.726344
vt 0.649685 0.727691
vt 0.655892 0.729051
vt 0.662433 0.730440
vt 0.669330 0.731870
vt 0.676602 0.733356
vt 0.684271 0.734912
vt 0.692349 0.736548
vt 0.700818 0.738266
vt 0.709652 0.740063
vt 0.718823 0.741939
vt 0.728298 0.743888
vt 0.738006 0.745894
vt 0.747870 0.747937
vt 0.575381 0.697326
vt 0.576821 0.700090
vt 0.578549 0.702670
vt 0.580547 0.705082
vt 0.582801 0.707344
vt 0.585297 0.709471
vt 0.588022 0.711478
vt 0.590962 0.713380
vt 0.594109 0.715191
vt 0.597463 0.716920
vt 0.601028 0.718573
vt 0.604809 0.720158
vt 0.608809 0.721681
vt 0.613033 0.723150
vt 0.617485 0.724572
vt 0.622168 0.725952
vt 0.627090 0.727301
vt 0.632261 0.728627
vt 0.637696 0.729944
vt 0.643410 0.731263
vt 0.649416 0.732594
vt 0.655728 0.733952
vt 0.662361 0.735345
vt 0.669329 0.736788
vt 0.676637 0.738288
vt 0.684258 0.739843
vt 0.692156 0.741448
vt 0.700294 0.743099
vt 0.708635 0.744789
vt 0.717130 0.746509
vt 0.725727 0.748250
vt 0.568680 0.698603
vt 0.569993 0.701478
vt 0.571552 0.704166
vt 0.573349 0.706681
vt 0.575373 0.709037
vt 0.577615 0.711249
vt 0.580066 0.713331
vt 0.582717 0.715297
vt 0.585559 0.717161
vt 0.588596 0.718931
vt 0.591829 0.720616
vt 0.595264 0.722222
vt 0.598902 0.723758
vt 0.602749 0.725232
vt 0.606806 0.726651
vt 0.611079 0.728023
vt 0.615571 0.729356
vt 0.620289 0.730659
vt 0.625241 0.731943
vt 0.630436 0.733216
vt 0.635881 0.734488
vt 0.641584 0.735770
vt 0.647553 0.737071
vt 0.653796 0.738399
vt 0.660314 0.739764
vt 0.667080 0.741162
vt 0.674060 0.742589
vt 0.681218 0.744041
vt 0.688521 0.745513
vt 0.695933 0.747000
vt 0.703417 0.748498
vt 0.561701 0.699786
vt 0.562884 0.702753
vt 0.564277 0.705529
vt 0.565876 0.708128
vt 0.567675 0.710563
vt 0.569666 0.712847
vt 0.571844 0.714993
vt 0.574203 0.717014
vt 0.576738 0.718923
vt 0.579451 0.720728
vt 0.582345 0.722438
vt 0.585423 0.724061
vt 0.588688 0.725606
vt 0.592143 0.727081
vt 0.595790 0.728494
vt 0.599634 0.729854
vt 0.603676 0.731169
vt 0.607920 0.732447
vt 0.612369 0.733695
vt 0.617025 0.734923
vt 0.621891 0.736137
vt 0.626971 0.737345
vt 0.632266 0.738557
vt 0.637780 0.739778
vt 0.643510 0.741016
vt 0.649434 0.742270
vt 0.655525 0.743537
vt 0.661754 0.744816
vt 0.668093 0.746104
vt 0.674516 0.747399
vt 0.680994 0.748698
vt 0.554489 0.700863
vt 0.555537 0.703905
vt 0.556763 0.706755
vt 0.558164 0.709424
vt 0.559737 0.711925
vt 0.561478 0.714268
vt 0.563383 0.716468
vt 0.565450 0.718534
vt 0.567675 0.720479
vt 0.570060 0.722313
vt 0.572607 0.724042
vt 0.575320 0.725678
vt 0.578200 0.727228
vt 0.581250 0.728701
vt 0.584473 0.730106
vt 0.587872 0.731451
vt 0.591447 0.732746
vt 0.595199 0.733997
vt 0.599128 0.735211
vt 0.603231 0.736394
vt 0.607509 0.737553
vt 0.611960 0.738695
vt 0.616583 0.739825
vt 0.621378 0.740951
vt 0.626340 0.742077
vt 0.631452 0.743206
vt 0.636692 0.744336
vt 0.642038 0.745467
vt 0.647469 0.746599
vt 0.652965 0.747733
vt 0.658503 0.748866
vt 0.547077 0.701822
vt 0.547984 0.704927
vt 0.549040 0.707838
vt 0.550243 0.710565
vt 0.551591 0.713119
vt 0.553082 0.715511
vt 0.554715 0.717753
vt 0.556488 0.719856
vt 0.558400 0.721830
vt 0.560453 0.723685
vt 0.562647 0.725430
vt 0.564987 0.727073
vt 0.567473 0.728625
vt 0.570108 0.730094
vt 0.572894 0.731489
vt 0.575833 0.732820
vt 0.578926 0.734094
vt 0.582171 0.735319
vt 0.585565 0.736499
vt 0.589104 0.737640
vt 0.592785 0.738749
vt 0.596605 0.739830
vt 0.600560 0.740889
vt 0.604648 0.741932
vt 0.608863 0.742964
vt 0.613191 0.743986
vt 0.617615 0.745001
vt 0.622120 0.746008
vt 0.626690 0.747011
vt 0.631308 0.748010
vt 0.635959 0.749005
vt 0.539494 0.702657
vt 0.540256 0.705813
vt 0.541139 0.708772
vt 0.542143 0.711545
vt 0.543266 0.714141
vt 0.544508 0.716572
vt 0.545868 0.718848
vt 0.547347 0.720978
vt 0.548944 0.722974
vt 0.550660 0.724846
vt 0.552497 0.726601
vt 0.554457 0.728249
vt 0.556541 0.729801
vt 0.558751 0.731264
vt 0.561089 0.732649
vt 0.563557 0.733964
vt 0.566154 0.735218
vt 0.568879 0.736417
vt 0.571726 0.737566
vt 0.574690 0.738670
vt 0.577768 0.739733
vt 0.580955 0.740762
vt 0.584246 0.741760
vt 0.587637 0.742733
vt 0.591122 0.743685
vt 0.594691 0.744620
vt 0.598331 0.745540
vt 0.602031 0.746447
vt 0.605778 0.747344
vt 0.609561 0.748234
vt 0.613368 0.749118
vt 0.531767 0.703359
vt 0.532381 0.706554
vt 0.533090 0.709551
vt 0.533893 0.712359
vt 0.534791 0.714988
vt 0.535785 0.717448
vt 0.536873 0.719748
vt 0.538057 0.721900
vt 0.539337 0.723912
vt 0.540713 0.725795
vt 0.542188 0.727557
vt 0.543762 0.729208
vt 0.545438 0.730758
vt 0.547215 0.732215
vt 0.549097 0.733589
vt 0.551083 0.734889
vt 0.553174 0.736124
vt 0.555367 0.737300
vt 0.557657 0.738421
vt 0.560038 0.739492
vt 0.562507 0.740517
vt 0.565059 0.741500
vt 0.567688 0.742448
vt 0.570391 0.743364
vt 0.573161 0.744253
vt 0.575991 0.745118
vt 0.578873 0.745962
vt 0.581797 0.746790
vt 0.584755 0.747604
vt 0.587739 0.748409
vt 0.590740 0.749206
vt 0.523925 0.703919
vt 0.524388 0.707144
vt 0.524921 0.710168
vt 0.525524 0.713001
vt 0.526198 0.715654
vt 0.526943 0.718134
vt 0.527759 0.720453
vt 0.528647 0.722619
vt 0.529608 0.724642
vt 0.530643 0.726533
vt 0.531752 0.728299
vt 0.532937 0.729951
vt 0.534198 0.731497
vt 0.535537 0.732948
vt 0.536954 0.734312
vt 0.538451 0.735600
vt 0.540027 0.736819
vt 0.541679 0.737975
vt 0.543404 0.739072
vt 0.545196 0.740115
vt 0.547051 0.741109
vt 0.548966 0.742057
vt 0.550936 0.742965
vt 0.552957 0.743836
vt 0.555025 0.744676
vt 0.557133 0.745488
vt 0.559276 0.746276
vt 0.561448 0.747045
vt 0.563644 0.747797
vt 0.565857 0.748538
vt 0.568082 0.749271
vt 0.515998 0.704329
vt 0.516308 0.707574
vt 0.516664 0.710617
vt 0.517066 0.713467
vt 0.517515 0.716135
vt 0.518011 0.718629
vt 0.518555 0.720959
vt 0.519148 0.723134
vt 0.519789 0.725165
vt 0.520480 0.727060
vt 0.521221 0.728828
vt 0.522013 0.730479
vt 0.522856 0.732023
vt 0.523751 0.733468
vt 0.524698 0.734825
vt 0.525700 0.736102
vt 0.526754 0.737308
vt 0.527859 0.738448
vt 0.529012 0.739527
vt 0.530210 0.740549
vt 0.531449 0.741519
vt 0.532726 0.742441
vt 0.534039 0.743320
vt 0.535383 0.744160
vt 0.536756 0.744965
vt 0.538155 0.745740
vt 0.539575 0.746490
vt 0.541013 0.747218
vt 0.542466 0.747928
vt 0.543930 0.748626
vt 0.545401 0.749315
vt 0.508013 0.704582
vt 0.508169 0.707837
vt 0.508347 0.710891
vt 0.508548 0.713750
vt 0.508772 0.716427
vt 0.509021 0.718928
vt 0.509293 0.721264
vt 0.509589 0.723445
vt 0.509910 0.725479
vt 0.510255 0.727375
vt 0.510626 0.729144
vt 0.511023 0.730795
vt 0.511445 0.732336
vt 0.511893 0.733778
vt 0.512368 0.735129
vt 0.512870 0.736399
vt 0.513398 0.737596
vt 0.513952 0.738726
vt 0.514529 0.739794
vt 0.515129 0.740803
vt 0.515749 0.741758
vt 0.516388 0.742664
vt 0.517044 0.743525
vt 0.517715 0.744346
vt 0.518400 0.745131
vt 0.519097 0.745885
vt 0.519805 0.746612
vt 0.520521 0.747316
vt 0.521244 0.748003
vt 0.521972 0.748676
vt 0.522704 0.749340
vt 0.500000 0.704668
vt 0.500000 0.707927
vt 0.500000 0.710983
vt 0.500000 0.713846
vt 0.500000 0.716525
vt 0.500000 0.719029
vt 0.500000 0.721367
vt 0.500000 0.723548
vt 0.500000 0.725583
vt 0.500000 0.727481
vt 0.500000 0.729250
vt 0.500000 0.730900
vt 0.500000 0.732440
vt 0.500000 0.733880
vt 0.500000 0.735230
vt 0.500000 0.736497
vt 0.500000 0.737691
vt 0.500000 0.738818
vt 0.500000 0.739881
vt 0.500000 0.740886
vt 0.500000 0.741836
vt 0.500000 0.742736
vt 0.500000 0.743591
vt 0.500000 0.744406
vt 0.500000 0.745184
vt 0.500000 0.745931
vt 0.500000 0.746651
vt 0.500000 0.747348
vt 0.500000 0.748027
vt 0.500000 0.748692
vt 0.500000 0.749348
vt 0.491987 0.704582
vt 0.491831 0.707837
vt 0.491653 0.710891
vt 0.491452 0.713750
vt 0.491228 0.716426
vt 0.490980 0.718928
vt 0.490707 0.721264
vt 0.490411 0.723445
vt 0.490090 0.725479
vt 0.489745 0.727375
vt 0.489374 0.729144
vt 0.488977 0.730795
vt 0.488555 0.732336
vt 0.488107 0.733778
vt 0.487632 0.735129
vt 0.487130 0.736399
vt 0.486602 0.737596
vt 0.486048 0.738726
vt 0.485471 0.739794
vt 0.484871 0.740803
vt 0.484251 0.741758
vt 0.483612 0.742664
vt 0.482956 0.743525
vt 0.482285 0.744346
vt 0.481600 0.745131
vt 0.480903 0.745885
vt 0.480195 0.746612
vt 0.479479 0.747316
vt 0.478756 0.748003
vt 0.478028 0.748676
vt 0.477296 0.749340
vt 0.484002 0.704329
vt 0.483692 0.707574
vt 0.483336 0.710617
vt 0.482934 0.713467
vt 0.482485 0.716135
vt 0.481989 0.718629
vt 0.481445 0.720959
vt 0.480852 0.723134
vt 0.480211 0.725165
vt 0.479520 0.727060
vt 0.478779 0.728828
vt 0.477988 0.730479
vt 0.477144 0.732023
vt 0.476249 0.733468
vt 0.475302 0.734825
vt 0.474300 0.736102
vt 0.473246 0.737308
vt 0.472141 0.738448
vt 0.470988 0.739527
vt 0.469790 0.740549
vt 0.468551 0.741519
vt 0.467274 0.742441
vt 0.465961 0.743320
vt 0.464617 0.744160
vt 0.463244 0.744965
vt 0.461845 0.745740
vt 0.460425 0.746490
vt 0.458987 0.747218
vt 0.457534 0.747928
vt 0.456070 0.748626
vt 0.454599 0.749315
vt 0.476075 0.703919
vt 0.475612 0.707144
vt 0.475079 0.710168
vt 0.474476 0.713001
vt 0.473802 0.715654
vt 0.473058 0.718134
vt 0.472241 0.720453
vt 0.471353 0.722619
vt 0.470392 0.724643
vt 0.469357 0.726533
vt 0.468248 0.728299
vt 0.467063 0.729951
vt 0.465802 0.731497
vt 0.464463 0.732948
vt 0.463046 0.734312
vt 0.461550 0.735600
vt 0.459973 0.736819
vt 0.458321 0.737975
vt 0.456597 0.739072
vt 0.454804 0.740115
vt 0.452949 0.741109
vt 0.451034 0.742057
vt 0.449064 0.742965
vt 0.447043 0.743836
vt 0.444975 0.744676
vt 0.442867 0.745488
vt 0.440724 0.746276
vt 0.438552 0.747045
vt 0.436356 0.747797
vt 0.434143 0.748538
vt 0.431918 0.749271
vt 0.468234 0.703359
vt 0.467619 0.706554
vt 0.466910 0.709551
vt 0.466107 0.712359
vt 0.465209 0.714988
vt 0.464216 0.717447
vt 0.463127 0.719748
vt 0.461943 0.721900
vt 0.460664 0.723912
vt 0.459287 0.725795
vt 0.457812 0.727557
vt 0.456238 0.729208
vt 0.454562 0.730757
vt 0.452785 0.732214
vt 0.450904 0.733589
vt 0.448917 0.734889
vt 0.446826 0.736124
vt 0.444633 0.737300
vt 0.442343 0.738421
vt 0.439962 0.739492
vt 0.437493 0.740517
vt 0.434941 0.741500
vt 0.432312 0.742448
vt 0.429609 0.743364
vt 0.426839 0.744253
vt 0.424009 0.745118
vt 0.421127 0.745962
vt 0.418203 0.746790
vt 0.415245 0.747604
vt 0.412261 0.748409
vt 0.409260 0.749206
vt 0.460507 0.702657
vt 0.459744 0.705813
vt 0.458861 0.708772
vt 0.457858 0.711545
vt 0.456735 0.714141
vt 0.455492 0.716572
vt 0.454132 0.718848
vt 0.452653 0.720978
vt 0.451056 0.722975
vt 0.449340 0.724846
vt 0.447503 0.726601
vt 0.445543 0.728249
vt 0.443459 0.729801
vt 0.441249 0.731264
vt 0.438911 0.732649
vt 0.436443 0.733964
vt 0.433846 0.735218
vt 0.431121 0.736417
vt 0.428274 0.737566
vt 0.425310 0.738670
vt 0.422232 0.739733
vt 0.419045 0.740762
vt 0.415754 0.741760
vt 0.412363 0.742733
vt 0.408878 0.743685
vt 0.405310 0.744620
vt 0.401669 0.745540
vt 0.397970 0.746447
vt 0.394222 0.747344
vt 0.390439 0.748234
vt 0.386632 0.749118
vt 0.452923 0.701822
vt 0.452016 0.704928
vt 0.450960 0.707838
vt 0.449757 0.710565
vt 0.448409 0.713119
vt 0.446918 0.715511
vt 0.445285 0.717753
vt 0.443512 0.719856
vt 0.441600 0.721830
vt 0.439548 0.723685
vt 0.437353 0.725430
vt 0.435013 0.727073
vt 0.432527 0.728625
vt 0.429892 0.730094
vt 0.427106 0.731489
vt 0.424167 0.732820
vt 0.421074 0.734094
vt 0.417829 0.735319
vt 0.414435 0.736499
vt 0.410896 0.737640
vt 0.407215 0.738749
vt 0.403395 0.739830
vt 0.399440 0.740889
vt 0.395352 0.741932
vt 0.391137 0.742964
vt 0.386809 0.743986
vt 0.382385 0.745001
vt 0.377880 0.746009
vt 0.373310 0.747011
vt 0.368692 0.748010
vt 0.364042 0.749005
vt 0.445511 0.700863
vt 0.444463 0.703905
vt 0.443237 0.706755
vt 0.441836 0.709424
vt 0.440263 0.711925
vt 0.438522 0.714268
vt 0.436617 0.716468
vt 0.434550 0.718534
vt 0.432325 0.720479
vt 0.429940 0.722312
vt 0.427393 0.724042
vt 0.424680 0.725678
vt 0.421800 0.727228
vt 0.418750 0.728701
vt 0.415527 0.730106
vt 0.412128 0.731451
vt 0.408553 0.732746
vt 0.404801 0.733997
vt 0.400872 0.735211
vt 0.396769 0.736394
vt 0.392491 0.737553
vt 0.388040 0.738695
vt 0.383417 0.739825
vt 0.378622 0.740951
vt 0.373660 0.742077
vt 0.368548 0.743206
vt 0.363309 0.744336
vt 0.357962 0.745467
vt 0.352531 0.746599
vt 0.347035 0.747733
vt 0.341497 0.748866
vt 0.438299 0.699786
vt 0.437117 0.702753
vt 0.435723 0.705529
vt 0.434124 0.708128
vt 0.432326 0.710563
vt 0.430335 0.712847
vt 0.428156 0.714993
vt 0.425797 0.717014
vt 0.423262 0.718923
vt 0.420549 0.720728
vt 0.417655 0.722438
vt 0.414577 0.724061
vt 0.411312 0.725606
vt 0.407858 0.727081
vt 0.404210 0.728494
vt 0.400367 0.729854
vt 0.396324 0.731169
vt 0.392080 0.732447
vt 0.387631 0.733695
vt 0.382975 0.734923
vt 0.378109 0.736137
vt 0.373030 0.737345
vt 0.367734 0.738556
vt 0.362220 0.739778
vt 0.356490 0.741016
vt 0.350566 0.742270
vt 0.344475 0.743537
vt 0.338246 0.744816
vt 0.331907 0.746104
vt 0.325484 0.747399
vt 0.319006 0.748698
vt 0.431320 0.698603
vt 0.430007 0.701478
vt 0.428448 0.704166
vt 0.426651 0.706681
vt 0.424627 0.709037
vt 0.422385 0.711249
vt 0.419934 0.713331
vt 0.417283 0.715297
vt 0.414441 0.717161
vt 0.411404 0.718931
vt 0.408171 0.720616
vt 0.404736 0.722222
vt 0.401098 0.723758
vt 0.397251 0.725232
vt 0.393194 0.726651
vt 0.388921 0.728023
vt 0.384429 0.729356
vt 0.379711 0.730659
vt 0.374759 0.731943
vt 0.369564 0.733216
vt 0.364120 0.734488
vt 0.358417 0.735770
vt 0.352447 0.737071
vt 0.346204 0.738399
vt 0.339686 0.739764
vt 0.332920 0.741162
vt 0.325940 0.742589
vt 0.318782 0.744041
vt 0.311479 0.745513
vt 0.304067 0.747000
vt 0.296583 0.748498
vt 0.424619 0.697326
vt 0.423179 0.700090
vt 0.421451 0.702670
vt 0.419453 0.705082
vt 0.417199 0.707344
vt 0.414703 0.709471
vt 0.411979 0.711478
vt 0.409038 0.713380
vt 0.405891 0.715191
vt 0.402537 0.716920
vt 0.398972 0.718573
vt 0.395191 0.720158
vt 0.391191 0.721681
vt 0.386967 0.723150
vt 0.382515 0.724571
vt 0.377832 0.725952
vt 0.372911 0.727301
vt 0.367739 0.728627
vt 0.362304 0.729944
vt 0.356590 0.731263
vt 0.350584 0.732594
vt 0.344272 0.733951
vt 0.337639 0.735345
vt 0.330671 0.736788
vt 0.323363 0.738288
vt 0.315742 0.739843
vt 0.307844 0.741448
vt 0.299706 0.743099
vt 0.291365 0.744789
vt 0.282870 0.746509
vt 0.274273 0.748249
vt 0.418247 0.695971
vt 0.416678 0.698598
vt 0.414775 0.701043
vt 0.412564 0.703330
vt 0.410073 0.705480
vt 0.407320 0.707508
vt 0.404320 0.709430
vt 0.401091 0.711260
vt 0.397644 0.713012
vt 0.393979 0.714693
vt 0.390091 0.716309
vt 0.385975 0.717867
vt 0.381626 0.719373
vt 0.377040 0.720832
vt 0.372212 0.722252
vt 0.367138 0.723638
vt 0.361810 0.724998
vt 0.356209 0.726344
vt 0.350315 0.727691
vt 0.344108 0.729051
vt 0.337567 0.730440
vt 0.330670 0.731870
vt 0.323398 0.733356
vt 0.315729 0.734912
vt 0.307651 0.736548
vt 0.299182 0.738266
vt 0.290348 0.740063
vt 0.281177 0.741939
vt 0.271702 0.743888
vt 0.261994 0.745893
vt 0.252130 0.747937
vt 0.412251 0.694553
vt 0.410550 0.697008
vt 0.408458 0.699288
vt 0.406021 0.701422
vt 0.403282 0.703440
vt 0.400265 0.705355
vt 0.396988 0.707182
vt 0.393471 0.708933
vt 0.389729 0.710619
vt 0.385760 0.712246
vt 0.381558 0.713820
vt 0.377119 0.715346
vt 0.372437 0.716830
vt 0.367507 0.718275
vt 0.362323 0.719689
vt 0.356879 0.721075
vt 0.351168 0.722442
vt 0.345165 0.723803
vt 0.338843 0.725173
vt 0.332174 0.726570
vt 0.325131 0.728010
vt 0.317687 0.729507
vt 0.309815 0.731078
vt 0.301487 0.732740
vt 0.292680 0.734506
vt 0.283389 0.736385
vt 0.273614 0.738385
vt 0.263353 0.740511
vt 0.252627 0.742766
vt 0.241537 0.745121
vt 0.230204 0.747544
vt 0.406646 0.693072
vt 0.404807 0.695306
vt 0.402537 0.697392
vt 0.399859 0.699354
vt 0.396858 0.701218
vt 0.393569 0.703008
vt 0.390012 0.704732
vt 0.386210 0.706397
vt 0.382176 0.708011
vt 0.377910 0.709579
vt 0.373406 0.711105
vt 0.368657 0.712594
vt 0.363658 0.714050
vt 0.358402 0.715476
vt 0.352883 0.716878
vt 0.347095 0.718259
vt 0.341028 0.719626
vt 0.334652 0.720995
vt 0.327935 0.722383
vt 0.320842 0.723808
vt 0.313340 0.725289
vt 0.305397 0.726843
vt 0.296978 0.728488
vt 0.288051 0.730241
vt 0.278579 0.732122
vt 0.268517 0.734153
vt 0.257818 0.736355
vt 0.246434 0.738752
vt 0.234085 0.741445
vt 0.220985 0.744367
vt 0.207830 0.747294
vt 0.401699 0.691582
vt 0.399610 0.693501
vt 0.397086 0.695339
vt 0.394115 0.697108
vt 0.390832 0.698805
vt 0.387261 0.700460
vt 0.383422 0.702073
vt 0.379335 0.703647
vt 0.375016 0.705185
vt 0.370462 0.706689
vt 0.365666 0.708162
vt 0.360623 0.709608
vt 0.355324 0.711030
vt 0.349762 0.712431
vt 0.343932 0.713814
vt 0.337826 0.715183
vt 0.331432 0.716544
vt 0.324716 0.717913
vt 0.317641 0.719310
vt 0.310168 0.720753
vt 0.302259 0.722263
vt 0.293875 0.723859
vt 0.284978 0.725560
vt 0.275530 0.727385
vt 0.265482 0.729358
vt 0.254742 0.731515
vt 0.243209 0.733896
vt 0.230781 0.736544
vt 0.216530 0.739774
vt 0.200779 0.743485
vt 0.185302 0.747089
vt 0.397350 0.690073
vt 0.394955 0.691592
vt 0.392129 0.693116
vt 0.388827 0.694663
vt 0.385239 0.696188
vt 0.381373 0.697703
vt 0.377247 0.699202
vt 0.372877 0.700682
vt 0.368278 0.702138
vt 0.363445 0.703573
vt 0.358370 0.704988
vt 0.353047 0.706386
vt 0.347467 0.707768
vt 0.341623 0.709137
vt 0.335507 0.710495
vt 0.329110 0.711844
vt 0.322420 0.713191
vt 0.315401 0.714551
vt 0.308011 0.715945
vt 0.300207 0.717394
vt 0.291950 0.718917
vt 0.283196 0.720536
vt 0.273904 0.722270
vt 0.264032 0.724140
vt 0.253522 0.726171
vt 0.242243 0.728414
vt 0.230051 0.730923
vt 0.216797 0.733754
vt 0.200867 0.737453
vt 0.182451 0.741963
vt 0.164119 0.746430
vt 0.600455 0.688518
vt 0.399545 0.688518
vt 0.403604 0.689570
vt 0.408198 0.690685
vt 0.413514 0.691890
vt 0.419452 0.693140
vt 0.425756 0.694359
vt 0.432376 0.695525
vt 0.439264 0.696617
vt 0.446376 0.697616
vt 0.453679 0.698511
vt 0.461148 0.699294
vt 0.468754 0.699955
vt 0.476469 0.700484
vt 0.484267 0.700874
vt 0.492120 0.701114
vt 0.500000 0.701196
vt 0.507880 0.701114
vt 0.515733 0.700873
vt 0.523531 0.700484
vt 0.531246 0.699954
vt 0.538852 0.699294
vt 0.546321 0.698511
vt 0.553624 0.697616
vt 0.560736 0.696617
vt 0.567624 0.695525
vt 0.574244 0.694359
vt 0.580548 0.693140
vt 0.586486 0.691890
vt 0.591802 0.690685
vt 0.596396 0.689570
vt 0.600979 0.563830
vt 0.596404 0.563016
vt 0.596524 0.565774
vt 0.601586 0.566368
vt 0.596911 0.568825
vt 0.602381 0.569251
vt 0.597540 0.572174
vt 0.603354 0.572518
vt 0.598289 0.575743
vt 0.604381 0.576023
vt 0.599087 0.579535
vt 0.605410 0.579767
vt 0.599896 0.583528
vt 0.606413 0.583722
vt 0.600678 0.587698
vt 0.607358 0.587861
vt 0.601402 0.592024
vt 0.608220 0.592159
vt 0.602054 0.596484
vt 0.608987 0.596595
vt 0.602626 0.601060
vt 0.609654 0.601148
vt 0.603112 0.605732
vt 0.610214 0.605801
vt 0.603503 0.610482
vt 0.610661 0.610532
vt 0.603792 0.615289
vt 0.610988 0.615322
vt 0.603971 0.620135
vt 0.611189 0.620151
vt 0.604032 0.625000
vt 0.611258 0.625000
vt 0.603971 0.629865
vt 0.611189 0.629849
vt 0.603792 0.634711
vt 0.610988 0.634678
vt 0.603503 0.639518
vt 0.610661 0.639468
vt 0.603112 0.644268
vt 0.610214 0.644199
vt 0.602626 0.648940
vt 0.609654 0.648852
vt 0.602054 0.653516
vt 0.608987 0.653406
vt 0.601402 0.657977
vt 0.608220 0.657841
vt 0.600678 0.662302
vt 0.607358 0.662139
vt 0.599896 0.666472
vt 0.606413 0.666279
vt 0.599087 0.670465
vt 0.605410 0.670234
vt 0.598290 0.674258
vt 0.604381 0.673977
vt 0.597540 0.677826
vt 0.603354 0.677482
vt 0.596910 0.681175
vt 0.602381 0.680749
vt 0.596524 0.684226
vt 0.601586 0.683632
vt 0.596404 0.686984
vt 0.600979 0.686170
vt 0.591330 0.562072
vt 0.591097 0.565022
vt 0.591190 0.568220
vt 0.591546 0.571662
vt 0.592055 0.575319
vt 0.592648 0.579181
vt 0.593282 0.583231
vt 0.593916 0.587448
vt 0.594512 0.591815
vt 0.595058 0.596313
vt 0.595543 0.600923
vt 0.595960 0.605626
vt 0.596300 0.610404
vt 0.596553 0.615238
vt 0.596712 0.620110
vt 0.596766 0.625000
vt 0.596712 0.629890
vt 0.596553 0.634762
vt 0.596300 0.639596
vt 0.595960 0.644374
vt 0.595543 0.649078
vt 0.595058 0.653687
vt 0.594512 0.658185
vt 0.593916 0.662552
vt 0.593282 0.666770
vt 0.592648 0.670819
vt 0.592055 0.674681
vt 0.591546 0.678338
vt 0.591190 0.681780
vt 0.591097 0.684978
vt 0.591330 0.687928
vt 0.585688 0.561005
vt 0.585291 0.564129
vt 0.585211 0.567474
vt 0.585366 0.571030
vt 0.585676 0.574788
vt 0.586093 0.578733
vt 0.586572 0.582851
vt 0.587072 0.587127
vt 0.587554 0.591547
vt 0.588003 0.596092
vt 0.588409 0.600746
vt 0.588763 0.605489
vt 0.589055 0.610304
vt 0.589276 0.615173
vt 0.589415 0.620077
vt 0.589464 0.625000
vt 0.589415 0.629923
vt 0.589276 0.634828
vt 0.589055 0.639697
vt 0.588763 0.644511
vt 0.588409 0.649255
vt 0.588003 0.653908
vt 0.587554 0.658453
vt 0.587072 0.662873
vt 0.586572 0.667149
vt 0.586093 0.671267
vt 0.585676 0.675213
vt 0.585366 0.678970
vt 0.585211 0.682526
vt 0.585291 0.685871
vt 0.585688 0.688995
vt 0.579719 0.559912
vt 0.579223 0.563180
vt 0.579001 0.566655
vt 0.578996 0.570326
vt 0.579150 0.574183
vt 0.579422 0.578215
vt 0.579769 0.582409
vt 0.580150 0.586753
vt 0.580529 0.591233
vt 0.580892 0.595834
vt 0.581226 0.600537
vt 0.581524 0.605327
vt 0.581773 0.610185
vt 0.581963 0.615095
vt 0.582085 0.620039
vt 0.582128 0.625000
vt 0.582085 0.629961
vt 0.581963 0.634905
vt 0.581773 0.639815
vt 0.581524 0.644673
vt 0.581227 0.649463
vt 0.580892 0.654166
vt 0.580529 0.658767
vt 0.580150 0.663247
vt 0.579769 0.667591
vt 0.579422 0.671785
vt 0.579150 0.675817
vt 0.578996 0.679674
vt 0.579001 0.683346
vt 0.579223 0.686820
vt 0.579719 0.690089
vt 0.573418 0.558823
vt 0.572871 0.562215
vt 0.572560 0.565804
vt 0.572444 0.569581
vt 0.572483 0.573535
vt 0.572638 0.577654
vt 0.572873 0.581927
vt 0.573151 0.586342
vt 0.573441 0.590888
vt 0.573727 0.595548
vt 0.573998 0.600307
vt 0.574244 0.605147
vt 0.574454 0.610053
vt 0.574617 0.615008
vt 0.574723 0.619996
vt 0.574761 0.625000
vt 0.574723 0.630004
vt 0.574617 0.634992
vt 0.574454 0.639947
vt 0.574244 0.644853
vt 0.573998 0.649693
vt 0.573727 0.654452
vt 0.573441 0.659112
vt 0.573151 0.663658
vt 0.572873 0.668073
vt 0.572638 0.672346
vt 0.572483 0.676465
vt 0.572444 0.680419
vt 0.572560 0.684196
vt 0.572871 0.687786
vt 0.573418 0.691177
vt 0.566828 0.557766
vt 0.566266 0.561262
vt 0.565908 0.564953
vt 0.565722 0.568825
vt 0.565677 0.572869
vt 0.565742 0.577073
vt 0.565886 0.581424
vt 0.566078 0.585913
vt 0.566292 0.590525
vt 0.566511 0.595247
vt 0.566727 0.600063
vt 0.566928 0.604956
vt 0.567103 0.609913
vt 0.567241 0.614916
vt 0.567332 0.619950
vt 0.567365 0.625000
vt 0.567332 0.630050
vt 0.567241 0.635084
vt 0.567103 0.640088
vt 0.566928 0.645044
vt 0.566727 0.649938
vt 0.566511 0.654753
vt 0.566292 0.659475
vt 0.566078 0.664088
vt 0.565886 0.668576
vt 0.565742 0.672927
vt 0.565677 0.677131
vt 0.565722 0.681175
vt 0.565908 0.685048
vt 0.566266 0.688738
vt 0.566828 0.692234
vt 0.559989 0.556765
vt 0.559441 0.560351
vt 0.559066 0.564129
vt 0.558841 0.568087
vt 0.558740 0.572214
vt 0.558738 0.576496
vt 0.558811 0.580922
vt 0.558933 0.585480
vt 0.559084 0.590158
vt 0.559248 0.594941
vt 0.559417 0.599813
vt 0.559578 0.604761
vt 0.559722 0.609768
vt 0.559839 0.614820
vt 0.559916 0.619903
vt 0.559944 0.625000
vt 0.559916 0.630097
vt 0.559839 0.635180
vt 0.559722 0.640232
vt 0.559578 0.645240
vt 0.559417 0.650187
vt 0.559248 0.655059
vt 0.559084 0.659842
vt 0.558933 0.664520
vt 0.558811 0.669078
vt 0.558738 0.673504
vt 0.558740 0.677787
vt 0.558841 0.681913
vt 0.559066 0.685871
vt 0.559441 0.689649
vt 0.559989 0.693235
vt 0.552941 0.555843
vt 0.552424 0.559506
vt 0.552054 0.563360
vt 0.551811 0.567393
vt 0.551676 0.571592
vt 0.551629 0.575945
vt 0.551650 0.580439
vt 0.551720 0.585062
vt 0.551820 0.589800
vt 0.551941 0.594640
vt 0.552070 0.599567
vt 0.552198 0.604567
vt 0.552315 0.609624
vt 0.552411 0.614725
vt 0.552477 0.619855
vt 0.552501 0.625000
vt 0.552477 0.630145
vt 0.552411 0.635275
vt 0.552315 0.640376
vt 0.552198 0.645433
vt 0.552070 0.650433
vt 0.551941 0.655360
vt 0.551820 0.660200
vt 0.551720 0.664938
vt 0.551650 0.669561
vt 0.551629 0.674055
vt 0.551676 0.678408
vt 0.551811 0.682607
vt 0.552054 0.686640
vt 0.552424 0.690494
vt 0.552941 0.694157
vt 0.545713 0.555013
vt 0.545243 0.558741
vt 0.544894 0.562660
vt 0.544652 0.566757
vt 0.544501 0.571019
vt 0.544426 0.575434
vt 0.544413 0.579987
vt 0.544445 0.584668
vt 0.544508 0.589461
vt 0.544593 0.594354
vt 0.544691 0.599332
vt 0.544791 0.604380
vt 0.544885 0.609485
vt 0.544963 0.614633
vt 0.545017 0.619810
vt 0.545037 0.625000
vt 0.545017 0.630190
vt 0.544963 0.635367
vt 0.544885 0.640515
vt 0.544791 0.645620
vt 0.544691 0.650669
vt 0.544593 0.655646
vt 0.544508 0.660539
vt 0.544445 0.665332
vt 0.544413 0.670013
vt 0.544426 0.674567
vt 0.544501 0.678981
vt 0.544652 0.683243
vt 0.544894 0.687340
vt 0.545243 0.691259
vt 0.545713 0.694987
vt 0.538331 0.554283
vt 0.537919 0.558065
vt 0.537606 0.562038
vt 0.537381 0.566189
vt 0.537230 0.570505
vt 0.537144 0.574972
vt 0.537110 0.579577
vt 0.537117 0.584308
vt 0.537154 0.589150
vt 0.537213 0.594090
vt 0.537284 0.599113
vt 0.537361 0.604207
vt 0.537435 0.609356
vt 0.537497 0.614548
vt 0.537541 0.619767
vt 0.537557 0.625000
vt 0.537541 0.630233
vt 0.537497 0.635453
vt 0.537435 0.640644
vt 0.537361 0.645793
vt 0.537284 0.650887
vt 0.537213 0.655910
vt 0.537154 0.660851
vt 0.537117 0.665693
vt 0.537110 0.670423
vt 0.537144 0.675029
vt 0.537230 0.679496
vt 0.537381 0.683811
vt 0.537606 0.687962
vt 0.537919 0.691935
vt 0.538331 0.695717
vt 0.530819 0.553665
vt 0.530477 0.557489
vt 0.530212 0.561506
vt 0.530016 0.565700
vt 0.529880 0.570059
vt 0.529795 0.574570
vt 0.529753 0.579219
vt 0.529746 0.583991
vt 0.529765 0.588875
vt 0.529804 0.593856
vt 0.529855 0.598919
vt 0.529912 0.604052
vt 0.529968 0.609241
vt 0.530016 0.614471
vt 0.530050 0.619729
vt 0.530062 0.625000
vt 0.530050 0.630272
vt 0.530016 0.635529
vt 0.529968 0.640759
vt 0.529912 0.645948
vt 0.529855 0.651081
vt 0.529804 0.656145
vt 0.529765 0.661125
vt 0.529746 0.666009
vt 0.529753 0.670782
vt 0.529795 0.675430
vt 0.529880 0.679941
vt 0.530016 0.684300
vt 0.530212 0.688495
vt 0.530477 0.692511
vt 0.530819 0.696335
vt 0.523205 0.553167
vt 0.522941 0.557024
vt 0.522734 0.561073
vt 0.522577 0.565301
vt 0.522466 0.569694
vt 0.522393 0.574239
vt 0.522353 0.578922
vt 0.522340 0.583729
vt 0.522349 0.588646
vt 0.522373 0.593660
vt 0.522407 0.598756
vt 0.522447 0.603922
vt 0.522487 0.609143
vt 0.522522 0.614406
vt 0.522547 0.619696
vt 0.522557 0.625000
vt 0.522547 0.630304
vt 0.522522 0.635594
vt 0.522487 0.640857
vt 0.522447 0.646078
vt 0.522407 0.651244
vt 0.522373 0.656340
vt 0.522349 0.661354
vt 0.522340 0.666272
vt 0.522353 0.671078
vt 0.522393 0.675761
vt 0.522466 0.680306
vt 0.522577 0.684699
vt 0.522734 0.688927
vt 0.522941 0.692976
vt 0.523205 0.696833
vt 0.515513 0.552799
vt 0.515333 0.556679
vt 0.515191 0.560751
vt 0.515083 0.565003
vt 0.515004 0.569421
vt 0.514951 0.573990
vt 0.514920 0.578697
vt 0.514908 0.583529
vt 0.514911 0.588471
vt 0.514924 0.593510
vt 0.514946 0.598632
vt 0.514971 0.603822
vt 0.514997 0.609068
vt 0.515020 0.614356
vt 0.515036 0.619671
vt 0.515043 0.625000
vt 0.515036 0.630329
vt 0.515020 0.635644
vt 0.514997 0.640932
vt 0.514971 0.646178
vt 0.514946 0.651368
vt 0.514924 0.656490
vt 0.514911 0.661529
vt 0.514908 0.666471
vt 0.514920 0.671303
vt 0.514951 0.676010
vt 0.515004 0.680580
vt 0.515082 0.684997
vt 0.515191 0.689249
vt 0.515333 0.693322
vt 0.515513 0.697201
vt 0.507769 0.552571
vt 0.507679 0.556464
vt 0.507606 0.560550
vt 0.507551 0.564816
vt 0.507510 0.569248
vt 0.507482 0.573832
vt 0.507466 0.578555
vt 0.507458 0.583402
vt 0.507459 0.588360
vt 0.507465 0.593414
vt 0.507475 0.598552
vt 0.507488 0.603758
vt 0.507500 0.609020
vt 0.507511 0.614324
vt 0.507520 0.619655
vt 0.507523 0.625000
vt 0.507520 0.630345
vt 0.507512 0.635676
vt 0.507500 0.640980
vt 0.507488 0.646242
vt 0.507475 0.651448
vt 0.507465 0.656586
vt 0.507459 0.661640
vt 0.507458 0.666598
vt 0.507466 0.671445
vt 0.507482 0.676168
vt 0.507510 0.680752
vt 0.507551 0.685184
vt 0.507606 0.689450
vt 0.507678 0.693536
vt 0.507769 0.697429
vt 0.500000 0.552493
vt 0.500000 0.556390
vt 0.500000 0.560481
vt 0.500000 0.564752
vt 0.500000 0.569188
vt 0.500000 0.573778
vt 0.500000 0.578505
vt 0.500000 0.583357
vt 0.500000 0.588320
vt 0.500000 0.593380
vt 0.500000 0.598523
vt 0.500000 0.603736
vt 0.500000 0.609003
vt 0.500000 0.614312
vt 0.500000 0.619649
vt 0.500000 0.625000
vt 0.500000 0.630351
vt 0.500000 0.635688
vt 0.500000 0.640997
vt 0.500000 0.646264
vt 0.500000 0.651477
vt 0.500000 0.656620
vt 0.500000 0.661680
vt 0.500000 0.666643
vt 0.500000 0.671495
vt 0.500000 0.676222
vt 0.500000 0.680812
vt 0.500000 0.685249
vt 0.500000 0.689519
vt 0.500000 0.693610
vt 0.500000 0.697507
vt 0.492231 0.552571
vt 0.492322 0.556464
vt 0.492394 0.560550
vt 0.492449 0.564816
vt 0.492490 0.569248
vt 0.492518 0.573832
vt 0.492534 0.578555
vt 0.492542 0.583402
vt 0.492541 0.588360
vt 0.492535 0.593414
vt 0.492525 0.598552
vt 0.492513 0.603758
vt 0.492500 0.609020
vt 0.492489 0.614324
vt 0.492480 0.619655
vt 0.492477 0.625000
vt 0.492480 0.630345
vt 0.492489 0.635676
vt 0.492500 0.640980
vt 0.492513 0.646242
vt 0.492525 0.651448
vt 0.492535 0.656586
vt 0.492541 0.661641
vt 0.492542 0.666598
vt 0.492534 0.671445
vt 0.492518 0.676168
vt 0.492490 0.680752
vt 0.492449 0.685184
vt 0.492394 0.689450
vt 0.492322 0.693536
vt 0.492231 0.697429
vt 0.484487 0.552799
vt 0.484667 0.556678
vt 0.484809 0.560751
vt 0.484918 0.565003
vt 0.484996 0.569420
vt 0.485049 0.573990
vt 0.485080 0.578697
vt 0.485092 0.583529
vt 0.485089 0.588471
vt 0.485076 0.593510
vt 0.485054 0.598632
vt 0.485029 0.603822
vt 0.485003 0.609068
vt 0.484980 0.614356
vt 0.484964 0.619671
vt 0.484957 0.625000
vt 0.484964 0.630329
vt 0.484980 0.635644
vt 0.485003 0.640932
vt 0.485029 0.646178
vt 0.485054 0.651368
vt 0.485076 0.656490
vt 0.485089 0.661529
vt 0.485092 0.666471
vt 0.485080 0.671303
vt 0.485049 0.676010
vt 0.484996 0.680580
vt 0.484918 0.684997
vt 0.484809 0.689249
vt 0.484667 0.693322
vt 0.484487 0.697201
vt 0.476795 0.553167
vt 0.477059 0.557024
vt 0.477266 0.561073
vt 0.477423 0.565301
vt 0.477534 0.569694
vt 0.477607 0.574239
vt 0.477647 0.578922
vt 0.477660 0.583729
vt 0.477652 0.588646
vt 0.477628 0.593660
vt 0.477593 0.598756
vt 0.477553 0.603922
vt 0.477513 0.609143
vt 0.477478 0.614406
vt 0.477453 0.619696
vt 0.477443 0.625000
vt 0.477453 0.630304
vt 0.477478 0.635594
vt 0.477513 0.640857
vt 0.477553 0.646078
vt 0.477593 0.651244
vt 0.477628 0.656340
vt 0.477652 0.661354
vt 0.477660 0.666272
vt 0.477647 0.671078
vt 0.477607 0.675761
vt 0.477534 0.680306
vt 0.477423 0.684699
vt 0.477266 0.688927
vt 0.477059 0.692976
vt 0.476795 0.696833
vt 0.469181 0.553665
vt 0.469523 0.557489
vt 0.469788 0.561506
vt 0.469984 0.565700
vt 0.470120 0.570059
vt 0.470205 0.574570
vt 0.470247 0.579219
vt 0.470254 0.583991
vt 0.470235 0.588875
vt 0.470196 0.593856
vt 0.470145 0.598919
vt 0.470088 0.604052
vt 0.470033 0.609241
vt 0.469984 0.614471
vt 0.469950 0.619729
vt 0.469938 0.625000
vt 0.469950 0.630272
vt 0.469984 0.635529
vt 0.470033 0.640759
vt 0.470088 0.645948
vt 0.470145 0.651081
vt 0.470196 0.656145
vt 0.470235 0.661125
vt 0.470254 0.666009
vt 0.470247 0.670782
vt 0.470205 0.675430
vt 0.470120 0.679941
vt 0.469984 0.684300
vt 0.469788 0.688495
vt 0.469523 0.692511
vt 0.469181 0.696335
vt 0.461669 0.554283
vt 0.462081 0.558065
vt 0.462394 0.562038
vt 0.462620 0.566189
vt 0.462770 0.570504
vt 0.462856 0.574972
vt 0.462890 0.579577
vt 0.462883 0.584308
vt 0.462846 0.589150
vt 0.462787 0.594089
vt 0.462716 0.599113
vt 0.462639 0.604207
vt 0.462566 0.609356
vt 0.462503 0.614548
vt 0.462459 0.619767
vt 0.462443 0.625000
vt 0.462459 0.630233
vt 0.462503 0.635452
vt 0.462566 0.640644
vt 0.462639 0.645793
vt 0.462716 0.650887
vt 0.462787 0.655911
vt 0.462846 0.660850
vt 0.462883 0.665693
vt 0.462890 0.670423
vt 0.462856 0.675028
vt 0.462770 0.679496
vt 0.462620 0.683811
vt 0.462394 0.687962
vt 0.462081 0.691935
vt 0.461670 0.695717
vt 0.454287 0.555013
vt 0.454757 0.558741
vt 0.455106 0.562660
vt 0.455348 0.566757
vt 0.455499 0.571019
vt 0.455574 0.575434
vt 0.455587 0.579987
vt 0.455555 0.584668
vt 0.455492 0.589461
vt 0.455407 0.594354
vt 0.455309 0.599331
vt 0.455209 0.604380
vt 0.455115 0.609486
vt 0.455037 0.614633
vt 0.454983 0.619810
vt 0.454963 0.625000
vt 0.454983 0.630190
vt 0.455037 0.635367
vt 0.455115 0.640515
vt 0.455209 0.645620
vt 0.455309 0.650669
vt 0.455407 0.655646
vt 0.455492 0.660539
vt 0.455555 0.665332
vt 0.455588 0.670013
vt 0.455574 0.674567
vt 0.455499 0.678981
vt 0.455348 0.683243
vt 0.455106 0.687340
vt 0.454757 0.691259
vt 0.454287 0.694987
vt 0.447059 0.555843
vt 0.447576 0.559506
vt 0.447946 0.563360
vt 0.448189 0.567393
vt 0.448324 0.571592
vt 0.448371 0.575945
vt 0.448350 0.580439
vt 0.448280 0.585062
vt 0.448180 0.589800
vt 0.448060 0.594640
vt 0.447930 0.599567
vt 0.447802 0.604567
vt 0.447685 0.609624
vt 0.447589 0.614725
vt 0.447523 0.619855
vt 0.447499 0.625000
vt 0.447523 0.630145
vt 0.447589 0.635275
vt 0.447685 0.640376
vt 0.447802 0.645433
vt 0.447930 0.650433
vt 0.448060 0.655360
vt 0.448180 0.660200
vt 0.448280 0.664938
vt 0.448350 0.669561
vt 0.448371 0.674055
vt 0.448324 0.678408
vt 0.448189 0.682607
vt 0.447946 0.686640
vt 0.447576 0.690494
vt 0.447059 0.694157
vt 0.440011 0.556765
vt 0.440559 0.560351
vt 0.440934 0.564129
vt 0.441159 0.568087
vt 0.441261 0.572214
vt 0.441262 0.576496
vt 0.441189 0.580922
vt 0.441067 0.585480
vt 0.440917 0.590158
vt 0.440752 0.594941
vt 0.440584 0.599813
vt 0.440422 0.604761
vt 0.440278 0.609768
vt 0.440162 0.614820
vt 0.440084 0.619903
vt 0.440056 0.625000
vt 0.440084 0.630097
vt 0.440162 0.635180
vt 0.440278 0.640232
vt 0.440422 0.645239
vt 0.440584 0.650187
vt 0.440752 0.655059
vt 0.440917 0.659842
vt 0.441067 0.664520
vt 0.441189 0.669078
vt 0.441262 0.673504
vt 0.441261 0.677787
vt 0.441159 0.681913
vt 0.440934 0.685871
vt 0.440559 0.689649
vt 0.440011 0.693235
vt 0.433172 0.557766
vt 0.433734 0.561262
vt 0.434092 0.564952
vt 0.434278 0.568825
vt 0.434323 0.572869
vt 0.434258 0.577073
vt 0.434114 0.581425
vt 0.433922 0.585913
vt 0.433709 0.590525
vt 0.433489 0.595247
vt 0.433273 0.600063
vt 0.433072 0.604956
vt 0.432897 0.609913
vt 0.432759 0.614916
vt 0.432668 0.619950
vt 0.432635 0.625000
vt 0.432668 0.630050
vt 0.432759 0.635084
vt 0.432897 0.640088
vt 0.433072 0.645044
vt 0.433273 0.649938
vt 0.433489 0.654753
vt 0.433709 0.659475
vt 0.433922 0.664087
vt 0.434114 0.668576
vt 0.434258 0.672927
vt 0.434323 0.677131
vt 0.434278 0.681175
vt 0.434092 0.685048
vt 0.433734 0.688738
vt 0.433172 0.692234
vt 0.426582 0.558823
vt 0.427129 0.562215
vt 0.427440 0.565804
vt 0.427556 0.569581
vt 0.427517 0.573535
vt 0.427362 0.577654
vt 0.427127 0.581927
vt 0.426849 0.586342
vt 0.426559 0.590888
vt 0.426273 0.595548
vt 0.426002 0.600307
vt 0.425756 0.605147
vt 0.425546 0.610053
vt 0.425383 0.615008
vt 0.425277 0.619996
vt 0.425239 0.625000
vt 0.425277 0.630004
vt 0.425383 0.634992
vt 0.425546 0.639947
vt 0.425756 0.644853
vt 0.426002 0.649693
vt 0.426273 0.654452
vt 0.426559 0.659112
vt 0.426849 0.663658
vt 0.427127 0.668073
vt 0.427362 0.672346
vt 0.427518 0.676465
vt 0.427556 0.680419
vt 0.427440 0.684196
vt 0.427129 0.687786
vt 0.426582 0.691177
vt 0.420281 0.559912
vt 0.420777 0.563180
vt 0.420999 0.566655
vt 0.421004 0.570326
vt 0.420850 0.574183
vt 0.420578 0.578215
vt 0.420231 0.582409
vt 0.419850 0.586753
vt 0.419471 0.591233
vt 0.419108 0.595834
vt 0.418774 0.600538
vt 0.418477 0.605327
vt 0.418228 0.610185
vt 0.418037 0.615095
vt 0.417915 0.620039
vt 0.417872 0.625000
vt 0.417915 0.629961
vt 0.418037 0.634905
vt 0.418228 0.639815
vt 0.418477 0.644673
vt 0.418774 0.649463
vt 0.419108 0.654166
vt 0.419471 0.658767
vt 0.419850 0.663247
vt 0.420231 0.667591
vt 0.420578 0.671785
vt 0.420850 0.675817
vt 0.421005 0.679674
vt 0.420999 0.683346
vt 0.420777 0.686820
vt 0.420281 0.690089
vt 0.414312 0.561005
vt 0.414709 0.564129
vt 0.414789 0.567474
vt 0.414635 0.571030
vt 0.414324 0.574788
vt 0.413907 0.578733
vt 0.413428 0.582851
vt 0.412928 0.587127
vt 0.412446 0.591547
vt 0.411997 0.596092
vt 0.411591 0.600746
vt 0.411237 0.605489
vt 0.410945 0.610304
vt 0.410724 0.615173
vt 0.410585 0.620077
vt 0.410536 0.625000
vt 0.410585 0.629923
vt 0.410724 0.634828
vt 0.410945 0.639697
vt 0.411237 0.644511
vt 0.411591 0.649255
vt 0.411997 0.653908
vt 0.412446 0.658453
vt 0.412928 0.662873
vt 0.413428 0.667149
vt 0.413907 0.671268
vt 0.414324 0.675213
vt 0.414634 0.678970
vt 0.414789 0.682526
vt 0.414709 0.685871
vt 0.414312 0.688995
vt 0.408670 0.562072
vt 0.408903 0.565022
vt 0.408810 0.568220
vt 0.408454 0.571662
vt 0.407945 0.575319
vt 0.407352 0.579181
vt 0.406718 0.583231
vt 0.406084 0.587448
vt 0.405488 0.591815
vt 0.404942 0.596313
vt 0.404457 0.600923
vt 0.404040 0.605626
vt 0.403700 0.610404
vt 0.403447 0.615238
vt 0.403289 0.620110
vt 0.403234 0.625000
vt 0.403288 0.629890
vt 0.403447 0.634762
vt 0.403700 0.639596
vt 0.404040 0.644374
vt 0.404457 0.649077
vt 0.404942 0.653687
vt 0.405488 0.658185
vt 0.406084 0.662552
vt 0.406718 0.666770
vt 0.407352 0.670819
vt 0.407945 0.674681
vt 0.408454 0.678338
vt 0.408810 0.681780
vt 0.408903 0.684978
vt 0.408670 0.687928
vt 0.403596 0.563016
vt 0.403476 0.565774
vt 0.403090 0.568825
vt 0.402460 0.572174
vt 0.401711 0.575743
vt 0.400913 0.579535
vt 0.400104 0.583528
vt 0.399322 0.587698
vt 0.398598 0.592024
vt 0.397947 0.596484
vt 0.397374 0.601060
vt 0.396888 0.605732
vt 0.396497 0.610482
vt 0.396208 0.615289
vt 0.396030 0.620135
vt 0.395968 0.625000
vt 0.396030 0.629865
vt 0.396208 0.634711
vt 0.396497 0.639518
vt 0.396888 0.644268
vt 0.397374 0.648940
vt 0.397947 0.653516
vt 0.398598 0.657977
vt 0.399322 0.662302
vt 0.400104 0.666472
vt 0.400913 0.670465
vt 0.401711 0.674258
vt 0.402460 0.677826
vt 0.403090 0.681175
vt 0.403476 0.684226
vt 0.403596 0.686984
vt 0.399021 0.563830
vt 0.398414 0.566368
vt 0.397619 0.569251
vt 0.396646 0.572518
vt 0.395620 0.576023
vt 0.394590 0.579767
vt 0.393587 0.583722
vt 0.392642 0.587861
vt 0.391780 0.592159
vt 0.391013 0.596595
vt 0.390346 0.601148
vt 0.389786 0.605801
vt 0.389339 0.610532
vt 0.389012 0.615322
vt 0.388811 0.620151
vt 0.388742 0.625000
vt 0.388811 0.629849
vt 0.389012 0.634678
vt 0.389339 0.639468
vt 0.389786 0.644199
vt 0.390346 0.648852
vt 0.391013 0.653406
vt 0.391780 0.657841
vt 0.392642 0.662139
vt 0.393587 0.666279
vt 0.394590 0.670234
vt 0.395620 0.673977
vt 0.396646 0.677482
vt 0.397619 0.680749
vt 0.398414 0.683632
vt 0.399021 0.686170
vt 0.600455 0.561483
vt 0.399545 0.561483
vt 0.403604 0.560430
vt 0.408198 0.559315
vt 0.413514 0.558110
vt 0.419452 0.556860
vt 0.425756 0.555641
vt 0.432376 0.554475
vt 0.439264 0.553383
vt 0.446376 0.552384
vt 0.453679 0.551489
vt 0.461148 0.550706
vt 0.468754 0.550046
vt 0.476469 0.549516
vt 0.484267 0.549127
vt 0.492120 0.548886
vt 0.500000 0.548804
vt 0.507880 0.548886
vt 0.515733 0.549127
vt 0.523531 0.549516
vt 0.531246 0.550046
vt 0.538852 0.550706
vt 0.546321 0.551489
vt 0.553624 0.552384
vt 0.560736 0.553384
vt 0.567624 0.554475
vt 0.574244 0.555641
vt 0.580548 0.556860
vt 0.586486 0.558110
vt 0.591802 0.559315
vt 0.596396 0.560430
vt 0.397350 0.559927
vt 0.401699 0.558419
vt 0.399610 0.556499
vt 0.394955 0.558408
vt 0.397086 0.554661
vt 0.392129 0.556884
vt 0.394115 0.552892
vt 0.388827 0.555337
vt 0.390832 0.551195
vt 0.385239 0.553812
vt 0.387261 0.549541
vt 0.381373 0.552298
vt 0.383422 0.547927
vt 0.377247 0.550798
vt 0.379335 0.546353
vt 0.372877 0.549318
vt 0.375016 0.544815
vt 0.368278 0.547862
vt 0.370462 0.543311
vt 0.363445 0.546427
vt 0.365666 0.541838
vt 0.358370 0.545012
vt 0.360623 0.540392
vt 0.353047 0.543615
vt 0.355324 0.538970
vt 0.347467 0.542232
vt 0.349762 0.537569
vt 0.341623 0.540863
vt 0.343932 0.536186
vt 0.335507 0.539505
vt 0.337826 0.534817
vt 0.329110 0.538156
vt 0.331431 0.533456
vt 0.322420 0.536809
vt 0.324716 0.532087
vt 0.315401 0.535449
vt 0.317641 0.530690
vt 0.308011 0.534055
vt 0.310168 0.529247
vt 0.300208 0.532606
vt 0.302259 0.527737
vt 0.291950 0.531083
vt 0.293875 0.526141
vt 0.283196 0.529464
vt 0.284978 0.524440
vt 0.273904 0.527730
vt 0.275530 0.522615
vt 0.264032 0.525860
vt 0.265482 0.520643
vt 0.253522 0.523829
vt 0.254742 0.518486
vt 0.242243 0.521586
vt 0.243209 0.516104
vt 0.230051 0.519077
vt 0.230781 0.513456
vt 0.216797 0.516247
vt 0.216530 0.510226
vt 0.200867 0.512547
vt 0.200779 0.506515
vt 0.182451 0.508037
vt 0.185302 0.502911
vt 0.164119 0.503570
vt 0.406646 0.556928
vt 0.404807 0.554694
vt 0.402537 0.552608
vt 0.399859 0.550646
vt 0.396858 0.548782
vt 0.393569 0.546992
vt 0.390012 0.545268
vt 0.386209 0.543603
vt 0.382176 0.541989
vt 0.377910 0.540421
vt 0.373406 0.538895
vt 0.368657 0.537406
vt 0.363658 0.535950
vt 0.358402 0.534524
vt 0.352883 0.533122
vt 0.347095 0.531741
vt 0.341028 0.530374
vt 0.334652 0.529006
vt 0.327935 0.527617
vt 0.320842 0.526192
vt 0.313340 0.524711
vt 0.305397 0.523157
vt 0.296978 0.521513
vt 0.288051 0.519759
vt 0.278579 0.517878
vt 0.268517 0.515847
vt 0.257818 0.513645
vt 0.246434 0.511248
vt 0.234085 0.508555
vt 0.220985 0.505633
vt 0.207830 0.502706
vt 0.412251 0.555447
vt 0.410550 0.552992
vt 0.408458 0.550712
vt 0.406021 0.548578
vt 0.403282 0.546561
vt 0.400265 0.544645
vt 0.396988 0.542818
vt 0.393471 0.541067
vt 0.389729 0.539381
vt 0.385760 0.537754
vt 0.381558 0.536180
vt 0.377119 0.534654
vt 0.372437 0.533171
vt 0.367507 0.531725
vt 0.362323 0.530311
vt 0.356879 0.528925
vt 0.351168 0.527558
vt 0.345165 0.526198
vt 0.338843 0.524827
vt 0.332174 0.523430
vt 0.325131 0.521991
vt 0.317687 0.520493
vt 0.309815 0.518922
vt 0.301487 0.517260
vt 0.292680 0.515494
vt 0.283389 0.513615
vt 0.273614 0.511615
vt 0.263353 0.509489
vt 0.252627 0.507234
vt 0.241537 0.504879
vt 0.230204 0.502456
vt 0.418247 0.554029
vt 0.416678 0.551403
vt 0.414775 0.548957
vt 0.412564 0.546670
vt 0.410073 0.544521
vt 0.407320 0.542492
vt 0.404320 0.540570
vt 0.401091 0.538740
vt 0.397644 0.536988
vt 0.393979 0.535308
vt 0.390091 0.533691
vt 0.385975 0.532133
vt 0.381626 0.530627
vt 0.377040 0.529168
vt 0.372212 0.527748
vt 0.367138 0.526362
vt 0.361809 0.525002
vt 0.356209 0.523656
vt 0.350315 0.522309
vt 0.344108 0.520949
vt 0.337567 0.519560
vt 0.330670 0.518130
vt 0.323398 0.516644
vt 0.315729 0.515089
vt 0.307651 0.513452
vt 0.299182 0.511734
vt 0.290348 0.509937
vt 0.281177 0.508061
vt 0.271702 0.506112
vt 0.261994 0.504107
vt 0.252130 0.502063
vt 0.424619 0.552674
vt 0.423179 0.549910
vt 0.421451 0.547330
vt 0.419453 0.544918
vt 0.417199 0.542656
vt 0.414703 0.540529
vt 0.411979 0.538522
vt 0.409038 0.536620
vt 0.405891 0.534809
vt 0.402537 0.533080
vt 0.398972 0.531427
vt 0.395191 0.529842
vt 0.391191 0.528319
vt 0.386967 0.526850
vt 0.382515 0.525429
vt 0.377832 0.524048
vt 0.372911 0.522699
vt 0.367739 0.521373
vt 0.362304 0.520056
vt 0.356590 0.518738
vt 0.350584 0.517406
vt 0.344272 0.516049
vt 0.337639 0.514655
vt 0.330671 0.513212
vt 0.323363 0.511713
vt 0.315742 0.510158
vt 0.307844 0.508552
vt 0.299706 0.506901
vt 0.291365 0.505211
vt 0.282870 0.503491
vt 0.274273 0.501751
vt 0.431320 0.551398
vt 0.430007 0.548522
vt 0.428448 0.545834
vt 0.426651 0.543319
vt 0.424627 0.540963
vt 0.422385 0.538751
vt 0.419934 0.536669
vt 0.417283 0.534703
vt 0.414441 0.532839
vt 0.411404 0.531069
vt 0.408171 0.529384
vt 0.404736 0.527778
vt 0.401098 0.526242
vt 0.397251 0.524768
vt 0.393194 0.523349
vt 0.388921 0.521977
vt 0.384429 0.520644
vt 0.379711 0.519341
vt 0.374759 0.518058
vt 0.369564 0.516784
vt 0.364120 0.515512
vt 0.358417 0.514230
vt 0.352447 0.512929
vt 0.346204 0.511601
vt 0.339686 0.510236
vt 0.332920 0.508838
vt 0.325940 0.507411
vt 0.318782 0.505959
vt 0.311479 0.504487
vt 0.304067 0.503000
vt 0.296583 0.501503
vt 0.438299 0.550214
vt 0.437117 0.547247
vt 0.435723 0.544471
vt 0.434124 0.541872
vt 0.432326 0.539437
vt 0.430334 0.537153
vt 0.428156 0.535007
vt 0.425797 0.532986
vt 0.423262 0.531077
vt 0.420549 0.529272
vt 0.417655 0.527562
vt 0.414577 0.525939
vt 0.411312 0.524394
vt 0.407858 0.522919
vt 0.404210 0.521506
vt 0.400367 0.520146
vt 0.396324 0.518831
vt 0.392080 0.517554
vt 0.387631 0.516305
vt 0.382975 0.515077
vt 0.378109 0.513863
vt 0.373030 0.512655
vt 0.367734 0.511444
vt 0.362220 0.510222
vt 0.356490 0.508984
vt 0.350566 0.507731
vt 0.344475 0.506463
vt 0.338246 0.505184
vt 0.331907 0.503896
vt 0.325484 0.502601
vt 0.319006 0.501302
vt 0.445511 0.549137
vt 0.444463 0.546095
vt 0.443237 0.543245
vt 0.441836 0.540576
vt 0.440263 0.538075
vt 0.438522 0.535732
vt 0.436617 0.533532
vt 0.434550 0.531466
vt 0.432325 0.529521
vt 0.429940 0.527688
vt 0.427393 0.525958
vt 0.424680 0.524322
vt 0.421800 0.522772
vt 0.418750 0.521299
vt 0.415527 0.519894
vt 0.412128 0.518549
vt 0.408553 0.517254
vt 0.404801 0.516003
vt 0.400872 0.514789
vt 0.396769 0.513606
vt 0.392491 0.512447
vt 0.388040 0.511306
vt 0.383417 0.510175
vt 0.378622 0.509049
vt 0.373660 0.507923
vt 0.368548 0.506794
vt 0.363309 0.505664
vt 0.357962 0.504533
vt 0.352531 0.503401
vt 0.347035 0.502267
vt 0.341497 0.501134
vt 0.452923 0.548178
vt 0.452016 0.545072
vt 0.450960 0.542162
vt 0.449757 0.539435
vt 0.448409 0.536881
vt 0.446918 0.534489
vt 0.445285 0.532247
vt 0.443512 0.530144
vt 0.441600 0.528170
vt 0.439548 0.526315
vt 0.437353 0.524571
vt 0.435013 0.522927
vt 0.432527 0.521375
vt 0.429892 0.519906
vt 0.427106 0.518511
vt 0.424167 0.517181
vt 0.421074 0.515906
vt 0.417829 0.514682
vt 0.414435 0.513501
vt 0.410896 0.512360
vt 0.407215 0.511251
vt 0.403395 0.510170
vt 0.399440 0.509111
vt 0.395352 0.508068
vt 0.391137 0.507036
vt 0.386809 0.506014
vt 0.382385 0.504999
vt 0.377880 0.503992
vt 0.373310 0.502989
vt 0.368692 0.501991
vt 0.364042 0.500995
vt 0.460507 0.547343
vt 0.459744 0.544187
vt 0.458861 0.541228
vt 0.457858 0.538455
vt 0.456735 0.535859
vt 0.455492 0.533428
vt 0.454132 0.531152
vt 0.452653 0.529022
vt 0.451056 0.527026
vt 0.449340 0.525155
vt 0.447503 0.523399
vt 0.445543 0.521751
vt 0.443459 0.520199
vt 0.441249 0.518736
vt 0.438911 0.517351
vt 0.436443 0.516036
vt 0.433846 0.514782
vt 0.431121 0.513583
vt 0.428274 0.512434
vt 0.425310 0.511330
vt 0.422232 0.510267
vt 0.419045 0.509238
vt 0.415754 0.508240
vt 0.412363 0.507267
vt 0.408878 0.506315
vt 0.405310 0.505380
vt 0.401669 0.504460
vt 0.397970 0.503553
vt 0.394222 0.502656
vt 0.390439 0.501766
vt 0.386632 0.500882
vt 0.468234 0.546641
vt 0.467619 0.543446
vt 0.466910 0.540449
vt 0.466107 0.537641
vt 0.465209 0.535012
vt 0.464216 0.532553
vt 0.463127 0.530252
vt 0.461943 0.528100
vt 0.460664 0.526088
vt 0.459287 0.524205
vt 0.457812 0.522443
vt 0.456238 0.520792
vt 0.454562 0.519243
vt 0.452785 0.517786
vt 0.450904 0.516412
vt 0.448917 0.515111
vt 0.446826 0.513876
vt 0.444633 0.512700
vt 0.442344 0.511579
vt 0.439962 0.510509
vt 0.437493 0.509484
vt 0.434941 0.508500
vt 0.432312 0.507552
vt 0.429609 0.506636
vt 0.426839 0.505747
vt 0.424009 0.504883
vt 0.421127 0.504038
vt 0.418203 0.503210
vt 0.415245 0.502396
vt 0.412261 0.501592
vt 0.409260 0.500794
vt 0.476075 0.546081
vt 0.475612 0.542856
vt 0.475079 0.539832
vt 0.474476 0.536999
vt 0.473802 0.534347
vt 0.473058 0.531866
vt 0.472241 0.529547
vt 0.471353 0.527381
vt 0.470392 0.525358
vt 0.469357 0.523467
vt 0.468248 0.521701
vt 0.467063 0.520049
vt 0.465802 0.518503
vt 0.464463 0.517052
vt 0.463046 0.515688
vt 0.461550 0.514400
vt 0.459973 0.513181
vt 0.458321 0.512025
vt 0.456597 0.510928
vt 0.454805 0.509885
vt 0.452949 0.508892
vt 0.451034 0.507943
vt 0.449064 0.507036
vt 0.447043 0.506164
vt 0.444975 0.505324
vt 0.442867 0.504512
vt 0.440724 0.503724
vt 0.438552 0.502955
vt 0.436356 0.502203
vt 0.434143 0.501462
vt 0.431918 0.500729
vt 0.484002 0.545671
vt 0.483692 0.542426
vt 0.483336 0.539383
vt 0.482934 0.536533
vt 0.482485 0.533865
vt 0.481989 0.531371
vt 0.481445 0.529041
vt 0.480852 0.526866
vt 0.480211 0.524835
vt 0.479520 0.522941
vt 0.478779 0.521172
vt 0.477988 0.519521
vt 0.477145 0.517977
vt 0.476249 0.516532
vt 0.475302 0.515175
vt 0.474301 0.513899
vt 0.473246 0.512693
vt 0.472141 0.511552
vt 0.470988 0.510473
vt 0.469790 0.509451
vt 0.468551 0.508481
vt 0.467274 0.507559
vt 0.465961 0.506680
vt 0.464617 0.505840
vt 0.463244 0.505035
vt 0.461845 0.504260
vt 0.460425 0.503510
vt 0.458987 0.502782
vt 0.457534 0.502072
vt 0.456070 0.501374
vt 0.454599 0.500685
vt 0.491987 0.545418
vt 0.491831 0.542163
vt 0.491653 0.539110
vt 0.491452 0.536250
vt 0.491228 0.533574
vt 0.490980 0.531072
vt 0.490708 0.528736
vt 0.490411 0.526555
vt 0.490090 0.524521
vt 0.489745 0.522625
vt 0.489374 0.520856
vt 0.488977 0.519205
vt 0.488555 0.517664
vt 0.488107 0.516222
vt 0.487632 0.514871
vt 0.487130 0.513601
vt 0.486602 0.512404
vt 0.486048 0.511274
vt 0.485471 0.510206
vt 0.484871 0.509197
vt 0.484251 0.508242
vt 0.483612 0.507336
vt 0.482956 0.506475
vt 0.482285 0.505654
vt 0.481600 0.504869
vt 0.480903 0.504115
vt 0.480195 0.503388
vt 0.479479 0.502684
vt 0.478756 0.501997
vt 0.478028 0.501324
vt 0.477296 0.500660
vt 0.500000 0.545333
vt 0.500000 0.542073
vt 0.500000 0.539017
vt 0.500000 0.536154
vt 0.500000 0.533475
vt 0.500000 0.530972
vt 0.500000 0.528634
vt 0.500000 0.526452
vt 0.500000 0.524417
vt 0.500000 0.522519
vt 0.500000 0.520750
vt 0.500000 0.519100
vt 0.500000 0.517560
vt 0.500000 0.516120
vt 0.500000 0.514771
vt 0.500000 0.513503
vt 0.500000 0.512309
vt 0.500000 0.511182
vt 0.500000 0.510119
vt 0.500000 0.509115
vt 0.500000 0.508164
vt 0.500000 0.507264
vt 0.500000 0.506409
vt 0.500000 0.505594
vt 0.500000 0.504816
vt 0.500000 0.504069
vt 0.500000 0.503349
vt 0.500000 0.502652
vt 0.500000 0.501974
vt 0.500000 0.501308
vt 0.500000 0.500652
vt 0.508013 0.545419
vt 0.508169 0.542163
vt 0.508347 0.539110
vt 0.508548 0.536250
vt 0.508772 0.533574
vt 0.509021 0.531072
vt 0.509293 0.528736
vt 0.509589 0.526555
vt 0.509910 0.524521
vt 0.510255 0.522625
vt 0.510626 0.520856
vt 0.511023 0.519205
vt 0.511445 0.517664
vt 0.511893 0.516222
vt 0.512368 0.514871
vt 0.512870 0.513601
vt 0.513398 0.512404
vt 0.513952 0.511274
vt 0.514529 0.510206
vt 0.515129 0.509197
vt 0.515749 0.508242
vt 0.516388 0.507336
vt 0.517044 0.506475
vt 0.517715 0.505654
vt 0.518400 0.504869
vt 0.519097 0.504115
vt 0.519805 0.503388
vt 0.520521 0.502684
vt 0.521244 0.501997
vt 0.521972 0.501324
vt 0.522704 0.500660
vt 0.515998 0.545671
vt 0.516308 0.542426
vt 0.516664 0.539383
vt 0.517066 0.536533
vt 0.517515 0.533865
vt 0.518011 0.531371
vt 0.518555 0.529041
vt 0.519148 0.526866
vt 0.519789 0.524835
vt 0.520480 0.522941
vt 0.521221 0.521172
vt 0.522013 0.519521
vt 0.522856 0.517977
vt 0.523751 0.516532
vt 0.524699 0.515175
vt 0.525700 0.513899
vt 0.526754 0.512693
vt 0.527859 0.511552
vt 0.529012 0.510473
vt 0.530210 0.509451
vt 0.531449 0.508481
vt 0.532726 0.507559
vt 0.534039 0.506680
vt 0.535383 0.505840
vt 0.536756 0.505035
vt 0.538155 0.504260
vt 0.539575 0.503510
vt 0.541013 0.502782
vt 0.542466 0.502072
vt 0.543930 0.501374
vt 0.545401 0.500685
vt 0.523925 0.546081
vt 0.524388 0.542856
vt 0.524921 0.539832
vt 0.525524 0.536999
vt 0.526198 0.534346
vt 0.526942 0.531866
vt 0.527759 0.529547
vt 0.528647 0.527381
vt 0.529608 0.525358
vt 0.530643 0.523467
vt 0.531752 0.521701
vt 0.532937 0.520049
vt 0.534198 0.518503
vt 0.535537 0.517052
vt 0.536954 0.515688
vt 0.538451 0.514400
vt 0.540027 0.513181
vt 0.541679 0.512025
vt 0.543404 0.510928
vt 0.545196 0.509885
vt 0.547051 0.508892
vt 0.548966 0.507943
vt 0.550936 0.507036
vt 0.552957 0.506164
vt 0.555025 0.505324
vt 0.557133 0.504512
vt 0.559276 0.503724
vt 0.561448 0.502955
vt 0.563644 0.502203
vt 0.565857 0.501462
vt 0.568082 0.500729
vt 0.531767 0.546641
vt 0.532381 0.543446
vt 0.533090 0.540449
vt 0.533893 0.537641
vt 0.534791 0.535013
vt 0.535785 0.532553
vt 0.536873 0.530252
vt 0.538057 0.528100
vt 0.539336 0.526088
vt 0.540713 0.524205
vt 0.542188 0.522443
vt 0.543762 0.520792
vt 0.545438 0.519243
vt 0.547215 0.517786
vt 0.549097 0.516412
vt 0.551083 0.515111
vt 0.553174 0.513876
vt 0.555367 0.512700
vt 0.557657 0.511579
vt 0.560038 0.510508
vt 0.562507 0.509484
vt 0.565059 0.508500
vt 0.567688 0.507552
vt 0.570391 0.506636
vt 0.573161 0.505747
vt 0.575991 0.504883
vt 0.578873 0.504038
vt 0.581797 0.503210
vt 0.584755 0.502396
vt 0.587739 0.501592
vt 0.590740 0.500794
vt 0.539494 0.547343
vt 0.540256 0.544187
vt 0.541139 0.541228
vt 0.542143 0.538455
vt 0.543266 0.535859
vt 0.544508 0.533428
vt 0.545868 0.531152
vt 0.547347 0.529022
vt 0.548944 0.527026
vt 0.550660 0.525154
vt 0.552497 0.523399
vt 0.554457 0.521751
vt 0.556541 0.520199
vt 0.558751 0.518736
vt 0.561089 0.517351
vt 0.563557 0.516036
vt 0.566154 0.514782
vt 0.568879 0.513583
vt 0.571726 0.512434
vt 0.574690 0.511330
vt 0.577768 0.510267
vt 0.580955 0.509238
vt 0.584246 0.508240
vt 0.587637 0.507267
vt 0.591122 0.506315
vt 0.594691 0.505380
vt 0.598331 0.504460
vt 0.602031 0.503553
vt 0.605778 0.502656
vt 0.609561 0.501766
vt 0.613369 0.500882
vt 0.547077 0.548178
vt 0.547984 0.545072
vt 0.549040 0.542162
vt 0.550243 0.539435
vt 0.551591 0.536881
vt 0.553082 0.534489
vt 0.554715 0.532247
vt 0.556488 0.530144
vt 0.558400 0.528170
vt 0.560452 0.526315
vt 0.562647 0.524571
vt 0.564987 0.522927
vt 0.567473 0.521375
vt 0.570108 0.519906
vt 0.572894 0.518511
vt 0.575833 0.517181
vt 0.578926 0.515906
vt 0.582171 0.514682
vt 0.585565 0.513501
vt 0.589104 0.512360
vt 0.592785 0.511251
vt 0.596605 0.510170
vt 0.600560 0.509111
vt 0.604648 0.508068
vt 0.608863 0.507036
vt 0.613191 0.506014
vt 0.617615 0.504999
vt 0.622120 0.503992
vt 0.626690 0.502989
vt 0.631308 0.501991
vt 0.635959 0.500995
vt 0.554489 0.549137
vt 0.555537 0.546095
vt 0.556763 0.543245
vt 0.558164 0.540576
vt 0.559737 0.538076
vt 0.561478 0.535732
vt 0.563383 0.533532
vt 0.565450 0.531466
vt 0.567675 0.529521
vt 0.570060 0.527688
vt 0.572607 0.525958
vt 0.575320 0.524322
vt 0.578200 0.522773
vt 0.581250 0.521300
vt 0.584473 0.519895
vt 0.587872 0.518549
vt 0.591447 0.517254
vt 0.595199 0.516003
vt 0.599128 0.514789
vt 0.603231 0.513606
vt 0.607509 0.512447
vt 0.611960 0.511305
vt 0.616583 0.510175
vt 0.621378 0.509049
vt 0.626340 0.507923
vt 0.631452 0.506794
vt 0.636692 0.505664
vt 0.642038 0.504533
vt 0.647469 0.503401
vt 0.652965 0.502268
vt 0.658503 0.501134
vt 0.561701 0.550214
vt 0.562884 0.547248
vt 0.564277 0.544471
vt 0.565876 0.541872
vt 0.567674 0.539437
vt 0.569666 0.537153
vt 0.571844 0.535007
vt 0.574203 0.532986
vt 0.576738 0.531077
vt 0.579451 0.529272
vt 0.582345 0.527562
vt 0.585423 0.525939
vt 0.588688 0.524394
vt 0.592143 0.522919
vt 0.595790 0.521506
vt 0.599634 0.520146
vt 0.603676 0.518831
vt 0.607920 0.517554
vt 0.612369 0.516305
vt 0.617025 0.515077
vt 0.621891 0.513863
vt 0.626971 0.512655
vt 0.632266 0.511444
vt 0.637780 0.510222
vt 0.643510 0.508984
vt 0.649434 0.507731
vt 0.655525 0.506463
vt 0.661754 0.505184
vt 0.668093 0.503896
vt 0.674516 0.502601
vt 0.680994 0.501302
vt 0.568680 0.551397
vt 0.569993 0.548522
vt 0.571552 0.545834
vt 0.573349 0.543319
vt 0.575373 0.540963
vt 0.577615 0.538751
vt 0.580066 0.536669
vt 0.582717 0.534703
vt 0.585559 0.532839
vt 0.588596 0.531069
vt 0.591829 0.529384
vt 0.595264 0.527778
vt 0.598902 0.526242
vt 0.602749 0.524768
vt 0.606806 0.523349
vt 0.611079 0.521977
vt 0.615571 0.520644
vt 0.620289 0.519341
vt 0.625241 0.518058
vt 0.630436 0.516784
vt 0.635880 0.515512
vt 0.641584 0.514230
vt 0.647553 0.512929
vt 0.653796 0.511601
vt 0.660314 0.510236
vt 0.667080 0.508838
vt 0.674060 0.507411
vt 0.681218 0.505959
vt 0.688521 0.504487
vt 0.695933 0.503000
vt 0.703417 0.501503
vt 0.575381 0.552674
vt 0.576821 0.549910
vt 0.578549 0.547330
vt 0.580547 0.544918
vt 0.582801 0.542656
vt 0.585297 0.540529
vt 0.588022 0.538522
vt 0.590962 0.536620
vt 0.594109 0.534809
vt 0.597463 0.533080
vt 0.601028 0.531427
vt 0.604809 0.529842
vt 0.608809 0.528319
vt 0.613033 0.526850
vt 0.617485 0.525429
vt 0.622168 0.524048
vt 0.627090 0.522699
vt 0.632261 0.521373
vt 0.637696 0.520056
vt 0.643410 0.518738
vt 0.649416 0.517406
vt 0.655728 0.516049
vt 0.662361 0.514655
vt 0.669329 0.513212
vt 0.676637 0.511713
vt 0.684258 0.510158
vt 0.692156 0.508552
vt 0.700294 0.506902
vt 0.708635 0.505211
vt 0.717130 0.503491
vt 0.725727 0.501751
vt 0.581753 0.554029
vt 0.583322 0.551402
vt 0.585226 0.548957
vt 0.587436 0.546670
vt 0.589927 0.544521
vt 0.592680 0.542492
vt 0.595680 0.540570
vt 0.598909 0.538740
vt 0.602356 0.536988
vt 0.606021 0.535308
vt 0.609909 0.533691
vt 0.614026 0.532133
vt 0.618374 0.530627
vt 0.622960 0.529168
vt 0.627788 0.527748
vt 0.632862 0.526362
vt 0.638191 0.525002
vt 0.643791 0.523656
vt 0.649685 0.522309
vt 0.655892 0.520949
vt 0.662433 0.519560
vt 0.669330 0.518130
vt 0.676602 0.516644
vt 0.684271 0.515089
vt 0.692349 0.513452
vt 0.700818 0.511734
vt 0.709652 0.509937
vt 0.718823 0.508061
vt 0.728298 0.506112
vt 0.738006 0.504107
vt 0.747870 0.502063
vt 0.587749 0.555447
vt 0.589450 0.552992
vt 0.591542 0.550712
vt 0.593979 0.548578
vt 0.596718 0.546561
vt 0.599735 0.544645
vt 0.603012 0.542818
vt 0.606529 0.541067
vt 0.610271 0.539381
vt 0.614240 0.537754
vt 0.618442 0.536180
vt 0.622881 0.534654
vt 0.627563 0.533170
vt 0.632493 0.531725
vt 0.637678 0.530311
vt 0.643121 0.528925
vt 0.648832 0.527558
vt 0.654835 0.526197
vt 0.661158 0.524827
vt 0.667826 0.523430
vt 0.674869 0.521991
vt 0.682313 0.520493
vt 0.690185 0.518922
vt 0.698514 0.517260
vt 0.707321 0.515494
vt 0.716611 0.513615
vt 0.726387 0.511615
vt 0.736647 0.509489
vt 0.747373 0.507234
vt 0.758463 0.504879
vt 0.769796 0.502456
vt 0.593354 0.556928
vt 0.595193 0.554694
vt 0.597463 0.552608
vt 0.600141 0.550646
vt 0.603142 0.548782
vt 0.606432 0.546992
vt 0.609988 0.545268
vt 0.613791 0.543603
vt 0.617824 0.541989
vt 0.622090 0.540421
vt 0.626594 0.538895
vt 0.631343 0.537406
vt 0.636342 0.535950
vt 0.641598 0.534524
vt 0.647117 0.533122
vt 0.652905 0.531741
vt 0.658972 0.530374
vt 0.665348 0.529006
vt 0.672065 0.527617
vt 0.679158 0.526192
vt 0.686660 0.524711
vt 0.694603 0.523157
vt 0.703022 0.521512
vt 0.711949 0.519759
vt 0.721421 0.517878
vt 0.731483 0.515847
vt 0.742182 0.513645
vt 0.753566 0.511248
vt 0.765915 0.508555
vt 0.779015 0.505633
vt 0.792170 0.502706
vt 0.598301 0.558419
vt 0.600390 0.556499
vt 0.602914 0.554661
vt 0.605885 0.552892
vt 0.609168 0.551195
vt 0.612739 0.549541
vt 0.616578 0.547927
vt 0.620665 0.546353
vt 0.624984 0.544815
vt 0.629538 0.543311
vt 0.634334 0.541838
vt 0.639377 0.540392
vt 0.644676 0.538970
vt 0.650238 0.537569
vt 0.656068 0.536186
vt 0.662174 0.534817
vt 0.668568 0.533456
vt 0.675284 0.532087
vt 0.682359 0.530690
vt 0.689832 0.529247
vt 0.697741 0.527737
vt 0.706125 0.526141
vt 0.715022 0.524440
vt 0.724470 0.522615
vt 0.734518 0.520643
vt 0.745258 0.518485
vt 0.756791 0.516104
vt 0.769219 0.513456
vt 0.783470 0.510226
vt 0.799221 0.506515
vt 0.814698 0.502911
vt 0.602651 0.559927
vt 0.605045 0.558408
vt 0.607872 0.556884
vt 0.611174 0.555337
vt 0.614761 0.553812
vt 0.618627 0.552298
vt 0.622753 0.550798
vt 0.627123 0.549318
vt 0.631722 0.547862
vt 0.636555 0.546427
vt 0.641630 0.545012
vt 0.646953 0.543615
vt 0.652533 0.542232
vt 0.658377 0.540863
vt 0.664494 0.539505
vt 0.670890 0.538156
vt 0.677580 0.536809
vt 0.684599 0.535449
vt 0.691989 0.534055
vt 0.699793 0.532606
vt 0.708050 0.531083
vt 0.716804 0.529464
vt 0.726096 0.527730
vt 0.735968 0.525860
vt 0.746478 0.523829
vt 0.757757 0.521586
vt 0.769949 0.519077
vt 0.783203 0.516246
vt 0.799133 0.512547
vt 0.817549 0.508037
vt 0.835881 0.503570
s 1
usemtl Material.004
f 381/1/381 412/2/412 413/3/413 382/4/382
f 382/4/382 413/3/413 414/5/414 383/6/383
f 383/6/383 414/5/414 415/7/415 384/8/384
f 384/8/384 415/7/415 416/9/416 385/10/385
f 385/10/385 416/9/416 417/11/417 386/12/386
f 386/12/386 417/11/417 418/13/418 387/14/387
f 387/14/387 418/13/418 419/15/419 388/16/388
f 388/16/388 419/15/419 420/17/420 389/18/389
f 389/18/389 420/17/420 421/19/421 390/20/390
f 390/20/390 421/19/421 422/21/422 391/22/391
f 391/22/391 422/21/422 423/23/423 392/24/392
f 392/24/392 423/23/423 424/25/424 393/26/393
f 393/26/393 424/25/424 425/27/425 394/28/394
f 394/28/394 425/27/425 426/29/426 395/30/395
f 395/30/395 426/29/426 427/31/427 396/32/396
f 396/32/396 427/31/427 428/33/428 397/34/397
f 397/34/397 428/33/428 429/35/429 398/36/398
f 398/36/398 429/35/429 430/37/430 399/38/399
f 399/38/399 430/37/430 431/39/431 400/40/400
f 400/40/400 431/39/431 432/41/432 401/42/401
f 401/42/401 432/41/432 433/43/433 402/44/402
f 402/44/402 433/43/433 434/45/434 403/46/403
f 403/46/403 434/45/434 435/47/435 404/48/404
f 404/48/404 435/47/435 436/49/436 405/50/405
f 405/50/405 436/49/436 437/51/437 406/52/406
f 406/52/406 437/51/437 438/53/438 407/54/407
f 407/54/407 438/53/438 439/55/439 408/56/408
f 408/56/408 439/55/439 440/57/440 409/58/409
f 409/58/409 440/57/440 441/59/441 410/60/410
f 410/60/410 441/59/441 442/61/442 411/62/411
f 412/2/412 443/63/443 444/64/444 413/3/413
f 413/3/413 444/64/444 445/65/445 414/5/414
f 414/5/414 445/65/445 446/66/446 415/7/415
f 415/7/415 446/66/446 447/67/447 416/9/416
f 416/9/416 447/67/447 448/68/448 417/11/417
f 417/11/417 448/68/448 449/69/449 418/13/418
f 418/13/418 449/69/449 450/70/450 419/15/419
f 419/15/419 450/70/450 451/71/451 420/17/420
f 420/17/420 451/71/451 452/72/452 421/19/421
f 421/19/421 452/72/452 453/73/453 422/21/422
f 422/21/422 453/73/453 454/74/454 423/23/423
f 423/23/423 454/74/454 455/75/455 424/25/424
f 424/25/424 455/75/455 456/76/456 425/27/425
f 425/27/425 456/76/456 457/77/457 426/29/426
f 426/29/426 457/77/457 458/78/458 427/31/427
f 427/31/427 458/78/458 459/79/459 428/33/428
f 428/33/428 459/79/459 460/80/460 429/35/429
f 429/35/429 460/80/460 461/81/461 430/37/430
f 430/37/430 461/81/461 462/82/462 431/39/431
f 431/39/431 462/82/462 463/83/463 432/41/432
f 432/41/432 463/83/463 464/84/464 433/43/433
f 433/43/433 464/84/464 465/85/465 434/45/434
f 434/45/434 465/85/465 466/86/466 435/47/435
f 435/47/435 466/86/466 467/87/467 436/49/436
f 436/49/436 467/87/467 468/88/468 437/51/437
f 437/51/437 468/88/468 469/89/469 438/53/438
f 438/53/438 469/89/469 470/90/470 439/55/439
f 439/55/439 470/90/470 471/91/471 440/57/440
f 440/57/440 471/91/471 472/92/472 441/59/441
f 441/59/441 472/92/472 473/93/473 442/61/442
f 443/63/443 474/94/474 475/95/475 444/64/444
f 444/64/444 475/95/475 476/96/476 445/65/445
f 445/65/445 476/96/476 477/97/477 446/66/446
f 446/66/446 477/97/477 478/98/478 447/67/447
f 447/67/447 478/98/478 479/99/479 448/68/448
f 448/68/448 479/99/479 480/100/480 449/69/449
f 449/69/449 480/100/480 481/101/481 450/70/450
f 450/70/450 481/101/481 482/102/482 451/71/451
f 451/71/451 482/102/482 483/103/483 452/72/452
f 452/72/452 483/103/483 484/104/484 453/73/453
f 453/73/453 484/104/484 485/105/485 454/74/454
f 454/74/454 485/105/485 486/106/486 455/75/455
f 455/75/455 486/106/486 487/107/487 456/76/456
f 456/76/456 487/107/487 488/108/488 457/77/457
f 457/77/457 488/108/488 489/109/489 458/78/458
f 458/78/458 489/109/489 490/110/490 459/79/459
f 459/79/459 490/110/490 491/111/491 460/80/460
f 460/80/460 491/111/491 492/112/492 461/81/461
f 461/81/461 492/112/492 493/113/493 462/82/462
f 462/82/462 493/113/493 494/114/494 463/83/463
f 463/83/463 494/114/494 495/115/495 464/84/464
f 464/84/464 495/115/495 496/116/496 465/85/465
f 465/85/465 496/116/496 497/117/497 466/86/466
f 466/86/466 497/117/497 498/118/498 467/87/467
f 467/87/467 498/118/498 499/119/499 468/88/468
f 468/88/468 499/119/499 500/120/500 469/89/469
f 469/89/469 500/120/500 501/121/501 470/90/470
f 470/90/470 501/121/501 502/122/502 471/91/471
f 471/91/471 502/122/502 503/123/503 472/92/472
f 472/92/472 503/123/503 504/124/504 473/93/473
f 474/94/474 505/125/505 506/126/506 475/95/475
f 475/95/475 506/126/506 507/127/507 476/96/476
f 476/96/476 507/127/507 508/128/508 477/97/477
f 477/97/477 508/128/508 509/129/509 478/98/478
f 478/98/478 509/129/509 510/130/510 479/99/479
f 479/99/479 510/130/510 511/131/511 480/100/480
f 480/100/480 511/131/511 512/132/512 481/101/481
f 481/101/481 512/132/512 513/133/513 482/102/482
f 482/102/482 513/133/513 514/134/514 483/103/483
f 483/103/483 514/134/514 515/135/515 484/104/484
f 484/104/484 515/135/515 516/136/516 485/105/485
f 485/105/485 516/136/516 517/137/517 486/106/486
f 486/106/486 517/137/517 518/138/518 487/107/487
f 487/107/487 518/138/518 519/139/519 488/108/488
f 488/108/488 519/139/519 520/140/520 489/109/489
f 489/109/489 520/140/520 521/141/521 490/110/490
f 490/110/490 521/141/521 522/142/522 491/111/491
f 491/111/491 522/142/522 523/143/523 492/112/492
f 492/112/492 523/143/523 524/144/524 493/113/493
f 493/113/493 524/144/524 525/145/525 494/114/494
f 494/114/494 525/145/525 526/146/526 495/115/495
f 495/115/495 526/146/526 527/147/527 496/116/496
f 496/116/496 527/147/527 528/148/528 497/117/497
f 497/117/497 528/148/528 529/149/529 498/118/498
f 498/118/498 529/149/529 530/150/530 499/119/499
f 499/119/499 530/150/530 531/151/531 500/120/500
f 500/120/500 531/151/531 532/152/532 501/121/501
f 501/121/501 532/152/532 533/153/533 502/122/502
f 502/122/502 533/153/533 534/154/534 503/123/503
f 503/123/503 534/154/534 535/155/535 504/124/504
f 505/125/505 536/156/536 537/157/537 506/126/506
f 506/126/506 537/157/537 538/158/538 507/127/507
f 507/127/507 538/158/538 539/159/539 508/128/508
f 508/128/508 539/159/539 540/160/540 509/129/509
f 509/129/509 540/160/540 541/161/541 510/130/510
f 510/130/510 541/161/541 542/162/542 511/131/511
f 511/131/511 542/162/542 543/163/543 512/132/512
f 512/132/512 543/163/543 544/164/544 513/133/513
f 513/133/513 544/164/544 545/165/545 514/134/514
f 514/134/514 545/165/545 546/166/546 515/135/515
f 515/135/515 546/166/546 547/167/547 516/136/516
f 516/136/516 547/167/547 548/168/548 517/137/517
f 517/137/517 548/168/548 549/169/549 518/138/518
f 518/138/518 549/169/549 550/170/550 519/139/519
f 519/139/519 550/170/550 551/171/551 520/140/520
f 520/140/520 551/171/551 552/172/552 521/141/521
f 521/141/521 552/172/552 553/173/553 522/142/522
f 522/142/522 553/173/553 554/174/554 523/143/523
f 523/143/523 554/174/554 555/175/555 524/144/524
f 524/144/524 555/175/555 556/176/556 525/145/525
f 525/145/525 556/176/556 557/177/557 526/146/526
f 526/146/526 557/177/557 558/178/558 527/147/527
f 527/147/527 558/178/558 559/179/559 528/148/528
f 528/148/528 559/179/559 560/180/560 529/149/529
f 529/149/529 560/180/560 561/181/561 530/150/530
f 530/150/530 561/181/561 562/182/562 531/151/531
f 531/151/531 562/182/562 563/183/563 532/152/532
f 532/152/532 563/183/563 564/184/564 533/153/533
f 533/153/533 564/184/564 565/185/565 534/154/534
f 534/154/534 565/185/565 566/186/566 535/155/535
f 536/156/536 567/187/567 568/188/568 537/157/537
f 537/157/537 568/188/568 569/189/569 538/158/538
f 538/158/538 569/189/569 570/190/570 539/159/539
f 539/159/539 570/190/570 571/191/571 540/160/540
f 540/160/540 571/191/571 572/192/572 541/161/541
f 541/161/541 572/192/572 573/193/573 542/162/542
f 542/162/542 573/193/573 574/194/574 543/163/543
f 543/163/543 574/194/574 575/195/575 544/164/544
f 544/164/544 575/195/575 576/196/576 545/165/545
f 545/165/545 576/196/576 577/197/577 546/166/546
f 546/166/546 577/197/577 578/198/578 547/167/547
f 547/167/547 578/198/578 579/199/579 548/168/548
f 548/168/548 579/199/579 580/200/580 549/169/549
f 549/169/549 580/200/580 581/201/581 550/170/550
f 550/170/550 581/201/581 582/202/582 551/171/551
f 551/171/551 582/202/582 583/203/583 552/172/552
f 552/172/552 583/203/583 584/204/584 553/173/553
f 553/173/553 584/204/584 585/205/585 554/174/554
f 554/174/554 585/205/585 586/206/586 555/175/555
f 555/175/555 586/206/586 587/207/587 556/176/556
f 556/176/556 587/207/587 588/208/588 557/177/557
f 557/177/557 588/208/588 589/209/589 558/178/558
f 558/178/558 589/209/589 590/210/590 559/179/559
f 559/179/559 590/210/590 591/211/591 560/180/560
f 560/180/560 591/211/591 592/212/592 561/181/561
f 561/181/561 592/212/592 593/213/593 562/182/562
f 562/182/562 593/213/593 594/214/594 563/183/563
f 563/183/563 594/214/594 595/215/595 564/184/564
f 564/184/564 595/215/595 596/216/596 565/185/565
f 565/185/565 596/216/596 597/217/597 566/186/566
f 567/187/567 598/218/598 599/219/599 568/188/568
f 568/188/568 599/219/599 600/220/600 569/189/569
f 569/189/569 600/220/600 601/221/601 570/190/570
f 570/190/570 601/221/601 602/222/602 571/191/571
f 571/191/571 602/222/602 603/223/603 572/192/572
f 572/192/572 603/223/603 604/224/604 573/193/573
f 573/193/573 604/224/604 605/225/605 574/194/574
f 574/194/574 605/225/605 606/226/606 575/195/575
f 575/195/575 606/226/606 607/227/607 576/196/576
f 576/196/576 607/227/607 608/228/608 577/197/577
f 577/197/577 608/228/608 609/229/609 578/198/578
f 578/198/578 609/229/609 610/230/610 579/199/579
f 579/199/579 610/230/610 611/231/611 580/200/580
f 580/200/580 611/231/611 612/232/612 581/201/581
f 581/201/581 612/232/612 613/233/613 582/202/582
f 582/202/582 613/233/613 614/234/614 583/203/583
f 583/203/583 614/234/614 615/235/615 584/204/584
f 584/204/584 615/235/615 616/236/616 585/205/585
f 585/205/585 616/236/616 617/237/617 586/206/586
f 586/206/586 617/237/617 618/238/618 587/207/587
f 587/207/587 618/238/618 619/239/619 588/208/588
f 588/208/588 619/239/619 620/240/620 589/209/589
f 589/209/589 620/240/620 621/241/621 590/210/590
f 590/210/590 621/241/621 622/242/622 591/211/591
f 591/211/591 622/242/622 623/243/623 592/212/592
f 592/212/592 623/243/623 624/244/624 593/213/593
f 593/213/593 624/244/624 625/245/625 594/214/594
f 594/214/594 625/245/625 626/246/626 595/215/595
f 595/215/595 626/246/626 627/247/627 596/216/596
f 596/216/596 627/247/627 628/248/628 597/217/597
f 598/218/598 629/249/629 630/250/630 599/219/599
f 599/219/599 630/250/630 631/251/631 600/220/600
f 600/220/600 631/251/631 632/252/632 601/221/601
f 601/221/601 632/252/632 633/253/633 602/222/602
f 602/222/602 633/253/633 634/254/634 603/223/603
f 603/223/603 634/254/634 635/255/635 604/224/604
f 604/224/604 635/255/635 636/256/636 605/225/605
f 605/225/605 636/256/636 637/257/637 606/226/606
f 606/226/606 637/257/637 638/258/638 607/227/607
f 607/227/607 638/258/638 639/259/639 608/228/608
f 608/228/608 639/259/639 640/260/640 609/229/609
f 609/229/609 640/260/640 641/261/641 610/230/610
f 610/230/610 641/261/641 642/262/642 611/231/611
f 611/231/611 642/262/642 643/263/643 612/232/612
f 612/232/612 643/263/643 644/264/644 613/233/613
f 613/233/613 644/264/644 645/265/645 614/234/614
f 614/234/614 645/265/645 646/266/646 615/235/615
f 615/235/615 646/266/646 647/267/647 616/236/616
f 616/236/616 647/267/647 648/268/648 617/237/617
f 617/237/617 648/268/648 649/269/649 618/238/618
f 618/238/618 649/269/649 650/270/650 619/239/619
f 619/239/619 650/270/650 651/271/651 620/240/620
f 620/240/620 651/271/651 652/272/652 621/241/621
f 621/241/621 652/272/652 653/273/653 622/242/622
f 622/242/622 653/273/653 654/274/654 623/243/623
f 623/243/623 654/274/654 655/275/655 624/244/624
f 624/244/624 655/275/655 656/276/656 625/245/625
f 625/245/625 656/276/656 657/277/657 626/246/626
f 626/246/626 657/277/657 658/278/658 627/247/627
f 627/247/627 658/278/658 659/279/659 628/248/628
f 629/249/629 660/280/660 661/281/661 630/250/630
f 630/250/630 661/281/661 662/282/662 631/251/631
f 631/251/631 662/282/662 663/283/663 632/252/632
f 632/252/632 663/283/663 664/284/664 633/253/633
f 633/253/633 664/284/664 665/285/665 634/254/634
f 634/254/634 665/285/665 666/286/666 635/255/635
f 635/255/635 666/286/666 667/287/667 636/256/636
f 636/256/636 667/287/667 668/288/668 637/257/637
f 637/257/637 668/288/668 669/289/669 638/258/638
f 638/258/638 669/289/669 670/290/670 639/259/639
f 639/259/639 670/290/670 671/291/671 640/260/640
f 640/260/640 671/291/671 672/292/672 641/261/641
f 641/261/641 672/292/672 673/293/673 642/262/642
f 642/262/642 673/293/673 674/294/674 643/263/643
f 643/263/643 674/294/674 675/295/675 644/264/644
f 644/264/644 675/295/675 676/296/676 645/265/645
f 645/265/645 676/296/676 677/297/677 646/266/646
f 646/266/646 677/297/677 678/298/678 647/267/647
f 647/267/647 678/298/678 679/299/679 648/268/648
f 648/268/648 679/299/679 680/300/680 649/269/649
f 649/269/649 680/300/680 681/301/681 650/270/650
f 650/270/650 681/301/681 682/302/682 651/271/651
f 651/271/651 682/302/682 683/303/683 652/272/652
f 652/272/652 683/303/683 684/304/684 653/273/653
f 653/273/653 684/304/684 685/305/685 654/274/654
f 654/274/654 685/305/685 686/306/686 655/275/655
f 655/275/655 686/306/686 687/307/687 656/276/656
f 656/276/656 687/307/687 688/308/688 657/277/657
f 657/277/657 688/308/688 689/309/689 658/278/658
f 658/278/658 689/309/689 690/310/690 659/279/659
f 660/280/660 691/311/691 692/312/692 661/281/661
f 661/281/661 692/312/692 693/313/693 662/282/662
f 662/282/662 693/313/693 694/314/694 663/283/663
f 663/283/663 694/314/694 695/315/695 664/284/664
f 664/284/664 695/315/695 696/316/696 665/285/665
f 665/285/665 696/316/696 697/317/697 666/286/666
f 666/286/666 697/317/697 698/318/698 667/287/667
f 667/287/667 698/318/698 699/319/699 668/288/668
f 668/288/668 699/319/699 700/320/700 669/289/669
f 669/289/669 700/320/700 701/321/701 670/290/670
f 670/290/670 701/321/701 702/322/702 671/291/671
f 671/291/671 702/322/702 703/323/703 672/292/672
f 672/292/672 703/323/703 704/324/704 673/293/673
f 673/293/673 704/324/704 705/325/705 674/294/674
f 674/294/674 705/325/705 706/326/706 675/295/675
f 675/295/675 706/326/706 707/327/707 676/296/676
f 676/296/676 707/327/707 708/328/708 677/297/677
f 677/297/677 708/328/708 709/329/709 678/298/678
f 678/298/678 709/329/709 710/330/710 679/299/679
f 679/299/679 710/330/710 711/331/711 680/300/680
f 680/300/680 711/331/711 712/332/712 681/301/681
f 681/301/681 712/332/712 713/333/713 682/302/682
f 682/302/682 713/333/713 714/334/714 683/303/683
f 683/303/683 714/334/714 715/335/715 684/304/684
f 684/304/684 715/335/715 716/336/716 685/305/685
f 685/305/685 716/336/716 717/337/717 686/306/686
f 686/306/686 717/337/717 718/338/718 687/307/687
f 687/307/687 718/338/718 719/339/719 688/308/688
f 688/308/688 719/339/719 720/340/720 689/309/689
f 689/309/689 720/340/720 721/341/721 690/310/690
f 691/311/691 722/342/722 723/343/723 692/312/692
f 692/312/692 723/343/723 724/344/724 693/313/693
f 693/313/693 724/344/724 725/345/725 694/314/694
f 694/314/694 725/345/725 726/346/726 695/315/695
f 695/315/695 726/346/726 727/347/727 696/316/696
f 696/316/696 727/347/727 728/348/728 697/317/697
f 697/317/697 728/348/728 729/349/729 698/318/698
f 698/318/698 729/349/729 730/350/730 699/319/699
f 699/319/699 730/350/730 731/351/731 700/320/700
f 700/320/700 731/351/731 732/352/732 701/321/701
f 701/321/701 732/352/732 733/353/733 702/322/702
f 702/322/702 733/353/733 734/354/734 703/323/703
f 703/323/703 734/354/734 735/355/735 704/324/704
f 704/324/704 735/355/735 736/356/736 705/325/705
f 705/325/705 736/356/736 737/357/737 706/326/706
f 706/326/706 737/357/737 738/358/738 707/327/707
f 707/327/707 738/358/738 739/359/739 708/328/708
f 708/328/708 739/359/739 740/360/740 709/329/709
f 709/329/709 740/360/740 741/361/741 710/330/710
f 710/330/710 741/361/741 742/362/742 711/331/711
f 711/331/711 742/362/742 743/363/743 712/332/712
f 712/332/712 743/363/743 744/364/744 713/333/713
f 713/333/713 744/364/744 745/365/745 714/334/714
f 714/334/714 745/365/745 746/366/746 715/335/715
f 715/335/715 746/366/746 747/367/747 716/336/716
f 716/336/716 747/367/747 748/368/748 717/337/717
f 717/337/717 748/368/748 749/369/749 718/338/718
f 718/338/718 749/369/749 750/370/750 719/339/719
f 719/339/719 750/370/750 751/371/751 720/340/720
f 720/340/720 751/371/751 752/372/752 721/341/721
f 722/342/722 753/373/753 754/374/754 723/343/723
f 723/343/723 754/374/754 755/375/755 724/344/724
f 724/344/724 755/375/755 756/376/756 725/345/725
f 725/345/725 756/376/756 757/377/757 726/346/726
f 726/346/726 757/377/757 758/378/758 727/347/727
f 727/347/727 758/378/758 759/379/759 728/348/728
f 728/348/728 759/379/759 760/380/760 729/349/729
f 729/349/729 760/380/760 761/381/761 730/350/730
f 730/350/730 761/381/761 762/382/762 731/351/731
f 731/351/731 762/382/762 763/383/763 732/352/732
f 732/352/732 763/383/763 764/384/764 733/353/733
f 733/353/733 764/384/764 765/385/765 734/354/734
f 734/354/734 765/385/765 766/386/766 735/355/735
f 735/355/735 766/386/766 767/387/767 736/356/736
f 736/356/736 767/387/767 768/388/768 737/357/737
f 737/357/737 768/388/768 769/389/769 738/358/738
f 738/358/738 769/389/769 770/390/770 739/359/739
f 739/359/739 770/390/770 771/391/771 740/360/740
f 740/360/740 771/391/771 772/392/772 741/361/741
f 741/361/741 772/392/772 773/393/773 742/362/742
f 742/362/742 773/393/773 774/394/774 743/363/743
f 743/363/743 774/394/774 775/395/775 744/364/744
f 744/364/744 775/395/775 776/396/776 745/365/745
f 745/365/745 776/396/776 777/397/777 746/366/746
f 746/366/746 777/397/777 778/398/778 747/367/747
f 747/367/747 778/398/778 779/399/779 748/368/748
f 748/368/748 779/399/779 780/400/780 749/369/749
f 749/369/749 780/400/780 781/401/781 750/370/750
f 750/370/750 781/401/781 782/402/782 751/371/751
f 751/371/751 782/402/782 783/403/783 752/372/752
f 753/373/753 784/404/784 785/405/785 754/374/754
f 754/374/754 785/405/785 786/406/786 755/375/755
f 755/375/755 786/406/786 787/407/787 756/376/756
f 756/376/756 787/407/787 788/408/788 757/377/757
f 757/377/757 788/408/788 789/409/789 758/378/758
f 758/378/758 789/409/789 790/410/790 759/379/759
f 759/379/759 790/410/790 791/411/791 760/380/760
f 760/380/760 791/411/791 792/412/792 761/381/761
f 761/381/761 792/412/792 793/413/793 762/382/762
f 762/382/762 793/413/793 794/414/794 763/383/763
f 763/383/763 794/414/794 795/415/795 764/384/764
f 764/384/764 795/415/795 796/416/796 765/385/765
f 765/385/765 796/416/796 797/417/797 766/386/766
f 766/386/766 797/417/797 798/418/798 767/387/767
f 767/387/767 798/418/798 799/419/799 768/388/768
f 768/388/768 799/419/799 800/420/800 769/389/769
f 769/389/769 800/420/800 801/421/801 770/390/770
f 770/390/770 801/421/801 802/422/802 771/391/771
f 771/391/771 802/422/802 803/423/803 772/392/772
f 772/392/772 803/423/803 804/424/804 773/393/773
f 773/393/773 804/424/804 805/425/805 774/394/774
f 774/394/774 805/425/805 806/426/806 775/395/775
f 775/395/775 806/426/806 807/427/807 776/396/776
f 776/396/776 807/427/807 808/428/808 777/397/777
f 777/397/777 808/428/808 809/429/809 778/398/778
f 778/398/778 809/429/809 810/430/810 779/399/779
f 779/399/779 810/430/810 811/431/811 780/400/780
f 780/400/780 811/431/811 812/432/812 781/401/781
f 781/401/781 812/432/812 813/433/813 782/402/782
f 782/402/782 813/433/813 814/434/814 783/403/783
f 784/404/784 815/435/815 816/436/816 785/405/785
f 785/405/785 816/436/816 817/437/817 786/406/786
f 786/406/786 817/437/817 818/438/818 787/407/787
f 787/407/787 818/438/818 819/439/819 788/408/788
f 788/408/788 819/439/819 820/440/820 789/409/789
f 789/409/789 820/440/820 821/441/821 790/410/790
f 790/410/790 821/441/821 822/442/822 791/411/791
f 791/411/791 822/442/822 823/443/823 792/412/792
f 792/412/792 823/443/823 824/444/824 793/413/793
f 793/413/793 824/444/824 825/445/825 794/414/794
f 794/414/794 825/445/825 826/446/826 795/415/795
f 795/415/795 826/446/826 827/447/827 796/416/796
f 796/416/796 827/447/827 828/448/828 797/417/797
f 797/417/797 828/448/828 829/449/829 798/418/798
f 798/418/798 829/449/829 830/450/830 799/419/799
f 799/419/799 830/450/830 831/451/831 800/420/800
f 800/420/800 831/451/831 832/452/832 801/421/801
f 801/421/801 832/452/832 833/453/833 802/422/802
f 802/422/802 833/453/833 834/454/834 803/423/803
f 803/423/803 834/454/834 835/455/835 804/424/804
f 804/424/804 835/455/835 836/456/836 805/425/805
f 805/425/805 836/456/836 837/457/837 806/426/806
f 806/426/806 837/457/837 838/458/838 807/427/807
f 807/427/807 838/458/838 839/459/839 808/428/808
f 808/428/808 839/459/839 840/460/840 809/429/809
f 809/429/809 840/460/840 841/461/841 810/430/810
f 810/430/810 841/461/841 842/462/842 811/431/811
f 811/431/811 842/462/842 843/463/843 812/432/812
f 812/432/812 843/463/843 844/464/844 813/433/813
f 813/433/813 844/464/844 845/465/845 814/434/814
f 815/435/815 846/466/846 847/467/847 816/436/816
f 816/436/816 847/467/847 848/468/848 817/437/817
f 817/437/817 848/468/848 849/469/849 818/438/818
f 818/438/818 849/469/849 850/470/850 819/439/819
f 819/439/819 850/470/850 851/471/851 820/440/820
f 820/440/820 851/471/851 852/472/852 821/441/821
f 821/441/821 852/472/852 853/473/853 822/442/822
f 822/442/822 853/473/853 854/474/854 823/443/823
f 823/443/823 854/474/854 855/475/855 824/444/824
f 824/444/824 855/475/855 856/476/856 825/445/825
f 825/445/825 856/476/856 857/477/857 826/446/826
f 826/446/826 857/477/857 858/478/858 827/447/827
f 827/447/827 858/478/858 859/479/859 828/448/828
f 828/448/828 859/479/859 860/480/860 829/449/829
f 829/449/829 860/480/860 861/481/861 830/450/830
f 830/450/830 861/481/861 862/482/862 831/451/831
f 831/451/831 862/482/862 863/483/863 832/452/832
f 832/452/832 863/483/863 864/484/864 833/453/833
f 833/453/833 864/484/864 865/485/865 834/454/834
f 834/454/834 865/485/865 866/486/866 835/455/835
f 835/455/835 866/486/866 867/487/867 836/456/836
f 836/456/836 867/487/867 868/488/868 837/457/837
f 837/457/837 868/488/868 869/489/869 838/458/838
f 838/458/838 869/489/869 870/490/870 839/459/839
f 839/459/839 870/490/870 871/491/871 840/460/840
f 840/460/840 871/491/871 872/492/872 841/461/841
f 841/461/841 872/492/872 873/493/873 842/462/842
f 842/462/842 873/493/873 874/494/874 843/463/843
f 843/463/843 874/494/874 875/495/875 844/464/844
f 844/464/844 875/495/875 876/496/876 845/465/845
f 846/466/846 877/497/877 878/498/878 847/467/847
f 847/467/847 878/498/878 879/499/879 848/468/848
f 848/468/848 879/499/879 880/500/880 849/469/849
f 849/469/849 880/500/880 881/501/881 850/470/850
f 850/470/850 881/501/881 882/502/882 851/471/851
f 851/471/851 882/502/882 883/503/883 852/472/852
f 852/472/852 883/503/883 884/504/884 853/473/853
f 853/473/853 884/504/884 885/505/885 854/474/854
f 854/474/854 885/505/885 886/506/886 855/475/855
f 855/475/855 886/506/886 887/507/887 856/476/856
f 856/476/856 887/507/887 888/508/888 857/477/857
f 857/477/857 888/508/888 889/509/889 858/478/858
f 858/478/858 889/509/889 890/510/890 859/479/859
f 859/479/859 890/510/890 891/511/891 860/480/860
f 860/480/860 891/511/891 892/512/892 861/481/861
f 861/481/861 892/512/892 893/513/893 862/482/862
f 862/482/862 893/513/893 894/514/894 863/483/863
f 863/483/863 894/514/894 895/515/895 864/484/864
f 864/484/864 895/515/895 896/516/896 865/485/865
f 865/485/865 896/516/896 897/517/897 866/486/866
f 866/486/866 897/517/897 898/518/898 867/487/867
f 867/487/867 898/518/898 899/519/899 868/488/868
f 868/488/868 899/519/899 900/520/900 869/489/869
f 869/489/869 900/520/900 901/521/901 870/490/870
f 870/490/870 901/521/901 902/522/902 871/491/871
f 871/491/871 902/522/902 903/523/903 872/492/872
f 872/492/872 903/523/903 904/524/904 873/493/873
f 873/493/873 904/524/904 905/525/905 874/494/874
f 874/494/874 905/525/905 906/526/906 875/495/875
f 875/495/875 906/526/906 907/527/907 876/496/876
f 877/497/877 908/528/908 909/529/909 878/498/878
f 878/498/878 909/529/909 910/530/910 879/499/879
f 879/499/879 910/530/910 911/531/911 880/500/880
f 880/500/880 911/531/911 912/532/912 881/501/881
f 881/501/881 912/532/912 913/533/913 882/502/882
f 882/502/882 913/533/913 914/534/914 883/503/883
f 883/503/883 914/534/914 915/535/915 884/504/884
f 884/504/884 915/535/915 916/536/916 885/505/885
f 885/505/885 916/536/916 917/537/917 886/506/886
f 886/506/886 917/537/917 918/538/918 887/507/887
f 887/507/887 918/538/918 919/539/919 888/508/888
f 888/508/888 919/539/919 920/540/920 889/509/889
f 889/509/889 920/540/920 921/541/921 890/510/890
f 890/510/890 921/541/921 922/542/922 891/511/891
f 891/511/891 922/542/922 923/543/923 892/512/892
f 892/512/892 923/543/923 924/544/924 893/513/893
f 893/513/893 924/544/924 925/545/925 894/514/894
f 894/514/894 925/545/925 926/546/926 895/515/895
f 895/515/895 926/546/926 927/547/927 896/516/896
f 896/516/896 927/547/927 928/548/928 897/517/897
f 897/517/897 928/548/928 929/549/929 898/518/898
f 898/518/898 929/549/929 930/550/930 899/519/899
f 899/519/899 930/550/930 931/551/931 900/520/900
f 900/520/900 931/551/931 932/552/932 901/521/901
f 901/521/901 932/552/932 933/553/933 902/522/902
f 902/522/902 933/553/933 934/554/934 903/523/903
f 903/523/903 934/554/934 935/555/935 904/524/904
f 904/524/904 935/555/935 936/556/936 905/525/905
f 905/525/905 936/556/936 937/557/937 906/526/906
f 906/526/906 937/557/937 938/558/938 907/527/907
f 908/528/908 939/559/939 940/560/940 909/529/909
f 909/529/909 940/560/940 941/561/941 910/530/910
f 910/530/910 941/561/941 942/562/942 911/531/911
f 911/531/911 942/562/942 943/563/943 912/532/912
f 912/532/912 943/563/943 944/564/944 913/533/913
f 913/533/913 944/564/944 945/565/945 914/534/914
f 914/534/914 945/565/945 946/566/946 915/535/915
f 915/535/915 946/566/946 947/567/947 916/536/916
f 916/536/916 947/567/947 948/568/948 917/537/917
f 917/537/917 948/568/948 949/569/949 918/538/918
f 918/538/918 949/569/949 950/570/950 919/539/919
f 919/539/919 950/570/950 951/571/951 920/540/920
f 920/540/920 951/571/951 952/572/952 921/541/921
f 921/541/921 952/572/952 953/573/953 922/542/922
f 922/542/922 953/573/953 954/574/954 923/543/923
f 923/543/923 954/574/954 955/575/955 924/544/924
f 924/544/924 955/575/955 956/576/956 925/545/925
f 925/545/925 956/576/956 957/577/957 926/546/926
f 926/546/926 957/577/957 958/578/958 927/547/927
f 927/547/927 958/578/958 959/579/959 928/548/928
f 928/548/928 959/579/959 960/580/960 929/549/929
f 929/549/929 960/580/960 961/581/961 930/550/930
f 930/550/930 961/581/961 962/582/962 931/551/931
f 931/551/931 962/582/962 963/583/963 932/552/932
f 932/552/932 963/583/963 964/584/964 933/553/933
f 933/553/933 964/584/964 965/585/965 934/554/934
f 934/554/934 965/585/965 966/586/966 935/555/935
f 935/555/935 966/586/966 967/587/967 936/556/936
f 936/556/936 967/587/967 968/588/968 937/557/937
f 937/557/937 968/588/968 969/589/969 938/558/938
f 939/559/939 970/590/970 971/591/971 940/560/940
f 940/560/940 971/591/971 972/592/972 941/561/941
f 941/561/941 972/592/972 973/593/973 942/562/942
f 942/562/942 973/593/973 974/594/974 943/563/943
f 943/563/943 974/594/974 975/595/975 944/564/944
f 944/564/944 975/595/975 976/596/976 945/565/945
f 945/565/945 976/596/976 977/597/977 946/566/946
f 946/566/946 977/597/977 978/598/978 947/567/947
f 947/567/947 978/598/978 979/599/979 948/568/948
f 948/568/948 979/599/979 980/600/980 949/569/949
f 949/569/949 980/600/980 981/601/981 950/570/950
f 950/570/950 981/601/981 982/602/982 951/571/951
f 951/571/951 982/602/982 983/603/983 952/572/952
f 952/572/952 983/603/983 984/604/984 953/573/953
f 953/573/953 984/604/984 985/605/985 954/574/954
f 954/574/954 985/605/985 986/606/986 955/575/955
f 955/575/955 986/606/986 987/607/987 956/576/956
f 956/576/956 987/607/987 988/608/988 957/577/957
f 957/577/957 988/608/988 989/609/989 958/578/958
f 958/578/958 989/609/989 990/610/990 959/579/959
f 959/579/959 990/610/990 991/611/991 960/580/960
f 960/580/960 991/611/991 992/612/992 961/581/961
f 961/581/961 992/612/992 993/613/993 962/582/962
f 962/582/962 993/613/993 994/614/994 963/583/963
f 963/583/963 994/614/994 995/615/995 964/584/964
f 964/584/964 995/615/995 996/616/996 965/585/965
f 965/585/965 996/616/996 997/617/997 966/586/966
f 966/586/966 997/617/997 998/618/998 967/587/967
f 967/587/967 998/618/998 999/619/999 968/588/968
f 968/588/968 999/619/999 1000/620/1000 969/589/969
f 970/590/970 1001/621/1001 1002/622/1002 971/591/971
f 971/591/971 1002/622/1002 1003/623/1003 972/592/972
f 972/592/972 1003/623/1003 1004/624/1004 973/593/973
f 973/593/973 1004/624/1004 1005/625/1005 974/594/974
f 974/594/974 1005/625/1005 1006/626/1006 975/595/975
f 975/595/975 1006/626/1006 1007/627/1007 976/596/976
f 976/596/976 1007/627/1007 1008/628/1008 977/597/977
f 977/597/977 1008/628/1008 1009/629/1009 978/598/978
f 978/598/978 1009/629/1009 1010/630/1010 979/599/979
f 979/599/979 1010/630/1010 1011/631/1011 980/600/980
f 980/600/980 1011/631/1011 1012/632/1012 981/601/981
f 981/601/981 1012/632/1012 1013/633/1013 982/602/982
f 982/602/982 1013/633/1013 1014/634/1014 983/603/983
f 983/603/983 1014/634/1014 1015/635/1015 984/604/984
f 984/604/984 1015/635/1015 1016/636/1016 985/605/985
f 985/605/985 1016/636/1016 1017/637/1017 986/606/986
f 986/606/986 1017/637/1017 1018/638/1018 987/607/987
f 987/607/987 1018/638/1018 1019/639/1019 988/608/988
f 988/608/988 1019/639/1019 1020/640/1020 989/609/989
f 989/609/989 1020/640/1020 1021/641/1021 990/610/990
f 990/610/990 1021/641/1021 1022/642/1022 991/611/991
f 991/611/991 1022/642/1022 1023/643/1023 992/612/992
f 992/612/992 1023/643/1023 1024/644/1024 993/613/993
f 993/613/993 1024/644/1024 1025/645/1025 994/614/994
f 994/614/994 1025/645/1025 1026/646/1026 995/615/995
f 995/615/995 1026/646/1026 1027/647/1027 996/616/996
f 996/616/996 1027/647/1027 1028/648/1028 997/617/997
f 997/617/997 1028/648/1028 1029/649/1029 998/618/998
f 998/618/998 1029/649/1029 1030/650/1030 999/619/999
f 999/619/999 1030/650/1030 1031/651/1031 1000/620/1000
f 1001/621/1001 1032/652/1032 1033/653/1033 1002/622/1002
f 1002/622/1002 1033/653/1033 1034/654/1034 1003/623/1003
f 1003/623/1003 1034/654/1034 1035/655/1035 1004/624/1004
f 1004/624/1004 1035/655/1035 1036/656/1036 1005/625/1005
f 1005/625/1005 1036/656/1036 1037/657/1037 1006/626/1006
f 1006/626/1006 1037/657/1037 1038/658/1038 1007/627/1007
f 1007/627/1007 1038/658/1038 1039/659/1039 1008/628/1008
f 1008/628/1008 1039/659/1039 1040/660/1040 1009/629/1009
f 1009/629/1009 1040/660/1040 1041/661/1041 1010/630/1010
f 1010/630/1010 1041/661/1041 1042/662/1042 1011/631/1011
f 1011/631/1011 1042/662/1042 1043/663/1043 1012/632/1012
f 1012/632/1012 1043/663/1043 1044/664/1044 1013/633/1013
f 1013/633/1013 1044/664/1044 1045/665/1045 1014/634/1014
f 1014/634/1014 1045/665/1045 1046/666/1046 1015/635/1015
f 1015/635/1015 1046/666/1046 1047/667/1047 1016/636/1016
f 1016/636/1016 1047/667/1047 1048/668/1048 1017/637/1017
f 1017/637/1017 1048/668/1048 1049/669/1049 1018/638/1018
f 1018/638/1018 1049/669/1049 1050/670/1050 1019/639/1019
f 1019/639/1019 1050/670/1050 1051/671/1051 1020/640/1020
f 1020/640/1020 1051/671/1051 1052/672/1052 1021/641/1021
f 1021/641/1021 1052/672/1052 1053/673/1053 1022/642/1022
f 1022/642/1022 1053/673/1053 1054/674/1054 1023/643/1023
f 1023/643/1023 1054/674/1054 1055/675/1055 1024/644/1024
f 1024/644/1024 1055/675/1055 1056/676/1056 1025/645/1025
f 1025/645/1025 1056/676/1056 1057/677/1057 1026/646/1026
f 1026/646/1026 1057/677/1057 1058/678/1058 1027/647/1027
f 1027/647/1027 1058/678/1058 1059/679/1059 1028/648/1028
f 1028/648/1028 1059/679/1059 1060/680/1060 1029/649/1029
f 1029/649/1029 1060/680/1060 1061/681/1061 1030/650/1030
f 1030/650/1030 1061/681/1061 1062/682/1062 1031/651/1031
f 1032/652/1032 1063/683/1063 1064/684/1064 1033/653/1033
f 1033/653/1033 1064/684/1064 1065/685/1065 1034/654/1034
f 1034/654/1034 1065/685/1065 1066/686/1066 1035/655/1035
f 1035/655/1035 1066/686/1066 1067/687/1067 1036/656/1036
f 1036/656/1036 1067/687/1067 1068/688/1068 1037/657/1037
f 1037/657/1037 1068/688/1068 1069/689/1069 1038/658/1038
f 1038/658/1038 1069/689/1069 1070/690/1070 1039/659/1039
f 1039/659/1039 1070/690/1070 1071/691/1071 1040/660/1040
f 1040/660/1040 1071/691/1071 1072/692/1072 1041/661/1041
f 1041/661/1041 1072/692/1072 1073/693/1073 1042/662/1042
f 1042/662/1042 1073/693/1073 1074/694/1074 1043/663/1043
f 1043/663/1043 1074/694/1074 1075/695/1075 1044/664/1044
f 1044/664/1044 1075/695/1075 1076/696/1076 1045/665/1045
f 1045/665/1045 1076/696/1076 1077/697/1077 1046/666/1046
f 1046/666/1046 1077/697/1077 1078/698/1078 1047/667/1047
f 1047/667/1047 1078/698/1078 1079/699/1079 1048/668/1048
f 1048/668/1048 1079/699/1079 1080/700/1080 1049/669/1049
f 1049/669/1049 1080/700/1080 1081/701/1081 1050/670/1050
f 1050/670/1050 1081/701/1081 1082/702/1082 1051/671/1051
f 1051/671/1051 1082/702/1082 1083/703/1083 1052/672/1052
f 1052/672/1052 1083/703/1083 1084/704/1084 1053/673/1053
f 1053/673/1053 1084/704/1084 1085/705/1085 1054/674/1054
f 1054/674/1054 1085/705/1085 1086/706/1086 1055/675/1055
f 1055/675/1055 1086/706/1086 1087/707/1087 1056/676/1056
f 1056/676/1056 1087/707/1087 1088/708/1088 1057/677/1057
f 1057/677/1057 1088/708/1088 1089/709/1089 1058/678/1058
f 1058/678/1058 1089/709/1089 1090/710/1090 1059/679/1059
f 1059/679/1059 1090/710/1090 1091/711/1091 1060/680/1060
f 1060/680/1060 1091/711/1091 1092/712/1092 1061/681/1061
f 1061/681/1061 1092/712/1092 1093/713/1093 1062/682/1062
f 1063/683/1063 1094/714/1094 1095/715/1095 1064/684/1064
f 1064/684/1064 1095/715/1095 1096/716/1096 1065/685/1065
f 1065/685/1065 1096/716/1096 1097/717/1097 1066/686/1066
f 1066/686/1066 1097/717/1097 1098/718/1098 1067/687/1067
f 1067/687/1067 1098/718/1098 1099/719/1099 1068/688/1068
f 1068/688/1068 1099/719/1099 1100/720/1100 1069/689/1069
f 1069/689/1069 1100/720/1100 1101/721/1101 1070/690/1070
f 1070/690/1070 1101/721/1101 1102/722/1102 1071/691/1071
f 1071/691/1071 1102/722/1102 1103/723/1103 1072/692/1072
f 1072/692/1072 1103/723/1103 1104/724/1104 1073/693/1073
f 1073/693/1073 1104/724/1104 1105/725/1105 1074/694/1074
f 1074/694/1074 1105/725/1105 1106/726/1106 1075/695/1075
f 1075/695/1075 1106/726/1106 1107/727/1107 1076/696/1076
f 1076/696/1076 1107/727/1107 1108/728/1108 1077/697/1077
f 1077/697/1077 1108/728/1108 1109/729/1109 1078/698/1078
f 1078/698/1078 1109/729/1109 1110/730/1110 1079/699/1079
f 1079/699/1079 1110/730/1110 1111/731/1111 1080/700/1080
f 1080/700/1080 1111/731/1111 1112/732/1112 1081/701/1081
f 1081/701/1081 1112/732/1112 1113/733/1113 1082/702/1082
f 1082/702/1082 1113/733/1113 1114/734/1114 1083/703/1083
f 1083/703/1083 1114/734/1114 1115/735/1115 1084/704/1084
f 1084/704/1084 1115/735/1115 1116/736/1116 1085/705/1085
f 1085/705/1085 1116/736/1116 1117/737/1117 1086/706/1086
f 1086/706/1086 1117/737/1117 1118/738/1118 1087/707/1087
f 1087/707/1087 1118/738/1118 1119/739/1119 1088/708/1088
f 1088/708/1088 1119/739/1119 1120/740/1120 1089/709/1089
f 1089/709/1089 1120/740/1120 1121/741/1121 1090/710/1090
f 1090/710/1090 1121/741/1121 1122/742/1122 1091/711/1091
f 1091/711/1091 1122/742/1122 1123/743/1123 1092/712/1092
f 1092/712/1092 1123/743/1123 1124/744/1124 1093/713/1093
f 1094/714/1094 1125/745/1125 1126/746/1126 1095/715/1095
f 1095/715/1095 1126/746/1126 1127/747/1127 1096/716/1096
f 1096/716/1096 1127/747/1127 1128/748/1128 1097/717/1097
f 1097/717/1097 1128/748/1128 1129/749/1129 1098/718/1098
f 1098/718/1098 1129/749/1129 1130/750/1130 1099/719/1099
f 1099/719/1099 1130/750/1130 1131/751/1131 1100/720/1100
f 1100/720/1100 1131/751/1131 1132/752/1132 1101/721/1101
f 1101/721/1101 1132/752/1132 1133/753/1133 1102/722/1102
f 1102/722/1102 1133/753/1133 1134/754/1134 1103/723/1103
f 1103/723/1103 1134/754/1134 1135/755/1135 1104/724/1104
f 1104/724/1104 1135/755/1135 1136/756/1136 1105/725/1105
f 1105/725/1105 1136/756/1136 1137/757/1137 1106/726/1106
f 1106/726/1106 1137/757/1137 1138/758/1138 1107/727/1107
f 1107/727/1107 1138/758/1138 1139/759/1139 1108/728/1108
f 1108/728/1108 1139/759/1139 1140/760/1140 1109/729/1109
f 1109/729/1109 1140/760/1140 1141/761/1141 1110/730/1110
f 1110/730/1110 1141/761/1141 1142/762/1142 1111/731/1111
f 1111/731/1111 1142/762/1142 1143/763/1143 1112/732/1112
f 1112/732/1112 1143/763/1143 1144/764/1144 1113/733/1113
f 1113/733/1113 1144/764/1144 1145/765/1145 1114/734/1114
f 1114/734/1114 1145/765/1145 1146/766/1146 1115/735/1115
f 1115/735/1115 1146/766/1146 1147/767/1147 1116/736/1116
f 1116/736/1116 1147/767/1147 1148/768/1148 1117/737/1117
f 1117/737/1117 1148/768/1148 1149/769/1149 1118/738/1118
f 1118/738/1118 1149/769/1149 1150/770/1150 1119/739/1119
f 1119/739/1119 1150/770/1150 1151/771/1151 1120/740/1120
f 1120/740/1120 1151/771/1151 1152/772/1152 1121/741/1121
f 1121/741/1121 1152/772/1152 1153/773/1153 1122/742/1122
f 1122/742/1122 1153/773/1153 1154/774/1154 1123/743/1123
f 1123/743/1123 1154/774/1154 1155/775/1155 1124/744/1124
f 1125/745/1125 1156/776/1156 1157/777/1157 1126/746/1126
f 1126/746/1126 1157/777/1157 1158/778/1158 1127/747/1127
f 1127/747/1127 1158/778/1158 1159/779/1159 1128/748/1128
f 1128/748/1128 1159/779/1159 1160/780/1160 1129/749/1129
f 1129/749/1129 1160/780/1160 1161/781/1161 1130/750/1130
f 1130/750/1130 1161/781/1161 1162/782/1162 1131/751/1131
f 1131/751/1131 1162/782/1162 1163/783/1163 1132/752/1132
f 1132/752/1132 1163/783/1163 1164/784/1164 1133/753/1133
f 1133/753/1133 1164/784/1164 1165/785/1165 1134/754/1134
f 1134/754/1134 1165/785/1165 1166/786/1166 1135/755/1135
f 1135/755/1135 1166/786/1166 1167/787/1167 1136/756/1136
f 1136/756/1136 1167/787/1167 1168/788/1168 1137/757/1137
f 1137/757/1137 1168/788/1168 1169/789/1169 1138/758/1138
f 1138/758/1138 1169/789/1169 1170/790/1170 1139/759/1139
f 1139/759/1139 1170/790/1170 1171/791/1171 1140/760/1140
f 1140/760/1140 1171/791/1171 1172/792/1172 1141/761/1141
f 1141/761/1141 1172/792/1172 1173/793/1173 1142/762/1142
f 1142/762/1142 1173/793/1173 1174/794/1174 1143/763/1143
f 1143/763/1143 1174/794/1174 1175/795/1175 1144/764/1144
f 1144/764/1144 1175/795/1175 1176/796/1176 1145/765/1145
f 1145/765/1145 1176/796/1176 1177/797/1177 1146/766/1146
f 1146/766/1146 1177/797/1177 1178/798/1178 1147/767/1147
f 1147/767/1147 1178/798/1178 1179/799/1179 1148/768/1148
f 1148/768/1148 1179/799/1179 1180/800/1180 1149/769/1149
f 1149/769/1149 1180/800/1180 1181/801/1181 1150/770/1150
f 1150/770/1150 1181/801/1181 1182/802/1182 1151/771/1151
f 1151/771/1151 1182/802/1182 1183/803/1183 1152/772/1152
f 1152/772/1152 1183/803/1183 1184/804/1184 1153/773/1153
f 1153/773/1153 1184/804/1184 1185/805/1185 1154/774/1154
f 1154/774/1154 1185/805/1185 1186/806/1186 1155/775/1155
f 1156/776/1156 1187/807/1187 1188/808/1188 1157/777/1157
f 1157/777/1157 1188/808/1188 1189/809/1189 1158/778/1158
f 1158/778/1158 1189/809/1189 1190/810/1190 1159/779/1159
f 1159/779/1159 1190/810/1190 1191/811/1191 1160/780/1160
f 1160/780/1160 1191/811/1191 1192/812/1192 1161/781/1161
f 1161/781/1161 1192/812/1192 1193/813/1193 1162/782/1162
f 1162/782/1162 1193/813/1193 1194/814/1194 1163/783/1163
f 1163/783/1163 1194/814/1194 1195/815/1195 1164/784/1164
f 1164/784/1164 1195/815/1195 1196/816/1196 1165/785/1165
f 1165/785/1165 1196/816/1196 1197/817/1197 1166/786/1166
f 1166/786/1166 1197/817/1197 1198/818/1198 1167/787/1167
f 1167/787/1167 1198/818/1198 1199/819/1199 1168/788/1168
f 1168/788/1168 1199/819/1199 1200/820/1200 1169/789/1169
f 1169/789/1169 1200/820/1200 1201/821/1201 1170/790/1170
f 1170/790/1170 1201/821/1201 1202/822/1202 1171/791/1171
f 1171/791/1171 1202/822/1202 1203/823/1203 1172/792/1172
f 1172/792/1172 1203/823/1203 1204/824/1204 1173/793/1173
f 1173/793/1173 1204/824/1204 1205/825/1205 1174/794/1174
f 1174/794/1174 1205/825/1205 1206/826/1206 1175/795/1175
f 1175/795/1175 1206/826/1206 1207/827/1207 1176/796/1176
f 1176/796/1176 1207/827/1207 1208/828/1208 1177/797/1177
f 1177/797/1177 1208/828/1208 1209/829/1209 1178/798/1178
f 1178/798/1178 1209/829/1209 1210/830/1210 1179/799/1179
f 1179/799/1179 1210/830/1210 1211/831/1211 1180/800/1180
f 1180/800/1180 1211/831/1211 1212/832/1212 1181/801/1181
f 1181/801/1181 1212/832/1212 1213/833/1213 1182/802/1182
f 1182/802/1182 1213/833/1213 1214/834/1214 1183/803/1183
f 1183/803/1183 1214/834/1214 1215/835/1215 1184/804/1184
f 1184/804/1184 1215/835/1215 1216/836/1216 1185/805/1185
f 1185/805/1185 1216/836/1216 1217/837/1217 1186/806/1186
f 1187/807/1187 1218/838/1218 1219/839/1219 1188/808/1188
f 1188/808/1188 1219/839/1219 1220/840/1220 1189/809/1189
f 1189/809/1189 1220/840/1220 1221/841/1221 1190/810/1190
f 1190/810/1190 1221/841/1221 1222/842/1222 1191/811/1191
f 1191/811/1191 1222/842/1222 1223/843/1223 1192/812/1192
f 1192/812/1192 1223/843/1223 1224/844/1224 1193/813/1193
f 1193/813/1193 1224/844/1224 1225/845/1225 1194/814/1194
f 1194/814/1194 1225/845/1225 1226/846/1226 1195/815/1195
f 1195/815/1195 1226/846/1226 1227/847/1227 1196/816/1196
f 1196/816/1196 1227/847/1227 1228/848/1228 1197/817/1197
f 1197/817/1197 1228/848/1228 1229/849/1229 1198/818/1198
f 1198/818/1198 1229/849/1229 1230/850/1230 1199/819/1199
f 1199/819/1199 1230/850/1230 1231/851/1231 1200/820/1200
f 1200/820/1200 1231/851/1231 1232/852/1232 1201/821/1201
f 1201/821/1201 1232/852/1232 1233/853/1233 1202/822/1202
f 1202/822/1202 1233/853/1233 1234/854/1234 1203/823/1203
f 1203/823/1203 1234/854/1234 1235/855/1235 1204/824/1204
f 1204/824/1204 1235/855/1235 1236/856/1236 1205/825/1205
f 1205/825/1205 1236/856/1236 1237/857/1237 1206/826/1206
f 1206/826/1206 1237/857/1237 1238/858/1238 1207/827/1207
f 1207/827/1207 1238/858/1238 1239/859/1239 1208/828/1208
f 1208/828/1208 1239/859/1239 1240/860/1240 1209/829/1209
f 1209/829/1209 1240/860/1240 1241/861/1241 1210/830/1210
f 1210/830/1210 1241/861/1241 1242/862/1242 1211/831/1211
f 1211/831/1211 1242/862/1242 1243/863/1243 1212/832/1212
f 1212/832/1212 1243/863/1243 1244/864/1244 1213/833/1213
f 1213/833/1213 1244/864/1244 1245/865/1245 1214/834/1214
f 1214/834/1214 1245/865/1245 1246/866/1246 1215/835/1215
f 1215/835/1215 1246/866/1246 1247/867/1247 1216/836/1216
f 1216/836/1216 1247/867/1247 1248/868/1248 1217/837/1217
f 1218/838/1218 1249/869/1249 1250/870/1250 1219/839/1219
f 1219/839/1219 1250/870/1250 1251/871/1251 1220/840/1220
f 1220/840/1220 1251/871/1251 1252/872/1252 1221/841/1221
f 1221/841/1221 1252/872/1252 1253/873/1253 1222/842/1222
f 1222/842/1222 1253/873/1253 1254/874/1254 1223/843/1223
f 1223/843/1223 1254/874/1254 1255/875/1255 1224/844/1224
f 1224/844/1224 1255/875/1255 1256/876/1256 1225/845/1225
f 1225/845/1225 1256/876/1256 1257/877/1257 1226/846/1226
f 1226/846/1226 1257/877/1257 1258/878/1258 1227/847/1227
f 1227/847/1227 1258/878/1258 1259/879/1259 1228/848/1228
f 1228/848/1228 1259/879/1259 1260/880/1260 1229/849/1229
f 1229/849/1229 1260/880/1260 1261/881/1261 1230/850/1230
f 1230/850/1230 1261/881/1261 1262/882/1262 1231/851/1231
f 1231/851/1231 1262/882/1262 1263/883/1263 1232/852/1232
f 1232/852/1232 1263/883/1263 1264/884/1264 1233/853/1233
f 1233/853/1233 1264/884/1264 1265/885/1265 1234/854/1234
f 1234/854/1234 1265/885/1265 1266/886/1266 1235/855/1235
f 1235/855/1235 1266/886/1266 1267/887/1267 1236/856/1236
f 1236/856/1236 1267/887/1267 1268/888/1268 1237/857/1237
f 1237/857/1237 1268/888/1268 1269/889/1269 1238/858/1238
f 1238/858/1238 1269/889/1269 1270/890/1270 1239/859/1239
f 1239/859/1239 1270/890/1270 1271/891/1271 1240/860/1240
f 1240/860/1240 1271/891/1271 1272/892/1272 1241/861/1241
f 1241/861/1241 1272/892/1272 1273/893/1273 1242/862/1242
f 1242/862/1242 1273/893/1273 1274/894/1274 1243/863/1243
f 1243/863/1243 1274/894/1274 1275/895/1275 1244/864/1244
f 1244/864/1244 1275/895/1275 1276/896/1276 1245/865/1245
f 1245/865/1245 1276/896/1276 1277/897/1277 1246/866/1246
f 1246/866/1246 1277/897/1277 1278/898/1278 1247/867/1247
f 1247/867/1247 1278/898/1278 1279/899/1279 1248/868/1248
f 1249/869/1249 1280/900/1280 1281/901/1281 1250/870/1250
f 1250/870/1250 1281/901/1281 1282/902/1282 1251/871/1251
f 1251/871/1251 1282/902/1282 1283/903/1283 1252/872/1252
f 1252/872/1252 1283/903/1283 1284/904/1284 1253/873/1253
f 1253/873/1253 1284/904/1284 1285/905/1285 1254/874/1254
f 1254/874/1254 1285/905/1285 1286/906/1286 1255/875/1255
f 1255/875/1255 1286/906/1286 1287/907/1287 1256/876/1256
f 1256/876/1256 1287/907/1287 1288/908/1288 1257/877/1257
f 1257/877/1257 1288/908/1288 1289/909/1289 1258/878/1258
f 1258/878/1258 1289/909/1289 1290/910/1290 1259/879/1259
f 1259/879/1259 1290/910/1290 1291/911/1291 1260/880/1260
f 1260/880/1260 1291/911/1291 1292/912/1292 1261/881/1261
f 1261/881/1261 1292/912/1292 1293/913/1293 1262/882/1262
f 1262/882/1262 1293/913/1293 1294/914/1294 1263/883/1263
f 1263/883/1263 1294/914/1294 1295/915/1295 1264/884/1264
f 1264/884/1264 1295/915/1295 1296/916/1296 1265/885/1265
f 1265/885/1265 1296/916/1296 1297/917/1297 1266/886/1266
f 1266/886/1266 1297/917/1297 1298/918/1298 1267/887/1267
f 1267/887/1267 1298/918/1298 1299/919/1299 1268/888/1268
f 1268/888/1268 1299/919/1299 1300/920/1300 1269/889/1269
f 1269/889/1269 1300/920/1300 1301/921/1301 1270/890/1270
f 1270/890/1270 1301/921/1301 1302/922/1302 1271/891/1271
f 1271/891/1271 1302/922/1302 1303/923/1303 1272/892/1272
f 1272/892/1272 1303/923/1303 1304/924/1304 1273/893/1273
f 1273/893/1273 1304/924/1304 1305/925/1305 1274/894/1274
f 1274/894/1274 1305/925/1305 1306/926/1306 1275/895/1275
f 1275/895/1275 1306/926/1306 1307/927/1307 1276/896/1276
f 1276/896/1276 1307/927/1307 1308/928/1308 1277/897/1277
f 1277/897/1277 1308/928/1308 1309/929/1309 1278/898/1278
f 1278/898/1278 1309/929/1309 1310/930/1310 1279/899/1279
f 1280/900/1280 1311/931/1311 1312/932/1312 1281/901/1281
f 1281/901/1281 1312/932/1312 1313/933/1313 1282/902/1282
f 1282/902/1282 1313/933/1313 1314/934/1314 1283/903/1283
f 1283/903/1283 1314/934/1314 1315/935/1315 1284/904/1284
f 1284/904/1284 1315/935/1315 1316/936/1316 1285/905/1285
f 1285/905/1285 1316/936/1316 1317/937/1317 1286/906/1286
f 1286/906/1286 1317/937/1317 1318/938/1318 1287/907/1287
f 1287/907/1287 1318/938/1318 1319/939/1319 1288/908/1288
f 1288/908/1288 1319/939/1319 1320/940/1320 1289/909/1289
f 1289/909/1289 1320/940/1320 1321/941/1321 1290/910/1290
f 1290/910/1290 1321/941/1321 1322/942/1322 1291/911/1291
f 1291/911/1291 1322/942/1322 1323/943/1323 1292/912/1292
f 1292/912/1292 1323/943/1323 1324/944/1324 1293/913/1293
f 1293/913/1293 1324/944/1324 1325/945/1325 1294/914/1294
f 1294/914/1294 1325/945/1325 1326/946/1326 1295/915/1295
f 1295/915/1295 1326/946/1326 1327/947/1327 1296/916/1296
f 1296/916/1296 1327/947/1327 1328/948/1328 1297/917/1297
f 1297/917/1297 1328/948/1328 1329/949/1329 1298/918/1298
f 1298/918/1298 1329/949/1329 1330/950/1330 1299/919/1299
f 1299/919/1299 1330/950/1330 1331/951/1331 1300/920/1300
f 1300/920/1300 1331/951/1331 1332/952/1332 1301/921/1301
f 1301/921/1301 1332/952/1332 1333/953/1333 1302/922/1302
f 1302/922/1302 1333/953/1333 1334/954/1334 1303/923/1303
f 1303/923/1303 1334/954/1334 1335/955/1335 1304/924/1304
f 1304/924/1304 1335/955/1335 1336/956/1336 1305/925/1305
f 1305/925/1305 1336/956/1336 1337/957/1337 1306/926/1306
f 1306/926/1306 1337/957/1337 1338/958/1338 1307/927/1307
f 1307/927/1307 1338/958/1338 1339/959/1339 1308/928/1308
f 1308/928/1308 1339/959/1339 1340/960/1340 1309/929/1309
f 1309/929/1309 1340/960/1340 1341/961/1341 1310/930/1310
f 1/962/1 102/963/102 381/1/381 225/964/225
f 225/964/225 381/1/381 382/4/382 224/965/224
f 224/965/224 382/4/382 383/6/383 223/966/223
f 223/966/223 383/6/383 384/8/384 222/967/222
f 222/967/222 384/8/384 385/10/385 221/968/221
f 221/968/221 385/10/385 386/12/386 220/969/220
f 220/969/220 386/12/386 387/14/387 219/970/219
f 219/970/219 387/14/387 388/16/388 218/971/218
f 218/971/218 388/16/388 389/18/389 217/972/217
f 217/972/217 389/18/389 390/20/390 216/973/216
f 216/973/216 390/20/390 391/22/391 215/974/215
f 215/974/215 391/22/391 392/24/392 214/975/214
f 214/975/214 392/24/392 393/26/393 213/976/213
f 213/976/213 393/26/393 394/28/394 212/977/212
f 212/977/212 394/28/394 395/30/395 211/978/211
f 211/978/211 395/30/395 396/32/396 210/979/210
f 210/979/210 396/32/396 397/34/397 209/980/209
f 209/980/209 397/34/397 398/36/398 208/981/208
f 208/981/208 398/36/398 399/38/399 207/982/207
f 207/982/207 399/38/399 400/40/400 206/983/206
f 206/983/206 400/40/400 401/42/401 205/984/205
f 205/984/205 401/42/401 402/44/402 204/985/204
f 204/985/204 402/44/402 403/46/403 203/986/203
f 203/986/203 403/46/403 404/48/404 202/987/202
f 202/987/202 404/48/404 405/50/405 201/988/201
f 201/988/201 405/50/405 406/52/406 200/989/200
f 200/989/200 406/52/406 407/54/407 199/990/199
f 199/990/199 407/54/407 408/56/408 198/991/198
f 198/991/198 408/56/408 409/58/409 197/992/197
f 197/992/197 409/58/409 410/60/410 196/993/196
f 196/993/196 410/60/410 411/62/411 195/994/195
f 195/994/195 411/62/411 194/995/194 5/996/5
f 411/62/411 442/61/442 193/997/193 194/995/194
f 442/61/442 473/93/473 192/998/192 193/997/193
f 473/93/473 504/124/504 191/999/191 192/998/192
f 504/124/504 535/155/535 190/1000/190 191/999/191
f 535/155/535 566/186/566 189/1001/189 190/1000/190
f 566/186/566 597/217/597 188/1002/188 189/1001/189
f 597/217/597 628/248/628 187/1003/187 188/1002/188
f 628/248/628 659/279/659 186/1004/186 187/1003/187
f 659/279/659 690/310/690 185/1005/185 186/1004/186
f 690/310/690 721/341/721 184/1006/184 185/1005/185
f 721/341/721 752/372/752 183/1007/183 184/1006/184
f 752/372/752 783/403/783 182/1008/182 183/1007/183
f 783/403/783 814/434/814 181/1009/181 182/1008/182
f 814/434/814 845/465/845 180/1010/180 181/1009/181
f 845/465/845 876/496/876 179/1011/179 180/1010/180
f 876/496/876 907/527/907 178/1012/178 179/1011/179
f 907/527/907 938/558/938 177/1013/177 178/1012/178
f 938/558/938 969/589/969 176/1014/176 177/1013/177
f 969/589/969 1000/620/1000 175/1015/175 176/1014/176
f 1000/620/1000 1031/651/1031 174/1016/174 175/1015/175
f 1031/651/1031 1062/682/1062 173/1017/173 174/1016/174
f 1062/682/1062 1093/713/1093 172/1018/172 173/1017/173
f 1093/713/1093 1124/744/1124 171/1019/171 172/1018/172
f 1124/744/1124 1155/775/1155 170/1020/170 171/1019/171
f 1155/775/1155 1186/806/1186 169/1021/169 170/1020/170
f 1186/806/1186 1217/837/1217 168/1022/168 169/1021/169
f 1217/837/1217 1248/868/1248 167/1023/167 168/1022/168
f 1248/868/1248 1279/899/1279 166/1024/166 167/1023/167
f 1279/899/1279 1310/930/1310 165/1025/165 166/1024/166
f 1310/930/1310 1341/961/1341 164/1026/164 165/1025/165
f 1341/961/1341 101/1027/101 7/1028/7 164/1026/164
f 1340/960/1340 100/1029/100 101/1027/101 1341/961/1341
f 1339/959/1339 99/1030/99 100/1029/100 1340/960/1340
f 1338/958/1338 98/1031/98 99/1030/99 1339/959/1339
f 1337/957/1337 97/1032/97 98/1031/98 1338/958/1338
f 1336/956/1336 96/1033/96 97/1032/97 1337/957/1337
f 1335/955/1335 95/1034/95 96/1033/96 1336/956/1336
f 1334/954/1334 94/1035/94 95/1034/95 1335/955/1335
f 1333/953/1333 93/1036/93 94/1035/94 1334/954/1334
f 1332/952/1332 92/1037/92 93/1036/93 1333/953/1333
f 1331/951/1331 91/1038/91 92/1037/92 1332/952/1332
f 1330/950/1330 90/1039/90 91/1038/91 1331/951/1331
f 1329/949/1329 89/1040/89 90/1039/90 1330/950/1330
f 1328/948/1328 88/1041/88 89/1040/89 1329/949/1329
f 1327/947/1327 87/1042/87 88/1041/88 1328/948/1328
f 1326/946/1326 86/1043/86 87/1042/87 1327/947/1327
f 1325/945/1325 85/1044/85 86/1043/86 1326/946/1326
f 1324/944/1324 84/1045/84 85/1044/85 1325/945/1325
f 1323/943/1323 83/1046/83 84/1045/84 1324/944/1324
f 1322/942/1322 82/1047/82 83/1046/83 1323/943/1323
f 1321/941/1321 81/1048/81 82/1047/82 1322/942/1322
f 1320/940/1320 80/1049/80 81/1048/81 1321/941/1321
f 1319/939/1319 79/1050/79 80/1049/80 1320/940/1320
f 1318/938/1318 78/1051/78 79/1050/79 1319/939/1319
f 1317/937/1317 77/1052/77 78/1051/78 1318/938/1318
f 1316/936/1316 76/1053/76 77/1052/77 1317/937/1317
f 1315/935/1315 75/1054/75 76/1053/76 1316/936/1316
f 1314/934/1314 74/1055/74 75/1054/75 1315/935/1315
f 1313/933/1313 73/1056/73 74/1055/74 1314/934/1314
f 1312/932/1312 72/1057/72 73/1056/73 1313/933/1313
f 1311/931/1311 71/1058/71 72/1057/72 1312/932/1312
f 132/1059/132 3/1060/3 71/1058/71 1311/931/1311
f 131/1061/131 132/1059/132 1311/931/1311 1280/900/1280
f 130/1062/130 131/1061/131 1280/900/1280 1249/869/1249
f 129/1063/129 130/1062/130 1249/869/1249 1218/838/1218
f 128/1064/128 129/1063/129 1218/838/1218 1187/807/1187
f 127/1065/127 128/1064/128 1187/807/1187 1156/776/1156
f 126/1066/126 127/1065/127 1156/776/1156 1125/745/1125
f 125/1067/125 126/1066/126 1125/745/1125 1094/714/1094
f 124/1068/124 125/1067/125 1094/714/1094 1063/683/1063
f 123/1069/123 124/1068/124 1063/683/1063 1032/652/1032
f 122/1070/122 123/1069/123 1032/652/1032 1001/621/1001
f 121/1071/121 122/1070/122 1001/621/1001 970/590/970
f 120/1072/120 121/1071/121 970/590/970 939/559/939
f 119/1073/119 120/1072/120 939/559/939 908/528/908
f 118/1074/118 119/1073/119 908/528/908 877/497/877
f 117/1075/117 118/1074/118 877/497/877 846/466/846
f 116/1076/116 117/1075/117 846/466/846 815/435/815
f 115/1077/115 116/1076/116 815/435/815 784/404/784
f 114/1078/114 115/1077/115 784/404/784 753/373/753
f 113/1079/113 114/1078/114 753/373/753 722/342/722
f 112/1080/112 113/1079/113 722/342/722 691/311/691
f 111/1081/111 112/1080/112 691/311/691 660/280/660
f 110/1082/110 111/1081/111 660/280/660 629/249/629
f 109/1083/109 110/1082/110 629/249/629 598/218/598
f 108/1084/108 109/1083/109 598/218/598 567/187/567
f 107/1085/107 108/1084/108 567/187/567 536/156/536
f 106/1086/106 107/1085/107 536/156/536 505/125/505
f 105/1087/105 106/1086/106 505/125/505 474/94/474
f 104/1088/104 105/1087/105 474/94/474 443/63/443
f 103/1089/103 104/1088/104 443/63/443 412/2/412
f 102/963/102 103/1089/103 412/2/412 381/1/381
f 1342/1090/1342 1373/1091/1373 1374/1092/1374 1343/1093/1343
f 1343/1093/1343 1374/1092/1374 1375/1094/1375 1344/1095/1344
f 1344/1095/1344 1375/1094/1375 1376/1096/1376 1345/1097/1345
f 1345/1097/1345 1376/1096/1376 1377/1098/1377 1346/1099/1346
f 1346/1099/1346 1377/1098/1377 1378/1100/1378 1347/1101/1347
f 1347/1101/1347 1378/1100/1378 1379/1102/1379 1348/1103/1348
f 1348/1103/1348 1379/1102/1379 1380/1104/1380 1349/1105/1349
f 1349/1105/1349 1380/1104/1380 1381/1106/1381 1350/1107/1350
f 1350/1107/1350 1381/1106/1381 1382/1108/1382 1351/1109/1351
f 1351/1109/1351 1382/1108/1382 1383/1110/1383 1352/1111/1352
f 1352/1111/1352 1383/1110/1383 1384/1112/1384 1353/1113/1353
f 1353/1113/1353 1384/1112/1384 1385/1114/1385 1354/1115/1354
f 1354/1115/1354 1385/1114/1385 1386/1116/1386 1355/1117/1355
f 1355/1117/1355 1386/1116/1386 1387/1118/1387 1356/1119/1356
f 1356/1119/1356 1387/1118/1387 1388/1120/1388 1357/1121/1357
f 1357/1121/1357 1388/1120/1388 1389/1122/1389 1358/1123/1358
f 1358/1123/1358 1389/1122/1389 1390/1124/1390 1359/1125/1359
f 1359/1125/1359 1390/1124/1390 1391/1126/1391 1360/1127/1360
f 1360/1127/1360 1391/1126/1391 1392/1128/1392 1361/1129/1361
f 1361/1129/1361 1392/1128/1392 1393/1130/1393 1362/1131/1362
f 1362/1131/1362 1393/1130/1393 1394/1132/1394 1363/1133/1363
f 1363/1133/1363 1394/1132/1394 1395/1134/1395 1364/1135/1364
f 1364/1135/1364 1395/1134/1395 1396/1136/1396 1365/1137/1365
f 1365/1137/1365 1396/1136/1396 1397/1138/1397 1366/1139/1366
f 1366/1139/1366 1397/1138/1397 1398/1140/1398 1367/1141/1367
f 1367/1141/1367 1398/1140/1398 1399/1142/1399 1368/1143/1368
f 1368/1143/1368 1399/1142/1399 1400/1144/1400 1369/1145/1369
f 1369/1145/1369 1400/1144/1400 1401/1146/1401 1370/1147/1370
f 1370/1147/1370 1401/1146/1401 1402/1148/1402 1371/1149/1371
f 1371/1149/1371 1402/1148/1402 1403/1150/1403 1372/1151/1372
f 1373/1091/1373 1404/1152/1404 1405/1153/1405 1374/1092/1374
f 1374/1092/1374 1405/1153/1405 1406/1154/1406 1375/1094/1375
f 1375/1094/1375 1406/1154/1406 1407/1155/1407 1376/1096/1376
f 1376/1096/1376 1407/1155/1407 1408/1156/1408 1377/1098/1377
f 1377/1098/1377 1408/1156/1408 1409/1157/1409 1378/1100/1378
f 1378/1100/1378 1409/1157/1409 1410/1158/1410 1379/1102/1379
f 1379/1102/1379 1410/1158/1410 1411/1159/1411 1380/1104/1380
f 1380/1104/1380 1411/1159/1411 1412/1160/1412 1381/1106/1381
f 1381/1106/1381 1412/1160/1412 1413/1161/1413 1382/1108/1382
f 1382/1108/1382 1413/1161/1413 1414/1162/1414 1383/1110/1383
f 1383/1110/1383 1414/1162/1414 1415/1163/1415 1384/1112/1384
f 1384/1112/1384 1415/1163/1415 1416/1164/1416 1385/1114/1385
f 1385/1114/1385 1416/1164/1416 1417/1165/1417 1386/1116/1386
f 1386/1116/1386 1417/1165/1417 1418/1166/1418 1387/1118/1387
f 1387/1118/1387 1418/1166/1418 1419/1167/1419 1388/1120/1388
f 1388/1120/1388 1419/1167/1419 1420/1168/1420 1389/1122/1389
f 1389/1122/1389 1420/1168/1420 1421/1169/1421 1390/1124/1390
f 1390/1124/1390 1421/1169/1421 1422/1170/1422 1391/1126/1391
f 1391/1126/1391 1422/1170/1422 1423/1171/1423 1392/1128/1392
f 1392/1128/1392 1423/1171/1423 1424/1172/1424 1393/1130/1393
f 1393/1130/1393 1424/1172/1424 1425/1173/1425 1394/1132/1394
f 1394/1132/1394 1425/1173/1425 1426/1174/1426 1395/1134/1395
f 1395/1134/1395 1426/1174/1426 1427/1175/1427 1396/1136/1396
f 1396/1136/1396 1427/1175/1427 1428/1176/1428 1397/1138/1397
f 1397/1138/1397 1428/1176/1428 1429/1177/1429 1398/1140/1398
f 1398/1140/1398 1429/1177/1429 1430/1178/1430 1399/1142/1399
f 1399/1142/1399 1430/1178/1430 1431/1179/1431 1400/1144/1400
f 1400/1144/1400 1431/1179/1431 1432/1180/1432 1401/1146/1401
f 1401/1146/1401 1432/1180/1432 1433/1181/1433 1402/1148/1402
f 1402/1148/1402 1433/1181/1433 1434/1182/1434 1403/1150/1403
f 1404/1152/1404 1435/1183/1435 1436/1184/1436 1405/1153/1405
f 1405/1153/1405 1436/1184/1436 1437/1185/1437 1406/1154/1406
f 1406/1154/1406 1437/1185/1437 1438/1186/1438 1407/1155/1407
f 1407/1155/1407 1438/1186/1438 1439/1187/1439 1408/1156/1408
f 1408/1156/1408 1439/1187/1439 1440/1188/1440 1409/1157/1409
f 1409/1157/1409 1440/1188/1440 1441/1189/1441 1410/1158/1410
f 1410/1158/1410 1441/1189/1441 1442/1190/1442 1411/1159/1411
f 1411/1159/1411 1442/1190/1442 1443/1191/1443 1412/1160/1412
f 1412/1160/1412 1443/1191/1443 1444/1192/1444 1413/1161/1413
f 1413/1161/1413 1444/1192/1444 1445/1193/1445 1414/1162/1414
f 1414/1162/1414 1445/1193/1445 1446/1194/1446 1415/1163/1415
f 1415/1163/1415 1446/1194/1446 1447/1195/1447 1416/1164/1416
f 1416/1164/1416 1447/1195/1447 1448/1196/1448 1417/1165/1417
f 1417/1165/1417 1448/1196/1448 1449/1197/1449 1418/1166/1418
f 1418/1166/1418 1449/1197/1449 1450/1198/1450 1419/1167/1419
f 1419/1167/1419 1450/1198/1450 1451/1199/1451 1420/1168/1420
f 1420/1168/1420 1451/1199/1451 1452/1200/1452 1421/1169/1421
f 1421/1169/1421 1452/1200/1452 1453/1201/1453 1422/1170/1422
f 1422/1170/1422 1453/1201/1453 1454/1202/1454 1423/1171/1423
f 1423/1171/1423 1454/1202/1454 1455/1203/1455 1424/1172/1424
f 1424/1172/1424 1455/1203/1455 1456/1204/1456 1425/1173/1425
f 1425/1173/1425 1456/1204/1456 1457/1205/1457 1426/1174/1426
f 1426/1174/1426 1457/1205/1457 1458/1206/1458 1427/1175/1427
f 1427/1175/1427 1458/1206/1458 1459/1207/1459 1428/1176/1428
f 1428/1176/1428 1459/1207/1459 1460/1208/1460 1429/1177/1429
f 1429/1177/1429 1460/1208/1460 1461/1209/1461 1430/1178/1430
f 1430/1178/1430 1461/1209/1461 1462/1210/1462 1431/1179/1431
f 1431/1179/1431 1462/1210/1462 1463/1211/1463 1432/1180/1432
f 1432/1180/1432 1463/1211/1463 1464/1212/1464 1433/1181/1433
f 1433/1181/1433 1464/1212/1464 1465/1213/1465 1434/1182/1434
f 1435/1183/1435 1466/1214/1466 1467/1215/1467 1436/1184/1436
f 1436/1184/1436 1467/1215/1467 1468/1216/1468 1437/1185/1437
f 1437/1185/1437 1468/1216/1468 1469/1217/1469 1438/1186/1438
f 1438/1186/1438 1469/1217/1469 1470/1218/1470 1439/1187/1439
f 1439/1187/1439 1470/1218/1470 1471/1219/1471 1440/1188/1440
f 1440/1188/1440 1471/1219/1471 1472/1220/1472 1441/1189/1441
f 1441/1189/1441 1472/1220/1472 1473/1221/1473 1442/1190/1442
f 1442/1190/1442 1473/1221/1473 1474/1222/1474 1443/1191/1443
f 1443/1191/1443 1474/1222/1474 1475/1223/1475 1444/1192/1444
f 1444/1192/1444 1475/1223/1475 1476/1224/1476 1445/1193/1445
f 1445/1193/1445 1476/1224/1476 1477/1225/1477 1446/1194/1446
f 1446/1194/1446 1477/1225/1477 1478/1226/1478 1447/1195/1447
f 1447/1195/1447 1478/1226/1478 1479/1227/1479 1448/1196/1448
f 1448/1196/1448 1479/1227/1479 1480/1228/1480 1449/1197/1449
f 1449/1197/1449 1480/1228/1480 1481/1229/1481 1450/1198/1450
f 1450/1198/1450 1481/1229/1481 1482/1230/1482 1451/1199/1451
f 1451/1199/1451 1482/1230/1482 1483/1231/1483 1452/1200/1452
f 1452/1200/1452 1483/1231/1483 1484/1232/1484 1453/1201/1453
f 1453/1201/1453 1484/1232/1484 1485/1233/1485 1454/1202/1454
f 1454/1202/1454 1485/1233/1485 1486/1234/1486 1455/1203/1455
f 1455/1203/1455 1486/1234/1486 1487/1235/1487 1456/1204/1456
f 1456/1204/1456 1487/1235/1487 1488/1236/1488 1457/1205/1457
f 1457/1205/1457 1488/1236/1488 1489/1237/1489 1458/1206/1458
f 1458/1206/1458 1489/1237/1489 1490/1238/1490 1459/1207/1459
f 1459/1207/1459 1490/1238/1490 1491/1239/1491 1460/1208/1460
f 1460/1208/1460 1491/1239/1491 1492/1240/1492 1461/1209/1461
f 1461/1209/1461 1492/1240/1492 1493/1241/1493 1462/1210/1462
f 1462/1210/1462 1493/1241/1493 1494/1242/1494 1463/1211/1463
f 1463/1211/1463 1494/1242/1494 1495/1243/1495 1464/1212/1464
f 1464/1212/1464 1495/1243/1495 1496/1244/1496 1465/1213/1465
f 1466/1214/1466 1497/1245/1497 1498/1246/1498 1467/1215/1467
f 1467/1215/1467 1498/1246/1498 1499/1247/1499 1468/1216/1468
f 1468/1216/1468 1499/1247/1499 1500/1248/1500 1469/1217/1469
f 1469/1217/1469 1500/1248/1500 1501/1249/1501 1470/1218/1470
f 1470/1218/1470 1501/1249/1501 1502/1250/1502 1471/1219/1471
f 1471/1219/1471 1502/1250/1502 1503/1251/1503 1472/1220/1472
f 1472/1220/1472 1503/1251/1503 1504/1252/1504 1473/1221/1473
f 1473/1221/1473 1504/1252/1504 1505/1253/1505 1474/1222/1474
f 1474/1222/1474 1505/1253/1505 1506/1254/1506 1475/1223/1475
f 1475/1223/1475 1506/1254/1506 1507/1255/1507 1476/1224/1476
f 1476/1224/1476 1507/1255/1507 1508/1256/1508 1477/1225/1477
f 1477/1225/1477 1508/1256/1508 1509/1257/1509 1478/1226/1478
f 1478/1226/1478 1509/1257/1509 1510/1258/1510 1479/1227/1479
f 1479/1227/1479 1510/1258/1510 1511/1259/1511 1480/1228/1480
f 1480/1228/1480 1511/1259/1511 1512/1260/1512 1481/1229/1481
f 1481/1229/1481 1512/1260/1512 1513/1261/1513 1482/1230/1482
f 1482/1230/1482 1513/1261/1513 1514/1262/1514 1483/1231/1483
f 1483/1231/1483 1514/1262/1514 1515/1263/1515 1484/1232/1484
f 1484/1232/1484 1515/1263/1515 1516/1264/1516 1485/1233/1485
f 1485/1233/1485 1516/1264/1516 1517/1265/1517 1486/1234/1486
f 1486/1234/1486 1517/1265/1517 1518/1266/1518 1487/1235/1487
f 1487/1235/1487 1518/1266/1518 1519/1267/1519 1488/1236/1488
f 1488/1236/1488 1519/1267/1519 1520/1268/1520 1489/1237/1489
f 1489/1237/1489 1520/1268/1520 1521/1269/1521 1490/1238/1490
f 1490/1238/1490 1521/1269/1521 1522/1270/1522 1491/1239/1491
f 1491/1239/1491 1522/1270/1522 1523/1271/1523 1492/1240/1492
f 1492/1240/1492 1523/1271/1523 1524/1272/1524 1493/1241/1493
f 1493/1241/1493 1524/1272/1524 1525/1273/1525 1494/1242/1494
f 1494/1242/1494 1525/1273/1525 1526/1274/1526 1495/1243/1495
f 1495/1243/1495 1526/1274/1526 1527/1275/1527 1496/1244/1496
f 1497/1245/1497 1528/1276/1528 1529/1277/1529 1498/1246/1498
f 1498/1246/1498 1529/1277/1529 1530/1278/1530 1499/1247/1499
f 1499/1247/1499 1530/1278/1530 1531/1279/1531 1500/1248/1500
f 1500/1248/1500 1531/1279/1531 1532/1280/1532 1501/1249/1501
f 1501/1249/1501 1532/1280/1532 1533/1281/1533 1502/1250/1502
f 1502/1250/1502 1533/1281/1533 1534/1282/1534 1503/1251/1503
f 1503/1251/1503 1534/1282/1534 1535/1283/1535 1504/1252/1504
f 1504/1252/1504 1535/1283/1535 1536/1284/1536 1505/1253/1505
f 1505/1253/1505 1536/1284/1536 1537/1285/1537 1506/1254/1506
f 1506/1254/1506 1537/1285/1537 1538/1286/1538 1507/1255/1507
f 1507/1255/1507 1538/1286/1538 1539/1287/1539 1508/1256/1508
f 1508/1256/1508 1539/1287/1539 1540/1288/1540 1509/1257/1509
f 1509/1257/1509 1540/1288/1540 1541/1289/1541 1510/1258/1510
f 1510/1258/1510 1541/1289/1541 1542/1290/1542 1511/1259/1511
f 1511/1259/1511 1542/1290/1542 1543/1291/1543 1512/1260/1512
f 1512/1260/1512 1543/1291/1543 1544/1292/1544 1513/1261/1513
f 1513/1261/1513 1544/1292/1544 1545/1293/1545 1514/1262/1514
f 1514/1262/1514 1545/1293/1545 1546/1294/1546 1515/1263/1515
f 1515/1263/1515 1546/1294/1546 1547/1295/1547 1516/1264/1516
f 1516/1264/1516 1547/1295/1547 1548/1296/1548 1517/1265/1517
f 1517/1265/1517 1548/1296/1548 1549/1297/1549 1518/1266/1518
f 1518/1266/1518 1549/1297/1549 1550/1298/1550 1519/1267/1519
f 1519/1267/1519 1550/1298/1550 1551/1299/1551 1520/1268/1520
f 1520/1268/1520 1551/1299/1551 1552/1300/1552 1521/1269/1521
f 1521/1269/1521 1552/1300/1552 1553/1301/1553 1522/1270/1522
f 1522/1270/1522 1553/1301/1553 1554/1302/1554 1523/1271/1523
f 1523/1271/1523 1554/1302/1554 1555/1303/1555 1524/1272/1524
f 1524/1272/1524 1555/1303/1555 1556/1304/1556 1525/1273/1525
f 1525/1273/1525 1556/1304/1556 1557/1305/1557 1526/1274/1526
f 1526/1274/1526 1557/1305/1557 1558/1306/1558 1527/1275/1527
f 1528/1276/1528 1559/1307/1559 1560/1308/1560 1529/1277/1529
f 1529/1277/1529 1560/1308/1560 1561/1309/1561 1530/1278/1530
f 1530/1278/1530 1561/1309/1561 1562/1310/1562 1531/1279/1531
f 1531/1279/1531 1562/1310/1562 1563/1311/1563 1532/1280/1532
f 1532/1280/1532 1563/1311/1563 1564/1312/1564 1533/1281/1533
f 1533/1281/1533 1564/1312/1564 1565/1313/1565 1534/1282/1534
f 1534/1282/1534 1565/1313/1565 1566/1314/1566 1535/1283/1535
f 1535/1283/1535 1566/1314/1566 1567/1315/1567 1536/1284/1536
f 1536/1284/1536 1567/1315/1567 1568/1316/1568 1537/1285/1537
f 1537/1285/1537 1568/1316/1568 1569/1317/1569 1538/1286/1538
f 1538/1286/1538 1569/1317/1569 1570/1318/1570 1539/1287/1539
f 1539/1287/1539 1570/1318/1570 1571/1319/1571 1540/1288/1540
f 1540/1288/1540 1571/1319/1571 1572/1320/1572 1541/1289/1541
f 1541/1289/1541 1572/1320/1572 1573/1321/1573 1542/1290/1542
f 1542/1290/1542 1573/1321/1573 1574/1322/1574 1543/1291/1543
f 1543/1291/1543 1574/1322/1574 1575/1323/1575 1544/1292/1544
f 1544/1292/1544 1575/1323/1575 1576/1324/1576 1545/1293/1545
f 1545/1293/1545 1576/1324/1576 1577/1325/1577 1546/1294/1546
f 1546/1294/1546 1577/1325/1577 1578/1326/1578 1547/1295/1547
f 1547/1295/1547 1578/1326/1578 1579/1327/1579 1548/1296/1548
f 1548/1296/1548 1579/1327/1579 1580/1328/1580 1549/1297/1549
f 1549/1297/1549 1580/1328/1580 1581/1329/1581 1550/1298/1550
f 1550/1298/1550 1581/1329/1581 1582/1330/1582 1551/1299/1551
f 1551/1299/1551 1582/1330/1582 1583/1331/1583 1552/1300/1552
f 1552/1300/1552 1583/1331/1583 1584/1332/1584 1553/1301/1553
f 1553/1301/1553 1584/1332/1584 1585/1333/1585 1554/1302/1554
f 1554/1302/1554 1585/1333/1585 1586/1334/1586 1555/1303/1555
f 1555/1303/1555 1586/1334/1586 1587/1335/1587 1556/1304/1556
f 1556/1304/1556 1587/1335/1587 1588/1336/1588 1557/1305/1557
f 1557/1305/1557 1588/1336/1588 1589/1337/1589 1558/1306/1558
f 1559/1307/1559 1590/1338/1590 1591/1339/1591 1560/1308/1560
f 1560/1308/1560 1591/1339/1591 1592/1340/1592 1561/1309/1561
f 1561/1309/1561 1592/1340/1592 1593/1341/1593 1562/1310/1562
f 1562/1310/1562 1593/1341/1593 1594/1342/1594 1563/1311/1563
f 1563/1311/1563 1594/1342/1594 1595/1343/1595 1564/1312/1564
f 1564/1312/1564 1595/1343/1595 1596/1344/1596 1565/1313/1565
f 1565/1313/1565 1596/1344/1596 1597/1345/1597 1566/1314/1566
f 1566/1314/1566 1597/1345/1597 1598/1346/1598 1567/1315/1567
f 1567/1315/1567 1598/1346/1598 1599/1347/1599 1568/1316/1568
f 1568/1316/1568 1599/1347/1599 1600/1348/1600 1569/1317/1569
f 1569/1317/1569 1600/1348/1600 1601/1349/1601 1570/1318/1570
f 1570/1318/1570 1601/1349/1601 1602/1350/1602 1571/1319/1571
f 1571/1319/1571 1602/1350/1602 1603/1351/1603 1572/1320/1572
f 1572/1320/1572 1603/1351/1603 1604/1352/1604 1573/1321/1573
f 1573/1321/1573 1604/1352/1604 1605/1353/1605 1574/1322/1574
f 1574/1322/1574 1605/1353/1605 1606/1354/1606 1575/1323/1575
f 1575/1323/1575 1606/1354/1606 1607/1355/1607 1576/1324/1576
f 1576/1324/1576 1607/1355/1607 1608/1356/1608 1577/1325/1577
f 1577/1325/1577 1608/1356/1608 1609/1357/1609 1578/1326/1578
f 1578/1326/1578 1609/1357/1609 1610/1358/1610 1579/1327/1579
f 1579/1327/1579 1610/1358/1610 1611/1359/1611 1580/1328/1580
f 1580/1328/1580 1611/1359/1611 1612/1360/1612 1581/1329/1581
f 1581/1329/1581 1612/1360/1612 1613/1361/1613 1582/1330/1582
f 1582/1330/1582 1613/1361/1613 1614/1362/1614 1583/1331/1583
f 1583/1331/1583 1614/1362/1614 1615/1363/1615 1584/1332/1584
f 1584/1332/1584 1615/1363/1615 1616/1364/1616 1585/1333/1585
f 1585/1333/1585 1616/1364/1616 1617/1365/1617 1586/1334/1586
f 1586/1334/1586 1617/1365/1617 1618/1366/1618 1587/1335/1587
f 1587/1335/1587 1618/1366/1618 1619/1367/1619 1588/1336/1588
f 1588/1336/1588 1619/1367/1619 1620/1368/1620 1589/1337/1589
f 1590/1338/1590 1621/1369/1621 1622/1370/1622 1591/1339/1591
f 1591/1339/1591 1622/1370/1622 1623/1371/1623 1592/1340/1592
f 1592/1340/1592 1623/1371/1623 1624/1372/1624 1593/1341/1593
f 1593/1341/1593 1624/1372/1624 1625/1373/1625 1594/1342/1594
f 1594/1342/1594 1625/1373/1625 1626/1374/1626 1595/1343/1595
f 1595/1343/1595 1626/1374/1626 1627/1375/1627 1596/1344/1596
f 1596/1344/1596 1627/1375/1627 1628/1376/1628 1597/1345/1597
f 1597/1345/1597 1628/1376/1628 1629/1377/1629 1598/1346/1598
f 1598/1346/1598 1629/1377/1629 1630/1378/1630 1599/1347/1599
f 1599/1347/1599 1630/1378/1630 1631/1379/1631 1600/1348/1600
f 1600/1348/1600 1631/1379/1631 1632/1380/1632 1601/1349/1601
f 1601/1349/1601 1632/1380/1632 1633/1381/1633 1602/1350/1602
f 1602/1350/1602 1633/1381/1633 1634/1382/1634 1603/1351/1603
f 1603/1351/1603 1634/1382/1634 1635/1383/1635 1604/1352/1604
f 1604/1352/1604 1635/1383/1635 1636/1384/1636 1605/1353/1605
f 1605/1353/1605 1636/1384/1636 1637/1385/1637 1606/1354/1606
f 1606/1354/1606 1637/1385/1637 1638/1386/1638 1607/1355/1607
f 1607/1355/1607 1638/1386/1638 1639/1387/1639 1608/1356/1608
f 1608/1356/1608 1639/1387/1639 1640/1388/1640 1609/1357/1609
f 1609/1357/1609 1640/1388/1640 1641/1389/1641 1610/1358/1610
f 1610/1358/1610 1641/1389/1641 1642/1390/1642 1611/1359/1611
f 1611/1359/1611 1642/1390/1642 1643/1391/1643 1612/1360/1612
f 1612/1360/1612 1643/1391/1643 1644/1392/1644 1613/1361/1613
f 1613/1361/1613 1644/1392/1644 1645/1393/1645 1614/1362/1614
f 1614/1362/1614 1645/1393/1645 1646/1394/1646 1615/1363/1615
f 1615/1363/1615 1646/1394/1646 1647/1395/1647 1616/1364/1616
f 1616/1364/1616 1647/1395/1647 1648/1396/1648 1617/1365/1617
f 1617/1365/1617 1648/1396/1648 1649/1397/1649 1618/1366/1618
f 1618/1366/1618 1649/1397/1649 1650/1398/1650 1619/1367/1619
f 1619/1367/1619 1650/1398/1650 1651/1399/1651 1620/1368/1620
f 1621/1369/1621 1652/1400/1652 1653/1401/1653 1622/1370/1622
f 1622/1370/1622 1653/1401/1653 1654/1402/1654 1623/1371/1623
f 1623/1371/1623 1654/1402/1654 1655/1403/1655 1624/1372/1624
f 1624/1372/1624 1655/1403/1655 1656/1404/1656 1625/1373/1625
f 1625/1373/1625 1656/1404/1656 1657/1405/1657 1626/1374/1626
f 1626/1374/1626 1657/1405/1657 1658/1406/1658 1627/1375/1627
f 1627/1375/1627 1658/1406/1658 1659/1407/1659 1628/1376/1628
f 1628/1376/1628 1659/1407/1659 1660/1408/1660 1629/1377/1629
f 1629/1377/1629 1660/1408/1660 1661/1409/1661 1630/1378/1630
f 1630/1378/1630 1661/1409/1661 1662/1410/1662 1631/1379/1631
f 1631/1379/1631 1662/1410/1662 1663/1411/1663 1632/1380/1632
f 1632/1380/1632 1663/1411/1663 1664/1412/1664 1633/1381/1633
f 1633/1381/1633 1664/1412/1664 1665/1413/1665 1634/1382/1634
f 1634/1382/1634 1665/1413/1665 1666/1414/1666 1635/1383/1635
f 1635/1383/1635 1666/1414/1666 1667/1415/1667 1636/1384/1636
f 1636/1384/1636 1667/1415/1667 1668/1416/1668 1637/1385/1637
f 1637/1385/1637 1668/1416/1668 1669/1417/1669 1638/1386/1638
f 1638/1386/1638 1669/1417/1669 1670/1418/1670 1639/1387/1639
f 1639/1387/1639 1670/1418/1670 1671/1419/1671 1640/1388/1640
f 1640/1388/1640 1671/1419/1671 1672/1420/1672 1641/1389/1641
f 1641/1389/1641 1672/1420/1672 1673/1421/1673 1642/1390/1642
f 1642/1390/1642 1673/1421/1673 1674/1422/1674 1643/1391/1643
f 1643/1391/1643 1674/1422/1674 1675/1423/1675 1644/1392/1644
f 1644/1392/1644 1675/1423/1675 1676/1424/1676 1645/1393/1645
f 1645/1393/1645 1676/1424/1676 1677/1425/1677 1646/1394/1646
f 1646/1394/1646 1677/1425/1677 1678/1426/1678 1647/1395/1647
f 1647/1395/1647 1678/1426/1678 1679/1427/1679 1648/1396/1648
f 1648/1396/1648 1679/1427/1679 1680/1428/1680 1649/1397/1649
f 1649/1397/1649 1680/1428/1680 1681/1429/1681 1650/1398/1650
f 1650/1398/1650 1681/1429/1681 1682/1430/1682 1651/1399/1651
f 1652/1400/1652 1683/1431/1683 1684/1432/1684 1653/1401/1653
f 1653/1401/1653 1684/1432/1684 1685/1433/1685 1654/1402/1654
f 1654/1402/1654 1685/1433/1685 1686/1434/1686 1655/1403/1655
f 1655/1403/1655 1686/1434/1686 1687/1435/1687 1656/1404/1656
f 1656/1404/1656 1687/1435/1687 1688/1436/1688 1657/1405/1657
f 1657/1405/1657 1688/1436/1688 1689/1437/1689 1658/1406/1658
f 1658/1406/1658 1689/1437/1689 1690/1438/1690 1659/1407/1659
f 1659/1407/1659 1690/1438/1690 1691/1439/1691 1660/1408/1660
f 1660/1408/1660 1691/1439/1691 1692/1440/1692 1661/1409/1661
f 1661/1409/1661 1692/1440/1692 1693/1441/1693 1662/1410/1662
f 1662/1410/1662 1693/1441/1693 1694/1442/1694 1663/1411/1663
f 1663/1411/1663 1694/1442/1694 1695/1443/1695 1664/1412/1664
f 1664/1412/1664 1695/1443/1695 1696/1444/1696 1665/1413/1665
f 1665/1413/1665 1696/1444/1696 1697/1445/1697 1666/1414/1666
f 1666/1414/1666 1697/1445/1697 1698/1446/1698 1667/1415/1667
f 1667/1415/1667 1698/1446/1698 1699/1447/1699 1668/1416/1668
f 1668/1416/1668 1699/1447/1699 1700/1448/1700 1669/1417/1669
f 1669/1417/1669 1700/1448/1700 1701/1449/1701 1670/1418/1670
f 1670/1418/1670 1701/1449/1701 1702/1450/1702 1671/1419/1671
f 1671/1419/1671 1702/1450/1702 1703/1451/1703 1672/1420/1672
f 1672/1420/1672 1703/1451/1703 1704/1452/1704 1673/1421/1673
f 1673/1421/1673 1704/1452/1704 1705/1453/1705 1674/1422/1674
f 1674/1422/1674 1705/1453/1705 1706/1454/1706 1675/1423/1675
f 1675/1423/1675 1706/1454/1706 1707/1455/1707 1676/1424/1676
f 1676/1424/1676 1707/1455/1707 1708/1456/1708 1677/1425/1677
f 1677/1425/1677 1708/1456/1708 1709/1457/1709 1678/1426/1678
f 1678/1426/1678 1709/1457/1709 1710/1458/1710 1679/1427/1679
f 1679/1427/1679 1710/1458/1710 1711/1459/1711 1680/1428/1680
f 1680/1428/1680 1711/1459/1711 1712/1460/1712 1681/1429/1681
f 1681/1429/1681 1712/1460/1712 1713/1461/1713 1682/1430/1682
f 1683/1431/1683 1714/1462/1714 1715/1463/1715 1684/1432/1684
f 1684/1432/1684 1715/1463/1715 1716/1464/1716 1685/1433/1685
f 1685/1433/1685 1716/1464/1716 1717/1465/1717 1686/1434/1686
f 1686/1434/1686 1717/1465/1717 1718/1466/1718 1687/1435/1687
f 1687/1435/1687 1718/1466/1718 1719/1467/1719 1688/1436/1688
f 1688/1436/1688 1719/1467/1719 1720/1468/1720 1689/1437/1689
f 1689/1437/1689 1720/1468/1720 1721/1469/1721 1690/1438/1690
f 1690/1438/1690 1721/1469/1721 1722/1470/1722 1691/1439/1691
f 1691/1439/1691 1722/1470/1722 1723/1471/1723 1692/1440/1692
f 1692/1440/1692 1723/1471/1723 1724/1472/1724 1693/1441/1693
f 1693/1441/1693 1724/1472/1724 1725/1473/1725 1694/1442/1694
f 1694/1442/1694 1725/1473/1725 1726/1474/1726 1695/1443/1695
f 1695/1443/1695 1726/1474/1726 1727/1475/1727 1696/1444/1696
f 1696/1444/1696 1727/1475/1727 1728/1476/1728 1697/1445/1697
f 1697/1445/1697 1728/1476/1728 1729/1477/1729 1698/1446/1698
f 1698/1446/1698 1729/1477/1729 1730/1478/1730 1699/1447/1699
f 1699/1447/1699 1730/1478/1730 1731/1479/1731 1700/1448/1700
f 1700/1448/1700 1731/1479/1731 1732/1480/1732 1701/1449/1701
f 1701/1449/1701 1732/1480/1732 1733/1481/1733 1702/1450/1702
f 1702/1450/1702 1733/1481/1733 1734/1482/1734 1703/1451/1703
f 1703/1451/1703 1734/1482/1734 1735/1483/1735 1704/1452/1704
f 1704/1452/1704 1735/1483/1735 1736/1484/1736 1705/1453/1705
f 1705/1453/1705 1736/1484/1736 1737/1485/1737 1706/1454/1706
f 1706/1454/1706 1737/1485/1737 1738/1486/1738 1707/1455/1707
f 1707/1455/1707 1738/1486/1738 1739/1487/1739 1708/1456/1708
f 1708/1456/1708 1739/1487/1739 1740/1488/1740 1709/1457/1709
f 1709/1457/1709 1740/1488/1740 1741/1489/1741 1710/1458/1710
f 1710/1458/1710 1741/1489/1741 1742/1490/1742 1711/1459/1711
f 1711/1459/1711 1742/1490/1742 1743/1491/1743 1712/1460/1712
f 1712/1460/1712 1743/1491/1743 1744/1492/1744 1713/1461/1713
f 1714/1462/1714 1745/1493/1745 1746/1494/1746 1715/1463/1715
f 1715/1463/1715 1746/1494/1746 1747/1495/1747 1716/1464/1716
f 1716/1464/1716 1747/1495/1747 1748/1496/1748 1717/1465/1717
f 1717/1465/1717 1748/1496/1748 1749/1497/1749 1718/1466/1718
f 1718/1466/1718 1749/1497/1749 1750/1498/1750 1719/1467/1719
f 1719/1467/1719 1750/1498/1750 1751/1499/1751 1720/1468/1720
f 1720/1468/1720 1751/1499/1751 1752/1500/1752 1721/1469/1721
f 1721/1469/1721 1752/1500/1752 1753/1501/1753 1722/1470/1722
f 1722/1470/1722 1753/1501/1753 1754/1502/1754 1723/1471/1723
f 1723/1471/1723 1754/1502/1754 1755/1503/1755 1724/1472/1724
f 1724/1472/1724 1755/1503/1755 1756/1504/1756 1725/1473/1725
f 1725/1473/1725 1756/1504/1756 1757/1505/1757 1726/1474/1726
f 1726/1474/1726 1757/1505/1757 1758/1506/1758 1727/1475/1727
f 1727/1475/1727 1758/1506/1758 1759/1507/1759 1728/1476/1728
f 1728/1476/1728 1759/1507/1759 1760/1508/1760 1729/1477/1729
f 1729/1477/1729 1760/1508/1760 1761/1509/1761 1730/1478/1730
f 1730/1478/1730 1761/1509/1761 1762/1510/1762 1731/1479/1731
f 1731/1479/1731 1762/1510/1762 1763/1511/1763 1732/1480/1732
f 1732/1480/1732 1763/1511/1763 1764/1512/1764 1733/1481/1733
f 1733/1481/1733 1764/1512/1764 1765/1513/1765 1734/1482/1734
f 1734/1482/1734 1765/1513/1765 1766/1514/1766 1735/1483/1735
f 1735/1483/1735 1766/1514/1766 1767/1515/1767 1736/1484/1736
f 1736/1484/1736 1767/1515/1767 1768/1516/1768 1737/1485/1737
f 1737/1485/1737 1768/1516/1768 1769/1517/1769 1738/1486/1738
f 1738/1486/1738 1769/1517/1769 1770/1518/1770 1739/1487/1739
f 1739/1487/1739 1770/1518/1770 1771/1519/1771 1740/1488/1740
f 1740/1488/1740 1771/1519/1771 1772/1520/1772 1741/1489/1741
f 1741/1489/1741 1772/1520/1772 1773/1521/1773 1742/1490/1742
f 1742/1490/1742 1773/1521/1773 1774/1522/1774 1743/1491/1743
f 1743/1491/1743 1774/1522/1774 1775/1523/1775 1744/1492/1744
f 1745/1493/1745 1776/1524/1776 1777/1525/1777 1746/1494/1746
f 1746/1494/1746 1777/1525/1777 1778/1526/1778 1747/1495/1747
f 1747/1495/1747 1778/1526/1778 1779/1527/1779 1748/1496/1748
f 1748/1496/1748 1779/1527/1779 1780/1528/1780 1749/1497/1749
f 1749/1497/1749 1780/1528/1780 1781/1529/1781 1750/1498/1750
f 1750/1498/1750 1781/1529/1781 1782/1530/1782 1751/1499/1751
f 1751/1499/1751 1782/1530/1782 1783/1531/1783 1752/1500/1752
f 1752/1500/1752 1783/1531/1783 1784/1532/1784 1753/1501/1753
f 1753/1501/1753 1784/1532/1784 1785/1533/1785 1754/1502/1754
f 1754/1502/1754 1785/1533/1785 1786/1534/1786 1755/1503/1755
f 1755/1503/1755 1786/1534/1786 1787/1535/1787 1756/1504/1756
f 1756/1504/1756 1787/1535/1787 1788/1536/1788 1757/1505/1757
f 1757/1505/1757 1788/1536/1788 1789/1537/1789 1758/1506/1758
f 1758/1506/1758 1789/1537/1789 1790/1538/1790 1759/1507/1759
f 1759/1507/1759 1790/1538/1790 1791/1539/1791 1760/1508/1760
f 1760/1508/1760 1791/1539/1791 1792/1540/1792 1761/1509/1761
f 1761/1509/1761 1792/1540/1792 1793/1541/1793 1762/1510/1762
f 1762/1510/1762 1793/1541/1793 1794/1542/1794 1763/1511/1763
f 1763/1511/1763 1794/1542/1794 1795/1543/1795 1764/1512/1764
f 1764/1512/1764 1795/1543/1795 1796/1544/1796 1765/1513/1765
f 1765/1513/1765 1796/1544/1796 1797/1545/1797 1766/1514/1766
f 1766/1514/1766 1797/1545/1797 1798/1546/1798 1767/1515/1767
f 1767/1515/1767 1798/1546/1798 1799/1547/1799 1768/1516/1768
f 1768/1516/1768 1799/1547/1799 1800/1548/1800 1769/1517/1769
f 1769/1517/1769 1800/1548/1800 1801/1549/1801 1770/1518/1770
f 1770/1518/1770 1801/1549/1801 1802/1550/1802 1771/1519/1771
f 1771/1519/1771 1802/1550/1802 1803/1551/1803 1772/1520/1772
f 1772/1520/1772 1803/1551/1803 1804/1552/1804 1773/1521/1773
f 1773/1521/1773 1804/1552/1804 1805/1553/1805 1774/1522/1774
f 1774/1522/1774 1805/1553/1805 1806/1554/1806 1775/1523/1775
f 1776/1524/1776 1807/1555/1807 1808/1556/1808 1777/1525/1777
f 1777/1525/1777 1808/1556/1808 1809/1557/1809 1778/1526/1778
f 1778/1526/1778 1809/1557/1809 1810/1558/1810 1779/1527/1779
f 1779/1527/1779 1810/1558/1810 1811/1559/1811 1780/1528/1780
f 1780/1528/1780 1811/1559/1811 1812/1560/1812 1781/1529/1781
f 1781/1529/1781 1812/1560/1812 1813/1561/1813 1782/1530/1782
f 1782/1530/1782 1813/1561/1813 1814/1562/1814 1783/1531/1783
f 1783/1531/1783 1814/1562/1814 1815/1563/1815 1784/1532/1784
f 1784/1532/1784 1815/1563/1815 1816/1564/1816 1785/1533/1785
f 1785/1533/1785 1816/1564/1816 1817/1565/1817 1786/1534/1786
f 1786/1534/1786 1817/1565/1817 1818/1566/1818 1787/1535/1787
f 1787/1535/1787 1818/1566/1818 1819/1567/1819 1788/1536/1788
f 1788/1536/1788 1819/1567/1819 1820/1568/1820 1789/1537/1789
f 1789/1537/1789 1820/1568/1820 1821/1569/1821 1790/1538/1790
f 1790/1538/1790 1821/1569/1821 1822/1570/1822 1791/1539/1791
f 1791/1539/1791 1822/1570/1822 1823/1571/1823 1792/1540/1792
f 1792/1540/1792 1823/1571/1823 1824/1572/1824 1793/1541/1793
f 1793/1541/1793 1824/1572/1824 1825/1573/1825 1794/1542/1794
f 1794/1542/1794 1825/1573/1825 1826/1574/1826 1795/1543/1795
f 1795/1543/1795 1826/1574/1826 1827/1575/1827 1796/1544/1796
f 1796/1544/1796 1827/1575/1827 1828/1576/1828 1797/1545/1797
f 1797/1545/1797 1828/1576/1828 1829/1577/1829 1798/1546/1798
f 1798/1546/1798 1829/1577/1829 1830/1578/1830 1799/1547/1799
f 1799/1547/1799 1830/1578/1830 1831/1579/1831 1800/1548/1800
f 1800/1548/1800 1831/1579/1831 1832/1580/1832 1801/1549/1801
f 1801/1549/1801 1832/1580/1832 1833/1581/1833 1802/1550/1802
f 1802/1550/1802 1833/1581/1833 1834/1582/1834 1803/1551/1803
f 1803/1551/1803 1834/1582/1834 1835/1583/1835 1804/1552/1804
f 1804/1552/1804 1835/1583/1835 1836/1584/1836 1805/1553/1805
f 1805/1553/1805 1836/1584/1836 1837/1585/1837 1806/1554/1806
f 1807/1555/1807 1838/1586/1838 1839/1587/1839 1808/1556/1808
f 1808/1556/1808 1839/1587/1839 1840/1588/1840 1809/1557/1809
f 1809/1557/1809 1840/1588/1840 1841/1589/1841 1810/1558/1810
f 1810/1558/1810 1841/1589/1841 1842/1590/1842 1811/1559/1811
f 1811/1559/1811 1842/1590/1842 1843/1591/1843 1812/1560/1812
f 1812/1560/1812 1843/1591/1843 1844/1592/1844 1813/1561/1813
f 1813/1561/1813 1844/1592/1844 1845/1593/1845 1814/1562/1814
f 1814/1562/1814 1845/1593/1845 1846/1594/1846 1815/1563/1815
f 1815/1563/1815 1846/1594/1846 1847/1595/1847 1816/1564/1816
f 1816/1564/1816 1847/1595/1847 1848/1596/1848 1817/1565/1817
f 1817/1565/1817 1848/1596/1848 1849/1597/1849 1818/1566/1818
f 1818/1566/1818 1849/1597/1849 1850/1598/1850 1819/1567/1819
f 1819/1567/1819 1850/1598/1850 1851/1599/1851 1820/1568/1820
f 1820/1568/1820 1851/1599/1851 1852/1600/1852 1821/1569/1821
f 1821/1569/1821 1852/1600/1852 1853/1601/1853 1822/1570/1822
f 1822/1570/1822 1853/1601/1853 1854/1602/1854 1823/1571/1823
f 1823/1571/1823 1854/1602/1854 1855/1603/1855 1824/1572/1824
f 1824/1572/1824 1855/1603/1855 1856/1604/1856 1825/1573/1825
f 1825/1573/1825 1856/1604/1856 1857/1605/1857 1826/1574/1826
f 1826/1574/1826 1857/1605/1857 1858/1606/1858 1827/1575/1827
f 1827/1575/1827 1858/1606/1858 1859/1607/1859 1828/1576/1828
f 1828/1576/1828 1859/1607/1859 1860/1608/1860 1829/1577/1829
f 1829/1577/1829 1860/1608/1860 1861/1609/1861 1830/1578/1830
f 1830/1578/1830 1861/1609/1861 1862/1610/1862 1831/1579/1831
f 1831/1579/1831 1862/1610/1862 1863/1611/1863 1832/1580/1832
f 1832/1580/1832 1863/1611/1863 1864/1612/1864 1833/1581/1833
f 1833/1581/1833 1864/1612/1864 1865/1613/1865 1834/1582/1834
f 1834/1582/1834 1865/1613/1865 1866/1614/1866 1835/1583/1835
f 1835/1583/1835 1866/1614/1866 1867/1615/1867 1836/1584/1836
f 1836/1584/1836 1867/1615/1867 1868/1616/1868 1837/1585/1837
f 1838/1586/1838 1869/1617/1869 1870/1618/1870 1839/1587/1839
f 1839/1587/1839 1870/1618/1870 1871/1619/1871 1840/1588/1840
f 1840/1588/1840 1871/1619/1871 1872/1620/1872 1841/1589/1841
f 1841/1589/1841 1872/1620/1872 1873/1621/1873 1842/1590/1842
f 1842/1590/1842 1873/1621/1873 1874/1622/1874 1843/1591/1843
f 1843/1591/1843 1874/1622/1874 1875/1623/1875 1844/1592/1844
f 1844/1592/1844 1875/1623/1875 1876/1624/1876 1845/1593/1845
f 1845/1593/1845 1876/1624/1876 1877/1625/1877 1846/1594/1846
f 1846/1594/1846 1877/1625/1877 1878/1626/1878 1847/1595/1847
f 1847/1595/1847 1878/1626/1878 1879/1627/1879 1848/1596/1848
f 1848/1596/1848 1879/1627/1879 1880/1628/1880 1849/1597/1849
f 1849/1597/1849 1880/1628/1880 1881/1629/1881 1850/1598/1850
f 1850/1598/1850 1881/1629/1881 1882/1630/1882 1851/1599/1851
f 1851/1599/1851 1882/1630/1882 1883/1631/1883 1852/1600/1852
f 1852/1600/1852 1883/1631/1883 1884/1632/1884 1853/1601/1853
f 1853/1601/1853 1884/1632/1884 1885/1633/1885 1854/1602/1854
f 1854/1602/1854 1885/1633/1885 1886/1634/1886 1855/1603/1855
f 1855/1603/1855 1886/1634/1886 1887/1635/1887 1856/1604/1856
f 1856/1604/1856 1887/1635/1887 1888/1636/1888 1857/1605/1857
f 1857/1605/1857 1888/1636/1888 1889/1637/1889 1858/1606/1858
f 1858/1606/1858 1889/1637/1889 1890/1638/1890 1859/1607/1859
f 1859/1607/1859 1890/1638/1890 1891/1639/1891 1860/1608/1860
f 1860/1608/1860 1891/1639/1891 1892/1640/1892 1861/1609/1861
f 1861/1609/1861 1892/1640/1892 1893/1641/1893 1862/1610/1862
f 1862/1610/1862 1893/1641/1893 1894/1642/1894 1863/1611/1863
f 1863/1611/1863 1894/1642/1894 1895/1643/1895 1864/1612/1864
f 1864/1612/1864 1895/1643/1895 1896/1644/1896 1865/1613/1865
f 1865/1613/1865 1896/1644/1896 1897/1645/1897 1866/1614/1866
f 1866/1614/1866 1897/1645/1897 1898/1646/1898 1867/1615/1867
f 1867/1615/1867 1898/1646/1898 1899/1647/1899 1868/1616/1868
f 1869/1617/1869 1900/1648/1900 1901/1649/1901 1870/1618/1870
f 1870/1618/1870 1901/1649/1901 1902/1650/1902 1871/1619/1871
f 1871/1619/1871 1902/1650/1902 1903/1651/1903 1872/1620/1872
f 1872/1620/1872 1903/1651/1903 1904/1652/1904 1873/1621/1873
f 1873/1621/1873 1904/1652/1904 1905/1653/1905 1874/1622/1874
f 1874/1622/1874 1905/1653/1905 1906/1654/1906 1875/1623/1875
f 1875/1623/1875 1906/1654/1906 1907/1655/1907 1876/1624/1876
f 1876/1624/1876 1907/1655/1907 1908/1656/1908 1877/1625/1877
f 1877/1625/1877 1908/1656/1908 1909/1657/1909 1878/1626/1878
f 1878/1626/1878 1909/1657/1909 1910/1658/1910 1879/1627/1879
f 1879/1627/1879 1910/1658/1910 1911/1659/1911 1880/1628/1880
f 1880/1628/1880 1911/1659/1911 1912/1660/1912 1881/1629/1881
f 1881/1629/1881 1912/1660/1912 1913/1661/1913 1882/1630/1882
f 1882/1630/1882 1913/1661/1913 1914/1662/1914 1883/1631/1883
f 1883/1631/1883 1914/1662/1914 1915/1663/1915 1884/1632/1884
f 1884/1632/1884 1915/1663/1915 1916/1664/1916 1885/1633/1885
f 1885/1633/1885 1916/1664/1916 1917/1665/1917 1886/1634/1886
f 1886/1634/1886 1917/1665/1917 1918/1666/1918 1887/1635/1887
f 1887/1635/1887 1918/1666/1918 1919/1667/1919 1888/1636/1888
f 1888/1636/1888 1919/1667/1919 1920/1668/1920 1889/1637/1889
f 1889/1637/1889 1920/1668/1920 1921/1669/1921 1890/1638/1890
f 1890/1638/1890 1921/1669/1921 1922/1670/1922 1891/1639/1891
f 1891/1639/1891 1922/1670/1922 1923/1671/1923 1892/1640/1892
f 1892/1640/1892 1923/1671/1923 1924/1672/1924 1893/1641/1893
f 1893/1641/1893 1924/1672/1924 1925/1673/1925 1894/1642/1894
f 1894/1642/1894 1925/1673/1925 1926/1674/1926 1895/1643/1895
f 1895/1643/1895 1926/1674/1926 1927/1675/1927 1896/1644/1896
f 1896/1644/1896 1927/1675/1927 1928/1676/1928 1897/1645/1897
f 1897/1645/1897 1928/1676/1928 1929/1677/1929 1898/1646/1898
f 1898/1646/1898 1929/1677/1929 1930/1678/1930 1899/1647/1899
f 1900/1648/1900 1931/1679/1931 1932/1680/1932 1901/1649/1901
f 1901/1649/1901 1932/1680/1932 1933/1681/1933 1902/1650/1902
f 1902/1650/1902 1933/1681/1933 1934/1682/1934 1903/1651/1903
f 1903/1651/1903 1934/1682/1934 1935/1683/1935 1904/1652/1904
f 1904/1652/1904 1935/1683/1935 1936/1684/1936 1905/1653/1905
f 1905/1653/1905 1936/1684/1936 1937/1685/1937 1906/1654/1906
f 1906/1654/1906 1937/1685/1937 1938/1686/1938 1907/1655/1907
f 1907/1655/1907 1938/1686/1938 1939/1687/1939 1908/1656/1908
f 1908/1656/1908 1939/1687/1939 1940/1688/1940 1909/1657/1909
f 1909/1657/1909 1940/1688/1940 1941/1689/1941 1910/1658/1910
f 1910/1658/1910 1941/1689/1941 1942/1690/1942 1911/1659/1911
f 1911/1659/1911 1942/1690/1942 1943/1691/1943 1912/1660/1912
f 1912/1660/1912 1943/1691/1943 1944/1692/1944 1913/1661/1913
f 1913/1661/1913 1944/1692/1944 1945/1693/1945 1914/1662/1914
f 1914/1662/1914 1945/1693/1945 1946/1694/1946 1915/1663/1915
f 1915/1663/1915 1946/1694/1946 1947/1695/1947 1916/1664/1916
f 1916/1664/1916 1947/1695/1947 1948/1696/1948 1917/1665/1917
f 1917/1665/1917 1948/1696/1948 1949/1697/1949 1918/1666/1918
f 1918/1666/1918 1949/1697/1949 1950/1698/1950 1919/1667/1919
f 1919/1667/1919 1950/1698/1950 1951/1699/1951 1920/1668/1920
f 1920/1668/1920 1951/1699/1951 1952/1700/1952 1921/1669/1921
f 1921/1669/1921 1952/1700/1952 1953/1701/1953 1922/1670/1922
f 1922/1670/1922 1953/1701/1953 1954/1702/1954 1923/1671/1923
f 1923/1671/1923 1954/1702/1954 1955/1703/1955 1924/1672/1924
f 1924/1672/1924 1955/1703/1955 1956/1704/1956 1925/1673/1925
f 1925/1673/1925 1956/1704/1956 1957/1705/1957 1926/1674/1926
f 1926/1674/1926 1957/1705/1957 1958/1706/1958 1927/1675/1927
f 1927/1675/1927 1958/1706/1958 1959/1707/1959 1928/1676/1928
f 1928/1676/1928 1959/1707/1959 1960/1708/1960 1929/1677/1929
f 1929/1677/1929 1960/1708/1960 1961/1709/1961 1930/1678/1930
f 1931/1679/1931 1962/1710/1962 1963/1711/1963 1932/1680/1932
f 1932/1680/1932 1963/1711/1963 1964/1712/1964 1933/1681/1933
f 1933/1681/1933 1964/1712/1964 1965/1713/1965 1934/1682/1934
f 1934/1682/1934 1965/1713/1965 1966/1714/1966 1935/1683/1935
f 1935/1683/1935 1966/1714/1966 1967/1715/1967 1936/1684/1936
f 1936/1684/1936 1967/1715/1967 1968/1716/1968 1937/1685/1937
f 1937/1685/1937 1968/1716/1968 1969/1717/1969 1938/1686/1938
f 1938/1686/1938 1969/1717/1969 1970/1718/1970 1939/1687/1939
f 1939/1687/1939 1970/1718/1970 1971/1719/1971 1940/1688/1940
f 1940/1688/1940 1971/1719/1971 1972/1720/1972 1941/1689/1941
f 1941/1689/1941 1972/1720/1972 1973/1721/1973 1942/1690/1942
f 1942/1690/1942 1973/1721/1973 1974/1722/1974 1943/1691/1943
f 1943/1691/1943 1974/1722/1974 1975/1723/1975 1944/1692/1944
f 1944/1692/1944 1975/1723/1975 1976/1724/1976 1945/1693/1945
f 1945/1693/1945 1976/1724/1976 1977/1725/1977 1946/1694/1946
f 1946/1694/1946 1977/1725/1977 1978/1726/1978 1947/1695/1947
f 1947/1695/1947 1978/1726/1978 1979/1727/1979 1948/1696/1948
f 1948/1696/1948 1979/1727/1979 1980/1728/1980 1949/1697/1949
f 1949/1697/1949 1980/1728/1980 1981/1729/1981 1950/1698/1950
f 1950/1698/1950 1981/1729/1981 1982/1730/1982 1951/1699/1951
f 1951/1699/1951 1982/1730/1982 1983/1731/1983 1952/1700/1952
f 1952/1700/1952 1983/1731/1983 1984/1732/1984 1953/1701/1953
f 1953/1701/1953 1984/1732/1984 1985/1733/1985 1954/1702/1954
f 1954/1702/1954 1985/1733/1985 1986/1734/1986 1955/1703/1955
f 1955/1703/1955 1986/1734/1986 1987/1735/1987 1956/1704/1956
f 1956/1704/1956 1987/1735/1987 1988/1736/1988 1957/1705/1957
f 1957/1705/1957 1988/1736/1988 1989/1737/1989 1958/1706/1958
f 1958/1706/1958 1989/1737/1989 1990/1738/1990 1959/1707/1959
f 1959/1707/1959 1990/1738/1990 1991/1739/1991 1960/1708/1960
f 1960/1708/1960 1991/1739/1991 1992/1740/1992 1961/1709/1961
f 1962/1710/1962 1993/1741/1993 1994/1742/1994 1963/1711/1963
f 1963/1711/1963 1994/1742/1994 1995/1743/1995 1964/1712/1964
f 1964/1712/1964 1995/1743/1995 1996/1744/1996 1965/1713/1965
f 1965/1713/1965 1996/1744/1996 1997/1745/1997 1966/1714/1966
f 1966/1714/1966 1997/1745/1997 1998/1746/1998 1967/1715/1967
f 1967/1715/1967 1998/1746/1998 1999/1747/1999 1968/1716/1968
f 1968/1716/1968 1999/1747/1999 2000/1748/2000 1969/1717/1969
f 1969/1717/1969 2000/1748/2000 2001/1749/2001 1970/1718/1970
f 1970/1718/1970 2001/1749/2001 2002/1750/2002 1971/1719/1971
f 1971/1719/1971 2002/1750/2002 2003/1751/2003 1972/1720/1972
f 1972/1720/1972 2003/1751/2003 2004/1752/2004 1973/1721/1973
f 1973/1721/1973 2004/1752/2004 2005/1753/2005 1974/1722/1974
f 1974/1722/1974 2005/1753/2005 2006/1754/2006 1975/1723/1975
f 1975/1723/1975 2006/1754/2006 2007/1755/2007 1976/1724/1976
f 1976/1724/1976 2007/1755/2007 2008/1756/2008 1977/1725/1977
f 1977/1725/1977 2008/1756/2008 2009/1757/2009 1978/1726/1978
f 1978/1726/1978 2009/1757/2009 2010/1758/2010 1979/1727/1979
f 1979/1727/1979 2010/1758/2010 2011/1759/2011 1980/1728/1980
f 1980/1728/1980 2011/1759/2011 2012/1760/2012 1981/1729/1981
f 1981/1729/1981 2012/1760/2012 2013/1761/2013 1982/1730/1982
f 1982/1730/1982 2013/1761/2013 2014/1762/2014 1983/1731/1983
f 1983/1731/1983 2014/1762/2014 2015/1763/2015 1984/1732/1984
f 1984/1732/1984 2015/1763/2015 2016/1764/2016 1985/1733/1985
f 1985/1733/1985 2016/1764/2016 2017/1765/2017 1986/1734/1986
f 1986/1734/1986 2017/1765/2017 2018/1766/2018 1987/1735/1987
f 1987/1735/1987 2018/1766/2018 2019/1767/2019 1988/1736/1988
f 1988/1736/1988 2019/1767/2019 2020/1768/2020 1989/1737/1989
f 1989/1737/1989 2020/1768/2020 2021/1769/2021 1990/1738/1990
f 1990/1738/1990 2021/1769/2021 2022/1770/2022 1991/1739/1991
f 1991/1739/1991 2022/1770/2022 2023/1771/2023 1992/1740/1992
f 1993/1741/1993 2024/1772/2024 2025/1773/2025 1994/1742/1994
f 1994/1742/1994 2025/1773/2025 2026/1774/2026 1995/1743/1995
f 1995/1743/1995 2026/1774/2026 2027/1775/2027 1996/1744/1996
f 1996/1744/1996 2027/1775/2027 2028/1776/2028 1997/1745/1997
f 1997/1745/1997 2028/1776/2028 2029/1777/2029 1998/1746/1998
f 1998/1746/1998 2029/1777/2029 2030/1778/2030 1999/1747/1999
f 1999/1747/1999 2030/1778/2030 2031/1779/2031 2000/1748/2000
f 2000/1748/2000 2031/1779/2031 2032/1780/2032 2001/1749/2001
f 2001/1749/2001 2032/1780/2032 2033/1781/2033 2002/1750/2002
f 2002/1750/2002 2033/1781/2033 2034/1782/2034 2003/1751/2003
f 2003/1751/2003 2034/1782/2034 2035/1783/2035 2004/1752/2004
f 2004/1752/2004 2035/1783/2035 2036/1784/2036 2005/1753/2005
f 2005/1753/2005 2036/1784/2036 2037/1785/2037 2006/1754/2006
f 2006/1754/2006 2037/1785/2037 2038/1786/2038 2007/1755/2007
f 2007/1755/2007 2038/1786/2038 2039/1787/2039 2008/1756/2008
f 2008/1756/2008 2039/1787/2039 2040/1788/2040 2009/1757/2009
f 2009/1757/2009 2040/1788/2040 2041/1789/2041 2010/1758/2010
f 2010/1758/2010 2041/1789/2041 2042/1790/2042 2011/1759/2011
f 2011/1759/2011 2042/1790/2042 2043/1791/2043 2012/1760/2012
f 2012/1760/2012 2043/1791/2043 2044/1792/2044 2013/1761/2013
f 2013/1761/2013 2044/1792/2044 2045/1793/2045 2014/1762/2014
f 2014/1762/2014 2045/1793/2045 2046/1794/2046 2015/1763/2015
f 2015/1763/2015 2046/1794/2046 2047/1795/2047 2016/1764/2016
f 2016/1764/2016 2047/1795/2047 2048/1796/2048 2017/1765/2017
f 2017/1765/2017 2048/1796/2048 2049/1797/2049 2018/1766/2018
f 2018/1766/2018 2049/1797/2049 2050/1798/2050 2019/1767/2019
f 2019/1767/2019 2050/1798/2050 2051/1799/2051 2020/1768/2020
f 2020/1768/2020 2051/1799/2051 2052/1800/2052 2021/1769/2021
f 2021/1769/2021 2052/1800/2052 2053/1801/2053 2022/1770/2022
f 2022/1770/2022 2053/1801/2053 2054/1802/2054 2023/1771/2023
f 2024/1772/2024 2055/1803/2055 2056/1804/2056 2025/1773/2025
f 2025/1773/2025 2056/1804/2056 2057/1805/2057 2026/1774/2026
f 2026/1774/2026 2057/1805/2057 2058/1806/2058 2027/1775/2027
f 2027/1775/2027 2058/1806/2058 2059/1807/2059 2028/1776/2028
f 2028/1776/2028 2059/1807/2059 2060/1808/2060 2029/1777/2029
f 2029/1777/2029 2060/1808/2060 2061/1809/2061 2030/1778/2030
f 2030/1778/2030 2061/1809/2061 2062/1810/2062 2031/1779/2031
f 2031/1779/2031 2062/1810/2062 2063/1811/2063 2032/1780/2032
f 2032/1780/2032 2063/1811/2063 2064/1812/2064 2033/1781/2033
f 2033/1781/2033 2064/1812/2064 2065/1813/2065 2034/1782/2034
f 2034/1782/2034 2065/1813/2065 2066/1814/2066 2035/1783/2035
f 2035/1783/2035 2066/1814/2066 2067/1815/2067 2036/1784/2036
f 2036/1784/2036 2067/1815/2067 2068/1816/2068 2037/1785/2037
f 2037/1785/2037 2068/1816/2068 2069/1817/2069 2038/1786/2038
f 2038/1786/2038 2069/1817/2069 2070/1818/2070 2039/1787/2039
f 2039/1787/2039 2070/1818/2070 2071/1819/2071 2040/1788/2040
f 2040/1788/2040 2071/1819/2071 2072/1820/2072 2041/1789/2041
f 2041/1789/2041 2072/1820/2072 2073/1821/2073 2042/1790/2042
f 2042/1790/2042 2073/1821/2073 2074/1822/2074 2043/1791/2043
f 2043/1791/2043 2074/1822/2074 2075/1823/2075 2044/1792/2044
f 2044/1792/2044 2075/1823/2075 2076/1824/2076 2045/1793/2045
f 2045/1793/2045 2076/1824/2076 2077/1825/2077 2046/1794/2046
f 2046/1794/2046 2077/1825/2077 2078/1826/2078 2047/1795/2047
f 2047/1795/2047 2078/1826/2078 2079/1827/2079 2048/1796/2048
f 2048/1796/2048 2079/1827/2079 2080/1828/2080 2049/1797/2049
f 2049/1797/2049 2080/1828/2080 2081/1829/2081 2050/1798/2050
f 2050/1798/2050 2081/1829/2081 2082/1830/2082 2051/1799/2051
f 2051/1799/2051 2082/1830/2082 2083/1831/2083 2052/1800/2052
f 2052/1800/2052 2083/1831/2083 2084/1832/2084 2053/1801/2053
f 2053/1801/2053 2084/1832/2084 2085/1833/2085 2054/1802/2054
f 2055/1803/2055 2086/1834/2086 2087/1835/2087 2056/1804/2056
f 2056/1804/2056 2087/1835/2087 2088/1836/2088 2057/1805/2057
f 2057/1805/2057 2088/1836/2088 2089/1837/2089 2058/1806/2058
f 2058/1806/2058 2089/1837/2089 2090/1838/2090 2059/1807/2059
f 2059/1807/2059 2090/1838/2090 2091/1839/2091 2060/1808/2060
f 2060/1808/2060 2091/1839/2091 2092/1840/2092 2061/1809/2061
f 2061/1809/2061 2092/1840/2092 2093/1841/2093 2062/1810/2062
f 2062/1810/2062 2093/1841/2093 2094/1842/2094 2063/1811/2063
f 2063/1811/2063 2094/1842/2094 2095/1843/2095 2064/1812/2064
f 2064/1812/2064 2095/1843/2095 2096/1844/2096 2065/1813/2065
f 2065/1813/2065 2096/1844/2096 2097/1845/2097 2066/1814/2066
f 2066/1814/2066 2097/1845/2097 2098/1846/2098 2067/1815/2067
f 2067/1815/2067 2098/1846/2098 2099/1847/2099 2068/1816/2068
f 2068/1816/2068 2099/1847/2099 2100/1848/2100 2069/1817/2069
f 2069/1817/2069 2100/1848/2100 2101/1849/2101 2070/1818/2070
f 2070/1818/2070 2101/1849/2101 2102/1850/2102 2071/1819/2071
f 2071/1819/2071 2102/1850/2102 2103/1851/2103 2072/1820/2072
f 2072/1820/2072 2103/1851/2103 2104/1852/2104 2073/1821/2073
f 2073/1821/2073 2104/1852/2104 2105/1853/2105 2074/1822/2074
f 2074/1822/2074 2105/1853/2105 2106/1854/2106 2075/1823/2075
f 2075/1823/2075 2106/1854/2106 2107/1855/2107 2076/1824/2076
f 2076/1824/2076 2107/1855/2107 2108/1856/2108 2077/1825/2077
f 2077/1825/2077 2108/1856/2108 2109/1857/2109 2078/1826/2078
f 2078/1826/2078 2109/1857/2109 2110/1858/2110 2079/1827/2079
f 2079/1827/2079 2110/1858/2110 2111/1859/2111 2080/1828/2080
f 2080/1828/2080 2111/1859/2111 2112/1860/2112 2081/1829/2081
f 2081/1829/2081 2112/1860/2112 2113/1861/2113 2082/1830/2082
f 2082/1830/2082 2113/1861/2113 2114/1862/2114 2083/1831/2083
f 2083/1831/2083 2114/1862/2114 2115/1863/2115 2084/1832/2084
f 2084/1832/2084 2115/1863/2115 2116/1864/2116 2085/1833/2085
f 2086/1834/2086 2117/1865/2117 2118/1866/2118 2087/1835/2087
f 2087/1835/2087 2118/1866/2118 2119/1867/2119 2088/1836/2088
f 2088/1836/2088 2119/1867/2119 2120/1868/2120 2089/1837/2089
f 2089/1837/2089 2120/1868/2120 2121/1869/2121 2090/1838/2090
f 2090/1838/2090 2121/1869/2121 2122/1870/2122 2091/1839/2091
f 2091/1839/2091 2122/1870/2122 2123/1871/2123 2092/1840/2092
f 2092/1840/2092 2123/1871/2123 2124/1872/2124 2093/1841/2093
f 2093/1841/2093 2124/1872/2124 2125/1873/2125 2094/1842/2094
f 2094/1842/2094 2125/1873/2125 2126/1874/2126 2095/1843/2095
f 2095/1843/2095 2126/1874/2126 2127/1875/2127 2096/1844/2096
f 2096/1844/2096 2127/1875/2127 2128/1876/2128 2097/1845/2097
f 2097/1845/2097 2128/1876/2128 2129/1877/2129 2098/1846/2098
f 2098/1846/2098 2129/1877/2129 2130/1878/2130 2099/1847/2099
f 2099/1847/2099 2130/1878/2130 2131/1879/2131 2100/1848/2100
f 2100/1848/2100 2131/1879/2131 2132/1880/2132 2101/1849/2101
f 2101/1849/2101 2132/1880/2132 2133/1881/2133 2102/1850/2102
f 2102/1850/2102 2133/1881/2133 2134/1882/2134 2103/1851/2103
f 2103/1851/2103 2134/1882/2134 2135/1883/2135 2104/1852/2104
f 2104/1852/2104 2135/1883/2135 2136/1884/2136 2105/1853/2105
f 2105/1853/2105 2136/1884/2136 2137/1885/2137 2106/1854/2106
f 2106/1854/2106 2137/1885/2137 2138/1886/2138 2107/1855/2107
f 2107/1855/2107 2138/1886/2138 2139/1887/2139 2108/1856/2108
f 2108/1856/2108 2139/1887/2139 2140/1888/2140 2109/1857/2109
f 2109/1857/2109 2140/1888/2140 2141/1889/2141 2110/1858/2110
f 2110/1858/2110 2141/1889/2141 2142/1890/2142 2111/1859/2111
f 2111/1859/2111 2142/1890/2142 2143/1891/2143 2112/1860/2112
f 2112/1860/2112 2143/1891/2143 2144/1892/2144 2113/1861/2113
f 2113/1861/2113 2144/1892/2144 2145/1893/2145 2114/1862/2114
f 2114/1862/2114 2145/1893/2145 2146/1894/2146 2115/1863/2115
f 2115/1863/2115 2146/1894/2146 2147/1895/2147 2116/1864/2116
f 2117/1865/2117 2148/1896/2148 2149/1897/2149 2118/1866/2118
f 2118/1866/2118 2149/1897/2149 2150/1898/2150 2119/1867/2119
f 2119/1867/2119 2150/1898/2150 2151/1899/2151 2120/1868/2120
f 2120/1868/2120 2151/1899/2151 2152/1900/2152 2121/1869/2121
f 2121/1869/2121 2152/1900/2152 2153/1901/2153 2122/1870/2122
f 2122/1870/2122 2153/1901/2153 2154/1902/2154 2123/1871/2123
f 2123/1871/2123 2154/1902/2154 2155/1903/2155 2124/1872/2124
f 2124/1872/2124 2155/1903/2155 2156/1904/2156 2125/1873/2125
f 2125/1873/2125 2156/1904/2156 2157/1905/2157 2126/1874/2126
f 2126/1874/2126 2157/1905/2157 2158/1906/2158 2127/1875/2127
f 2127/1875/2127 2158/1906/2158 2159/1907/2159 2128/1876/2128
f 2128/1876/2128 2159/1907/2159 2160/1908/2160 2129/1877/2129
f 2129/1877/2129 2160/1908/2160 2161/1909/2161 2130/1878/2130
f 2130/1878/2130 2161/1909/2161 2162/1910/2162 2131/1879/2131
f 2131/1879/2131 2162/1910/2162 2163/1911/2163 2132/1880/2132
f 2132/1880/2132 2163/1911/2163 2164/1912/2164 2133/1881/2133
f 2133/1881/2133 2164/1912/2164 2165/1913/2165 2134/1882/2134
f 2134/1882/2134 2165/1913/2165 2166/1914/2166 2135/1883/2135
f 2135/1883/2135 2166/1914/2166 2167/1915/2167 2136/1884/2136
f 2136/1884/2136 2167/1915/2167 2168/1916/2168 2137/1885/2137
f 2137/1885/2137 2168/1916/2168 2169/1917/2169 2138/1886/2138
f 2138/1886/2138 2169/1917/2169 2170/1918/2170 2139/1887/2139
f 2139/1887/2139 2170/1918/2170 2171/1919/2171 2140/1888/2140
f 2140/1888/2140 2171/1919/2171 2172/1920/2172 2141/1889/2141
f 2141/1889/2141 2172/1920/2172 2173/1921/2173 2142/1890/2142
f 2142/1890/2142 2173/1921/2173 2174/1922/2174 2143/1891/2143
f 2143/1891/2143 2174/1922/2174 2175/1923/2175 2144/1892/2144
f 2144/1892/2144 2175/1923/2175 2176/1924/2176 2145/1893/2145
f 2145/1893/2145 2176/1924/2176 2177/1925/2177 2146/1894/2146
f 2146/1894/2146 2177/1925/2177 2178/1926/2178 2147/1895/2147
f 2148/1896/2148 2179/1927/2179 2180/1928/2180 2149/1897/2149
f 2149/1897/2149 2180/1928/2180 2181/1929/2181 2150/1898/2150
f 2150/1898/2150 2181/1929/2181 2182/1930/2182 2151/1899/2151
f 2151/1899/2151 2182/1930/2182 2183/1931/2183 2152/1900/2152
f 2152/1900/2152 2183/1931/2183 2184/1932/2184 2153/1901/2153
f 2153/1901/2153 2184/1932/2184 2185/1933/2185 2154/1902/2154
f 2154/1902/2154 2185/1933/2185 2186/1934/2186 2155/1903/2155
f 2155/1903/2155 2186/1934/2186 2187/1935/2187 2156/1904/2156
f 2156/1904/2156 2187/1935/2187 2188/1936/2188 2157/1905/2157
f 2157/1905/2157 2188/1936/2188 2189/1937/2189 2158/1906/2158
f 2158/1906/2158 2189/1937/2189 2190/1938/2190 2159/1907/2159
f 2159/1907/2159 2190/1938/2190 2191/1939/2191 2160/1908/2160
f 2160/1908/2160 2191/1939/2191 2192/1940/2192 2161/1909/2161
f 2161/1909/2161 2192/1940/2192 2193/1941/2193 2162/1910/2162
f 2162/1910/2162 2193/1941/2193 2194/1942/2194 2163/1911/2163
f 2163/1911/2163 2194/1942/2194 2195/1943/2195 2164/1912/2164
f 2164/1912/2164 2195/1943/2195 2196/1944/2196 2165/1913/2165
f 2165/1913/2165 2196/1944/2196 2197/1945/2197 2166/1914/2166
f 2166/1914/2166 2197/1945/2197 2198/1946/2198 2167/1915/2167
f 2167/1915/2167 2198/1946/2198 2199/1947/2199 2168/1916/2168
f 2168/1916/2168 2199/1947/2199 2200/1948/2200 2169/1917/2169
f 2169/1917/2169 2200/1948/2200 2201/1949/2201 2170/1918/2170
f 2170/1918/2170 2201/1949/2201 2202/1950/2202 2171/1919/2171
f 2171/1919/2171 2202/1950/2202 2203/1951/2203 2172/1920/2172
f 2172/1920/2172 2203/1951/2203 2204/1952/2204 2173/1921/2173
f 2173/1921/2173 2204/1952/2204 2205/1953/2205 2174/1922/2174
f 2174/1922/2174 2205/1953/2205 2206/1954/2206 2175/1923/2175
f 2175/1923/2175 2206/1954/2206 2207/1955/2207 2176/1924/2176
f 2176/1924/2176 2207/1955/2207 2208/1956/2208 2177/1925/2177
f 2177/1925/2177 2208/1956/2208 2209/1957/2209 2178/1926/2178
f 2179/1927/2179 2210/1958/2210 2211/1959/2211 2180/1928/2180
f 2180/1928/2180 2211/1959/2211 2212/1960/2212 2181/1929/2181
f 2181/1929/2181 2212/1960/2212 2213/1961/2213 2182/1930/2182
f 2182/1930/2182 2213/1961/2213 2214/1962/2214 2183/1931/2183
f 2183/1931/2183 2214/1962/2214 2215/1963/2215 2184/1932/2184
f 2184/1932/2184 2215/1963/2215 2216/1964/2216 2185/1933/2185
f 2185/1933/2185 2216/1964/2216 2217/1965/2217 2186/1934/2186
f 2186/1934/2186 2217/1965/2217 2218/1966/2218 2187/1935/2187
f 2187/1935/2187 2218/1966/2218 2219/1967/2219 2188/1936/2188
f 2188/1936/2188 2219/1967/2219 2220/1968/2220 2189/1937/2189
f 2189/1937/2189 2220/1968/2220 2221/1969/2221 2190/1938/2190
f 2190/1938/2190 2221/1969/2221 2222/1970/2222 2191/1939/2191
f 2191/1939/2191 2222/1970/2222 2223/1971/2223 2192/1940/2192
f 2192/1940/2192 2223/1971/2223 2224/1972/2224 2193/1941/2193
f 2193/1941/2193 2224/1972/2224 2225/1973/2225 2194/1942/2194
f 2194/1942/2194 2225/1973/2225 2226/1974/2226 2195/1943/2195
f 2195/1943/2195 2226/1974/2226 2227/1975/2227 2196/1944/2196
f 2196/1944/2196 2227/1975/2227 2228/1976/2228 2197/1945/2197
f 2197/1945/2197 2228/1976/2228 2229/1977/2229 2198/1946/2198
f 2198/1946/2198 2229/1977/2229 2230/1978/2230 2199/1947/2199
f 2199/1947/2199 2230/1978/2230 2231/1979/2231 2200/1948/2200
f 2200/1948/2200 2231/1979/2231 2232/1980/2232 2201/1949/2201
f 2201/1949/2201 2232/1980/2232 2233/1981/2233 2202/1950/2202
f 2202/1950/2202 2233/1981/2233 2234/1982/2234 2203/1951/2203
f 2203/1951/2203 2234/1982/2234 2235/1983/2235 2204/1952/2204
f 2204/1952/2204 2235/1983/2235 2236/1984/2236 2205/1953/2205
f 2205/1953/2205 2236/1984/2236 2237/1985/2237 2206/1954/2206
f 2206/1954/2206 2237/1985/2237 2238/1986/2238 2207/1955/2207
f 2207/1955/2207 2238/1986/2238 2239/1987/2239 2208/1956/2208
f 2208/1956/2208 2239/1987/2239 2240/1988/2240 2209/1957/2209
f 2210/1958/2210 2241/1989/2241 2242/1990/2242 2211/1959/2211
f 2211/1959/2211 2242/1990/2242 2243/1991/2243 2212/1960/2212
f 2212/1960/2212 2243/1991/2243 2244/1992/2244 2213/1961/2213
f 2213/1961/2213 2244/1992/2244 2245/1993/2245 2214/1962/2214
f 2214/1962/2214 2245/1993/2245 2246/1994/2246 2215/1963/2215
f 2215/1963/2215 2246/1994/2246 2247/1995/2247 2216/1964/2216
f 2216/1964/2216 2247/1995/2247 2248/1996/2248 2217/1965/2217
f 2217/1965/2217 2248/1996/2248 2249/1997/2249 2218/1966/2218
f 2218/1966/2218 2249/1997/2249 2250/1998/2250 2219/1967/2219
f 2219/1967/2219 2250/1998/2250 2251/1999/2251 2220/1968/2220
f 2220/1968/2220 2251/1999/2251 2252/2000/2252 2221/1969/2221
f 2221/1969/2221 2252/2000/2252 2253/2001/2253 2222/1970/2222
f 2222/1970/2222 2253/2001/2253 2254/2002/2254 2223/1971/2223
f 2223/1971/2223 2254/2002/2254 2255/2003/2255 2224/1972/2224
f 2224/1972/2224 2255/2003/2255 2256/2004/2256 2225/1973/2225
f 2225/1973/2225 2256/2004/2256 2257/2005/2257 2226/1974/2226
f 2226/1974/2226 2257/2005/2257 2258/2006/2258 2227/1975/2227
f 2227/1975/2227 2258/2006/2258 2259/2007/2259 2228/1976/2228
f 2228/1976/2228 2259/2007/2259 2260/2008/2260 2229/1977/2229
f 2229/1977/2229 2260/2008/2260 2261/2009/2261 2230/1978/2230
f 2230/1978/2230 2261/2009/2261 2262/2010/2262 2231/1979/2231
f 2231/1979/2231 2262/2010/2262 2263/2011/2263 2232/1980/2232
f 2232/1980/2232 2263/2011/2263 2264/2012/2264 2233/1981/2233
f 2233/1981/2233 2264/2012/2264 2265/2013/2265 2234/1982/2234
f 2234/1982/2234 2265/2013/2265 2266/2014/2266 2235/1983/2235
f 2235/1983/2235 2266/2014/2266 2267/2015/2267 2236/1984/2236
f 2236/1984/2236 2267/2015/2267 2268/2016/2268 2237/1985/2237
f 2237/1985/2237 2268/2016/2268 2269/2017/2269 2238/1986/2238
f 2238/1986/2238 2269/2017/2269 2270/2018/2270 2239/1987/2239
f 2239/1987/2239 2270/2018/2270 2271/2019/2271 2240/1988/2240
f 2241/1989/2241 2272/2020/2272 2273/2021/2273 2242/1990/2242
f 2242/1990/2242 2273/2021/2273 2274/2022/2274 2243/1991/2243
f 2243/1991/2243 2274/2022/2274 2275/2023/2275 2244/1992/2244
f 2244/1992/2244 2275/2023/2275 2276/2024/2276 2245/1993/2245
f 2245/1993/2245 2276/2024/2276 2277/2025/2277 2246/1994/2246
f 2246/1994/2246 2277/2025/2277 2278/2026/2278 2247/1995/2247
f 2247/1995/2247 2278/2026/2278 2279/2027/2279 2248/1996/2248
f 2248/1996/2248 2279/2027/2279 2280/2028/2280 2249/1997/2249
f 2249/1997/2249 2280/2028/2280 2281/2029/2281 2250/1998/2250
f 2250/1998/2250 2281/2029/2281 2282/2030/2282 2251/1999/2251
f 2251/1999/2251 2282/2030/2282 2283/2031/2283 2252/2000/2252
f 2252/2000/2252 2283/2031/2283 2284/2032/2284 2253/2001/2253
f 2253/2001/2253 2284/2032/2284 2285/2033/2285 2254/2002/2254
f 2254/2002/2254 2285/2033/2285 2286/2034/2286 2255/2003/2255
f 2255/2003/2255 2286/2034/2286 2287/2035/2287 2256/2004/2256
f 2256/2004/2256 2287/2035/2287 2288/2036/2288 2257/2005/2257
f 2257/2005/2257 2288/2036/2288 2289/2037/2289 2258/2006/2258
f 2258/2006/2258 2289/2037/2289 2290/2038/2290 2259/2007/2259
f 2259/2007/2259 2290/2038/2290 2291/2039/2291 2260/2008/2260
f 2260/2008/2260 2291/2039/2291 2292/2040/2292 2261/2009/2261
f 2261/2009/2261 2292/2040/2292 2293/2041/2293 2262/2010/2262
f 2262/2010/2262 2293/2041/2293 2294/2042/2294 2263/2011/2263
f 2263/2011/2263 2294/2042/2294 2295/2043/2295 2264/2012/2264
f 2264/2012/2264 2295/2043/2295 2296/2044/2296 2265/2013/2265
f 2265/2013/2265 2296/2044/2296 2297/2045/2297 2266/2014/2266
f 2266/2014/2266 2297/2045/2297 2298/2046/2298 2267/2015/2267
f 2267/2015/2267 2298/2046/2298 2299/2047/2299 2268/2016/2268
f 2268/2016/2268 2299/2047/2299 2300/2048/2300 2269/2017/2269
f 2269/2017/2269 2300/2048/2300 2301/2049/2301 2270/2018/2270
f 2270/2018/2270 2301/2049/2301 2302/2050/2302 2271/2019/2271
f 6/2051/6 9/2052/9 1342/1090/1342 70/2053/70
f 70/2053/70 1342/1090/1342 1343/1093/1343 69/2054/69
f 69/2054/69 1343/1093/1343 1344/1095/1344 68/2055/68
f 68/2055/68 1344/1095/1344 1345/1097/1345 67/2056/67
f 67/2056/67 1345/1097/1345 1346/1099/1346 66/2057/66
f 66/2057/66 1346/1099/1346 1347/1101/1347 65/2058/65
f 65/2058/65 1347/1101/1347 1348/1103/1348 64/2059/64
f 64/2059/64 1348/1103/1348 1349/1105/1349 63/2060/63
f 63/2060/63 1349/1105/1349 1350/1107/1350 62/2061/62
f 62/2061/62 1350/1107/1350 1351/1109/1351 61/2062/61
f 61/2062/61 1351/1109/1351 1352/1111/1352 60/2063/60
f 60/2063/60 1352/1111/1352 1353/1113/1353 59/2064/59
f 59/2064/59 1353/1113/1353 1354/1115/1354 58/2065/58
f 58/2065/58 1354/1115/1354 1355/1117/1355 57/2066/57
f 57/2066/57 1355/1117/1355 1356/1119/1356 56/2067/56
f 56/2067/56 1356/1119/1356 1357/1121/1357 55/2068/55
f 55/2068/55 1357/1121/1357 1358/1123/1358 54/2069/54
f 54/2069/54 1358/1123/1358 1359/1125/1359 53/2070/53
f 53/2070/53 1359/1125/1359 1360/1127/1360 52/2071/52
f 52/2071/52 1360/1127/1360 1361/1129/1361 51/2072/51
f 51/2072/51 1361/1129/1361 1362/1131/1362 50/2073/50
f 50/2073/50 1362/1131/1362 1363/1133/1363 49/2074/49
f 49/2074/49 1363/1133/1363 1364/1135/1364 48/2075/48
f 48/2075/48 1364/1135/1364 1365/1137/1365 47/2076/47
f 47/2076/47 1365/1137/1365 1366/1139/1366 46/2077/46
f 46/2077/46 1366/1139/1366 1367/1141/1367 45/2078/45
f 45/2078/45 1367/1141/1367 1368/1143/1368 44/2079/44
f 44/2079/44 1368/1143/1368 1369/1145/1369 43/2080/43
f 43/2080/43 1369/1145/1369 1370/1147/1370 42/2081/42
f 42/2081/42 1370/1147/1370 1371/1149/1371 41/2082/41
f 41/2082/41 1371/1149/1371 1372/1151/1372 40/2083/40
f 40/2083/40 1372/1151/1372 256/2084/256 2/2085/2
f 1372/1151/1372 1403/1150/1403 255/2086/255 256/2084/256
f 1403/1150/1403 1434/1182/1434 254/2087/254 255/2086/255
f 1434/1182/1434 1465/1213/1465 253/2088/253 254/2087/254
f 1465/1213/1465 1496/1244/1496 252/2089/252 253/2088/253
f 1496/1244/1496 1527/1275/1527 251/2090/251 252/2089/252
f 1527/1275/1527 1558/1306/1558 250/2091/250 251/2090/251
f 1558/1306/1558 1589/1337/1589 249/2092/249 250/2091/250
f 1589/1337/1589 1620/1368/1620 248/2093/248 249/2092/249
f 1620/1368/1620 1651/1399/1651 247/2094/247 248/2093/248
f 1651/1399/1651 1682/1430/1682 246/2095/246 247/2094/247
f 1682/1430/1682 1713/1461/1713 245/2096/245 246/2095/246
f 1713/1461/1713 1744/1492/1744 244/2097/244 245/2096/245
f 1744/1492/1744 1775/1523/1775 243/2098/243 244/2097/244
f 1775/1523/1775 1806/1554/1806 242/2099/242 243/2098/243
f 1806/1554/1806 1837/1585/1837 241/2100/241 242/2099/242
f 1837/1585/1837 1868/1616/1868 240/2101/240 241/2100/241
f 1868/1616/1868 1899/1647/1899 239/2102/239 240/2101/240
f 1899/1647/1899 1930/1678/1930 238/2103/238 239/2102/239
f 1930/1678/1930 1961/1709/1961 237/2104/237 238/2103/238
f 1961/1709/1961 1992/1740/1992 236/2105/236 237/2104/237
f 1992/1740/1992 2023/1771/2023 235/2106/235 236/2105/236
f 2023/1771/2023 2054/1802/2054 234/2107/234 235/2106/235
f 2054/1802/2054 2085/1833/2085 233/2108/233 234/2107/234
f 2085/1833/2085 2116/1864/2116 232/2109/232 233/2108/233
f 2116/1864/2116 2147/1895/2147 231/2110/231 232/2109/232
f 2147/1895/2147 2178/1926/2178 230/2111/230 231/2110/231
f 2178/1926/2178 2209/1957/2209 229/2112/229 230/2111/230
f 2209/1957/2209 2240/1988/2240 228/2113/228 229/2112/229
f 2240/1988/2240 2271/2019/2271 227/2114/227 228/2113/228
f 2271/2019/2271 2302/2050/2302 226/2115/226 227/2114/227
f 2302/2050/2302 163/2116/163 4/2117/4 226/2115/226
f 2301/2049/2301 162/2118/162 163/2116/163 2302/2050/2302
f 2300/2048/2300 161/2119/161 162/2118/162 2301/2049/2301
f 2299/2047/2299 160/2120/160 161/2119/161 2300/2048/2300
f 2298/2046/2298 159/2121/159 160/2120/160 2299/2047/2299
f 2297/2045/2297 158/2122/158 159/2121/159 2298/2046/2298
f 2296/2044/2296 157/2123/157 158/2122/158 2297/2045/2297
f 2295/2043/2295 156/2124/156 157/2123/157 2296/2044/2296
f 2294/2042/2294 155/2125/155 156/2124/156 2295/2043/2295
f 2293/2041/2293 154/2126/154 155/2125/155 2294/2042/2294
f 2292/2040/2292 153/2127/153 154/2126/154 2293/2041/2293
f 2291/2039/2291 152/2128/152 153/2127/153 2292/2040/2292
f 2290/2038/2290 151/2129/151 152/2128/152 2291/2039/2291
f 2289/2037/2289 150/2130/150 151/2129/151 2290/2038/2290
f 2288/2036/2288 149/2131/149 150/2130/150 2289/2037/2289
f 2287/2035/2287 148/2132/148 149/2131/149 2288/2036/2288
f 2286/2034/2286 147/2133/147 148/2132/148 2287/2035/2287
f 2285/2033/2285 146/2134/146 147/2133/147 2286/2034/2286
f 2284/2032/2284 145/2135/145 146/2134/146 2285/2033/2285
f 2283/2031/2283 144/2136/144 145/2135/145 2284/2032/2284
f 2282/2030/2282 143/2137/143 144/2136/144 2283/2031/2283
f 2281/2029/2281 142/2138/142 143/2137/143 2282/2030/2282
f 2280/2028/2280 141/2139/141 142/2138/142 2281/2029/2281
f 2279/2027/2279 140/2140/140 141/2139/141 2280/2028/2280
f 2278/2026/2278 139/2141/139 140/2140/140 2279/2027/2279
f 2277/2025/2277 138/2142/138 139/2141/139 2278/2026/2278
f 2276/2024/2276 137/2143/137 138/2142/138 2277/2025/2277
f 2275/2023/2275 136/2144/136 137/2143/137 2276/2024/2276
f 2274/2022/2274 135/2145/135 136/2144/136 2275/2023/2275
f 2273/2021/2273 134/2146/134 135/2145/135 2274/2022/2274
f 2272/2020/2272 133/2147/133 134/2146/134 2273/2021/2273
f 39/2148/39 8/2149/8 133/2147/133 2272/2020/2272
f 38/2150/38 39/2148/39 2272/2020/2272 2241/1989/2241
f 37/2151/37 38/2150/38 2241/1989/2241 2210/1958/2210
f 36/2152/36 37/2151/37 2210/1958/2210 2179/1927/2179
f 35/2153/35 36/2152/36 2179/1927/2179 2148/1896/2148
f 34/2154/34 35/2153/35 2148/1896/2148 2117/1865/2117
f 33/2155/33 34/2154/34 2117/1865/2117 2086/1834/2086
f 32/2156/32 33/2155/33 2086/1834/2086 2055/1803/2055
f 31/2157/31 32/2156/32 2055/1803/2055 2024/1772/2024
f 30/2158/30 31/2157/31 2024/1772/2024 1993/1741/1993
f 29/2159/29 30/2158/30 1993/1741/1993 1962/1710/1962
f 28/2160/28 29/2159/29 1962/1710/1962 1931/1679/1931
f 27/2161/27 28/2160/28 1931/1679/1931 1900/1648/1900
f 26/2162/26 27/2161/27 1900/1648/1900 1869/1617/1869
f 25/2163/25 26/2162/26 1869/1617/1869 1838/1586/1838
f 24/2164/24 25/2163/25 1838/1586/1838 1807/1555/1807
f 23/2165/23 24/2164/24 1807/1555/1807 1776/1524/1776
f 22/2166/22 23/2165/23 1776/1524/1776 1745/1493/1745
f 21/2167/21 22/2166/22 1745/1493/1745 1714/1462/1714
f 20/2168/20 21/2167/21 1714/1462/1714 1683/1431/1683
f 19/2169/19 20/2168/20 1683/1431/1683 1652/1400/1652
f 18/2170/18 19/2169/19 1652/1400/1652 1621/1369/1621
f 17/2171/17 18/2170/18 1621/1369/1621 1590/1338/1590
f 16/2172/16 17/2171/17 1590/1338/1590 1559/1307/1559
f 15/2173/15 16/2172/16 1559/1307/1559 1528/1276/1528
f 14/2174/14 15/2173/15 1528/1276/1528 1497/1245/1497
f 13/2175/13 14/2174/14 1497/1245/1497 1466/1214/1466
f 12/2176/12 13/2175/13 1466/1214/1466 1435/1183/1435
f 11/2177/11 12/2176/12 1435/1183/1435 1404/1152/1404
f 10/2178/10 11/2177/11 1404/1152/1404 1373/1091/1373
f 9/2052/9 10/2178/10 1373/1091/1373 1342/1090/1342
f 2303/2179/2303 2334/2180/2334 2335/2181/2335 2304/2182/2304
f 2304/2182/2304 2335/2181/2335 2336/2183/2336 2305/2184/2305
f 2305/2184/2305 2336/2183/2336 2337/2185/2337 2306/2186/2306
f 2306/2186/2306 2337/2185/2337 2338/2187/2338 2307/2188/2307
f 2307/2188/2307 2338/2187/2338 2339/2189/2339 2308/2190/2308
f 2308/2190/2308 2339/2189/2339 2340/2191/2340 2309/2192/2309
f 2309/2192/2309 2340/2191/2340 2341/2193/2341 2310/2194/2310
f 2310/2194/2310 2341/2193/2341 2342/2195/2342 2311/2196/2311
f 2311/2196/2311 2342/2195/2342 2343/2197/2343 2312/2198/2312
f 2312/2198/2312 2343/2197/2343 2344/2199/2344 2313/2200/2313
f 2313/2200/2313 2344/2199/2344 2345/2201/2345 2314/2202/2314
f 2314/2202/2314 2345/2201/2345 2346/2203/2346 2315/2204/2315
f 2315/2204/2315 2346/2203/2346 2347/2205/2347 2316/2206/2316
f 2316/2206/2316 2347/2205/2347 2348/2207/2348 2317/2208/2317
f 2317/2208/2317 2348/2207/2348 2349/2209/2349 2318/2210/2318
f 2318/2210/2318 2349/2209/2349 2350/2211/2350 2319/2212/2319
f 2319/2212/2319 2350/2211/2350 2351/2213/2351 2320/2214/2320
f 2320/2214/2320 2351/2213/2351 2352/2215/2352 2321/2216/2321
f 2321/2216/2321 2352/2215/2352 2353/2217/2353 2322/2218/2322
f 2322/2218/2322 2353/2217/2353 2354/2219/2354 2323/2220/2323
f 2323/2220/2323 2354/2219/2354 2355/2221/2355 2324/2222/2324
f 2324/2222/2324 2355/2221/2355 2356/2223/2356 2325/2224/2325
f 2325/2224/2325 2356/2223/2356 2357/2225/2357 2326/2226/2326
f 2326/2226/2326 2357/2225/2357 2358/2227/2358 2327/2228/2327
f 2327/2228/2327 2358/2227/2358 2359/2229/2359 2328/2230/2328
f 2328/2230/2328 2359/2229/2359 2360/2231/2360 2329/2232/2329
f 2329/2232/2329 2360/2231/2360 2361/2233/2361 2330/2234/2330
f 2330/2234/2330 2361/2233/2361 2362/2235/2362 2331/2236/2331
f 2331/2236/2331 2362/2235/2362 2363/2237/2363 2332/2238/2332
f 2332/2238/2332 2363/2237/2363 2364/2239/2364 2333/2240/2333
f 2334/2180/2334 2365/2241/2365 2366/2242/2366 2335/2181/2335
f 2335/2181/2335 2366/2242/2366 2367/2243/2367 2336/2183/2336
f 2336/2183/2336 2367/2243/2367 2368/2244/2368 2337/2185/2337
f 2337/2185/2337 2368/2244/2368 2369/2245/2369 2338/2187/2338
f 2338/2187/2338 2369/2245/2369 2370/2246/2370 2339/2189/2339
f 2339/2189/2339 2370/2246/2370 2371/2247/2371 2340/2191/2340
f 2340/2191/2340 2371/2247/2371 2372/2248/2372 2341/2193/2341
f 2341/2193/2341 2372/2248/2372 2373/2249/2373 2342/2195/2342
f 2342/2195/2342 2373/2249/2373 2374/2250/2374 2343/2197/2343
f 2343/2197/2343 2374/2250/2374 2375/2251/2375 2344/2199/2344
f 2344/2199/2344 2375/2251/2375 2376/2252/2376 2345/2201/2345
f 2345/2201/2345 2376/2252/2376 2377/2253/2377 2346/2203/2346
f 2346/2203/2346 2377/2253/2377 2378/2254/2378 2347/2205/2347
f 2347/2205/2347 2378/2254/2378 2379/2255/2379 2348/2207/2348
f 2348/2207/2348 2379/2255/2379 2380/2256/2380 2349/2209/2349
f 2349/2209/2349 2380/2256/2380 2381/2257/2381 2350/2211/2350
f 2350/2211/2350 2381/2257/2381 2382/2258/2382 2351/2213/2351
f 2351/2213/2351 2382/2258/2382 2383/2259/2383 2352/2215/2352
f 2352/2215/2352 2383/2259/2383 2384/2260/2384 2353/2217/2353
f 2353/2217/2353 2384/2260/2384 2385/2261/2385 2354/2219/2354
f 2354/2219/2354 2385/2261/2385 2386/2262/2386 2355/2221/2355
f 2355/2221/2355 2386/2262/2386 2387/2263/2387 2356/2223/2356
f 2356/2223/2356 2387/2263/2387 2388/2264/2388 2357/2225/2357
f 2357/2225/2357 2388/2264/2388 2389/2265/2389 2358/2227/2358
f 2358/2227/2358 2389/2265/2389 2390/2266/2390 2359/2229/2359
f 2359/2229/2359 2390/2266/2390 2391/2267/2391 2360/2231/2360
f 2360/2231/2360 2391/2267/2391 2392/2268/2392 2361/2233/2361
f 2361/2233/2361 2392/2268/2392 2393/2269/2393 2362/2235/2362
f 2362/2235/2362 2393/2269/2393 2394/2270/2394 2363/2237/2363
f 2363/2237/2363 2394/2270/2394 2395/2271/2395 2364/2239/2364
f 2365/2241/2365 2396/2272/2396 2397/2273/2397 2366/2242/2366
f 2366/2242/2366 2397/2273/2397 2398/2274/2398 2367/2243/2367
f 2367/2243/2367 2398/2274/2398 2399/2275/2399 2368/2244/2368
f 2368/2244/2368 2399/2275/2399 2400/2276/2400 2369/2245/2369
f 2369/2245/2369 2400/2276/2400 2401/2277/2401 2370/2246/2370
f 2370/2246/2370 2401/2277/2401 2402/2278/2402 2371/2247/2371
f 2371/2247/2371 2402/2278/2402 2403/2279/2403 2372/2248/2372
f 2372/2248/2372 2403/2279/2403 2404/2280/2404 2373/2249/2373
f 2373/2249/2373 2404/2280/2404 2405/2281/2405 2374/2250/2374
f 2374/2250/2374 2405/2281/2405 2406/2282/2406 2375/2251/2375
f 2375/2251/2375 2406/2282/2406 2407/2283/2407 2376/2252/2376
f 2376/2252/2376 2407/2283/2407 2408/2284/2408 2377/2253/2377
f 2377/2253/2377 2408/2284/2408 2409/2285/2409 2378/2254/2378
f 2378/2254/2378 2409/2285/2409 2410/2286/2410 2379/2255/2379
f 2379/2255/2379 2410/2286/2410 2411/2287/2411 2380/2256/2380
f 2380/2256/2380 2411/2287/2411 2412/2288/2412 2381/2257/2381
f 2381/2257/2381 2412/2288/2412 2413/2289/2413 2382/2258/2382
f 2382/2258/2382 2413/2289/2413 2414/2290/2414 2383/2259/2383
f 2383/2259/2383 2414/2290/2414 2415/2291/2415 2384/2260/2384
f 2384/2260/2384 2415/2291/2415 2416/2292/2416 2385/2261/2385
f 2385/2261/2385 2416/2292/2416 2417/2293/2417 2386/2262/2386
f 2386/2262/2386 2417/2293/2417 2418/2294/2418 2387/2263/2387
f 2387/2263/2387 2418/2294/2418 2419/2295/2419 2388/2264/2388
f 2388/2264/2388 2419/2295/2419 2420/2296/2420 2389/2265/2389
f 2389/2265/2389 2420/2296/2420 2421/2297/2421 2390/2266/2390
f 2390/2266/2390 2421/2297/2421 2422/2298/2422 2391/2267/2391
f 2391/2267/2391 2422/2298/2422 2423/2299/2423 2392/2268/2392
f 2392/2268/2392 2423/2299/2423 2424/2300/2424 2393/2269/2393
f 2393/2269/2393 2424/2300/2424 2425/2301/2425 2394/2270/2394
f 2394/2270/2394 2425/2301/2425 2426/2302/2426 2395/2271/2395
f 2396/2272/2396 2427/2303/2427 2428/2304/2428 2397/2273/2397
f 2397/2273/2397 2428/2304/2428 2429/2305/2429 2398/2274/2398
f 2398/2274/2398 2429/2305/2429 2430/2306/2430 2399/2275/2399
f 2399/2275/2399 2430/2306/2430 2431/2307/2431 2400/2276/2400
f 2400/2276/2400 2431/2307/2431 2432/2308/2432 2401/2277/2401
f 2401/2277/2401 2432/2308/2432 2433/2309/2433 2402/2278/2402
f 2402/2278/2402 2433/2309/2433 2434/2310/2434 2403/2279/2403
f 2403/2279/2403 2434/2310/2434 2435/2311/2435 2404/2280/2404
f 2404/2280/2404 2435/2311/2435 2436/2312/2436 2405/2281/2405
f 2405/2281/2405 2436/2312/2436 2437/2313/2437 2406/2282/2406
f 2406/2282/2406 2437/2313/2437 2438/2314/2438 2407/2283/2407
f 2407/2283/2407 2438/2314/2438 2439/2315/2439 2408/2284/2408
f 2408/2284/2408 2439/2315/2439 2440/2316/2440 2409/2285/2409
f 2409/2285/2409 2440/2316/2440 2441/2317/2441 2410/2286/2410
f 2410/2286/2410 2441/2317/2441 2442/2318/2442 2411/2287/2411
f 2411/2287/2411 2442/2318/2442 2443/2319/2443 2412/2288/2412
f 2412/2288/2412 2443/2319/2443 2444/2320/2444 2413/2289/2413
f 2413/2289/2413 2444/2320/2444 2445/2321/2445 2414/2290/2414
f 2414/2290/2414 2445/2321/2445 2446/2322/2446 2415/2291/2415
f 2415/2291/2415 2446/2322/2446 2447/2323/2447 2416/2292/2416
f 2416/2292/2416 2447/2323/2447 2448/2324/2448 2417/2293/2417
f 2417/2293/2417 2448/2324/2448 2449/2325/2449 2418/2294/2418
f 2418/2294/2418 2449/2325/2449 2450/2326/2450 2419/2295/2419
f 2419/2295/2419 2450/2326/2450 2451/2327/2451 2420/2296/2420
f 2420/2296/2420 2451/2327/2451 2452/2328/2452 2421/2297/2421
f 2421/2297/2421 2452/2328/2452 2453/2329/2453 2422/2298/2422
f 2422/2298/2422 2453/2329/2453 2454/2330/2454 2423/2299/2423
f 2423/2299/2423 2454/2330/2454 2455/2331/2455 2424/2300/2424
f 2424/2300/2424 2455/2331/2455 2456/2332/2456 2425/2301/2425
f 2425/2301/2425 2456/2332/2456 2457/2333/2457 2426/2302/2426
f 2427/2303/2427 2458/2334/2458 2459/2335/2459 2428/2304/2428
f 2428/2304/2428 2459/2335/2459 2460/2336/2460 2429/2305/2429
f 2429/2305/2429 2460/2336/2460 2461/2337/2461 2430/2306/2430
f 2430/2306/2430 2461/2337/2461 2462/2338/2462 2431/2307/2431
f 2431/2307/2431 2462/2338/2462 2463/2339/2463 2432/2308/2432
f 2432/2308/2432 2463/2339/2463 2464/2340/2464 2433/2309/2433
f 2433/2309/2433 2464/2340/2464 2465/2341/2465 2434/2310/2434
f 2434/2310/2434 2465/2341/2465 2466/2342/2466 2435/2311/2435
f 2435/2311/2435 2466/2342/2466 2467/2343/2467 2436/2312/2436
f 2436/2312/2436 2467/2343/2467 2468/2344/2468 2437/2313/2437
f 2437/2313/2437 2468/2344/2468 2469/2345/2469 2438/2314/2438
f 2438/2314/2438 2469/2345/2469 2470/2346/2470 2439/2315/2439
f 2439/2315/2439 2470/2346/2470 2471/2347/2471 2440/2316/2440
f 2440/2316/2440 2471/2347/2471 2472/2348/2472 2441/2317/2441
f 2441/2317/2441 2472/2348/2472 2473/2349/2473 2442/2318/2442
f 2442/2318/2442 2473/2349/2473 2474/2350/2474 2443/2319/2443
f 2443/2319/2443 2474/2350/2474 2475/2351/2475 2444/2320/2444
f 2444/2320/2444 2475/2351/2475 2476/2352/2476 2445/2321/2445
f 2445/2321/2445 2476/2352/2476 2477/2353/2477 2446/2322/2446
f 2446/2322/2446 2477/2353/2477 2478/2354/2478 2447/2323/2447
f 2447/2323/2447 2478/2354/2478 2479/2355/2479 2448/2324/2448
f 2448/2324/2448 2479/2355/2479 2480/2356/2480 2449/2325/2449
f 2449/2325/2449 2480/2356/2480 2481/2357/2481 2450/2326/2450
f 2450/2326/2450 2481/2357/2481 2482/2358/2482 2451/2327/2451
f 2451/2327/2451 2482/2358/2482 2483/2359/2483 2452/2328/2452
f 2452/2328/2452 2483/2359/2483 2484/2360/2484 2453/2329/2453
f 2453/2329/2453 2484/2360/2484 2485/2361/2485 2454/2330/2454
f 2454/2330/2454 2485/2361/2485 2486/2362/2486 2455/2331/2455
f 2455/2331/2455 2486/2362/2486 2487/2363/2487 2456/2332/2456
f 2456/2332/2456 2487/2363/2487 2488/2364/2488 2457/2333/2457
f 2458/2334/2458 2489/2365/2489 2490/2366/2490 2459/2335/2459
f 2459/2335/2459 2490/2366/2490 2491/2367/2491 2460/2336/2460
f 2460/2336/2460 2491/2367/2491 2492/2368/2492 2461/2337/2461
f 2461/2337/2461 2492/2368/2492 2493/2369/2493 2462/2338/2462
f 2462/2338/2462 2493/2369/2493 2494/2370/2494 2463/2339/2463
f 2463/2339/2463 2494/2370/2494 2495/2371/2495 2464/2340/2464
f 2464/2340/2464 2495/2371/2495 2496/2372/2496 2465/2341/2465
f 2465/2341/2465 2496/2372/2496 2497/2373/2497 2466/2342/2466
f 2466/2342/2466 2497/2373/2497 2498/2374/2498 2467/2343/2467
f 2467/2343/2467 2498/2374/2498 2499/2375/2499 2468/2344/2468
f 2468/2344/2468 2499/2375/2499 2500/2376/2500 2469/2345/2469
f 2469/2345/2469 2500/2376/2500 2501/2377/2501 2470/2346/2470
f 2470/2346/2470 2501/2377/2501 2502/2378/2502 2471/2347/2471
f 2471/2347/2471 2502/2378/2502 2503/2379/2503 2472/2348/2472
f 2472/2348/2472 2503/2379/2503 2504/2380/2504 2473/2349/2473
f 2473/2349/2473 2504/2380/2504 2505/2381/2505 2474/2350/2474
f 2474/2350/2474 2505/2381/2505 2506/2382/2506 2475/2351/2475
f 2475/2351/2475 2506/2382/2506 2507/2383/2507 2476/2352/2476
f 2476/2352/2476 2507/2383/2507 2508/2384/2508 2477/2353/2477
f 2477/2353/2477 2508/2384/2508 2509/2385/2509 2478/2354/2478
f 2478/2354/2478 2509/2385/2509 2510/2386/2510 2479/2355/2479
f 2479/2355/2479 2510/2386/2510 2511/2387/2511 2480/2356/2480
f 2480/2356/2480 2511/2387/2511 2512/2388/2512 2481/2357/2481
f 2481/2357/2481 2512/2388/2512 2513/2389/2513 2482/2358/2482
f 2482/2358/2482 2513/2389/2513 2514/2390/2514 2483/2359/2483
f 2483/2359/2483 2514/2390/2514 2515/2391/2515 2484/2360/2484
f 2484/2360/2484 2515/2391/2515 2516/2392/2516 2485/2361/2485
f 2485/2361/2485 2516/2392/2516 2517/2393/2517 2486/2362/2486
f 2486/2362/2486 2517/2393/2517 2518/2394/2518 2487/2363/2487
f 2487/2363/2487 2518/2394/2518 2519/2395/2519 2488/2364/2488
f 2489/2365/2489 2520/2396/2520 2521/2397/2521 2490/2366/2490
f 2490/2366/2490 2521/2397/2521 2522/2398/2522 2491/2367/2491
f 2491/2367/2491 2522/2398/2522 2523/2399/2523 2492/2368/2492
f 2492/2368/2492 2523/2399/2523 2524/2400/2524 2493/2369/2493
f 2493/2369/2493 2524/2400/2524 2525/2401/2525 2494/2370/2494
f 2494/2370/2494 2525/2401/2525 2526/2402/2526 2495/2371/2495
f 2495/2371/2495 2526/2402/2526 2527/2403/2527 2496/2372/2496
f 2496/2372/2496 2527/2403/2527 2528/2404/2528 2497/2373/2497
f 2497/2373/2497 2528/2404/2528 2529/2405/2529 2498/2374/2498
f 2498/2374/2498 2529/2405/2529 2530/2406/2530 2499/2375/2499
f 2499/2375/2499 2530/2406/2530 2531/2407/2531 2500/2376/2500
f 2500/2376/2500 2531/2407/2531 2532/2408/2532 2501/2377/2501
f 2501/2377/2501 2532/2408/2532 2533/2409/2533 2502/2378/2502
f 2502/2378/2502 2533/2409/2533 2534/2410/2534 2503/2379/2503
f 2503/2379/2503 2534/2410/2534 2535/2411/2535 2504/2380/2504
f 2504/2380/2504 2535/2411/2535 2536/2412/2536 2505/2381/2505
f 2505/2381/2505 2536/2412/2536 2537/2413/2537 2506/2382/2506
f 2506/2382/2506 2537/2413/2537 2538/2414/2538 2507/2383/2507
f 2507/2383/2507 2538/2414/2538 2539/2415/2539 2508/2384/2508
f 2508/2384/2508 2539/2415/2539 2540/2416/2540 2509/2385/2509
f 2509/2385/2509 2540/2416/2540 2541/2417/2541 2510/2386/2510
f 2510/2386/2510 2541/2417/2541 2542/2418/2542 2511/2387/2511
f 2511/2387/2511 2542/2418/2542 2543/2419/2543 2512/2388/2512
f 2512/2388/2512 2543/2419/2543 2544/2420/2544 2513/2389/2513
f 2513/2389/2513 2544/2420/2544 2545/2421/2545 2514/2390/2514
f 2514/2390/2514 2545/2421/2545 2546/2422/2546 2515/2391/2515
f 2515/2391/2515 2546/2422/2546 2547/2423/2547 2516/2392/2516
f 2516/2392/2516 2547/2423/2547 2548/2424/2548 2517/2393/2517
f 2517/2393/2517 2548/2424/2548 2549/2425/2549 2518/2394/2518
f 2518/2394/2518 2549/2425/2549 2550/2426/2550 2519/2395/2519
f 2520/2396/2520 2551/2427/2551 2552/2428/2552 2521/2397/2521
f 2521/2397/2521 2552/2428/2552 2553/2429/2553 2522/2398/2522
f 2522/2398/2522 2553/2429/2553 2554/2430/2554 2523/2399/2523
f 2523/2399/2523 2554/2430/2554 2555/2431/2555 2524/2400/2524
f 2524/2400/2524 2555/2431/2555 2556/2432/2556 2525/2401/2525
f 2525/2401/2525 2556/2432/2556 2557/2433/2557 2526/2402/2526
f 2526/2402/2526 2557/2433/2557 2558/2434/2558 2527/2403/2527
f 2527/2403/2527 2558/2434/2558 2559/2435/2559 2528/2404/2528
f 2528/2404/2528 2559/2435/2559 2560/2436/2560 2529/2405/2529
f 2529/2405/2529 2560/2436/2560 2561/2437/2561 2530/2406/2530
f 2530/2406/2530 2561/2437/2561 2562/2438/2562 2531/2407/2531
f 2531/2407/2531 2562/2438/2562 2563/2439/2563 2532/2408/2532
f 2532/2408/2532 2563/2439/2563 2564/2440/2564 2533/2409/2533
f 2533/2409/2533 2564/2440/2564 2565/2441/2565 2534/2410/2534
f 2534/2410/2534 2565/2441/2565 2566/2442/2566 2535/2411/2535
f 2535/2411/2535 2566/2442/2566 2567/2443/2567 2536/2412/2536
f 2536/2412/2536 2567/2443/2567 2568/2444/2568 2537/2413/2537
f 2537/2413/2537 2568/2444/2568 2569/2445/2569 2538/2414/2538
f 2538/2414/2538 2569/2445/2569 2570/2446/2570 2539/2415/2539
f 2539/2415/2539 2570/2446/2570 2571/2447/2571 2540/2416/2540
f 2540/2416/2540 2571/2447/2571 2572/2448/2572 2541/2417/2541
f 2541/2417/2541 2572/2448/2572 2573/2449/2573 2542/2418/2542
f 2542/2418/2542 2573/2449/2573 2574/2450/2574 2543/2419/2543
f 2543/2419/2543 2574/2450/2574 2575/2451/2575 2544/2420/2544
f 2544/2420/2544 2575/2451/2575 2576/2452/2576 2545/2421/2545
f 2545/2421/2545 2576/2452/2576 2577/2453/2577 2546/2422/2546
f 2546/2422/2546 2577/2453/2577 2578/2454/2578 2547/2423/2547
f 2547/2423/2547 2578/2454/2578 2579/2455/2579 2548/2424/2548
f 2548/2424/2548 2579/2455/2579 2580/2456/2580 2549/2425/2549
f 2549/2425/2549 2580/2456/2580 2581/2457/2581 2550/2426/2550
f 2551/2427/2551 2582/2458/2582 2583/2459/2583 2552/2428/2552
f 2552/2428/2552 2583/2459/2583 2584/2460/2584 2553/2429/2553
f 2553/2429/2553 2584/2460/2584 2585/2461/2585 2554/2430/2554
f 2554/2430/2554 2585/2461/2585 2586/2462/2586 2555/2431/2555
f 2555/2431/2555 2586/2462/2586 2587/2463/2587 2556/2432/2556
f 2556/2432/2556 2587/2463/2587 2588/2464/2588 2557/2433/2557
f 2557/2433/2557 2588/2464/2588 2589/2465/2589 2558/2434/2558
f 2558/2434/2558 2589/2465/2589 2590/2466/2590 2559/2435/2559
f 2559/2435/2559 2590/2466/2590 2591/2467/2591 2560/2436/2560
f 2560/2436/2560 2591/2467/2591 2592/2468/2592 2561/2437/2561
f 2561/2437/2561 2592/2468/2592 2593/2469/2593 2562/2438/2562
f 2562/2438/2562 2593/2469/2593 2594/2470/2594 2563/2439/2563
f 2563/2439/2563 2594/2470/2594 2595/2471/2595 2564/2440/2564
f 2564/2440/2564 2595/2471/2595 2596/2472/2596 2565/2441/2565
f 2565/2441/2565 2596/2472/2596 2597/2473/2597 2566/2442/2566
f 2566/2442/2566 2597/2473/2597 2598/2474/2598 2567/2443/2567
f 2567/2443/2567 2598/2474/2598 2599/2475/2599 2568/2444/2568
f 2568/2444/2568 2599/2475/2599 2600/2476/2600 2569/2445/2569
f 2569/2445/2569 2600/2476/2600 2601/2477/2601 2570/2446/2570
f 2570/2446/2570 2601/2477/2601 2602/2478/2602 2571/2447/2571
f 2571/2447/2571 2602/2478/2602 2603/2479/2603 2572/2448/2572
f 2572/2448/2572 2603/2479/2603 2604/2480/2604 2573/2449/2573
f 2573/2449/2573 2604/2480/2604 2605/2481/2605 2574/2450/2574
f 2574/2450/2574 2605/2481/2605 2606/2482/2606 2575/2451/2575
f 2575/2451/2575 2606/2482/2606 2607/2483/2607 2576/2452/2576
f 2576/2452/2576 2607/2483/2607 2608/2484/2608 2577/2453/2577
f 2577/2453/2577 2608/2484/2608 2609/2485/2609 2578/2454/2578
f 2578/2454/2578 2609/2485/2609 2610/2486/2610 2579/2455/2579
f 2579/2455/2579 2610/2486/2610 2611/2487/2611 2580/2456/2580
f 2580/2456/2580 2611/2487/2611 2612/2488/2612 2581/2457/2581
f 2582/2458/2582 2613/2489/2613 2614/2490/2614 2583/2459/2583
f 2583/2459/2583 2614/2490/2614 2615/2491/2615 2584/2460/2584
f 2584/2460/2584 2615/2491/2615 2616/2492/2616 2585/2461/2585
f 2585/2461/2585 2616/2492/2616 2617/2493/2617 2586/2462/2586
f 2586/2462/2586 2617/2493/2617 2618/2494/2618 2587/2463/2587
f 2587/2463/2587 2618/2494/2618 2619/2495/2619 2588/2464/2588
f 2588/2464/2588 2619/2495/2619 2620/2496/2620 2589/2465/2589
f 2589/2465/2589 2620/2496/2620 2621/2497/2621 2590/2466/2590
f 2590/2466/2590 2621/2497/2621 2622/2498/2622 2591/2467/2591
f 2591/2467/2591 2622/2498/2622 2623/2499/2623 2592/2468/2592
f 2592/2468/2592 2623/2499/2623 2624/2500/2624 2593/2469/2593
f 2593/2469/2593 2624/2500/2624 2625/2501/2625 2594/2470/2594
f 2594/2470/2594 2625/2501/2625 2626/2502/2626 2595/2471/2595
f 2595/2471/2595 2626/2502/2626 2627/2503/2627 2596/2472/2596
f 2596/2472/2596 2627/2503/2627 2628/2504/2628 2597/2473/2597
f 2597/2473/2597 2628/2504/2628 2629/2505/2629 2598/2474/2598
f 2598/2474/2598 2629/2505/2629 2630/2506/2630 2599/2475/2599
f 2599/2475/2599 2630/2506/2630 2631/2507/2631 2600/2476/2600
f 2600/2476/2600 2631/2507/2631 2632/2508/2632 2601/2477/2601
f 2601/2477/2601 2632/2508/2632 2633/2509/2633 2602/2478/2602
f 2602/2478/2602 2633/2509/2633 2634/2510/2634 2603/2479/2603
f 2603/2479/2603 2634/2510/2634 2635/2511/2635 2604/2480/2604
f 2604/2480/2604 2635/2511/2635 2636/2512/2636 2605/2481/2605
f 2605/2481/2605 2636/2512/2636 2637/2513/2637 2606/2482/2606
f 2606/2482/2606 2637/2513/2637 2638/2514/2638 2607/2483/2607
f 2607/2483/2607 2638/2514/2638 2639/2515/2639 2608/2484/2608
f 2608/2484/2608 2639/2515/2639 2640/2516/2640 2609/2485/2609
f 2609/2485/2609 2640/2516/2640 2641/2517/2641 2610/2486/2610
f 2610/2486/2610 2641/2517/2641 2642/2518/2642 2611/2487/2611
f 2611/2487/2611 2642/2518/2642 2643/2519/2643 2612/2488/2612
f 2613/2489/2613 2644/2520/2644 2645/2521/2645 2614/2490/2614
f 2614/2490/2614 2645/2521/2645 2646/2522/2646 2615/2491/2615
f 2615/2491/2615 2646/2522/2646 2647/2523/2647 2616/2492/2616
f 2616/2492/2616 2647/2523/2647 2648/2524/2648 2617/2493/2617
f 2617/2493/2617 2648/2524/2648 2649/2525/2649 2618/2494/2618
f 2618/2494/2618 2649/2525/2649 2650/2526/2650 2619/2495/2619
f 2619/2495/2619 2650/2526/2650 2651/2527/2651 2620/2496/2620
f 2620/2496/2620 2651/2527/2651 2652/2528/2652 2621/2497/2621
f 2621/2497/2621 2652/2528/2652 2653/2529/2653 2622/2498/2622
f 2622/2498/2622 2653/2529/2653 2654/2530/2654 2623/2499/2623
f 2623/2499/2623 2654/2530/2654 2655/2531/2655 2624/2500/2624
f 2624/2500/2624 2655/2531/2655 2656/2532/2656 2625/2501/2625
f 2625/2501/2625 2656/2532/2656 2657/2533/2657 2626/2502/2626
f 2626/2502/2626 2657/2533/2657 2658/2534/2658 2627/2503/2627
f 2627/2503/2627 2658/2534/2658 2659/2535/2659 2628/2504/2628
f 2628/2504/2628 2659/2535/2659 2660/2536/2660 2629/2505/2629
f 2629/2505/2629 2660/2536/2660 2661/2537/2661 2630/2506/2630
f 2630/2506/2630 2661/2537/2661 2662/2538/2662 2631/2507/2631
f 2631/2507/2631 2662/2538/2662 2663/2539/2663 2632/2508/2632
f 2632/2508/2632 2663/2539/2663 2664/2540/2664 2633/2509/2633
f 2633/2509/2633 2664/2540/2664 2665/2541/2665 2634/2510/2634
f 2634/2510/2634 2665/2541/2665 2666/2542/2666 2635/2511/2635
f 2635/2511/2635 2666/2542/2666 2667/2543/2667 2636/2512/2636
f 2636/2512/2636 2667/2543/2667 2668/2544/2668 2637/2513/2637
f 2637/2513/2637 2668/2544/2668 2669/2545/2669 2638/2514/2638
f 2638/2514/2638 2669/2545/2669 2670/2546/2670 2639/2515/2639
f 2639/2515/2639 2670/2546/2670 2671/2547/2671 2640/2516/2640
f 2640/2516/2640 2671/2547/2671 2672/2548/2672 2641/2517/2641
f 2641/2517/2641 2672/2548/2672 2673/2549/2673 2642/2518/2642
f 2642/2518/2642 2673/2549/2673 2674/2550/2674 2643/2519/2643
f 2644/2520/2644 2675/2551/2675 2676/2552/2676 2645/2521/2645
f 2645/2521/2645 2676/2552/2676 2677/2553/2677 2646/2522/2646
f 2646/2522/2646 2677/2553/2677 2678/2554/2678 2647/2523/2647
f 2647/2523/2647 2678/2554/2678 2679/2555/2679 2648/2524/2648
f 2648/2524/2648 2679/2555/2679 2680/2556/2680 2649/2525/2649
f 2649/2525/2649 2680/2556/2680 2681/2557/2681 2650/2526/2650
f 2650/2526/2650 2681/2557/2681 2682/2558/2682 2651/2527/2651
f 2651/2527/2651 2682/2558/2682 2683/2559/2683 2652/2528/2652
f 2652/2528/2652 2683/2559/2683 2684/2560/2684 2653/2529/2653
f 2653/2529/2653 2684/2560/2684 2685/2561/2685 2654/2530/2654
f 2654/2530/2654 2685/2561/2685 2686/2562/2686 2655/2531/2655
f 2655/2531/2655 2686/2562/2686 2687/2563/2687 2656/2532/2656
f 2656/2532/2656 2687/2563/2687 2688/2564/2688 2657/2533/2657
f 2657/2533/2657 2688/2564/2688 2689/2565/2689 2658/2534/2658
f 2658/2534/2658 2689/2565/2689 2690/2566/2690 2659/2535/2659
f 2659/2535/2659 2690/2566/2690 2691/2567/2691 2660/2536/2660
f 2660/2536/2660 2691/2567/2691 2692/2568/2692 2661/2537/2661
f 2661/2537/2661 2692/2568/2692 2693/2569/2693 2662/2538/2662
f 2662/2538/2662 2693/2569/2693 2694/2570/2694 2663/2539/2663
f 2663/2539/2663 2694/2570/2694 2695/2571/2695 2664/2540/2664
f 2664/2540/2664 2695/2571/2695 2696/2572/2696 2665/2541/2665
f 2665/2541/2665 2696/2572/2696 2697/2573/2697 2666/2542/2666
f 2666/2542/2666 2697/2573/2697 2698/2574/2698 2667/2543/2667
f 2667/2543/2667 2698/2574/2698 2699/2575/2699 2668/2544/2668
f 2668/2544/2668 2699/2575/2699 2700/2576/2700 2669/2545/2669
f 2669/2545/2669 2700/2576/2700 2701/2577/2701 2670/2546/2670
f 2670/2546/2670 2701/2577/2701 2702/2578/2702 2671/2547/2671
f 2671/2547/2671 2702/2578/2702 2703/2579/2703 2672/2548/2672
f 2672/2548/2672 2703/2579/2703 2704/2580/2704 2673/2549/2673
f 2673/2549/2673 2704/2580/2704 2705/2581/2705 2674/2550/2674
f 2675/2551/2675 2706/2582/2706 2707/2583/2707 2676/2552/2676
f 2676/2552/2676 2707/2583/2707 2708/2584/2708 2677/2553/2677
f 2677/2553/2677 2708/2584/2708 2709/2585/2709 2678/2554/2678
f 2678/2554/2678 2709/2585/2709 2710/2586/2710 2679/2555/2679
f 2679/2555/2679 2710/2586/2710 2711/2587/2711 2680/2556/2680
f 2680/2556/2680 2711/2587/2711 2712/2588/2712 2681/2557/2681
f 2681/2557/2681 2712/2588/2712 2713/2589/2713 2682/2558/2682
f 2682/2558/2682 2713/2589/2713 2714/2590/2714 2683/2559/2683
f 2683/2559/2683 2714/2590/2714 2715/2591/2715 2684/2560/2684
f 2684/2560/2684 2715/2591/2715 2716/2592/2716 2685/2561/2685
f 2685/2561/2685 2716/2592/2716 2717/2593/2717 2686/2562/2686
f 2686/2562/2686 2717/2593/2717 2718/2594/2718 2687/2563/2687
f 2687/2563/2687 2718/2594/2718 2719/2595/2719 2688/2564/2688
f 2688/2564/2688 2719/2595/2719 2720/2596/2720 2689/2565/2689
f 2689/2565/2689 2720/2596/2720 2721/2597/2721 2690/2566/2690
f 2690/2566/2690 2721/2597/2721 2722/2598/2722 2691/2567/2691
f 2691/2567/2691 2722/2598/2722 2723/2599/2723 2692/2568/2692
f 2692/2568/2692 2723/2599/2723 2724/2600/2724 2693/2569/2693
f 2693/2569/2693 2724/2600/2724 2725/2601/2725 2694/2570/2694
f 2694/2570/2694 2725/2601/2725 2726/2602/2726 2695/2571/2695
f 2695/2571/2695 2726/2602/2726 2727/2603/2727 2696/2572/2696
f 2696/2572/2696 2727/2603/2727 2728/2604/2728 2697/2573/2697
f 2697/2573/2697 2728/2604/2728 2729/2605/2729 2698/2574/2698
f 2698/2574/2698 2729/2605/2729 2730/2606/2730 2699/2575/2699
f 2699/2575/2699 2730/2606/2730 2731/2607/2731 2700/2576/2700
f 2700/2576/2700 2731/2607/2731 2732/2608/2732 2701/2577/2701
f 2701/2577/2701 2732/2608/2732 2733/2609/2733 2702/2578/2702
f 2702/2578/2702 2733/2609/2733 2734/2610/2734 2703/2579/2703
f 2703/2579/2703 2734/2610/2734 2735/2611/2735 2704/2580/2704
f 2704/2580/2704 2735/2611/2735 2736/2612/2736 2705/2581/2705
f 2706/2582/2706 2737/2613/2737 2738/2614/2738 2707/2583/2707
f 2707/2583/2707 2738/2614/2738 2739/2615/2739 2708/2584/2708
f 2708/2584/2708 2739/2615/2739 2740/2616/2740 2709/2585/2709
f 2709/2585/2709 2740/2616/2740 2741/2617/2741 2710/2586/2710
f 2710/2586/2710 2741/2617/2741 2742/2618/2742 2711/2587/2711
f 2711/2587/2711 2742/2618/2742 2743/2619/2743 2712/2588/2712
f 2712/2588/2712 2743/2619/2743 2744/2620/2744 2713/2589/2713
f 2713/2589/2713 2744/2620/2744 2745/2621/2745 2714/2590/2714
f 2714/2590/2714 2745/2621/2745 2746/2622/2746 2715/2591/2715
f 2715/2591/2715 2746/2622/2746 2747/2623/2747 2716/2592/2716
f 2716/2592/2716 2747/2623/2747 2748/2624/2748 2717/2593/2717
f 2717/2593/2717 2748/2624/2748 2749/2625/2749 2718/2594/2718
f 2718/2594/2718 2749/2625/2749 2750/2626/2750 2719/2595/2719
f 2719/2595/2719 2750/2626/2750 2751/2627/2751 2720/2596/2720
f 2720/2596/2720 2751/2627/2751 2752/2628/2752 2721/2597/2721
f 2721/2597/2721 2752/2628/2752 2753/2629/2753 2722/2598/2722
f 2722/2598/2722 2753/2629/2753 2754/2630/2754 2723/2599/2723
f 2723/2599/2723 2754/2630/2754 2755/2631/2755 2724/2600/2724
f 2724/2600/2724 2755/2631/2755 2756/2632/2756 2725/2601/2725
f 2725/2601/2725 2756/2632/2756 2757/2633/2757 2726/2602/2726
f 2726/2602/2726 2757/2633/2757 2758/2634/2758 2727/2603/2727
f 2727/2603/2727 2758/2634/2758 2759/2635/2759 2728/2604/2728
f 2728/2604/2728 2759/2635/2759 2760/2636/2760 2729/2605/2729
f 2729/2605/2729 2760/2636/2760 2761/2637/2761 2730/2606/2730
f 2730/2606/2730 2761/2637/2761 2762/2638/2762 2731/2607/2731
f 2731/2607/2731 2762/2638/2762 2763/2639/2763 2732/2608/2732
f 2732/2608/2732 2763/2639/2763 2764/2640/2764 2733/2609/2733
f 2733/2609/2733 2764/2640/2764 2765/2641/2765 2734/2610/2734
f 2734/2610/2734 2765/2641/2765 2766/2642/2766 2735/2611/2735
f 2735/2611/2735 2766/2642/2766 2767/2643/2767 2736/2612/2736
f 2737/2613/2737 2768/2644/2768 2769/2645/2769 2738/2614/2738
f 2738/2614/2738 2769/2645/2769 2770/2646/2770 2739/2615/2739
f 2739/2615/2739 2770/2646/2770 2771/2647/2771 2740/2616/2740
f 2740/2616/2740 2771/2647/2771 2772/2648/2772 2741/2617/2741
f 2741/2617/2741 2772/2648/2772 2773/2649/2773 2742/2618/2742
f 2742/2618/2742 2773/2649/2773 2774/2650/2774 2743/2619/2743
f 2743/2619/2743 2774/2650/2774 2775/2651/2775 2744/2620/2744
f 2744/2620/2744 2775/2651/2775 2776/2652/2776 2745/2621/2745
f 2745/2621/2745 2776/2652/2776 2777/2653/2777 2746/2622/2746
f 2746/2622/2746 2777/2653/2777 2778/2654/2778 2747/2623/2747
f 2747/2623/2747 2778/2654/2778 2779/2655/2779 2748/2624/2748
f 2748/2624/2748 2779/2655/2779 2780/2656/2780 2749/2625/2749
f 2749/2625/2749 2780/2656/2780 2781/2657/2781 2750/2626/2750
f 2750/2626/2750 2781/2657/2781 2782/2658/2782 2751/2627/2751
f 2751/2627/2751 2782/2658/2782 2783/2659/2783 2752/2628/2752
f 2752/2628/2752 2783/2659/2783 2784/2660/2784 2753/2629/2753
f 2753/2629/2753 2784/2660/2784 2785/2661/2785 2754/2630/2754
f 2754/2630/2754 2785/2661/2785 2786/2662/2786 2755/2631/2755
f 2755/2631/2755 2786/2662/2786 2787/2663/2787 2756/2632/2756
f 2756/2632/2756 2787/2663/2787 2788/2664/2788 2757/2633/2757
f 2757/2633/2757 2788/2664/2788 2789/2665/2789 2758/2634/2758
f 2758/2634/2758 2789/2665/2789 2790/2666/2790 2759/2635/2759
f 2759/2635/2759 2790/2666/2790 2791/2667/2791 2760/2636/2760
f 2760/2636/2760 2791/2667/2791 2792/2668/2792 2761/2637/2761
f 2761/2637/2761 2792/2668/2792 2793/2669/2793 2762/2638/2762
f 2762/2638/2762 2793/2669/2793 2794/2670/2794 2763/2639/2763
f 2763/2639/2763 2794/2670/2794 2795/2671/2795 2764/2640/2764
f 2764/2640/2764 2795/2671/2795 2796/2672/2796 2765/2641/2765
f 2765/2641/2765 2796/2672/2796 2797/2673/2797 2766/2642/2766
f 2766/2642/2766 2797/2673/2797 2798/2674/2798 2767/2643/2767
f 2768/2644/2768 2799/2675/2799 2800/2676/2800 2769/2645/2769
f 2769/2645/2769 2800/2676/2800 2801/2677/2801 2770/2646/2770
f 2770/2646/2770 2801/2677/2801 2802/2678/2802 2771/2647/2771
f 2771/2647/2771 2802/2678/2802 2803/2679/2803 2772/2648/2772
f 2772/2648/2772 2803/2679/2803 2804/2680/2804 2773/2649/2773
f 2773/2649/2773 2804/2680/2804 2805/2681/2805 2774/2650/2774
f 2774/2650/2774 2805/2681/2805 2806/2682/2806 2775/2651/2775
f 2775/2651/2775 2806/2682/2806 2807/2683/2807 2776/2652/2776
f 2776/2652/2776 2807/2683/2807 2808/2684/2808 2777/2653/2777
f 2777/2653/2777 2808/2684/2808 2809/2685/2809 2778/2654/2778
f 2778/2654/2778 2809/2685/2809 2810/2686/2810 2779/2655/2779
f 2779/2655/2779 2810/2686/2810 2811/2687/2811 2780/2656/2780
f 2780/2656/2780 2811/2687/2811 2812/2688/2812 2781/2657/2781
f 2781/2657/2781 2812/2688/2812 2813/2689/2813 2782/2658/2782
f 2782/2658/2782 2813/2689/2813 2814/2690/2814 2783/2659/2783
f 2783/2659/2783 2814/2690/2814 2815/2691/2815 2784/2660/2784
f 2784/2660/2784 2815/2691/2815 2816/2692/2816 2785/2661/2785
f 2785/2661/2785 2816/2692/2816 2817/2693/2817 2786/2662/2786
f 2786/2662/2786 2817/2693/2817 2818/2694/2818 2787/2663/2787
f 2787/2663/2787 2818/2694/2818 2819/2695/2819 2788/2664/2788
f 2788/2664/2788 2819/2695/2819 2820/2696/2820 2789/2665/2789
f 2789/2665/2789 2820/2696/2820 2821/2697/2821 2790/2666/2790
f 2790/2666/2790 2821/2697/2821 2822/2698/2822 2791/2667/2791
f 2791/2667/2791 2822/2698/2822 2823/2699/2823 2792/2668/2792
f 2792/2668/2792 2823/2699/2823 2824/2700/2824 2793/2669/2793
f 2793/2669/2793 2824/2700/2824 2825/2701/2825 2794/2670/2794
f 2794/2670/2794 2825/2701/2825 2826/2702/2826 2795/2671/2795
f 2795/2671/2795 2826/2702/2826 2827/2703/2827 2796/2672/2796
f 2796/2672/2796 2827/2703/2827 2828/2704/2828 2797/2673/2797
f 2797/2673/2797 2828/2704/2828 2829/2705/2829 2798/2674/2798
f 2799/2675/2799 2830/2706/2830 2831/2707/2831 2800/2676/2800
f 2800/2676/2800 2831/2707/2831 2832/2708/2832 2801/2677/2801
f 2801/2677/2801 2832/2708/2832 2833/2709/2833 2802/2678/2802
f 2802/2678/2802 2833/2709/2833 2834/2710/2834 2803/2679/2803
f 2803/2679/2803 2834/2710/2834 2835/2711/2835 2804/2680/2804
f 2804/2680/2804 2835/2711/2835 2836/2712/2836 2805/2681/2805
f 2805/2681/2805 2836/2712/2836 2837/2713/2837 2806/2682/2806
f 2806/2682/2806 2837/2713/2837 2838/2714/2838 2807/2683/2807
f 2807/2683/2807 2838/2714/2838 2839/2715/2839 2808/2684/2808
f 2808/2684/2808 2839/2715/2839 2840/2716/2840 2809/2685/2809
f 2809/2685/2809 2840/2716/2840 2841/2717/2841 2810/2686/2810
f 2810/2686/2810 2841/2717/2841 2842/2718/2842 2811/2687/2811
f 2811/2687/2811 2842/2718/2842 2843/2719/2843 2812/2688/2812
f 2812/2688/2812 2843/2719/2843 2844/2720/2844 2813/2689/2813
f 2813/2689/2813 2844/2720/2844 2845/2721/2845 2814/2690/2814
f 2814/2690/2814 2845/2721/2845 2846/2722/2846 2815/2691/2815
f 2815/2691/2815 2846/2722/2846 2847/2723/2847 2816/2692/2816
f 2816/2692/2816 2847/2723/2847 2848/2724/2848 2817/2693/2817
f 2817/2693/2817 2848/2724/2848 2849/2725/2849 2818/2694/2818
f 2818/2694/2818 2849/2725/2849 2850/2726/2850 2819/2695/2819
f 2819/2695/2819 2850/2726/2850 2851/2727/2851 2820/2696/2820
f 2820/2696/2820 2851/2727/2851 2852/2728/2852 2821/2697/2821
f 2821/2697/2821 2852/2728/2852 2853/2729/2853 2822/2698/2822
f 2822/2698/2822 2853/2729/2853 2854/2730/2854 2823/2699/2823
f 2823/2699/2823 2854/2730/2854 2855/2731/2855 2824/2700/2824
f 2824/2700/2824 2855/2731/2855 2856/2732/2856 2825/2701/2825
f 2825/2701/2825 2856/2732/2856 2857/2733/2857 2826/2702/2826
f 2826/2702/2826 2857/2733/2857 2858/2734/2858 2827/2703/2827
f 2827/2703/2827 2858/2734/2858 2859/2735/2859 2828/2704/2828
f 2828/2704/2828 2859/2735/2859 2860/2736/2860 2829/2705/2829
f 2830/2706/2830 2861/2737/2861 2862/2738/2862 2831/2707/2831
f 2831/2707/2831 2862/2738/2862 2863/2739/2863 2832/2708/2832
f 2832/2708/2832 2863/2739/2863 2864/2740/2864 2833/2709/2833
f 2833/2709/2833 2864/2740/2864 2865/2741/2865 2834/2710/2834
f 2834/2710/2834 2865/2741/2865 2866/2742/2866 2835/2711/2835
f 2835/2711/2835 2866/2742/2866 2867/2743/2867 2836/2712/2836
f 2836/2712/2836 2867/2743/2867 2868/2744/2868 2837/2713/2837
f 2837/2713/2837 2868/2744/2868 2869/2745/2869 2838/2714/2838
f 2838/2714/2838 2869/2745/2869 2870/2746/2870 2839/2715/2839
f 2839/2715/2839 2870/2746/2870 2871/2747/2871 2840/2716/2840
f 2840/2716/2840 2871/2747/2871 2872/2748/2872 2841/2717/2841
f 2841/2717/2841 2872/2748/2872 2873/2749/2873 2842/2718/2842
f 2842/2718/2842 2873/2749/2873 2874/2750/2874 2843/2719/2843
f 2843/2719/2843 2874/2750/2874 2875/2751/2875 2844/2720/2844
f 2844/2720/2844 2875/2751/2875 2876/2752/2876 2845/2721/2845
f 2845/2721/2845 2876/2752/2876 2877/2753/2877 2846/2722/2846
f 2846/2722/2846 2877/2753/2877 2878/2754/2878 2847/2723/2847
f 2847/2723/2847 2878/2754/2878 2879/2755/2879 2848/2724/2848
f 2848/2724/2848 2879/2755/2879 2880/2756/2880 2849/2725/2849
f 2849/2725/2849 2880/2756/2880 2881/2757/2881 2850/2726/2850
f 2850/2726/2850 2881/2757/2881 2882/2758/2882 2851/2727/2851
f 2851/2727/2851 2882/2758/2882 2883/2759/2883 2852/2728/2852
f 2852/2728/2852 2883/2759/2883 2884/2760/2884 2853/2729/2853
f 2853/2729/2853 2884/2760/2884 2885/2761/2885 2854/2730/2854
f 2854/2730/2854 2885/2761/2885 2886/2762/2886 2855/2731/2855
f 2855/2731/2855 2886/2762/2886 2887/2763/2887 2856/2732/2856
f 2856/2732/2856 2887/2763/2887 2888/2764/2888 2857/2733/2857
f 2857/2733/2857 2888/2764/2888 2889/2765/2889 2858/2734/2858
f 2858/2734/2858 2889/2765/2889 2890/2766/2890 2859/2735/2859
f 2859/2735/2859 2890/2766/2890 2891/2767/2891 2860/2736/2860
f 2861/2737/2861 2892/2768/2892 2893/2769/2893 2862/2738/2862
f 2862/2738/2862 2893/2769/2893 2894/2770/2894 2863/2739/2863
f 2863/2739/2863 2894/2770/2894 2895/2771/2895 2864/2740/2864
f 2864/2740/2864 2895/2771/2895 2896/2772/2896 2865/2741/2865
f 2865/2741/2865 2896/2772/2896 2897/2773/2897 2866/2742/2866
f 2866/2742/2866 2897/2773/2897 2898/2774/2898 2867/2743/2867
f 2867/2743/2867 2898/2774/2898 2899/2775/2899 2868/2744/2868
f 2868/2744/2868 2899/2775/2899 2900/2776/2900 2869/2745/2869
f 2869/2745/2869 2900/2776/2900 2901/2777/2901 2870/2746/2870
f 2870/2746/2870 2901/2777/2901 2902/2778/2902 2871/2747/2871
f 2871/2747/2871 2902/2778/2902 2903/2779/2903 2872/2748/2872
f 2872/2748/2872 2903/2779/2903 2904/2780/2904 2873/2749/2873
f 2873/2749/2873 2904/2780/2904 2905/2781/2905 2874/2750/2874
f 2874/2750/2874 2905/2781/2905 2906/2782/2906 2875/2751/2875
f 2875/2751/2875 2906/2782/2906 2907/2783/2907 2876/2752/2876
f 2876/2752/2876 2907/2783/2907 2908/2784/2908 2877/2753/2877
f 2877/2753/2877 2908/2784/2908 2909/2785/2909 2878/2754/2878
f 2878/2754/2878 2909/2785/2909 2910/2786/2910 2879/2755/2879
f 2879/2755/2879 2910/2786/2910 2911/2787/2911 2880/2756/2880
f 2880/2756/2880 2911/2787/2911 2912/2788/2912 2881/2757/2881
f 2881/2757/2881 2912/2788/2912 2913/2789/2913 2882/2758/2882
f 2882/2758/2882 2913/2789/2913 2914/2790/2914 2883/2759/2883
f 2883/2759/2883 2914/2790/2914 2915/2791/2915 2884/2760/2884
f 2884/2760/2884 2915/2791/2915 2916/2792/2916 2885/2761/2885
f 2885/2761/2885 2916/2792/2916 2917/2793/2917 2886/2762/2886
f 2886/2762/2886 2917/2793/2917 2918/2794/2918 2887/2763/2887
f 2887/2763/2887 2918/2794/2918 2919/2795/2919 2888/2764/2888
f 2888/2764/2888 2919/2795/2919 2920/2796/2920 2889/2765/2889
f 2889/2765/2889 2920/2796/2920 2921/2797/2921 2890/2766/2890
f 2890/2766/2890 2921/2797/2921 2922/2798/2922 2891/2767/2891
f 2892/2768/2892 2923/2799/2923 2924/2800/2924 2893/2769/2893
f 2893/2769/2893 2924/2800/2924 2925/2801/2925 2894/2770/2894
f 2894/2770/2894 2925/2801/2925 2926/2802/2926 2895/2771/2895
f 2895/2771/2895 2926/2802/2926 2927/2803/2927 2896/2772/2896
f 2896/2772/2896 2927/2803/2927 2928/2804/2928 2897/2773/2897
f 2897/2773/2897 2928/2804/2928 2929/2805/2929 2898/2774/2898
f 2898/2774/2898 2929/2805/2929 2930/2806/2930 2899/2775/2899
f 2899/2775/2899 2930/2806/2930 2931/2807/2931 2900/2776/2900
f 2900/2776/2900 2931/2807/2931 2932/2808/2932 2901/2777/2901
f 2901/2777/2901 2932/2808/2932 2933/2809/2933 2902/2778/2902
f 2902/2778/2902 2933/2809/2933 2934/2810/2934 2903/2779/2903
f 2903/2779/2903 2934/2810/2934 2935/2811/2935 2904/2780/2904
f 2904/2780/2904 2935/2811/2935 2936/2812/2936 2905/2781/2905
f 2905/2781/2905 2936/2812/2936 2937/2813/2937 2906/2782/2906
f 2906/2782/2906 2937/2813/2937 2938/2814/2938 2907/2783/2907
f 2907/2783/2907 2938/2814/2938 2939/2815/2939 2908/2784/2908
f 2908/2784/2908 2939/2815/2939 2940/2816/2940 2909/2785/2909
f 2909/2785/2909 2940/2816/2940 2941/2817/2941 2910/2786/2910
f 2910/2786/2910 2941/2817/2941 2942/2818/2942 2911/2787/2911
f 2911/2787/2911 2942/2818/2942 2943/2819/2943 2912/2788/2912
f 2912/2788/2912 2943/2819/2943 2944/2820/2944 2913/2789/2913
f 2913/2789/2913 2944/2820/2944 2945/2821/2945 2914/2790/2914
f 2914/2790/2914 2945/2821/2945 2946/2822/2946 2915/2791/2915
f 2915/2791/2915 2946/2822/2946 2947/2823/2947 2916/2792/2916
f 2916/2792/2916 2947/2823/2947 2948/2824/2948 2917/2793/2917
f 2917/2793/2917 2948/2824/2948 2949/2825/2949 2918/2794/2918
f 2918/2794/2918 2949/2825/2949 2950/2826/2950 2919/2795/2919
f 2919/2795/2919 2950/2826/2950 2951/2827/2951 2920/2796/2920
f 2920/2796/2920 2951/2827/2951 2952/2828/2952 2921/2797/2921
f 2921/2797/2921 2952/2828/2952 2953/2829/2953 2922/2798/2922
f 2923/2799/2923 2954/2830/2954 2955/2831/2955 2924/2800/2924
f 2924/2800/2924 2955/2831/2955 2956/2832/2956 2925/2801/2925
f 2925/2801/2925 2956/2832/2956 2957/2833/2957 2926/2802/2926
f 2926/2802/2926 2957/2833/2957 2958/2834/2958 2927/2803/2927
f 2927/2803/2927 2958/2834/2958 2959/2835/2959 2928/2804/2928
f 2928/2804/2928 2959/2835/2959 2960/2836/2960 2929/2805/2929
f 2929/2805/2929 2960/2836/2960 2961/2837/2961 2930/2806/2930
f 2930/2806/2930 2961/2837/2961 2962/2838/2962 2931/2807/2931
f 2931/2807/2931 2962/2838/2962 2963/2839/2963 2932/2808/2932
f 2932/2808/2932 2963/2839/2963 2964/2840/2964 2933/2809/2933
f 2933/2809/2933 2964/2840/2964 2965/2841/2965 2934/2810/2934
f 2934/2810/2934 2965/2841/2965 2966/2842/2966 2935/2811/2935
f 2935/2811/2935 2966/2842/2966 2967/2843/2967 2936/2812/2936
f 2936/2812/2936 2967/2843/2967 2968/2844/2968 2937/2813/2937
f 2937/2813/2937 2968/2844/2968 2969/2845/2969 2938/2814/2938
f 2938/2814/2938 2969/2845/2969 2970/2846/2970 2939/2815/2939
f 2939/2815/2939 2970/2846/2970 2971/2847/2971 2940/2816/2940
f 2940/2816/2940 2971/2847/2971 2972/2848/2972 2941/2817/2941
f 2941/2817/2941 2972/2848/2972 2973/2849/2973 2942/2818/2942
f 2942/2818/2942 2973/2849/2973 2974/2850/2974 2943/2819/2943
f 2943/2819/2943 2974/2850/2974 2975/2851/2975 2944/2820/2944
f 2944/2820/2944 2975/2851/2975 2976/2852/2976 2945/2821/2945
f 2945/2821/2945 2976/2852/2976 2977/2853/2977 2946/2822/2946
f 2946/2822/2946 2977/2853/2977 2978/2854/2978 2947/2823/2947
f 2947/2823/2947 2978/2854/2978 2979/2855/2979 2948/2824/2948
f 2948/2824/2948 2979/2855/2979 2980/2856/2980 2949/2825/2949
f 2949/2825/2949 2980/2856/2980 2981/2857/2981 2950/2826/2950
f 2950/2826/2950 2981/2857/2981 2982/2858/2982 2951/2827/2951
f 2951/2827/2951 2982/2858/2982 2983/2859/2983 2952/2828/2952
f 2952/2828/2952 2983/2859/2983 2984/2860/2984 2953/2829/2953
f 2954/2830/2954 2985/2861/2985 2986/2862/2986 2955/2831/2955
f 2955/2831/2955 2986/2862/2986 2987/2863/2987 2956/2832/2956
f 2956/2832/2956 2987/2863/2987 2988/2864/2988 2957/2833/2957
f 2957/2833/2957 2988/2864/2988 2989/2865/2989 2958/2834/2958
f 2958/2834/2958 2989/2865/2989 2990/2866/2990 2959/2835/2959
f 2959/2835/2959 2990/2866/2990 2991/2867/2991 2960/2836/2960
f 2960/2836/2960 2991/2867/2991 2992/2868/2992 2961/2837/2961
f 2961/2837/2961 2992/2868/2992 2993/2869/2993 2962/2838/2962
f 2962/2838/2962 2993/2869/2993 2994/2870/2994 2963/2839/2963
f 2963/2839/2963 2994/2870/2994 2995/2871/2995 2964/2840/2964
f 2964/2840/2964 2995/2871/2995 2996/2872/2996 2965/2841/2965
f 2965/2841/2965 2996/2872/2996 2997/2873/2997 2966/2842/2966
f 2966/2842/2966 2997/2873/2997 2998/2874/2998 2967/2843/2967
f 2967/2843/2967 2998/2874/2998 2999/2875/2999 2968/2844/2968
f 2968/2844/2968 2999/2875/2999 3000/2876/3000 2969/2845/2969
f 2969/2845/2969 3000/2876/3000 3001/2877/3001 2970/2846/2970
f 2970/2846/2970 3001/2877/3001 3002/2878/3002 2971/2847/2971
f 2971/2847/2971 3002/2878/3002 3003/2879/3003 2972/2848/2972
f 2972/2848/2972 3003/2879/3003 3004/2880/3004 2973/2849/2973
f 2973/2849/2973 3004/2880/3004 3005/2881/3005 2974/2850/2974
f 2974/2850/2974 3005/2881/3005 3006/2882/3006 2975/2851/2975
f 2975/2851/2975 3006/2882/3006 3007/2883/3007 2976/2852/2976
f 2976/2852/2976 3007/2883/3007 3008/2884/3008 2977/2853/2977
f 2977/2853/2977 3008/2884/3008 3009/2885/3009 2978/2854/2978
f 2978/2854/2978 3009/2885/3009 3010/2886/3010 2979/2855/2979
f 2979/2855/2979 3010/2886/3010 3011/2887/3011 2980/2856/2980
f 2980/2856/2980 3011/2887/3011 3012/2888/3012 2981/2857/2981
f 2981/2857/2981 3012/2888/3012 3013/2889/3013 2982/2858/2982
f 2982/2858/2982 3013/2889/3013 3014/2890/3014 2983/2859/2983
f 2983/2859/2983 3014/2890/3014 3015/2891/3015 2984/2860/2984
f 2985/2861/2985 3016/2892/3016 3017/2893/3017 2986/2862/2986
f 2986/2862/2986 3017/2893/3017 3018/2894/3018 2987/2863/2987
f 2987/2863/2987 3018/2894/3018 3019/2895/3019 2988/2864/2988
f 2988/2864/2988 3019/2895/3019 3020/2896/3020 2989/2865/2989
f 2989/2865/2989 3020/2896/3020 3021/2897/3021 2990/2866/2990
f 2990/2866/2990 3021/2897/3021 3022/2898/3022 2991/2867/2991
f 2991/2867/2991 3022/2898/3022 3023/2899/3023 2992/2868/2992
f 2992/2868/2992 3023/2899/3023 3024/2900/3024 2993/2869/2993
f 2993/2869/2993 3024/2900/3024 3025/2901/3025 2994/2870/2994
f 2994/2870/2994 3025/2901/3025 3026/2902/3026 2995/2871/2995
f 2995/2871/2995 3026/2902/3026 3027/2903/3027 2996/2872/2996
f 2996/2872/2996 3027/2903/3027 3028/2904/3028 2997/2873/2997
f 2997/2873/2997 3028/2904/3028 3029/2905/3029 2998/2874/2998
f 2998/2874/2998 3029/2905/3029 3030/2906/3030 2999/2875/2999
f 2999/2875/2999 3030/2906/3030 3031/2907/3031 3000/2876/3000
f 3000/2876/3000 3031/2907/3031 3032/2908/3032 3001/2877/3001
f 3001/2877/3001 3032/2908/3032 3033/2909/3033 3002/2878/3002
f 3002/2878/3002 3033/2909/3033 3034/2910/3034 3003/2879/3003
f 3003/2879/3003 3034/2910/3034 3035/2911/3035 3004/2880/3004
f 3004/2880/3004 3035/2911/3035 3036/2912/3036 3005/2881/3005
f 3005/2881/3005 3036/2912/3036 3037/2913/3037 3006/2882/3006
f 3006/2882/3006 3037/2913/3037 3038/2914/3038 3007/2883/3007
f 3007/2883/3007 3038/2914/3038 3039/2915/3039 3008/2884/3008
f 3008/2884/3008 3039/2915/3039 3040/2916/3040 3009/2885/3009
f 3009/2885/3009 3040/2916/3040 3041/2917/3041 3010/2886/3010
f 3010/2886/3010 3041/2917/3041 3042/2918/3042 3011/2887/3011
f 3011/2887/3011 3042/2918/3042 3043/2919/3043 3012/2888/3012
f 3012/2888/3012 3043/2919/3043 3044/2920/3044 3013/2889/3013
f 3013/2889/3013 3044/2920/3044 3045/2921/3045 3014/2890/3014
f 3014/2890/3014 3045/2921/3045 3046/2922/3046 3015/2891/3015
f 3016/2892/3016 3047/2923/3047 3048/2924/3048 3017/2893/3017
f 3017/2893/3017 3048/2924/3048 3049/2925/3049 3018/2894/3018
f 3018/2894/3018 3049/2925/3049 3050/2926/3050 3019/2895/3019
f 3019/2895/3019 3050/2926/3050 3051/2927/3051 3020/2896/3020
f 3020/2896/3020 3051/2927/3051 3052/2928/3052 3021/2897/3021
f 3021/2897/3021 3052/2928/3052 3053/2929/3053 3022/2898/3022
f 3022/2898/3022 3053/2929/3053 3054/2930/3054 3023/2899/3023
f 3023/2899/3023 3054/2930/3054 3055/2931/3055 3024/2900/3024
f 3024/2900/3024 3055/2931/3055 3056/2932/3056 3025/2901/3025
f 3025/2901/3025 3056/2932/3056 3057/2933/3057 3026/2902/3026
f 3026/2902/3026 3057/2933/3057 3058/2934/3058 3027/2903/3027
f 3027/2903/3027 3058/2934/3058 3059/2935/3059 3028/2904/3028
f 3028/2904/3028 3059/2935/3059 3060/2936/3060 3029/2905/3029
f 3029/2905/3029 3060/2936/3060 3061/2937/3061 3030/2906/3030
f 3030/2906/3030 3061/2937/3061 3062/2938/3062 3031/2907/3031
f 3031/2907/3031 3062/2938/3062 3063/2939/3063 3032/2908/3032
f 3032/2908/3032 3063/2939/3063 3064/2940/3064 3033/2909/3033
f 3033/2909/3033 3064/2940/3064 3065/2941/3065 3034/2910/3034
f 3034/2910/3034 3065/2941/3065 3066/2942/3066 3035/2911/3035
f 3035/2911/3035 3066/2942/3066 3067/2943/3067 3036/2912/3036
f 3036/2912/3036 3067/2943/3067 3068/2944/3068 3037/2913/3037
f 3037/2913/3037 3068/2944/3068 3069/2945/3069 3038/2914/3038
f 3038/2914/3038 3069/2945/3069 3070/2946/3070 3039/2915/3039
f 3039/2915/3039 3070/2946/3070 3071/2947/3071 3040/2916/3040
f 3040/2916/3040 3071/2947/3071 3072/2948/3072 3041/2917/3041
f 3041/2917/3041 3072/2948/3072 3073/2949/3073 3042/2918/3042
f 3042/2918/3042 3073/2949/3073 3074/2950/3074 3043/2919/3043
f 3043/2919/3043 3074/2950/3074 3075/2951/3075 3044/2920/3044
f 3044/2920/3044 3075/2951/3075 3076/2952/3076 3045/2921/3045
f 3045/2921/3045 3076/2952/3076 3077/2953/3077 3046/2922/3046
f 3047/2923/3047 3078/2954/3078 3079/2955/3079 3048/2924/3048
f 3048/2924/3048 3079/2955/3079 3080/2956/3080 3049/2925/3049
f 3049/2925/3049 3080/2956/3080 3081/2957/3081 3050/2926/3050
f 3050/2926/3050 3081/2957/3081 3082/2958/3082 3051/2927/3051
f 3051/2927/3051 3082/2958/3082 3083/2959/3083 3052/2928/3052
f 3052/2928/3052 3083/2959/3083 3084/2960/3084 3053/2929/3053
f 3053/2929/3053 3084/2960/3084 3085/2961/3085 3054/2930/3054
f 3054/2930/3054 3085/2961/3085 3086/2962/3086 3055/2931/3055
f 3055/2931/3055 3086/2962/3086 3087/2963/3087 3056/2932/3056
f 3056/2932/3056 3087/2963/3087 3088/2964/3088 3057/2933/3057
f 3057/2933/3057 3088/2964/3088 3089/2965/3089 3058/2934/3058
f 3058/2934/3058 3089/2965/3089 3090/2966/3090 3059/2935/3059
f 3059/2935/3059 3090/2966/3090 3091/2967/3091 3060/2936/3060
f 3060/2936/3060 3091/2967/3091 3092/2968/3092 3061/2937/3061
f 3061/2937/3061 3092/2968/3092 3093/2969/3093 3062/2938/3062
f 3062/2938/3062 3093/2969/3093 3094/2970/3094 3063/2939/3063
f 3063/2939/3063 3094/2970/3094 3095/2971/3095 3064/2940/3064
f 3064/2940/3064 3095/2971/3095 3096/2972/3096 3065/2941/3065
f 3065/2941/3065 3096/2972/3096 3097/2973/3097 3066/2942/3066
f 3066/2942/3066 3097/2973/3097 3098/2974/3098 3067/2943/3067
f 3067/2943/3067 3098/2974/3098 3099/2975/3099 3068/2944/3068
f 3068/2944/3068 3099/2975/3099 3100/2976/3100 3069/2945/3069
f 3069/2945/3069 3100/2976/3100 3101/2977/3101 3070/2946/3070
f 3070/2946/3070 3101/2977/3101 3102/2978/3102 3071/2947/3071
f 3071/2947/3071 3102/2978/3102 3103/2979/3103 3072/2948/3072
f 3072/2948/3072 3103/2979/3103 3104/2980/3104 3073/2949/3073
f 3073/2949/3073 3104/2980/3104 3105/2981/3105 3074/2950/3074
f 3074/2950/3074 3105/2981/3105 3106/2982/3106 3075/2951/3075
f 3075/2951/3075 3106/2982/3106 3107/2983/3107 3076/2952/3076
f 3076/2952/3076 3107/2983/3107 3108/2984/3108 3077/2953/3077
f 3078/2954/3078 3109/2985/3109 3110/2986/3110 3079/2955/3079
f 3079/2955/3079 3110/2986/3110 3111/2987/3111 3080/2956/3080
f 3080/2956/3080 3111/2987/3111 3112/2988/3112 3081/2957/3081
f 3081/2957/3081 3112/2988/3112 3113/2989/3113 3082/2958/3082
f 3082/2958/3082 3113/2989/3113 3114/2990/3114 3083/2959/3083
f 3083/2959/3083 3114/2990/3114 3115/2991/3115 3084/2960/3084
f 3084/2960/3084 3115/2991/3115 3116/2992/3116 3085/2961/3085
f 3085/2961/3085 3116/2992/3116 3117/2993/3117 3086/2962/3086
f 3086/2962/3086 3117/2993/3117 3118/2994/3118 3087/2963/3087
f 3087/2963/3087 3118/2994/3118 3119/2995/3119 3088/2964/3088
f 3088/2964/3088 3119/2995/3119 3120/2996/3120 3089/2965/3089
f 3089/2965/3089 3120/2996/3120 3121/2997/3121 3090/2966/3090
f 3090/2966/3090 3121/2997/3121 3122/2998/3122 3091/2967/3091
f 3091/2967/3091 3122/2998/3122 3123/2999/3123 3092/2968/3092
f 3092/2968/3092 3123/2999/3123 3124/3000/3124 3093/2969/3093
f 3093/2969/3093 3124/3000/3124 3125/3001/3125 3094/2970/3094
f 3094/2970/3094 3125/3001/3125 3126/3002/3126 3095/2971/3095
f 3095/2971/3095 3126/3002/3126 3127/3003/3127 3096/2972/3096
f 3096/2972/3096 3127/3003/3127 3128/3004/3128 3097/2973/3097
f 3097/2973/3097 3128/3004/3128 3129/3005/3129 3098/2974/3098
f 3098/2974/3098 3129/3005/3129 3130/3006/3130 3099/2975/3099
f 3099/2975/3099 3130/3006/3130 3131/3007/3131 3100/2976/3100
f 3100/2976/3100 3131/3007/3131 3132/3008/3132 3101/2977/3101
f 3101/2977/3101 3132/3008/3132 3133/3009/3133 3102/2978/3102
f 3102/2978/3102 3133/3009/3133 3134/3010/3134 3103/2979/3103
f 3103/2979/3103 3134/3010/3134 3135/3011/3135 3104/2980/3104
f 3104/2980/3104 3135/3011/3135 3136/3012/3136 3105/2981/3105
f 3105/2981/3105 3136/3012/3136 3137/3013/3137 3106/2982/3106
f 3106/2982/3106 3137/3013/3137 3138/3014/3138 3107/2983/3107
f 3107/2983/3107 3138/3014/3138 3139/3015/3139 3108/2984/3108
f 3109/2985/3109 3140/3016/3140 3141/3017/3141 3110/2986/3110
f 3110/2986/3110 3141/3017/3141 3142/3018/3142 3111/2987/3111
f 3111/2987/3111 3142/3018/3142 3143/3019/3143 3112/2988/3112
f 3112/2988/3112 3143/3019/3143 3144/3020/3144 3113/2989/3113
f 3113/2989/3113 3144/3020/3144 3145/3021/3145 3114/2990/3114
f 3114/2990/3114 3145/3021/3145 3146/3022/3146 3115/2991/3115
f 3115/2991/3115 3146/3022/3146 3147/3023/3147 3116/2992/3116
f 3116/2992/3116 3147/3023/3147 3148/3024/3148 3117/2993/3117
f 3117/2993/3117 3148/3024/3148 3149/3025/3149 3118/2994/3118
f 3118/2994/3118 3149/3025/3149 3150/3026/3150 3119/2995/3119
f 3119/2995/3119 3150/3026/3150 3151/3027/3151 3120/2996/3120
f 3120/2996/3120 3151/3027/3151 3152/3028/3152 3121/2997/3121
f 3121/2997/3121 3152/3028/3152 3153/3029/3153 3122/2998/3122
f 3122/2998/3122 3153/3029/3153 3154/3030/3154 3123/2999/3123
f 3123/2999/3123 3154/3030/3154 3155/3031/3155 3124/3000/3124
f 3124/3000/3124 3155/3031/3155 3156/3032/3156 3125/3001/3125
f 3125/3001/3125 3156/3032/3156 3157/3033/3157 3126/3002/3126
f 3126/3002/3126 3157/3033/3157 3158/3034/3158 3127/3003/3127
f 3127/3003/3127 3158/3034/3158 3159/3035/3159 3128/3004/3128
f 3128/3004/3128 3159/3035/3159 3160/3036/3160 3129/3005/3129
f 3129/3005/3129 3160/3036/3160 3161/3037/3161 3130/3006/3130
f 3130/3006/3130 3161/3037/3161 3162/3038/3162 3131/3007/3131
f 3131/3007/3131 3162/3038/3162 3163/3039/3163 3132/3008/3132
f 3132/3008/3132 3163/3039/3163 3164/3040/3164 3133/3009/3133
f 3133/3009/3133 3164/3040/3164 3165/3041/3165 3134/3010/3134
f 3134/3010/3134 3165/3041/3165 3166/3042/3166 3135/3011/3135
f 3135/3011/3135 3166/3042/3166 3167/3043/3167 3136/3012/3136
f 3136/3012/3136 3167/3043/3167 3168/3044/3168 3137/3013/3137
f 3137/3013/3137 3168/3044/3168 3169/3045/3169 3138/3014/3138
f 3138/3014/3138 3169/3045/3169 3170/3046/3170 3139/3015/3139
f 3140/3016/3140 3171/3047/3171 3172/3048/3172 3141/3017/3141
f 3141/3017/3141 3172/3048/3172 3173/3049/3173 3142/3018/3142
f 3142/3018/3142 3173/3049/3173 3174/3050/3174 3143/3019/3143
f 3143/3019/3143 3174/3050/3174 3175/3051/3175 3144/3020/3144
f 3144/3020/3144 3175/3051/3175 3176/3052/3176 3145/3021/3145
f 3145/3021/3145 3176/3052/3176 3177/3053/3177 3146/3022/3146
f 3146/3022/3146 3177/3053/3177 3178/3054/3178 3147/3023/3147
f 3147/3023/3147 3178/3054/3178 3179/3055/3179 3148/3024/3148
f 3148/3024/3148 3179/3055/3179 3180/3056/3180 3149/3025/3149
f 3149/3025/3149 3180/3056/3180 3181/3057/3181 3150/3026/3150
f 3150/3026/3150 3181/3057/3181 3182/3058/3182 3151/3027/3151
f 3151/3027/3151 3182/3058/3182 3183/3059/3183 3152/3028/3152
f 3152/3028/3152 3183/3059/3183 3184/3060/3184 3153/3029/3153
f 3153/3029/3153 3184/3060/3184 3185/3061/3185 3154/3030/3154
f 3154/3030/3154 3185/3061/3185 3186/3062/3186 3155/3031/3155
f 3155/3031/3155 3186/3062/3186 3187/3063/3187 3156/3032/3156
f 3156/3032/3156 3187/3063/3187 3188/3064/3188 3157/3033/3157
f 3157/3033/3157 3188/3064/3188 3189/3065/3189 3158/3034/3158
f 3158/3034/3158 3189/3065/3189 3190/3066/3190 3159/3035/3159
f 3159/3035/3159 3190/3066/3190 3191/3067/3191 3160/3036/3160
f 3160/3036/3160 3191/3067/3191 3192/3068/3192 3161/3037/3161
f 3161/3037/3161 3192/3068/3192 3193/3069/3193 3162/3038/3162
f 3162/3038/3162 3193/3069/3193 3194/3070/3194 3163/3039/3163
f 3163/3039/3163 3194/3070/3194 3195/3071/3195 3164/3040/3164
f 3164/3040/3164 3195/3071/3195 3196/3072/3196 3165/3041/3165
f 3165/3041/3165 3196/3072/3196 3197/3073/3197 3166/3042/3166
f 3166/3042/3166 3197/3073/3197 3198/3074/3198 3167/3043/3167
f 3167/3043/3167 3198/3074/3198 3199/3075/3199 3168/3044/3168
f 3168/3044/3168 3199/3075/3199 3200/3076/3200 3169/3045/3169
f 3169/3045/3169 3200/3076/3200 3201/3077/3201 3170/3046/3170
f 3171/3047/3171 3202/3078/3202 3203/3079/3203 3172/3048/3172
f 3172/3048/3172 3203/3079/3203 3204/3080/3204 3173/3049/3173
f 3173/3049/3173 3204/3080/3204 3205/3081/3205 3174/3050/3174
f 3174/3050/3174 3205/3081/3205 3206/3082/3206 3175/3051/3175
f 3175/3051/3175 3206/3082/3206 3207/3083/3207 3176/3052/3176
f 3176/3052/3176 3207/3083/3207 3208/3084/3208 3177/3053/3177
f 3177/3053/3177 3208/3084/3208 3209/3085/3209 3178/3054/3178
f 3178/3054/3178 3209/3085/3209 3210/3086/3210 3179/3055/3179
f 3179/3055/3179 3210/3086/3210 3211/3087/3211 3180/3056/3180
f 3180/3056/3180 3211/3087/3211 3212/3088/3212 3181/3057/3181
f 3181/3057/3181 3212/3088/3212 3213/3089/3213 3182/3058/3182
f 3182/3058/3182 3213/3089/3213 3214/3090/3214 3183/3059/3183
f 3183/3059/3183 3214/3090/3214 3215/3091/3215 3184/3060/3184
f 3184/3060/3184 3215/3091/3215 3216/3092/3216 3185/3061/3185
f 3185/3061/3185 3216/3092/3216 3217/3093/3217 3186/3062/3186
f 3186/3062/3186 3217/3093/3217 3218/3094/3218 3187/3063/3187
f 3187/3063/3187 3218/3094/3218 3219/3095/3219 3188/3064/3188
f 3188/3064/3188 3219/3095/3219 3220/3096/3220 3189/3065/3189
f 3189/3065/3189 3220/3096/3220 3221/3097/3221 3190/3066/3190
f 3190/3066/3190 3221/3097/3221 3222/3098/3222 3191/3067/3191
f 3191/3067/3191 3222/3098/3222 3223/3099/3223 3192/3068/3192
f 3192/3068/3192 3223/3099/3223 3224/3100/3224 3193/3069/3193
f 3193/3069/3193 3224/3100/3224 3225/3101/3225 3194/3070/3194
f 3194/3070/3194 3225/3101/3225 3226/3102/3226 3195/3071/3195
f 3195/3071/3195 3226/3102/3226 3227/3103/3227 3196/3072/3196
f 3196/3072/3196 3227/3103/3227 3228/3104/3228 3197/3073/3197
f 3197/3073/3197 3228/3104/3228 3229/3105/3229 3198/3074/3198
f 3198/3074/3198 3229/3105/3229 3230/3106/3230 3199/3075/3199
f 3199/3075/3199 3230/3106/3230 3231/3107/3231 3200/3076/3200
f 3200/3076/3200 3231/3107/3231 3232/3108/3232 3201/3077/3201
f 3202/3078/3202 3233/3109/3233 3234/3110/3234 3203/3079/3203
f 3203/3079/3203 3234/3110/3234 3235/3111/3235 3204/3080/3204
f 3204/3080/3204 3235/3111/3235 3236/3112/3236 3205/3081/3205
f 3205/3081/3205 3236/3112/3236 3237/3113/3237 3206/3082/3206
f 3206/3082/3206 3237/3113/3237 3238/3114/3238 3207/3083/3207
f 3207/3083/3207 3238/3114/3238 3239/3115/3239 3208/3084/3208
f 3208/3084/3208 3239/3115/3239 3240/3116/3240 3209/3085/3209
f 3209/3085/3209 3240/3116/3240 3241/3117/3241 3210/3086/3210
f 3210/3086/3210 3241/3117/3241 3242/3118/3242 3211/3087/3211
f 3211/3087/3211 3242/3118/3242 3243/3119/3243 3212/3088/3212
f 3212/3088/3212 3243/3119/3243 3244/3120/3244 3213/3089/3213
f 3213/3089/3213 3244/3120/3244 3245/3121/3245 3214/3090/3214
f 3214/3090/3214 3245/3121/3245 3246/3122/3246 3215/3091/3215
f 3215/3091/3215 3246/3122/3246 3247/3123/3247 3216/3092/3216
f 3216/3092/3216 3247/3123/3247 3248/3124/3248 3217/3093/3217
f 3217/3093/3217 3248/3124/3248 3249/3125/3249 3218/3094/3218
f 3218/3094/3218 3249/3125/3249 3250/3126/3250 3219/3095/3219
f 3219/3095/3219 3250/3126/3250 3251/3127/3251 3220/3096/3220
f 3220/3096/3220 3251/3127/3251 3252/3128/3252 3221/3097/3221
f 3221/3097/3221 3252/3128/3252 3253/3129/3253 3222/3098/3222
f 3222/3098/3222 3253/3129/3253 3254/3130/3254 3223/3099/3223
f 3223/3099/3223 3254/3130/3254 3255/3131/3255 3224/3100/3224
f 3224/3100/3224 3255/3131/3255 3256/3132/3256 3225/3101/3225
f 3225/3101/3225 3256/3132/3256 3257/3133/3257 3226/3102/3226
f 3226/3102/3226 3257/3133/3257 3258/3134/3258 3227/3103/3227
f 3227/3103/3227 3258/3134/3258 3259/3135/3259 3228/3104/3228
f 3228/3104/3228 3259/3135/3259 3260/3136/3260 3229/3105/3229
f 3229/3105/3229 3260/3136/3260 3261/3137/3261 3230/3106/3230
f 3230/3106/3230 3261/3137/3261 3262/3138/3262 3231/3107/3231
f 3231/3107/3231 3262/3138/3262 3263/3139/3263 3232/3108/3232
f 6/2051/6 257/3140/257 2303/2179/2303 9/2052/9
f 9/2052/9 2303/2179/2303 2304/2182/2304 10/2178/10
f 10/2178/10 2304/2182/2304 2305/2184/2305 11/2177/11
f 11/2177/11 2305/2184/2305 2306/2186/2306 12/2176/12
f 12/2176/12 2306/2186/2306 2307/2188/2307 13/2175/13
f 13/2175/13 2307/2188/2307 2308/2190/2308 14/2174/14
f 14/2174/14 2308/2190/2308 2309/2192/2309 15/2173/15
f 15/2173/15 2309/2192/2309 2310/2194/2310 16/2172/16
f 16/2172/16 2310/2194/2310 2311/2196/2311 17/2171/17
f 17/2171/17 2311/2196/2311 2312/2198/2312 18/2170/18
f 18/2170/18 2312/2198/2312 2313/2200/2313 19/2169/19
f 19/2169/19 2313/2200/2313 2314/2202/2314 20/2168/20
f 20/2168/20 2314/2202/2314 2315/2204/2315 21/2167/21
f 21/2167/21 2315/2204/2315 2316/2206/2316 22/2166/22
f 22/2166/22 2316/2206/2316 2317/2208/2317 23/2165/23
f 23/2165/23 2317/2208/2317 2318/2210/2318 24/2164/24
f 24/2164/24 2318/2210/2318 2319/2212/2319 25/2163/25
f 25/2163/25 2319/2212/2319 2320/2214/2320 26/2162/26
f 26/2162/26 2320/2214/2320 2321/2216/2321 27/2161/27
f 27/2161/27 2321/2216/2321 2322/2218/2322 28/2160/28
f 28/2160/28 2322/2218/2322 2323/2220/2323 29/2159/29
f 29/2159/29 2323/2220/2323 2324/2222/2324 30/2158/30
f 30/2158/30 2324/2222/2324 2325/2224/2325 31/2157/31
f 31/2157/31 2325/2224/2325 2326/2226/2326 32/2156/32
f 32/2156/32 2326/2226/2326 2327/2228/2327 33/2155/33
f 33/2155/33 2327/2228/2327 2328/2230/2328 34/2154/34
f 34/2154/34 2328/2230/2328 2329/2232/2329 35/2153/35
f 35/2153/35 2329/2232/2329 2330/2234/2330 36/2152/36
f 36/2152/36 2330/2234/2330 2331/2236/2331 37/2151/37
f 37/2151/37 2331/2236/2331 2332/2238/2332 38/2150/38
f 38/2150/38 2332/2238/2332 2333/2240/2333 39/2148/39
f 39/2148/39 2333/2240/2333 288/3141/288 8/2149/8
f 2333/2240/2333 2364/2239/2364 289/3142/289 288/3141/288
f 2364/2239/2364 2395/2271/2395 290/3143/290 289/3142/289
f 2395/2271/2395 2426/2302/2426 291/3144/291 290/3143/290
f 2426/2302/2426 2457/2333/2457 292/3145/292 291/3144/291
f 2457/2333/2457 2488/2364/2488 293/3146/293 292/3145/292
f 2488/2364/2488 2519/2395/2519 294/3147/294 293/3146/293
f 2519/2395/2519 2550/2426/2550 295/3148/295 294/3147/294
f 2550/2426/2550 2581/2457/2581 296/3149/296 295/3148/295
f 2581/2457/2581 2612/2488/2612 297/3150/297 296/3149/296
f 2612/2488/2612 2643/2519/2643 298/3151/298 297/3150/297
f 2643/2519/2643 2674/2550/2674 299/3152/299 298/3151/298
f 2674/2550/2674 2705/2581/2705 300/3153/300 299/3152/299
f 2705/2581/2705 2736/2612/2736 301/3154/301 300/3153/300
f 2736/2612/2736 2767/2643/2767 302/3155/302 301/3154/301
f 2767/2643/2767 2798/2674/2798 303/3156/303 302/3155/302
f 2798/2674/2798 2829/2705/2829 304/3157/304 303/3156/303
f 2829/2705/2829 2860/2736/2860 305/3158/305 304/3157/304
f 2860/2736/2860 2891/2767/2891 306/3159/306 305/3158/305
f 2891/2767/2891 2922/2798/2922 307/3160/307 306/3159/306
f 2922/2798/2922 2953/2829/2953 308/3161/308 307/3160/307
f 2953/2829/2953 2984/2860/2984 309/3162/309 308/3161/308
f 2984/2860/2984 3015/2891/3015 310/3163/310 309/3162/309
f 3015/2891/3015 3046/2922/3046 311/3164/311 310/3163/310
f 3046/2922/3046 3077/2953/3077 312/3165/312 311/3164/311
f 3077/2953/3077 3108/2984/3108 313/3166/313 312/3165/312
f 3108/2984/3108 3139/3015/3139 314/3167/314 313/3166/313
f 3139/3015/3139 3170/3046/3170 315/3168/315 314/3167/314
f 3170/3046/3170 3201/3077/3201 316/3169/316 315/3168/315
f 3201/3077/3201 3232/3108/3232 317/3170/317 316/3169/316
f 3232/3108/3232 3263/3139/3263 318/3171/318 317/3170/317
f 3263/3139/3263 164/1026/164 7/1028/7 318/3171/318
f 3262/3138/3262 165/1025/165 164/1026/164 3263/3139/3263
f 3261/3137/3261 166/1024/166 165/1025/165 3262/3138/3262
f 3260/3136/3260 167/1023/167 166/1024/166 3261/3137/3261
f 3259/3135/3259 168/1022/168 167/1023/167 3260/3136/3260
f 3258/3134/3258 169/1021/169 168/1022/168 3259/3135/3259
f 3257/3133/3257 170/1020/170 169/1021/169 3258/3134/3258
f 3256/3132/3256 171/1019/171 170/1020/170 3257/3133/3257
f 3255/3131/3255 172/1018/172 171/1019/171 3256/3132/3256
f 3254/3130/3254 173/1017/173 172/1018/172 3255/3131/3255
f 3253/3129/3253 174/1016/174 173/1017/173 3254/3130/3254
f 3252/3128/3252 175/1015/175 174/1016/174 3253/3129/3253
f 3251/3127/3251 176/1014/176 175/1015/175 3252/3128/3252
f 3250/3126/3250 177/1013/177 176/1014/176 3251/3127/3251
f 3249/3125/3249 178/1012/178 177/1013/177 3250/3126/3250
f 3248/3124/3248 179/1011/179 178/1012/178 3249/3125/3249
f 3247/3123/3247 180/1010/180 179/1011/179 3248/3124/3248
f 3246/3122/3246 181/1009/181 180/1010/180 3247/3123/3247
f 3245/3121/3245 182/1008/182 181/1009/181 3246/3122/3246
f 3244/3120/3244 183/1007/183 182/1008/182 3245/3121/3245
f 3243/3119/3243 184/1006/184 183/1007/183 3244/3120/3244
f 3242/3118/3242 185/1005/185 184/1006/184 3243/3119/3243
f 3241/3117/3241 186/1004/186 185/1005/185 3242/3118/3242
f 3240/3116/3240 187/1003/187 186/1004/186 3241/3117/3241
f 3239/3115/3239 188/1002/188 187/1003/187 3240/3116/3240
f 3238/3114/3238 189/1001/189 188/1002/188 3239/3115/3239
f 3237/3113/3237 190/1000/190 189/1001/189 3238/3114/3238
f 3236/3112/3236 191/999/191 190/1000/190 3237/3113/3237
f 3235/3111/3235 192/998/192 191/999/191 3236/3112/3236
f 3234/3110/3234 193/997/193 192/998/192 3235/3111/3235
f 3233/3109/3233 194/995/194 193/997/193 3234/3110/3234
f 287/3172/287 5/996/5 194/995/194 3233/3109/3233
f 286/3173/286 287/3172/287 3233/3109/3233 3202/3078/3202
f 285/3174/285 286/3173/286 3202/3078/3202 3171/3047/3171
f 284/3175/284 285/3174/285 3171/3047/3171 3140/3016/3140
f 283/3176/283 284/3175/284 3140/3016/3140 3109/2985/3109
f 282/3177/282 283/3176/283 3109/2985/3109 3078/2954/3078
f 281/3178/281 282/3177/282 3078/2954/3078 3047/2923/3047
f 280/3179/280 281/3178/281 3047/2923/3047 3016/2892/3016
f 279/3180/279 280/3179/280 3016/2892/3016 2985/2861/2985
f 278/3181/278 279/3180/279 2985/2861/2985 2954/2830/2954
f 277/3182/277 278/3181/278 2954/2830/2954 2923/2799/2923
f 276/3183/276 277/3182/277 2923/2799/2923 2892/2768/2892
f 275/3184/275 276/3183/276 2892/2768/2892 2861/2737/2861
f 274/3185/274 275/3184/275 2861/2737/2861 2830/2706/2830
f 273/3186/273 274/3185/274 2830/2706/2830 2799/2675/2799
f 272/3187/272 273/3186/273 2799/2675/2799 2768/2644/2768
f 271/3188/271 272/3187/272 2768/2644/2768 2737/2613/2737
f 270/3189/270 271/3188/271 2737/2613/2737 2706/2582/2706
f 269/3190/269 270/3189/270 2706/2582/2706 2675/2551/2675
f 268/3191/268 269/3190/269 2675/2551/2675 2644/2520/2644
f 267/3192/267 268/3191/268 2644/2520/2644 2613/2489/2613
f 266/3193/266 267/3192/267 2613/2489/2613 2582/2458/2582
f 265/3194/265 266/3193/266 2582/2458/2582 2551/2427/2551
f 264/3195/264 265/3194/265 2551/2427/2551 2520/2396/2520
f 263/3196/263 264/3195/264 2520/2396/2520 2489/2365/2489
f 262/3197/262 263/3196/263 2489/2365/2489 2458/2334/2458
f 261/3198/261 262/3197/262 2458/2334/2458 2427/2303/2427
f 260/3199/260 261/3198/261 2427/2303/2427 2396/2272/2396
f 259/3200/259 260/3199/260 2396/2272/2396 2365/2241/2365
f 258/3201/258 259/3200/259 2365/2241/2365 2334/2180/2334
f 257/3140/257 258/3201/258 2334/2180/2334 2303/2179/2303
f 3264/3202/3264 3295/3203/3295 3296/3204/3296 3265/3205/3265
f 3265/3205/3265 3296/3204/3296 3297/3206/3297 3266/3207/3266
f 3266/3207/3266 3297/3206/3297 3298/3208/3298 3267/3209/3267
f 3267/3209/3267 3298/3208/3298 3299/3210/3299 3268/3211/3268
f 3268/3211/3268 3299/3210/3299 3300/3212/3300 3269/3213/3269
f 3269/3213/3269 3300/3212/3300 3301/3214/3301 3270/3215/3270
f 3270/3215/3270 3301/3214/3301 3302/3216/3302 3271/3217/3271
f 3271/3217/3271 3302/3216/3302 3303/3218/3303 3272/3219/3272
f 3272/3219/3272 3303/3218/3303 3304/3220/3304 3273/3221/3273
f 3273/3221/3273 3304/3220/3304 3305/3222/3305 3274/3223/3274
f 3274/3223/3274 3305/3222/3305 3306/3224/3306 3275/3225/3275
f 3275/3225/3275 3306/3224/3306 3307/3226/3307 3276/3227/3276
f 3276/3227/3276 3307/3226/3307 3308/3228/3308 3277/3229/3277
f 3277/3229/3277 3308/3228/3308 3309/3230/3309 3278/3231/3278
f 3278/3231/3278 3309/3230/3309 3310/3232/3310 3279/3233/3279
f 3279/3233/3279 3310/3232/3310 3311/3234/3311 3280/3235/3280
f 3280/3235/3280 3311/3234/3311 3312/3236/3312 3281/3237/3281
f 3281/3237/3281 3312/3236/3312 3313/3238/3313 3282/3239/3282
f 3282/3239/3282 3313/3238/3313 3314/3240/3314 3283/3241/3283
f 3283/3241/3283 3314/3240/3314 3315/3242/3315 3284/3243/3284
f 3284/3243/3284 3315/3242/3315 3316/3244/3316 3285/3245/3285
f 3285/3245/3285 3316/3244/3316 3317/3246/3317 3286/3247/3286
f 3286/3247/3286 3317/3246/3317 3318/3248/3318 3287/3249/3287
f 3287/3249/3287 3318/3248/3318 3319/3250/3319 3288/3251/3288
f 3288/3251/3288 3319/3250/3319 3320/3252/3320 3289/3253/3289
f 3289/3253/3289 3320/3252/3320 3321/3254/3321 3290/3255/3290
f 3290/3255/3290 3321/3254/3321 3322/3256/3322 3291/3257/3291
f 3291/3257/3291 3322/3256/3322 3323/3258/3323 3292/3259/3292
f 3292/3259/3292 3323/3258/3323 3324/3260/3324 3293/3261/3293
f 3293/3261/3293 3324/3260/3324 3325/3262/3325 3294/3263/3294
f 3295/3203/3295 3326/3264/3326 3327/3265/3327 3296/3204/3296
f 3296/3204/3296 3327/3265/3327 3328/3266/3328 3297/3206/3297
f 3297/3206/3297 3328/3266/3328 3329/3267/3329 3298/3208/3298
f 3298/3208/3298 3329/3267/3329 3330/3268/3330 3299/3210/3299
f 3299/3210/3299 3330/3268/3330 3331/3269/3331 3300/3212/3300
f 3300/3212/3300 3331/3269/3331 3332/3270/3332 3301/3214/3301
f 3301/3214/3301 3332/3270/3332 3333/3271/3333 3302/3216/3302
f 3302/3216/3302 3333/3271/3333 3334/3272/3334 3303/3218/3303
f 3303/3218/3303 3334/3272/3334 3335/3273/3335 3304/3220/3304
f 3304/3220/3304 3335/3273/3335 3336/3274/3336 3305/3222/3305
f 3305/3222/3305 3336/3274/3336 3337/3275/3337 3306/3224/3306
f 3306/3224/3306 3337/3275/3337 3338/3276/3338 3307/3226/3307
f 3307/3226/3307 3338/3276/3338 3339/3277/3339 3308/3228/3308
f 3308/3228/3308 3339/3277/3339 3340/3278/3340 3309/3230/3309
f 3309/3230/3309 3340/3278/3340 3341/3279/3341 3310/3232/3310
f 3310/3232/3310 3341/3279/3341 3342/3280/3342 3311/3234/3311
f 3311/3234/3311 3342/3280/3342 3343/3281/3343 3312/3236/3312
f 3312/3236/3312 3343/3281/3343 3344/3282/3344 3313/3238/3313
f 3313/3238/3313 3344/3282/3344 3345/3283/3345 3314/3240/3314
f 3314/3240/3314 3345/3283/3345 3346/3284/3346 3315/3242/3315
f 3315/3242/3315 3346/3284/3346 3347/3285/3347 3316/3244/3316
f 3316/3244/3316 3347/3285/3347 3348/3286/3348 3317/3246/3317
f 3317/3246/3317 3348/3286/3348 3349/3287/3349 3318/3248/3318
f 3318/3248/3318 3349/3287/3349 3350/3288/3350 3319/3250/3319
f 3319/3250/3319 3350/3288/3350 3351/3289/3351 3320/3252/3320
f 3320/3252/3320 3351/3289/3351 3352/3290/3352 3321/3254/3321
f 3321/3254/3321 3352/3290/3352 3353/3291/3353 3322/3256/3322
f 3322/3256/3322 3353/3291/3353 3354/3292/3354 3323/3258/3323
f 3323/3258/3323 3354/3292/3354 3355/3293/3355 3324/3260/3324
f 3324/3260/3324 3355/3293/3355 3356/3294/3356 3325/3262/3325
f 3326/3264/3326 3357/3295/3357 3358/3296/3358 3327/3265/3327
f 3327/3265/3327 3358/3296/3358 3359/3297/3359 3328/3266/3328
f 3328/3266/3328 3359/3297/3359 3360/3298/3360 3329/3267/3329
f 3329/3267/3329 3360/3298/3360 3361/3299/3361 3330/3268/3330
f 3330/3268/3330 3361/3299/3361 3362/3300/3362 3331/3269/3331
f 3331/3269/3331 3362/3300/3362 3363/3301/3363 3332/3270/3332
f 3332/3270/3332 3363/3301/3363 3364/3302/3364 3333/3271/3333
f 3333/3271/3333 3364/3302/3364 3365/3303/3365 3334/3272/3334
f 3334/3272/3334 3365/3303/3365 3366/3304/3366 3335/3273/3335
f 3335/3273/3335 3366/3304/3366 3367/3305/3367 3336/3274/3336
f 3336/3274/3336 3367/3305/3367 3368/3306/3368 3337/3275/3337
f 3337/3275/3337 3368/3306/3368 3369/3307/3369 3338/3276/3338
f 3338/3276/3338 3369/3307/3369 3370/3308/3370 3339/3277/3339
f 3339/3277/3339 3370/3308/3370 3371/3309/3371 3340/3278/3340
f 3340/3278/3340 3371/3309/3371 3372/3310/3372 3341/3279/3341
f 3341/3279/3341 3372/3310/3372 3373/3311/3373 3342/3280/3342
f 3342/3280/3342 3373/3311/3373 3374/3312/3374 3343/3281/3343
f 3343/3281/3343 3374/3312/3374 3375/3313/3375 3344/3282/3344
f 3344/3282/3344 3375/3313/3375 3376/3314/3376 3345/3283/3345
f 3345/3283/3345 3376/3314/3376 3377/3315/3377 3346/3284/3346
f 3346/3284/3346 3377/3315/3377 3378/3316/3378 3347/3285/3347
f 3347/3285/3347 3378/3316/3378 3379/3317/3379 3348/3286/3348
f 3348/3286/3348 3379/3317/3379 3380/3318/3380 3349/3287/3349
f 3349/3287/3349 3380/3318/3380 3381/3319/3381 3350/3288/3350
f 3350/3288/3350 3381/3319/3381 3382/3320/3382 3351/3289/3351
f 3351/3289/3351 3382/3320/3382 3383/3321/3383 3352/3290/3352
f 3352/3290/3352 3383/3321/3383 3384/3322/3384 3353/3291/3353
f 3353/3291/3353 3384/3322/3384 3385/3323/3385 3354/3292/3354
f 3354/3292/3354 3385/3323/3385 3386/3324/3386 3355/3293/3355
f 3355/3293/3355 3386/3324/3386 3387/3325/3387 3356/3294/3356
f 3357/3295/3357 3388/3326/3388 3389/3327/3389 3358/3296/3358
f 3358/3296/3358 3389/3327/3389 3390/3328/3390 3359/3297/3359
f 3359/3297/3359 3390/3328/3390 3391/3329/3391 3360/3298/3360
f 3360/3298/3360 3391/3329/3391 3392/3330/3392 3361/3299/3361
f 3361/3299/3361 3392/3330/3392 3393/3331/3393 3362/3300/3362
f 3362/3300/3362 3393/3331/3393 3394/3332/3394 3363/3301/3363
f 3363/3301/3363 3394/3332/3394 3395/3333/3395 3364/3302/3364
f 3364/3302/3364 3395/3333/3395 3396/3334/3396 3365/3303/3365
f 3365/3303/3365 3396/3334/3396 3397/3335/3397 3366/3304/3366
f 3366/3304/3366 3397/3335/3397 3398/3336/3398 3367/3305/3367
f 3367/3305/3367 3398/3336/3398 3399/3337/3399 3368/3306/3368
f 3368/3306/3368 3399/3337/3399 3400/3338/3400 3369/3307/3369
f 3369/3307/3369 3400/3338/3400 3401/3339/3401 3370/3308/3370
f 3370/3308/3370 3401/3339/3401 3402/3340/3402 3371/3309/3371
f 3371/3309/3371 3402/3340/3402 3403/3341/3403 3372/3310/3372
f 3372/3310/3372 3403/3341/3403 3404/3342/3404 3373/3311/3373
f 3373/3311/3373 3404/3342/3404 3405/3343/3405 3374/3312/3374
f 3374/3312/3374 3405/3343/3405 3406/3344/3406 3375/3313/3375
f 3375/3313/3375 3406/3344/3406 3407/3345/3407 3376/3314/3376
f 3376/3314/3376 3407/3345/3407 3408/3346/3408 3377/3315/3377
f 3377/3315/3377 3408/3346/3408 3409/3347/3409 3378/3316/3378
f 3378/3316/3378 3409/3347/3409 3410/3348/3410 3379/3317/3379
f 3379/3317/3379 3410/3348/3410 3411/3349/3411 3380/3318/3380
f 3380/3318/3380 3411/3349/3411 3412/3350/3412 3381/3319/3381
f 3381/3319/3381 3412/3350/3412 3413/3351/3413 3382/3320/3382
f 3382/3320/3382 3413/3351/3413 3414/3352/3414 3383/3321/3383
f 3383/3321/3383 3414/3352/3414 3415/3353/3415 3384/3322/3384
f 3384/3322/3384 3415/3353/3415 3416/3354/3416 3385/3323/3385
f 3385/3323/3385 3416/3354/3416 3417/3355/3417 3386/3324/3386
f 3386/3324/3386 3417/3355/3417 3418/3356/3418 3387/3325/3387
f 3388/3326/3388 3419/3357/3419 3420/3358/3420 3389/3327/3389
f 3389/3327/3389 3420/3358/3420 3421/3359/3421 3390/3328/3390
f 3390/3328/3390 3421/3359/3421 3422/3360/3422 3391/3329/3391
f 3391/3329/3391 3422/3360/3422 3423/3361/3423 3392/3330/3392
f 3392/3330/3392 3423/3361/3423 3424/3362/3424 3393/3331/3393
f 3393/3331/3393 3424/3362/3424 3425/3363/3425 3394/3332/3394
f 3394/3332/3394 3425/3363/3425 3426/3364/3426 3395/3333/3395
f 3395/3333/3395 3426/3364/3426 3427/3365/3427 3396/3334/3396
f 3396/3334/3396 3427/3365/3427 3428/3366/3428 3397/3335/3397
f 3397/3335/3397 3428/3366/3428 3429/3367/3429 3398/3336/3398
f 3398/3336/3398 3429/3367/3429 3430/3368/3430 3399/3337/3399
f 3399/3337/3399 3430/3368/3430 3431/3369/3431 3400/3338/3400
f 3400/3338/3400 3431/3369/3431 3432/3370/3432 3401/3339/3401
f 3401/3339/3401 3432/3370/3432 3433/3371/3433 3402/3340/3402
f 3402/3340/3402 3433/3371/3433 3434/3372/3434 3403/3341/3403
f 3403/3341/3403 3434/3372/3434 3435/3373/3435 3404/3342/3404
f 3404/3342/3404 3435/3373/3435 3436/3374/3436 3405/3343/3405
f 3405/3343/3405 3436/3374/3436 3437/3375/3437 3406/3344/3406
f 3406/3344/3406 3437/3375/3437 3438/3376/3438 3407/3345/3407
f 3407/3345/3407 3438/3376/3438 3439/3377/3439 3408/3346/3408
f 3408/3346/3408 3439/3377/3439 3440/3378/3440 3409/3347/3409
f 3409/3347/3409 3440/3378/3440 3441/3379/3441 3410/3348/3410
f 3410/3348/3410 3441/3379/3441 3442/3380/3442 3411/3349/3411
f 3411/3349/3411 3442/3380/3442 3443/3381/3443 3412/3350/3412
f 3412/3350/3412 3443/3381/3443 3444/3382/3444 3413/3351/3413
f 3413/3351/3413 3444/3382/3444 3445/3383/3445 3414/3352/3414
f 3414/3352/3414 3445/3383/3445 3446/3384/3446 3415/3353/3415
f 3415/3353/3415 3446/3384/3446 3447/3385/3447 3416/3354/3416
f 3416/3354/3416 3447/3385/3447 3448/3386/3448 3417/3355/3417
f 3417/3355/3417 3448/3386/3448 3449/3387/3449 3418/3356/3418
f 3419/3357/3419 3450/3388/3450 3451/3389/3451 3420/3358/3420
f 3420/3358/3420 3451/3389/3451 3452/3390/3452 3421/3359/3421
f 3421/3359/3421 3452/3390/3452 3453/3391/3453 3422/3360/3422
f 3422/3360/3422 3453/3391/3453 3454/3392/3454 3423/3361/3423
f 3423/3361/3423 3454/3392/3454 3455/3393/3455 3424/3362/3424
f 3424/3362/3424 3455/3393/3455 3456/3394/3456 3425/3363/3425
f 3425/3363/3425 3456/3394/3456 3457/3395/3457 3426/3364/3426
f 3426/3364/3426 3457/3395/3457 3458/3396/3458 3427/3365/3427
f 3427/3365/3427 3458/3396/3458 3459/3397/3459 3428/3366/3428
f 3428/3366/3428 3459/3397/3459 3460/3398/3460 3429/3367/3429
f 3429/3367/3429 3460/3398/3460 3461/3399/3461 3430/3368/3430
f 3430/3368/3430 3461/3399/3461 3462/3400/3462 3431/3369/3431
f 3431/3369/3431 3462/3400/3462 3463/3401/3463 3432/3370/3432
f 3432/3370/3432 3463/3401/3463 3464/3402/3464 3433/3371/3433
f 3433/3371/3433 3464/3402/3464 3465/3403/3465 3434/3372/3434
f 3434/3372/3434 3465/3403/3465 3466/3404/3466 3435/3373/3435
f 3435/3373/3435 3466/3404/3466 3467/3405/3467 3436/3374/3436
f 3436/3374/3436 3467/3405/3467 3468/3406/3468 3437/3375/3437
f 3437/3375/3437 3468/3406/3468 3469/3407/3469 3438/3376/3438
f 3438/3376/3438 3469/3407/3469 3470/3408/3470 3439/3377/3439
f 3439/3377/3439 3470/3408/3470 3471/3409/3471 3440/3378/3440
f 3440/3378/3440 3471/3409/3471 3472/3410/3472 3441/3379/3441
f 3441/3379/3441 3472/3410/3472 3473/3411/3473 3442/3380/3442
f 3442/3380/3442 3473/3411/3473 3474/3412/3474 3443/3381/3443
f 3443/3381/3443 3474/3412/3474 3475/3413/3475 3444/3382/3444
f 3444/3382/3444 3475/3413/3475 3476/3414/3476 3445/3383/3445
f 3445/3383/3445 3476/3414/3476 3477/3415/3477 3446/3384/3446
f 3446/3384/3446 3477/3415/3477 3478/3416/3478 3447/3385/3447
f 3447/3385/3447 3478/3416/3478 3479/3417/3479 3448/3386/3448
f 3448/3386/3448 3479/3417/3479 3480/3418/3480 3449/3387/3449
f 3450/3388/3450 3481/3419/3481 3482/3420/3482 3451/3389/3451
f 3451/3389/3451 3482/3420/3482 3483/3421/3483 3452/3390/3452
f 3452/3390/3452 3483/3421/3483 3484/3422/3484 3453/3391/3453
f 3453/3391/3453 3484/3422/3484 3485/3423/3485 3454/3392/3454
f 3454/3392/3454 3485/3423/3485 3486/3424/3486 3455/3393/3455
f 3455/3393/3455 3486/3424/3486 3487/3425/3487 3456/3394/3456
f 3456/3394/3456 3487/3425/3487 3488/3426/3488 3457/3395/3457
f 3457/3395/3457 3488/3426/3488 3489/3427/3489 3458/3396/3458
f 3458/3396/3458 3489/3427/3489 3490/3428/3490 3459/3397/3459
f 3459/3397/3459 3490/3428/3490 3491/3429/3491 3460/3398/3460
f 3460/3398/3460 3491/3429/3491 3492/3430/3492 3461/3399/3461
f 3461/3399/3461 3492/3430/3492 3493/3431/3493 3462/3400/3462
f 3462/3400/3462 3493/3431/3493 3494/3432/3494 3463/3401/3463
f 3463/3401/3463 3494/3432/3494 3495/3433/3495 3464/3402/3464
f 3464/3402/3464 3495/3433/3495 3496/3434/3496 3465/3403/3465
f 3465/3403/3465 3496/3434/3496 3497/3435/3497 3466/3404/3466
f 3466/3404/3466 3497/3435/3497 3498/3436/3498 3467/3405/3467
f 3467/3405/3467 3498/3436/3498 3499/3437/3499 3468/3406/3468
f 3468/3406/3468 3499/3437/3499 3500/3438/3500 3469/3407/3469
f 3469/3407/3469 3500/3438/3500 3501/3439/3501 3470/3408/3470
f 3470/3408/3470 3501/3439/3501 3502/3440/3502 3471/3409/3471
f 3471/3409/3471 3502/3440/3502 3503/3441/3503 3472/3410/3472
f 3472/3410/3472 3503/3441/3503 3504/3442/3504 3473/3411/3473
f 3473/3411/3473 3504/3442/3504 3505/3443/3505 3474/3412/3474
f 3474/3412/3474 3505/3443/3505 3506/3444/3506 3475/3413/3475
f 3475/3413/3475 3506/3444/3506 3507/3445/3507 3476/3414/3476
f 3476/3414/3476 3507/3445/3507 3508/3446/3508 3477/3415/3477
f 3477/3415/3477 3508/3446/3508 3509/3447/3509 3478/3416/3478
f 3478/3416/3478 3509/3447/3509 3510/3448/3510 3479/3417/3479
f 3479/3417/3479 3510/3448/3510 3511/3449/3511 3480/3418/3480
f 3481/3419/3481 3512/3450/3512 3513/3451/3513 3482/3420/3482
f 3482/3420/3482 3513/3451/3513 3514/3452/3514 3483/3421/3483
f 3483/3421/3483 3514/3452/3514 3515/3453/3515 3484/3422/3484
f 3484/3422/3484 3515/3453/3515 3516/3454/3516 3485/3423/3485
f 3485/3423/3485 3516/3454/3516 3517/3455/3517 3486/3424/3486
f 3486/3424/3486 3517/3455/3517 3518/3456/3518 3487/3425/3487
f 3487/3425/3487 3518/3456/3518 3519/3457/3519 3488/3426/3488
f 3488/3426/3488 3519/3457/3519 3520/3458/3520 3489/3427/3489
f 3489/3427/3489 3520/3458/3520 3521/3459/3521 3490/3428/3490
f 3490/3428/3490 3521/3459/3521 3522/3460/3522 3491/3429/3491
f 3491/3429/3491 3522/3460/3522 3523/3461/3523 3492/3430/3492
f 3492/3430/3492 3523/3461/3523 3524/3462/3524 3493/3431/3493
f 3493/3431/3493 3524/3462/3524 3525/3463/3525 3494/3432/3494
f 3494/3432/3494 3525/3463/3525 3526/3464/3526 3495/3433/3495
f 3495/3433/3495 3526/3464/3526 3527/3465/3527 3496/3434/3496
f 3496/3434/3496 3527/3465/3527 3528/3466/3528 3497/3435/3497
f 3497/3435/3497 3528/3466/3528 3529/3467/3529 3498/3436/3498
f 3498/3436/3498 3529/3467/3529 3530/3468/3530 3499/3437/3499
f 3499/3437/3499 3530/3468/3530 3531/3469/3531 3500/3438/3500
f 3500/3438/3500 3531/3469/3531 3532/3470/3532 3501/3439/3501
f 3501/3439/3501 3532/3470/3532 3533/3471/3533 3502/3440/3502
f 3502/3440/3502 3533/3471/3533 3534/3472/3534 3503/3441/3503
f 3503/3441/3503 3534/3472/3534 3535/3473/3535 3504/3442/3504
f 3504/3442/3504 3535/3473/3535 3536/3474/3536 3505/3443/3505
f 3505/3443/3505 3536/3474/3536 3537/3475/3537 3506/3444/3506
f 3506/3444/3506 3537/3475/3537 3538/3476/3538 3507/3445/3507
f 3507/3445/3507 3538/3476/3538 3539/3477/3539 3508/3446/3508
f 3508/3446/3508 3539/3477/3539 3540/3478/3540 3509/3447/3509
f 3509/3447/3509 3540/3478/3540 3541/3479/3541 3510/3448/3510
f 3510/3448/3510 3541/3479/3541 3542/3480/3542 3511/3449/3511
f 3512/3450/3512 3543/3481/3543 3544/3482/3544 3513/3451/3513
f 3513/3451/3513 3544/3482/3544 3545/3483/3545 3514/3452/3514
f 3514/3452/3514 3545/3483/3545 3546/3484/3546 3515/3453/3515
f 3515/3453/3515 3546/3484/3546 3547/3485/3547 3516/3454/3516
f 3516/3454/3516 3547/3485/3547 3548/3486/3548 3517/3455/3517
f 3517/3455/3517 3548/3486/3548 3549/3487/3549 3518/3456/3518
f 3518/3456/3518 3549/3487/3549 3550/3488/3550 3519/3457/3519
f 3519/3457/3519 3550/3488/3550 3551/3489/3551 3520/3458/3520
f 3520/3458/3520 3551/3489/3551 3552/3490/3552 3521/3459/3521
f 3521/3459/3521 3552/3490/3552 3553/3491/3553 3522/3460/3522
f 3522/3460/3522 3553/3491/3553 3554/3492/3554 3523/3461/3523
f 3523/3461/3523 3554/3492/3554 3555/3493/3555 3524/3462/3524
f 3524/3462/3524 3555/3493/3555 3556/3494/3556 3525/3463/3525
f 3525/3463/3525 3556/3494/3556 3557/3495/3557 3526/3464/3526
f 3526/3464/3526 3557/3495/3557 3558/3496/3558 3527/3465/3527
f 3527/3465/3527 3558/3496/3558 3559/3497/3559 3528/3466/3528
f 3528/3466/3528 3559/3497/3559 3560/3498/3560 3529/3467/3529
f 3529/3467/3529 3560/3498/3560 3561/3499/3561 3530/3468/3530
f 3530/3468/3530 3561/3499/3561 3562/3500/3562 3531/3469/3531
f 3531/3469/3531 3562/3500/3562 3563/3501/3563 3532/3470/3532
f 3532/3470/3532 3563/3501/3563 3564/3502/3564 3533/3471/3533
f 3533/3471/3533 3564/3502/3564 3565/3503/3565 3534/3472/3534
f 3534/3472/3534 3565/3503/3565 3566/3504/3566 3535/3473/3535
f 3535/3473/3535 3566/3504/3566 3567/3505/3567 3536/3474/3536
f 3536/3474/3536 3567/3505/3567 3568/3506/3568 3537/3475/3537
f 3537/3475/3537 3568/3506/3568 3569/3507/3569 3538/3476/3538
f 3538/3476/3538 3569/3507/3569 3570/3508/3570 3539/3477/3539
f 3539/3477/3539 3570/3508/3570 3571/3509/3571 3540/3478/3540
f 3540/3478/3540 3571/3509/3571 3572/3510/3572 3541/3479/3541
f 3541/3479/3541 3572/3510/3572 3573/3511/3573 3542/3480/3542
f 3543/3481/3543 3574/3512/3574 3575/3513/3575 3544/3482/3544
f 3544/3482/3544 3575/3513/3575 3576/3514/3576 3545/3483/3545
f 3545/3483/3545 3576/3514/3576 3577/3515/3577 3546/3484/3546
f 3546/3484/3546 3577/3515/3577 3578/3516/3578 3547/3485/3547
f 3547/3485/3547 3578/3516/3578 3579/3517/3579 3548/3486/3548
f 3548/3486/3548 3579/3517/3579 3580/3518/3580 3549/3487/3549
f 3549/3487/3549 3580/3518/3580 3581/3519/3581 3550/3488/3550
f 3550/3488/3550 3581/3519/3581 3582/3520/3582 3551/3489/3551
f 3551/3489/3551 3582/3520/3582 3583/3521/3583 3552/3490/3552
f 3552/3490/3552 3583/3521/3583 3584/3522/3584 3553/3491/3553
f 3553/3491/3553 3584/3522/3584 3585/3523/3585 3554/3492/3554
f 3554/3492/3554 3585/3523/3585 3586/3524/3586 3555/3493/3555
f 3555/3493/3555 3586/3524/3586 3587/3525/3587 3556/3494/3556
f 3556/3494/3556 3587/3525/3587 3588/3526/3588 3557/3495/3557
f 3557/3495/3557 3588/3526/3588 3589/3527/3589 3558/3496/3558
f 3558/3496/3558 3589/3527/3589 3590/3528/3590 3559/3497/3559
f 3559/3497/3559 3590/3528/3590 3591/3529/3591 3560/3498/3560
f 3560/3498/3560 3591/3529/3591 3592/3530/3592 3561/3499/3561
f 3561/3499/3561 3592/3530/3592 3593/3531/3593 3562/3500/3562
f 3562/3500/3562 3593/3531/3593 3594/3532/3594 3563/3501/3563
f 3563/3501/3563 3594/3532/3594 3595/3533/3595 3564/3502/3564
f 3564/3502/3564 3595/3533/3595 3596/3534/3596 3565/3503/3565
f 3565/3503/3565 3596/3534/3596 3597/3535/3597 3566/3504/3566
f 3566/3504/3566 3597/3535/3597 3598/3536/3598 3567/3505/3567
f 3567/3505/3567 3598/3536/3598 3599/3537/3599 3568/3506/3568
f 3568/3506/3568 3599/3537/3599 3600/3538/3600 3569/3507/3569
f 3569/3507/3569 3600/3538/3600 3601/3539/3601 3570/3508/3570
f 3570/3508/3570 3601/3539/3601 3602/3540/3602 3571/3509/3571
f 3571/3509/3571 3602/3540/3602 3603/3541/3603 3572/3510/3572
f 3572/3510/3572 3603/3541/3603 3604/3542/3604 3573/3511/3573
f 3574/3512/3574 3605/3543/3605 3606/3544/3606 3575/3513/3575
f 3575/3513/3575 3606/3544/3606 3607/3545/3607 3576/3514/3576
f 3576/3514/3576 3607/3545/3607 3608/3546/3608 3577/3515/3577
f 3577/3515/3577 3608/3546/3608 3609/3547/3609 3578/3516/3578
f 3578/3516/3578 3609/3547/3609 3610/3548/3610 3579/3517/3579
f 3579/3517/3579 3610/3548/3610 3611/3549/3611 3580/3518/3580
f 3580/3518/3580 3611/3549/3611 3612/3550/3612 3581/3519/3581
f 3581/3519/3581 3612/3550/3612 3613/3551/3613 3582/3520/3582
f 3582/3520/3582 3613/3551/3613 3614/3552/3614 3583/3521/3583
f 3583/3521/3583 3614/3552/3614 3615/3553/3615 3584/3522/3584
f 3584/3522/3584 3615/3553/3615 3616/3554/3616 3585/3523/3585
f 3585/3523/3585 3616/3554/3616 3617/3555/3617 3586/3524/3586
f 3586/3524/3586 3617/3555/3617 3618/3556/3618 3587/3525/3587
f 3587/3525/3587 3618/3556/3618 3619/3557/3619 3588/3526/3588
f 3588/3526/3588 3619/3557/3619 3620/3558/3620 3589/3527/3589
f 3589/3527/3589 3620/3558/3620 3621/3559/3621 3590/3528/3590
f 3590/3528/3590 3621/3559/3621 3622/3560/3622 3591/3529/3591
f 3591/3529/3591 3622/3560/3622 3623/3561/3623 3592/3530/3592
f 3592/3530/3592 3623/3561/3623 3624/3562/3624 3593/3531/3593
f 3593/3531/3593 3624/3562/3624 3625/3563/3625 3594/3532/3594
f 3594/3532/3594 3625/3563/3625 3626/3564/3626 3595/3533/3595
f 3595/3533/3595 3626/3564/3626 3627/3565/3627 3596/3534/3596
f 3596/3534/3596 3627/3565/3627 3628/3566/3628 3597/3535/3597
f 3597/3535/3597 3628/3566/3628 3629/3567/3629 3598/3536/3598
f 3598/3536/3598 3629/3567/3629 3630/3568/3630 3599/3537/3599
f 3599/3537/3599 3630/3568/3630 3631/3569/3631 3600/3538/3600
f 3600/3538/3600 3631/3569/3631 3632/3570/3632 3601/3539/3601
f 3601/3539/3601 3632/3570/3632 3633/3571/3633 3602/3540/3602
f 3602/3540/3602 3633/3571/3633 3634/3572/3634 3603/3541/3603
f 3603/3541/3603 3634/3572/3634 3635/3573/3635 3604/3542/3604
f 3605/3543/3605 3636/3574/3636 3637/3575/3637 3606/3544/3606
f 3606/3544/3606 3637/3575/3637 3638/3576/3638 3607/3545/3607
f 3607/3545/3607 3638/3576/3638 3639/3577/3639 3608/3546/3608
f 3608/3546/3608 3639/3577/3639 3640/3578/3640 3609/3547/3609
f 3609/3547/3609 3640/3578/3640 3641/3579/3641 3610/3548/3610
f 3610/3548/3610 3641/3579/3641 3642/3580/3642 3611/3549/3611
f 3611/3549/3611 3642/3580/3642 3643/3581/3643 3612/3550/3612
f 3612/3550/3612 3643/3581/3643 3644/3582/3644 3613/3551/3613
f 3613/3551/3613 3644/3582/3644 3645/3583/3645 3614/3552/3614
f 3614/3552/3614 3645/3583/3645 3646/3584/3646 3615/3553/3615
f 3615/3553/3615 3646/3584/3646 3647/3585/3647 3616/3554/3616
f 3616/3554/3616 3647/3585/3647 3648/3586/3648 3617/3555/3617
f 3617/3555/3617 3648/3586/3648 3649/3587/3649 3618/3556/3618
f 3618/3556/3618 3649/3587/3649 3650/3588/3650 3619/3557/3619
f 3619/3557/3619 3650/3588/3650 3651/3589/3651 3620/3558/3620
f 3620/3558/3620 3651/3589/3651 3652/3590/3652 3621/3559/3621
f 3621/3559/3621 3652/3590/3652 3653/3591/3653 3622/3560/3622
f 3622/3560/3622 3653/3591/3653 3654/3592/3654 3623/3561/3623
f 3623/3561/3623 3654/3592/3654 3655/3593/3655 3624/3562/3624
f 3624/3562/3624 3655/3593/3655 3656/3594/3656 3625/3563/3625
f 3625/3563/3625 3656/3594/3656 3657/3595/3657 3626/3564/3626
f 3626/3564/3626 3657/3595/3657 3658/3596/3658 3627/3565/3627
f 3627/3565/3627 3658/3596/3658 3659/3597/3659 3628/3566/3628
f 3628/3566/3628 3659/3597/3659 3660/3598/3660 3629/3567/3629
f 3629/3567/3629 3660/3598/3660 3661/3599/3661 3630/3568/3630
f 3630/3568/3630 3661/3599/3661 3662/3600/3662 3631/3569/3631
f 3631/3569/3631 3662/3600/3662 3663/3601/3663 3632/3570/3632
f 3632/3570/3632 3663/3601/3663 3664/3602/3664 3633/3571/3633
f 3633/3571/3633 3664/3602/3664 3665/3603/3665 3634/3572/3634
f 3634/3572/3634 3665/3603/3665 3666/3604/3666 3635/3573/3635
f 3636/3574/3636 3667/3605/3667 3668/3606/3668 3637/3575/3637
f 3637/3575/3637 3668/3606/3668 3669/3607/3669 3638/3576/3638
f 3638/3576/3638 3669/3607/3669 3670/3608/3670 3639/3577/3639
f 3639/3577/3639 3670/3608/3670 3671/3609/3671 3640/3578/3640
f 3640/3578/3640 3671/3609/3671 3672/3610/3672 3641/3579/3641
f 3641/3579/3641 3672/3610/3672 3673/3611/3673 3642/3580/3642
f 3642/3580/3642 3673/3611/3673 3674/3612/3674 3643/3581/3643
f 3643/3581/3643 3674/3612/3674 3675/3613/3675 3644/3582/3644
f 3644/3582/3644 3675/3613/3675 3676/3614/3676 3645/3583/3645
f 3645/3583/3645 3676/3614/3676 3677/3615/3677 3646/3584/3646
f 3646/3584/3646 3677/3615/3677 3678/3616/3678 3647/3585/3647
f 3647/3585/3647 3678/3616/3678 3679/3617/3679 3648/3586/3648
f 3648/3586/3648 3679/3617/3679 3680/3618/3680 3649/3587/3649
f 3649/3587/3649 3680/3618/3680 3681/3619/3681 3650/3588/3650
f 3650/3588/3650 3681/3619/3681 3682/3620/3682 3651/3589/3651
f 3651/3589/3651 3682/3620/3682 3683/3621/3683 3652/3590/3652
f 3652/3590/3652 3683/3621/3683 3684/3622/3684 3653/3591/3653
f 3653/3591/3653 3684/3622/3684 3685/3623/3685 3654/3592/3654
f 3654/3592/3654 3685/3623/3685 3686/3624/3686 3655/3593/3655
f 3655/3593/3655 3686/3624/3686 3687/3625/3687 3656/3594/3656
f 3656/3594/3656 3687/3625/3687 3688/3626/3688 3657/3595/3657
f 3657/3595/3657 3688/3626/3688 3689/3627/3689 3658/3596/3658
f 3658/3596/3658 3689/3627/3689 3690/3628/3690 3659/3597/3659
f 3659/3597/3659 3690/3628/3690 3691/3629/3691 3660/3598/3660
f 3660/3598/3660 3691/3629/3691 3692/3630/3692 3661/3599/3661
f 3661/3599/3661 3692/3630/3692 3693/3631/3693 3662/3600/3662
f 3662/3600/3662 3693/3631/3693 3694/3632/3694 3663/3601/3663
f 3663/3601/3663 3694/3632/3694 3695/3633/3695 3664/3602/3664
f 3664/3602/3664 3695/3633/3695 3696/3634/3696 3665/3603/3665
f 3665/3603/3665 3696/3634/3696 3697/3635/3697 3666/3604/3666
f 3667/3605/3667 3698/3636/3698 3699/3637/3699 3668/3606/3668
f 3668/3606/3668 3699/3637/3699 3700/3638/3700 3669/3607/3669
f 3669/3607/3669 3700/3638/3700 3701/3639/3701 3670/3608/3670
f 3670/3608/3670 3701/3639/3701 3702/3640/3702 3671/3609/3671
f 3671/3609/3671 3702/3640/3702 3703/3641/3703 3672/3610/3672
f 3672/3610/3672 3703/3641/3703 3704/3642/3704 3673/3611/3673
f 3673/3611/3673 3704/3642/3704 3705/3643/3705 3674/3612/3674
f 3674/3612/3674 3705/3643/3705 3706/3644/3706 3675/3613/3675
f 3675/3613/3675 3706/3644/3706 3707/3645/3707 3676/3614/3676
f 3676/3614/3676 3707/3645/3707 3708/3646/3708 3677/3615/3677
f 3677/3615/3677 3708/3646/3708 3709/3647/3709 3678/3616/3678
f 3678/3616/3678 3709/3647/3709 3710/3648/3710 3679/3617/3679
f 3679/3617/3679 3710/3648/3710 3711/3649/3711 3680/3618/3680
f 3680/3618/3680 3711/3649/3711 3712/3650/3712 3681/3619/3681
f 3681/3619/3681 3712/3650/3712 3713/3651/3713 3682/3620/3682
f 3682/3620/3682 3713/3651/3713 3714/3652/3714 3683/3621/3683
f 3683/3621/3683 3714/3652/3714 3715/3653/3715 3684/3622/3684
f 3684/3622/3684 3715/3653/3715 3716/3654/3716 3685/3623/3685
f 3685/3623/3685 3716/3654/3716 3717/3655/3717 3686/3624/3686
f 3686/3624/3686 3717/3655/3717 3718/3656/3718 3687/3625/3687
f 3687/3625/3687 3718/3656/3718 3719/3657/3719 3688/3626/3688
f 3688/3626/3688 3719/3657/3719 3720/3658/3720 3689/3627/3689
f 3689/3627/3689 3720/3658/3720 3721/3659/3721 3690/3628/3690
f 3690/3628/3690 3721/3659/3721 3722/3660/3722 3691/3629/3691
f 3691/3629/3691 3722/3660/3722 3723/3661/3723 3692/3630/3692
f 3692/3630/3692 3723/3661/3723 3724/3662/3724 3693/3631/3693
f 3693/3631/3693 3724/3662/3724 3725/3663/3725 3694/3632/3694
f 3694/3632/3694 3725/3663/3725 3726/3664/3726 3695/3633/3695
f 3695/3633/3695 3726/3664/3726 3727/3665/3727 3696/3634/3696
f 3696/3634/3696 3727/3665/3727 3728/3666/3728 3697/3635/3697
f 3698/3636/3698 3729/3667/3729 3730/3668/3730 3699/3637/3699
f 3699/3637/3699 3730/3668/3730 3731/3669/3731 3700/3638/3700
f 3700/3638/3700 3731/3669/3731 3732/3670/3732 3701/3639/3701
f 3701/3639/3701 3732/3670/3732 3733/3671/3733 3702/3640/3702
f 3702/3640/3702 3733/3671/3733 3734/3672/3734 3703/3641/3703
f 3703/3641/3703 3734/3672/3734 3735/3673/3735 3704/3642/3704
f 3704/3642/3704 3735/3673/3735 3736/3674/3736 3705/3643/3705
f 3705/3643/3705 3736/3674/3736 3737/3675/3737 3706/3644/3706
f 3706/3644/3706 3737/3675/3737 3738/3676/3738 3707/3645/3707
f 3707/3645/3707 3738/3676/3738 3739/3677/3739 3708/3646/3708
f 3708/3646/3708 3739/3677/3739 3740/3678/3740 3709/3647/3709
f 3709/3647/3709 3740/3678/3740 3741/3679/3741 3710/3648/3710
f 3710/3648/3710 3741/3679/3741 3742/3680/3742 3711/3649/3711
f 3711/3649/3711 3742/3680/3742 3743/3681/3743 3712/3650/3712
f 3712/3650/3712 3743/3681/3743 3744/3682/3744 3713/3651/3713
f 3713/3651/3713 3744/3682/3744 3745/3683/3745 3714/3652/3714
f 3714/3652/3714 3745/3683/3745 3746/3684/3746 3715/3653/3715
f 3715/3653/3715 3746/3684/3746 3747/3685/3747 3716/3654/3716
f 3716/3654/3716 3747/3685/3747 3748/3686/3748 3717/3655/3717
f 3717/3655/3717 3748/3686/3748 3749/3687/3749 3718/3656/3718
f 3718/3656/3718 3749/3687/3749 3750/3688/3750 3719/3657/3719
f 3719/3657/3719 3750/3688/3750 3751/3689/3751 3720/3658/3720
f 3720/3658/3720 3751/3689/3751 3752/3690/3752 3721/3659/3721
f 3721/3659/3721 3752/3690/3752 3753/3691/3753 3722/3660/3722
f 3722/3660/3722 3753/3691/3753 3754/3692/3754 3723/3661/3723
f 3723/3661/3723 3754/3692/3754 3755/3693/3755 3724/3662/3724
f 3724/3662/3724 3755/3693/3755 3756/3694/3756 3725/3663/3725
f 3725/3663/3725 3756/3694/3756 3757/3695/3757 3726/3664/3726
f 3726/3664/3726 3757/3695/3757 3758/3696/3758 3727/3665/3727
f 3727/3665/3727 3758/3696/3758 3759/3697/3759 3728/3666/3728
f 3729/3667/3729 3760/3698/3760 3761/3699/3761 3730/3668/3730
f 3730/3668/3730 3761/3699/3761 3762/3700/3762 3731/3669/3731
f 3731/3669/3731 3762/3700/3762 3763/3701/3763 3732/3670/3732
f 3732/3670/3732 3763/3701/3763 3764/3702/3764 3733/3671/3733
f 3733/3671/3733 3764/3702/3764 3765/3703/3765 3734/3672/3734
f 3734/3672/3734 3765/3703/3765 3766/3704/3766 3735/3673/3735
f 3735/3673/3735 3766/3704/3766 3767/3705/3767 3736/3674/3736
f 3736/3674/3736 3767/3705/3767 3768/3706/3768 3737/3675/3737
f 3737/3675/3737 3768/3706/3768 3769/3707/3769 3738/3676/3738
f 3738/3676/3738 3769/3707/3769 3770/3708/3770 3739/3677/3739
f 3739/3677/3739 3770/3708/3770 3771/3709/3771 3740/3678/3740
f 3740/3678/3740 3771/3709/3771 3772/3710/3772 3741/3679/3741
f 3741/3679/3741 3772/3710/3772 3773/3711/3773 3742/3680/3742
f 3742/3680/3742 3773/3711/3773 3774/3712/3774 3743/3681/3743
f 3743/3681/3743 3774/3712/3774 3775/3713/3775 3744/3682/3744
f 3744/3682/3744 3775/3713/3775 3776/3714/3776 3745/3683/3745
f 3745/3683/3745 3776/3714/3776 3777/3715/3777 3746/3684/3746
f 3746/3684/3746 3777/3715/3777 3778/3716/3778 3747/3685/3747
f 3747/3685/3747 3778/3716/3778 3779/3717/3779 3748/3686/3748
f 3748/3686/3748 3779/3717/3779 3780/3718/3780 3749/3687/3749
f 3749/3687/3749 3780/3718/3780 3781/3719/3781 3750/3688/3750
f 3750/3688/3750 3781/3719/3781 3782/3720/3782 3751/3689/3751
f 3751/3689/3751 3782/3720/3782 3783/3721/3783 3752/3690/3752
f 3752/3690/3752 3783/3721/3783 3784/3722/3784 3753/3691/3753
f 3753/3691/3753 3784/3722/3784 3785/3723/3785 3754/3692/3754
f 3754/3692/3754 3785/3723/3785 3786/3724/3786 3755/3693/3755
f 3755/3693/3755 3786/3724/3786 3787/3725/3787 3756/3694/3756
f 3756/3694/3756 3787/3725/3787 3788/3726/3788 3757/3695/3757
f 3757/3695/3757 3788/3726/3788 3789/3727/3789 3758/3696/3758
f 3758/3696/3758 3789/3727/3789 3790/3728/3790 3759/3697/3759
f 3760/3698/3760 3791/3729/3791 3792/3730/3792 3761/3699/3761
f 3761/3699/3761 3792/3730/3792 3793/3731/3793 3762/3700/3762
f 3762/3700/3762 3793/3731/3793 3794/3732/3794 3763/3701/3763
f 3763/3701/3763 3794/3732/3794 3795/3733/3795 3764/3702/3764
f 3764/3702/3764 3795/3733/3795 3796/3734/3796 3765/3703/3765
f 3765/3703/3765 3796/3734/3796 3797/3735/3797 3766/3704/3766
f 3766/3704/3766 3797/3735/3797 3798/3736/3798 3767/3705/3767
f 3767/3705/3767 3798/3736/3798 3799/3737/3799 3768/3706/3768
f 3768/3706/3768 3799/3737/3799 3800/3738/3800 3769/3707/3769
f 3769/3707/3769 3800/3738/3800 3801/3739/3801 3770/3708/3770
f 3770/3708/3770 3801/3739/3801 3802/3740/3802 3771/3709/3771
f 3771/3709/3771 3802/3740/3802 3803/3741/3803 3772/3710/3772
f 3772/3710/3772 3803/3741/3803 3804/3742/3804 3773/3711/3773
f 3773/3711/3773 3804/3742/3804 3805/3743/3805 3774/3712/3774
f 3774/3712/3774 3805/3743/3805 3806/3744/3806 3775/3713/3775
f 3775/3713/3775 3806/3744/3806 3807/3745/3807 3776/3714/3776
f 3776/3714/3776 3807/3745/3807 3808/3746/3808 3777/3715/3777
f 3777/3715/3777 3808/3746/3808 3809/3747/3809 3778/3716/3778
f 3778/3716/3778 3809/3747/3809 3810/3748/3810 3779/3717/3779
f 3779/3717/3779 3810/3748/3810 3811/3749/3811 3780/3718/3780
f 3780/3718/3780 3811/3749/3811 3812/3750/3812 3781/3719/3781
f 3781/3719/3781 3812/3750/3812 3813/3751/3813 3782/3720/3782
f 3782/3720/3782 3813/3751/3813 3814/3752/3814 3783/3721/3783
f 3783/3721/3783 3814/3752/3814 3815/3753/3815 3784/3722/3784
f 3784/3722/3784 3815/3753/3815 3816/3754/3816 3785/3723/3785
f 3785/3723/3785 3816/3754/3816 3817/3755/3817 3786/3724/3786
f 3786/3724/3786 3817/3755/3817 3818/3756/3818 3787/3725/3787
f 3787/3725/3787 3818/3756/3818 3819/3757/3819 3788/3726/3788
f 3788/3726/3788 3819/3757/3819 3820/3758/3820 3789/3727/3789
f 3789/3727/3789 3820/3758/3820 3821/3759/3821 3790/3728/3790
f 3791/3729/3791 3822/3760/3822 3823/3761/3823 3792/3730/3792
f 3792/3730/3792 3823/3761/3823 3824/3762/3824 3793/3731/3793
f 3793/3731/3793 3824/3762/3824 3825/3763/3825 3794/3732/3794
f 3794/3732/3794 3825/3763/3825 3826/3764/3826 3795/3733/3795
f 3795/3733/3795 3826/3764/3826 3827/3765/3827 3796/3734/3796
f 3796/3734/3796 3827/3765/3827 3828/3766/3828 3797/3735/3797
f 3797/3735/3797 3828/3766/3828 3829/3767/3829 3798/3736/3798
f 3798/3736/3798 3829/3767/3829 3830/3768/3830 3799/3737/3799
f 3799/3737/3799 3830/3768/3830 3831/3769/3831 3800/3738/3800
f 3800/3738/3800 3831/3769/3831 3832/3770/3832 3801/3739/3801
f 3801/3739/3801 3832/3770/3832 3833/3771/3833 3802/3740/3802
f 3802/3740/3802 3833/3771/3833 3834/3772/3834 3803/3741/3803
f 3803/3741/3803 3834/3772/3834 3835/3773/3835 3804/3742/3804
f 3804/3742/3804 3835/3773/3835 3836/3774/3836 3805/3743/3805
f 3805/3743/3805 3836/3774/3836 3837/3775/3837 3806/3744/3806
f 3806/3744/3806 3837/3775/3837 3838/3776/3838 3807/3745/3807
f 3807/3745/3807 3838/3776/3838 3839/3777/3839 3808/3746/3808
f 3808/3746/3808 3839/3777/3839 3840/3778/3840 3809/3747/3809
f 3809/3747/3809 3840/3778/3840 3841/3779/3841 3810/3748/3810
f 3810/3748/3810 3841/3779/3841 3842/3780/3842 3811/3749/3811
f 3811/3749/3811 3842/3780/3842 3843/3781/3843 3812/3750/3812
f 3812/3750/3812 3843/3781/3843 3844/3782/3844 3813/3751/3813
f 3813/3751/3813 3844/3782/3844 3845/3783/3845 3814/3752/3814
f 3814/3752/3814 3845/3783/3845 3846/3784/3846 3815/3753/3815
f 3815/3753/3815 3846/3784/3846 3847/3785/3847 3816/3754/3816
f 3816/3754/3816 3847/3785/3847 3848/3786/3848 3817/3755/3817
f 3817/3755/3817 3848/3786/3848 3849/3787/3849 3818/3756/3818
f 3818/3756/3818 3849/3787/3849 3850/3788/3850 3819/3757/3819
f 3819/3757/3819 3850/3788/3850 3851/3789/3851 3820/3758/3820
f 3820/3758/3820 3851/3789/3851 3852/3790/3852 3821/3759/3821
f 3822/3760/3822 3853/3791/3853 3854/3792/3854 3823/3761/3823
f 3823/3761/3823 3854/3792/3854 3855/3793/3855 3824/3762/3824
f 3824/3762/3824 3855/3793/3855 3856/3794/3856 3825/3763/3825
f 3825/3763/3825 3856/3794/3856 3857/3795/3857 3826/3764/3826
f 3826/3764/3826 3857/3795/3857 3858/3796/3858 3827/3765/3827
f 3827/3765/3827 3858/3796/3858 3859/3797/3859 3828/3766/3828
f 3828/3766/3828 3859/3797/3859 3860/3798/3860 3829/3767/3829
f 3829/3767/3829 3860/3798/3860 3861/3799/3861 3830/3768/3830
f 3830/3768/3830 3861/3799/3861 3862/3800/3862 3831/3769/3831
f 3831/3769/3831 3862/3800/3862 3863/3801/3863 3832/3770/3832
f 3832/3770/3832 3863/3801/3863 3864/3802/3864 3833/3771/3833
f 3833/3771/3833 3864/3802/3864 3865/3803/3865 3834/3772/3834
f 3834/3772/3834 3865/3803/3865 3866/3804/3866 3835/3773/3835
f 3835/3773/3835 3866/3804/3866 3867/3805/3867 3836/3774/3836
f 3836/3774/3836 3867/3805/3867 3868/3806/3868 3837/3775/3837
f 3837/3775/3837 3868/3806/3868 3869/3807/3869 3838/3776/3838
f 3838/3776/3838 3869/3807/3869 3870/3808/3870 3839/3777/3839
f 3839/3777/3839 3870/3808/3870 3871/3809/3871 3840/3778/3840
f 3840/3778/3840 3871/3809/3871 3872/3810/3872 3841/3779/3841
f 3841/3779/3841 3872/3810/3872 3873/3811/3873 3842/3780/3842
f 3842/3780/3842 3873/3811/3873 3874/3812/3874 3843/3781/3843
f 3843/3781/3843 3874/3812/3874 3875/3813/3875 3844/3782/3844
f 3844/3782/3844 3875/3813/3875 3876/3814/3876 3845/3783/3845
f 3845/3783/3845 3876/3814/3876 3877/3815/3877 3846/3784/3846
f 3846/3784/3846 3877/3815/3877 3878/3816/3878 3847/3785/3847
f 3847/3785/3847 3878/3816/3878 3879/3817/3879 3848/3786/3848
f 3848/3786/3848 3879/3817/3879 3880/3818/3880 3849/3787/3849
f 3849/3787/3849 3880/3818/3880 3881/3819/3881 3850/3788/3850
f 3850/3788/3850 3881/3819/3881 3882/3820/3882 3851/3789/3851
f 3851/3789/3851 3882/3820/3882 3883/3821/3883 3852/3790/3852
f 3853/3791/3853 3884/3822/3884 3885/3823/3885 3854/3792/3854
f 3854/3792/3854 3885/3823/3885 3886/3824/3886 3855/3793/3855
f 3855/3793/3855 3886/3824/3886 3887/3825/3887 3856/3794/3856
f 3856/3794/3856 3887/3825/3887 3888/3826/3888 3857/3795/3857
f 3857/3795/3857 3888/3826/3888 3889/3827/3889 3858/3796/3858
f 3858/3796/3858 3889/3827/3889 3890/3828/3890 3859/3797/3859
f 3859/3797/3859 3890/3828/3890 3891/3829/3891 3860/3798/3860
f 3860/3798/3860 3891/3829/3891 3892/3830/3892 3861/3799/3861
f 3861/3799/3861 3892/3830/3892 3893/3831/3893 3862/3800/3862
f 3862/3800/3862 3893/3831/3893 3894/3832/3894 3863/3801/3863
f 3863/3801/3863 3894/3832/3894 3895/3833/3895 3864/3802/3864
f 3864/3802/3864 3895/3833/3895 3896/3834/3896 3865/3803/3865
f 3865/3803/3865 3896/3834/3896 3897/3835/3897 3866/3804/3866
f 3866/3804/3866 3897/3835/3897 3898/3836/3898 3867/3805/3867
f 3867/3805/3867 3898/3836/3898 3899/3837/3899 3868/3806/3868
f 3868/3806/3868 3899/3837/3899 3900/3838/3900 3869/3807/3869
f 3869/3807/3869 3900/3838/3900 3901/3839/3901 3870/3808/3870
f 3870/3808/3870 3901/3839/3901 3902/3840/3902 3871/3809/3871
f 3871/3809/3871 3902/3840/3902 3903/3841/3903 3872/3810/3872
f 3872/3810/3872 3903/3841/3903 3904/3842/3904 3873/3811/3873
f 3873/3811/3873 3904/3842/3904 3905/3843/3905 3874/3812/3874
f 3874/3812/3874 3905/3843/3905 3906/3844/3906 3875/3813/3875
f 3875/3813/3875 3906/3844/3906 3907/3845/3907 3876/3814/3876
f 3876/3814/3876 3907/3845/3907 3908/3846/3908 3877/3815/3877
f 3877/3815/3877 3908/3846/3908 3909/3847/3909 3878/3816/3878
f 3878/3816/3878 3909/3847/3909 3910/3848/3910 3879/3817/3879
f 3879/3817/3879 3910/3848/3910 3911/3849/3911 3880/3818/3880
f 3880/3818/3880 3911/3849/3911 3912/3850/3912 3881/3819/3881
f 3881/3819/3881 3912/3850/3912 3913/3851/3913 3882/3820/3882
f 3882/3820/3882 3913/3851/3913 3914/3852/3914 3883/3821/3883
f 3884/3822/3884 3915/3853/3915 3916/3854/3916 3885/3823/3885
f 3885/3823/3885 3916/3854/3916 3917/3855/3917 3886/3824/3886
f 3886/3824/3886 3917/3855/3917 3918/3856/3918 3887/3825/3887
f 3887/3825/3887 3918/3856/3918 3919/3857/3919 3888/3826/3888
f 3888/3826/3888 3919/3857/3919 3920/3858/3920 3889/3827/3889
f 3889/3827/3889 3920/3858/3920 3921/3859/3921 3890/3828/3890
f 3890/3828/3890 3921/3859/3921 3922/3860/3922 3891/3829/3891
f 3891/3829/3891 3922/3860/3922 3923/3861/3923 3892/3830/3892
f 3892/3830/3892 3923/3861/3923 3924/3862/3924 3893/3831/3893
f 3893/3831/3893 3924/3862/3924 3925/3863/3925 3894/3832/3894
f 3894/3832/3894 3925/3863/3925 3926/3864/3926 3895/3833/3895
f 3895/3833/3895 3926/3864/3926 3927/3865/3927 3896/3834/3896
f 3896/3834/3896 3927/3865/3927 3928/3866/3928 3897/3835/3897
f 3897/3835/3897 3928/3866/3928 3929/3867/3929 3898/3836/3898
f 3898/3836/3898 3929/3867/3929 3930/3868/3930 3899/3837/3899
f 3899/3837/3899 3930/3868/3930 3931/3869/3931 3900/3838/3900
f 3900/3838/3900 3931/3869/3931 3932/3870/3932 3901/3839/3901
f 3901/3839/3901 3932/3870/3932 3933/3871/3933 3902/3840/3902
f 3902/3840/3902 3933/3871/3933 3934/3872/3934 3903/3841/3903
f 3903/3841/3903 3934/3872/3934 3935/3873/3935 3904/3842/3904
f 3904/3842/3904 3935/3873/3935 3936/3874/3936 3905/3843/3905
f 3905/3843/3905 3936/3874/3936 3937/3875/3937 3906/3844/3906
f 3906/3844/3906 3937/3875/3937 3938/3876/3938 3907/3845/3907
f 3907/3845/3907 3938/3876/3938 3939/3877/3939 3908/3846/3908
f 3908/3846/3908 3939/3877/3939 3940/3878/3940 3909/3847/3909
f 3909/3847/3909 3940/3878/3940 3941/3879/3941 3910/3848/3910
f 3910/3848/3910 3941/3879/3941 3942/3880/3942 3911/3849/3911
f 3911/3849/3911 3942/3880/3942 3943/3881/3943 3912/3850/3912
f 3912/3850/3912 3943/3881/3943 3944/3882/3944 3913/3851/3913
f 3913/3851/3913 3944/3882/3944 3945/3883/3945 3914/3852/3914
f 3915/3853/3915 3946/3884/3946 3947/3885/3947 3916/3854/3916
f 3916/3854/3916 3947/3885/3947 3948/3886/3948 3917/3855/3917
f 3917/3855/3917 3948/3886/3948 3949/3887/3949 3918/3856/3918
f 3918/3856/3918 3949/3887/3949 3950/3888/3950 3919/3857/3919
f 3919/3857/3919 3950/3888/3950 3951/3889/3951 3920/3858/3920
f 3920/3858/3920 3951/3889/3951 3952/3890/3952 3921/3859/3921
f 3921/3859/3921 3952/3890/3952 3953/3891/3953 3922/3860/3922
f 3922/3860/3922 3953/3891/3953 3954/3892/3954 3923/3861/3923
f 3923/3861/3923 3954/3892/3954 3955/3893/3955 3924/3862/3924
f 3924/3862/3924 3955/3893/3955 3956/3894/3956 3925/3863/3925
f 3925/3863/3925 3956/3894/3956 3957/3895/3957 3926/3864/3926
f 3926/3864/3926 3957/3895/3957 3958/3896/3958 3927/3865/3927
f 3927/3865/3927 3958/3896/3958 3959/3897/3959 3928/3866/3928
f 3928/3866/3928 3959/3897/3959 3960/3898/3960 3929/3867/3929
f 3929/3867/3929 3960/3898/3960 3961/3899/3961 3930/3868/3930
f 3930/3868/3930 3961/3899/3961 3962/3900/3962 3931/3869/3931
f 3931/3869/3931 3962/3900/3962 3963/3901/3963 3932/3870/3932
f 3932/3870/3932 3963/3901/3963 3964/3902/3964 3933/3871/3933
f 3933/3871/3933 3964/3902/3964 3965/3903/3965 3934/3872/3934
f 3934/3872/3934 3965/3903/3965 3966/3904/3966 3935/3873/3935
f 3935/3873/3935 3966/3904/3966 3967/3905/3967 3936/3874/3936
f 3936/3874/3936 3967/3905/3967 3968/3906/3968 3937/3875/3937
f 3937/3875/3937 3968/3906/3968 3969/3907/3969 3938/3876/3938
f 3938/3876/3938 3969/3907/3969 3970/3908/3970 3939/3877/3939
f 3939/3877/3939 3970/3908/3970 3971/3909/3971 3940/3878/3940
f 3940/3878/3940 3971/3909/3971 3972/3910/3972 3941/3879/3941
f 3941/3879/3941 3972/3910/3972 3973/3911/3973 3942/3880/3942
f 3942/3880/3942 3973/3911/3973 3974/3912/3974 3943/3881/3943
f 3943/3881/3943 3974/3912/3974 3975/3913/3975 3944/3882/3944
f 3944/3882/3944 3975/3913/3975 3976/3914/3976 3945/3883/3945
f 3946/3884/3946 3977/3915/3977 3978/3916/3978 3947/3885/3947
f 3947/3885/3947 3978/3916/3978 3979/3917/3979 3948/3886/3948
f 3948/3886/3948 3979/3917/3979 3980/3918/3980 3949/3887/3949
f 3949/3887/3949 3980/3918/3980 3981/3919/3981 3950/3888/3950
f 3950/3888/3950 3981/3919/3981 3982/3920/3982 3951/3889/3951
f 3951/3889/3951 3982/3920/3982 3983/3921/3983 3952/3890/3952
f 3952/3890/3952 3983/3921/3983 3984/3922/3984 3953/3891/3953
f 3953/3891/3953 3984/3922/3984 3985/3923/3985 3954/3892/3954
f 3954/3892/3954 3985/3923/3985 3986/3924/3986 3955/3893/3955
f 3955/3893/3955 3986/3924/3986 3987/3925/3987 3956/3894/3956
f 3956/3894/3956 3987/3925/3987 3988/3926/3988 3957/3895/3957
f 3957/3895/3957 3988/3926/3988 3989/3927/3989 3958/3896/3958
f 3958/3896/3958 3989/3927/3989 3990/3928/3990 3959/3897/3959
f 3959/3897/3959 3990/3928/3990 3991/3929/3991 3960/3898/3960
f 3960/3898/3960 3991/3929/3991 3992/3930/3992 3961/3899/3961
f 3961/3899/3961 3992/3930/3992 3993/3931/3993 3962/3900/3962
f 3962/3900/3962 3993/3931/3993 3994/3932/3994 3963/3901/3963
f 3963/3901/3963 3994/3932/3994 3995/3933/3995 3964/3902/3964
f 3964/3902/3964 3995/3933/3995 3996/3934/3996 3965/3903/3965
f 3965/3903/3965 3996/3934/3996 3997/3935/3997 3966/3904/3966
f 3966/3904/3966 3997/3935/3997 3998/3936/3998 3967/3905/3967
f 3967/3905/3967 3998/3936/3998 3999/3937/3999 3968/3906/3968
f 3968/3906/3968 3999/3937/3999 4000/3938/4000 3969/3907/3969
f 3969/3907/3969 4000/3938/4000 4001/3939/4001 3970/3908/3970
f 3970/3908/3970 4001/3939/4001 4002/3940/4002 3971/3909/3971
f 3971/3909/3971 4002/3940/4002 4003/3941/4003 3972/3910/3972
f 3972/3910/3972 4003/3941/4003 4004/3942/4004 3973/3911/3973
f 3973/3911/3973 4004/3942/4004 4005/3943/4005 3974/3912/3974
f 3974/3912/3974 4005/3943/4005 4006/3944/4006 3975/3913/3975
f 3975/3913/3975 4006/3944/4006 4007/3945/4007 3976/3914/3976
f 3977/3915/3977 4008/3946/4008 4009/3947/4009 3978/3916/3978
f 3978/3916/3978 4009/3947/4009 4010/3948/4010 3979/3917/3979
f 3979/3917/3979 4010/3948/4010 4011/3949/4011 3980/3918/3980
f 3980/3918/3980 4011/3949/4011 4012/3950/4012 3981/3919/3981
f 3981/3919/3981 4012/3950/4012 4013/3951/4013 3982/3920/3982
f 3982/3920/3982 4013/3951/4013 4014/3952/4014 3983/3921/3983
f 3983/3921/3983 4014/3952/4014 4015/3953/4015 3984/3922/3984
f 3984/3922/3984 4015/3953/4015 4016/3954/4016 3985/3923/3985
f 3985/3923/3985 4016/3954/4016 4017/3955/4017 3986/3924/3986
f 3986/3924/3986 4017/3955/4017 4018/3956/4018 3987/3925/3987
f 3987/3925/3987 4018/3956/4018 4019/3957/4019 3988/3926/3988
f 3988/3926/3988 4019/3957/4019 4020/3958/4020 3989/3927/3989
f 3989/3927/3989 4020/3958/4020 4021/3959/4021 3990/3928/3990
f 3990/3928/3990 4021/3959/4021 4022/3960/4022 3991/3929/3991
f 3991/3929/3991 4022/3960/4022 4023/3961/4023 3992/3930/3992
f 3992/3930/3992 4023/3961/4023 4024/3962/4024 3993/3931/3993
f 3993/3931/3993 4024/3962/4024 4025/3963/4025 3994/3932/3994
f 3994/3932/3994 4025/3963/4025 4026/3964/4026 3995/3933/3995
f 3995/3933/3995 4026/3964/4026 4027/3965/4027 3996/3934/3996
f 3996/3934/3996 4027/3965/4027 4028/3966/4028 3997/3935/3997
f 3997/3935/3997 4028/3966/4028 4029/3967/4029 3998/3936/3998
f 3998/3936/3998 4029/3967/4029 4030/3968/4030 3999/3937/3999
f 3999/3937/3999 4030/3968/4030 4031/3969/4031 4000/3938/4000
f 4000/3938/4000 4031/3969/4031 4032/3970/4032 4001/3939/4001
f 4001/3939/4001 4032/3970/4032 4033/3971/4033 4002/3940/4002
f 4002/3940/4002 4033/3971/4033 4034/3972/4034 4003/3941/4003
f 4003/3941/4003 4034/3972/4034 4035/3973/4035 4004/3942/4004
f 4004/3942/4004 4035/3973/4035 4036/3974/4036 4005/3943/4005
f 4005/3943/4005 4036/3974/4036 4037/3975/4037 4006/3944/4006
f 4006/3944/4006 4037/3975/4037 4038/3976/4038 4007/3945/4007
f 4008/3946/4008 4039/3977/4039 4040/3978/4040 4009/3947/4009
f 4009/3947/4009 4040/3978/4040 4041/3979/4041 4010/3948/4010
f 4010/3948/4010 4041/3979/4041 4042/3980/4042 4011/3949/4011
f 4011/3949/4011 4042/3980/4042 4043/3981/4043 4012/3950/4012
f 4012/3950/4012 4043/3981/4043 4044/3982/4044 4013/3951/4013
f 4013/3951/4013 4044/3982/4044 4045/3983/4045 4014/3952/4014
f 4014/3952/4014 4045/3983/4045 4046/3984/4046 4015/3953/4015
f 4015/3953/4015 4046/3984/4046 4047/3985/4047 4016/3954/4016
f 4016/3954/4016 4047/3985/4047 4048/3986/4048 4017/3955/4017
f 4017/3955/4017 4048/3986/4048 4049/3987/4049 4018/3956/4018
f 4018/3956/4018 4049/3987/4049 4050/3988/4050 4019/3957/4019
f 4019/3957/4019 4050/3988/4050 4051/3989/4051 4020/3958/4020
f 4020/3958/4020 4051/3989/4051 4052/3990/4052 4021/3959/4021
f 4021/3959/4021 4052/3990/4052 4053/3991/4053 4022/3960/4022
f 4022/3960/4022 4053/3991/4053 4054/3992/4054 4023/3961/4023
f 4023/3961/4023 4054/3992/4054 4055/3993/4055 4024/3962/4024
f 4024/3962/4024 4055/3993/4055 4056/3994/4056 4025/3963/4025
f 4025/3963/4025 4056/3994/4056 4057/3995/4057 4026/3964/4026
f 4026/3964/4026 4057/3995/4057 4058/3996/4058 4027/3965/4027
f 4027/3965/4027 4058/3996/4058 4059/3997/4059 4028/3966/4028
f 4028/3966/4028 4059/3997/4059 4060/3998/4060 4029/3967/4029
f 4029/3967/4029 4060/3998/4060 4061/3999/4061 4030/3968/4030
f 4030/3968/4030 4061/3999/4061 4062/4000/4062 4031/3969/4031
f 4031/3969/4031 4062/4000/4062 4063/4001/4063 4032/3970/4032
f 4032/3970/4032 4063/4001/4063 4064/4002/4064 4033/3971/4033
f 4033/3971/4033 4064/4002/4064 4065/4003/4065 4034/3972/4034
f 4034/3972/4034 4065/4003/4065 4066/4004/4066 4035/3973/4035
f 4035/3973/4035 4066/4004/4066 4067/4005/4067 4036/3974/4036
f 4036/3974/4036 4067/4005/4067 4068/4006/4068 4037/3975/4037
f 4037/3975/4037 4068/4006/4068 4069/4007/4069 4038/3976/4038
f 4039/3977/4039 4070/4008/4070 4071/4009/4071 4040/3978/4040
f 4040/3978/4040 4071/4009/4071 4072/4010/4072 4041/3979/4041
f 4041/3979/4041 4072/4010/4072 4073/4011/4073 4042/3980/4042
f 4042/3980/4042 4073/4011/4073 4074/4012/4074 4043/3981/4043
f 4043/3981/4043 4074/4012/4074 4075/4013/4075 4044/3982/4044
f 4044/3982/4044 4075/4013/4075 4076/4014/4076 4045/3983/4045
f 4045/3983/4045 4076/4014/4076 4077/4015/4077 4046/3984/4046
f 4046/3984/4046 4077/4015/4077 4078/4016/4078 4047/3985/4047
f 4047/3985/4047 4078/4016/4078 4079/4017/4079 4048/3986/4048
f 4048/3986/4048 4079/4017/4079 4080/4018/4080 4049/3987/4049
f 4049/3987/4049 4080/4018/4080 4081/4019/4081 4050/3988/4050
f 4050/3988/4050 4081/4019/4081 4082/4020/4082 4051/3989/4051
f 4051/3989/4051 4082/4020/4082 4083/4021/4083 4052/3990/4052
f 4052/3990/4052 4083/4021/4083 4084/4022/4084 4053/3991/4053
f 4053/3991/4053 4084/4022/4084 4085/4023/4085 4054/3992/4054
f 4054/3992/4054 4085/4023/4085 4086/4024/4086 4055/3993/4055
f 4055/3993/4055 4086/4024/4086 4087/4025/4087 4056/3994/4056
f 4056/3994/4056 4087/4025/4087 4088/4026/4088 4057/3995/4057
f 4057/3995/4057 4088/4026/4088 4089/4027/4089 4058/3996/4058
f 4058/3996/4058 4089/4027/4089 4090/4028/4090 4059/3997/4059
f 4059/3997/4059 4090/4028/4090 4091/4029/4091 4060/3998/4060
f 4060/3998/4060 4091/4029/4091 4092/4030/4092 4061/3999/4061
f 4061/3999/4061 4092/4030/4092 4093/4031/4093 4062/4000/4062
f 4062/4000/4062 4093/4031/4093 4094/4032/4094 4063/4001/4063
f 4063/4001/4063 4094/4032/4094 4095/4033/4095 4064/4002/4064
f 4064/4002/4064 4095/4033/4095 4096/4034/4096 4065/4003/4065
f 4065/4003/4065 4096/4034/4096 4097/4035/4097 4066/4004/4066
f 4066/4004/4066 4097/4035/4097 4098/4036/4098 4067/4005/4067
f 4067/4005/4067 4098/4036/4098 4099/4037/4099 4068/4006/4068
f 4068/4006/4068 4099/4037/4099 4100/4038/4100 4069/4007/4069
f 4070/4008/4070 4101/4039/4101 4102/4040/4102 4071/4009/4071
f 4071/4009/4071 4102/4040/4102 4103/4041/4103 4072/4010/4072
f 4072/4010/4072 4103/4041/4103 4104/4042/4104 4073/4011/4073
f 4073/4011/4073 4104/4042/4104 4105/4043/4105 4074/4012/4074
f 4074/4012/4074 4105/4043/4105 4106/4044/4106 4075/4013/4075
f 4075/4013/4075 4106/4044/4106 4107/4045/4107 4076/4014/4076
f 4076/4014/4076 4107/4045/4107 4108/4046/4108 4077/4015/4077
f 4077/4015/4077 4108/4046/4108 4109/4047/4109 4078/4016/4078
f 4078/4016/4078 4109/4047/4109 4110/4048/4110 4079/4017/4079
f 4079/4017/4079 4110/4048/4110 4111/4049/4081 4080/4018/4080
f 4080/4018/4080 4111/4049/4081 4112/4050/4111 4081/4019/4081
f 4081/4019/4081 4112/4050/4111 4113/4051/4112 4082/4020/4082
f 4082/4020/4082 4113/4051/4112 4114/4052/4113 4083/4021/4083
f 4083/4021/4083 4114/4052/4113 4115/4053/4114 4084/4022/4084
f 4084/4022/4084 4115/4053/4114 4116/4054/4115 4085/4023/4085
f 4085/4023/4085 4116/4054/4115 4117/4055/4116 4086/4024/4086
f 4086/4024/4086 4117/4055/4116 4118/4056/4117 4087/4025/4087
f 4087/4025/4087 4118/4056/4117 4119/4057/4118 4088/4026/4088
f 4088/4026/4088 4119/4057/4118 4120/4058/4119 4089/4027/4089
f 4089/4027/4089 4120/4058/4119 4121/4059/4120 4090/4028/4090
f 4090/4028/4090 4121/4059/4120 4122/4060/4121 4091/4029/4091
f 4091/4029/4091 4122/4060/4121 4123/4061/4122 4092/4030/4092
f 4092/4030/4092 4123/4061/4122 4124/4062/4123 4093/4031/4093
f 4093/4031/4093 4124/4062/4123 4125/4063/4124 4094/4032/4094
f 4094/4032/4094 4125/4063/4124 4126/4064/4125 4095/4033/4095
f 4095/4033/4095 4126/4064/4125 4127/4065/4126 4096/4034/4096
f 4096/4034/4096 4127/4065/4126 4128/4066/4127 4097/4035/4097
f 4097/4035/4097 4128/4066/4127 4129/4067/4128 4098/4036/4098
f 4098/4036/4098 4129/4067/4128 4130/4068/4129 4099/4037/4099
f 4099/4037/4099 4130/4068/4129 4131/4069/4130 4100/4038/4100
f 4101/4039/4101 4132/4070/4131 4133/4071/4132 4102/4040/4102
f 4102/4040/4102 4133/4071/4132 4134/4072/4133 4103/4041/4103
f 4103/4041/4103 4134/4072/4133 4135/4073/4134 4104/4042/4104
f 4104/4042/4104 4135/4073/4134 4136/4074/4135 4105/4043/4105
f 4105/4043/4105 4136/4074/4135 4137/4075/4136 4106/4044/4106
f 4106/4044/4106 4137/4075/4136 4138/4076/4137 4107/4045/4107
f 4107/4045/4107 4138/4076/4137 4139/4077/4138 4108/4046/4108
f 4108/4046/4108 4139/4077/4138 4140/4078/4139 4109/4047/4109
f 4109/4047/4109 4140/4078/4139 4141/4079/4140 4110/4048/4110
f 4110/4048/4110 4141/4079/4140 4142/4080/4141 4111/4049/4081
f 4111/4049/4081 4142/4080/4141 4143/4081/4142 4112/4050/4111
f 4112/4050/4111 4143/4081/4142 4144/4082/4143 4113/4051/4112
f 4113/4051/4112 4144/4082/4143 4145/4083/4144 4114/4052/4113
f 4114/4052/4113 4145/4083/4144 4146/4084/4145 4115/4053/4114
f 4115/4053/4114 4146/4084/4145 4147/4085/4146 4116/4054/4115
f 4116/4054/4115 4147/4085/4146 4148/4086/4147 4117/4055/4116
f 4117/4055/4116 4148/4086/4147 4149/4087/4148 4118/4056/4117
f 4118/4056/4117 4149/4087/4148 4150/4088/4149 4119/4057/4118
f 4119/4057/4118 4150/4088/4149 4151/4089/4150 4120/4058/4119
f 4120/4058/4119 4151/4089/4150 4152/4090/4151 4121/4059/4120
f 4121/4059/4120 4152/4090/4151 4153/4091/4152 4122/4060/4121
f 4122/4060/4121 4153/4091/4152 4154/4092/4153 4123/4061/4122
f 4123/4061/4122 4154/4092/4153 4155/4093/4154 4124/4062/4123
f 4124/4062/4123 4155/4093/4154 4156/4094/4155 4125/4063/4124
f 4125/4063/4124 4156/4094/4155 4157/4095/4156 4126/4064/4125
f 4126/4064/4125 4157/4095/4156 4158/4096/4157 4127/4065/4126
f 4127/4065/4126 4158/4096/4157 4159/4097/4158 4128/4066/4127
f 4128/4066/4127 4159/4097/4158 4160/4098/4159 4129/4067/4128
f 4129/4067/4128 4160/4098/4159 4161/4099/4160 4130/4068/4129
f 4130/4068/4129 4161/4099/4160 4162/4100/4161 4131/4069/4130
f 4132/4070/4131 4163/4101/4162 4164/4102/4163 4133/4071/4132
f 4133/4071/4132 4164/4102/4163 4165/4103/4164 4134/4072/4133
f 4134/4072/4133 4165/4103/4164 4166/4104/4165 4135/4073/4134
f 4135/4073/4134 4166/4104/4165 4167/4105/4166 4136/4074/4135
f 4136/4074/4135 4167/4105/4166 4168/4106/4167 4137/4075/4136
f 4137/4075/4136 4168/4106/4167 4169/4107/4168 4138/4076/4137
f 4138/4076/4137 4169/4107/4168 4170/4108/4169 4139/4077/4138
f 4139/4077/4138 4170/4108/4169 4171/4109/4170 4140/4078/4139
f 4140/4078/4139 4171/4109/4170 4172/4110/4171 4141/4079/4140
f 4141/4079/4140 4172/4110/4171 4173/4111/4172 4142/4080/4141
f 4142/4080/4141 4173/4111/4172 4174/4112/4173 4143/4081/4142
f 4143/4081/4142 4174/4112/4173 4175/4113/4174 4144/4082/4143
f 4144/4082/4143 4175/4113/4174 4176/4114/4175 4145/4083/4144
f 4145/4083/4144 4176/4114/4175 4177/4115/4176 4146/4084/4145
f 4146/4084/4145 4177/4115/4176 4178/4116/4177 4147/4085/4146
f 4147/4085/4146 4178/4116/4177 4179/4117/4178 4148/4086/4147
f 4148/4086/4147 4179/4117/4178 4180/4118/4179 4149/4087/4148
f 4149/4087/4148 4180/4118/4179 4181/4119/4180 4150/4088/4149
f 4150/4088/4149 4181/4119/4180 4182/4120/4181 4151/4089/4150
f 4151/4089/4150 4182/4120/4181 4183/4121/4182 4152/4090/4151
f 4152/4090/4151 4183/4121/4182 4184/4122/4183 4153/4091/4152
f 4153/4091/4152 4184/4122/4183 4185/4123/4184 4154/4092/4153
f 4154/4092/4153 4185/4123/4184 4186/4124/4185 4155/4093/4154
f 4155/4093/4154 4186/4124/4185 4187/4125/4186 4156/4094/4155
f 4156/4094/4155 4187/4125/4186 4188/4126/4187 4157/4095/4156
f 4157/4095/4156 4188/4126/4187 4189/4127/4188 4158/4096/4157
f 4158/4096/4157 4189/4127/4188 4190/4128/4189 4159/4097/4158
f 4159/4097/4158 4190/4128/4189 4191/4129/4190 4160/4098/4159
f 4160/4098/4159 4191/4129/4190 4192/4130/4191 4161/4099/4160
f 4161/4099/4160 4192/4130/4191 4193/4131/4192 4162/4100/4161
f 4163/4101/4162 4194/4132/4193 4195/4133/4194 4164/4102/4163
f 4164/4102/4163 4195/4133/4194 4196/4134/4195 4165/4103/4164
f 4165/4103/4164 4196/4134/4195 4197/4135/4196 4166/4104/4165
f 4166/4104/4165 4197/4135/4196 4198/4136/4197 4167/4105/4166
f 4167/4105/4166 4198/4136/4197 4199/4137/4198 4168/4106/4167
f 4168/4106/4167 4199/4137/4198 4200/4138/4199 4169/4107/4168
f 4169/4107/4168 4200/4138/4199 4201/4139/4200 4170/4108/4169
f 4170/4108/4169 4201/4139/4200 4202/4140/4201 4171/4109/4170
f 4171/4109/4170 4202/4140/4201 4203/4141/4202 4172/4110/4171
f 4172/4110/4171 4203/4141/4202 4204/4142/4203 4173/4111/4172
f 4173/4111/4172 4204/4142/4203 4205/4143/4204 4174/4112/4173
f 4174/4112/4173 4205/4143/4204 4206/4144/4205 4175/4113/4174
f 4175/4113/4174 4206/4144/4205 4207/4145/4206 4176/4114/4175
f 4176/4114/4175 4207/4145/4206 4208/4146/4207 4177/4115/4176
f 4177/4115/4176 4208/4146/4207 4209/4147/4208 4178/4116/4177
f 4178/4116/4177 4209/4147/4208 4210/4148/4209 4179/4117/4178
f 4179/4117/4178 4210/4148/4209 4211/4149/4210 4180/4118/4179
f 4180/4118/4179 4211/4149/4210 4212/4150/4211 4181/4119/4180
f 4181/4119/4180 4212/4150/4211 4213/4151/4212 4182/4120/4181
f 4182/4120/4181 4213/4151/4212 4214/4152/4213 4183/4121/4182
f 4183/4121/4182 4214/4152/4213 4215/4153/4214 4184/4122/4183
f 4184/4122/4183 4215/4153/4214 4216/4154/4215 4185/4123/4184
f 4185/4123/4184 4216/4154/4215 4217/4155/4216 4186/4124/4185
f 4186/4124/4185 4217/4155/4216 4218/4156/4217 4187/4125/4186
f 4187/4125/4186 4218/4156/4217 4219/4157/4218 4188/4126/4187
f 4188/4126/4187 4219/4157/4218 4220/4158/4219 4189/4127/4188
f 4189/4127/4188 4220/4158/4219 4221/4159/4220 4190/4128/4189
f 4190/4128/4189 4221/4159/4220 4222/4160/4221 4191/4129/4190
f 4191/4129/4190 4222/4160/4221 4223/4161/4222 4192/4130/4191
f 4192/4130/4191 4223/4161/4222 4224/4162/4223 4193/4131/4192
f 3/1060/3 319/4163/319 3264/3202/3264 71/1058/71
f 71/1058/71 3264/3202/3264 3265/3205/3265 72/1057/72
f 72/1057/72 3265/3205/3265 3266/3207/3266 73/1056/73
f 73/1056/73 3266/3207/3266 3267/3209/3267 74/1055/74
f 74/1055/74 3267/3209/3267 3268/3211/3268 75/1054/75
f 75/1054/75 3268/3211/3268 3269/3213/3269 76/1053/76
f 76/1053/76 3269/3213/3269 3270/3215/3270 77/1052/77
f 77/1052/77 3270/3215/3270 3271/3217/3271 78/1051/78
f 78/1051/78 3271/3217/3271 3272/3219/3272 79/1050/79
f 79/1050/79 3272/3219/3272 3273/3221/3273 80/1049/80
f 80/1049/80 3273/3221/3273 3274/3223/3274 81/1048/81
f 81/1048/81 3274/3223/3274 3275/3225/3275 82/1047/82
f 82/1047/82 3275/3225/3275 3276/3227/3276 83/1046/83
f 83/1046/83 3276/3227/3276 3277/3229/3277 84/1045/84
f 84/1045/84 3277/3229/3277 3278/3231/3278 85/1044/85
f 85/1044/85 3278/3231/3278 3279/3233/3279 86/1043/86
f 86/1043/86 3279/3233/3279 3280/3235/3280 87/1042/87
f 87/1042/87 3280/3235/3280 3281/3237/3281 88/1041/88
f 88/1041/88 3281/3237/3281 3282/3239/3282 89/1040/89
f 89/1040/89 3282/3239/3282 3283/3241/3283 90/1039/90
f 90/1039/90 3283/3241/3283 3284/3243/3284 91/1038/91
f 91/1038/91 3284/3243/3284 3285/3245/3285 92/1037/92
f 92/1037/92 3285/3245/3285 3286/3247/3286 93/1036/93
f 93/1036/93 3286/3247/3286 3287/3249/3287 94/1035/94
f 94/1035/94 3287/3249/3287 3288/3251/3288 95/1034/95
f 95/1034/95 3288/3251/3288 3289/3253/3289 96/1033/96
f 96/1033/96 3289/3253/3289 3290/3255/3290 97/1032/97
f 97/1032/97 3290/3255/3290 3291/3257/3291 98/1031/98
f 98/1031/98 3291/3257/3291 3292/3259/3292 99/1030/99
f 99/1030/99 3292/3259/3292 3293/3261/3293 100/1029/100
f 100/1029/100 3293/3261/3293 3294/3263/3294 101/1027/101
f 101/1027/101 3294/3263/3294 318/3171/318 7/1028/7
f 3294/3263/3294 3325/3262/3325 317/3170/317 318/3171/318
f 3325/3262/3325 3356/3294/3356 316/3169/316 317/3170/317
f 3356/3294/3356 3387/3325/3387 315/3168/315 316/3169/316
f 3387/3325/3387 3418/3356/3418 314/3167/314 315/3168/315
f 3418/3356/3418 3449/3387/3449 313/3166/313 314/3167/314
f 3449/3387/3449 3480/3418/3480 312/3165/312 313/3166/313
f 3480/3418/3480 3511/3449/3511 311/3164/311 312/3165/312
f 3511/3449/3511 3542/3480/3542 310/3163/310 311/3164/311
f 3542/3480/3542 3573/3511/3573 309/3162/309 310/3163/310
f 3573/3511/3573 3604/3542/3604 308/3161/308 309/3162/309
f 3604/3542/3604 3635/3573/3635 307/3160/307 308/3161/308
f 3635/3573/3635 3666/3604/3666 306/3159/306 307/3160/307
f 3666/3604/3666 3697/3635/3697 305/3158/305 306/3159/306
f 3697/3635/3697 3728/3666/3728 304/3157/304 305/3158/305
f 3728/3666/3728 3759/3697/3759 303/3156/303 304/3157/304
f 3759/3697/3759 3790/3728/3790 302/3155/302 303/3156/303
f 3790/3728/3790 3821/3759/3821 301/3154/301 302/3155/302
f 3821/3759/3821 3852/3790/3852 300/3153/300 301/3154/301
f 3852/3790/3852 3883/3821/3883 299/3152/299 300/3153/300
f 3883/3821/3883 3914/3852/3914 298/3151/298 299/3152/299
f 3914/3852/3914 3945/3883/3945 297/3150/297 298/3151/298
f 3945/3883/3945 3976/3914/3976 296/3149/296 297/3150/297
f 3976/3914/3976 4007/3945/4007 295/3148/295 296/3149/296
f 4007/3945/4007 4038/3976/4038 294/3147/294 295/3148/295
f 4038/3976/4038 4069/4007/4069 293/3146/293 294/3147/294
f 4069/4007/4069 4100/4038/4100 292/3145/292 293/3146/293
f 4100/4038/4100 4131/4069/4130 291/3144/291 292/3145/292
f 4131/4069/4130 4162/4100/4161 290/3143/290 291/3144/291
f 4162/4100/4161 4193/4131/4192 289/3142/289 290/3143/290
f 4193/4131/4192 4224/4162/4223 288/3141/288 289/3142/289
f 4224/4162/4223 133/2147/133 8/2149/8 288/3141/288
f 4223/4161/4222 134/2146/134 133/2147/133 4224/4162/4223
f 4222/4160/4221 135/2145/135 134/2146/134 4223/4161/4222
f 4221/4159/4220 136/2144/136 135/2145/135 4222/4160/4221
f 4220/4158/4219 137/2143/137 136/2144/136 4221/4159/4220
f 4219/4157/4218 138/2142/138 137/2143/137 4220/4158/4219
f 4218/4156/4217 139/2141/139 138/2142/138 4219/4157/4218
f 4217/4155/4216 140/2140/140 139/2141/139 4218/4156/4217
f 4216/4154/4215 141/2139/141 140/2140/140 4217/4155/4216
f 4215/4153/4214 142/2138/142 141/2139/141 4216/4154/4215
f 4214/4152/4213 143/2137/143 142/2138/142 4215/4153/4214
f 4213/4151/4212 144/2136/144 143/2137/143 4214/4152/4213
f 4212/4150/4211 145/2135/145 144/2136/144 4213/4151/4212
f 4211/4149/4210 146/2134/146 145/2135/145 4212/4150/4211
f 4210/4148/4209 147/2133/147 146/2134/146 4211/4149/4210
f 4209/4147/4208 148/2132/148 147/2133/147 4210/4148/4209
f 4208/4146/4207 149/2131/149 148/2132/148 4209/4147/4208
f 4207/4145/4206 150/2130/150 149/2131/149 4208/4146/4207
f 4206/4144/4205 151/2129/151 150/2130/150 4207/4145/4206
f 4205/4143/4204 152/2128/152 151/2129/151 4206/4144/4205
f 4204/4142/4203 153/2127/153 152/2128/152 4205/4143/4204
f 4203/4141/4202 154/2126/154 153/2127/153 4204/4142/4203
f 4202/4140/4201 155/2125/155 154/2126/154 4203/4141/4202
f 4201/4139/4200 156/2124/156 155/2125/155 4202/4140/4201
f 4200/4138/4199 157/2123/157 156/2124/156 4201/4139/4200
f 4199/4137/4198 158/2122/158 157/2123/157 4200/4138/4199
f 4198/4136/4197 159/2121/159 158/2122/158 4199/4137/4198
f 4197/4135/4196 160/2120/160 159/2121/159 4198/4136/4197
f 4196/4134/4195 161/2119/161 160/2120/160 4197/4135/4196
f 4195/4133/4194 162/2118/162 161/2119/161 4196/4134/4195
f 4194/4132/4193 163/2116/163 162/2118/162 4195/4133/4194
f 349/4164/349 4/2117/4 163/2116/163 4194/4132/4193
f 348/4165/348 349/4164/349 4194/4132/4193 4163/4101/4162
f 347/4166/347 348/4165/348 4163/4101/4162 4132/4070/4131
f 346/4167/346 347/4166/347 4132/4070/4131 4101/4039/4101
f 345/4168/345 346/4167/346 4101/4039/4101 4070/4008/4070
f 344/4169/344 345/4168/345 4070/4008/4070 4039/3977/4039
f 343/4170/343 344/4169/344 4039/3977/4039 4008/3946/4008
f 342/4171/342 343/4170/343 4008/3946/4008 3977/3915/3977
f 341/4172/341 342/4171/342 3977/3915/3977 3946/3884/3946
f 340/4173/340 341/4172/341 3946/3884/3946 3915/3853/3915
f 339/4174/339 340/4173/340 3915/3853/3915 3884/3822/3884
f 338/4175/338 339/4174/339 3884/3822/3884 3853/3791/3853
f 337/4176/337 338/4175/338 3853/3791/3853 3822/3760/3822
f 336/4177/336 337/4176/337 3822/3760/3822 3791/3729/3791
f 335/4178/335 336/4177/336 3791/3729/3791 3760/3698/3760
f 334/4179/334 335/4178/335 3760/3698/3760 3729/3667/3729
f 333/4180/333 334/4179/334 3729/3667/3729 3698/3636/3698
f 332/4181/332 333/4180/333 3698/3636/3698 3667/3605/3667
f 331/4182/331 332/4181/332 3667/3605/3667 3636/3574/3636
f 330/4183/330 331/4182/331 3636/3574/3636 3605/3543/3605
f 329/4184/329 330/4183/330 3605/3543/3605 3574/3512/3574
f 328/4185/328 329/4184/329 3574/3512/3574 3543/3481/3543
f 327/4186/327 328/4185/328 3543/3481/3543 3512/3450/3512
f 326/4187/326 327/4186/327 3512/3450/3512 3481/3419/3481
f 325/4188/325 326/4187/326 3481/3419/3481 3450/3388/3450
f 324/4189/324 325/4188/325 3450/3388/3450 3419/3357/3419
f 323/4190/323 324/4189/324 3419/3357/3419 3388/3326/3388
f 322/4191/322 323/4190/323 3388/3326/3388 3357/3295/3357
f 321/4192/321 322/4191/322 3357/3295/3357 3326/3264/3326
f 320/4193/320 321/4192/321 3326/3264/3326 3295/3203/3295
f 319/4163/319 320/4193/320 3295/3203/3295 3264/3202/3264
f 4225/4194/4224 4256/4195/4255 4257/4196/4256 4226/4197/4225
f 4226/4197/4225 4257/4196/4256 4258/4198/4257 4227/4199/4226
f 4227/4199/4226 4258/4198/4257 4259/4200/4258 4228/4201/4227
f 4228/4201/4227 4259/4200/4258 4260/4202/4259 4229/4203/4228
f 4229/4203/4228 4260/4202/4259 4261/4204/4260 4230/4205/4229
f 4230/4205/4229 4261/4204/4260 4262/4206/4261 4231/4207/4230
f 4231/4207/4230 4262/4206/4261 4263/4208/4262 4232/4209/4231
f 4232/4209/4231 4263/4208/4262 4264/4210/4263 4233/4211/4232
f 4233/4211/4232 4264/4210/4263 4265/4212/4264 4234/4213/4233
f 4234/4213/4233 4265/4212/4264 4266/4214/4265 4235/4215/4234
f 4235/4215/4234 4266/4214/4265 4267/4216/4266 4236/4217/4235
f 4236/4217/4235 4267/4216/4266 4268/4218/4267 4237/4219/4236
f 4237/4219/4236 4268/4218/4267 4269/4220/4268 4238/4221/4237
f 4238/4221/4237 4269/4220/4268 4270/4222/4269 4239/4223/4238
f 4239/4223/4238 4270/4222/4269 4271/4224/4270 4240/4225/4239
f 4240/4225/4239 4271/4224/4270 4272/4226/4271 4241/4227/4240
f 4241/4227/4240 4272/4226/4271 4273/4228/4272 4242/4229/4241
f 4242/4229/4241 4273/4228/4272 4274/4230/4273 4243/4231/4242
f 4243/4231/4242 4274/4230/4273 4275/4232/4274 4244/4233/4243
f 4244/4233/4243 4275/4232/4274 4276/4234/4275 4245/4235/4244
f 4245/4235/4244 4276/4234/4275 4277/4236/4276 4246/4237/4245
f 4246/4237/4245 4277/4236/4276 4278/4238/4277 4247/4239/4246
f 4247/4239/4246 4278/4238/4277 4279/4240/4278 4248/4241/4247
f 4248/4241/4247 4279/4240/4278 4280/4242/4279 4249/4243/4248
f 4249/4243/4248 4280/4242/4279 4281/4244/4280 4250/4245/4249
f 4250/4245/4249 4281/4244/4280 4282/4246/4281 4251/4247/4250
f 4251/4247/4250 4282/4246/4281 4283/4248/4282 4252/4249/4251
f 4252/4249/4251 4283/4248/4282 4284/4250/4283 4253/4251/4252
f 4253/4251/4252 4284/4250/4283 4285/4252/4284 4254/4253/4253
f 4254/4253/4253 4285/4252/4284 4286/4254/4285 4255/4255/4254
f 4256/4195/4255 4287/4256/4286 4288/4257/4287 4257/4196/4256
f 4257/4196/4256 4288/4257/4287 4289/4258/4288 4258/4198/4257
f 4258/4198/4257 4289/4258/4288 4290/4259/4289 4259/4200/4258
f 4259/4200/4258 4290/4259/4289 4291/4260/4290 4260/4202/4259
f 4260/4202/4259 4291/4260/4290 4292/4261/4291 4261/4204/4260
f 4261/4204/4260 4292/4261/4291 4293/4262/4292 4262/4206/4261
f 4262/4206/4261 4293/4262/4292 4294/4263/4293 4263/4208/4262
f 4263/4208/4262 4294/4263/4293 4295/4264/4294 4264/4210/4263
f 4264/4210/4263 4295/4264/4294 4296/4265/4295 4265/4212/4264
f 4265/4212/4264 4296/4265/4295 4297/4266/4296 4266/4214/4265
f 4266/4214/4265 4297/4266/4296 4298/4267/4297 4267/4216/4266
f 4267/4216/4266 4298/4267/4297 4299/4268/4298 4268/4218/4267
f 4268/4218/4267 4299/4268/4298 4300/4269/4299 4269/4220/4268
f 4269/4220/4268 4300/4269/4299 4301/4270/4300 4270/4222/4269
f 4270/4222/4269 4301/4270/4300 4302/4271/4301 4271/4224/4270
f 4271/4224/4270 4302/4271/4301 4303/4272/4302 4272/4226/4271
f 4272/4226/4271 4303/4272/4302 4304/4273/4303 4273/4228/4272
f 4273/4228/4272 4304/4273/4303 4305/4274/4304 4274/4230/4273
f 4274/4230/4273 4305/4274/4304 4306/4275/4305 4275/4232/4274
f 4275/4232/4274 4306/4275/4305 4307/4276/4306 4276/4234/4275
f 4276/4234/4275 4307/4276/4306 4308/4277/4307 4277/4236/4276
f 4277/4236/4276 4308/4277/4307 4309/4278/4308 4278/4238/4277
f 4278/4238/4277 4309/4278/4308 4310/4279/4309 4279/4240/4278
f 4279/4240/4278 4310/4279/4309 4311/4280/4310 4280/4242/4279
f 4280/4242/4279 4311/4280/4310 4312/4281/4311 4281/4244/4280
f 4281/4244/4280 4312/4281/4311 4313/4282/4312 4282/4246/4281
f 4282/4246/4281 4313/4282/4312 4314/4283/4313 4283/4248/4282
f 4283/4248/4282 4314/4283/4313 4315/4284/4314 4284/4250/4283
f 4284/4250/4283 4315/4284/4314 4316/4285/4315 4285/4252/4284
f 4285/4252/4284 4316/4285/4315 4317/4286/4316 4286/4254/4285
f 4287/4256/4286 4318/4287/4317 4319/4288/4318 4288/4257/4287
f 4288/4257/4287 4319/4288/4318 4320/4289/4319 4289/4258/4288
f 4289/4258/4288 4320/4289/4319 4321/4290/4320 4290/4259/4289
f 4290/4259/4289 4321/4290/4320 4322/4291/4321 4291/4260/4290
f 4291/4260/4290 4322/4291/4321 4323/4292/4322 4292/4261/4291
f 4292/4261/4291 4323/4292/4322 4324/4293/4323 4293/4262/4292
f 4293/4262/4292 4324/4293/4323 4325/4294/4324 4294/4263/4293
f 4294/4263/4293 4325/4294/4324 4326/4295/4325 4295/4264/4294
f 4295/4264/4294 4326/4295/4325 4327/4296/4326 4296/4265/4295
f 4296/4265/4295 4327/4296/4326 4328/4297/4327 4297/4266/4296
f 4297/4266/4296 4328/4297/4327 4329/4298/4328 4298/4267/4297
f 4298/4267/4297 4329/4298/4328 4330/4299/4329 4299/4268/4298
f 4299/4268/4298 4330/4299/4329 4331/4300/4330 4300/4269/4299
f 4300/4269/4299 4331/4300/4330 4332/4301/4331 4301/4270/4300
f 4301/4270/4300 4332/4301/4331 4333/4302/4332 4302/4271/4301
f 4302/4271/4301 4333/4302/4332 4334/4303/4333 4303/4272/4302
f 4303/4272/4302 4334/4303/4333 4335/4304/4334 4304/4273/4303
f 4304/4273/4303 4335/4304/4334 4336/4305/4335 4305/4274/4304
f 4305/4274/4304 4336/4305/4335 4337/4306/4336 4306/4275/4305
f 4306/4275/4305 4337/4306/4336 4338/4307/4337 4307/4276/4306
f 4307/4276/4306 4338/4307/4337 4339/4308/4338 4308/4277/4307
f 4308/4277/4307 4339/4308/4338 4340/4309/4339 4309/4278/4308
f 4309/4278/4308 4340/4309/4339 4341/4310/4340 4310/4279/4309
f 4310/4279/4309 4341/4310/4340 4342/4311/4341 4311/4280/4310
f 4311/4280/4310 4342/4311/4341 4343/4312/4342 4312/4281/4311
f 4312/4281/4311 4343/4312/4342 4344/4313/4343 4313/4282/4312
f 4313/4282/4312 4344/4313/4343 4345/4314/4344 4314/4283/4313
f 4314/4283/4313 4345/4314/4344 4346/4315/4345 4315/4284/4314
f 4315/4284/4314 4346/4315/4345 4347/4316/4346 4316/4285/4315
f 4316/4285/4315 4347/4316/4346 4348/4317/4347 4317/4286/4316
f 4318/4287/4317 4349/4318/4348 4350/4319/4349 4319/4288/4318
f 4319/4288/4318 4350/4319/4349 4351/4320/4350 4320/4289/4319
f 4320/4289/4319 4351/4320/4350 4352/4321/4351 4321/4290/4320
f 4321/4290/4320 4352/4321/4351 4353/4322/4352 4322/4291/4321
f 4322/4291/4321 4353/4322/4352 4354/4323/4353 4323/4292/4322
f 4323/4292/4322 4354/4323/4353 4355/4324/4354 4324/4293/4323
f 4324/4293/4323 4355/4324/4354 4356/4325/4355 4325/4294/4324
f 4325/4294/4324 4356/4325/4355 4357/4326/4356 4326/4295/4325
f 4326/4295/4325 4357/4326/4356 4358/4327/4357 4327/4296/4326
f 4327/4296/4326 4358/4327/4357 4359/4328/4358 4328/4297/4327
f 4328/4297/4327 4359/4328/4358 4360/4329/4359 4329/4298/4328
f 4329/4298/4328 4360/4329/4359 4361/4330/4360 4330/4299/4329
f 4330/4299/4329 4361/4330/4360 4362/4331/4361 4331/4300/4330
f 4331/4300/4330 4362/4331/4361 4363/4332/4362 4332/4301/4331
f 4332/4301/4331 4363/4332/4362 4364/4333/4363 4333/4302/4332
f 4333/4302/4332 4364/4333/4363 4365/4334/4364 4334/4303/4333
f 4334/4303/4333 4365/4334/4364 4366/4335/4365 4335/4304/4334
f 4335/4304/4334 4366/4335/4365 4367/4336/4366 4336/4305/4335
f 4336/4305/4335 4367/4336/4366 4368/4337/4367 4337/4306/4336
f 4337/4306/4336 4368/4337/4367 4369/4338/4368 4338/4307/4337
f 4338/4307/4337 4369/4338/4368 4370/4339/4369 4339/4308/4338
f 4339/4308/4338 4370/4339/4369 4371/4340/4370 4340/4309/4339
f 4340/4309/4339 4371/4340/4370 4372/4341/4371 4341/4310/4340
f 4341/4310/4340 4372/4341/4371 4373/4342/4372 4342/4311/4341
f 4342/4311/4341 4373/4342/4372 4374/4343/4373 4343/4312/4342
f 4343/4312/4342 4374/4343/4373 4375/4344/4374 4344/4313/4343
f 4344/4313/4343 4375/4344/4374 4376/4345/4375 4345/4314/4344
f 4345/4314/4344 4376/4345/4375 4377/4346/4376 4346/4315/4345
f 4346/4315/4345 4377/4346/4376 4378/4347/4377 4347/4316/4346
f 4347/4316/4346 4378/4347/4377 4379/4348/4378 4348/4317/4347
f 4349/4318/4348 4380/4349/4379 4381/4350/4380 4350/4319/4349
f 4350/4319/4349 4381/4350/4380 4382/4351/4381 4351/4320/4350
f 4351/4320/4350 4382/4351/4381 4383/4352/4382 4352/4321/4351
f 4352/4321/4351 4383/4352/4382 4384/4353/4383 4353/4322/4352
f 4353/4322/4352 4384/4353/4383 4385/4354/4384 4354/4323/4353
f 4354/4323/4353 4385/4354/4384 4386/4355/4385 4355/4324/4354
f 4355/4324/4354 4386/4355/4385 4387/4356/4386 4356/4325/4355
f 4356/4325/4355 4387/4356/4386 4388/4357/4387 4357/4326/4356
f 4357/4326/4356 4388/4357/4387 4389/4358/4388 4358/4327/4357
f 4358/4327/4357 4389/4358/4388 4390/4359/4389 4359/4328/4358
f 4359/4328/4358 4390/4359/4389 4391/4360/4390 4360/4329/4359
f 4360/4329/4359 4391/4360/4390 4392/4361/4391 4361/4330/4360
f 4361/4330/4360 4392/4361/4391 4393/4362/4392 4362/4331/4361
f 4362/4331/4361 4393/4362/4392 4394/4363/4393 4363/4332/4362
f 4363/4332/4362 4394/4363/4393 4395/4364/4394 4364/4333/4363
f 4364/4333/4363 4395/4364/4394 4396/4365/4395 4365/4334/4364
f 4365/4334/4364 4396/4365/4395 4397/4366/4396 4366/4335/4365
f 4366/4335/4365 4397/4366/4396 4398/4367/4397 4367/4336/4366
f 4367/4336/4366 4398/4367/4397 4399/4368/4398 4368/4337/4367
f 4368/4337/4367 4399/4368/4398 4400/4369/4399 4369/4338/4368
f 4369/4338/4368 4400/4369/4399 4401/4370/4400 4370/4339/4369
f 4370/4339/4369 4401/4370/4400 4402/4371/4401 4371/4340/4370
f 4371/4340/4370 4402/4371/4401 4403/4372/4402 4372/4341/4371
f 4372/4341/4371 4403/4372/4402 4404/4373/4403 4373/4342/4372
f 4373/4342/4372 4404/4373/4403 4405/4374/4404 4374/4343/4373
f 4374/4343/4373 4405/4374/4404 4406/4375/4405 4375/4344/4374
f 4375/4344/4374 4406/4375/4405 4407/4376/4406 4376/4345/4375
f 4376/4345/4375 4407/4376/4406 4408/4377/4407 4377/4346/4376
f 4377/4346/4376 4408/4377/4407 4409/4378/4408 4378/4347/4377
f 4378/4347/4377 4409/4378/4408 4410/4379/4409 4379/4348/4378
f 4380/4349/4379 4411/4380/4410 4412/4381/4411 4381/4350/4380
f 4381/4350/4380 4412/4381/4411 4413/4382/4412 4382/4351/4381
f 4382/4351/4381 4413/4382/4412 4414/4383/4413 4383/4352/4382
f 4383/4352/4382 4414/4383/4413 4415/4384/4414 4384/4353/4383
f 4384/4353/4383 4415/4384/4414 4416/4385/4415 4385/4354/4384
f 4385/4354/4384 4416/4385/4415 4417/4386/4416 4386/4355/4385
f 4386/4355/4385 4417/4386/4416 4418/4387/4417 4387/4356/4386
f 4387/4356/4386 4418/4387/4417 4419/4388/4418 4388/4357/4387
f 4388/4357/4387 4419/4388/4418 4420/4389/4419 4389/4358/4388
f 4389/4358/4388 4420/4389/4419 4421/4390/4420 4390/4359/4389
f 4390/4359/4389 4421/4390/4420 4422/4391/4421 4391/4360/4390
f 4391/4360/4390 4422/4391/4421 4423/4392/4422 4392/4361/4391
f 4392/4361/4391 4423/4392/4422 4424/4393/4423 4393/4362/4392
f 4393/4362/4392 4424/4393/4423 4425/4394/4424 4394/4363/4393
f 4394/4363/4393 4425/4394/4424 4426/4395/4425 4395/4364/4394
f 4395/4364/4394 4426/4395/4425 4427/4396/4426 4396/4365/4395
f 4396/4365/4395 4427/4396/4426 4428/4397/4427 4397/4366/4396
f 4397/4366/4396 4428/4397/4427 4429/4398/4428 4398/4367/4397
f 4398/4367/4397 4429/4398/4428 4430/4399/4429 4399/4368/4398
f 4399/4368/4398 4430/4399/4429 4431/4400/4430 4400/4369/4399
f 4400/4369/4399 4431/4400/4430 4432/4401/4431 4401/4370/4400
f 4401/4370/4400 4432/4401/4431 4433/4402/4432 4402/4371/4401
f 4402/4371/4401 4433/4402/4432 4434/4403/4433 4403/4372/4402
f 4403/4372/4402 4434/4403/4433 4435/4404/4434 4404/4373/4403
f 4404/4373/4403 4435/4404/4434 4436/4405/4435 4405/4374/4404
f 4405/4374/4404 4436/4405/4435 4437/4406/4436 4406/4375/4405
f 4406/4375/4405 4437/4406/4436 4438/4407/4437 4407/4376/4406
f 4407/4376/4406 4438/4407/4437 4439/4408/4438 4408/4377/4407
f 4408/4377/4407 4439/4408/4438 4440/4409/4439 4409/4378/4408
f 4409/4378/4408 4440/4409/4439 4441/4410/4440 4410/4379/4409
f 4411/4380/4410 4442/4411/4441 4443/4412/4442 4412/4381/4411
f 4412/4381/4411 4443/4412/4442 4444/4413/4443 4413/4382/4412
f 4413/4382/4412 4444/4413/4443 4445/4414/4444 4414/4383/4413
f 4414/4383/4413 4445/4414/4444 4446/4415/4445 4415/4384/4414
f 4415/4384/4414 4446/4415/4445 4447/4416/4446 4416/4385/4415
f 4416/4385/4415 4447/4416/4446 4448/4417/4447 4417/4386/4416
f 4417/4386/4416 4448/4417/4447 4449/4418/4448 4418/4387/4417
f 4418/4387/4417 4449/4418/4448 4450/4419/4449 4419/4388/4418
f 4419/4388/4418 4450/4419/4449 4451/4420/4450 4420/4389/4419
f 4420/4389/4419 4451/4420/4450 4452/4421/4451 4421/4390/4420
f 4421/4390/4420 4452/4421/4451 4453/4422/4452 4422/4391/4421
f 4422/4391/4421 4453/4422/4452 4454/4423/4453 4423/4392/4422
f 4423/4392/4422 4454/4423/4453 4455/4424/4454 4424/4393/4423
f 4424/4393/4423 4455/4424/4454 4456/4425/4455 4425/4394/4424
f 4425/4394/4424 4456/4425/4455 4457/4426/4456 4426/4395/4425
f 4426/4395/4425 4457/4426/4456 4458/4427/4457 4427/4396/4426
f 4427/4396/4426 4458/4427/4457 4459/4428/4458 4428/4397/4427
f 4428/4397/4427 4459/4428/4458 4460/4429/4459 4429/4398/4428
f 4429/4398/4428 4460/4429/4459 4461/4430/4460 4430/4399/4429
f 4430/4399/4429 4461/4430/4460 4462/4431/4461 4431/4400/4430
f 4431/4400/4430 4462/4431/4461 4463/4432/4462 4432/4401/4431
f 4432/4401/4431 4463/4432/4462 4464/4433/4463 4433/4402/4432
f 4433/4402/4432 4464/4433/4463 4465/4434/4464 4434/4403/4433
f 4434/4403/4433 4465/4434/4464 4466/4435/4465 4435/4404/4434
f 4435/4404/4434 4466/4435/4465 4467/4436/4466 4436/4405/4435
f 4436/4405/4435 4467/4436/4466 4468/4437/4467 4437/4406/4436
f 4437/4406/4436 4468/4437/4467 4469/4438/4468 4438/4407/4437
f 4438/4407/4437 4469/4438/4468 4470/4439/4469 4439/4408/4438
f 4439/4408/4438 4470/4439/4469 4471/4440/4470 4440/4409/4439
f 4440/4409/4439 4471/4440/4470 4472/4441/4471 4441/4410/4440
f 4442/4411/4441 4473/4442/4472 4474/4443/4473 4443/4412/4442
f 4443/4412/4442 4474/4443/4473 4475/4444/4474 4444/4413/4443
f 4444/4413/4443 4475/4444/4474 4476/4445/4475 4445/4414/4444
f 4445/4414/4444 4476/4445/4475 4477/4446/4476 4446/4415/4445
f 4446/4415/4445 4477/4446/4476 4478/4447/4477 4447/4416/4446
f 4447/4416/4446 4478/4447/4477 4479/4448/4478 4448/4417/4447
f 4448/4417/4447 4479/4448/4478 4480/4449/4479 4449/4418/4448
f 4449/4418/4448 4480/4449/4479 4481/4450/4480 4450/4419/4449
f 4450/4419/4449 4481/4450/4480 4482/4451/4481 4451/4420/4450
f 4451/4420/4450 4482/4451/4481 4483/4452/4482 4452/4421/4451
f 4452/4421/4451 4483/4452/4482 4484/4453/4483 4453/4422/4452
f 4453/4422/4452 4484/4453/4483 4485/4454/4484 4454/4423/4453
f 4454/4423/4453 4485/4454/4484 4486/4455/4485 4455/4424/4454
f 4455/4424/4454 4486/4455/4485 4487/4456/4486 4456/4425/4455
f 4456/4425/4455 4487/4456/4486 4488/4457/4487 4457/4426/4456
f 4457/4426/4456 4488/4457/4487 4489/4458/4488 4458/4427/4457
f 4458/4427/4457 4489/4458/4488 4490/4459/4489 4459/4428/4458
f 4459/4428/4458 4490/4459/4489 4491/4460/4490 4460/4429/4459
f 4460/4429/4459 4491/4460/4490 4492/4461/4491 4461/4430/4460
f 4461/4430/4460 4492/4461/4491 4493/4462/4492 4462/4431/4461
f 4462/4431/4461 4493/4462/4492 4494/4463/4493 4463/4432/4462
f 4463/4432/4462 4494/4463/4493 4495/4464/4494 4464/4433/4463
f 4464/4433/4463 4495/4464/4494 4496/4465/4495 4465/4434/4464
f 4465/4434/4464 4496/4465/4495 4497/4466/4496 4466/4435/4465
f 4466/4435/4465 4497/4466/4496 4498/4467/4497 4467/4436/4466
f 4467/4436/4466 4498/4467/4497 4499/4468/4498 4468/4437/4467
f 4468/4437/4467 4499/4468/4498 4500/4469/4499 4469/4438/4468
f 4469/4438/4468 4500/4469/4499 4501/4470/4500 4470/4439/4469
f 4470/4439/4469 4501/4470/4500 4502/4471/4501 4471/4440/4470
f 4471/4440/4470 4502/4471/4501 4503/4472/4502 4472/4441/4471
f 4473/4442/4472 4504/4473/4503 4505/4474/4504 4474/4443/4473
f 4474/4443/4473 4505/4474/4504 4506/4475/4505 4475/4444/4474
f 4475/4444/4474 4506/4475/4505 4507/4476/4506 4476/4445/4475
f 4476/4445/4475 4507/4476/4506 4508/4477/4507 4477/4446/4476
f 4477/4446/4476 4508/4477/4507 4509/4478/4508 4478/4447/4477
f 4478/4447/4477 4509/4478/4508 4510/4479/4509 4479/4448/4478
f 4479/4448/4478 4510/4479/4509 4511/4480/4510 4480/4449/4479
f 4480/4449/4479 4511/4480/4510 4512/4481/4511 4481/4450/4480
f 4481/4450/4480 4512/4481/4511 4513/4482/4512 4482/4451/4481
f 4482/4451/4481 4513/4482/4512 4514/4483/4513 4483/4452/4482
f 4483/4452/4482 4514/4483/4513 4515/4484/4514 4484/4453/4483
f 4484/4453/4483 4515/4484/4514 4516/4485/4515 4485/4454/4484
f 4485/4454/4484 4516/4485/4515 4517/4486/4516 4486/4455/4485
f 4486/4455/4485 4517/4486/4516 4518/4487/4517 4487/4456/4486
f 4487/4456/4486 4518/4487/4517 4519/4488/4518 4488/4457/4487
f 4488/4457/4487 4519/4488/4518 4520/4489/4519 4489/4458/4488
f 4489/4458/4488 4520/4489/4519 4521/4490/4520 4490/4459/4489
f 4490/4459/4489 4521/4490/4520 4522/4491/4521 4491/4460/4490
f 4491/4460/4490 4522/4491/4521 4523/4492/4522 4492/4461/4491
f 4492/4461/4491 4523/4492/4522 4524/4493/4523 4493/4462/4492
f 4493/4462/4492 4524/4493/4523 4525/4494/4524 4494/4463/4493
f 4494/4463/4493 4525/4494/4524 4526/4495/4525 4495/4464/4494
f 4495/4464/4494 4526/4495/4525 4527/4496/4526 4496/4465/4495
f 4496/4465/4495 4527/4496/4526 4528/4497/4527 4497/4466/4496
f 4497/4466/4496 4528/4497/4527 4529/4498/4528 4498/4467/4497
f 4498/4467/4497 4529/4498/4528 4530/4499/4529 4499/4468/4498
f 4499/4468/4498 4530/4499/4529 4531/4500/4530 4500/4469/4499
f 4500/4469/4499 4531/4500/4530 4532/4501/4531 4501/4470/4500
f 4501/4470/4500 4532/4501/4531 4533/4502/4532 4502/4471/4501
f 4502/4471/4501 4533/4502/4532 4534/4503/4533 4503/4472/4502
f 4504/4473/4503 4535/4504/4534 4536/4505/4535 4505/4474/4504
f 4505/4474/4504 4536/4505/4535 4537/4506/4536 4506/4475/4505
f 4506/4475/4505 4537/4506/4536 4538/4507/4537 4507/4476/4506
f 4507/4476/4506 4538/4507/4537 4539/4508/4538 4508/4477/4507
f 4508/4477/4507 4539/4508/4538 4540/4509/4539 4509/4478/4508
f 4509/4478/4508 4540/4509/4539 4541/4510/4540 4510/4479/4509
f 4510/4479/4509 4541/4510/4540 4542/4511/4541 4511/4480/4510
f 4511/4480/4510 4542/4511/4541 4543/4512/4542 4512/4481/4511
f 4512/4481/4511 4543/4512/4542 4544/4513/4543 4513/4482/4512
f 4513/4482/4512 4544/4513/4543 4545/4514/4544 4514/4483/4513
f 4514/4483/4513 4545/4514/4544 4546/4515/4545 4515/4484/4514
f 4515/4484/4514 4546/4515/4545 4547/4516/4546 4516/4485/4515
f 4516/4485/4515 4547/4516/4546 4548/4517/4547 4517/4486/4516
f 4517/4486/4516 4548/4517/4547 4549/4518/4548 4518/4487/4517
f 4518/4487/4517 4549/4518/4548 4550/4519/4549 4519/4488/4518
f 4519/4488/4518 4550/4519/4549 4551/4520/4550 4520/4489/4519
f 4520/4489/4519 4551/4520/4550 4552/4521/4551 4521/4490/4520
f 4521/4490/4520 4552/4521/4551 4553/4522/4552 4522/4491/4521
f 4522/4491/4521 4553/4522/4552 4554/4523/4553 4523/4492/4522
f 4523/4492/4522 4554/4523/4553 4555/4524/4554 4524/4493/4523
f 4524/4493/4523 4555/4524/4554 4556/4525/4555 4525/4494/4524
f 4525/4494/4524 4556/4525/4555 4557/4526/4556 4526/4495/4525
f 4526/4495/4525 4557/4526/4556 4558/4527/4557 4527/4496/4526
f 4527/4496/4526 4558/4527/4557 4559/4528/4558 4528/4497/4527
f 4528/4497/4527 4559/4528/4558 4560/4529/4559 4529/4498/4528
f 4529/4498/4528 4560/4529/4559 4561/4530/4560 4530/4499/4529
f 4530/4499/4529 4561/4530/4560 4562/4531/4561 4531/4500/4530
f 4531/4500/4530 4562/4531/4561 4563/4532/4562 4532/4501/4531
f 4532/4501/4531 4563/4532/4562 4564/4533/4563 4533/4502/4532
f 4533/4502/4532 4564/4533/4563 4565/4534/4564 4534/4503/4533
f 4535/4504/4534 4566/4535/4565 4567/4536/4566 4536/4505/4535
f 4536/4505/4535 4567/4536/4566 4568/4537/4567 4537/4506/4536
f 4537/4506/4536 4568/4537/4567 4569/4538/4568 4538/4507/4537
f 4538/4507/4537 4569/4538/4568 4570/4539/4569 4539/4508/4538
f 4539/4508/4538 4570/4539/4569 4571/4540/4570 4540/4509/4539
f 4540/4509/4539 4571/4540/4570 4572/4541/4571 4541/4510/4540
f 4541/4510/4540 4572/4541/4571 4573/4542/4572 4542/4511/4541
f 4542/4511/4541 4573/4542/4572 4574/4543/4573 4543/4512/4542
f 4543/4512/4542 4574/4543/4573 4575/4544/4574 4544/4513/4543
f 4544/4513/4543 4575/4544/4574 4576/4545/4575 4545/4514/4544
f 4545/4514/4544 4576/4545/4575 4577/4546/4576 4546/4515/4545
f 4546/4515/4545 4577/4546/4576 4578/4547/4577 4547/4516/4546
f 4547/4516/4546 4578/4547/4577 4579/4548/4578 4548/4517/4547
f 4548/4517/4547 4579/4548/4578 4580/4549/4579 4549/4518/4548
f 4549/4518/4548 4580/4549/4579 4581/4550/4580 4550/4519/4549
f 4550/4519/4549 4581/4550/4580 4582/4551/4581 4551/4520/4550
f 4551/4520/4550 4582/4551/4581 4583/4552/4582 4552/4521/4551
f 4552/4521/4551 4583/4552/4582 4584/4553/4583 4553/4522/4552
f 4553/4522/4552 4584/4553/4583 4585/4554/4584 4554/4523/4553
f 4554/4523/4553 4585/4554/4584 4586/4555/4585 4555/4524/4554
f 4555/4524/4554 4586/4555/4585 4587/4556/4586 4556/4525/4555
f 4556/4525/4555 4587/4556/4586 4588/4557/4587 4557/4526/4556
f 4557/4526/4556 4588/4557/4587 4589/4558/4588 4558/4527/4557
f 4558/4527/4557 4589/4558/4588 4590/4559/4589 4559/4528/4558
f 4559/4528/4558 4590/4559/4589 4591/4560/4590 4560/4529/4559
f 4560/4529/4559 4591/4560/4590 4592/4561/4591 4561/4530/4560
f 4561/4530/4560 4592/4561/4591 4593/4562/4592 4562/4531/4561
f 4562/4531/4561 4593/4562/4592 4594/4563/4593 4563/4532/4562
f 4563/4532/4562 4594/4563/4593 4595/4564/4594 4564/4533/4563
f 4564/4533/4563 4595/4564/4594 4596/4565/4595 4565/4534/4564
f 4566/4535/4565 4597/4566/4596 4598/4567/4597 4567/4536/4566
f 4567/4536/4566 4598/4567/4597 4599/4568/4598 4568/4537/4567
f 4568/4537/4567 4599/4568/4598 4600/4569/4599 4569/4538/4568
f 4569/4538/4568 4600/4569/4599 4601/4570/4600 4570/4539/4569
f 4570/4539/4569 4601/4570/4600 4602/4571/4601 4571/4540/4570
f 4571/4540/4570 4602/4571/4601 4603/4572/4602 4572/4541/4571
f 4572/4541/4571 4603/4572/4602 4604/4573/4603 4573/4542/4572
f 4573/4542/4572 4604/4573/4603 4605/4574/4604 4574/4543/4573
f 4574/4543/4573 4605/4574/4604 4606/4575/4605 4575/4544/4574
f 4575/4544/4574 4606/4575/4605 4607/4576/4606 4576/4545/4575
f 4576/4545/4575 4607/4576/4606 4608/4577/4607 4577/4546/4576
f 4577/4546/4576 4608/4577/4607 4609/4578/4608 4578/4547/4577
f 4578/4547/4577 4609/4578/4608 4610/4579/4609 4579/4548/4578
f 4579/4548/4578 4610/4579/4609 4611/4580/4610 4580/4549/4579
f 4580/4549/4579 4611/4580/4610 4612/4581/4611 4581/4550/4580
f 4581/4550/4580 4612/4581/4611 4613/4582/4612 4582/4551/4581
f 4582/4551/4581 4613/4582/4612 4614/4583/4613 4583/4552/4582
f 4583/4552/4582 4614/4583/4613 4615/4584/4614 4584/4553/4583
f 4584/4553/4583 4615/4584/4614 4616/4585/4615 4585/4554/4584
f 4585/4554/4584 4616/4585/4615 4617/4586/4616 4586/4555/4585
f 4586/4555/4585 4617/4586/4616 4618/4587/4617 4587/4556/4586
f 4587/4556/4586 4618/4587/4617 4619/4588/4618 4588/4557/4587
f 4588/4557/4587 4619/4588/4618 4620/4589/4619 4589/4558/4588
f 4589/4558/4588 4620/4589/4619 4621/4590/4620 4590/4559/4589
f 4590/4559/4589 4621/4590/4620 4622/4591/4621 4591/4560/4590
f 4591/4560/4590 4622/4591/4621 4623/4592/4622 4592/4561/4591
f 4592/4561/4591 4623/4592/4622 4624/4593/4623 4593/4562/4592
f 4593/4562/4592 4624/4593/4623 4625/4594/4624 4594/4563/4593
f 4594/4563/4593 4625/4594/4624 4626/4595/4625 4595/4564/4594
f 4595/4564/4594 4626/4595/4625 4627/4596/4626 4596/4565/4595
f 4597/4566/4596 4628/4597/4627 4629/4598/4628 4598/4567/4597
f 4598/4567/4597 4629/4598/4628 4630/4599/4629 4599/4568/4598
f 4599/4568/4598 4630/4599/4629 4631/4600/4630 4600/4569/4599
f 4600/4569/4599 4631/4600/4630 4632/4601/4631 4601/4570/4600
f 4601/4570/4600 4632/4601/4631 4633/4602/4632 4602/4571/4601
f 4602/4571/4601 4633/4602/4632 4634/4603/4633 4603/4572/4602
f 4603/4572/4602 4634/4603/4633 4635/4604/4634 4604/4573/4603
f 4604/4573/4603 4635/4604/4634 4636/4605/4635 4605/4574/4604
f 4605/4574/4604 4636/4605/4635 4637/4606/4636 4606/4575/4605
f 4606/4575/4605 4637/4606/4636 4638/4607/4637 4607/4576/4606
f 4607/4576/4606 4638/4607/4637 4639/4608/4638 4608/4577/4607
f 4608/4577/4607 4639/4608/4638 4640/4609/4639 4609/4578/4608
f 4609/4578/4608 4640/4609/4639 4641/4610/4640 4610/4579/4609
f 4610/4579/4609 4641/4610/4640 4642/4611/4641 4611/4580/4610
f 4611/4580/4610 4642/4611/4641 4643/4612/4642 4612/4581/4611
f 4612/4581/4611 4643/4612/4642 4644/4613/4643 4613/4582/4612
f 4613/4582/4612 4644/4613/4643 4645/4614/4644 4614/4583/4613
f 4614/4583/4613 4645/4614/4644 4646/4615/4645 4615/4584/4614
f 4615/4584/4614 4646/4615/4645 4647/4616/4646 4616/4585/4615
f 4616/4585/4615 4647/4616/4646 4648/4617/4647 4617/4586/4616
f 4617/4586/4616 4648/4617/4647 4649/4618/4648 4618/4587/4617
f 4618/4587/4617 4649/4618/4648 4650/4619/4649 4619/4588/4618
f 4619/4588/4618 4650/4619/4649 4651/4620/4650 4620/4589/4619
f 4620/4589/4619 4651/4620/4650 4652/4621/4651 4621/4590/4620
f 4621/4590/4620 4652/4621/4651 4653/4622/4652 4622/4591/4621
f 4622/4591/4621 4653/4622/4652 4654/4623/4653 4623/4592/4622
f 4623/4592/4622 4654/4623/4653 4655/4624/4654 4624/4593/4623
f 4624/4593/4623 4655/4624/4654 4656/4625/4655 4625/4594/4624
f 4625/4594/4624 4656/4625/4655 4657/4626/4656 4626/4595/4625
f 4626/4595/4625 4657/4626/4656 4658/4627/4657 4627/4596/4626
f 4628/4597/4627 4659/4628/4658 4660/4629/4659 4629/4598/4628
f 4629/4598/4628 4660/4629/4659 4661/4630/4660 4630/4599/4629
f 4630/4599/4629 4661/4630/4660 4662/4631/4661 4631/4600/4630
f 4631/4600/4630 4662/4631/4661 4663/4632/4662 4632/4601/4631
f 4632/4601/4631 4663/4632/4662 4664/4633/4663 4633/4602/4632
f 4633/4602/4632 4664/4633/4663 4665/4634/4664 4634/4603/4633
f 4634/4603/4633 4665/4634/4664 4666/4635/4665 4635/4604/4634
f 4635/4604/4634 4666/4635/4665 4667/4636/4666 4636/4605/4635
f 4636/4605/4635 4667/4636/4666 4668/4637/4667 4637/4606/4636
f 4637/4606/4636 4668/4637/4667 4669/4638/4668 4638/4607/4637
f 4638/4607/4637 4669/4638/4668 4670/4639/4669 4639/4608/4638
f 4639/4608/4638 4670/4639/4669 4671/4640/4670 4640/4609/4639
f 4640/4609/4639 4671/4640/4670 4672/4641/4671 4641/4610/4640
f 4641/4610/4640 4672/4641/4671 4673/4642/4672 4642/4611/4641
f 4642/4611/4641 4673/4642/4672 4674/4643/4673 4643/4612/4642
f 4643/4612/4642 4674/4643/4673 4675/4644/4674 4644/4613/4643
f 4644/4613/4643 4675/4644/4674 4676/4645/4675 4645/4614/4644
f 4645/4614/4644 4676/4645/4675 4677/4646/4676 4646/4615/4645
f 4646/4615/4645 4677/4646/4676 4678/4647/4677 4647/4616/4646
f 4647/4616/4646 4678/4647/4677 4679/4648/4678 4648/4617/4647
f 4648/4617/4647 4679/4648/4678 4680/4649/4679 4649/4618/4648
f 4649/4618/4648 4680/4649/4679 4681/4650/4680 4650/4619/4649
f 4650/4619/4649 4681/4650/4680 4682/4651/4681 4651/4620/4650
f 4651/4620/4650 4682/4651/4681 4683/4652/4682 4652/4621/4651
f 4652/4621/4651 4683/4652/4682 4684/4653/4683 4653/4622/4652
f 4653/4622/4652 4684/4653/4683 4685/4654/4684 4654/4623/4653
f 4654/4623/4653 4685/4654/4684 4686/4655/4685 4655/4624/4654
f 4655/4624/4654 4686/4655/4685 4687/4656/4686 4656/4625/4655
f 4656/4625/4655 4687/4656/4686 4688/4657/4687 4657/4626/4656
f 4657/4626/4656 4688/4657/4687 4689/4658/4688 4658/4627/4657
f 4659/4628/4658 4690/4659/4689 4691/4660/4690 4660/4629/4659
f 4660/4629/4659 4691/4660/4690 4692/4661/4691 4661/4630/4660
f 4661/4630/4660 4692/4661/4691 4693/4662/4692 4662/4631/4661
f 4662/4631/4661 4693/4662/4692 4694/4663/4693 4663/4632/4662
f 4663/4632/4662 4694/4663/4693 4695/4664/4694 4664/4633/4663
f 4664/4633/4663 4695/4664/4694 4696/4665/4695 4665/4634/4664
f 4665/4634/4664 4696/4665/4695 4697/4666/4696 4666/4635/4665
f 4666/4635/4665 4697/4666/4696 4698/4667/4697 4667/4636/4666
f 4667/4636/4666 4698/4667/4697 4699/4668/4698 4668/4637/4667
f 4668/4637/4667 4699/4668/4698 4700/4669/4699 4669/4638/4668
f 4669/4638/4668 4700/4669/4699 4701/4670/4700 4670/4639/4669
f 4670/4639/4669 4701/4670/4700 4702/4671/4701 4671/4640/4670
f 4671/4640/4670 4702/4671/4701 4703/4672/4702 4672/4641/4671
f 4672/4641/4671 4703/4672/4702 4704/4673/4703 4673/4642/4672
f 4673/4642/4672 4704/4673/4703 4705/4674/4704 4674/4643/4673
f 4674/4643/4673 4705/4674/4704 4706/4675/4705 4675/4644/4674
f 4675/4644/4674 4706/4675/4705 4707/4676/4706 4676/4645/4675
f 4676/4645/4675 4707/4676/4706 4708/4677/4707 4677/4646/4676
f 4677/4646/4676 4708/4677/4707 4709/4678/4708 4678/4647/4677
f 4678/4647/4677 4709/4678/4708 4710/4679/4709 4679/4648/4678
f 4679/4648/4678 4710/4679/4709 4711/4680/4710 4680/4649/4679
f 4680/4649/4679 4711/4680/4710 4712/4681/4711 4681/4650/4680
f 4681/4650/4680 4712/4681/4711 4713/4682/4712 4682/4651/4681
f 4682/4651/4681 4713/4682/4712 4714/4683/4713 4683/4652/4682
f 4683/4652/4682 4714/4683/4713 4715/4684/4714 4684/4653/4683
f 4684/4653/4683 4715/4684/4714 4716/4685/4715 4685/4654/4684
f 4685/4654/4684 4716/4685/4715 4717/4686/4716 4686/4655/4685
f 4686/4655/4685 4717/4686/4716 4718/4687/4717 4687/4656/4686
f 4687/4656/4686 4718/4687/4717 4719/4688/4718 4688/4657/4687
f 4688/4657/4687 4719/4688/4718 4720/4689/4719 4689/4658/4688
f 4690/4659/4689 4721/4690/4720 4722/4691/4721 4691/4660/4690
f 4691/4660/4690 4722/4691/4721 4723/4692/4722 4692/4661/4691
f 4692/4661/4691 4723/4692/4722 4724/4693/4723 4693/4662/4692
f 4693/4662/4692 4724/4693/4723 4725/4694/4724 4694/4663/4693
f 4694/4663/4693 4725/4694/4724 4726/4695/4725 4695/4664/4694
f 4695/4664/4694 4726/4695/4725 4727/4696/4726 4696/4665/4695
f 4696/4665/4695 4727/4696/4726 4728/4697/4727 4697/4666/4696
f 4697/4666/4696 4728/4697/4727 4729/4698/4728 4698/4667/4697
f 4698/4667/4697 4729/4698/4728 4730/4699/4729 4699/4668/4698
f 4699/4668/4698 4730/4699/4729 4731/4700/4730 4700/4669/4699
f 4700/4669/4699 4731/4700/4730 4732/4701/4731 4701/4670/4700
f 4701/4670/4700 4732/4701/4731 4733/4702/4732 4702/4671/4701
f 4702/4671/4701 4733/4702/4732 4734/4703/4733 4703/4672/4702
f 4703/4672/4702 4734/4703/4733 4735/4704/4734 4704/4673/4703
f 4704/4673/4703 4735/4704/4734 4736/4705/4735 4705/4674/4704
f 4705/4674/4704 4736/4705/4735 4737/4706/4736 4706/4675/4705
f 4706/4675/4705 4737/4706/4736 4738/4707/4737 4707/4676/4706
f 4707/4676/4706 4738/4707/4737 4739/4708/4738 4708/4677/4707
f 4708/4677/4707 4739/4708/4738 4740/4709/4739 4709/4678/4708
f 4709/4678/4708 4740/4709/4739 4741/4710/4740 4710/4679/4709
f 4710/4679/4709 4741/4710/4740 4742/4711/4741 4711/4680/4710
f 4711/4680/4710 4742/4711/4741 4743/4712/4742 4712/4681/4711
f 4712/4681/4711 4743/4712/4742 4744/4713/4743 4713/4682/4712
f 4713/4682/4712 4744/4713/4743 4745/4714/4744 4714/4683/4713
f 4714/4683/4713 4745/4714/4744 4746/4715/4745 4715/4684/4714
f 4715/4684/4714 4746/4715/4745 4747/4716/4746 4716/4685/4715
f 4716/4685/4715 4747/4716/4746 4748/4717/4747 4717/4686/4716
f 4717/4686/4716 4748/4717/4747 4749/4718/4748 4718/4687/4717
f 4718/4687/4717 4749/4718/4748 4750/4719/4749 4719/4688/4718
f 4719/4688/4718 4750/4719/4749 4751/4720/4750 4720/4689/4719
f 4721/4690/4720 4752/4721/4751 4753/4722/4752 4722/4691/4721
f 4722/4691/4721 4753/4722/4752 4754/4723/4753 4723/4692/4722
f 4723/4692/4722 4754/4723/4753 4755/4724/4754 4724/4693/4723
f 4724/4693/4723 4755/4724/4754 4756/4725/4755 4725/4694/4724
f 4725/4694/4724 4756/4725/4755 4757/4726/4756 4726/4695/4725
f 4726/4695/4725 4757/4726/4756 4758/4727/4757 4727/4696/4726
f 4727/4696/4726 4758/4727/4757 4759/4728/4758 4728/4697/4727
f 4728/4697/4727 4759/4728/4758 4760/4729/4759 4729/4698/4728
f 4729/4698/4728 4760/4729/4759 4761/4730/4760 4730/4699/4729
f 4730/4699/4729 4761/4730/4760 4762/4731/4761 4731/4700/4730
f 4731/4700/4730 4762/4731/4761 4763/4732/4762 4732/4701/4731
f 4732/4701/4731 4763/4732/4762 4764/4733/4763 4733/4702/4732
f 4733/4702/4732 4764/4733/4763 4765/4734/4764 4734/4703/4733
f 4734/4703/4733 4765/4734/4764 4766/4735/4765 4735/4704/4734
f 4735/4704/4734 4766/4735/4765 4767/4736/4766 4736/4705/4735
f 4736/4705/4735 4767/4736/4766 4768/4737/4767 4737/4706/4736
f 4737/4706/4736 4768/4737/4767 4769/4738/4768 4738/4707/4737
f 4738/4707/4737 4769/4738/4768 4770/4739/4769 4739/4708/4738
f 4739/4708/4738 4770/4739/4769 4771/4740/4770 4740/4709/4739
f 4740/4709/4739 4771/4740/4770 4772/4741/4771 4741/4710/4740
f 4741/4710/4740 4772/4741/4771 4773/4742/4772 4742/4711/4741
f 4742/4711/4741 4773/4742/4772 4774/4743/4773 4743/4712/4742
f 4743/4712/4742 4774/4743/4773 4775/4744/4774 4744/4713/4743
f 4744/4713/4743 4775/4744/4774 4776/4745/4775 4745/4714/4744
f 4745/4714/4744 4776/4745/4775 4777/4746/4776 4746/4715/4745
f 4746/4715/4745 4777/4746/4776 4778/4747/4777 4747/4716/4746
f 4747/4716/4746 4778/4747/4777 4779/4748/4778 4748/4717/4747
f 4748/4717/4747 4779/4748/4778 4780/4749/4779 4749/4718/4748
f 4749/4718/4748 4780/4749/4779 4781/4750/4780 4750/4719/4749
f 4750/4719/4749 4781/4750/4780 4782/4751/4781 4751/4720/4750
f 4752/4721/4751 4783/4752/4782 4784/4753/4783 4753/4722/4752
f 4753/4722/4752 4784/4753/4783 4785/4754/4784 4754/4723/4753
f 4754/4723/4753 4785/4754/4784 4786/4755/4785 4755/4724/4754
f 4755/4724/4754 4786/4755/4785 4787/4756/4786 4756/4725/4755
f 4756/4725/4755 4787/4756/4786 4788/4757/4787 4757/4726/4756
f 4757/4726/4756 4788/4757/4787 4789/4758/4788 4758/4727/4757
f 4758/4727/4757 4789/4758/4788 4790/4759/4789 4759/4728/4758
f 4759/4728/4758 4790/4759/4789 4791/4760/4790 4760/4729/4759
f 4760/4729/4759 4791/4760/4790 4792/4761/4791 4761/4730/4760
f 4761/4730/4760 4792/4761/4791 4793/4762/4792 4762/4731/4761
f 4762/4731/4761 4793/4762/4792 4794/4763/4793 4763/4732/4762
f 4763/4732/4762 4794/4763/4793 4795/4764/4794 4764/4733/4763
f 4764/4733/4763 4795/4764/4794 4796/4765/4795 4765/4734/4764
f 4765/4734/4764 4796/4765/4795 4797/4766/4796 4766/4735/4765
f 4766/4735/4765 4797/4766/4796 4798/4767/4797 4767/4736/4766
f 4767/4736/4766 4798/4767/4797 4799/4768/4798 4768/4737/4767
f 4768/4737/4767 4799/4768/4798 4800/4769/4799 4769/4738/4768
f 4769/4738/4768 4800/4769/4799 4801/4770/4800 4770/4739/4769
f 4770/4739/4769 4801/4770/4800 4802/4771/4801 4771/4740/4770
f 4771/4740/4770 4802/4771/4801 4803/4772/4802 4772/4741/4771
f 4772/4741/4771 4803/4772/4802 4804/4773/4803 4773/4742/4772
f 4773/4742/4772 4804/4773/4803 4805/4774/4804 4774/4743/4773
f 4774/4743/4773 4805/4774/4804 4806/4775/4805 4775/4744/4774
f 4775/4744/4774 4806/4775/4805 4807/4776/4806 4776/4745/4775
f 4776/4745/4775 4807/4776/4806 4808/4777/4807 4777/4746/4776
f 4777/4746/4776 4808/4777/4807 4809/4778/4808 4778/4747/4777
f 4778/4747/4777 4809/4778/4808 4810/4779/4809 4779/4748/4778
f 4779/4748/4778 4810/4779/4809 4811/4780/4810 4780/4749/4779
f 4780/4749/4779 4811/4780/4810 4812/4781/4811 4781/4750/4780
f 4781/4750/4780 4812/4781/4811 4813/4782/4812 4782/4751/4781
f 4783/4752/4782 4814/4783/4813 4815/4784/4814 4784/4753/4783
f 4784/4753/4783 4815/4784/4814 4816/4785/4815 4785/4754/4784
f 4785/4754/4784 4816/4785/4815 4817/4786/4816 4786/4755/4785
f 4786/4755/4785 4817/4786/4816 4818/4787/4817 4787/4756/4786
f 4787/4756/4786 4818/4787/4817 4819/4788/4818 4788/4757/4787
f 4788/4757/4787 4819/4788/4818 4820/4789/4819 4789/4758/4788
f 4789/4758/4788 4820/4789/4819 4821/4790/4820 4790/4759/4789
f 4790/4759/4789 4821/4790/4820 4822/4791/4821 4791/4760/4790
f 4791/4760/4790 4822/4791/4821 4823/4792/4822 4792/4761/4791
f 4792/4761/4791 4823/4792/4822 4824/4793/4823 4793/4762/4792
f 4793/4762/4792 4824/4793/4823 4825/4794/4824 4794/4763/4793
f 4794/4763/4793 4825/4794/4824 4826/4795/4825 4795/4764/4794
f 4795/4764/4794 4826/4795/4825 4827/4796/4826 4796/4765/4795
f 4796/4765/4795 4827/4796/4826 4828/4797/4827 4797/4766/4796
f 4797/4766/4796 4828/4797/4827 4829/4798/4828 4798/4767/4797
f 4798/4767/4797 4829/4798/4828 4830/4799/4829 4799/4768/4798
f 4799/4768/4798 4830/4799/4829 4831/4800/4830 4800/4769/4799
f 4800/4769/4799 4831/4800/4830 4832/4801/4831 4801/4770/4800
f 4801/4770/4800 4832/4801/4831 4833/4802/4832 4802/4771/4801
f 4802/4771/4801 4833/4802/4832 4834/4803/4833 4803/4772/4802
f 4803/4772/4802 4834/4803/4833 4835/4804/4834 4804/4773/4803
f 4804/4773/4803 4835/4804/4834 4836/4805/4835 4805/4774/4804
f 4805/4774/4804 4836/4805/4835 4837/4806/4836 4806/4775/4805
f 4806/4775/4805 4837/4806/4836 4838/4807/4837 4807/4776/4806
f 4807/4776/4806 4838/4807/4837 4839/4808/4838 4808/4777/4807
f 4808/4777/4807 4839/4808/4838 4840/4809/4839 4809/4778/4808
f 4809/4778/4808 4840/4809/4839 4841/4810/4840 4810/4779/4809
f 4810/4779/4809 4841/4810/4840 4842/4811/4841 4811/4780/4810
f 4811/4780/4810 4842/4811/4841 4843/4812/4842 4812/4781/4811
f 4812/4781/4811 4843/4812/4842 4844/4813/4843 4813/4782/4812
f 4814/4783/4813 4845/4814/4844 4846/4815/4845 4815/4784/4814
f 4815/4784/4814 4846/4815/4845 4847/4816/4846 4816/4785/4815
f 4816/4785/4815 4847/4816/4846 4848/4817/4847 4817/4786/4816
f 4817/4786/4816 4848/4817/4847 4849/4818/4848 4818/4787/4817
f 4818/4787/4817 4849/4818/4848 4850/4819/4849 4819/4788/4818
f 4819/4788/4818 4850/4819/4849 4851/4820/4850 4820/4789/4819
f 4820/4789/4819 4851/4820/4850 4852/4821/4851 4821/4790/4820
f 4821/4790/4820 4852/4821/4851 4853/4822/4852 4822/4791/4821
f 4822/4791/4821 4853/4822/4852 4854/4823/4853 4823/4792/4822
f 4823/4792/4822 4854/4823/4853 4855/4824/4854 4824/4793/4823
f 4824/4793/4823 4855/4824/4854 4856/4825/4855 4825/4794/4824
f 4825/4794/4824 4856/4825/4855 4857/4826/4856 4826/4795/4825
f 4826/4795/4825 4857/4826/4856 4858/4827/4857 4827/4796/4826
f 4827/4796/4826 4858/4827/4857 4859/4828/4858 4828/4797/4827
f 4828/4797/4827 4859/4828/4858 4860/4829/4859 4829/4798/4828
f 4829/4798/4828 4860/4829/4859 4861/4830/4860 4830/4799/4829
f 4830/4799/4829 4861/4830/4860 4862/4831/4861 4831/4800/4830
f 4831/4800/4830 4862/4831/4861 4863/4832/4862 4832/4801/4831
f 4832/4801/4831 4863/4832/4862 4864/4833/4863 4833/4802/4832
f 4833/4802/4832 4864/4833/4863 4865/4834/4864 4834/4803/4833
f 4834/4803/4833 4865/4834/4864 4866/4835/4865 4835/4804/4834
f 4835/4804/4834 4866/4835/4865 4867/4836/4866 4836/4805/4835
f 4836/4805/4835 4867/4836/4866 4868/4837/4867 4837/4806/4836
f 4837/4806/4836 4868/4837/4867 4869/4838/4868 4838/4807/4837
f 4838/4807/4837 4869/4838/4868 4870/4839/4869 4839/4808/4838
f 4839/4808/4838 4870/4839/4869 4871/4840/4870 4840/4809/4839
f 4840/4809/4839 4871/4840/4870 4872/4841/4871 4841/4810/4840
f 4841/4810/4840 4872/4841/4871 4873/4842/4872 4842/4811/4841
f 4842/4811/4841 4873/4842/4872 4874/4843/4873 4843/4812/4842
f 4843/4812/4842 4874/4843/4873 4875/4844/4874 4844/4813/4843
f 4845/4814/4844 4876/4845/4875 4877/4846/4876 4846/4815/4845
f 4846/4815/4845 4877/4846/4876 4878/4847/4877 4847/4816/4846
f 4847/4816/4846 4878/4847/4877 4879/4848/4878 4848/4817/4847
f 4848/4817/4847 4879/4848/4878 4880/4849/4879 4849/4818/4848
f 4849/4818/4848 4880/4849/4879 4881/4850/4880 4850/4819/4849
f 4850/4819/4849 4881/4850/4880 4882/4851/4881 4851/4820/4850
f 4851/4820/4850 4882/4851/4881 4883/4852/4882 4852/4821/4851
f 4852/4821/4851 4883/4852/4882 4884/4853/4883 4853/4822/4852
f 4853/4822/4852 4884/4853/4883 4885/4854/4884 4854/4823/4853
f 4854/4823/4853 4885/4854/4884 4886/4855/4885 4855/4824/4854
f 4855/4824/4854 4886/4855/4885 4887/4856/4886 4856/4825/4855
f 4856/4825/4855 4887/4856/4886 4888/4857/4887 4857/4826/4856
f 4857/4826/4856 4888/4857/4887 4889/4858/4888 4858/4827/4857
f 4858/4827/4857 4889/4858/4888 4890/4859/4889 4859/4828/4858
f 4859/4828/4858 4890/4859/4889 4891/4860/4890 4860/4829/4859
f 4860/4829/4859 4891/4860/4890 4892/4861/4891 4861/4830/4860
f 4861/4830/4860 4892/4861/4891 4893/4862/4892 4862/4831/4861
f 4862/4831/4861 4893/4862/4892 4894/4863/4893 4863/4832/4862
f 4863/4832/4862 4894/4863/4893 4895/4864/4894 4864/4833/4863
f 4864/4833/4863 4895/4864/4894 4896/4865/4895 4865/4834/4864
f 4865/4834/4864 4896/4865/4895 4897/4866/4896 4866/4835/4865
f 4866/4835/4865 4897/4866/4896 4898/4867/4897 4867/4836/4866
f 4867/4836/4866 4898/4867/4897 4899/4868/4898 4868/4837/4867
f 4868/4837/4867 4899/4868/4898 4900/4869/4899 4869/4838/4868
f 4869/4838/4868 4900/4869/4899 4901/4870/4900 4870/4839/4869
f 4870/4839/4869 4901/4870/4900 4902/4871/4901 4871/4840/4870
f 4871/4840/4870 4902/4871/4901 4903/4872/4902 4872/4841/4871
f 4872/4841/4871 4903/4872/4902 4904/4873/4903 4873/4842/4872
f 4873/4842/4872 4904/4873/4903 4905/4874/4904 4874/4843/4873
f 4874/4843/4873 4905/4874/4904 4906/4875/4905 4875/4844/4874
f 4876/4845/4875 4907/4876/4906 4908/4877/4907 4877/4846/4876
f 4877/4846/4876 4908/4877/4907 4909/4878/4908 4878/4847/4877
f 4878/4847/4877 4909/4878/4908 4910/4879/4909 4879/4848/4878
f 4879/4848/4878 4910/4879/4909 4911/4880/4910 4880/4849/4879
f 4880/4849/4879 4911/4880/4910 4912/4881/4911 4881/4850/4880
f 4881/4850/4880 4912/4881/4911 4913/4882/4912 4882/4851/4881
f 4882/4851/4881 4913/4882/4912 4914/4883/4913 4883/4852/4882
f 4883/4852/4882 4914/4883/4913 4915/4884/4914 4884/4853/4883
f 4884/4853/4883 4915/4884/4914 4916/4885/4915 4885/4854/4884
f 4885/4854/4884 4916/4885/4915 4917/4886/4916 4886/4855/4885
f 4886/4855/4885 4917/4886/4916 4918/4887/4917 4887/4856/4886
f 4887/4856/4886 4918/4887/4917 4919/4888/4918 4888/4857/4887
f 4888/4857/4887 4919/4888/4918 4920/4889/4919 4889/4858/4888
f 4889/4858/4888 4920/4889/4919 4921/4890/4920 4890/4859/4889
f 4890/4859/4889 4921/4890/4920 4922/4891/4921 4891/4860/4890
f 4891/4860/4890 4922/4891/4921 4923/4892/4922 4892/4861/4891
f 4892/4861/4891 4923/4892/4922 4924/4893/4923 4893/4862/4892
f 4893/4862/4892 4924/4893/4923 4925/4894/4924 4894/4863/4893
f 4894/4863/4893 4925/4894/4924 4926/4895/4925 4895/4864/4894
f 4895/4864/4894 4926/4895/4925 4927/4896/4926 4896/4865/4895
f 4896/4865/4895 4927/4896/4926 4928/4897/4927 4897/4866/4896
f 4897/4866/4896 4928/4897/4927 4929/4898/4928 4898/4867/4897
f 4898/4867/4897 4929/4898/4928 4930/4899/4929 4899/4868/4898
f 4899/4868/4898 4930/4899/4929 4931/4900/4930 4900/4869/4899
f 4900/4869/4899 4931/4900/4930 4932/4901/4931 4901/4870/4900
f 4901/4870/4900 4932/4901/4931 4933/4902/4932 4902/4871/4901
f 4902/4871/4901 4933/4902/4932 4934/4903/4933 4903/4872/4902
f 4903/4872/4902 4934/4903/4933 4935/4904/4934 4904/4873/4903
f 4904/4873/4903 4935/4904/4934 4936/4905/4935 4905/4874/4904
f 4905/4874/4904 4936/4905/4935 4937/4906/4936 4906/4875/4905
f 4907/4876/4906 4938/4907/4937 4939/4908/4938 4908/4877/4907
f 4908/4877/4907 4939/4908/4938 4940/4909/4939 4909/4878/4908
f 4909/4878/4908 4940/4909/4939 4941/4910/4940 4910/4879/4909
f 4910/4879/4909 4941/4910/4940 4942/4911/4941 4911/4880/4910
f 4911/4880/4910 4942/4911/4941 4943/4912/4942 4912/4881/4911
f 4912/4881/4911 4943/4912/4942 4944/4913/4943 4913/4882/4912
f 4913/4882/4912 4944/4913/4943 4945/4914/4944 4914/4883/4913
f 4914/4883/4913 4945/4914/4944 4946/4915/4945 4915/4884/4914
f 4915/4884/4914 4946/4915/4945 4947/4916/4946 4916/4885/4915
f 4916/4885/4915 4947/4916/4946 4948/4917/4947 4917/4886/4916
f 4917/4886/4916 4948/4917/4947 4949/4918/4948 4918/4887/4917
f 4918/4887/4917 4949/4918/4948 4950/4919/4949 4919/4888/4918
f 4919/4888/4918 4950/4919/4949 4951/4920/4950 4920/4889/4919
f 4920/4889/4919 4951/4920/4950 4952/4921/4951 4921/4890/4920
f 4921/4890/4920 4952/4921/4951 4953/4922/4952 4922/4891/4921
f 4922/4891/4921 4953/4922/4952 4954/4923/4953 4923/4892/4922
f 4923/4892/4922 4954/4923/4953 4955/4924/4954 4924/4893/4923
f 4924/4893/4923 4955/4924/4954 4956/4925/4955 4925/4894/4924
f 4925/4894/4924 4956/4925/4955 4957/4926/4956 4926/4895/4925
f 4926/4895/4925 4957/4926/4956 4958/4927/4957 4927/4896/4926
f 4927/4896/4926 4958/4927/4957 4959/4928/4958 4928/4897/4927
f 4928/4897/4927 4959/4928/4958 4960/4929/4959 4929/4898/4928
f 4929/4898/4928 4960/4929/4959 4961/4930/4960 4930/4899/4929
f 4930/4899/4929 4961/4930/4960 4962/4931/4961 4931/4900/4930
f 4931/4900/4930 4962/4931/4961 4963/4932/4962 4932/4901/4931
f 4932/4901/4931 4963/4932/4962 4964/4933/4963 4933/4902/4932
f 4933/4902/4932 4964/4933/4963 4965/4934/4964 4934/4903/4933
f 4934/4903/4933 4965/4934/4964 4966/4935/4965 4935/4904/4934
f 4935/4904/4934 4966/4935/4965 4967/4936/4966 4936/4905/4935
f 4936/4905/4935 4967/4936/4966 4968/4937/4967 4937/4906/4936
f 4938/4907/4937 4969/4938/4968 4970/4939/4969 4939/4908/4938
f 4939/4908/4938 4970/4939/4969 4971/4940/4970 4940/4909/4939
f 4940/4909/4939 4971/4940/4970 4972/4941/4971 4941/4910/4940
f 4941/4910/4940 4972/4941/4971 4973/4942/4972 4942/4911/4941
f 4942/4911/4941 4973/4942/4972 4974/4943/4973 4943/4912/4942
f 4943/4912/4942 4974/4943/4973 4975/4944/4974 4944/4913/4943
f 4944/4913/4943 4975/4944/4974 4976/4945/4975 4945/4914/4944
f 4945/4914/4944 4976/4945/4975 4977/4946/4976 4946/4915/4945
f 4946/4915/4945 4977/4946/4976 4978/4947/4977 4947/4916/4946
f 4947/4916/4946 4978/4947/4977 4979/4948/4978 4948/4917/4947
f 4948/4917/4947 4979/4948/4978 4980/4949/4979 4949/4918/4948
f 4949/4918/4948 4980/4949/4979 4981/4950/4980 4950/4919/4949
f 4950/4919/4949 4981/4950/4980 4982/4951/4981 4951/4920/4950
f 4951/4920/4950 4982/4951/4981 4983/4952/4982 4952/4921/4951
f 4952/4921/4951 4983/4952/4982 4984/4953/4983 4953/4922/4952
f 4953/4922/4952 4984/4953/4983 4985/4954/4984 4954/4923/4953
f 4954/4923/4953 4985/4954/4984 4986/4955/4985 4955/4924/4954
f 4955/4924/4954 4986/4955/4985 4987/4956/4986 4956/4925/4955
f 4956/4925/4955 4987/4956/4986 4988/4957/4987 4957/4926/4956
f 4957/4926/4956 4988/4957/4987 4989/4958/4988 4958/4927/4957
f 4958/4927/4957 4989/4958/4988 4990/4959/4989 4959/4928/4958
f 4959/4928/4958 4990/4959/4989 4991/4960/4990 4960/4929/4959
f 4960/4929/4959 4991/4960/4990 4992/4961/4991 4961/4930/4960
f 4961/4930/4960 4992/4961/4991 4993/4962/4992 4962/4931/4961
f 4962/4931/4961 4993/4962/4992 4994/4963/4993 4963/4932/4962
f 4963/4932/4962 4994/4963/4993 4995/4964/4994 4964/4933/4963
f 4964/4933/4963 4995/4964/4994 4996/4965/4995 4965/4934/4964
f 4965/4934/4964 4996/4965/4995 4997/4966/4996 4966/4935/4965
f 4966/4935/4965 4997/4966/4996 4998/4967/4997 4967/4936/4966
f 4967/4936/4966 4998/4967/4997 4999/4968/4998 4968/4937/4967
f 4969/4938/4968 5000/4969/4999 5001/4970/5000 4970/4939/4969
f 4970/4939/4969 5001/4970/5000 5002/4971/5001 4971/4940/4970
f 4971/4940/4970 5002/4971/5001 5003/4972/5002 4972/4941/4971
f 4972/4941/4971 5003/4972/5002 5004/4973/5003 4973/4942/4972
f 4973/4942/4972 5004/4973/5003 5005/4974/5004 4974/4943/4973
f 4974/4943/4973 5005/4974/5004 5006/4975/5005 4975/4944/4974
f 4975/4944/4974 5006/4975/5005 5007/4976/5006 4976/4945/4975
f 4976/4945/4975 5007/4976/5006 5008/4977/5007 4977/4946/4976
f 4977/4946/4976 5008/4977/5007 5009/4978/5008 4978/4947/4977
f 4978/4947/4977 5009/4978/5008 5010/4979/5009 4979/4948/4978
f 4979/4948/4978 5010/4979/5009 5011/4980/5010 4980/4949/4979
f 4980/4949/4979 5011/4980/5010 5012/4981/5011 4981/4950/4980
f 4981/4950/4980 5012/4981/5011 5013/4982/5012 4982/4951/4981
f 4982/4951/4981 5013/4982/5012 5014/4983/5013 4983/4952/4982
f 4983/4952/4982 5014/4983/5013 5015/4984/5014 4984/4953/4983
f 4984/4953/4983 5015/4984/5014 5016/4985/5015 4985/4954/4984
f 4985/4954/4984 5016/4985/5015 5017/4986/5016 4986/4955/4985
f 4986/4955/4985 5017/4986/5016 5018/4987/5017 4987/4956/4986
f 4987/4956/4986 5018/4987/5017 5019/4988/5018 4988/4957/4987
f 4988/4957/4987 5019/4988/5018 5020/4989/5019 4989/4958/4988
f 4989/4958/4988 5020/4989/5019 5021/4990/5020 4990/4959/4989
f 4990/4959/4989 5021/4990/5020 5022/4991/5021 4991/4960/4990
f 4991/4960/4990 5022/4991/5021 5023/4992/5022 4992/4961/4991
f 4992/4961/4991 5023/4992/5022 5024/4993/5023 4993/4962/4992
f 4993/4962/4992 5024/4993/5023 5025/4994/5024 4994/4963/4993
f 4994/4963/4993 5025/4994/5024 5026/4995/5025 4995/4964/4994
f 4995/4964/4994 5026/4995/5025 5027/4996/5026 4996/4965/4995
f 4996/4965/4995 5027/4996/5026 5028/4997/5027 4997/4966/4996
f 4997/4966/4996 5028/4997/5027 5029/4998/5028 4998/4967/4997
f 4998/4967/4997 5029/4998/5028 5030/4999/5029 4999/4968/4998
f 5000/4969/4999 5031/5000/5030 5032/5001/5031 5001/4970/5000
f 5001/4970/5000 5032/5001/5031 5033/5002/5032 5002/4971/5001
f 5002/4971/5001 5033/5002/5032 5034/5003/5033 5003/4972/5002
f 5003/4972/5002 5034/5003/5033 5035/5004/5034 5004/4973/5003
f 5004/4973/5003 5035/5004/5034 5036/5005/5035 5005/4974/5004
f 5005/4974/5004 5036/5005/5035 5037/5006/5036 5006/4975/5005
f 5006/4975/5005 5037/5006/5036 5038/5007/5037 5007/4976/5006
f 5007/4976/5006 5038/5007/5037 5039/5008/5038 5008/4977/5007
f 5008/4977/5007 5039/5008/5038 5040/5009/5039 5009/4978/5008
f 5009/4978/5008 5040/5009/5039 5041/5010/5040 5010/4979/5009
f 5010/4979/5009 5041/5010/5040 5042/5011/5041 5011/4980/5010
f 5011/4980/5010 5042/5011/5041 5043/5012/5042 5012/4981/5011
f 5012/4981/5011 5043/5012/5042 5044/5013/5043 5013/4982/5012
f 5013/4982/5012 5044/5013/5043 5045/5014/5044 5014/4983/5013
f 5014/4983/5013 5045/5014/5044 5046/5015/5045 5015/4984/5014
f 5015/4984/5014 5046/5015/5045 5047/5016/5046 5016/4985/5015
f 5016/4985/5015 5047/5016/5046 5048/5017/5047 5017/4986/5016
f 5017/4986/5016 5048/5017/5047 5049/5018/5048 5018/4987/5017
f 5018/4987/5017 5049/5018/5048 5050/5019/5049 5019/4988/5018
f 5019/4988/5018 5050/5019/5049 5051/5020/5050 5020/4989/5019
f 5020/4989/5019 5051/5020/5050 5052/5021/5051 5021/4990/5020
f 5021/4990/5020 5052/5021/5051 5053/5022/5052 5022/4991/5021
f 5022/4991/5021 5053/5022/5052 5054/5023/5053 5023/4992/5022
f 5023/4992/5022 5054/5023/5053 5055/5024/5054 5024/4993/5023
f 5024/4993/5023 5055/5024/5054 5056/5025/5055 5025/4994/5024
f 5025/4994/5024 5056/5025/5055 5057/5026/5056 5026/4995/5025
f 5026/4995/5025 5057/5026/5056 5058/5027/5057 5027/4996/5026
f 5027/4996/5026 5058/5027/5057 5059/5028/5058 5028/4997/5027
f 5028/4997/5027 5059/5028/5058 5060/5029/5059 5029/4998/5028
f 5029/4998/5028 5060/5029/5059 5061/5030/5060 5030/4999/5029
f 5031/5000/5030 5062/5031/5061 5063/5032/5062 5032/5001/5031
f 5032/5001/5031 5063/5032/5062 5064/5033/5063 5033/5002/5032
f 5033/5002/5032 5064/5033/5063 5065/5034/5064 5034/5003/5033
f 5034/5003/5033 5065/5034/5064 5066/5035/5065 5035/5004/5034
f 5035/5004/5034 5066/5035/5065 5067/5036/5066 5036/5005/5035
f 5036/5005/5035 5067/5036/5066 5068/5037/5067 5037/5006/5036
f 5037/5006/5036 5068/5037/5067 5069/5038/5068 5038/5007/5037
f 5038/5007/5037 5069/5038/5068 5070/5039/5069 5039/5008/5038
f 5039/5008/5038 5070/5039/5069 5071/5040/5070 5040/5009/5039
f 5040/5009/5039 5071/5040/5070 5072/5041/5071 5041/5010/5040
f 5041/5010/5040 5072/5041/5071 5073/5042/5072 5042/5011/5041
f 5042/5011/5041 5073/5042/5072 5074/5043/5073 5043/5012/5042
f 5043/5012/5042 5074/5043/5073 5075/5044/5074 5044/5013/5043
f 5044/5013/5043 5075/5044/5074 5076/5045/5075 5045/5014/5044
f 5045/5014/5044 5076/5045/5075 5077/5046/5076 5046/5015/5045
f 5046/5015/5045 5077/5046/5076 5078/5047/5077 5047/5016/5046
f 5047/5016/5046 5078/5047/5077 5079/5048/5078 5048/5017/5047
f 5048/5017/5047 5079/5048/5078 5080/5049/5079 5049/5018/5048
f 5049/5018/5048 5080/5049/5079 5081/5050/5080 5050/5019/5049
f 5050/5019/5049 5081/5050/5080 5082/5051/5081 5051/5020/5050
f 5051/5020/5050 5082/5051/5081 5083/5052/5082 5052/5021/5051
f 5052/5021/5051 5083/5052/5082 5084/5053/5083 5053/5022/5052
f 5053/5022/5052 5084/5053/5083 5085/5054/5084 5054/5023/5053
f 5054/5023/5053 5085/5054/5084 5086/5055/5085 5055/5024/5054
f 5055/5024/5054 5086/5055/5085 5087/5056/5086 5056/5025/5055
f 5056/5025/5055 5087/5056/5086 5088/5057/5087 5057/5026/5056
f 5057/5026/5056 5088/5057/5087 5089/5058/5088 5058/5027/5057
f 5058/5027/5057 5089/5058/5088 5090/5059/5089 5059/5028/5058
f 5059/5028/5058 5090/5059/5089 5091/5060/5090 5060/5029/5059
f 5060/5029/5059 5091/5060/5090 5092/5061/5091 5061/5030/5060
f 5062/5031/5061 5093/5062/5092 5094/5063/5093 5063/5032/5062
f 5063/5032/5062 5094/5063/5093 5095/5064/5094 5064/5033/5063
f 5064/5033/5063 5095/5064/5094 5096/5065/5095 5065/5034/5064
f 5065/5034/5064 5096/5065/5095 5097/5066/5096 5066/5035/5065
f 5066/5035/5065 5097/5066/5096 5098/5067/5097 5067/5036/5066
f 5067/5036/5066 5098/5067/5097 5099/5068/5098 5068/5037/5067
f 5068/5037/5067 5099/5068/5098 5100/5069/5099 5069/5038/5068
f 5069/5038/5068 5100/5069/5099 5101/5070/5100 5070/5039/5069
f 5070/5039/5069 5101/5070/5100 5102/5071/5101 5071/5040/5070
f 5071/5040/5070 5102/5071/5101 5103/5072/5102 5072/5041/5071
f 5072/5041/5071 5103/5072/5102 5104/5073/5103 5073/5042/5072
f 5073/5042/5072 5104/5073/5103 5105/5074/5104 5074/5043/5073
f 5074/5043/5073 5105/5074/5104 5106/5075/5105 5075/5044/5074
f 5075/5044/5074 5106/5075/5105 5107/5076/5106 5076/5045/5075
f 5076/5045/5075 5107/5076/5106 5108/5077/5107 5077/5046/5076
f 5077/5046/5076 5108/5077/5107 5109/5078/5108 5078/5047/5077
f 5078/5047/5077 5109/5078/5108 5110/5079/5109 5079/5048/5078
f 5079/5048/5078 5110/5079/5109 5111/5080/5110 5080/5049/5079
f 5080/5049/5079 5111/5080/5110 5112/5081/5111 5081/5050/5080
f 5081/5050/5080 5112/5081/5111 5113/5082/5112 5082/5051/5081
f 5082/5051/5081 5113/5082/5112 5114/5083/5113 5083/5052/5082
f 5083/5052/5082 5114/5083/5113 5115/5084/5114 5084/5053/5083
f 5084/5053/5083 5115/5084/5114 5116/5085/5115 5085/5054/5084
f 5085/5054/5084 5116/5085/5115 5117/5086/5116 5086/5055/5085
f 5086/5055/5085 5117/5086/5116 5118/5087/5117 5087/5056/5086
f 5087/5056/5086 5118/5087/5117 5119/5088/5118 5088/5057/5087
f 5088/5057/5087 5119/5088/5118 5120/5089/5119 5089/5058/5088
f 5089/5058/5088 5120/5089/5119 5121/5090/5120 5090/5059/5089
f 5090/5059/5089 5121/5090/5120 5122/5091/5121 5091/5060/5090
f 5091/5060/5090 5122/5091/5121 5123/5092/5122 5092/5061/5091
f 5093/5062/5092 5124/5093/5123 5125/5094/5124 5094/5063/5093
f 5094/5063/5093 5125/5094/5124 5126/5095/5125 5095/5064/5094
f 5095/5064/5094 5126/5095/5125 5127/5096/5126 5096/5065/5095
f 5096/5065/5095 5127/5096/5126 5128/5097/5127 5097/5066/5096
f 5097/5066/5096 5128/5097/5127 5129/5098/5128 5098/5067/5097
f 5098/5067/5097 5129/5098/5128 5130/5099/5129 5099/5068/5098
f 5099/5068/5098 5130/5099/5129 5131/5100/5130 5100/5069/5099
f 5100/5069/5099 5131/5100/5130 5132/5101/5131 5101/5070/5100
f 5101/5070/5100 5132/5101/5131 5133/5102/5132 5102/5071/5101
f 5102/5071/5101 5133/5102/5132 5134/5103/5133 5103/5072/5102
f 5103/5072/5102 5134/5103/5133 5135/5104/5134 5104/5073/5103
f 5104/5073/5103 5135/5104/5134 5136/5105/5135 5105/5074/5104
f 5105/5074/5104 5136/5105/5135 5137/5106/5136 5106/5075/5105
f 5106/5075/5105 5137/5106/5136 5138/5107/5137 5107/5076/5106
f 5107/5076/5106 5138/5107/5137 5139/5108/5138 5108/5077/5107
f 5108/5077/5107 5139/5108/5138 5140/5109/5139 5109/5078/5108
f 5109/5078/5108 5140/5109/5139 5141/5110/5140 5110/5079/5109
f 5110/5079/5109 5141/5110/5140 5142/5111/5141 5111/5080/5110
f 5111/5080/5110 5142/5111/5141 5143/5112/5142 5112/5081/5111
f 5112/5081/5111 5143/5112/5142 5144/5113/5143 5113/5082/5112
f 5113/5082/5112 5144/5113/5143 5145/5114/5144 5114/5083/5113
f 5114/5083/5113 5145/5114/5144 5146/5115/5145 5115/5084/5114
f 5115/5084/5114 5146/5115/5145 5147/5116/5146 5116/5085/5115
f 5116/5085/5115 5147/5116/5146 5148/5117/5147 5117/5086/5116
f 5117/5086/5116 5148/5117/5147 5149/5118/5148 5118/5087/5117
f 5118/5087/5117 5149/5118/5148 5150/5119/5149 5119/5088/5118
f 5119/5088/5118 5150/5119/5149 5151/5120/5150 5120/5089/5119
f 5120/5089/5119 5151/5120/5150 5152/5121/5151 5121/5090/5120
f 5121/5090/5120 5152/5121/5151 5153/5122/5152 5122/5091/5121
f 5122/5091/5121 5153/5122/5152 5154/5123/5153 5123/5092/5122
f 5124/5093/5123 5155/5124/5154 5156/5125/5155 5125/5094/5124
f 5125/5094/5124 5156/5125/5155 5157/5126/5156 5126/5095/5125
f 5126/5095/5125 5157/5126/5156 5158/5127/5157 5127/5096/5126
f 5127/5096/5126 5158/5127/5157 5159/5128/5158 5128/5097/5127
f 5128/5097/5127 5159/5128/5158 5160/5129/5159 5129/5098/5128
f 5129/5098/5128 5160/5129/5159 5161/5130/5160 5130/5099/5129
f 5130/5099/5129 5161/5130/5160 5162/5131/5161 5131/5100/5130
f 5131/5100/5130 5162/5131/5161 5163/5132/5162 5132/5101/5131
f 5132/5101/5131 5163/5132/5162 5164/5133/5163 5133/5102/5132
f 5133/5102/5132 5164/5133/5163 5165/5134/5164 5134/5103/5133
f 5134/5103/5133 5165/5134/5164 5166/5135/5165 5135/5104/5134
f 5135/5104/5134 5166/5135/5165 5167/5136/5166 5136/5105/5135
f 5136/5105/5135 5167/5136/5166 5168/5137/5167 5137/5106/5136
f 5137/5106/5136 5168/5137/5167 5169/5138/5168 5138/5107/5137
f 5138/5107/5137 5169/5138/5168 5170/5139/5169 5139/5108/5138
f 5139/5108/5138 5170/5139/5169 5171/5140/5170 5140/5109/5139
f 5140/5109/5139 5171/5140/5170 5172/5141/5171 5141/5110/5140
f 5141/5110/5140 5172/5141/5171 5173/5142/5172 5142/5111/5141
f 5142/5111/5141 5173/5142/5172 5174/5143/5173 5143/5112/5142
f 5143/5112/5142 5174/5143/5173 5175/5144/5174 5144/5113/5143
f 5144/5113/5143 5175/5144/5174 5176/5145/5175 5145/5114/5144
f 5145/5114/5144 5176/5145/5175 5177/5146/5176 5146/5115/5145
f 5146/5115/5145 5177/5146/5176 5178/5147/5177 5147/5116/5146
f 5147/5116/5146 5178/5147/5177 5179/5148/5178 5148/5117/5147
f 5148/5117/5147 5179/5148/5178 5180/5149/5179 5149/5118/5148
f 5149/5118/5148 5180/5149/5179 5181/5150/5180 5150/5119/5149
f 5150/5119/5149 5181/5150/5180 5182/5151/5181 5151/5120/5150
f 5151/5120/5150 5182/5151/5181 5183/5152/5182 5152/5121/5151
f 5152/5121/5151 5183/5152/5182 5184/5153/5183 5153/5122/5152
f 5153/5122/5152 5184/5153/5183 5185/5154/5184 5154/5123/5153
f 1/962/1 350/5155/350 4225/4194/4224 102/963/102
f 102/963/102 4225/4194/4224 4226/4197/4225 103/1089/103
f 103/1089/103 4226/4197/4225 4227/4199/4226 104/1088/104
f 104/1088/104 4227/4199/4226 4228/4201/4227 105/1087/105
f 105/1087/105 4228/4201/4227 4229/4203/4228 106/1086/106
f 106/1086/106 4229/4203/4228 4230/4205/4229 107/1085/107
f 107/1085/107 4230/4205/4229 4231/4207/4230 108/1084/108
f 108/1084/108 4231/4207/4230 4232/4209/4231 109/1083/109
f 109/1083/109 4232/4209/4231 4233/4211/4232 110/1082/110
f 110/1082/110 4233/4211/4232 4234/4213/4233 111/1081/111
f 111/1081/111 4234/4213/4233 4235/4215/4234 112/1080/112
f 112/1080/112 4235/4215/4234 4236/4217/4235 113/1079/113
f 113/1079/113 4236/4217/4235 4237/4219/4236 114/1078/114
f 114/1078/114 4237/4219/4236 4238/4221/4237 115/1077/115
f 115/1077/115 4238/4221/4237 4239/4223/4238 116/1076/116
f 116/1076/116 4239/4223/4238 4240/4225/4239 117/1075/117
f 117/1075/117 4240/4225/4239 4241/4227/4240 118/1074/118
f 118/1074/118 4241/4227/4240 4242/4229/4241 119/1073/119
f 119/1073/119 4242/4229/4241 4243/4231/4242 120/1072/120
f 120/1072/120 4243/4231/4242 4244/4233/4243 121/1071/121
f 121/1071/121 4244/4233/4243 4245/4235/4244 122/1070/122
f 122/1070/122 4245/4235/4244 4246/4237/4245 123/1069/123
f 123/1069/123 4246/4237/4245 4247/4239/4246 124/1068/124
f 124/1068/124 4247/4239/4246 4248/4241/4247 125/1067/125
f 125/1067/125 4248/4241/4247 4249/4243/4248 126/1066/126
f 126/1066/126 4249/4243/4248 4250/4245/4249 127/1065/127
f 127/1065/127 4250/4245/4249 4251/4247/4250 128/1064/128
f 128/1064/128 4251/4247/4250 4252/4249/4251 129/1063/129
f 129/1063/129 4252/4249/4251 4253/4251/4252 130/1062/130
f 130/1062/130 4253/4251/4252 4254/4253/4253 131/1061/131
f 131/1061/131 4254/4253/4253 4255/4255/4254 132/1059/132
f 132/1059/132 4255/4255/4254 319/4163/319 3/1060/3
f 4255/4255/4254 4286/4254/4285 320/4193/320 319/4163/319
f 4286/4254/4285 4317/4286/4316 321/4192/321 320/4193/320
f 4317/4286/4316 4348/4317/4347 322/4191/322 321/4192/321
f 4348/4317/4347 4379/4348/4378 323/4190/323 322/4191/322
f 4379/4348/4378 4410/4379/4409 324/4189/324 323/4190/323
f 4410/4379/4409 4441/4410/4440 325/4188/325 324/4189/324
f 4441/4410/4440 4472/4441/4471 326/4187/326 325/4188/325
f 4472/4441/4471 4503/4472/4502 327/4186/327 326/4187/326
f 4503/4472/4502 4534/4503/4533 328/4185/328 327/4186/327
f 4534/4503/4533 4565/4534/4564 329/4184/329 328/4185/328
f 4565/4534/4564 4596/4565/4595 330/4183/330 329/4184/329
f 4596/4565/4595 4627/4596/4626 331/4182/331 330/4183/330
f 4627/4596/4626 4658/4627/4657 332/4181/332 331/4182/331
f 4658/4627/4657 4689/4658/4688 333/4180/333 332/4181/332
f 4689/4658/4688 4720/4689/4719 334/4179/334 333/4180/333
f 4720/4689/4719 4751/4720/4750 335/4178/335 334/4179/334
f 4751/4720/4750 4782/4751/4781 336/4177/336 335/4178/335
f 4782/4751/4781 4813/4782/4812 337/4176/337 336/4177/336
f 4813/4782/4812 4844/4813/4843 338/4175/338 337/4176/337
f 4844/4813/4843 4875/4844/4874 339/4174/339 338/4175/338
f 4875/4844/4874 4906/4875/4905 340/4173/340 339/4174/339
f 4906/4875/4905 4937/4906/4936 341/4172/341 340/4173/340
f 4937/4906/4936 4968/4937/4967 342/4171/342 341/4172/341
f 4968/4937/4967 4999/4968/4998 343/4170/343 342/4171/342
f 4999/4968/4998 5030/4999/5029 344/4169/344 343/4170/343
f 5030/4999/5029 5061/5030/5060 345/4168/345 344/4169/344
f 5061/5030/5060 5092/5061/5091 346/4167/346 345/4168/345
f 5092/5061/5091 5123/5092/5122 347/4166/347 346/4167/346
f 5123/5092/5122 5154/5123/5153 348/4165/348 347/4166/347
f 5154/5123/5153 5185/5154/5184 349/4164/349 348/4165/348
f 5185/5154/5184 226/2115/226 4/2117/4 349/4164/349
f 5184/5153/5183 227/2114/227 226/2115/226 5185/5154/5184
f 5183/5152/5182 228/2113/228 227/2114/227 5184/5153/5183
f 5182/5151/5181 229/2112/229 228/2113/228 5183/5152/5182
f 5181/5150/5180 230/2111/230 229/2112/229 5182/5151/5181
f 5180/5149/5179 231/2110/231 230/2111/230 5181/5150/5180
f 5179/5148/5178 232/2109/232 231/2110/231 5180/5149/5179
f 5178/5147/5177 233/2108/233 232/2109/232 5179/5148/5178
f 5177/5146/5176 234/2107/234 233/2108/233 5178/5147/5177
f 5176/5145/5175 235/2106/235 234/2107/234 5177/5146/5176
f 5175/5144/5174 236/2105/236 235/2106/235 5176/5145/5175
f 5174/5143/5173 237/2104/237 236/2105/236 5175/5144/5174
f 5173/5142/5172 238/2103/238 237/2104/237 5174/5143/5173
f 5172/5141/5171 239/2102/239 238/2103/238 5173/5142/5172
f 5171/5140/5170 240/2101/240 239/2102/239 5172/5141/5171
f 5170/5139/5169 241/2100/241 240/2101/240 5171/5140/5170
f 5169/5138/5168 242/2099/242 241/2100/241 5170/5139/5169
f 5168/5137/5167 243/2098/243 242/2099/242 5169/5138/5168
f 5167/5136/5166 244/2097/244 243/2098/243 5168/5137/5167
f 5166/5135/5165 245/2096/245 244/2097/244 5167/5136/5166
f 5165/5134/5164 246/2095/246 245/2096/245 5166/5135/5165
f 5164/5133/5163 247/2094/247 246/2095/246 5165/5134/5164
f 5163/5132/5162 248/2093/248 247/2094/247 5164/5133/5163
f 5162/5131/5161 249/2092/249 248/2093/248 5163/5132/5162
f 5161/5130/5160 250/2091/250 249/2092/249 5162/5131/5161
f 5160/5129/5159 251/2090/251 250/2091/250 5161/5130/5160
f 5159/5128/5158 252/2089/252 251/2090/251 5160/5129/5159
f 5158/5127/5157 253/2088/253 252/2089/252 5159/5128/5158
f 5157/5126/5156 254/2087/254 253/2088/253 5158/5127/5157
f 5156/5125/5155 255/2086/255 254/2087/254 5157/5126/5156
f 5155/5124/5154 256/2084/256 255/2086/255 5156/5125/5155
f 380/5156/380 2/2085/2 256/2084/256 5155/5124/5154
f 379/5157/379 380/5156/380 5155/5124/5154 5124/5093/5123
f 378/5158/378 379/5157/379 5124/5093/5123 5093/5062/5092
f 377/5159/377 378/5158/378 5093/5062/5092 5062/5031/5061
f 376/5160/376 377/5159/377 5062/5031/5061 5031/5000/5030
f 375/5161/375 376/5160/376 5031/5000/5030 5000/4969/4999
f 374/5162/374 375/5161/375 5000/4969/4999 4969/4938/4968
f 373/5163/373 374/5162/374 4969/4938/4968 4938/4907/4937
f 372/5164/372 373/5163/373 4938/4907/4937 4907/4876/4906
f 371/5165/371 372/5164/372 4907/4876/4906 4876/4845/4875
f 370/5166/370 371/5165/371 4876/4845/4875 4845/4814/4844
f 369/5167/369 370/5166/370 4845/4814/4844 4814/4783/4813
f 368/5168/368 369/5167/369 4814/4783/4813 4783/4752/4782
f 367/5169/367 368/5168/368 4783/4752/4782 4752/4721/4751
f 366/5170/366 367/5169/367 4752/4721/4751 4721/4690/4720
f 365/5171/365 366/5170/366 4721/4690/4720 4690/4659/4689
f 364/5172/364 365/5171/365 4690/4659/4689 4659/4628/4658
f 363/5173/363 364/5172/364 4659/4628/4658 4628/4597/4627
f 362/5174/362 363/5173/363 4628/4597/4627 4597/4566/4596
f 361/5175/361 362/5174/362 4597/4566/4596 4566/4535/4565
f 360/5176/360 361/5175/361 4566/4535/4565 4535/4504/4534
f 359/5177/359 360/5176/360 4535/4504/4534 4504/4473/4503
f 358/5178/358 359/5177/359 4504/4473/4503 4473/4442/4472
f 357/5179/357 358/5178/358 4473/4442/4472 4442/4411/4441
f 356/5180/356 357/5179/357 4442/4411/4441 4411/4380/4410
f 355/5181/355 356/5180/356 4411/4380/4410 4380/4349/4379
f 354/5182/354 355/5181/355 4380/4349/4379 4349/4318/4348
f 353/5183/353 354/5182/354 4349/4318/4348 4318/4287/4317
f 352/5184/352 353/5183/353 4318/4287/4317 4287/4256/4286
f 351/5185/351 352/5184/352 4287/4256/4286 4256/4195/4255
f 350/5155/350 351/5185/351 4256/4195/4255 4225/4194/4224
f 5186/5186/5185 5217/5187/5216 5218/5188/5217 5187/5189/5186
f 5187/5189/5186 5218/5188/5217 5219/5190/5218 5188/5191/5187
f 5188/5191/5187 5219/5190/5218 5220/5192/5219 5189/5193/5188
f 5189/5193/5188 5220/5192/5219 5221/5194/5220 5190/5195/5189
f 5190/5195/5189 5221/5194/5220 5222/5196/5221 5191/5197/5190
f 5191/5197/5190 5222/5196/5221 5223/5198/5222 5192/5199/5191
f 5192/5199/5191 5223/5198/5222 5224/5200/5223 5193/5201/5192
f 5193/5201/5192 5224/5200/5223 5225/5202/5224 5194/5203/5193
f 5194/5203/5193 5225/5202/5224 5226/5204/5225 5195/5205/5194
f 5195/5205/5194 5226/5204/5225 5227/5206/5226 5196/5207/5195
f 5196/5207/5195 5227/5206/5226 5228/5208/5227 5197/5209/5196
f 5197/5209/5196 5228/5208/5227 5229/5210/5228 5198/5211/5197
f 5198/5211/5197 5229/5210/5228 5230/5212/5229 5199/5213/5198
f 5199/5213/5198 5230/5212/5229 5231/5214/5230 5200/5215/5199
f 5200/5215/5199 5231/5214/5230 5232/5216/5231 5201/5217/5200
f 5201/5217/5200 5232/5216/5231 5233/5218/5232 5202/5219/5201
f 5202/5219/5201 5233/5218/5232 5234/5220/5233 5203/5221/5202
f 5203/5221/5202 5234/5220/5233 5235/5222/5234 5204/5223/5203
f 5204/5223/5203 5235/5222/5234 5236/5224/5235 5205/5225/5204
f 5205/5225/5204 5236/5224/5235 5237/5226/5236 5206/5227/5205
f 5206/5227/5205 5237/5226/5236 5238/5228/5237 5207/5229/5206
f 5207/5229/5206 5238/5228/5237 5239/5230/5238 5208/5231/5207
f 5208/5231/5207 5239/5230/5238 5240/5232/5239 5209/5233/5208
f 5209/5233/5208 5240/5232/5239 5241/5234/5240 5210/5235/5209
f 5210/5235/5209 5241/5234/5240 5242/5236/5241 5211/5237/5210
f 5211/5237/5210 5242/5236/5241 5243/5238/5242 5212/5239/5211
f 5212/5239/5211 5243/5238/5242 5244/5240/5243 5213/5241/5212
f 5213/5241/5212 5244/5240/5243 5245/5242/5244 5214/5243/5213
f 5214/5243/5213 5245/5242/5244 5246/5244/5245 5215/5245/5214
f 5215/5245/5214 5246/5244/5245 5247/5246/5246 5216/5247/5215
f 5217/5187/5216 5248/5248/5247 5249/5249/5248 5218/5188/5217
f 5218/5188/5217 5249/5249/5248 5250/5250/5249 5219/5190/5218
f 5219/5190/5218 5250/5250/5249 5251/5251/5250 5220/5192/5219
f 5220/5192/5219 5251/5251/5250 5252/5252/5251 5221/5194/5220
f 5221/5194/5220 5252/5252/5251 5253/5253/5252 5222/5196/5221
f 5222/5196/5221 5253/5253/5252 5254/5254/5253 5223/5198/5222
f 5223/5198/5222 5254/5254/5253 5255/5255/5254 5224/5200/5223
f 5224/5200/5223 5255/5255/5254 5256/5256/5255 5225/5202/5224
f 5225/5202/5224 5256/5256/5255 5257/5257/5256 5226/5204/5225
f 5226/5204/5225 5257/5257/5256 5258/5258/5257 5227/5206/5226
f 5227/5206/5226 5258/5258/5257 5259/5259/5258 5228/5208/5227
f 5228/5208/5227 5259/5259/5258 5260/5260/5259 5229/5210/5228
f 5229/5210/5228 5260/5260/5259 5261/5261/5260 5230/5212/5229
f 5230/5212/5229 5261/5261/5260 5262/5262/5261 5231/5214/5230
f 5231/5214/5230 5262/5262/5261 5263/5263/5262 5232/5216/5231
f 5232/5216/5231 5263/5263/5262 5264/5264/5263 5233/5218/5232
f 5233/5218/5232 5264/5264/5263 5265/5265/5264 5234/5220/5233
f 5234/5220/5233 5265/5265/5264 5266/5266/5265 5235/5222/5234
f 5235/5222/5234 5266/5266/5265 5267/5267/5266 5236/5224/5235
f 5236/5224/5235 5267/5267/5266 5268/5268/5267 5237/5226/5236
f 5237/5226/5236 5268/5268/5267 5269/5269/5268 5238/5228/5237
f 5238/5228/5237 5269/5269/5268 5270/5270/5269 5239/5230/5238
f 5239/5230/5238 5270/5270/5269 5271/5271/5270 5240/5232/5239
f 5240/5232/5239 5271/5271/5270 5272/5272/5271 5241/5234/5240
f 5241/5234/5240 5272/5272/5271 5273/5273/5272 5242/5236/5241
f 5242/5236/5241 5273/5273/5272 5274/5274/5273 5243/5238/5242
f 5243/5238/5242 5274/5274/5273 5275/5275/5274 5244/5240/5243
f 5244/5240/5243 5275/5275/5274 5276/5276/5275 5245/5242/5244
f 5245/5242/5244 5276/5276/5275 5277/5277/5276 5246/5244/5245
f 5246/5244/5245 5277/5277/5276 5278/5278/5277 5247/5246/5246
f 5248/5248/5247 5279/5279/5278 5280/5280/5279 5249/5249/5248
f 5249/5249/5248 5280/5280/5279 5281/5281/5280 5250/5250/5249
f 5250/5250/5249 5281/5281/5280 5282/5282/5281 5251/5251/5250
f 5251/5251/5250 5282/5282/5281 5283/5283/5282 5252/5252/5251
f 5252/5252/5251 5283/5283/5282 5284/5284/5283 5253/5253/5252
f 5253/5253/5252 5284/5284/5283 5285/5285/5284 5254/5254/5253
f 5254/5254/5253 5285/5285/5284 5286/5286/5285 5255/5255/5254
f 5255/5255/5254 5286/5286/5285 5287/5287/5286 5256/5256/5255
f 5256/5256/5255 5287/5287/5286 5288/5288/5287 5257/5257/5256
f 5257/5257/5256 5288/5288/5287 5289/5289/5288 5258/5258/5257
f 5258/5258/5257 5289/5289/5288 5290/5290/5289 5259/5259/5258
f 5259/5259/5258 5290/5290/5289 5291/5291/5290 5260/5260/5259
f 5260/5260/5259 5291/5291/5290 5292/5292/5291 5261/5261/5260
f 5261/5261/5260 5292/5292/5291 5293/5293/5292 5262/5262/5261
f 5262/5262/5261 5293/5293/5292 5294/5294/5293 5263/5263/5262
f 5263/5263/5262 5294/5294/5293 5295/5295/5294 5264/5264/5263
f 5264/5264/5263 5295/5295/5294 5296/5296/5295 5265/5265/5264
f 5265/5265/5264 5296/5296/5295 5297/5297/5296 5266/5266/5265
f 5266/5266/5265 5297/5297/5296 5298/5298/5297 5267/5267/5266
f 5267/5267/5266 5298/5298/5297 5299/5299/5298 5268/5268/5267
f 5268/5268/5267 5299/5299/5298 5300/5300/5299 5269/5269/5268
f 5269/5269/5268 5300/5300/5299 5301/5301/5300 5270/5270/5269
f 5270/5270/5269 5301/5301/5300 5302/5302/5301 5271/5271/5270
f 5271/5271/5270 5302/5302/5301 5303/5303/5302 5272/5272/5271
f 5272/5272/5271 5303/5303/5302 5304/5304/5303 5273/5273/5272
f 5273/5273/5272 5304/5304/5303 5305/5305/5304 5274/5274/5273
f 5274/5274/5273 5305/5305/5304 5306/5306/5305 5275/5275/5274
f 5275/5275/5274 5306/5306/5305 5307/5307/5306 5276/5276/5275
f 5276/5276/5275 5307/5307/5306 5308/5308/5307 5277/5277/5276
f 5277/5277/5276 5308/5308/5307 5309/5309/5308 5278/5278/5277
f 5279/5279/5278 5310/5310/5309 5311/5311/5310 5280/5280/5279
f 5280/5280/5279 5311/5311/5310 5312/5312/5311 5281/5281/5280
f 5281/5281/5280 5312/5312/5311 5313/5313/5312 5282/5282/5281
f 5282/5282/5281 5313/5313/5312 5314/5314/5313 5283/5283/5282
f 5283/5283/5282 5314/5314/5313 5315/5315/5314 5284/5284/5283
f 5284/5284/5283 5315/5315/5314 5316/5316/5315 5285/5285/5284
f 5285/5285/5284 5316/5316/5315 5317/5317/5316 5286/5286/5285
f 5286/5286/5285 5317/5317/5316 5318/5318/5317 5287/5287/5286
f 5287/5287/5286 5318/5318/5317 5319/5319/5318 5288/5288/5287
f 5288/5288/5287 5319/5319/5318 5320/5320/5319 5289/5289/5288
f 5289/5289/5288 5320/5320/5319 5321/5321/5320 5290/5290/5289
f 5290/5290/5289 5321/5321/5320 5322/5322/5321 5291/5291/5290
f 5291/5291/5290 5322/5322/5321 5323/5323/5322 5292/5292/5291
f 5292/5292/5291 5323/5323/5322 5324/5324/5323 5293/5293/5292
f 5293/5293/5292 5324/5324/5323 5325/5325/5324 5294/5294/5293
f 5294/5294/5293 5325/5325/5324 5326/5326/5325 5295/5295/5294
f 5295/5295/5294 5326/5326/5325 5327/5327/5326 5296/5296/5295
f 5296/5296/5295 5327/5327/5326 5328/5328/5327 5297/5297/5296
f 5297/5297/5296 5328/5328/5327 5329/5329/5328 5298/5298/5297
f 5298/5298/5297 5329/5329/5328 5330/5330/5329 5299/5299/5298
f 5299/5299/5298 5330/5330/5329 5331/5331/5330 5300/5300/5299
f 5300/5300/5299 5331/5331/5330 5332/5332/5331 5301/5301/5300
f 5301/5301/5300 5332/5332/5331 5333/5333/5332 5302/5302/5301
f 5302/5302/5301 5333/5333/5332 5334/5334/5333 5303/5303/5302
f 5303/5303/5302 5334/5334/5333 5335/5335/5334 5304/5304/5303
f 5304/5304/5303 5335/5335/5334 5336/5336/5335 5305/5305/5304
f 5305/5305/5304 5336/5336/5335 5337/5337/5336 5306/5306/5305
f 5306/5306/5305 5337/5337/5336 5338/5338/5337 5307/5307/5306
f 5307/5307/5306 5338/5338/5337 5339/5339/5338 5308/5308/5307
f 5308/5308/5307 5339/5339/5338 5340/5340/5339 5309/5309/5308
f 5310/5310/5309 5341/5341/5340 5342/5342/5341 5311/5311/5310
f 5311/5311/5310 5342/5342/5341 5343/5343/5342 5312/5312/5311
f 5312/5312/5311 5343/5343/5342 5344/5344/5343 5313/5313/5312
f 5313/5313/5312 5344/5344/5343 5345/5345/5344 5314/5314/5313
f 5314/5314/5313 5345/5345/5344 5346/5346/5345 5315/5315/5314
f 5315/5315/5314 5346/5346/5345 5347/5347/5346 5316/5316/5315
f 5316/5316/5315 5347/5347/5346 5348/5348/5347 5317/5317/5316
f 5317/5317/5316 5348/5348/5347 5349/5349/5348 5318/5318/5317
f 5318/5318/5317 5349/5349/5348 5350/5350/5349 5319/5319/5318
f 5319/5319/5318 5350/5350/5349 5351/5351/5350 5320/5320/5319
f 5320/5320/5319 5351/5351/5350 5352/5352/5351 5321/5321/5320
f 5321/5321/5320 5352/5352/5351 5353/5353/5352 5322/5322/5321
f 5322/5322/5321 5353/5353/5352 5354/5354/5353 5323/5323/5322
f 5323/5323/5322 5354/5354/5353 5355/5355/5354 5324/5324/5323
f 5324/5324/5323 5355/5355/5354 5356/5356/5355 5325/5325/5324
f 5325/5325/5324 5356/5356/5355 5357/5357/5356 5326/5326/5325
f 5326/5326/5325 5357/5357/5356 5358/5358/5357 5327/5327/5326
f 5327/5327/5326 5358/5358/5357 5359/5359/5358 5328/5328/5327
f 5328/5328/5327 5359/5359/5358 5360/5360/5359 5329/5329/5328
f 5329/5329/5328 5360/5360/5359 5361/5361/5360 5330/5330/5329
f 5330/5330/5329 5361/5361/5360 5362/5362/5361 5331/5331/5330
f 5331/5331/5330 5362/5362/5361 5363/5363/5362 5332/5332/5331
f 5332/5332/5331 5363/5363/5362 5364/5364/5363 5333/5333/5332
f 5333/5333/5332 5364/5364/5363 5365/5365/5364 5334/5334/5333
f 5334/5334/5333 5365/5365/5364 5366/5366/5365 5335/5335/5334
f 5335/5335/5334 5366/5366/5365 5367/5367/5366 5336/5336/5335
f 5336/5336/5335 5367/5367/5366 5368/5368/5367 5337/5337/5336
f 5337/5337/5336 5368/5368/5367 5369/5369/5368 5338/5338/5337
f 5338/5338/5337 5369/5369/5368 5370/5370/5369 5339/5339/5338
f 5339/5339/5338 5370/5370/5369 5371/5371/5370 5340/5340/5339
f 5341/5341/5340 5372/5372/5371 5373/5373/5372 5342/5342/5341
f 5342/5342/5341 5373/5373/5372 5374/5374/5373 5343/5343/5342
f 5343/5343/5342 5374/5374/5373 5375/5375/5374 5344/5344/5343
f 5344/5344/5343 5375/5375/5374 5376/5376/5375 5345/5345/5344
f 5345/5345/5344 5376/5376/5375 5377/5377/5376 5346/5346/5345
f 5346/5346/5345 5377/5377/5376 5378/5378/5377 5347/5347/5346
f 5347/5347/5346 5378/5378/5377 5379/5379/5378 5348/5348/5347
f 5348/5348/5347 5379/5379/5378 5380/5380/5379 5349/5349/5348
f 5349/5349/5348 5380/5380/5379 5381/5381/5380 5350/5350/5349
f 5350/5350/5349 5381/5381/5380 5382/5382/5381 5351/5351/5350
f 5351/5351/5350 5382/5382/5381 5383/5383/5382 5352/5352/5351
f 5352/5352/5351 5383/5383/5382 5384/5384/5383 5353/5353/5352
f 5353/5353/5352 5384/5384/5383 5385/5385/5384 5354/5354/5353
f 5354/5354/5353 5385/5385/5384 5386/5386/5385 5355/5355/5354
f 5355/5355/5354 5386/5386/5385 5387/5387/5386 5356/5356/5355
f 5356/5356/5355 5387/5387/5386 5388/5388/5387 5357/5357/5356
f 5357/5357/5356 5388/5388/5387 5389/5389/5388 5358/5358/5357
f 5358/5358/5357 5389/5389/5388 5390/5390/5389 5359/5359/5358
f 5359/5359/5358 5390/5390/5389 5391/5391/5390 5360/5360/5359
f 5360/5360/5359 5391/5391/5390 5392/5392/5391 5361/5361/5360
f 5361/5361/5360 5392/5392/5391 5393/5393/5392 5362/5362/5361
f 5362/5362/5361 5393/5393/5392 5394/5394/5393 5363/5363/5362
f 5363/5363/5362 5394/5394/5393 5395/5395/5394 5364/5364/5363
f 5364/5364/5363 5395/5395/5394 5396/5396/5395 5365/5365/5364
f 5365/5365/5364 5396/5396/5395 5397/5397/5396 5366/5366/5365
f 5366/5366/5365 5397/5397/5396 5398/5398/5397 5367/5367/5366
f 5367/5367/5366 5398/5398/5397 5399/5399/5398 5368/5368/5367
f 5368/5368/5367 5399/5399/5398 5400/5400/5399 5369/5369/5368
f 5369/5369/5368 5400/5400/5399 5401/5401/5400 5370/5370/5369
f 5370/5370/5369 5401/5401/5400 5402/5402/5401 5371/5371/5370
f 5372/5372/5371 5403/5403/5402 5404/5404/5403 5373/5373/5372
f 5373/5373/5372 5404/5404/5403 5405/5405/5404 5374/5374/5373
f 5374/5374/5373 5405/5405/5404 5406/5406/5405 5375/5375/5374
f 5375/5375/5374 5406/5406/5405 5407/5407/5406 5376/5376/5375
f 5376/5376/5375 5407/5407/5406 5408/5408/5407 5377/5377/5376
f 5377/5377/5376 5408/5408/5407 5409/5409/5408 5378/5378/5377
f 5378/5378/5377 5409/5409/5408 5410/5410/5409 5379/5379/5378
f 5379/5379/5378 5410/5410/5409 5411/5411/5410 5380/5380/5379
f 5380/5380/5379 5411/5411/5410 5412/5412/5411 5381/5381/5380
f 5381/5381/5380 5412/5412/5411 5413/5413/5412 5382/5382/5381
f 5382/5382/5381 5413/5413/5412 5414/5414/5413 5383/5383/5382
f 5383/5383/5382 5414/5414/5413 5415/5415/5414 5384/5384/5383
f 5384/5384/5383 5415/5415/5414 5416/5416/5415 5385/5385/5384
f 5385/5385/5384 5416/5416/5415 5417/5417/5416 5386/5386/5385
f 5386/5386/5385 5417/5417/5416 5418/5418/5417 5387/5387/5386
f 5387/5387/5386 5418/5418/5417 5419/5419/5418 5388/5388/5387
f 5388/5388/5387 5419/5419/5418 5420/5420/5419 5389/5389/5388
f 5389/5389/5388 5420/5420/5419 5421/5421/5420 5390/5390/5389
f 5390/5390/5389 5421/5421/5420 5422/5422/5421 5391/5391/5390
f 5391/5391/5390 5422/5422/5421 5423/5423/5422 5392/5392/5391
f 5392/5392/5391 5423/5423/5422 5424/5424/5423 5393/5393/5392
f 5393/5393/5392 5424/5424/5423 5425/5425/5424 5394/5394/5393
f 5394/5394/5393 5425/5425/5424 5426/5426/5425 5395/5395/5394
f 5395/5395/5394 5426/5426/5425 5427/5427/5426 5396/5396/5395
f 5396/5396/5395 5427/5427/5426 5428/5428/5427 5397/5397/5396
f 5397/5397/5396 5428/5428/5427 5429/5429/5428 5398/5398/5397
f 5398/5398/5397 5429/5429/5428 5430/5430/5429 5399/5399/5398
f 5399/5399/5398 5430/5430/5429 5431/5431/5430 5400/5400/5399
f 5400/5400/5399 5431/5431/5430 5432/5432/5431 5401/5401/5400
f 5401/5401/5400 5432/5432/5431 5433/5433/5432 5402/5402/5401
f 5403/5403/5402 5434/5434/5433 5435/5435/5434 5404/5404/5403
f 5404/5404/5403 5435/5435/5434 5436/5436/5435 5405/5405/5404
f 5405/5405/5404 5436/5436/5435 5437/5437/5436 5406/5406/5405
f 5406/5406/5405 5437/5437/5436 5438/5438/5437 5407/5407/5406
f 5407/5407/5406 5438/5438/5437 5439/5439/5438 5408/5408/5407
f 5408/5408/5407 5439/5439/5438 5440/5440/5439 5409/5409/5408
f 5409/5409/5408 5440/5440/5439 5441/5441/5440 5410/5410/5409
f 5410/5410/5409 5441/5441/5440 5442/5442/5441 5411/5411/5410
f 5411/5411/5410 5442/5442/5441 5443/5443/5442 5412/5412/5411
f 5412/5412/5411 5443/5443/5442 5444/5444/5443 5413/5413/5412
f 5413/5413/5412 5444/5444/5443 5445/5445/5444 5414/5414/5413
f 5414/5414/5413 5445/5445/5444 5446/5446/5445 5415/5415/5414
f 5415/5415/5414 5446/5446/5445 5447/5447/5446 5416/5416/5415
f 5416/5416/5415 5447/5447/5446 5448/5448/5447 5417/5417/5416
f 5417/5417/5416 5448/5448/5447 5449/5449/5448 5418/5418/5417
f 5418/5418/5417 5449/5449/5448 5450/5450/5449 5419/5419/5418
f 5419/5419/5418 5450/5450/5449 5451/5451/5450 5420/5420/5419
f 5420/5420/5419 5451/5451/5450 5452/5452/5451 5421/5421/5420
f 5421/5421/5420 5452/5452/5451 5453/5453/5452 5422/5422/5421
f 5422/5422/5421 5453/5453/5452 5454/5454/5453 5423/5423/5422
f 5423/5423/5422 5454/5454/5453 5455/5455/5454 5424/5424/5423
f 5424/5424/5423 5455/5455/5454 5456/5456/5455 5425/5425/5424
f 5425/5425/5424 5456/5456/5455 5457/5457/5456 5426/5426/5425
f 5426/5426/5425 5457/5457/5456 5458/5458/5457 5427/5427/5426
f 5427/5427/5426 5458/5458/5457 5459/5459/5458 5428/5428/5427
f 5428/5428/5427 5459/5459/5458 5460/5460/5459 5429/5429/5428
f 5429/5429/5428 5460/5460/5459 5461/5461/5460 5430/5430/5429
f 5430/5430/5429 5461/5461/5460 5462/5462/5461 5431/5431/5430
f 5431/5431/5430 5462/5462/5461 5463/5463/5462 5432/5432/5431
f 5432/5432/5431 5463/5463/5462 5464/5464/5463 5433/5433/5432
f 5434/5434/5433 5465/5465/5464 5466/5466/5465 5435/5435/5434
f 5435/5435/5434 5466/5466/5465 5467/5467/5466 5436/5436/5435
f 5436/5436/5435 5467/5467/5466 5468/5468/5467 5437/5437/5436
f 5437/5437/5436 5468/5468/5467 5469/5469/5468 5438/5438/5437
f 5438/5438/5437 5469/5469/5468 5470/5470/5469 5439/5439/5438
f 5439/5439/5438 5470/5470/5469 5471/5471/5470 5440/5440/5439
f 5440/5440/5439 5471/5471/5470 5472/5472/5471 5441/5441/5440
f 5441/5441/5440 5472/5472/5471 5473/5473/5472 5442/5442/5441
f 5442/5442/5441 5473/5473/5472 5474/5474/5473 5443/5443/5442
f 5443/5443/5442 5474/5474/5473 5475/5475/5474 5444/5444/5443
f 5444/5444/5443 5475/5475/5474 5476/5476/5475 5445/5445/5444
f 5445/5445/5444 5476/5476/5475 5477/5477/5476 5446/5446/5445
f 5446/5446/5445 5477/5477/5476 5478/5478/5477 5447/5447/5446
f 5447/5447/5446 5478/5478/5477 5479/5479/5478 5448/5448/5447
f 5448/5448/5447 5479/5479/5478 5480/5480/5479 5449/5449/5448
f 5449/5449/5448 5480/5480/5479 5481/5481/5480 5450/5450/5449
f 5450/5450/5449 5481/5481/5480 5482/5482/5481 5451/5451/5450
f 5451/5451/5450 5482/5482/5481 5483/5483/5482 5452/5452/5451
f 5452/5452/5451 5483/5483/5482 5484/5484/5483 5453/5453/5452
f 5453/5453/5452 5484/5484/5483 5485/5485/5484 5454/5454/5453
f 5454/5454/5453 5485/5485/5484 5486/5486/5485 5455/5455/5454
f 5455/5455/5454 5486/5486/5485 5487/5487/5486 5456/5456/5455
f 5456/5456/5455 5487/5487/5486 5488/5488/5487 5457/5457/5456
f 5457/5457/5456 5488/5488/5487 5489/5489/5488 5458/5458/5457
f 5458/5458/5457 5489/5489/5488 5490/5490/5489 5459/5459/5458
f 5459/5459/5458 5490/5490/5489 5491/5491/5490 5460/5460/5459
f 5460/5460/5459 5491/5491/5490 5492/5492/5491 5461/5461/5460
f 5461/5461/5460 5492/5492/5491 5493/5493/5492 5462/5462/5461
f 5462/5462/5461 5493/5493/5492 5494/5494/5493 5463/5463/5462
f 5463/5463/5462 5494/5494/5493 5495/5495/5494 5464/5464/5463
f 5465/5465/5464 5496/5496/5495 5497/5497/5496 5466/5466/5465
f 5466/5466/5465 5497/5497/5496 5498/5498/5497 5467/5467/5466
f 5467/5467/5466 5498/5498/5497 5499/5499/5498 5468/5468/5467
f 5468/5468/5467 5499/5499/5498 5500/5500/5499 5469/5469/5468
f 5469/5469/5468 5500/5500/5499 5501/5501/5500 5470/5470/5469
f 5470/5470/5469 5501/5501/5500 5502/5502/5501 5471/5471/5470
f 5471/5471/5470 5502/5502/5501 5503/5503/5502 5472/5472/5471
f 5472/5472/5471 5503/5503/5502 5504/5504/5503 5473/5473/5472
f 5473/5473/5472 5504/5504/5503 5505/5505/5504 5474/5474/5473
f 5474/5474/5473 5505/5505/5504 5506/5506/5505 5475/5475/5474
f 5475/5475/5474 5506/5506/5505 5507/5507/5506 5476/5476/5475
f 5476/5476/5475 5507/5507/5506 5508/5508/5507 5477/5477/5476
f 5477/5477/5476 5508/5508/5507 5509/5509/5508 5478/5478/5477
f 5478/5478/5477 5509/5509/5508 5510/5510/5509 5479/5479/5478
f 5479/5479/5478 5510/5510/5509 5511/5511/5510 5480/5480/5479
f 5480/5480/5479 5511/5511/5510 5512/5512/5511 5481/5481/5480
f 5481/5481/5480 5512/5512/5511 5513/5513/5512 5482/5482/5481
f 5482/5482/5481 5513/5513/5512 5514/5514/5513 5483/5483/5482
f 5483/5483/5482 5514/5514/5513 5515/5515/5514 5484/5484/5483
f 5484/5484/5483 5515/5515/5514 5516/5516/5515 5485/5485/5484
f 5485/5485/5484 5516/5516/5515 5517/5517/5516 5486/5486/5485
f 5486/5486/5485 5517/5517/5516 5518/5518/5517 5487/5487/5486
f 5487/5487/5486 5518/5518/5517 5519/5519/5518 5488/5488/5487
f 5488/5488/5487 5519/5519/5518 5520/5520/5519 5489/5489/5488
f 5489/5489/5488 5520/5520/5519 5521/5521/5520 5490/5490/5489
f 5490/5490/5489 5521/5521/5520 5522/5522/5521 5491/5491/5490
f 5491/5491/5490 5522/5522/5521 5523/5523/5522 5492/5492/5491
f 5492/5492/5491 5523/5523/5522 5524/5524/5523 5493/5493/5492
f 5493/5493/5492 5524/5524/5523 5525/5525/5524 5494/5494/5493
f 5494/5494/5493 5525/5525/5524 5526/5526/5525 5495/5495/5494
f 5496/5496/5495 5527/5527/5526 5528/5528/5527 5497/5497/5496
f 5497/5497/5496 5528/5528/5527 5529/5529/5528 5498/5498/5497
f 5498/5498/5497 5529/5529/5528 5530/5530/5529 5499/5499/5498
f 5499/5499/5498 5530/5530/5529 5531/5531/5530 5500/5500/5499
f 5500/5500/5499 5531/5531/5530 5532/5532/5531 5501/5501/5500
f 5501/5501/5500 5532/5532/5531 5533/5533/5532 5502/5502/5501
f 5502/5502/5501 5533/5533/5532 5534/5534/5533 5503/5503/5502
f 5503/5503/5502 5534/5534/5533 5535/5535/5534 5504/5504/5503
f 5504/5504/5503 5535/5535/5534 5536/5536/5535 5505/5505/5504
f 5505/5505/5504 5536/5536/5535 5537/5537/5536 5506/5506/5505
f 5506/5506/5505 5537/5537/5536 5538/5538/5537 5507/5507/5506
f 5507/5507/5506 5538/5538/5537 5539/5539/5538 5508/5508/5507
f 5508/5508/5507 5539/5539/5538 5540/5540/5539 5509/5509/5508
f 5509/5509/5508 5540/5540/5539 5541/5541/5540 5510/5510/5509
f 5510/5510/5509 5541/5541/5540 5542/5542/5541 5511/5511/5510
f 5511/5511/5510 5542/5542/5541 5543/5543/5542 5512/5512/5511
f 5512/5512/5511 5543/5543/5542 5544/5544/5543 5513/5513/5512
f 5513/5513/5512 5544/5544/5543 5545/5545/5544 5514/5514/5513
f 5514/5514/5513 5545/5545/5544 5546/5546/5545 5515/5515/5514
f 5515/5515/5514 5546/5546/5545 5547/5547/5546 5516/5516/5515
f 5516/5516/5515 5547/5547/5546 5548/5548/5547 5517/5517/5516
f 5517/5517/5516 5548/5548/5547 5549/5549/5548 5518/5518/5517
f 5518/5518/5517 5549/5549/5548 5550/5550/5549 5519/5519/5518
f 5519/5519/5518 5550/5550/5549 5551/5551/5550 5520/5520/5519
f 5520/5520/5519 5551/5551/5550 5552/5552/5551 5521/5521/5520
f 5521/5521/5520 5552/5552/5551 5553/5553/5552 5522/5522/5521
f 5522/5522/5521 5553/5553/5552 5554/5554/5553 5523/5523/5522
f 5523/5523/5522 5554/5554/5553 5555/5555/5554 5524/5524/5523
f 5524/5524/5523 5555/5555/5554 5556/5556/5555 5525/5525/5524
f 5525/5525/5524 5556/5556/5555 5557/5557/5556 5526/5526/5525
f 5527/5527/5526 5558/5558/5557 5559/5559/5558 5528/5528/5527
f 5528/5528/5527 5559/5559/5558 5560/5560/5559 5529/5529/5528
f 5529/5529/5528 5560/5560/5559 5561/5561/5560 5530/5530/5529
f 5530/5530/5529 5561/5561/5560 5562/5562/5561 5531/5531/5530
f 5531/5531/5530 5562/5562/5561 5563/5563/5562 5532/5532/5531
f 5532/5532/5531 5563/5563/5562 5564/5564/5563 5533/5533/5532
f 5533/5533/5532 5564/5564/5563 5565/5565/5564 5534/5534/5533
f 5534/5534/5533 5565/5565/5564 5566/5566/5565 5535/5535/5534
f 5535/5535/5534 5566/5566/5565 5567/5567/5566 5536/5536/5535
f 5536/5536/5535 5567/5567/5566 5568/5568/5567 5537/5537/5536
f 5537/5537/5536 5568/5568/5567 5569/5569/5568 5538/5538/5537
f 5538/5538/5537 5569/5569/5568 5570/5570/5569 5539/5539/5538
f 5539/5539/5538 5570/5570/5569 5571/5571/5570 5540/5540/5539
f 5540/5540/5539 5571/5571/5570 5572/5572/5571 5541/5541/5540
f 5541/5541/5540 5572/5572/5571 5573/5573/5572 5542/5542/5541
f 5542/5542/5541 5573/5573/5572 5574/5574/5573 5543/5543/5542
f 5543/5543/5542 5574/5574/5573 5575/5575/5574 5544/5544/5543
f 5544/5544/5543 5575/5575/5574 5576/5576/5575 5545/5545/5544
f 5545/5545/5544 5576/5576/5575 5577/5577/5576 5546/5546/5545
f 5546/5546/5545 5577/5577/5576 5578/5578/5577 5547/5547/5546
f 5547/5547/5546 5578/5578/5577 5579/5579/5578 5548/5548/5547
f 5548/5548/5547 5579/5579/5578 5580/5580/5579 5549/5549/5548
f 5549/5549/5548 5580/5580/5579 5581/5581/5580 5550/5550/5549
f 5550/5550/5549 5581/5581/5580 5582/5582/5581 5551/5551/5550
f 5551/5551/5550 5582/5582/5581 5583/5583/5582 5552/5552/5551
f 5552/5552/5551 5583/5583/5582 5584/5584/5583 5553/5553/5552
f 5553/5553/5552 5584/5584/5583 5585/5585/5584 5554/5554/5553
f 5554/5554/5553 5585/5585/5584 5586/5586/5585 5555/5555/5554
f 5555/5555/5554 5586/5586/5585 5587/5587/5586 5556/5556/5555
f 5556/5556/5555 5587/5587/5586 5588/5588/5587 5557/5557/5556
f 5558/5558/5557 5589/5589/5588 5590/5590/5589 5559/5559/5558
f 5559/5559/5558 5590/5590/5589 5591/5591/5590 5560/5560/5559
f 5560/5560/5559 5591/5591/5590 5592/5592/5591 5561/5561/5560
f 5561/5561/5560 5592/5592/5591 5593/5593/5592 5562/5562/5561
f 5562/5562/5561 5593/5593/5592 5594/5594/5593 5563/5563/5562
f 5563/5563/5562 5594/5594/5593 5595/5595/5594 5564/5564/5563
f 5564/5564/5563 5595/5595/5594 5596/5596/5595 5565/5565/5564
f 5565/5565/5564 5596/5596/5595 5597/5597/5596 5566/5566/5565
f 5566/5566/5565 5597/5597/5596 5598/5598/5597 5567/5567/5566
f 5567/5567/5566 5598/5598/5597 5599/5599/5598 5568/5568/5567
f 5568/5568/5567 5599/5599/5598 5600/5600/5599 5569/5569/5568
f 5569/5569/5568 5600/5600/5599 5601/5601/5600 5570/5570/5569
f 5570/5570/5569 5601/5601/5600 5602/5602/5601 5571/5571/5570
f 5571/5571/5570 5602/5602/5601 5603/5603/5602 5572/5572/5571
f 5572/5572/5571 5603/5603/5602 5604/5604/5603 5573/5573/5572
f 5573/5573/5572 5604/5604/5603 5605/5605/5604 5574/5574/5573
f 5574/5574/5573 5605/5605/5604 5606/5606/5605 5575/5575/5574
f 5575/5575/5574 5606/5606/5605 5607/5607/5606 5576/5576/5575
f 5576/5576/5575 5607/5607/5606 5608/5608/5607 5577/5577/5576
f 5577/5577/5576 5608/5608/5607 5609/5609/5608 5578/5578/5577
f 5578/5578/5577 5609/5609/5608 5610/5610/5609 5579/5579/5578
f 5579/5579/5578 5610/5610/5609 5611/5611/5610 5580/5580/5579
f 5580/5580/5579 5611/5611/5610 5612/5612/5611 5581/5581/5580
f 5581/5581/5580 5612/5612/5611 5613/5613/5612 5582/5582/5581
f 5582/5582/5581 5613/5613/5612 5614/5614/5613 5583/5583/5582
f 5583/5583/5582 5614/5614/5613 5615/5615/5614 5584/5584/5583
f 5584/5584/5583 5615/5615/5614 5616/5616/5615 5585/5585/5584
f 5585/5585/5584 5616/5616/5615 5617/5617/5616 5586/5586/5585
f 5586/5586/5585 5617/5617/5616 5618/5618/5617 5587/5587/5586
f 5587/5587/5586 5618/5618/5617 5619/5619/5618 5588/5588/5587
f 5589/5589/5588 5620/5620/5619 5621/5621/5620 5590/5590/5589
f 5590/5590/5589 5621/5621/5620 5622/5622/5621 5591/5591/5590
f 5591/5591/5590 5622/5622/5621 5623/5623/5622 5592/5592/5591
f 5592/5592/5591 5623/5623/5622 5624/5624/5623 5593/5593/5592
f 5593/5593/5592 5624/5624/5623 5625/5625/5624 5594/5594/5593
f 5594/5594/5593 5625/5625/5624 5626/5626/5625 5595/5595/5594
f 5595/5595/5594 5626/5626/5625 5627/5627/5626 5596/5596/5595
f 5596/5596/5595 5627/5627/5626 5628/5628/5627 5597/5597/5596
f 5597/5597/5596 5628/5628/5627 5629/5629/5628 5598/5598/5597
f 5598/5598/5597 5629/5629/5628 5630/5630/5629 5599/5599/5598
f 5599/5599/5598 5630/5630/5629 5631/5631/5630 5600/5600/5599
f 5600/5600/5599 5631/5631/5630 5632/5632/5631 5601/5601/5600
f 5601/5601/5600 5632/5632/5631 5633/5633/5632 5602/5602/5601
f 5602/5602/5601 5633/5633/5632 5634/5634/5633 5603/5603/5602
f 5603/5603/5602 5634/5634/5633 5635/5635/5634 5604/5604/5603
f 5604/5604/5603 5635/5635/5634 5636/5636/5635 5605/5605/5604
f 5605/5605/5604 5636/5636/5635 5637/5637/5636 5606/5606/5605
f 5606/5606/5605 5637/5637/5636 5638/5638/5637 5607/5607/5606
f 5607/5607/5606 5638/5638/5637 5639/5639/5638 5608/5608/5607
f 5608/5608/5607 5639/5639/5638 5640/5640/5639 5609/5609/5608
f 5609/5609/5608 5640/5640/5639 5641/5641/5640 5610/5610/5609
f 5610/5610/5609 5641/5641/5640 5642/5642/5641 5611/5611/5610
f 5611/5611/5610 5642/5642/5641 5643/5643/5642 5612/5612/5611
f 5612/5612/5611 5643/5643/5642 5644/5644/5643 5613/5613/5612
f 5613/5613/5612 5644/5644/5643 5645/5645/5644 5614/5614/5613
f 5614/5614/5613 5645/5645/5644 5646/5646/5645 5615/5615/5614
f 5615/5615/5614 5646/5646/5645 5647/5647/5646 5616/5616/5615
f 5616/5616/5615 5647/5647/5646 5648/5648/5647 5617/5617/5616
f 5617/5617/5616 5648/5648/5647 5649/5649/5648 5618/5618/5617
f 5618/5618/5617 5649/5649/5648 5650/5650/5649 5619/5619/5618
f 5620/5620/5619 5651/5651/5650 5652/5652/5651 5621/5621/5620
f 5621/5621/5620 5652/5652/5651 5653/5653/5652 5622/5622/5621
f 5622/5622/5621 5653/5653/5652 5654/5654/5653 5623/5623/5622
f 5623/5623/5622 5654/5654/5653 5655/5655/5654 5624/5624/5623
f 5624/5624/5623 5655/5655/5654 5656/5656/5655 5625/5625/5624
f 5625/5625/5624 5656/5656/5655 5657/5657/5656 5626/5626/5625
f 5626/5626/5625 5657/5657/5656 5658/5658/5657 5627/5627/5626
f 5627/5627/5626 5658/5658/5657 5659/5659/5658 5628/5628/5627
f 5628/5628/5627 5659/5659/5658 5660/5660/5659 5629/5629/5628
f 5629/5629/5628 5660/5660/5659 5661/5661/5660 5630/5630/5629
f 5630/5630/5629 5661/5661/5660 5662/5662/5661 5631/5631/5630
f 5631/5631/5630 5662/5662/5661 5663/5663/5662 5632/5632/5631
f 5632/5632/5631 5663/5663/5662 5664/5664/5663 5633/5633/5632
f 5633/5633/5632 5664/5664/5663 5665/5665/5664 5634/5634/5633
f 5634/5634/5633 5665/5665/5664 5666/5666/5665 5635/5635/5634
f 5635/5635/5634 5666/5666/5665 5667/5667/5666 5636/5636/5635
f 5636/5636/5635 5667/5667/5666 5668/5668/5667 5637/5637/5636
f 5637/5637/5636 5668/5668/5667 5669/5669/5668 5638/5638/5637
f 5638/5638/5637 5669/5669/5668 5670/5670/5669 5639/5639/5638
f 5639/5639/5638 5670/5670/5669 5671/5671/5670 5640/5640/5639
f 5640/5640/5639 5671/5671/5670 5672/5672/5671 5641/5641/5640
f 5641/5641/5640 5672/5672/5671 5673/5673/5672 5642/5642/5641
f 5642/5642/5641 5673/5673/5672 5674/5674/5673 5643/5643/5642
f 5643/5643/5642 5674/5674/5673 5675/5675/5674 5644/5644/5643
f 5644/5644/5643 5675/5675/5674 5676/5676/5675 5645/5645/5644
f 5645/5645/5644 5676/5676/5675 5677/5677/5676 5646/5646/5645
f 5646/5646/5645 5677/5677/5676 5678/5678/5677 5647/5647/5646
f 5647/5647/5646 5678/5678/5677 5679/5679/5678 5648/5648/5647
f 5648/5648/5647 5679/5679/5678 5680/5680/5679 5649/5649/5648
f 5649/5649/5648 5680/5680/5679 5681/5681/5680 5650/5650/5649
f 5651/5651/5650 5682/5682/5681 5683/5683/5682 5652/5652/5651
f 5652/5652/5651 5683/5683/5682 5684/5684/5683 5653/5653/5652
f 5653/5653/5652 5684/5684/5683 5685/5685/5684 5654/5654/5653
f 5654/5654/5653 5685/5685/5684 5686/5686/5685 5655/5655/5654
f 5655/5655/5654 5686/5686/5685 5687/5687/5686 5656/5656/5655
f 5656/5656/5655 5687/5687/5686 5688/5688/5687 5657/5657/5656
f 5657/5657/5656 5688/5688/5687 5689/5689/5688 5658/5658/5657
f 5658/5658/5657 5689/5689/5688 5690/5690/5689 5659/5659/5658
f 5659/5659/5658 5690/5690/5689 5691/5691/5690 5660/5660/5659
f 5660/5660/5659 5691/5691/5690 5692/5692/5691 5661/5661/5660
f 5661/5661/5660 5692/5692/5691 5693/5693/5692 5662/5662/5661
f 5662/5662/5661 5693/5693/5692 5694/5694/5693 5663/5663/5662
f 5663/5663/5662 5694/5694/5693 5695/5695/5694 5664/5664/5663
f 5664/5664/5663 5695/5695/5694 5696/5696/5695 5665/5665/5664
f 5665/5665/5664 5696/5696/5695 5697/5697/5696 5666/5666/5665
f 5666/5666/5665 5697/5697/5696 5698/5698/5697 5667/5667/5666
f 5667/5667/5666 5698/5698/5697 5699/5699/5698 5668/5668/5667
f 5668/5668/5667 5699/5699/5698 5700/5700/5699 5669/5669/5668
f 5669/5669/5668 5700/5700/5699 5701/5701/5700 5670/5670/5669
f 5670/5670/5669 5701/5701/5700 5702/5702/5701 5671/5671/5670
f 5671/5671/5670 5702/5702/5701 5703/5703/5702 5672/5672/5671
f 5672/5672/5671 5703/5703/5702 5704/5704/5703 5673/5673/5672
f 5673/5673/5672 5704/5704/5703 5705/5705/5704 5674/5674/5673
f 5674/5674/5673 5705/5705/5704 5706/5706/5705 5675/5675/5674
f 5675/5675/5674 5706/5706/5705 5707/5707/5706 5676/5676/5675
f 5676/5676/5675 5707/5707/5706 5708/5708/5707 5677/5677/5676
f 5677/5677/5676 5708/5708/5707 5709/5709/5708 5678/5678/5677
f 5678/5678/5677 5709/5709/5708 5710/5710/5709 5679/5679/5678
f 5679/5679/5678 5710/5710/5709 5711/5711/5710 5680/5680/5679
f 5680/5680/5679 5711/5711/5710 5712/5712/5711 5681/5681/5680
f 5682/5682/5681 5713/5713/5712 5714/5714/5713 5683/5683/5682
f 5683/5683/5682 5714/5714/5713 5715/5715/5714 5684/5684/5683
f 5684/5684/5683 5715/5715/5714 5716/5716/5715 5685/5685/5684
f 5685/5685/5684 5716/5716/5715 5717/5717/5716 5686/5686/5685
f 5686/5686/5685 5717/5717/5716 5718/5718/5717 5687/5687/5686
f 5687/5687/5686 5718/5718/5717 5719/5719/5718 5688/5688/5687
f 5688/5688/5687 5719/5719/5718 5720/5720/5719 5689/5689/5688
f 5689/5689/5688 5720/5720/5719 5721/5721/5720 5690/5690/5689
f 5690/5690/5689 5721/5721/5720 5722/5722/5721 5691/5691/5690
f 5691/5691/5690 5722/5722/5721 5723/5723/5722 5692/5692/5691
f 5692/5692/5691 5723/5723/5722 5724/5724/5723 5693/5693/5692
f 5693/5693/5692 5724/5724/5723 5725/5725/5724 5694/5694/5693
f 5694/5694/5693 5725/5725/5724 5726/5726/5725 5695/5695/5694
f 5695/5695/5694 5726/5726/5725 5727/5727/5726 5696/5696/5695
f 5696/5696/5695 5727/5727/5726 5728/5728/5727 5697/5697/5696
f 5697/5697/5696 5728/5728/5727 5729/5729/5728 5698/5698/5697
f 5698/5698/5697 5729/5729/5728 5730/5730/5729 5699/5699/5698
f 5699/5699/5698 5730/5730/5729 5731/5731/5730 5700/5700/5699
f 5700/5700/5699 5731/5731/5730 5732/5732/5731 5701/5701/5700
f 5701/5701/5700 5732/5732/5731 5733/5733/5732 5702/5702/5701
f 5702/5702/5701 5733/5733/5732 5734/5734/5733 5703/5703/5702
f 5703/5703/5702 5734/5734/5733 5735/5735/5734 5704/5704/5703
f 5704/5704/5703 5735/5735/5734 5736/5736/5735 5705/5705/5704
f 5705/5705/5704 5736/5736/5735 5737/5737/5736 5706/5706/5705
f 5706/5706/5705 5737/5737/5736 5738/5738/5737 5707/5707/5706
f 5707/5707/5706 5738/5738/5737 5739/5739/5738 5708/5708/5707
f 5708/5708/5707 5739/5739/5738 5740/5740/5739 5709/5709/5708
f 5709/5709/5708 5740/5740/5739 5741/5741/5740 5710/5710/5709
f 5710/5710/5709 5741/5741/5740 5742/5742/5741 5711/5711/5710
f 5711/5711/5710 5742/5742/5741 5743/5743/5742 5712/5712/5711
f 5713/5713/5712 5744/5744/5743 5745/5745/5744 5714/5714/5713
f 5714/5714/5713 5745/5745/5744 5746/5746/5745 5715/5715/5714
f 5715/5715/5714 5746/5746/5745 5747/5747/5746 5716/5716/5715
f 5716/5716/5715 5747/5747/5746 5748/5748/5747 5717/5717/5716
f 5717/5717/5716 5748/5748/5747 5749/5749/5748 5718/5718/5717
f 5718/5718/5717 5749/5749/5748 5750/5750/5749 5719/5719/5718
f 5719/5719/5718 5750/5750/5749 5751/5751/5750 5720/5720/5719
f 5720/5720/5719 5751/5751/5750 5752/5752/5751 5721/5721/5720
f 5721/5721/5720 5752/5752/5751 5753/5753/5752 5722/5722/5721
f 5722/5722/5721 5753/5753/5752 5754/5754/5753 5723/5723/5722
f 5723/5723/5722 5754/5754/5753 5755/5755/5754 5724/5724/5723
f 5724/5724/5723 5755/5755/5754 5756/5756/5755 5725/5725/5724
f 5725/5725/5724 5756/5756/5755 5757/5757/5756 5726/5726/5725
f 5726/5726/5725 5757/5757/5756 5758/5758/5757 5727/5727/5726
f 5727/5727/5726 5758/5758/5757 5759/5759/5758 5728/5728/5727
f 5728/5728/5727 5759/5759/5758 5760/5760/5759 5729/5729/5728
f 5729/5729/5728 5760/5760/5759 5761/5761/5760 5730/5730/5729
f 5730/5730/5729 5761/5761/5760 5762/5762/5761 5731/5731/5730
f 5731/5731/5730 5762/5762/5761 5763/5763/5762 5732/5732/5731
f 5732/5732/5731 5763/5763/5762 5764/5764/5763 5733/5733/5732
f 5733/5733/5732 5764/5764/5763 5765/5765/5764 5734/5734/5733
f 5734/5734/5733 5765/5765/5764 5766/5766/5765 5735/5735/5734
f 5735/5735/5734 5766/5766/5765 5767/5767/5766 5736/5736/5735
f 5736/5736/5735 5767/5767/5766 5768/5768/5767 5737/5737/5736
f 5737/5737/5736 5768/5768/5767 5769/5769/5768 5738/5738/5737
f 5738/5738/5737 5769/5769/5768 5770/5770/5769 5739/5739/5738
f 5739/5739/5738 5770/5770/5769 5771/5771/5770 5740/5740/5739
f 5740/5740/5739 5771/5771/5770 5772/5772/5771 5741/5741/5740
f 5741/5741/5740 5772/5772/5771 5773/5773/5772 5742/5742/5741
f 5742/5742/5741 5773/5773/5772 5774/5774/5773 5743/5743/5742
f 5744/5744/5743 5775/5775/5774 5776/5776/5775 5745/5745/5744
f 5745/5745/5744 5776/5776/5775 5777/5777/5776 5746/5746/5745
f 5746/5746/5745 5777/5777/5776 5778/5778/5777 5747/5747/5746
f 5747/5747/5746 5778/5778/5777 5779/5779/5778 5748/5748/5747
f 5748/5748/5747 5779/5779/5778 5780/5780/5779 5749/5749/5748
f 5749/5749/5748 5780/5780/5779 5781/5781/5780 5750/5750/5749
f 5750/5750/5749 5781/5781/5780 5782/5782/5781 5751/5751/5750
f 5751/5751/5750 5782/5782/5781 5783/5783/5782 5752/5752/5751
f 5752/5752/5751 5783/5783/5782 5784/5784/5783 5753/5753/5752
f 5753/5753/5752 5784/5784/5783 5785/5785/5784 5754/5754/5753
f 5754/5754/5753 5785/5785/5784 5786/5786/5785 5755/5755/5754
f 5755/5755/5754 5786/5786/5785 5787/5787/5786 5756/5756/5755
f 5756/5756/5755 5787/5787/5786 5788/5788/5787 5757/5757/5756
f 5757/5757/5756 5788/5788/5787 5789/5789/5788 5758/5758/5757
f 5758/5758/5757 5789/5789/5788 5790/5790/5789 5759/5759/5758
f 5759/5759/5758 5790/5790/5789 5791/5791/5790 5760/5760/5759
f 5760/5760/5759 5791/5791/5790 5792/5792/5791 5761/5761/5760
f 5761/5761/5760 5792/5792/5791 5793/5793/5792 5762/5762/5761
f 5762/5762/5761 5793/5793/5792 5794/5794/5793 5763/5763/5762
f 5763/5763/5762 5794/5794/5793 5795/5795/5794 5764/5764/5763
f 5764/5764/5763 5795/5795/5794 5796/5796/5795 5765/5765/5764
f 5765/5765/5764 5796/5796/5795 5797/5797/5796 5766/5766/5765
f 5766/5766/5765 5797/5797/5796 5798/5798/5797 5767/5767/5766
f 5767/5767/5766 5798/5798/5797 5799/5799/5798 5768/5768/5767
f 5768/5768/5767 5799/5799/5798 5800/5800/5799 5769/5769/5768
f 5769/5769/5768 5800/5800/5799 5801/5801/5800 5770/5770/5769
f 5770/5770/5769 5801/5801/5800 5802/5802/5801 5771/5771/5770
f 5771/5771/5770 5802/5802/5801 5803/5803/5802 5772/5772/5771
f 5772/5772/5771 5803/5803/5802 5804/5804/5803 5773/5773/5772
f 5773/5773/5772 5804/5804/5803 5805/5805/5804 5774/5774/5773
f 5775/5775/5774 5806/5806/5805 5807/5807/5806 5776/5776/5775
f 5776/5776/5775 5807/5807/5806 5808/5808/5807 5777/5777/5776
f 5777/5777/5776 5808/5808/5807 5809/5809/5808 5778/5778/5777
f 5778/5778/5777 5809/5809/5808 5810/5810/5809 5779/5779/5778
f 5779/5779/5778 5810/5810/5809 5811/5811/5810 5780/5780/5779
f 5780/5780/5779 5811/5811/5810 5812/5812/5811 5781/5781/5780
f 5781/5781/5780 5812/5812/5811 5813/5813/5812 5782/5782/5781
f 5782/5782/5781 5813/5813/5812 5814/5814/5813 5783/5783/5782
f 5783/5783/5782 5814/5814/5813 5815/5815/5814 5784/5784/5783
f 5784/5784/5783 5815/5815/5814 5816/5816/5815 5785/5785/5784
f 5785/5785/5784 5816/5816/5815 5817/5817/5816 5786/5786/5785
f 5786/5786/5785 5817/5817/5816 5818/5818/5817 5787/5787/5786
f 5787/5787/5786 5818/5818/5817 5819/5819/5818 5788/5788/5787
f 5788/5788/5787 5819/5819/5818 5820/5820/5819 5789/5789/5788
f 5789/5789/5788 5820/5820/5819 5821/5821/5820 5790/5790/5789
f 5790/5790/5789 5821/5821/5820 5822/5822/5821 5791/5791/5790
f 5791/5791/5790 5822/5822/5821 5823/5823/5822 5792/5792/5791
f 5792/5792/5791 5823/5823/5822 5824/5824/5823 5793/5793/5792
f 5793/5793/5792 5824/5824/5823 5825/5825/5824 5794/5794/5793
f 5794/5794/5793 5825/5825/5824 5826/5826/5825 5795/5795/5794
f 5795/5795/5794 5826/5826/5825 5827/5827/5826 5796/5796/5795
f 5796/5796/5795 5827/5827/5826 5828/5828/5827 5797/5797/5796
f 5797/5797/5796 5828/5828/5827 5829/5829/5828 5798/5798/5797
f 5798/5798/5797 5829/5829/5828 5830/5830/5829 5799/5799/5798
f 5799/5799/5798 5830/5830/5829 5831/5831/5830 5800/5800/5799
f 5800/5800/5799 5831/5831/5830 5832/5832/5831 5801/5801/5800
f 5801/5801/5800 5832/5832/5831 5833/5833/5832 5802/5802/5801
f 5802/5802/5801 5833/5833/5832 5834/5834/5833 5803/5803/5802
f 5803/5803/5802 5834/5834/5833 5835/5835/5834 5804/5804/5803
f 5804/5804/5803 5835/5835/5834 5836/5836/5835 5805/5805/5804
f 5806/5806/5805 5837/5837/5836 5838/5838/5837 5807/5807/5806
f 5807/5807/5806 5838/5838/5837 5839/5839/5838 5808/5808/5807
f 5808/5808/5807 5839/5839/5838 5840/5840/5839 5809/5809/5808
f 5809/5809/5808 5840/5840/5839 5841/5841/5840 5810/5810/5809
f 5810/5810/5809 5841/5841/5840 5842/5842/5841 5811/5811/5810
f 5811/5811/5810 5842/5842/5841 5843/5843/5842 5812/5812/5811
f 5812/5812/5811 5843/5843/5842 5844/5844/5843 5813/5813/5812
f 5813/5813/5812 5844/5844/5843 5845/5845/5844 5814/5814/5813
f 5814/5814/5813 5845/5845/5844 5846/5846/5845 5815/5815/5814
f 5815/5815/5814 5846/5846/5845 5847/5847/5846 5816/5816/5815
f 5816/5816/5815 5847/5847/5846 5848/5848/5847 5817/5817/5816
f 5817/5817/5816 5848/5848/5847 5849/5849/5848 5818/5818/5817
f 5818/5818/5817 5849/5849/5848 5850/5850/5849 5819/5819/5818
f 5819/5819/5818 5850/5850/5849 5851/5851/5850 5820/5820/5819
f 5820/5820/5819 5851/5851/5850 5852/5852/5851 5821/5821/5820
f 5821/5821/5820 5852/5852/5851 5853/5853/5852 5822/5822/5821
f 5822/5822/5821 5853/5853/5852 5854/5854/5853 5823/5823/5822
f 5823/5823/5822 5854/5854/5853 5855/5855/5854 5824/5824/5823
f 5824/5824/5823 5855/5855/5854 5856/5856/5855 5825/5825/5824
f 5825/5825/5824 5856/5856/5855 5857/5857/5856 5826/5826/5825
f 5826/5826/5825 5857/5857/5856 5858/5858/5857 5827/5827/5826
f 5827/5827/5826 5858/5858/5857 5859/5859/5858 5828/5828/5827
f 5828/5828/5827 5859/5859/5858 5860/5860/5859 5829/5829/5828
f 5829/5829/5828 5860/5860/5859 5861/5861/5860 5830/5830/5829
f 5830/5830/5829 5861/5861/5860 5862/5862/5861 5831/5831/5830
f 5831/5831/5830 5862/5862/5861 5863/5863/5862 5832/5832/5831
f 5832/5832/5831 5863/5863/5862 5864/5864/5863 5833/5833/5832
f 5833/5833/5832 5864/5864/5863 5865/5865/5864 5834/5834/5833
f 5834/5834/5833 5865/5865/5864 5866/5866/5865 5835/5835/5834
f 5835/5835/5834 5866/5866/5865 5867/5867/5866 5836/5836/5835
f 5837/5837/5836 5868/5868/5867 5869/5869/5868 5838/5838/5837
f 5838/5838/5837 5869/5869/5868 5870/5870/5869 5839/5839/5838
f 5839/5839/5838 5870/5870/5869 5871/5871/5870 5840/5840/5839
f 5840/5840/5839 5871/5871/5870 5872/5872/5871 5841/5841/5840
f 5841/5841/5840 5872/5872/5871 5873/5873/5872 5842/5842/5841
f 5842/5842/5841 5873/5873/5872 5874/5874/5873 5843/5843/5842
f 5843/5843/5842 5874/5874/5873 5875/5875/5874 5844/5844/5843
f 5844/5844/5843 5875/5875/5874 5876/5876/5875 5845/5845/5844
f 5845/5845/5844 5876/5876/5875 5877/5877/5876 5846/5846/5845
f 5846/5846/5845 5877/5877/5876 5878/5878/5877 5847/5847/5846
f 5847/5847/5846 5878/5878/5877 5879/5879/5878 5848/5848/5847
f 5848/5848/5847 5879/5879/5878 5880/5880/5879 5849/5849/5848
f 5849/5849/5848 5880/5880/5879 5881/5881/5880 5850/5850/5849
f 5850/5850/5849 5881/5881/5880 5882/5882/5881 5851/5851/5850
f 5851/5851/5850 5882/5882/5881 5883/5883/5882 5852/5852/5851
f 5852/5852/5851 5883/5883/5882 5884/5884/5883 5853/5853/5852
f 5853/5853/5852 5884/5884/5883 5885/5885/5884 5854/5854/5853
f 5854/5854/5853 5885/5885/5884 5886/5886/5885 5855/5855/5854
f 5855/5855/5854 5886/5886/5885 5887/5887/5886 5856/5856/5855
f 5856/5856/5855 5887/5887/5886 5888/5888/5887 5857/5857/5856
f 5857/5857/5856 5888/5888/5887 5889/5889/5888 5858/5858/5857
f 5858/5858/5857 5889/5889/5888 5890/5890/5889 5859/5859/5858
f 5859/5859/5858 5890/5890/5889 5891/5891/5890 5860/5860/5859
f 5860/5860/5859 5891/5891/5890 5892/5892/5891 5861/5861/5860
f 5861/5861/5860 5892/5892/5891 5893/5893/5892 5862/5862/5861
f 5862/5862/5861 5893/5893/5892 5894/5894/5893 5863/5863/5862
f 5863/5863/5862 5894/5894/5893 5895/5895/5894 5864/5864/5863
f 5864/5864/5863 5895/5895/5894 5896/5896/5895 5865/5865/5864
f 5865/5865/5864 5896/5896/5895 5897/5897/5896 5866/5866/5865
f 5866/5866/5865 5897/5897/5896 5898/5898/5897 5867/5867/5866
f 5868/5868/5867 5899/5899/5898 5900/5900/5899 5869/5869/5868
f 5869/5869/5868 5900/5900/5899 5901/5901/5900 5870/5870/5869
f 5870/5870/5869 5901/5901/5900 5902/5902/5901 5871/5871/5870
f 5871/5871/5870 5902/5902/5901 5903/5903/5902 5872/5872/5871
f 5872/5872/5871 5903/5903/5902 5904/5904/5903 5873/5873/5872
f 5873/5873/5872 5904/5904/5903 5905/5905/5904 5874/5874/5873
f 5874/5874/5873 5905/5905/5904 5906/5906/5905 5875/5875/5874
f 5875/5875/5874 5906/5906/5905 5907/5907/5906 5876/5876/5875
f 5876/5876/5875 5907/5907/5906 5908/5908/5907 5877/5877/5876
f 5877/5877/5876 5908/5908/5907 5909/5909/5908 5878/5878/5877
f 5878/5878/5877 5909/5909/5908 5910/5910/5909 5879/5879/5878
f 5879/5879/5878 5910/5910/5909 5911/5911/5910 5880/5880/5879
f 5880/5880/5879 5911/5911/5910 5912/5912/5911 5881/5881/5880
f 5881/5881/5880 5912/5912/5911 5913/5913/5912 5882/5882/5881
f 5882/5882/5881 5913/5913/5912 5914/5914/5913 5883/5883/5882
f 5883/5883/5882 5914/5914/5913 5915/5915/5914 5884/5884/5883
f 5884/5884/5883 5915/5915/5914 5916/5916/5915 5885/5885/5884
f 5885/5885/5884 5916/5916/5915 5917/5917/5916 5886/5886/5885
f 5886/5886/5885 5917/5917/5916 5918/5918/5917 5887/5887/5886
f 5887/5887/5886 5918/5918/5917 5919/5919/5918 5888/5888/5887
f 5888/5888/5887 5919/5919/5918 5920/5920/5919 5889/5889/5888
f 5889/5889/5888 5920/5920/5919 5921/5921/5920 5890/5890/5889
f 5890/5890/5889 5921/5921/5920 5922/5922/5921 5891/5891/5890
f 5891/5891/5890 5922/5922/5921 5923/5923/5922 5892/5892/5891
f 5892/5892/5891 5923/5923/5922 5924/5924/5923 5893/5893/5892
f 5893/5893/5892 5924/5924/5923 5925/5925/5924 5894/5894/5893
f 5894/5894/5893 5925/5925/5924 5926/5926/5925 5895/5895/5894
f 5895/5895/5894 5926/5926/5925 5927/5927/5926 5896/5896/5895
f 5896/5896/5895 5927/5927/5926 5928/5928/5927 5897/5897/5896
f 5897/5897/5896 5928/5928/5927 5929/5929/5928 5898/5898/5897
f 5899/5899/5898 5930/5930/5929 5931/5931/5930 5900/5900/5899
f 5900/5900/5899 5931/5931/5930 5932/5932/5931 5901/5901/5900
f 5901/5901/5900 5932/5932/5931 5933/5933/5932 5902/5902/5901
f 5902/5902/5901 5933/5933/5932 5934/5934/5933 5903/5903/5902
f 5903/5903/5902 5934/5934/5933 5935/5935/5934 5904/5904/5903
f 5904/5904/5903 5935/5935/5934 5936/5936/5935 5905/5905/5904
f 5905/5905/5904 5936/5936/5935 5937/5937/5936 5906/5906/5905
f 5906/5906/5905 5937/5937/5936 5938/5938/5937 5907/5907/5906
f 5907/5907/5906 5938/5938/5937 5939/5939/5938 5908/5908/5907
f 5908/5908/5907 5939/5939/5938 5940/5940/5939 5909/5909/5908
f 5909/5909/5908 5940/5940/5939 5941/5941/5940 5910/5910/5909
f 5910/5910/5909 5941/5941/5940 5942/5942/5941 5911/5911/5910
f 5911/5911/5910 5942/5942/5941 5943/5943/5942 5912/5912/5911
f 5912/5912/5911 5943/5943/5942 5944/5944/5943 5913/5913/5912
f 5913/5913/5912 5944/5944/5943 5945/5945/5944 5914/5914/5913
f 5914/5914/5913 5945/5945/5944 5946/5946/5945 5915/5915/5914
f 5915/5915/5914 5946/5946/5945 5947/5947/5946 5916/5916/5915
f 5916/5916/5915 5947/5947/5946 5948/5948/5947 5917/5917/5916
f 5917/5917/5916 5948/5948/5947 5949/5949/5948 5918/5918/5917
f 5918/5918/5917 5949/5949/5948 5950/5950/5949 5919/5919/5918
f 5919/5919/5918 5950/5950/5949 5951/5951/5950 5920/5920/5919
f 5920/5920/5919 5951/5951/5950 5952/5952/5951 5921/5921/5920
f 5921/5921/5920 5952/5952/5951 5953/5953/5952 5922/5922/5921
f 5922/5922/5921 5953/5953/5952 5954/5954/5953 5923/5923/5922
f 5923/5923/5922 5954/5954/5953 5955/5955/5954 5924/5924/5923
f 5924/5924/5923 5955/5955/5954 5956/5956/5955 5925/5925/5924
f 5925/5925/5924 5956/5956/5955 5957/5957/5956 5926/5926/5925
f 5926/5926/5925 5957/5957/5956 5958/5958/5957 5927/5927/5926
f 5927/5927/5926 5958/5958/5957 5959/5959/5958 5928/5928/5927
f 5928/5928/5927 5959/5959/5958 5960/5960/5959 5929/5929/5928
f 5930/5930/5929 5961/5961/5960 5962/5962/5961 5931/5931/5930
f 5931/5931/5930 5962/5962/5961 5963/5963/5962 5932/5932/5931
f 5932/5932/5931 5963/5963/5962 5964/5964/5963 5933/5933/5932
f 5933/5933/5932 5964/5964/5963 5965/5965/5964 5934/5934/5933
f 5934/5934/5933 5965/5965/5964 5966/5966/5965 5935/5935/5934
f 5935/5935/5934 5966/5966/5965 5967/5967/5966 5936/5936/5935
f 5936/5936/5935 5967/5967/5966 5968/5968/5967 5937/5937/5936
f 5937/5937/5936 5968/5968/5967 5969/5969/5968 5938/5938/5937
f 5938/5938/5937 5969/5969/5968 5970/5970/5969 5939/5939/5938
f 5939/5939/5938 5970/5970/5969 5971/5971/5970 5940/5940/5939
f 5940/5940/5939 5971/5971/5970 5972/5972/5971 5941/5941/5940
f 5941/5941/5940 5972/5972/5971 5973/5973/5972 5942/5942/5941
f 5942/5942/5941 5973/5973/5972 5974/5974/5973 5943/5943/5942
f 5943/5943/5942 5974/5974/5973 5975/5975/5974 5944/5944/5943
f 5944/5944/5943 5975/5975/5974 5976/5976/5975 5945/5945/5944
f 5945/5945/5944 5976/5976/5975 5977/5977/5976 5946/5946/5945
f 5946/5946/5945 5977/5977/5976 5978/5978/5977 5947/5947/5946
f 5947/5947/5946 5978/5978/5977 5979/5979/5978 5948/5948/5947
f 5948/5948/5947 5979/5979/5978 5980/5980/5979 5949/5949/5948
f 5949/5949/5948 5980/5980/5979 5981/5981/5980 5950/5950/5949
f 5950/5950/5949 5981/5981/5980 5982/5982/5981 5951/5951/5950
f 5951/5951/5950 5982/5982/5981 5983/5983/5982 5952/5952/5951
f 5952/5952/5951 5983/5983/5982 5984/5984/5983 5953/5953/5952
f 5953/5953/5952 5984/5984/5983 5985/5985/5984 5954/5954/5953
f 5954/5954/5953 5985/5985/5984 5986/5986/5985 5955/5955/5954
f 5955/5955/5954 5986/5986/5985 5987/5987/5986 5956/5956/5955
f 5956/5956/5955 5987/5987/5986 5988/5988/5987 5957/5957/5956
f 5957/5957/5956 5988/5988/5987 5989/5989/5988 5958/5958/5957
f 5958/5958/5957 5989/5989/5988 5990/5990/5989 5959/5959/5958
f 5959/5959/5958 5990/5990/5989 5991/5991/5990 5960/5960/5959
f 5961/5961/5960 5992/5992/5991 5993/5993/5992 5962/5962/5961
f 5962/5962/5961 5993/5993/5992 5994/5994/5993 5963/5963/5962
f 5963/5963/5962 5994/5994/5993 5995/5995/5994 5964/5964/5963
f 5964/5964/5963 5995/5995/5994 5996/5996/5995 5965/5965/5964
f 5965/5965/5964 5996/5996/5995 5997/5997/5996 5966/5966/5965
f 5966/5966/5965 5997/5997/5996 5998/5998/5997 5967/5967/5966
f 5967/5967/5966 5998/5998/5997 5999/5999/5998 5968/5968/5967
f 5968/5968/5967 5999/5999/5998 6000/6000/5999 5969/5969/5968
f 5969/5969/5968 6000/6000/5999 6001/6001/6000 5970/5970/5969
f 5970/5970/5969 6001/6001/6000 6002/6002/6001 5971/5971/5970
f 5971/5971/5970 6002/6002/6001 6003/6003/6002 5972/5972/5971
f 5972/5972/5971 6003/6003/6002 6004/6004/6003 5973/5973/5972
f 5973/5973/5972 6004/6004/6003 6005/6005/6004 5974/5974/5973
f 5974/5974/5973 6005/6005/6004 6006/6006/6005 5975/5975/5974
f 5975/5975/5974 6006/6006/6005 6007/6007/6006 5976/5976/5975
f 5976/5976/5975 6007/6007/6006 6008/6008/6007 5977/5977/5976
f 5977/5977/5976 6008/6008/6007 6009/6009/6008 5978/5978/5977
f 5978/5978/5977 6009/6009/6008 6010/6010/6009 5979/5979/5978
f 5979/5979/5978 6010/6010/6009 6011/6011/6010 5980/5980/5979
f 5980/5980/5979 6011/6011/6010 6012/6012/6011 5981/5981/5980
f 5981/5981/5980 6012/6012/6011 6013/6013/6012 5982/5982/5981
f 5982/5982/5981 6013/6013/6012 6014/6014/6013 5983/5983/5982
f 5983/5983/5982 6014/6014/6013 6015/6015/6014 5984/5984/5983
f 5984/5984/5983 6015/6015/6014 6016/6016/6015 5985/5985/5984
f 5985/5985/5984 6016/6016/6015 6017/6017/6016 5986/5986/5985
f 5986/5986/5985 6017/6017/6016 6018/6018/6017 5987/5987/5986
f 5987/5987/5986 6018/6018/6017 6019/6019/6018 5988/5988/5987
f 5988/5988/5987 6019/6019/6018 6020/6020/6019 5989/5989/5988
f 5989/5989/5988 6020/6020/6019 6021/6021/6020 5990/5990/5989
f 5990/5990/5989 6021/6021/6020 6022/6022/6021 5991/5991/5990
f 5992/5992/5991 6023/6023/6022 6024/6024/6023 5993/5993/5992
f 5993/5993/5992 6024/6024/6023 6025/6025/6024 5994/5994/5993
f 5994/5994/5993 6025/6025/6024 6026/6026/6025 5995/5995/5994
f 5995/5995/5994 6026/6026/6025 6027/6027/6026 5996/5996/5995
f 5996/5996/5995 6027/6027/6026 6028/6028/6027 5997/5997/5996
f 5997/5997/5996 6028/6028/6027 6029/6029/6028 5998/5998/5997
f 5998/5998/5997 6029/6029/6028 6030/6030/6029 5999/5999/5998
f 5999/5999/5998 6030/6030/6029 6031/6031/6030 6000/6000/5999
f 6000/6000/5999 6031/6031/6030 6032/6032/6031 6001/6001/6000
f 6001/6001/6000 6032/6032/6031 6033/6033/6032 6002/6002/6001
f 6002/6002/6001 6033/6033/6032 6034/6034/6033 6003/6003/6002
f 6003/6003/6002 6034/6034/6033 6035/6035/6034 6004/6004/6003
f 6004/6004/6003 6035/6035/6034 6036/6036/6035 6005/6005/6004
f 6005/6005/6004 6036/6036/6035 6037/6037/6036 6006/6006/6005
f 6006/6006/6005 6037/6037/6036 6038/6038/6037 6007/6007/6006
f 6007/6007/6006 6038/6038/6037 6039/6039/6038 6008/6008/6007
f 6008/6008/6007 6039/6039/6038 6040/6040/6039 6009/6009/6008
f 6009/6009/6008 6040/6040/6039 6041/6041/6040 6010/6010/6009
f 6010/6010/6009 6041/6041/6040 6042/6042/6041 6011/6011/6010
f 6011/6011/6010 6042/6042/6041 6043/6043/6042 6012/6012/6011
f 6012/6012/6011 6043/6043/6042 6044/6044/6043 6013/6013/6012
f 6013/6013/6012 6044/6044/6043 6045/6045/6044 6014/6014/6013
f 6014/6014/6013 6045/6045/6044 6046/6046/6045 6015/6015/6014
f 6015/6015/6014 6046/6046/6045 6047/6047/6046 6016/6016/6015
f 6016/6016/6015 6047/6047/6046 6048/6048/6047 6017/6017/6016
f 6017/6017/6016 6048/6048/6047 6049/6049/6048 6018/6018/6017
f 6018/6018/6017 6049/6049/6048 6050/6050/6049 6019/6019/6018
f 6019/6019/6018 6050/6050/6049 6051/6051/6050 6020/6020/6019
f 6020/6020/6019 6051/6051/6050 6052/6052/6051 6021/6021/6020
f 6021/6021/6020 6052/6052/6051 6053/6053/6052 6022/6022/6021
f 6023/6023/6022 6054/6054/6053 6055/6055/6054 6024/6024/6023
f 6024/6024/6023 6055/6055/6054 6056/6056/6055 6025/6025/6024
f 6025/6025/6024 6056/6056/6055 6057/6057/6056 6026/6026/6025
f 6026/6026/6025 6057/6057/6056 6058/6058/6057 6027/6027/6026
f 6027/6027/6026 6058/6058/6057 6059/6059/6058 6028/6028/6027
f 6028/6028/6027 6059/6059/6058 6060/6060/6059 6029/6029/6028
f 6029/6029/6028 6060/6060/6059 6061/6061/6060 6030/6030/6029
f 6030/6030/6029 6061/6061/6060 6062/6062/6061 6031/6031/6030
f 6031/6031/6030 6062/6062/6061 6063/6063/6062 6032/6032/6031
f 6032/6032/6031 6063/6063/6062 6064/6064/6063 6033/6033/6032
f 6033/6033/6032 6064/6064/6063 6065/6065/6064 6034/6034/6033
f 6034/6034/6033 6065/6065/6064 6066/6066/6065 6035/6035/6034
f 6035/6035/6034 6066/6066/6065 6067/6067/6066 6036/6036/6035
f 6036/6036/6035 6067/6067/6066 6068/6068/6067 6037/6037/6036
f 6037/6037/6036 6068/6068/6067 6069/6069/6068 6038/6038/6037
f 6038/6038/6037 6069/6069/6068 6070/6070/6069 6039/6039/6038
f 6039/6039/6038 6070/6070/6069 6071/6071/6070 6040/6040/6039
f 6040/6040/6039 6071/6071/6070 6072/6072/6071 6041/6041/6040
f 6041/6041/6040 6072/6072/6071 6073/6073/6072 6042/6042/6041
f 6042/6042/6041 6073/6073/6072 6074/6074/6073 6043/6043/6042
f 6043/6043/6042 6074/6074/6073 6075/6075/6074 6044/6044/6043
f 6044/6044/6043 6075/6075/6074 6076/6076/6075 6045/6045/6044
f 6045/6045/6044 6076/6076/6075 6077/6077/6076 6046/6046/6045
f 6046/6046/6045 6077/6077/6076 6078/6078/6077 6047/6047/6046
f 6047/6047/6046 6078/6078/6077 6079/6079/6078 6048/6048/6047
f 6048/6048/6047 6079/6079/6078 6080/6080/6079 6049/6049/6048
f 6049/6049/6048 6080/6080/6079 6081/6081/6080 6050/6050/6049
f 6050/6050/6049 6081/6081/6080 6082/6082/6081 6051/6051/6050
f 6051/6051/6050 6082/6082/6081 6083/6083/6082 6052/6052/6051
f 6052/6052/6051 6083/6083/6082 6084/6084/6083 6053/6053/6052
f 6054/6054/6053 6085/6085/6084 6086/6086/6085 6055/6055/6054
f 6055/6055/6054 6086/6086/6085 6087/6087/6086 6056/6056/6055
f 6056/6056/6055 6087/6087/6086 6088/6088/6087 6057/6057/6056
f 6057/6057/6056 6088/6088/6087 6089/6089/6088 6058/6058/6057
f 6058/6058/6057 6089/6089/6088 6090/6090/6089 6059/6059/6058
f 6059/6059/6058 6090/6090/6089 6091/6091/6090 6060/6060/6059
f 6060/6060/6059 6091/6091/6090 6092/6092/6091 6061/6061/6060
f 6061/6061/6060 6092/6092/6091 6093/6093/6092 6062/6062/6061
f 6062/6062/6061 6093/6093/6092 6094/6094/6093 6063/6063/6062
f 6063/6063/6062 6094/6094/6093 6095/6095/6094 6064/6064/6063
f 6064/6064/6063 6095/6095/6094 6096/6096/6095 6065/6065/6064
f 6065/6065/6064 6096/6096/6095 6097/6097/6096 6066/6066/6065
f 6066/6066/6065 6097/6097/6096 6098/6098/6097 6067/6067/6066
f 6067/6067/6066 6098/6098/6097 6099/6099/6098 6068/6068/6067
f 6068/6068/6067 6099/6099/6098 6100/6100/6099 6069/6069/6068
f 6069/6069/6068 6100/6100/6099 6101/6101/6100 6070/6070/6069
f 6070/6070/6069 6101/6101/6100 6102/6102/6101 6071/6071/6070
f 6071/6071/6070 6102/6102/6101 6103/6103/6102 6072/6072/6071
f 6072/6072/6071 6103/6103/6102 6104/6104/6103 6073/6073/6072
f 6073/6073/6072 6104/6104/6103 6105/6105/6104 6074/6074/6073
f 6074/6074/6073 6105/6105/6104 6106/6106/6105 6075/6075/6074
f 6075/6075/6074 6106/6106/6105 6107/6107/6106 6076/6076/6075
f 6076/6076/6075 6107/6107/6106 6108/6108/6107 6077/6077/6076
f 6077/6077/6076 6108/6108/6107 6109/6109/6108 6078/6078/6077
f 6078/6078/6077 6109/6109/6108 6110/6110/6109 6079/6079/6078
f 6079/6079/6078 6110/6110/6109 6111/6111/6110 6080/6080/6079
f 6080/6080/6079 6111/6111/6110 6112/6112/6111 6081/6081/6080
f 6081/6081/6080 6112/6112/6111 6113/6113/6112 6082/6082/6081
f 6082/6082/6081 6113/6113/6112 6114/6114/6113 6083/6083/6082
f 6083/6083/6082 6114/6114/6113 6115/6115/6114 6084/6084/6083
f 6085/6085/6084 6116/6116/6115 6117/6117/6116 6086/6086/6085
f 6086/6086/6085 6117/6117/6116 6118/6118/6117 6087/6087/6086
f 6087/6087/6086 6118/6118/6117 6119/6119/6118 6088/6088/6087
f 6088/6088/6087 6119/6119/6118 6120/6120/6119 6089/6089/6088
f 6089/6089/6088 6120/6120/6119 6121/6121/6120 6090/6090/6089
f 6090/6090/6089 6121/6121/6120 6122/6122/6121 6091/6091/6090
f 6091/6091/6090 6122/6122/6121 6123/6123/6122 6092/6092/6091
f 6092/6092/6091 6123/6123/6122 6124/6124/6123 6093/6093/6092
f 6093/6093/6092 6124/6124/6123 6125/6125/6124 6094/6094/6093
f 6094/6094/6093 6125/6125/6124 6126/6126/6125 6095/6095/6094
f 6095/6095/6094 6126/6126/6125 6127/6127/6126 6096/6096/6095
f 6096/6096/6095 6127/6127/6126 6128/6128/6127 6097/6097/6096
f 6097/6097/6096 6128/6128/6127 6129/6129/6128 6098/6098/6097
f 6098/6098/6097 6129/6129/6128 6130/6130/6129 6099/6099/6098
f 6099/6099/6098 6130/6130/6129 6131/6131/6130 6100/6100/6099
f 6100/6100/6099 6131/6131/6130 6132/6132/6131 6101/6101/6100
f 6101/6101/6100 6132/6132/6131 6133/6133/6132 6102/6102/6101
f 6102/6102/6101 6133/6133/6132 6134/6134/6133 6103/6103/6102
f 6103/6103/6102 6134/6134/6133 6135/6135/6134 6104/6104/6103
f 6104/6104/6103 6135/6135/6134 6136/6136/6135 6105/6105/6104
f 6105/6105/6104 6136/6136/6135 6137/6137/6136 6106/6106/6105
f 6106/6106/6105 6137/6137/6136 6138/6138/6137 6107/6107/6106
f 6107/6107/6106 6138/6138/6137 6139/6139/6138 6108/6108/6107
f 6108/6108/6107 6139/6139/6138 6140/6140/6139 6109/6109/6108
f 6109/6109/6108 6140/6140/6139 6141/6141/6140 6110/6110/6109
f 6110/6110/6109 6141/6141/6140 6142/6142/6141 6111/6111/6110
f 6111/6111/6110 6142/6142/6141 6143/6143/6142 6112/6112/6111
f 6112/6112/6111 6143/6143/6142 6144/6144/6143 6113/6113/6112
f 6113/6113/6112 6144/6144/6143 6145/6145/6144 6114/6114/6113
f 6114/6114/6113 6145/6145/6144 6146/6146/6145 6115/6115/6114
f 2/2085/2 380/5156/380 5186/5186/5185 40/2083/40
f 40/2083/40 5186/5186/5185 5187/5189/5186 41/2082/41
f 41/2082/41 5187/5189/5186 5188/5191/5187 42/2081/42
f 42/2081/42 5188/5191/5187 5189/5193/5188 43/2080/43
f 43/2080/43 5189/5193/5188 5190/5195/5189 44/2079/44
f 44/2079/44 5190/5195/5189 5191/5197/5190 45/2078/45
f 45/2078/45 5191/5197/5190 5192/5199/5191 46/2077/46
f 46/2077/46 5192/5199/5191 5193/5201/5192 47/2076/47
f 47/2076/47 5193/5201/5192 5194/5203/5193 48/2075/48
f 48/2075/48 5194/5203/5193 5195/5205/5194 49/2074/49
f 49/2074/49 5195/5205/5194 5196/5207/5195 50/2073/50
f 50/2073/50 5196/5207/5195 5197/5209/5196 51/2072/51
f 51/2072/51 5197/5209/5196 5198/5211/5197 52/2071/52
f 52/2071/52 5198/5211/5197 5199/5213/5198 53/2070/53
f 53/2070/53 5199/5213/5198 5200/5215/5199 54/2069/54
f 54/2069/54 5200/5215/5199 5201/5217/5200 55/2068/55
f 55/2068/55 5201/5217/5200 5202/5219/5201 56/2067/56
f 56/2067/56 5202/5219/5201 5203/5221/5202 57/2066/57
f 57/2066/57 5203/5221/5202 5204/5223/5203 58/2065/58
f 58/2065/58 5204/5223/5203 5205/5225/5204 59/2064/59
f 59/2064/59 5205/5225/5204 5206/5227/5205 60/2063/60
f 60/2063/60 5206/5227/5205 5207/5229/5206 61/2062/61
f 61/2062/61 5207/5229/5206 5208/5231/5207 62/2061/62
f 62/2061/62 5208/5231/5207 5209/5233/5208 63/2060/63
f 63/2060/63 5209/5233/5208 5210/5235/5209 64/2059/64
f 64/2059/64 5210/5235/5209 5211/5237/5210 65/2058/65
f 65/2058/65 5211/5237/5210 5212/5239/5211 66/2057/66
f 66/2057/66 5212/5239/5211 5213/5241/5212 67/2056/67
f 67/2056/67 5213/5241/5212 5214/5243/5213 68/2055/68
f 68/2055/68 5214/5243/5213 5215/5245/5214 69/2054/69
f 69/2054/69 5215/5245/5214 5216/5247/5215 70/2053/70
f 70/2053/70 5216/5247/5215 257/3140/257 6/2051/6
f 5216/5247/5215 5247/5246/5246 258/3201/258 257/3140/257
f 5247/5246/5246 5278/5278/5277 259/3200/259 258/3201/258
f 5278/5278/5277 5309/5309/5308 260/3199/260 259/3200/259
f 5309/5309/5308 5340/5340/5339 261/3198/261 260/3199/260
f 5340/5340/5339 5371/5371/5370 262/3197/262 261/3198/261
f 5371/5371/5370 5402/5402/5401 263/3196/263 262/3197/262
f 5402/5402/5401 5433/5433/5432 264/3195/264 263/3196/263
f 5433/5433/5432 5464/5464/5463 265/3194/265 264/3195/264
f 5464/5464/5463 5495/5495/5494 266/3193/266 265/3194/265
f 5495/5495/5494 5526/5526/5525 267/3192/267 266/3193/266
f 5526/5526/5525 5557/5557/5556 268/3191/268 267/3192/267
f 5557/5557/5556 5588/5588/5587 269/3190/269 268/3191/268
f 5588/5588/5587 5619/5619/5618 270/3189/270 269/3190/269
f 5619/5619/5618 5650/5650/5649 271/3188/271 270/3189/270
f 5650/5650/5649 5681/5681/5680 272/3187/272 271/3188/271
f 5681/5681/5680 5712/5712/5711 273/3186/273 272/3187/272
f 5712/5712/5711 5743/5743/5742 274/3185/274 273/3186/273
f 5743/5743/5742 5774/5774/5773 275/3184/275 274/3185/274
f 5774/5774/5773 5805/5805/5804 276/3183/276 275/3184/275
f 5805/5805/5804 5836/5836/5835 277/3182/277 276/3183/276
f 5836/5836/5835 5867/5867/5866 278/3181/278 277/3182/277
f 5867/5867/5866 5898/5898/5897 279/3180/279 278/3181/278
f 5898/5898/5897 5929/5929/5928 280/3179/280 279/3180/279
f 5929/5929/5928 5960/5960/5959 281/3178/281 280/3179/280
f 5960/5960/5959 5991/5991/5990 282/3177/282 281/3178/281
f 5991/5991/5990 6022/6022/6021 283/3176/283 282/3177/282
f 6022/6022/6021 6053/6053/6052 284/3175/284 283/3176/283
f 6053/6053/6052 6084/6084/6083 285/3174/285 284/3175/284
f 6084/6084/6083 6115/6115/6114 286/3173/286 285/3174/285
f 6115/6115/6114 6146/6146/6145 287/3172/287 286/3173/286
f 6146/6146/6145 195/994/195 5/996/5 287/3172/287
f 6145/6145/6144 196/993/196 195/994/195 6146/6146/6145
f 6144/6144/6143 197/992/197 196/993/196 6145/6145/6144
f 6143/6143/6142 198/991/198 197/992/197 6144/6144/6143
f 6142/6142/6141 199/990/199 198/991/198 6143/6143/6142
f 6141/6141/6140 200/989/200 199/990/199 6142/6142/6141
f 6140/6140/6139 201/988/201 200/989/200 6141/6141/6140
f 6139/6139/6138 202/987/202 201/988/201 6140/6140/6139
f 6138/6138/6137 203/986/203 202/987/202 6139/6139/6138
f 6137/6137/6136 204/985/204 203/986/203 6138/6138/6137
f 6136/6136/6135 205/984/205 204/985/204 6137/6137/6136
f 6135/6135/6134 206/983/206 205/984/205 6136/6136/6135
f 6134/6134/6133 207/982/207 206/983/206 6135/6135/6134
f 6133/6133/6132 208/981/208 207/982/207 6134/6134/6133
f 6132/6132/6131 209/980/209 208/981/208 6133/6133/6132
f 6131/6131/6130 210/979/210 209/980/209 6132/6132/6131
f 6130/6130/6129 211/978/211 210/979/210 6131/6131/6130
f 6129/6129/6128 212/977/212 211/978/211 6130/6130/6129
f 6128/6128/6127 213/976/213 212/977/212 6129/6129/6128
f 6127/6127/6126 214/975/214 213/976/213 6128/6128/6127
f 6126/6126/6125 215/974/215 214/975/214 6127/6127/6126
f 6125/6125/6124 216/973/216 215/974/215 6126/6126/6125
f 6124/6124/6123 217/972/217 216/973/216 6125/6125/6124
f 6123/6123/6122 218/971/218 217/972/217 6124/6124/6123
f 6122/6122/6121 219/970/219 218/971/218 6123/6123/6122
f 6121/6121/6120 220/969/220 219/970/219 6122/6122/6121
f 6120/6120/6119 221/968/221 220/969/220 6121/6121/6120
f 6119/6119/6118 222/967/222 221/968/221 6120/6120/6119
f 6118/6118/6117 223/966/223 222/967/222 6119/6119/6118
f 6117/6117/6116 224/965/224 223/966/223 6118/6118/6117
f 6116/6116/6115 225/964/225 224/965/224 6117/6117/6116
f 350/5155/350 1/962/1 225/964/225 6116/6116/6115
f 351/5185/351 350/5155/350 6116/6116/6115 6085/6085/6084
f 352/5184/352 351/5185/351 6085/6085/6084 6054/6054/6053
f 353/5183/353 352/5184/352 6054/6054/6053 6023/6023/6022
f 354/5182/354 353/5183/353 6023/6023/6022 5992/5992/5991
f 355/5181/355 354/5182/354 5992/5992/5991 5961/5961/5960
f 356/5180/356 355/5181/355 5961/5961/5960 5930/5930/5929
f 357/5179/357 356/5180/356 5930/5930/5929 5899/5899/5898
f 358/5178/358 357/5179/357 5899/5899/5898 5868/5868/5867
f 359/5177/359 358/5178/358 5868/5868/5867 5837/5837/5836
f 360/5176/360 359/5177/359 5837/5837/5836 5806/5806/5805
f 361/5175/361 360/5176/360 5806/5806/5805 5775/5775/5774
f 362/5174/362 361/5175/361 5775/5775/5774 5744/5744/5743
f 363/5173/363 362/5174/362 5744/5744/5743 5713/5713/5712
f 364/5172/364 363/5173/363 5713/5713/5712 5682/5682/5681
f 365/5171/365 364/5172/364 5682/5682/5681 5651/5651/5650
f 366/5170/366 365/5171/365 5651/5651/5650 5620/5620/5619
f 367/5169/367 366/5170/366 5620/5620/5619 5589/5589/5588
f 368/5168/368 367/5169/367 5589/5589/5588 5558/5558/5557
f 369/5167/369 368/5168/368 5558/5558/5557 5527/5527/5526
f 370/5166/370 369/5167/369 5527/5527/5526 5496/5496/5495
f 371/5165/371 370/5166/370 5496/5496/5495 5465/5465/5464
f 372/5164/372 371/5165/371 5465/5465/5464 5434/5434/5433
f 373/5163/373 372/5164/372 5434/5434/5433 5403/5403/5402
f 374/5162/374 373/5163/373 5403/5403/5402 5372/5372/5371
f 375/5161/375 374/5162/374 5372/5372/5371 5341/5341/5340
f 376/5160/376 375/5161/375 5341/5341/5340 5310/5310/5309
f 377/5159/377 376/5160/376 5310/5310/5309 5279/5279/5278
f 378/5158/378 377/5159/377 5279/5279/5278 5248/5248/5247
f 379/5157/379 378/5158/378 5248/5248/5247 5217/5187/5216
f 380/5156/380 379/5157/379 5217/5187/5216 5186/5186/5185
