# Blender 5.1.0
# www.blender.org
mtllib Head.mtl
o Cube
v 0.613582 0.674204 -3.634597
v 0.640898 -0.362500 -3.660290
v 0.848908 0.718330 -2.069353
v 0.778472 -0.267292 -2.135706
v -0.628893 0.691453 -3.648999
v -0.607613 -0.325005 -3.628983
v -0.912224 0.815916 -2.009708
v -0.877187 -0.419438 -2.042714
v -0.622586 -0.334344 -3.604747
v -0.642160 -0.348065 -3.581181
v -0.662194 -0.361290 -3.552055
v -0.684044 -0.375234 -3.516639
v -0.708559 -0.391174 -3.476858
v -0.734634 -0.408519 -3.434389
v -0.762098 -0.427302 -3.389445
v -0.777387 -0.431391 -3.334788
v -0.791916 -0.434410 -3.278466
v -0.807615 -0.438878 -3.221709
v -0.820207 -0.439656 -3.162817
v -0.832036 -0.439750 -3.103314
v -0.842437 -0.438460 -3.043299
v -0.853377 -0.438475 -2.983640
v -0.863356 -0.438064 -2.924059
v -0.874822 -0.440668 -2.865031
v -0.886750 -0.445191 -2.805953
v -0.899032 -0.451647 -2.746452
v -0.911545 -0.459988 -2.686386
v -0.920426 -0.464927 -2.626147
v -0.925085 -0.465551 -2.566466
v -0.929104 -0.466860 -2.507202
v -0.928407 -0.463026 -2.449680
v -0.922111 -0.452629 -2.395089
v -0.915399 -0.443099 -2.342201
v -0.908296 -0.434410 -2.291194
v -0.900837 -0.426522 -2.242369
v -0.897865 -0.426627 -2.192874
v -0.896554 -0.430103 -2.146093
v -0.893452 -0.431301 -2.105541
v -0.883916 -0.423039 -2.074054
v 0.617364 -0.369465 -3.672141
v 0.589759 -0.373568 -3.682077
v 0.559731 -0.378974 -3.693554
v 0.524405 -0.383767 -3.705196
v 0.482651 -0.383903 -3.713653
v 0.438504 -0.381546 -3.720224
v 0.394693 -0.380815 -3.727918
v 0.351534 -0.382199 -3.736866
v 0.308281 -0.384235 -3.745744
v 0.264882 -0.387091 -3.754531
v 0.222663 -0.395731 -3.766696
v 0.179465 -0.403931 -3.777590
v 0.134409 -0.405375 -3.782645
v 0.089623 -0.408418 -3.787785
v 0.044925 -0.413135 -3.792967
v 0.000000 -0.403884 -3.787052
v -0.043935 -0.396010 -3.780843
v -0.087482 -0.389588 -3.774418
v -0.130927 -0.384633 -3.767855
v -0.174423 -0.381113 -3.761224
v -0.218074 -0.378964 -3.754580
v -0.261941 -0.378086 -3.747965
v -0.306043 -0.378352 -3.741410
v -0.350400 -0.379596 -3.734926
v -0.395075 -0.381591 -3.728504
v -0.433831 -0.373024 -3.713699
v -0.471466 -0.365433 -3.699299
v -0.507848 -0.358801 -3.685490
v -0.541132 -0.353137 -3.672847
v -0.567056 -0.344392 -3.658340
v -0.588021 -0.334416 -3.643198
v 0.826724 0.735415 -2.051496
v 0.799113 0.749713 -2.035029
v 0.765473 0.762921 -2.018723
v 0.726131 0.778691 -2.000055
v 0.681808 0.797006 -1.979319
v 0.634258 0.817263 -1.957401
v 0.583691 0.839504 -1.934375
v 0.530262 0.863716 -1.910357
v 0.472144 0.883105 -1.890100
v 0.413574 0.911441 -1.864275
v 0.351350 0.937320 -1.840751
v 0.285357 0.957337 -1.822034
v 0.218841 0.990487 -1.794934
v 0.148385 1.015068 -1.774744
v 0.074050 1.008298 -1.777733
v -0.000000 0.987426 -1.791881
v -0.071957 0.960859 -1.811247
v -0.141493 0.935565 -1.830793
v -0.208785 0.911749 -1.850256
v -0.276926 0.907051 -1.857202
v -0.344447 0.903970 -1.863939
v -0.411311 0.902248 -1.870622
v -0.474473 0.891257 -1.884518
v -0.532989 0.872082 -1.904683
v -0.590440 0.857918 -1.922019
v -0.650732 0.857765 -1.930539
v -0.709436 0.858770 -1.938872
v -0.766092 0.860619 -1.947120
v -0.810889 0.849040 -1.963834
v -0.848527 0.836623 -1.980418
v -0.881914 0.825728 -1.995559
v 0.630007 0.685212 -3.611409
v 0.647766 0.696920 -3.585943
v 0.661309 0.702752 -3.551346
v 0.680607 0.713736 -3.514044
v 0.705562 0.730149 -3.474738
v 0.732311 0.748253 -3.432859
v 0.760702 0.768111 -3.388594
v 0.787687 0.786308 -3.340554
v 0.815625 0.805867 -3.290545
v 0.841928 0.823805 -3.237464
v 0.859316 0.831109 -3.178793
v 0.876835 0.839022 -3.119297
v 0.894997 0.848398 -3.059241
v 0.917758 0.864612 -2.999570
v 0.940474 0.881991 -2.938593
v 0.962857 0.900379 -2.876147
v 0.982740 0.917051 -2.811996
v 0.994734 0.924662 -2.746524
v 0.982904 0.900939 -2.682073
v 0.967358 0.872910 -2.620454
v 0.960039 0.857359 -2.560087
v 0.953449 0.844066 -2.501243
v 0.946348 0.831363 -2.444137
v 0.938682 0.819232 -2.388865
v 0.930409 0.807640 -2.335539
v 0.921601 0.796624 -2.284372
v 0.907865 0.779513 -2.238270
v 0.891692 0.759793 -2.196916
v 0.876592 0.742273 -2.160566
v 0.866773 0.733034 -2.126848
v 0.857811 0.725456 -2.096881
v -0.855986 -0.440823 -2.021838
v -0.828736 -0.459338 -2.002291
v -0.791477 -0.469754 -1.987295
v -0.746078 -0.477110 -1.973632
v -0.693643 -0.480988 -1.961993
v -0.639126 -0.486755 -1.949463
v -0.582760 -0.494487 -1.936080
v -0.521701 -0.494981 -1.928167
v -0.461473 -0.503284 -1.915671
v -0.402355 -0.523390 -1.895740
v -0.341232 -0.545960 -1.874739
v -0.277187 -0.566128 -1.856116
v -0.204534 -0.535987 -1.873643
v -0.133945 -0.506010 -1.892183
v -0.065973 -0.482795 -1.907038
v -0.000000 -0.456186 -1.925335
v 0.064300 -0.444883 -1.933822
v 0.127804 -0.435165 -1.942129
v 0.190628 -0.427106 -1.950142
v 0.252500 -0.418884 -1.959092
v 0.312674 -0.407985 -1.970670
v 0.371709 -0.398889 -1.981696
v 0.429540 -0.391519 -1.992200
v 0.485229 -0.383117 -2.004038
v 0.537731 -0.371642 -2.018514
v 0.584141 -0.351574 -2.039119
v 0.627167 -0.332373 -2.059313
v 0.666987 -0.314957 -2.078402
v 0.701938 -0.299968 -2.095510
v 0.731065 -0.287557 -2.110234
v 0.755845 -0.276951 -2.123334
v -0.925002 0.828564 -2.038127
v -0.930865 0.830913 -2.075661
v -0.936336 0.832975 -2.117250
v -0.941533 0.834947 -2.164294
v -0.946845 0.837833 -2.215534
v -0.956202 0.847953 -2.266631
v -0.956366 0.845796 -2.324019
v -0.955764 0.844103 -2.382448
v -0.959932 0.850945 -2.439940
v -0.968555 0.865615 -2.497545
v -0.968817 0.869748 -2.558485
v -0.959519 0.861968 -2.621405
v -0.957239 0.865521 -2.683624
v -0.956010 0.871843 -2.746495
v -0.947897 0.870088 -2.809803
v -0.935297 0.863678 -2.872667
v -0.921862 0.857506 -2.935086
v -0.909996 0.854526 -2.997650
v -0.904493 0.860586 -3.062121
v -0.899182 0.867354 -3.127270
v -0.894133 0.874712 -3.193016
v -0.877620 0.867961 -3.253853
v -0.846234 0.843282 -3.306138
v -0.816301 0.820872 -3.356573
v -0.787946 0.800640 -3.405205
v -0.761335 0.782520 -3.451974
v -0.736614 0.766421 -3.496702
v -0.711081 0.748977 -3.537063
v -0.684420 0.729245 -3.569877
v -0.661736 0.712818 -3.597812
v -0.644630 0.701751 -3.624540
v -0.609650 0.702727 -3.664532
v -0.586902 0.712373 -3.679090
v -0.559765 0.721498 -3.693592
v -0.531938 0.737601 -3.714162
v -0.500548 0.755932 -3.736620
v -0.466846 0.775715 -3.759804
v -0.426202 0.787342 -3.776280
v -0.381193 0.792734 -3.787590
v -0.335685 0.798741 -3.798802
v -0.289669 0.805468 -3.809866
v -0.243128 0.812990 -3.820733
v -0.196025 0.821340 -3.831335
v -0.148290 0.830522 -3.841588
v -0.099814 0.840499 -3.851395
v -0.050452 0.851191 -3.860638
v -0.000000 0.862472 -3.869184
v 0.051781 0.874182 -3.876915
v 0.105013 0.886209 -3.883844
v 0.157086 0.882916 -3.878946
v 0.204999 0.861951 -3.860462
v 0.251734 0.844437 -3.843456
v 0.298338 0.832012 -3.829218
v 0.341713 0.814584 -3.810472
v 0.380753 0.791724 -3.786837
v 0.417590 0.769836 -3.763062
v 0.453441 0.751265 -3.741084
v 0.487832 0.734934 -3.720301
v 0.519989 0.719584 -3.699940
v 0.548559 0.705930 -3.681115
v 0.572820 0.694276 -3.664368
v 0.593957 0.683983 -3.649053
v 0.785191 -0.271540 -2.160383
v 0.791798 -0.276060 -2.186727
v 0.798701 -0.281543 -2.217039
v 0.806258 -0.288495 -2.252833
v 0.814168 -0.296852 -2.292921
v 0.821964 -0.306340 -2.335458
v 0.829657 -0.317058 -2.380255
v 0.832574 -0.322268 -2.428719
v 0.829588 -0.320584 -2.480209
v 0.826122 -0.319950 -2.532408
v 0.822318 -0.320513 -2.585221
v 0.818296 -0.322374 -2.638536
v 0.819701 -0.333242 -2.691938
v 0.821610 -0.346043 -2.746393
v 0.823563 -0.360023 -2.801974
v 0.825537 -0.375035 -2.858809
v 0.822652 -0.384517 -2.916388
v 0.818766 -0.393501 -2.975077
v 0.821297 -0.411327 -3.036887
v 0.824046 -0.429621 -3.100463
v 0.827026 -0.448196 -3.165603
v 0.825595 -0.461122 -3.229965
v 0.819239 -0.467809 -3.292386
v 0.799281 -0.457837 -3.347045
v 0.768794 -0.435297 -3.393528
v 0.739506 -0.414271 -3.437598
v 0.714992 -0.398688 -3.481408
v 0.699014 -0.392545 -3.527947
v 0.684672 -0.387058 -3.570079
v 0.672200 -0.382249 -3.606701
v 0.657359 -0.373673 -3.635970
v -0.612989 -0.307303 -3.639278
v -0.618072 -0.288306 -3.649610
v -0.621215 -0.264384 -3.658507
v -0.624672 -0.236580 -3.668248
v -0.628162 -0.205937 -3.678333
v -0.631389 -0.174021 -3.688063
v -0.634371 -0.141083 -3.697340
v -0.637050 -0.107508 -3.705986
v -0.639433 -0.073425 -3.713899
v -0.641597 -0.038833 -3.721072
v -0.643568 -0.003869 -3.727463
v -0.645357 0.031299 -3.733012
v -0.646964 0.066516 -3.737649
v -0.648382 0.101643 -3.741302
v -0.649599 0.136556 -3.743887
v -0.650592 0.171238 -3.745317
v -0.651334 0.206044 -3.745522
v -0.653219 0.241518 -3.745859
v -0.659781 0.278642 -3.749725
v -0.661843 0.315722 -3.748543
v -0.654463 0.350068 -3.737727
v -0.651355 0.385293 -3.730265
v -0.650553 0.421195 -3.724374
v -0.649417 0.456736 -3.717635
v -0.647863 0.491882 -3.710047
v -0.645878 0.526465 -3.701710
v -0.643510 0.560081 -3.692788
v -0.640741 0.592439 -3.683382
v -0.637835 0.621897 -3.674158
v -0.635047 0.647419 -3.665592
v -0.632189 0.670094 -3.657352
v -0.892463 -0.397471 -2.030566
v -0.908343 -0.373599 -2.018002
v -0.925233 -0.346781 -2.004699
v -0.943632 -0.316054 -1.990242
v -0.963115 -0.282268 -1.974933
v -0.986833 -0.251001 -1.955632
v -1.010601 -0.217824 -1.936219
v -1.030011 -0.179604 -1.920789
v -1.039076 -0.133657 -1.914918
v -1.045257 -0.087195 -1.911540
v -1.050334 -0.041679 -1.908940
v -1.054327 0.002826 -1.907056
v -1.057244 0.046301 -1.905839
v -1.059083 0.088778 -1.905252
v -1.059823 0.130351 -1.905270
v -1.059429 0.171238 -1.905888
v -1.057861 0.211917 -1.907116
v -1.055198 0.252893 -1.908907
v -1.051512 0.294424 -1.911233
v -1.046846 0.336652 -1.914094
v -1.041226 0.379651 -1.917510
v -1.029223 0.420245 -1.926628
v -1.018460 0.462073 -1.934319
v -1.008684 0.505493 -1.940860
v -0.997881 0.549182 -1.948191
v -0.986185 0.592849 -1.956241
v -0.973761 0.636096 -1.964912
v -0.960766 0.678455 -1.974113
v -0.947973 0.717852 -1.983291
v -0.935765 0.753236 -1.992184
v -0.923863 0.785614 -2.000999
v 0.861146 0.694399 -2.060054
v 0.873489 0.668841 -2.050818
v 0.886361 0.640378 -2.041292
v 0.900157 0.607977 -2.031166
v 0.914266 0.572649 -2.020914
v 0.927728 0.536154 -2.011263
v 0.940329 0.498875 -2.002358
v 0.951793 0.461243 -1.994402
v 0.961922 0.423513 -1.987525
v 0.970654 0.385813 -1.981743
v 0.977908 0.348337 -1.977090
v 0.983593 0.311301 -1.973610
v 0.987846 0.274978 -1.971133
v 0.998235 0.241076 -1.962499
v 0.998837 0.205680 -1.962645
v 0.993367 0.171238 -1.968037
v 0.985710 0.138183 -1.974995
v 0.980651 0.105048 -1.979042
v 0.973958 0.071740 -1.984200
v 0.965765 0.038320 -1.990384
v 0.956203 0.004873 -1.997513
v 0.945399 -0.028489 -2.005508
v 0.933479 -0.061638 -2.014292
v 0.920546 -0.094463 -2.023808
v 0.906663 -0.126971 -2.034043
v 0.891493 -0.158535 -2.045368
v 0.868992 -0.181891 -2.063530
v 0.847083 -0.203785 -2.081125
v 0.826998 -0.223255 -2.097177
v 0.809469 -0.239606 -2.111095
v 0.793669 -0.253785 -2.123590
v 0.616652 0.653654 -3.642725
v 0.619250 0.631937 -3.650719
v 0.623181 0.608639 -3.660358
v 0.629457 0.583042 -3.672755
v 0.636376 0.554658 -3.686069
v 0.643553 0.524865 -3.699519
v 0.650997 0.493814 -3.712999
v 0.658369 0.461623 -3.726067
v 0.661664 0.426484 -3.734839
v 0.664613 0.390705 -3.742754
v 0.667231 0.354431 -3.749754
v 0.669511 0.317836 -3.755767
v 0.671441 0.281081 -3.760709
v 0.672996 0.244317 -3.764491
v 0.674148 0.207684 -3.767016
v 0.674858 0.171238 -3.768179
v 0.675090 0.134724 -3.767903
v 0.674868 0.097894 -3.766254
v 0.674221 0.060813 -3.763329
v 0.673171 0.023632 -3.759214
v 0.671730 -0.013492 -3.753993
v 0.669906 -0.050389 -3.747739
v 0.667695 -0.086880 -3.740520
v 0.665077 -0.122809 -3.732385
v 0.661999 -0.158125 -3.723361
v 0.658480 -0.192658 -3.713579
v 0.654596 -0.226033 -3.703228
v 0.650356 -0.257972 -3.692437
v 0.646103 -0.286901 -3.681944
v 0.644570 -0.314277 -3.674559
v 0.643008 -0.339066 -3.667537
v 0.609429 0.700017 -3.623787
v 0.587030 0.714969 -3.636943
v 0.560898 0.730638 -3.652112
v 0.530630 0.747398 -3.669460
v 0.497954 0.764680 -3.687778
v 0.462887 0.782639 -3.706739
v 0.425912 0.801968 -3.726512
v 0.388205 0.825285 -3.748555
v 0.346617 0.844966 -3.767522
v 0.301610 0.860324 -3.782965
v 0.256352 0.880779 -3.800963
v 0.208010 0.895938 -3.814735
v 0.159319 0.917998 -3.832015
v 0.105618 0.913038 -3.831328
v 0.052133 0.901077 -3.825368
v 0.000000 0.888738 -3.818180
v -0.050830 0.876931 -3.810225
v -0.100601 0.865812 -3.801615
v -0.149511 0.855497 -3.792485
v -0.197698 0.846052 -3.782961
v -0.244404 0.834138 -3.770994
v -0.290625 0.824419 -3.759651
v -0.337377 0.819069 -3.750500
v -0.383685 0.814238 -3.741192
v -0.429532 0.809794 -3.731812
v -0.469984 0.796381 -3.716202
v -0.508162 0.782531 -3.700296
v -0.544112 0.768863 -3.684800
v -0.575969 0.752606 -3.668128
v -0.602171 0.735188 -3.652040
v -0.624367 0.718328 -3.637853
v 0.626027 0.716558 -3.596363
v 0.602191 0.735841 -3.607354
v 0.574760 0.755047 -3.620450
v 0.543714 0.774319 -3.635691
v 0.510144 0.793605 -3.652128
v 0.474089 0.813257 -3.669336
v 0.435768 0.833356 -3.687015
v 0.396265 0.856264 -3.706231
v 0.352838 0.874628 -3.722291
v 0.308380 0.895812 -3.739449
v 0.261097 0.913668 -3.754043
v 0.211640 0.928775 -3.766384
v 0.161309 0.947112 -3.779787
v 0.106441 0.936728 -3.776294
v 0.052707 0.927226 -3.772496
v 0.000000 0.915391 -3.766447
v -0.051483 0.903080 -3.759062
v -0.101931 0.891550 -3.751063
v -0.151536 0.880904 -3.742589
v -0.200433 0.871192 -3.733770
v -0.247624 0.857875 -3.722124
v -0.293215 0.843293 -3.709041
v -0.339747 0.835790 -3.699489
v -0.386549 0.831158 -3.691252
v -0.431236 0.823018 -3.680735
v -0.471504 0.807990 -3.666073
v -0.510288 0.793869 -3.652296
v -0.549277 0.783564 -3.641679
v -0.585872 0.771842 -3.631608
v -0.618252 0.757915 -3.622477
v -0.641098 0.735386 -3.609775
v 0.642366 0.730434 -3.562174
v 0.619897 0.757081 -3.573902
v 0.591064 0.779154 -3.585362
v 0.558977 0.800691 -3.598783
v 0.524174 0.821994 -3.613484
v 0.486873 0.843343 -3.629018
v 0.447273 0.864833 -3.645064
v 0.405536 0.886538 -3.661276
v 0.361755 0.908504 -3.677337
v 0.315580 0.929255 -3.692330
v 0.266412 0.945071 -3.704294
v 0.215841 0.960674 -3.715598
v 0.163425 0.972563 -3.724393
v 0.107851 0.961564 -3.721107
v 0.053416 0.951550 -3.717581
v 0.000000 0.942668 -3.713708
v -0.052388 0.930057 -3.706965
v -0.103755 0.918127 -3.699560
v -0.154290 0.907152 -3.691725
v -0.204129 0.897169 -3.683594
v -0.252169 0.882912 -3.672614
v -0.298718 0.867795 -3.660586
v -0.344366 0.854283 -3.648892
v -0.391399 0.848200 -3.640800
v -0.434380 0.834022 -3.628272
v -0.476810 0.821933 -3.617085
v -0.519478 0.813033 -3.608365
v -0.560705 0.803664 -3.600529
v -0.596760 0.788004 -3.590726
v -0.630854 0.772462 -3.583585
v -0.662995 0.756602 -3.579447
v 0.657266 0.739962 -3.519998
v 0.634320 0.770301 -3.531578
v 0.608173 0.800817 -3.545566
v 0.576129 0.826911 -3.558877
v 0.539839 0.850136 -3.571985
v 0.501074 0.873122 -3.585930
v 0.459530 0.894792 -3.599815
v 0.416817 0.918932 -3.615097
v 0.371566 0.941988 -3.629691
v 0.322831 0.959469 -3.641406
v 0.272381 0.975789 -3.652253
v 0.220703 0.992677 -3.662910
v 0.166331 0.999562 -3.668560
v 0.109791 0.987983 -3.665476
v 0.054391 0.977484 -3.662210
v -0.000000 0.968224 -3.658641
v -0.053517 0.958211 -3.653765
v -0.106022 0.945888 -3.646944
v -0.157700 0.934585 -3.639737
v -0.208691 0.924322 -3.632281
v -0.257912 0.909632 -3.622240
v -0.305645 0.893947 -3.611238
v -0.352087 0.878555 -3.599979
v -0.398023 0.865787 -3.589705
v -0.443955 0.856074 -3.580894
v -0.488703 0.845830 -3.572251
v -0.532785 0.836234 -3.564816
v -0.573065 0.821495 -3.555992
v -0.610621 0.804706 -3.547717
v -0.646648 0.787910 -3.541774
v -0.681096 0.770584 -3.538729
v 0.678255 0.755778 -3.478856
v 0.649757 0.782543 -3.486469
v 0.621803 0.814126 -3.498718
v 0.591266 0.846786 -3.512977
v 0.556928 0.878310 -3.527773
v 0.513792 0.896602 -3.537407
v 0.473169 0.925300 -3.552399
v 0.429031 0.951149 -3.566351
v 0.381258 0.972159 -3.578205
v 0.330789 0.989241 -3.588301
v 0.278930 1.006028 -3.598056
v 0.226226 1.025435 -3.608502
v 0.169943 1.028462 -3.612013
v 0.112202 1.016341 -3.609126
v 0.055603 1.005385 -3.606111
v -0.000000 0.995763 -3.602836
v -0.054835 0.987595 -3.599212
v -0.108507 0.973066 -3.592256
v -0.161112 0.958895 -3.584667
v -0.212896 0.946209 -3.577012
v -0.262743 0.928883 -3.566971
v -0.310501 0.908773 -3.555346
v -0.356934 0.889894 -3.543872
v -0.406225 0.884285 -3.537828
v -0.455736 0.880465 -3.532789
v -0.502763 0.871505 -3.526113
v -0.547144 0.858492 -3.518559
v -0.587670 0.840279 -3.509836
v -0.626907 0.822395 -3.502887
v -0.664833 0.804434 -3.498095
v -0.701421 0.785937 -3.495880
v 0.702952 0.775436 -3.436564
v 0.672979 0.804560 -3.443677
v 0.641508 0.835248 -3.453383
v 0.607108 0.865579 -3.464362
v 0.569941 0.895732 -3.476386
v 0.530122 0.925799 -3.489202
v 0.486611 0.952836 -3.501368
v 0.441061 0.980368 -3.514016
v 0.391389 1.001194 -3.524180
v 0.339361 1.018772 -3.533124
v 0.285986 1.035992 -3.541811
v 0.232241 1.058589 -3.552123
v 0.174179 1.059548 -3.554494
v 0.115029 1.046922 -3.551797
v 0.056862 1.031630 -3.547688
v -0.000000 1.012843 -3.541694
v -0.055369 0.995403 -3.535306
v -0.109513 0.979458 -3.528604
v -0.162673 0.965102 -3.521726
v -0.215052 0.952370 -3.514819
v -0.266826 0.941245 -3.508030
v -0.315563 0.921029 -3.497647
v -0.364765 0.908123 -3.489688
v -0.415820 0.904011 -3.485030
v -0.466764 0.900274 -3.480855
v -0.517622 0.896580 -3.477430
v -0.562123 0.879512 -3.469607
v -0.604292 0.860374 -3.462093
v -0.645300 0.841506 -3.456249
v -0.685155 0.822525 -3.452388
v -0.723848 0.803011 -3.450844
v 0.729279 0.796686 -3.391854
v 0.697645 0.827795 -3.398361
v 0.662848 0.857741 -3.405987
v 0.623825 0.884207 -3.413596
v 0.583077 0.911250 -3.422606
v 0.540911 0.939934 -3.433075
v 0.495252 0.965292 -3.442940
v 0.448537 0.993351 -3.454068
v 0.399868 1.022089 -3.465472
v 0.348449 1.048251 -3.475960
v 0.293471 1.065866 -3.483604
v 0.238569 1.091628 -3.493576
v 0.177871 1.083759 -3.492932
v 0.116799 1.061871 -3.487800
v 0.057555 1.041098 -3.482606
v 0.000000 1.021659 -3.477185
v -0.056077 1.003731 -3.471417
v -0.110951 0.987451 -3.465375
v -0.164862 0.972898 -3.459189
v -0.218019 0.960095 -3.453000
v -0.270609 0.949015 -3.446952
v -0.321552 0.934298 -3.439504
v -0.374084 0.929290 -3.435092
v -0.426583 0.925089 -3.431121
v -0.478447 0.919628 -3.427114
v -0.530481 0.914971 -3.424114
v -0.578768 0.902114 -3.419190
v -0.622703 0.882093 -3.412767
v -0.665575 0.862323 -3.407883
v -0.707411 0.842432 -3.404804
v -0.748211 0.822014 -3.403813
v 0.755727 0.817898 -3.344186
v 0.720933 0.848496 -3.349152
v 0.682528 0.876653 -3.354680
v 0.641885 0.904266 -3.361310
v 0.599117 0.931537 -3.368867
v 0.555984 0.962740 -3.378470
v 0.507555 0.985831 -3.386056
v 0.458889 1.013216 -3.395332
v 0.408351 1.040962 -3.404832
v 0.355154 1.065670 -3.413465
v 0.301301 1.095822 -3.423500
v 0.243435 1.113379 -3.429897
v 0.181288 1.103329 -3.428747
v 0.118778 1.076762 -3.423082
v 0.058441 1.052479 -3.417694
v -0.000000 1.032421 -3.412845
v -0.056977 1.014022 -3.407695
v -0.112764 0.997407 -3.402307
v -0.167600 0.982644 -3.396799
v -0.221699 0.969747 -3.391304
v -0.275958 0.962375 -3.386976
v -0.328453 0.949347 -3.380920
v -0.381460 0.941620 -3.376318
v -0.434436 0.935309 -3.372304
v -0.487532 0.930171 -3.369039
v -0.540911 0.925887 -3.366757
v -0.594740 0.922070 -3.365721
v -0.642647 0.905728 -3.361822
v -0.687473 0.885104 -3.357814
v -0.731355 0.864359 -3.355438
v -0.774303 0.843093 -3.354940
v 0.784519 0.842459 -3.295126
v 0.747569 0.874312 -3.299285
v 0.707042 0.903654 -3.303891
v 0.664323 0.932413 -3.309453
v 0.619522 0.960785 -3.315827
v 0.571702 0.986406 -3.322153
v 0.524010 1.017126 -3.330423
v 0.470750 1.036746 -3.336112
v 0.416271 1.056221 -3.342061
v 0.361618 1.080282 -3.349265
v 0.306674 1.111312 -3.358073
v 0.249718 1.142998 -3.366817
v 0.186434 1.136713 -3.366627
v 0.122212 1.109345 -3.361553
v 0.060107 1.082737 -3.356408
v -0.000000 1.057168 -3.351027
v -0.058274 1.032862 -3.345286
v -0.114975 1.010652 -3.339377
v -0.171578 1.001605 -3.335895
v -0.227790 0.993834 -3.332321
v -0.283612 0.986538 -3.328616
v -0.335836 0.965086 -3.321392
v -0.389160 0.953674 -3.316529
v -0.443371 0.947567 -3.313167
v -0.497781 0.942689 -3.310540
v -0.552572 0.938713 -3.308857
v -0.607925 0.935242 -3.308350
v -0.660786 0.925503 -3.307316
v -0.710690 0.909989 -3.305978
v -0.756737 0.888479 -3.304293
v -0.801907 0.866365 -3.304266
v 0.808762 0.861120 -3.241292
v 0.772562 0.897916 -3.246006
v 0.732319 0.932270 -3.250911
v 0.687449 0.962093 -3.255426
v 0.640154 0.990603 -3.260422
v 0.587686 1.010448 -3.263994
v 0.534139 1.029971 -3.268175
v 0.479515 1.049386 -3.272812
v 0.423801 1.068871 -3.277761
v 0.368514 1.095592 -3.284357
v 0.312343 1.127046 -3.291852
v 0.254187 1.159191 -3.299301
v 0.191814 1.171787 -3.302745
v 0.125827 1.144058 -3.298345
v 0.061921 1.116764 -3.293860
v 0.000000 1.090557 -3.289203
v -0.060101 1.065659 -3.284255
v -0.118579 1.042210 -3.279041
v -0.176526 1.028781 -3.275267
v -0.234386 1.020888 -3.272230
v -0.290313 1.004866 -3.267375
v -0.343908 0.983071 -3.261182
v -0.397718 0.968051 -3.256316
v -0.453252 0.962089 -3.253546
v -0.509053 0.957406 -3.251474
v -0.565318 0.953667 -3.250291
v -0.622243 0.950470 -3.250204
v -0.675893 0.939149 -3.249221
v -0.727370 0.923543 -3.248386
v -0.779087 0.908145 -3.249196
v -0.830878 0.891936 -3.251736
v 0.824899 0.868811 -3.182132
v 0.787440 0.905960 -3.186147
v 0.747067 0.942614 -3.190745
v 0.703910 0.978834 -3.195841
v 0.653411 1.004022 -3.199030
v 0.599516 1.023857 -3.201784
v 0.547825 1.052854 -3.206924
v 0.490340 1.068442 -3.209842
v 0.432051 1.083685 -3.213050
v 0.375747 1.111793 -3.218677
v 0.318304 1.143643 -3.224880
v 0.258900 1.176219 -3.231050
v 0.195998 1.195430 -3.234896
v 0.129579 1.180942 -3.233304
v 0.063802 1.153026 -3.229490
v 0.000000 1.126232 -3.225566
v -0.061993 1.100780 -3.221419
v -0.122364 1.076802 -3.217063
v -0.181692 1.058178 -3.213159
v -0.241090 1.048814 -3.210444
v -0.297414 1.025149 -3.205203
v -0.352455 1.003006 -3.200033
v -0.407004 0.984923 -3.195492
v -0.463944 0.979041 -3.193269
v -0.521208 0.974483 -3.191691
v -0.579007 0.970908 -3.190930
v -0.637553 0.967909 -3.191174
v -0.692118 0.955055 -3.190313
v -0.745218 0.939305 -3.189917
v -0.798648 0.923781 -3.190981
v -0.852603 0.907928 -3.193724
v 0.841140 0.877047 -3.122126
v 0.802407 0.914476 -3.125445
v 0.760772 0.951374 -3.129185
v 0.716374 0.987807 -3.133283
v 0.666959 1.018335 -3.136680
v 0.611631 1.038149 -3.138685
v 0.560385 1.072739 -3.143567
v 0.503439 1.095507 -3.146790
v 0.443405 1.110914 -3.149177
v 0.383215 1.129031 -3.152149
v 0.324470 1.161253 -3.157073
v 0.263785 1.194234 -3.161971
v 0.200452 1.221697 -3.166009
v 0.132678 1.208873 -3.164900
v 0.065730 1.191527 -3.163146
v 0.000000 1.164206 -3.159966
v -0.063930 1.138242 -3.156631
v -0.126242 1.113762 -3.153144
v -0.187115 1.090837 -3.149546
v -0.246995 1.071546 -3.146156
v -0.305195 1.049691 -3.142246
v -0.362705 1.031381 -3.138687
v -0.419383 1.014449 -3.135301
v -0.475360 0.998741 -3.132182
v -0.534093 0.994031 -3.131021
v -0.593481 0.990542 -3.130622
v -0.653693 0.987658 -3.131124
v -0.709315 0.973360 -3.130466
v -0.764093 0.957404 -3.130460
v -0.819288 0.941689 -3.131728
v -0.863719 0.909346 -3.130330
v 0.857338 0.885847 -3.061342
v 0.817312 0.923501 -3.063963
v 0.774409 0.960584 -3.066859
v 0.728771 0.997170 -3.069987
v 0.680531 1.033339 -3.073304
v 0.623877 1.053383 -3.074653
v 0.572469 1.091884 -3.078738
v 0.516560 1.123548 -3.082044
v 0.454780 1.139124 -3.083646
v 0.392286 1.154533 -3.085430
v 0.330751 1.179980 -3.088334
v 0.268769 1.213342 -3.091966
v 0.202685 1.226357 -3.093555
v 0.135339 1.230953 -3.094310
v 0.067490 1.226275 -3.094128
v -0.000000 1.204445 -3.092248
v -0.065894 1.178016 -3.089738
v -0.129976 1.150063 -3.086854
v -0.192430 1.123756 -3.083894
v -0.254598 1.107836 -3.081737
v -0.315065 1.087553 -3.079038
v -0.374575 1.068749 -3.076415
v -0.433271 1.051315 -3.073937
v -0.491296 1.035094 -3.071684
v -0.548784 1.019886 -3.069746
v -0.608565 1.012617 -3.069188
v -0.670480 1.009760 -3.069887
v -0.727314 0.994145 -3.069510
v -0.783826 0.977918 -3.069853
v -0.830242 0.944624 -3.067986
v -0.868673 0.902273 -3.064815
v 0.873307 0.895188 -2.999813
v 0.831978 0.933022 -3.001736
v 0.787804 0.970243 -3.003798
v 0.740934 1.006937 -3.005973
v 0.691502 1.043195 -3.008237
v 0.636523 1.070737 -3.009740
v 0.584370 1.111582 -3.012651
v 0.528915 1.150229 -3.015330
v 0.466052 1.168264 -3.016375
v 0.401875 1.183856 -3.017395
v 0.337060 1.199880 -3.018555
v 0.271273 1.214625 -3.019677
v 0.203455 1.216511 -3.019993
v 0.135841 1.220911 -3.020472
v 0.068124 1.227898 -3.021051
v -0.000000 1.227894 -3.021111
v -0.067460 1.207455 -3.019817
v -0.133036 1.177878 -3.017828
v -0.197887 1.159883 -3.016417
v -0.262529 1.148485 -3.015339
v -0.324999 1.127709 -3.013591
v -0.386527 1.108398 -3.011903
v -0.447265 1.090442 -3.010330
v -0.507361 1.073685 -3.008935
v -0.566962 1.057925 -3.007794
v -0.626212 1.042909 -3.006991
v -0.687717 1.034196 -3.007261
v -0.745921 1.017428 -3.007232
v -0.793466 0.980803 -3.005207
v -0.834963 0.937963 -3.002474
v -0.873793 0.895901 -2.999933
v 0.894185 0.912941 -2.938527
v 0.846315 0.943174 -2.938788
v 0.800760 0.980301 -2.940001
v 0.752678 1.017073 -2.941237
v 0.702081 1.053392 -2.942466
v 0.649084 1.089358 -2.943681
v 0.593784 1.125068 -2.944873
v 0.536260 1.160604 -2.946037
v 0.476572 1.196035 -2.947167
v 0.411277 1.214042 -2.947555
v 0.342785 1.217767 -2.947494
v 0.272621 1.208030 -2.947092
v 0.204454 1.209669 -2.947189
v 0.136500 1.213923 -2.947393
v 0.068451 1.220872 -2.947665
v -0.000000 1.217733 -2.947596
v -0.067980 1.206192 -2.947221
v -0.135424 1.197196 -2.946873
v -0.203333 1.198123 -2.946813
v -0.270172 1.189269 -2.946444
v -0.334908 1.170038 -2.945714
v -0.398452 1.150200 -2.944958
v -0.461230 1.131694 -2.944280
v -0.523399 1.114368 -2.943728
v -0.585116 1.098019 -2.943359
v -0.645596 1.079827 -2.943079
v -0.705201 1.060902 -2.943005
v -0.757341 1.027003 -2.942048
v -0.803259 0.985020 -2.940442
v -0.846087 0.942792 -2.938747
v -0.885672 0.900292 -2.936961
v 0.914759 0.931799 -2.875810
v 0.865167 0.962448 -2.875628
v 0.814094 0.992627 -2.875555
v 0.763901 1.027703 -2.875770
v 0.714319 1.069294 -2.876155
v 0.659696 1.104496 -2.876209
v 0.601701 1.135635 -2.876113
v 0.543199 1.171238 -2.876065
v 0.482569 1.206753 -2.875951
v 0.419722 1.241582 -2.875778
v 0.346189 1.223389 -2.875262
v 0.274172 1.204460 -2.874952
v 0.205609 1.205933 -2.874832
v 0.137266 1.210096 -2.874763
v 0.068833 1.217027 -2.874724
v -0.000000 1.209964 -2.874710
v -0.068240 1.198356 -2.874719
v -0.136494 1.197980 -2.874751
v -0.205882 1.208773 -2.874838
v -0.276351 1.221309 -2.875015
v -0.344715 1.214368 -2.875209
v -0.410249 1.193972 -2.875371
v -0.475042 1.174877 -2.875570
v -0.538066 1.152601 -2.875765
v -0.599862 1.129837 -2.875990
v -0.658772 1.101947 -2.876140
v -0.709264 1.056994 -2.875734
v -0.763972 1.027857 -2.875776
v -0.813429 0.991357 -2.875488
v -0.857297 0.949107 -2.874769
v -0.897972 0.906556 -2.873834
v 0.934712 0.951484 -2.811541
v 0.883409 0.982564 -2.810944
v 0.830722 1.013138 -2.810297
v 0.778506 1.047563 -2.809592
v 0.727485 1.089518 -2.808714
v 0.670767 1.122991 -2.807680
v 0.609036 1.146382 -2.806666
v 0.549632 1.182065 -2.805415
v 0.488137 1.217675 -2.804062
v 0.419881 1.229475 -2.803193
v 0.349034 1.227594 -2.802731
v 0.276909 1.212119 -2.802738
v 0.206871 1.205347 -2.802619
v 0.138105 1.209471 -2.802272
v 0.069252 1.216405 -2.801918
v -0.000000 1.204648 -2.802215
v -0.068512 1.192996 -2.802613
v -0.137580 1.201182 -2.802514
v -0.207515 1.212088 -2.802428
v -0.278535 1.224771 -2.802394
v -0.350558 1.236977 -2.802491
v -0.421410 1.237214 -2.803012
v -0.486439 1.210431 -2.804213
v -0.550459 1.185092 -2.805362
v -0.607984 1.143040 -2.806712
v -0.661438 1.097012 -2.807909
v -0.712254 1.052119 -2.808829
v -0.767368 1.023350 -2.809500
v -0.821003 0.994387 -2.810074
v -0.867677 0.955605 -2.810362
v -0.909428 0.913028 -2.810268
v 0.947488 0.961964 -2.745857
v 0.898290 0.998754 -2.744860
v 0.846725 1.034376 -2.743567
v 0.792310 1.067624 -2.742054
v 0.739255 1.108245 -2.739998
v 0.681339 1.142007 -2.737944
v 0.617325 1.161993 -2.736347
v 0.555612 1.193006 -2.734111
v 0.491980 1.222934 -2.731816
v 0.420156 1.219428 -2.731296
v 0.349260 1.217308 -2.730769
v 0.279038 1.216825 -2.730217
v 0.208264 1.207894 -2.730247
v 0.139035 1.212032 -2.729613
v 0.069609 1.215554 -2.729145
v -0.000000 1.201795 -2.729875
v -0.069049 1.197791 -2.730207
v -0.138703 1.206773 -2.729926
v -0.209198 1.217697 -2.729669
v -0.280779 1.230408 -2.729428
v -0.353522 1.243636 -2.729270
v -0.423557 1.236709 -2.730340
v -0.494126 1.232131 -2.731325
v -0.553678 1.185891 -2.734473
v -0.610108 1.138919 -2.737447
v -0.663877 1.093049 -2.740093
v -0.715008 1.048259 -2.742356
v -0.770335 1.019451 -2.743684
v -0.824365 0.990839 -2.744755
v -0.876949 0.961815 -2.745582
v -0.920011 0.919714 -2.746294
v 0.940886 0.943968 -2.681085
v 0.896136 0.986937 -2.679424
v 0.849533 1.031531 -2.677037
v 0.802141 1.080672 -2.673754
v 0.746940 1.118484 -2.670773
v 0.688600 1.153301 -2.667646
v 0.626413 1.181674 -2.664745
v 0.563950 1.214021 -2.661306
v 0.494191 1.222419 -2.659754
v 0.421647 1.216707 -2.659400
v 0.350294 1.213159 -2.658889
v 0.279798 1.212026 -2.658219
v 0.209835 1.213496 -2.657405
v 0.139804 1.213202 -2.656882
v 0.069944 1.215115 -2.656341
v -0.000000 1.201355 -2.657451
v -0.069647 1.205728 -2.657190
v -0.139897 1.214666 -2.656750
v -0.210983 1.225523 -2.656324
v -0.283147 1.238151 -2.655887
v -0.355601 1.245962 -2.655988
v -0.426026 1.238987 -2.657456
v -0.496069 1.230488 -2.659062
v -0.555421 1.182538 -2.663943
v -0.612103 1.135723 -2.668482
v -0.666154 1.090036 -2.672602
v -0.717604 1.045448 -2.676229
v -0.772944 1.016202 -2.678292
v -0.827311 0.987904 -2.679884
v -0.880275 0.959226 -2.681065
v -0.924722 0.918852 -2.682394
v 0.926319 0.914537 -2.619231
v 0.885866 0.962017 -2.616547
v 0.842497 1.010541 -2.612894
v 0.795745 1.059138 -2.608459
v 0.742118 1.098749 -2.604332
v 0.685547 1.136623 -2.599879
v 0.625808 1.171284 -2.595372
v 0.566149 1.213320 -2.589689
v 0.498146 1.230181 -2.586737
v 0.425103 1.224691 -2.586359
v 0.353220 1.221348 -2.585728
v 0.281949 1.218675 -2.585067
v 0.211105 1.216486 -2.584453
v 0.140713 1.217077 -2.583670
v 0.070199 1.212617 -2.583735
v -0.000000 1.209002 -2.583999
v -0.070302 1.215881 -2.583337
v -0.141199 1.224719 -2.582741
v -0.212921 1.235430 -2.582155
v -0.285702 1.247874 -2.581534
v -0.358031 1.251041 -2.582153
v -0.428885 1.243930 -2.584060
v -0.497583 1.227759 -2.587023
v -0.557133 1.179981 -2.593583
v -0.614034 1.133363 -2.599729
v -0.668330 1.087896 -2.605361
v -0.720059 1.043545 -2.610386
v -0.775248 1.013592 -2.613301
v -0.829881 0.985586 -2.615451
v -0.883149 0.957228 -2.617016
v -0.925131 0.912671 -2.619405
v 0.919716 0.898605 -2.558410
v 0.878181 0.942659 -2.555247
v 0.835257 0.990134 -2.550592
v 0.788992 1.037713 -2.544997
v 0.737211 1.079631 -2.539414
v 0.681121 1.116781 -2.533872
v 0.620657 1.146857 -2.528862
v 0.558890 1.178104 -2.523303
v 0.498132 1.221209 -2.515685
v 0.427695 1.228469 -2.513346
v 0.354970 1.222352 -2.513021
v 0.283119 1.217676 -2.512533
v 0.212012 1.215599 -2.511773
v 0.141334 1.216270 -2.510796
v 0.070769 1.219779 -2.509670
v -0.000000 1.216369 -2.509979
v -0.070963 1.225826 -2.508739
v -0.142648 1.236731 -2.507649
v -0.215064 1.247223 -2.506912
v -0.287779 1.253744 -2.506997
v -0.360175 1.254362 -2.508122
v -0.432205 1.251357 -2.509857
v -0.499159 1.225621 -2.515017
v -0.558880 1.178067 -2.523309
v -0.615959 1.131699 -2.531116
v -0.670455 1.086503 -2.538316
v -0.723215 1.044457 -2.544500
v -0.777287 1.011560 -2.548713
v -0.832095 0.983835 -2.551469
v -0.885570 0.955787 -2.553459
v -0.925091 0.907122 -2.557278
v 0.913412 0.884329 -2.499141
v 0.870348 0.924083 -2.495803
v 0.827863 0.970346 -2.490125
v 0.782129 1.016827 -2.483329
v 0.732425 1.061470 -2.475921
v 0.676653 1.097291 -2.469327
v 0.615682 1.123281 -2.463924
v 0.555642 1.157833 -2.456513
v 0.494599 1.197035 -2.447936
v 0.430045 1.230650 -2.440209
v 0.357447 1.227297 -2.439322
v 0.285658 1.226569 -2.438012
v 0.214091 1.226005 -2.436829
v 0.142775 1.227235 -2.435560
v 0.071367 1.226701 -2.434965
v -0.000000 1.228257 -2.434420
v -0.071433 1.228742 -2.434583
v -0.143305 1.235415 -2.434028
v -0.215716 1.242694 -2.433704
v -0.287583 1.241358 -2.435245
v -0.359845 1.241958 -2.436583
v -0.432746 1.244303 -2.437666
v -0.499102 1.216328 -2.444358
v -0.560718 1.176593 -2.453054
v -0.617931 1.130540 -2.462595
v -0.673244 1.087596 -2.471087
v -0.728716 1.052120 -2.477603
v -0.782228 1.017049 -2.483289
v -0.833957 0.982554 -2.487973
v -0.883475 0.947579 -2.491703
v -0.926868 0.905841 -2.495421
v 0.906686 0.870592 -2.441597
v 0.864057 0.909319 -2.437597
v 0.820343 0.951167 -2.431525
v 0.775199 0.996449 -2.423475
v 0.725125 1.037411 -2.415277
v 0.668990 1.068922 -2.408239
v 0.610961 1.100498 -2.400500
v 0.551480 1.133927 -2.391856
v 0.489994 1.167809 -2.382792
v 0.426601 1.202780 -2.373305
v 0.359381 1.227752 -2.365978
v 0.287798 1.230978 -2.363557
v 0.216464 1.237715 -2.360551
v 0.144620 1.242491 -2.358282
v 0.072044 1.234133 -2.359338
v -0.000000 1.232962 -2.359307
v -0.072285 1.241445 -2.357713
v -0.144186 1.235886 -2.359750
v -0.216921 1.242356 -2.359519
v -0.289131 1.241116 -2.361304
v -0.361720 1.241945 -2.362828
v -0.434492 1.242425 -2.364528
v -0.498607 1.204557 -2.374685
v -0.560555 1.167385 -2.384507
v -0.619999 1.129644 -2.394132
v -0.674710 1.085196 -2.404704
v -0.726906 1.041909 -2.414306
v -0.780655 1.008736 -2.420835
v -0.835457 0.981597 -2.425015
v -0.886047 0.948941 -2.429140
v -0.923511 0.897720 -2.435806
v 0.899506 0.857359 -2.385874
v 0.857424 0.894984 -2.381173
v 0.812712 0.932545 -2.374855
v 0.768235 0.976509 -2.365491
v 0.716899 1.011234 -2.357243
v 0.662180 1.042919 -2.348770
v 0.606564 1.078408 -2.338557
v 0.546044 1.104707 -2.330156
v 0.485387 1.137726 -2.319721
v 0.422778 1.171920 -2.308813
v 0.358139 1.207347 -2.297552
v 0.289834 1.232498 -2.289054
v 0.218085 1.239396 -2.285525
v 0.146051 1.248706 -2.281731
v 0.072855 1.242819 -2.282347
v -0.000000 1.239611 -2.282849
v -0.072530 1.233154 -2.284853
v -0.145250 1.236732 -2.284835
v -0.218301 1.241556 -2.284965
v -0.291800 1.247288 -2.285222
v -0.366126 1.255333 -2.285136
v -0.437997 1.247784 -2.289226
v -0.502664 1.210996 -2.300861
v -0.564893 1.173901 -2.312413
v -0.622207 1.128719 -2.325710
v -0.676906 1.084776 -2.338126
v -0.729075 1.042011 -2.349445
v -0.781998 1.007576 -2.357638
v -0.836570 0.980767 -2.362669
v -0.884379 0.943832 -2.368796
v -0.921842 0.893653 -2.376618
v 0.891865 0.844571 -2.332094
v 0.850472 0.880990 -2.326656
v 0.806320 0.917024 -2.319439
v 0.761295 0.956873 -2.309471
v 0.710079 0.988517 -2.300520
v 0.658119 1.024284 -2.289251
v 0.602584 1.056853 -2.278079
v 0.542280 1.080539 -2.268971
v 0.481290 1.108468 -2.258330
v 0.419427 1.141835 -2.245947
v 0.355479 1.176521 -2.233177
v 0.289347 1.212533 -2.220155
v 0.220182 1.242733 -2.209153
v 0.147301 1.248873 -2.205757
v 0.073479 1.242396 -2.206671
v -0.000000 1.237366 -2.207807
v -0.073005 1.228602 -2.210791
v -0.146418 1.235924 -2.209625
v -0.219800 1.238967 -2.210278
v -0.293648 1.244409 -2.210646
v -0.368213 1.252093 -2.210667
v -0.436682 1.226979 -2.220646
v -0.502581 1.198020 -2.231800
v -0.566778 1.169886 -2.242596
v -0.624626 1.127404 -2.257330
v -0.679217 1.084071 -2.271729
v -0.731239 1.041938 -2.284904
v -0.783156 1.006257 -2.295049
v -0.837310 0.979831 -2.301070
v -0.882198 0.938760 -2.309671
v -0.919508 0.889808 -2.318657
v 0.883902 0.832194 -2.280467
v 0.843388 0.867226 -2.274230
v 0.800121 0.901874 -2.265931
v 0.754165 0.936309 -2.255842
v 0.705574 0.970712 -2.244237
v 0.654392 1.005256 -2.231376
v 0.599217 1.035587 -2.219040
v 0.539637 1.058522 -2.208647
v 0.478415 1.082236 -2.197764
v 0.416656 1.112309 -2.184665
v 0.353325 1.146208 -2.170330
v 0.287749 1.181512 -2.155719
v 0.219845 1.218593 -2.140846
v 0.148795 1.248515 -2.128897
v 0.074222 1.241261 -2.130237
v 0.000000 1.236859 -2.131333
v -0.073997 1.234851 -2.132422
v -0.147872 1.235259 -2.133417
v -0.221861 1.238058 -2.134214
v -0.296212 1.243162 -2.134737
v -0.368571 1.235325 -2.140056
v -0.435897 1.206019 -2.152912
v -0.501359 1.177673 -2.165531
v -0.565017 1.150221 -2.177791
v -0.626904 1.123539 -2.189558
v -0.681835 1.082600 -2.205542
v -0.733593 1.041226 -2.220750
v -0.784354 1.004451 -2.233175
v -0.834818 0.972305 -2.242469
v -0.878069 0.930624 -2.252989
v -0.916617 0.886073 -2.262202
v 0.873145 0.815810 -2.232940
v 0.834991 0.850981 -2.225101
v 0.793579 0.885266 -2.215075
v 0.748392 0.917424 -2.203773
v 0.701595 0.952315 -2.189814
v 0.651237 0.985502 -2.175240
v 0.596683 1.014322 -2.161433
v 0.537781 1.036478 -2.149659
v 0.477102 1.059490 -2.137407
v 0.414658 1.083485 -2.124794
v 0.351766 1.116161 -2.108987
v 0.286639 1.150711 -2.092728
v 0.218968 1.185665 -2.076722
v 0.148137 1.213104 -2.064174
v 0.075168 1.240805 -2.052210
v 0.000000 1.237559 -2.053023
v -0.074979 1.235580 -2.054231
v -0.148761 1.221839 -2.060796
v -0.220744 1.202426 -2.070246
v -0.291746 1.187143 -2.078671
v -0.361779 1.173611 -2.086872
v -0.430982 1.161673 -2.094784
v -0.499458 1.151113 -2.102368
v -0.564044 1.130136 -2.113986
v -0.625307 1.104251 -2.127326
v -0.684703 1.079017 -2.139924
v -0.735815 1.037946 -2.157599
v -0.785128 1.000117 -2.172744
v -0.831371 0.961991 -2.186284
v -0.875270 0.924819 -2.197256
v -0.913167 0.882090 -2.207643
v 0.858766 0.793639 -2.191109
v 0.822307 0.826225 -2.182347
v 0.783686 0.860355 -2.170038
v 0.739788 0.889924 -2.157383
v 0.693259 0.920216 -2.142791
v 0.644139 0.951543 -2.126552
v 0.592150 0.983292 -2.109302
v 0.536892 1.014096 -2.092018
v 0.476656 1.036381 -2.078317
v 0.414538 1.059713 -2.064275
v 0.350887 1.086098 -2.049145
v 0.285625 1.116653 -2.032560
v 0.217667 1.144926 -2.017457
v 0.147270 1.171019 -2.003935
v 0.074761 1.198178 -1.990703
v -0.000000 1.191651 -1.993077
v -0.073825 1.173083 -2.001673
v -0.146670 1.162863 -2.007498
v -0.216720 1.136233 -2.021251
v -0.286350 1.121698 -2.030363
v -0.354980 1.109050 -2.039176
v -0.422732 1.098146 -2.047641
v -0.489691 1.088783 -2.055731
v -0.555900 1.080698 -2.063443
v -0.621327 1.073558 -2.070768
v -0.682716 1.058006 -2.081343
v -0.734524 1.022543 -2.099568
v -0.787941 0.997729 -2.112051
v -0.833320 0.960941 -2.127842
v -0.873954 0.921054 -2.142471
v -0.909324 0.877783 -2.155367
v 0.846578 0.774594 -2.151501
v 0.814132 0.807858 -2.139943
v 0.778125 0.841419 -2.125247
v 0.735145 0.868056 -2.111210
v 0.687577 0.891018 -2.097257
v 0.638151 0.916733 -2.080973
v 0.587118 0.946600 -2.062035
v 0.533150 0.977326 -2.042367
v 0.476316 1.009015 -2.022251
v 0.414339 1.030861 -2.007099
v 0.350773 1.055709 -1.990822
v 0.284843 1.079791 -1.975372
v 0.217207 1.107636 -1.958653
v 0.147333 1.137193 -1.941791
v 0.074586 1.157629 -1.930247
v -0.000000 1.136750 -1.940023
v -0.073029 1.117301 -1.950122
v -0.144532 1.100357 -1.959928
v -0.214467 1.083248 -1.970641
v -0.283213 1.068781 -1.980771
v -0.350827 1.055999 -1.990680
v -0.417391 1.044808 -2.000311
v -0.482955 1.035059 -2.009635
v -0.547523 1.026546 -2.018655
v -0.611014 1.019009 -2.027359
v -0.673079 1.011439 -2.035913
v -0.734317 1.005316 -2.043244
v -0.791090 0.992108 -2.052981
v -0.833965 0.954065 -2.072677
v -0.871387 0.912969 -2.090975
v -0.905324 0.872739 -2.105485
v 0.839084 0.761687 -2.114361
v 0.808707 0.790888 -2.100602
v 0.774253 0.821114 -2.083794
v 0.732512 0.845794 -2.067426
v 0.686044 0.866978 -2.051511
v 0.636761 0.889414 -2.034189
v 0.584801 0.913266 -2.015681
v 0.530246 0.938656 -1.996233
v 0.473823 0.968202 -1.974700
v 0.413577 0.994321 -1.955329
v 0.350153 1.017500 -1.937994
v 0.284230 1.039270 -1.921987
v 0.217223 1.069667 -1.901876
v 0.148234 1.108954 -1.877598
v 0.074228 1.107992 -1.876543
v 0.000000 1.087546 -1.887348
v -0.072645 1.068558 -1.898434
v -0.143385 1.047552 -1.911641
v -0.212721 1.031033 -1.923250
v -0.281531 1.021665 -1.931697
v -0.348645 1.009546 -1.942364
v -0.414658 0.999102 -1.952715
v -0.479604 0.990196 -1.962745
v -0.543471 0.982637 -1.972481
v -0.603545 0.968536 -1.986045
v -0.662741 0.958167 -1.997612
v -0.722950 0.955369 -2.004883
v -0.781435 0.952535 -2.011613
v -0.830290 0.932989 -2.025806
v -0.869879 0.902599 -2.043011
v -0.901803 0.866415 -2.060263
v 0.832731 0.748694 -2.081752
v 0.804902 0.772889 -2.065295
v 0.771082 0.796378 -2.047415
v 0.729380 0.816072 -2.029963
v 0.684606 0.836969 -2.011030
v 0.636649 0.859447 -1.990781
v 0.585716 0.883632 -1.969368
v 0.531810 0.909172 -1.947228
v 0.472395 0.926269 -1.930549
v 0.413670 0.956102 -1.906551
v 0.350225 0.977615 -1.888186
v 0.284381 0.998535 -1.870843
v 0.217756 1.030714 -1.847241
v 0.148878 1.071515 -1.819072
v 0.074083 1.059168 -1.825096
v 0.000000 1.039218 -1.837005
v -0.072328 1.017363 -1.851255
v -0.142249 0.991149 -1.869280
v -0.210438 0.970543 -1.884730
v -0.279099 0.965473 -1.891365
v -0.347092 0.961742 -1.897991
v -0.413272 0.954408 -1.907592
v -0.477869 0.946320 -1.918320
v -0.538239 0.929787 -1.934754
v -0.595330 0.911012 -1.952944
v -0.655196 0.906968 -1.962546
v -0.714343 0.906123 -1.970363
v -0.771501 0.905687 -1.977852
v -0.819367 0.890894 -1.993086
v -0.860307 0.872683 -2.008439
v -0.896690 0.854820 -2.021539
v -0.603423 -0.350181 -3.618133
v -0.582484 -0.366422 -3.632410
v -0.553199 -0.376940 -3.643930
v -0.513730 -0.378014 -3.650230
v -0.476959 -0.385485 -3.662030
v -0.438894 -0.393709 -3.674753
v -0.399737 -0.402899 -3.688198
v -0.357557 -0.407898 -3.698624
v -0.312469 -0.406776 -3.704610
v -0.267579 -0.406618 -3.710742
v -0.222874 -0.407610 -3.716987
v -0.178335 -0.409898 -3.723295
v -0.133907 -0.413598 -3.729604
v -0.089494 -0.418789 -3.735836
v -0.044948 -0.425516 -3.741906
v -0.000000 -0.433777 -3.747715
v 0.045919 -0.443501 -3.753185
v 0.093291 -0.454528 -3.758322
v 0.139984 -0.452314 -3.754090
v 0.186527 -0.449529 -3.748537
v 0.230819 -0.438625 -3.736915
v 0.274230 -0.428357 -3.724858
v 0.318438 -0.423506 -3.715607
v 0.362830 -0.420787 -3.707215
v 0.407838 -0.420414 -3.700056
v 0.453396 -0.421787 -3.694086
v 0.498322 -0.422848 -3.688230
v 0.541056 -0.421521 -3.681322
v 0.576343 -0.410676 -3.668527
v 0.612378 -0.406342 -3.662218
v 0.637742 -0.392246 -3.650448
v -0.622121 -0.369201 -3.592886
v -0.599177 -0.389224 -3.604516
v -0.568628 -0.403303 -3.614293
v -0.529501 -0.408221 -3.620392
v -0.486928 -0.408535 -3.625173
v -0.446652 -0.414870 -3.634701
v -0.406734 -0.424640 -3.646779
v -0.365943 -0.435438 -3.659487
v -0.320866 -0.437297 -3.666601
v -0.274884 -0.437329 -3.672283
v -0.229056 -0.438504 -3.678132
v -0.183357 -0.440986 -3.684079
v -0.137731 -0.444906 -3.690044
v -0.092077 -0.450359 -3.695933
v -0.046253 -0.457401 -3.701643
v -0.000000 -0.466040 -3.707062
v 0.047374 -0.479530 -3.713955
v 0.096740 -0.497066 -3.722018
v 0.146058 -0.501317 -3.721738
v 0.193821 -0.494746 -3.714529
v 0.239809 -0.483037 -3.703609
v 0.284861 -0.471881 -3.692288
v 0.330189 -0.464957 -3.682840
v 0.376703 -0.463241 -3.676075
v 0.423922 -0.463854 -3.670599
v 0.470839 -0.464159 -3.665233
v 0.517065 -0.463827 -3.660165
v 0.557256 -0.454348 -3.650267
v 0.595598 -0.444067 -3.641374
v 0.626095 -0.426217 -3.629861
v 0.650093 -0.404148 -3.617781
v -0.640129 -0.385119 -3.560300
v -0.615500 -0.408432 -3.570015
v -0.583752 -0.425318 -3.578478
v -0.546669 -0.437051 -3.586355
v -0.505446 -0.443781 -3.593068
v -0.460460 -0.444671 -3.597697
v -0.415882 -0.447347 -3.604182
v -0.374069 -0.458726 -3.615698
v -0.331028 -0.470220 -3.627076
v -0.283682 -0.470513 -3.632278
v -0.236473 -0.471930 -3.637699
v -0.189368 -0.474655 -3.643256
v -0.142301 -0.478832 -3.648852
v -0.095165 -0.484570 -3.654380
v -0.047814 -0.491935 -3.659722
v -0.000000 -0.501800 -3.665180
v 0.049119 -0.519232 -3.673205
v 0.100155 -0.537477 -3.680624
v 0.152565 -0.552329 -3.685559
v 0.201694 -0.541490 -3.676939
v 0.249544 -0.528978 -3.666774
v 0.296415 -0.516925 -3.656250
v 0.343808 -0.510067 -3.647979
v 0.392943 -0.509910 -3.643036
v 0.441940 -0.509613 -3.638118
v 0.490595 -0.508786 -3.633432
v 0.533822 -0.497927 -3.624002
v 0.575374 -0.486412 -3.615343
v 0.606993 -0.461427 -3.600361
v 0.635589 -0.436634 -3.587770
v 0.661252 -0.411915 -3.577988
v -0.660915 -0.402176 -3.522867
v -0.634436 -0.427991 -3.531674
v -0.601930 -0.448423 -3.540078
v -0.563146 -0.461485 -3.546652
v -0.522841 -0.474161 -3.554709
v -0.479684 -0.483456 -3.562278
v -0.432409 -0.484893 -3.566866
v -0.384920 -0.486257 -3.572001
v -0.339961 -0.496592 -3.581484
v -0.293817 -0.506378 -3.590477
v -0.244994 -0.508089 -3.595443
v -0.196259 -0.511097 -3.600581
v -0.147532 -0.515562 -3.605782
v -0.098697 -0.521604 -3.610927
v -0.049599 -0.529298 -3.615892
v 0.000000 -0.543118 -3.622495
v 0.051046 -0.561216 -3.629877
v 0.103938 -0.580137 -3.636696
v 0.158453 -0.597782 -3.642253
v 0.210080 -0.589747 -3.635822
v 0.259943 -0.576440 -3.626452
v 0.308798 -0.563492 -3.616773
v 0.359412 -0.559932 -3.611152
v 0.410639 -0.558985 -3.606749
v 0.460739 -0.555322 -3.601283
v 0.506474 -0.542558 -3.591901
v 0.550933 -0.529524 -3.583260
v 0.587973 -0.505371 -3.570030
v 0.617751 -0.473557 -3.553984
v 0.647116 -0.446101 -3.542161
v 0.674433 -0.419545 -3.533491
v -0.683472 -0.420094 -3.482690
v -0.655178 -0.447940 -3.490650
v -0.622572 -0.472896 -3.499346
v -0.581839 -0.487249 -3.504742
v -0.539756 -0.501053 -3.511603
v -0.496451 -0.514666 -3.519649
v -0.450193 -0.523731 -3.526553
v -0.401983 -0.529371 -3.532523
v -0.352313 -0.531792 -3.537350
v -0.303561 -0.538770 -3.544073
v -0.254501 -0.547129 -3.551144
v -0.203931 -0.550456 -3.555836
v -0.153345 -0.555234 -3.560616
v -0.102615 -0.561595 -3.565359
v -0.051578 -0.569622 -3.569934
v 0.000000 -0.586810 -3.577102
v 0.053128 -0.605548 -3.583866
v 0.108039 -0.625113 -3.590121
v 0.163982 -0.639026 -3.593554
v 0.218915 -0.639507 -3.591231
v 0.270929 -0.625421 -3.582691
v 0.322483 -0.613820 -3.574808
v 0.376094 -0.612219 -3.570917
v 0.427321 -0.603657 -3.564211
v 0.476427 -0.591201 -3.556063
v 0.522611 -0.574194 -3.546438
v 0.565554 -0.553306 -3.535896
v 0.600584 -0.521174 -3.521116
v 0.631611 -0.487542 -3.506731
v 0.660014 -0.454961 -3.494379
v 0.688818 -0.427053 -3.486619
v -0.707634 -0.439138 -3.439764
v -0.677485 -0.468733 -3.446901
v -0.644356 -0.497473 -3.455536
v -0.602496 -0.514579 -3.460645
v -0.558459 -0.529433 -3.466430
v -0.513257 -0.543901 -3.473320
v -0.463993 -0.550459 -3.477992
v -0.414483 -0.557492 -3.483495
v -0.364680 -0.565351 -3.489578
v -0.314521 -0.574275 -3.496094
v -0.264172 -0.585645 -3.503352
v -0.212290 -0.592830 -3.508827
v -0.159667 -0.597944 -3.513163
v -0.106909 -0.605132 -3.517654
v -0.053788 -0.614599 -3.522205
v 0.000000 -0.632915 -3.528918
v 0.055342 -0.652270 -3.535081
v 0.112413 -0.672451 -3.540797
v 0.169937 -0.682253 -3.542414
v 0.228139 -0.690765 -3.543221
v 0.282428 -0.675919 -3.535537
v 0.337626 -0.669169 -3.530537
v 0.390281 -0.654845 -3.522744
v 0.442615 -0.642595 -3.515802
v 0.490619 -0.620976 -3.505511
v 0.536972 -0.599333 -3.495652
v 0.578864 -0.571769 -3.484123
v 0.614297 -0.536391 -3.470156
v 0.646626 -0.501220 -3.457252
v 0.680449 -0.473106 -3.449021
v 0.711574 -0.444337 -3.442456
v -0.731124 -0.456679 -3.393019
v -0.697157 -0.484587 -3.398039
v -0.661979 -0.513806 -3.405384
v -0.624858 -0.543678 -3.414359
v -0.578712 -0.559520 -3.419146
v -0.530420 -0.572348 -3.424061
v -0.479249 -0.579331 -3.427870
v -0.427917 -0.586763 -3.432516
v -0.376358 -0.594996 -3.437771
v -0.324493 -0.604282 -3.443491
v -0.272867 -0.618082 -3.450573
v -0.221127 -0.637512 -3.459136
v -0.166426 -0.643752 -3.463246
v -0.111746 -0.655096 -3.468425
v -0.056268 -0.666100 -3.472868
v -0.000000 -0.681457 -3.477864
v 0.057664 -0.701402 -3.483438
v 0.116501 -0.715611 -3.486660
v 0.175881 -0.724325 -3.487770
v 0.236149 -0.733663 -3.488797
v 0.294360 -0.727933 -3.485029
v 0.347991 -0.703836 -3.475340
v 0.400644 -0.682406 -3.466386
v 0.452106 -0.661971 -3.457798
v 0.502483 -0.642462 -3.449749
v 0.551803 -0.623528 -3.442435
v 0.592134 -0.587977 -3.429787
v 0.630655 -0.554606 -3.418642
v 0.669493 -0.526429 -3.410606
v 0.705606 -0.497250 -3.403613
v 0.738778 -0.466919 -3.397855
v -0.738580 -0.452165 -3.334259
v -0.700715 -0.475245 -3.336957
v -0.665028 -0.504278 -3.343591
v -0.627877 -0.534893 -3.351902
v -0.589027 -0.567238 -3.361614
v -0.546313 -0.596620 -3.370955
v -0.495751 -0.610541 -3.376024
v -0.442460 -0.618396 -3.379860
v -0.389008 -0.627027 -3.384321
v -0.335299 -0.636696 -3.389264
v -0.282218 -0.652862 -3.395998
v -0.228611 -0.672947 -3.403577
v -0.173557 -0.692685 -3.410701
v -0.116185 -0.700068 -3.414124
v -0.058554 -0.712953 -3.418461
v -0.000000 -0.731807 -3.423704
v 0.059723 -0.743669 -3.426448
v 0.120468 -0.756584 -3.428920
v 0.182364 -0.770336 -3.431257
v 0.240024 -0.748366 -3.423841
v 0.295466 -0.722624 -3.415091
v 0.349282 -0.697612 -3.406307
v 0.401894 -0.674632 -3.397985
v 0.453823 -0.654600 -3.390562
v 0.504759 -0.635582 -3.383680
v 0.550931 -0.607911 -3.374544
v 0.596465 -0.583326 -3.366961
v 0.641997 -0.562004 -3.361385
v 0.686398 -0.540790 -3.357132
v 0.729742 -0.519429 -3.354466
v 0.767125 -0.490880 -3.350784
v -0.751909 -0.455149 -3.277986
v -0.711568 -0.476206 -3.279622
v -0.670670 -0.498018 -3.283084
v -0.631334 -0.525492 -3.289514
v -0.592027 -0.557747 -3.298100
v -0.548236 -0.585428 -3.305844
v -0.502025 -0.612256 -3.313757
v -0.455151 -0.643461 -3.323039
v -0.404208 -0.668115 -3.330700
v -0.349138 -0.682042 -3.335773
v -0.293351 -0.696750 -3.341055
v -0.236762 -0.712391 -3.346436
v -0.179713 -0.733111 -3.352723
v -0.121157 -0.752475 -3.358319
v -0.061007 -0.764749 -3.361868
v -0.000000 -0.772906 -3.363974
v 0.061775 -0.785634 -3.366526
v 0.123796 -0.788464 -3.366405
v 0.183448 -0.767083 -3.360451
v 0.240715 -0.739279 -3.352654
v 0.297563 -0.719543 -3.346436
v 0.351940 -0.694561 -3.338802
v 0.404819 -0.670426 -3.331275
v 0.456437 -0.647651 -3.324117
v 0.506369 -0.624584 -3.317050
v 0.555173 -0.602721 -3.310665
v 0.602759 -0.581386 -3.305019
v 0.649202 -0.560398 -3.300314
v 0.694578 -0.539534 -3.296761
v 0.738957 -0.518528 -3.294582
v 0.781095 -0.495275 -3.293327
v -0.766397 -0.459612 -3.221284
v -0.724892 -0.480702 -3.222692
v -0.682870 -0.502591 -3.225678
v -0.640115 -0.525635 -3.230008
v -0.596415 -0.550123 -3.235468
v -0.553232 -0.580511 -3.242887
v -0.508279 -0.612690 -3.250959
v -0.461391 -0.646667 -3.259516
v -0.412438 -0.682472 -3.268419
v -0.360770 -0.717702 -3.277063
v -0.302774 -0.731497 -3.281219
v -0.244172 -0.746765 -3.285609
v -0.184785 -0.763558 -3.290111
v -0.124216 -0.778948 -3.294055
v -0.062777 -0.798320 -3.298377
v -0.000000 -0.810327 -3.300868
v 0.062991 -0.804329 -3.299506
v 0.124094 -0.777233 -3.293730
v 0.183645 -0.752895 -3.288062
v 0.241894 -0.730848 -3.282494
v 0.299746 -0.714704 -3.277855
v 0.355148 -0.691996 -3.271768
v 0.408686 -0.667970 -3.265334
v 0.459838 -0.641504 -3.258377
v 0.511683 -0.622537 -3.253225
v 0.561283 -0.600949 -3.247819
v 0.609130 -0.578613 -3.242723
v 0.655103 -0.555394 -3.238056
v 0.700035 -0.532862 -3.234437
v 0.744085 -0.510793 -3.232078
v 0.786026 -0.486964 -3.230554
v -0.780103 -0.463087 -3.163389
v -0.735584 -0.481030 -3.163782
v -0.691121 -0.500004 -3.165693
v -0.648598 -0.524822 -3.169911
v -0.606122 -0.553859 -3.175601
v -0.561486 -0.583198 -3.181657
v -0.514237 -0.611480 -3.187701
v -0.467773 -0.649534 -3.195673
v -0.418423 -0.687473 -3.203497
v -0.364862 -0.718479 -3.209964
v -0.306120 -0.732054 -3.213403
v -0.246803 -0.747206 -3.217054
v -0.186118 -0.758171 -3.219885
v -0.124605 -0.766667 -3.222107
v -0.063207 -0.793354 -3.226834
v -0.000000 -0.812629 -3.230012
v 0.063414 -0.799344 -3.227759
v 0.124965 -0.771864 -3.222917
v 0.184818 -0.745696 -3.217909
v 0.243131 -0.720938 -3.212805
v 0.300054 -0.697647 -3.207690
v 0.356559 -0.679696 -3.203318
v 0.410307 -0.655471 -3.197808
v 0.461013 -0.626638 -3.191429
v 0.510790 -0.601332 -3.185729
v 0.559153 -0.577174 -3.180422
v 0.606218 -0.554079 -3.175649
v 0.652116 -0.531916 -3.171560
v 0.696989 -0.510508 -3.168321
v 0.740989 -0.489624 -3.166113
v 0.784275 -0.468977 -3.165135
v -0.787714 -0.458143 -3.102715
v -0.742828 -0.475958 -3.103270
v -0.702085 -0.502349 -3.106656
v -0.660054 -0.530069 -3.110806
v -0.616560 -0.559320 -3.115573
v -0.571443 -0.590256 -3.120831
v -0.523800 -0.620744 -3.126110
v -0.473942 -0.651379 -3.131444
v -0.422417 -0.684160 -3.137054
v -0.368118 -0.714678 -3.142240
v -0.309524 -0.732269 -3.145576
v -0.248853 -0.742642 -3.147906
v -0.186720 -0.744488 -3.149059
v -0.125544 -0.760963 -3.151869
v -0.063521 -0.783640 -3.155149
v -0.000000 -0.812781 -3.158876
v 0.063933 -0.795840 -3.156641
v 0.125919 -0.766510 -3.152554
v 0.186427 -0.741609 -3.148696
v 0.244559 -0.711268 -3.143862
v 0.300746 -0.681466 -3.138824
v 0.356803 -0.660805 -3.134814
v 0.412183 -0.643064 -3.131143
v 0.461530 -0.608608 -3.124987
v 0.508738 -0.575654 -3.118922
v 0.556852 -0.551985 -3.114349
v 0.603800 -0.529813 -3.110229
v 0.649589 -0.508652 -3.106629
v 0.694357 -0.488317 -3.103689
v 0.738248 -0.468575 -3.101565
v 0.781417 -0.449135 -3.100427
v -0.797822 -0.457127 -3.043108
v -0.757075 -0.482614 -3.045224
v -0.715240 -0.509193 -3.048053
v -0.672128 -0.537123 -3.051453
v -0.627566 -0.566606 -3.055300
v -0.581393 -0.597800 -3.059489
v -0.533457 -0.630820 -3.063927
v -0.482900 -0.663223 -3.068241
v -0.430221 -0.696387 -3.072560
v -0.372487 -0.716160 -3.075352
v -0.311879 -0.726303 -3.077150
v -0.250993 -0.738522 -3.079135
v -0.189595 -0.752918 -3.081224
v -0.127454 -0.769539 -3.083346
v -0.064335 -0.788384 -3.085447
v -0.000000 -0.807705 -3.087333
v 0.064266 -0.786297 -3.085257
v 0.126440 -0.754246 -3.081937
v 0.186469 -0.721637 -3.078278
v 0.244486 -0.690075 -3.074438
v 0.300568 -0.659653 -3.070447
v 0.357439 -0.643275 -3.067693
v 0.413437 -0.627867 -3.064984
v 0.463014 -0.593600 -3.060087
v 0.510458 -0.560907 -3.055195
v 0.555844 -0.529781 -3.050369
v 0.601794 -0.506144 -3.046540
v 0.647458 -0.485916 -3.043380
v 0.692092 -0.466586 -3.040696
v 0.735838 -0.447919 -3.038618
v 0.778844 -0.429626 -3.037293
v -0.813812 -0.465398 -2.985128
v -0.771894 -0.491108 -2.986881
v -0.728907 -0.517920 -2.989135
v -0.684661 -0.546093 -2.991770
v -0.638982 -0.575834 -2.994684
v -0.591707 -0.607302 -2.997791
v -0.542685 -0.640617 -3.001019
v -0.491775 -0.675861 -3.004312
v -0.438335 -0.710977 -3.007457
v -0.378435 -0.726138 -3.009007
v -0.314656 -0.723340 -3.009333
v -0.253248 -0.735809 -3.010734
v -0.191934 -0.756863 -3.012593
v -0.129418 -0.779891 -3.014418
v -0.065084 -0.791858 -3.015400
v -0.000000 -0.789889 -3.015375
v 0.064600 -0.776970 -3.014501
v 0.127171 -0.745424 -3.012301
v 0.187583 -0.712609 -3.009798
v 0.245995 -0.680943 -3.007135
v 0.302484 -0.650508 -3.004323
v 0.358343 -0.627353 -3.001817
v 0.414898 -0.613894 -2.999917
v 0.464726 -0.579801 -2.996287
v 0.512425 -0.547346 -2.992576
v 0.558399 -0.517406 -2.988910
v 0.604698 -0.494311 -2.985837
v 0.649513 -0.472161 -2.982898
v 0.692918 -0.450798 -2.980175
v 0.734989 -0.430031 -2.977756
v 0.776517 -0.410664 -2.975922
v -0.824093 -0.466322 -2.925631
v -0.786842 -0.501046 -2.928086
v -0.742902 -0.528575 -2.929788
v -0.697470 -0.557033 -2.931634
v -0.650630 -0.587063 -2.933590
v -0.602216 -0.618829 -2.935591
v -0.552077 -0.652453 -2.937587
v -0.500069 -0.688020 -2.939540
v -0.444831 -0.720447 -2.941195
v -0.380904 -0.720368 -2.941404
v -0.316687 -0.717147 -2.941599
v -0.255090 -0.731236 -2.942448
v -0.193303 -0.752300 -2.943451
v -0.130109 -0.772091 -2.944304
v -0.065253 -0.778640 -2.944649
v -0.000000 -0.777162 -2.944657
v 0.064789 -0.764145 -2.944211
v 0.127911 -0.737905 -2.943241
v 0.188705 -0.704921 -2.941910
v 0.247510 -0.673169 -2.940441
v 0.304406 -0.642724 -2.938825
v 0.359462 -0.613625 -2.937062
v 0.416433 -0.601354 -2.935851
v 0.466523 -0.567421 -2.933519
v 0.514492 -0.535177 -2.931022
v 0.562549 -0.510451 -2.928745
v 0.609331 -0.487650 -2.926466
v 0.654640 -0.465825 -2.924184
v 0.698542 -0.444815 -2.921958
v 0.741114 -0.424427 -2.919858
v 0.782439 -0.404431 -2.917967
v -0.830983 -0.463353 -2.865948
v -0.793245 -0.498051 -2.867783
v -0.753855 -0.535110 -2.869508
v -0.710355 -0.569937 -2.870857
v -0.662320 -0.600294 -2.871829
v -0.612743 -0.632386 -2.872697
v -0.561470 -0.666339 -2.873435
v -0.507532 -0.699249 -2.873978
v -0.448644 -0.720607 -2.874232
v -0.383479 -0.716941 -2.874218
v -0.318810 -0.713418 -2.874286
v -0.256981 -0.729028 -2.874464
v -0.194712 -0.750116 -2.874599
v -0.130501 -0.761438 -2.874663
v -0.065549 -0.771150 -2.874696
v 0.000000 -0.766238 -2.874704
v 0.064978 -0.753147 -2.874691
v 0.128612 -0.731802 -2.874635
v 0.189768 -0.698688 -2.874493
v 0.248945 -0.666871 -2.874235
v 0.306224 -0.636421 -2.873837
v 0.361680 -0.607372 -2.873279
v 0.416787 -0.585690 -2.872617
v 0.468252 -0.556619 -2.871679
v 0.517749 -0.528517 -2.870525
v 0.566538 -0.504817 -2.869241
v 0.613413 -0.481294 -2.867759
v 0.658555 -0.458405 -2.866105
v 0.702240 -0.436539 -2.864326
v 0.744556 -0.415515 -2.862473
v 0.785601 -0.395114 -2.860606
v -0.838344 -0.462435 -2.806692
v -0.800016 -0.497184 -2.807858
v -0.760045 -0.534302 -2.808671
v -0.718176 -0.573931 -2.809095
v -0.673896 -0.615459 -2.809117
v -0.623149 -0.647911 -2.808848
v -0.570653 -0.681932 -2.808325
v -0.511904 -0.701548 -2.807840
v -0.452060 -0.721320 -2.807267
v -0.386066 -0.715887 -2.807209
v -0.320945 -0.712188 -2.807151
v -0.258862 -0.729223 -2.806555
v -0.195995 -0.749104 -2.805849
v -0.130904 -0.753356 -2.805591
v -0.066027 -0.771837 -2.804949
v 0.000000 -0.757194 -2.805348
v 0.065150 -0.744056 -2.805773
v 0.129245 -0.727172 -2.806356
v 0.190616 -0.692839 -2.807446
v 0.249804 -0.658746 -2.808471
v 0.306976 -0.626185 -2.809350
v 0.362215 -0.595194 -2.810040
v 0.417775 -0.575082 -2.810312
v 0.469801 -0.547503 -2.810547
v 0.518312 -0.515602 -2.810587
v 0.565256 -0.486698 -2.810267
v 0.611861 -0.463138 -2.809584
v 0.656934 -0.440792 -2.808592
v 0.700548 -0.419510 -2.807303
v 0.742784 -0.399110 -2.805741
v 0.783736 -0.379379 -2.803945
v -0.848735 -0.467637 -2.747427
v -0.807115 -0.498466 -2.747944
v -0.766495 -0.535684 -2.747832
v -0.724003 -0.575407 -2.747120
v -0.679417 -0.617731 -2.745817
v -0.632540 -0.662715 -2.743948
v -0.575632 -0.686220 -2.742702
v -0.516285 -0.705865 -2.741460
v -0.455171 -0.722721 -2.740227
v -0.388713 -0.717208 -2.740136
v -0.323136 -0.713453 -2.739952
v -0.260767 -0.731792 -2.738498
v -0.196650 -0.743662 -2.737424
v -0.131707 -0.753713 -2.736508
v -0.066192 -0.764760 -2.735626
v 0.000000 -0.750058 -2.736424
v 0.065313 -0.736897 -2.737293
v 0.128893 -0.709239 -2.739155
v 0.189981 -0.673753 -2.741544
v 0.248976 -0.639788 -2.743843
v 0.305970 -0.607412 -2.745986
v 0.362274 -0.582884 -2.747569
v 0.419987 -0.571950 -2.748267
v 0.471219 -0.540095 -2.749881
v 0.519993 -0.508333 -2.751184
v 0.566771 -0.478322 -2.752040
v 0.611622 -0.450005 -2.752410
v 0.655207 -0.424592 -2.752221
v 0.698769 -0.403814 -2.751431
v 0.740955 -0.383950 -2.750183
v 0.781849 -0.364789 -2.748491
v -0.860295 -0.476265 -2.687613
v -0.814508 -0.501848 -2.687870
v -0.773197 -0.539187 -2.686818
v -0.730052 -0.579015 -2.684958
v -0.684850 -0.621430 -2.682321
v -0.636304 -0.663425 -2.679192
v -0.580688 -0.692369 -2.676687
v -0.520756 -0.712110 -2.674663
v -0.458432 -0.726319 -2.672924
v -0.391508 -0.720859 -2.672783
v -0.325523 -0.717548 -2.672429
v -0.262762 -0.736646 -2.670083
v -0.197395 -0.740738 -2.669110
v -0.132991 -0.763235 -2.666579
v -0.066367 -0.759521 -2.666568
v 0.000000 -0.744810 -2.667771
v 0.065388 -0.728564 -2.669367
v 0.128459 -0.691724 -2.673030
v 0.189338 -0.656345 -2.676693
v 0.248134 -0.622531 -2.680269
v 0.304947 -0.590352 -2.683676
v 0.363219 -0.576904 -2.685345
v 0.421248 -0.566575 -2.686620
v 0.472601 -0.534359 -2.689553
v 0.521631 -0.502725 -2.692110
v 0.568692 -0.472851 -2.694119
v 0.613853 -0.444678 -2.695525
v 0.657188 -0.418124 -2.696282
v 0.698778 -0.393083 -2.696353
v 0.739127 -0.370150 -2.695670
v 0.779983 -0.351473 -2.694118
v -0.871966 -0.486755 -2.627148
v -0.822136 -0.507225 -2.627549
v -0.780124 -0.544689 -2.625533
v -0.736321 -0.584616 -2.622499
v -0.690505 -0.627109 -2.618497
v -0.637555 -0.658322 -2.615160
v -0.582879 -0.690544 -2.611256
v -0.525396 -0.720138 -2.607293
v -0.461933 -0.732022 -2.605162
v -0.394536 -0.726739 -2.604942
v -0.328198 -0.724439 -2.604319
v -0.264208 -0.738177 -2.601763
v -0.199176 -0.749563 -2.599555
v -0.134188 -0.772173 -2.596121
v -0.066569 -0.756057 -2.597614
v 0.000000 -0.741382 -2.599227
v 0.065185 -0.712549 -2.602907
v 0.128051 -0.675825 -2.607833
v 0.188731 -0.640593 -2.612778
v 0.247341 -0.606957 -2.617637
v 0.305607 -0.585006 -2.621103
v 0.364297 -0.572933 -2.623325
v 0.422532 -0.562633 -2.625209
v 0.474037 -0.530213 -2.629479
v 0.523314 -0.498701 -2.633294
v 0.570645 -0.468956 -2.636464
v 0.616101 -0.440911 -2.638917
v 0.659757 -0.414482 -2.640588
v 0.701697 -0.389561 -2.641424
v 0.742013 -0.366019 -2.641380
v 0.780817 -0.343699 -2.640423
v -0.880947 -0.494701 -2.566573
v -0.831250 -0.516802 -2.566605
v -0.787229 -0.552014 -2.563913
v -0.742795 -0.592019 -2.559662
v -0.692814 -0.625580 -2.555546
v -0.639218 -0.655358 -2.551332
v -0.584415 -0.687452 -2.546247
v -0.528176 -0.722003 -2.540374
v -0.465758 -0.739686 -2.536748
v -0.397880 -0.734693 -2.536406
v -0.331124 -0.733251 -2.535465
v -0.265741 -0.740695 -2.533178
v -0.201485 -0.764010 -2.528546
v -0.134686 -0.770255 -2.526723
v -0.066817 -0.754250 -2.528601
v 0.000000 -0.735939 -2.531203
v 0.065012 -0.698034 -2.537250
v 0.127703 -0.661482 -2.543455
v 0.188211 -0.626434 -2.549695
v 0.247167 -0.596934 -2.555244
v 0.306684 -0.582966 -2.558469
v 0.365596 -0.570867 -2.561375
v 0.424047 -0.560533 -2.563886
v 0.475610 -0.527532 -2.569591
v 0.525120 -0.496147 -2.574689
v 0.572695 -0.466528 -2.579049
v 0.618414 -0.438606 -2.582579
v 0.662355 -0.412293 -2.585197
v 0.704605 -0.387478 -2.586831
v 0.745261 -0.364026 -2.587414
v 0.784436 -0.341780 -2.586893
v -0.884599 -0.495784 -2.507107
v -0.838499 -0.524600 -2.505752
v -0.794450 -0.560934 -2.501925
v -0.747724 -0.597130 -2.497081
v -0.695016 -0.624681 -2.492886
v -0.641326 -0.654352 -2.487567
v -0.586413 -0.686328 -2.481221
v -0.530044 -0.720752 -2.473958
v -0.468810 -0.744070 -2.468426
v -0.401619 -0.744513 -2.466966
v -0.334295 -0.743272 -2.465762
v -0.269128 -0.757096 -2.461776
v -0.204066 -0.780563 -2.456112
v -0.135312 -0.769770 -2.457098
v -0.067096 -0.752852 -2.459569
v 0.000000 -0.722597 -2.464979
v 0.064888 -0.684920 -2.472291
v 0.127448 -0.648588 -2.479795
v 0.187826 -0.613761 -2.487349
v 0.248256 -0.596736 -2.491783
v 0.308035 -0.582722 -2.495752
v 0.367198 -0.570552 -2.499365
v 0.425662 -0.559210 -2.502709
v 0.477391 -0.526151 -2.509840
v 0.527108 -0.494904 -2.516267
v 0.574891 -0.465421 -2.521868
v 0.620823 -0.437629 -2.526531
v 0.664991 -0.411434 -2.530151
v 0.707487 -0.386722 -2.532634
v 0.748415 -0.363357 -2.533892
v 0.787898 -0.341175 -2.533842
v -0.886540 -0.495633 -2.448532
v -0.841373 -0.525970 -2.446320
v -0.795907 -0.559493 -2.442050
v -0.748412 -0.593637 -2.436437
v -0.697639 -0.625497 -2.430275
v -0.643905 -0.655067 -2.423746
v -0.588914 -0.686925 -2.416034
v -0.532429 -0.721215 -2.407283
v -0.470712 -0.743064 -2.400943
v -0.404591 -0.749718 -2.397786
v -0.337751 -0.754051 -2.395096
v -0.272915 -0.775243 -2.388723
v -0.204928 -0.778112 -2.386592
v -0.135591 -0.762753 -2.388800
v -0.067290 -0.747607 -2.391359
v 0.000000 -0.710450 -2.399323
v 0.064830 -0.673063 -2.407929
v 0.127319 -0.636997 -2.416760
v 0.188774 -0.614102 -2.423056
v 0.249643 -0.598155 -2.428072
v 0.309733 -0.584068 -2.432814
v 0.369177 -0.571791 -2.437174
v 0.427515 -0.558759 -2.441604
v 0.479440 -0.525862 -2.450192
v 0.529329 -0.494775 -2.458017
v 0.577265 -0.465449 -2.464938
v 0.623342 -0.437804 -2.470814
v 0.667655 -0.411743 -2.475516
v 0.710307 -0.387148 -2.478922
v 0.751414 -0.363878 -2.480916
v 0.791110 -0.341765 -2.481382
v -0.880747 -0.484401 -2.393648
v -0.837318 -0.516073 -2.390405
v -0.795565 -0.555412 -2.383614
v -0.746412 -0.584772 -2.377944
v -0.695236 -0.614000 -2.371118
v -0.642880 -0.645585 -2.362719
v -0.589032 -0.679545 -2.352955
v -0.533027 -0.714449 -2.342409
v -0.473285 -0.743924 -2.332932
v -0.407908 -0.755319 -2.327952
v -0.342090 -0.768459 -2.322500
v -0.273180 -0.764795 -2.321502
v -0.202998 -0.745869 -2.324689
v -0.134142 -0.728084 -2.327923
v -0.066514 -0.711659 -2.331264
v 0.000000 -0.682348 -2.338529
v 0.064407 -0.648954 -2.347521
v 0.127251 -0.624997 -2.354654
v 0.189497 -0.610699 -2.359735
v 0.251006 -0.598053 -2.364707
v 0.311844 -0.586749 -2.369519
v 0.371602 -0.574337 -2.374679
v 0.429711 -0.559120 -2.380500
v 0.481806 -0.526418 -2.390625
v 0.531817 -0.495526 -2.399944
v 0.579836 -0.466388 -2.408286
v 0.625969 -0.438919 -2.415479
v 0.670324 -0.413019 -2.421362
v 0.713018 -0.388565 -2.425778
v 0.754181 -0.365413 -2.428579
v 0.793965 -0.343388 -2.429611
v -0.874683 -0.473978 -2.340445
v -0.833188 -0.507042 -2.335909
v -0.794931 -0.551465 -2.326191
v -0.748648 -0.585829 -2.317813
v -0.697674 -0.614721 -2.309675
v -0.644878 -0.644286 -2.300248
v -0.590176 -0.674658 -2.289760
v -0.533476 -0.705956 -2.278449
v -0.475279 -0.740707 -2.265821
v -0.410935 -0.757456 -2.258399
v -0.342593 -0.757570 -2.255955
v -0.270293 -0.728827 -2.262286
v -0.200857 -0.709968 -2.265966
v -0.132714 -0.692284 -2.269701
v -0.065794 -0.675988 -2.273545
v 0.000000 -0.651312 -2.280543
v 0.064010 -0.623999 -2.289070
v 0.126987 -0.608209 -2.294809
v 0.189085 -0.594056 -2.300574
v 0.250423 -0.581547 -2.306222
v 0.311095 -0.570642 -2.311633
v 0.371174 -0.561256 -2.316703
v 0.429057 -0.546290 -2.323419
v 0.481523 -0.516477 -2.334384
v 0.531901 -0.488132 -2.344616
v 0.580241 -0.461117 -2.353931
v 0.626592 -0.435264 -2.362134
v 0.670989 -0.410401 -2.369044
v 0.713460 -0.386346 -2.374485
v 0.754032 -0.362909 -2.378287
v 0.792743 -0.339888 -2.380273
v -0.868452 -0.464271 -2.289093
v -0.832098 -0.504112 -2.281144
v -0.794164 -0.547307 -2.269959
v -0.750906 -0.586477 -2.258289
v -0.700292 -0.614943 -2.248664
v -0.647767 -0.644110 -2.237612
v -0.593236 -0.674112 -2.225410
v -0.532354 -0.689734 -2.217501
v -0.470458 -0.706665 -2.208941
v -0.406941 -0.722516 -2.200697
v -0.341364 -0.733813 -2.194083
v -0.269628 -0.707030 -2.200646
v -0.200051 -0.685002 -2.205964
v -0.131936 -0.663944 -2.211428
v -0.065267 -0.644047 -2.217089
v -0.000000 -0.625462 -2.223023
v 0.064010 -0.608304 -2.229276
v 0.126974 -0.592688 -2.235720
v 0.189040 -0.578683 -2.242190
v 0.250310 -0.566305 -2.248542
v 0.310863 -0.555523 -2.254652
v 0.370751 -0.546259 -2.260420
v 0.427607 -0.528427 -2.269139
v 0.479647 -0.499303 -2.281580
v 0.529518 -0.471698 -2.293261
v 0.577283 -0.445462 -2.303965
v 0.622995 -0.420416 -2.313458
v 0.666686 -0.396380 -2.321526
v 0.708377 -0.373167 -2.327969
v 0.748107 -0.350574 -2.332584
v 0.785940 -0.328380 -2.335159
v -0.865220 -0.460209 -2.237950
v -0.830836 -0.500888 -2.227973
v -0.793460 -0.542549 -2.215166
v -0.752986 -0.585288 -2.199893
v -0.703350 -0.614231 -2.188162
v -0.649734 -0.638824 -2.176827
v -0.589578 -0.649523 -2.169899
v -0.528713 -0.661665 -2.161975
v -0.467248 -0.676628 -2.152851
v -0.404775 -0.693669 -2.142964
v -0.340803 -0.710789 -2.133200
v -0.270154 -0.690618 -2.138107
v -0.200508 -0.669017 -2.144022
v -0.132261 -0.648353 -2.150132
v -0.065314 -0.625603 -2.157715
v -0.000000 -0.595751 -2.168831
v 0.063777 -0.583070 -2.174169
v 0.126818 -0.572133 -2.179607
v 0.189267 -0.562958 -2.185003
v 0.250736 -0.552076 -2.191560
v 0.311280 -0.541407 -2.198406
v 0.371075 -0.532249 -2.204919
v 0.426835 -0.511001 -2.216192
v 0.478498 -0.482594 -2.230180
v 0.527903 -0.455756 -2.243387
v 0.575121 -0.430331 -2.255565
v 0.620193 -0.406141 -2.266446
v 0.663126 -0.383011 -2.275792
v 0.703917 -0.360761 -2.283383
v 0.742615 -0.339161 -2.288961
v 0.779321 -0.317952 -2.292245
v -0.863042 -0.458279 -2.188087
v -0.829538 -0.497025 -2.176764
v -0.793010 -0.536775 -2.162111
v -0.752271 -0.575394 -2.145632
v -0.701893 -0.599151 -2.133747
v -0.644170 -0.609153 -2.126515
v -0.585662 -0.620745 -2.117870
v -0.525706 -0.632424 -2.108834
v -0.465822 -0.650349 -2.097091
v -0.403801 -0.666880 -2.086071
v -0.339151 -0.677813 -2.077728
v -0.270629 -0.669815 -2.078011
v -0.201455 -0.653560 -2.082426
v -0.132696 -0.630338 -2.090526
v -0.065117 -0.596935 -2.103821
v -0.000000 -0.565499 -2.117106
v 0.063481 -0.553039 -2.123010
v 0.126224 -0.542313 -2.128982
v 0.188367 -0.533351 -2.134879
v 0.249982 -0.526130 -2.140587
v 0.311110 -0.520574 -2.146022
v 0.371754 -0.516563 -2.151131
v 0.426864 -0.493728 -2.164598
v 0.478228 -0.466062 -2.180209
v 0.527242 -0.440009 -2.195025
v 0.573971 -0.415426 -2.208779
v 0.618419 -0.392156 -2.221184
v 0.660545 -0.370040 -2.231984
v 0.700304 -0.348900 -2.240926
v 0.737738 -0.328470 -2.247641
v 0.773006 -0.308430 -2.251738
v -0.862417 -0.458579 -2.139094
v -0.828595 -0.491934 -2.127573
v -0.791783 -0.526495 -2.112389
v -0.745941 -0.549518 -2.099973
v -0.691875 -0.559053 -2.092290
v -0.637351 -0.572089 -2.082005
v -0.581230 -0.586283 -2.070579
v -0.521254 -0.594115 -2.061992
v -0.461762 -0.609447 -2.049905
v -0.400932 -0.627122 -2.036919
v -0.338514 -0.646373 -2.023500
v -0.271271 -0.645621 -2.020336
v -0.201789 -0.627945 -2.026103
v -0.132651 -0.601588 -2.036880
v -0.065079 -0.568827 -2.051639
v -0.000000 -0.536893 -2.066900
v 0.063367 -0.524451 -2.073508
v 0.125989 -0.513948 -2.080031
v 0.187998 -0.505199 -2.086440
v 0.249450 -0.498193 -2.092628
v 0.310366 -0.492867 -2.098526
v 0.370729 -0.489109 -2.104095
v 0.427820 -0.476302 -2.114399
v 0.478995 -0.449399 -2.131711
v 0.527723 -0.424148 -2.148224
v 0.574046 -0.400442 -2.163674
v 0.617903 -0.378163 -2.177770
v 0.659199 -0.357177 -2.190257
v 0.697955 -0.337216 -2.200724
v 0.733907 -0.318101 -2.208556
v 0.767246 -0.299581 -2.213642
v -0.861333 -0.456363 -2.095170
v -0.828666 -0.484860 -2.081811
v -0.791235 -0.512541 -2.066221
v -0.741865 -0.523724 -2.056756
v -0.690853 -0.536018 -2.045436
v -0.635797 -0.544389 -2.035544
v -0.579117 -0.554029 -2.024668
v -0.518293 -0.556429 -2.017701
v -0.458018 -0.565602 -2.007381
v -0.398317 -0.584317 -1.992246
v -0.337554 -0.608579 -1.974497
v -0.271104 -0.611168 -1.969216
v -0.201254 -0.590171 -1.977683
v -0.132880 -0.572055 -1.985393
v -0.065218 -0.541052 -2.001151
v -0.000000 -0.509827 -2.017994
v 0.063453 -0.497084 -2.025559
v 0.126149 -0.486818 -2.032652
v 0.188214 -0.478287 -2.039583
v 0.249693 -0.471491 -2.046257
v 0.310589 -0.466378 -2.052619
v 0.370868 -0.462849 -2.058651
v 0.429837 -0.458400 -2.065653
v 0.480963 -0.432284 -2.084747
v 0.529543 -0.407849 -2.103050
v 0.575584 -0.385042 -2.120317
v 0.618948 -0.363801 -2.136285
v 0.659500 -0.344017 -2.150723
v 0.697467 -0.325340 -2.163252
v 0.731792 -0.307951 -2.173014
v 0.762689 -0.291647 -2.180256
v -0.857347 -0.447063 -2.058578
v -0.829900 -0.475438 -2.039642
v -0.791436 -0.493744 -2.024513
v -0.743246 -0.503097 -2.012808
v -0.690480 -0.508152 -2.002997
v -0.635831 -0.514874 -1.992027
v -0.579567 -0.523641 -1.979874
v -0.518817 -0.525037 -1.972437
v -0.458431 -0.532642 -1.961744
v -0.399565 -0.553595 -1.943415
v -0.338754 -0.577027 -1.924082
v -0.273706 -0.589243 -1.912315
v -0.201894 -0.557805 -1.928506
v -0.132898 -0.535304 -1.940106
v -0.065549 -0.513350 -1.952341
v -0.000000 -0.482929 -1.970878
v 0.063757 -0.470671 -1.979048
v 0.126742 -0.460665 -1.986736
v 0.189072 -0.452362 -1.994201
v 0.250786 -0.445773 -2.001364
v 0.311877 -0.440862 -2.008189
v 0.371336 -0.433449 -2.017194
v 0.429173 -0.425467 -2.027108
v 0.484307 -0.414382 -2.039398
v 0.532916 -0.390777 -2.059576
v 0.578850 -0.368874 -2.078774
v 0.621903 -0.348673 -2.096780
v 0.661930 -0.330088 -2.113414
v 0.699054 -0.312913 -2.128458
v 0.731263 -0.297780 -2.140861
v 0.759208 -0.284222 -2.150970
v -0.631984 -0.313673 -3.610837
v -0.652028 -0.320722 -3.580874
v -0.678458 -0.334412 -3.550700
v -0.703757 -0.346898 -3.513298
v -0.730347 -0.361005 -3.473387
v -0.758403 -0.376744 -3.430954
v -0.792556 -0.399127 -3.389003
v -0.816057 -0.410377 -3.338011
v -0.831862 -0.413449 -3.281308
v -0.843463 -0.412031 -3.221777
v -0.854756 -0.410422 -3.161797
v -0.867293 -0.410489 -3.102164
v -0.881050 -0.412397 -3.042861
v -0.895500 -0.415747 -2.983698
v -0.911901 -0.422205 -2.924879
v -0.924264 -0.424975 -2.865215
v -0.937112 -0.429472 -2.805511
v -0.950357 -0.435772 -2.745423
v -0.956686 -0.435083 -2.685100
v -0.962495 -0.435167 -2.625051
v -0.967684 -0.436010 -2.565325
v -0.972128 -0.437558 -2.505996
v -0.968235 -0.430119 -2.449231
v -0.961469 -0.420554 -2.394635
v -0.954140 -0.411905 -2.341731
v -0.946180 -0.404204 -2.290671
v -0.937527 -0.397474 -2.241726
v -0.931986 -0.397016 -2.192789
v -0.928875 -0.402392 -2.143319
v -0.919810 -0.402336 -2.101067
v -0.905099 -0.397247 -2.066252
v -0.641637 -0.292811 -3.618196
v -0.665763 -0.297886 -3.585330
v -0.691146 -0.305155 -3.549541
v -0.720379 -0.317178 -3.512439
v -0.749082 -0.329638 -3.471976
v -0.779281 -0.343999 -3.429327
v -0.820432 -0.369251 -3.390155
v -0.854881 -0.388635 -3.343872
v -0.866606 -0.386485 -3.283834
v -0.877333 -0.383509 -3.222973
v -0.889313 -0.381980 -3.162510
v -0.902587 -0.382072 -3.102471
v -0.916386 -0.383157 -3.042599
v -0.932958 -0.387663 -2.983502
v -0.949907 -0.393349 -2.924337
v -0.967144 -0.400281 -2.864978
v -0.979953 -0.403642 -2.804725
v -0.989719 -0.404917 -2.744123
v -0.996728 -0.404468 -2.683573
v -1.003178 -0.404780 -2.623283
v -1.008937 -0.405855 -2.563289
v -1.012833 -0.406499 -2.503846
v -1.006186 -0.396791 -2.447357
v -0.998980 -0.388055 -2.392488
v -0.991061 -0.380274 -2.339272
v -0.982270 -0.373524 -2.287817
v -0.972443 -0.367876 -2.238323
v -0.964783 -0.367544 -2.189050
v -0.960131 -0.374506 -2.138255
v -0.944788 -0.372477 -2.095783
v -0.925691 -0.370133 -2.057780
v -0.648322 -0.266785 -3.624861
v -0.676075 -0.270773 -3.589890
v -0.704686 -0.277248 -3.552821
v -0.734346 -0.286184 -3.513514
v -0.765845 -0.297801 -3.472708
v -0.801850 -0.314017 -3.431865
v -0.845746 -0.337658 -3.392585
v -0.887202 -0.359883 -3.348608
v -0.900087 -0.358055 -3.287846
v -0.911525 -0.355241 -3.226153
v -0.924236 -0.353841 -3.164956
v -0.937481 -0.353291 -3.103987
v -0.950286 -0.352805 -3.043020
v -0.963545 -0.353261 -2.982453
v -0.977142 -0.354654 -2.922262
v -0.990917 -0.356948 -2.862347
v -1.004696 -0.360123 -2.802433
v -1.018363 -0.364264 -2.742261
v -1.031771 -0.369446 -2.681746
v -1.042610 -0.373595 -2.620992
v -1.041117 -0.367056 -2.561454
v -1.037712 -0.360038 -2.503246
v -1.033950 -0.354244 -2.446234
v -1.029658 -0.349669 -2.390407
v -1.024626 -0.346308 -2.335740
v -1.016743 -0.342258 -2.283016
v -1.005812 -0.337595 -2.232658
v -0.996526 -0.337836 -2.182390
v -0.988342 -0.343276 -2.131551
v -0.968630 -0.340541 -2.088403
v -0.946216 -0.340167 -2.047688
v -0.654118 -0.237234 -3.632565
v -0.684006 -0.240533 -3.595356
v -0.714586 -0.246208 -3.556536
v -0.746118 -0.254010 -3.516009
v -0.780163 -0.264791 -3.474660
v -0.820337 -0.281141 -3.434513
v -0.862386 -0.299729 -3.392519
v -0.906286 -0.320423 -3.348582
v -0.919968 -0.318528 -3.287262
v -0.931488 -0.315318 -3.224828
v -0.943606 -0.312924 -3.162785
v -0.956347 -0.311408 -3.101204
v -0.969690 -0.310808 -3.040123
v -0.983574 -0.311138 -2.979542
v -0.997894 -0.312381 -2.919419
v -1.012504 -0.314499 -2.859636
v -1.027235 -0.317476 -2.799895
v -1.041957 -0.321413 -2.739914
v -1.056497 -0.326402 -2.679575
v -1.065800 -0.328248 -2.619052
v -1.062856 -0.320726 -2.559748
v -1.059710 -0.314416 -2.501630
v -1.056198 -0.309368 -2.444644
v -1.052127 -0.305597 -2.388755
v -1.047256 -0.303120 -2.333904
v -1.041283 -0.302069 -2.280018
v -1.033883 -0.302585 -2.227056
v -1.024720 -0.304783 -2.174991
v -1.012882 -0.308274 -2.124115
v -0.991409 -0.306524 -2.079088
v -0.966867 -0.307072 -2.036007
v -0.659141 -0.206359 -3.640635
v -0.690630 -0.209123 -3.601622
v -0.722877 -0.213994 -3.561253
v -0.756090 -0.220810 -3.519468
v -0.793112 -0.231285 -3.477998
v -0.836310 -0.246871 -3.437854
v -0.874601 -0.259936 -3.392112
v -0.920521 -0.278861 -3.348031
v -0.935953 -0.277598 -3.286611
v -0.947790 -0.274294 -3.223508
v -0.960275 -0.271830 -3.160955
v -0.974653 -0.271091 -3.099426
v -0.987291 -0.269570 -3.037671
v -1.001766 -0.269796 -2.976934
v -1.016778 -0.270902 -2.916731
v -1.032192 -0.272847 -2.856927
v -1.047849 -0.275617 -2.797212
v -1.063603 -0.279327 -2.737280
v -1.079262 -0.284087 -2.676986
v -1.084797 -0.282356 -2.616578
v -1.082123 -0.275491 -2.557294
v -1.079267 -0.269839 -2.499161
v -1.076049 -0.265468 -2.442098
v -1.072256 -0.262410 -2.386036
v -1.067626 -0.260695 -2.330891
v -1.061820 -0.260455 -2.276531
v -1.061243 -0.267848 -2.219752
v -1.053732 -0.272745 -2.165125
v -1.035783 -0.272101 -2.115566
v -1.015527 -0.273781 -2.067002
v -0.991335 -0.276954 -2.020178
v -0.663531 -0.174260 -3.648740
v -0.696295 -0.176572 -3.608226
v -0.729895 -0.180784 -3.566516
v -0.764507 -0.186774 -3.523588
v -0.807222 -0.198677 -3.483939
v -0.853707 -0.213672 -3.443900
v -0.892145 -0.224560 -3.396497
v -0.932420 -0.237214 -3.347989
v -0.949032 -0.236157 -3.286151
v -0.962658 -0.233755 -3.222989
v -0.975473 -0.231288 -3.159821
v -0.989710 -0.230106 -3.097626
v -1.003353 -0.228972 -3.035690
v -1.018386 -0.229120 -2.974676
v -1.034055 -0.230105 -2.914267
v -1.050239 -0.231881 -2.854309
v -1.066786 -0.234439 -2.794485
v -1.083541 -0.237903 -2.734478
v -1.100290 -0.242395 -2.674113
v -1.101571 -0.237563 -2.613611
v -1.099180 -0.231327 -2.554262
v -1.096638 -0.226286 -2.496036
v -1.093749 -0.222520 -2.438821
v -1.090280 -0.220077 -2.382513
v -1.088509 -0.220927 -2.326225
v -1.091105 -0.227662 -2.268157
v -1.090870 -0.235370 -2.209870
v -1.078193 -0.236678 -2.156103
v -1.057168 -0.234818 -2.106459
v -1.037492 -0.238289 -2.055332
v -1.016479 -0.245700 -2.003187
v -0.667389 -0.141196 -3.656686
v -0.701136 -0.143156 -3.614915
v -0.735810 -0.146824 -3.572051
v -0.771581 -0.152097 -3.528096
v -0.820013 -0.165053 -3.490450
v -0.865120 -0.176891 -3.447808
v -0.907817 -0.188112 -3.401292
v -0.951466 -0.200451 -3.353058
v -0.959712 -0.194555 -3.285914
v -0.976214 -0.193517 -3.223161
v -0.989425 -0.191167 -3.159350
v -1.003349 -0.189608 -3.096359
v -1.018102 -0.188886 -3.034202
v -1.033659 -0.188982 -2.972812
v -1.049952 -0.189860 -2.912089
v -1.066868 -0.191473 -2.851863
v -1.084263 -0.193816 -2.791815
v -1.101975 -0.197014 -2.731625
v -1.118545 -0.200474 -2.671042
v -1.116381 -0.193813 -2.610304
v -1.114279 -0.188183 -2.550822
v -1.112065 -0.183705 -2.492445
v -1.109528 -0.180473 -2.435028
v -1.111153 -0.181638 -2.377350
v -1.116592 -0.187420 -2.318396
v -1.119602 -0.194155 -2.259055
v -1.117617 -0.200440 -2.200124
v -1.098631 -0.197854 -2.147924
v -1.076987 -0.196580 -2.097157
v -1.055053 -0.198888 -2.045882
v -1.036508 -0.208589 -1.989875
v -0.670731 -0.107530 -3.664237
v -0.705248 -0.109182 -3.621417
v -0.740795 -0.112349 -3.577568
v -0.780379 -0.118308 -3.534691
v -0.831775 -0.130544 -3.497304
v -0.874594 -0.139303 -3.451656
v -0.918678 -0.149253 -3.404556
v -0.964498 -0.160562 -3.356197
v -0.976376 -0.156683 -3.289646
v -0.987104 -0.152753 -3.223283
v -1.002321 -0.151337 -3.159501
v -1.016575 -0.149865 -3.095899
v -1.031733 -0.149177 -3.033220
v -1.047780 -0.149245 -2.971379
v -1.064658 -0.150029 -2.910255
v -1.082266 -0.151485 -2.849666
v -1.100462 -0.153608 -2.789299
v -1.119078 -0.156523 -2.728831
v -1.131392 -0.157032 -2.667748
v -1.129461 -0.151028 -2.606806
v -1.127646 -0.145983 -2.547139
v -1.125766 -0.142025 -2.488571
v -1.125771 -0.140470 -2.430578
v -1.131157 -0.143622 -2.371782
v -1.136412 -0.148742 -2.312327
v -1.140989 -0.155886 -2.251771
v -1.133337 -0.158340 -2.194276
v -1.117238 -0.158346 -2.139801
v -1.095169 -0.157525 -2.088038
v -1.071473 -0.159008 -2.036571
v -1.052994 -0.168354 -1.979035
v -0.673638 -0.073381 -3.671227
v -0.708779 -0.074747 -3.627520
v -0.745049 -0.077437 -3.582830
v -0.789796 -0.084375 -3.542188
v -0.840142 -0.094133 -3.502597
v -0.883324 -0.101459 -3.455826
v -0.928632 -0.110169 -3.408182
v -0.975950 -0.120179 -3.359457
v -0.987960 -0.116579 -3.291938
v -1.000708 -0.113746 -3.225532
v -1.014319 -0.111668 -3.160228
v -1.028871 -0.110330 -3.095991
v -1.044403 -0.109707 -3.032750
v -1.060907 -0.109766 -2.970403
v -1.078332 -0.110468 -2.908814
v -1.096585 -0.111769 -2.847789
v -1.115528 -0.113667 -2.787025
v -1.134988 -0.116282 -2.726203
v -1.142726 -0.114450 -2.664459
v -1.141017 -0.109111 -2.603263
v -1.139481 -0.104640 -2.543372
v -1.138558 -0.101462 -2.484527
v -1.144102 -0.102640 -2.425495
v -1.150032 -0.105625 -2.366110
v -1.155891 -0.110468 -2.305926
v -1.158120 -0.115656 -2.245479
v -1.144273 -0.114724 -2.189834
v -1.129762 -0.115853 -2.134182
v -1.111641 -0.117756 -2.079443
v -1.086650 -0.118736 -2.027695
v -1.068324 -0.127509 -1.968813
v -0.676214 -0.038747 -3.677623
v -0.711855 -0.039865 -3.633165
v -0.748710 -0.042121 -3.587760
v -0.798815 -0.049686 -3.549696
v -0.847333 -0.057069 -3.507588
v -0.891477 -0.063360 -3.460246
v -0.937843 -0.070859 -3.412099
v -0.986481 -0.079556 -3.363028
v -0.998814 -0.076400 -3.294714
v -1.011717 -0.073878 -3.227506
v -1.025537 -0.072045 -3.161489
v -1.039481 -0.070575 -3.096300
v -1.056239 -0.070338 -3.032787
v -1.073165 -0.070402 -2.969900
v -1.091097 -0.071027 -2.907802
v -1.109943 -0.072174 -2.846290
v -1.129573 -0.073841 -2.785072
v -1.149806 -0.076138 -2.723837
v -1.152725 -0.072606 -2.661299
v -1.151221 -0.067949 -2.599812
v -1.151597 -0.064699 -2.539601
v -1.156691 -0.064234 -2.479923
v -1.162636 -0.065320 -2.420295
v -1.169043 -0.068047 -2.360242
v -1.175439 -0.072477 -2.299272
v -1.167951 -0.072730 -2.241297
v -1.154293 -0.072114 -2.185329
v -1.140034 -0.073345 -2.129251
v -1.124609 -0.076514 -2.072539
v -1.100540 -0.078126 -2.019368
v -1.082397 -0.086131 -1.959316
v -0.678502 -0.003763 -3.683376
v -0.714529 -0.004667 -3.638297
v -0.754521 -0.007343 -3.594296
v -0.807502 -0.014316 -3.557143
v -0.854209 -0.019735 -3.512706
v -0.899169 -0.025014 -3.464852
v -0.946438 -0.031317 -3.416246
v -0.996064 -0.038634 -3.366768
v -1.009017 -0.036058 -3.297892
v -1.022058 -0.033902 -3.229932
v -1.035074 -0.032072 -3.162842
v -1.047636 -0.030390 -3.096486
v -1.067339 -0.030936 -3.033316
v -1.084651 -0.031011 -2.969876
v -1.103043 -0.031559 -2.907244
v -1.122427 -0.032546 -2.845217
v -1.140441 -0.033314 -2.783174
v -1.153813 -0.032994 -2.720769
v -1.161535 -0.031364 -2.658391
v -1.163267 -0.028372 -2.596635
v -1.169855 -0.027544 -2.535812
v -1.175206 -0.027164 -2.475456
v -1.181479 -0.028126 -2.415132
v -1.188279 -0.030523 -2.354328
v -1.190431 -0.032737 -2.293725
v -1.177018 -0.030817 -2.237110
v -1.163543 -0.030415 -2.180845
v -1.149529 -0.031621 -2.124388
v -1.134392 -0.034512 -2.067184
v -1.113160 -0.037263 -2.011621
v -1.095115 -0.044279 -1.950625
v -0.680522 0.031404 -3.688418
v -0.716838 0.030691 -3.642844
v -0.762032 0.027357 -3.601982
v -0.815910 0.021667 -3.564440
v -0.860860 0.017854 -3.517875
v -0.906501 0.013581 -3.469569
v -0.954525 0.008477 -3.420548
v -1.004984 0.002553 -3.370691
v -1.018625 0.004536 -3.301374
v -1.031795 0.006287 -3.232728
v -1.041770 0.008466 -3.163738
v -1.054413 0.009830 -3.096853
v -1.077771 0.008635 -3.034307
v -1.095431 0.008551 -2.970321
v -1.114233 0.008084 -2.907156
v -1.129536 0.008310 -2.843713
v -1.142483 0.008982 -2.780485
v -1.156256 0.009274 -2.717984
v -1.169271 0.009423 -2.655850
v -1.182928 0.008949 -2.594026
v -1.188614 0.009883 -2.532408
v -1.194158 0.010174 -2.471277
v -1.200676 0.009359 -2.410161
v -1.207771 0.007347 -2.348521
v -1.198786 0.008725 -2.289897
v -1.185463 0.010250 -2.233029
v -1.172140 0.010513 -2.176476
v -1.158335 0.009433 -2.119668
v -1.143449 0.006945 -2.062019
v -1.124069 0.003965 -2.004797
v -1.106356 -0.001995 -1.942841
v -0.682289 0.066606 -3.692674
v -0.718811 0.066069 -3.646724
v -0.769472 0.062577 -3.609373
v -0.823520 0.058317 -3.571098
v -0.867359 0.055703 -3.523004
v -0.913555 0.052447 -3.474305
v -0.962197 0.048561 -3.424913
v -1.013337 0.044057 -3.374708
v -1.027670 0.045471 -3.305051
v -1.040967 0.046791 -3.235796
v -1.047693 0.048977 -3.164891
v -1.059880 0.050091 -3.097350
v -1.083668 0.049155 -3.034487
v -1.105544 0.048421 -2.971216
v -1.122295 0.048451 -2.906968
v -1.142590 0.047810 -2.844011
v -1.156939 0.048106 -2.780322
v -1.171665 0.048193 -2.717232
v -1.176015 0.049912 -2.653780
v -1.187761 0.049991 -2.591637
v -1.195431 0.050398 -2.529809
v -1.202911 0.050312 -2.468318
v -1.212061 0.049224 -2.406584
v -1.220372 0.047483 -2.344309
v -1.206666 0.049537 -2.286318
v -1.193393 0.050690 -2.229177
v -1.180173 0.050861 -2.172326
v -1.166516 0.049984 -2.115174
v -1.151812 0.048006 -2.057111
v -1.133517 0.045383 -1.998766
v -1.114614 0.041089 -1.937174
v -0.683813 0.101707 -3.696058
v -0.724406 0.100834 -3.653002
v -0.776858 0.098285 -3.616357
v -0.829529 0.095617 -3.576425
v -0.873764 0.093838 -3.527983
v -0.920399 0.091626 -3.478949
v -0.969528 0.088992 -3.429236
v -1.021202 0.085944 -3.378720
v -1.036164 0.086836 -3.308794
v -1.049591 0.087714 -3.239028
v -1.052879 0.089552 -3.166217
v -1.064094 0.090403 -3.097917
v -1.088120 0.089765 -3.034766
v -1.106861 0.089636 -2.970267
v -1.126074 0.089402 -2.906381
v -1.151967 0.088369 -2.844240
v -1.173062 0.087809 -2.781112
v -1.183276 0.088405 -2.716731
v -1.181817 0.090265 -2.652279
v -1.188793 0.090947 -2.589735
v -1.199189 0.090932 -2.527834
v -1.206884 0.090896 -2.466217
v -1.216325 0.090178 -2.404367
v -1.227116 0.088703 -2.341569
v -1.214151 0.089990 -2.283129
v -1.200877 0.090770 -2.225682
v -1.187691 0.090876 -2.168513
v -1.174100 0.090258 -2.111010
v -1.159481 0.088877 -2.052545
v -1.141238 0.087048 -1.993751
v -1.116697 0.085178 -1.936178
v -0.685095 0.136589 -3.698478
v -0.731337 0.135779 -3.659723
v -0.784194 0.134477 -3.622804
v -0.835572 0.133219 -3.581409
v -0.880112 0.132311 -3.532686
v -0.927081 0.131184 -3.483378
v -0.976571 0.129845 -3.433395
v -1.028635 0.128299 -3.382613
v -1.044094 0.128724 -3.312468
v -1.056412 0.129227 -3.241763
v -1.057340 0.130275 -3.167618
v -1.067095 0.130779 -3.098485
v -1.091276 0.130452 -3.035133
v -1.106023 0.130610 -2.969271
v -1.128871 0.130298 -2.906168
v -1.154979 0.129779 -2.843856
v -1.181993 0.129170 -2.781467
v -1.188110 0.129712 -2.716155
v -1.186697 0.130649 -2.651432
v -1.188699 0.131310 -2.588494
v -1.203627 0.131038 -2.526524
v -1.211431 0.131028 -2.464711
v -1.221021 0.130671 -2.402670
v -1.232006 0.129927 -2.339674
v -1.221272 0.130419 -2.280474
v -1.207936 0.130815 -2.222685
v -1.194700 0.130866 -2.165165
v -1.181069 0.130544 -2.107293
v -1.166414 0.129829 -2.048426
v -1.147070 0.128980 -1.989904
v -1.117550 0.128499 -1.935892
v -0.687883 0.171238 -3.701354
v -0.738315 0.171238 -3.665735
v -0.791464 0.171238 -3.628570
v -0.841654 0.171238 -3.585908
v -0.886419 0.171238 -3.536972
v -0.933622 0.171238 -3.487452
v -0.983353 0.171238 -3.437258
v -1.035665 0.171238 -3.386261
v -1.051424 0.171238 -3.315920
v -1.060099 0.171238 -3.243308
v -1.061067 0.171238 -3.168985
v -1.068911 0.171238 -3.098983
v -1.093159 0.171238 -3.035532
v -1.105615 0.171238 -2.968911
v -1.130711 0.171238 -2.906318
v -1.156900 0.171238 -2.843912
v -1.184004 0.171238 -2.781428
v -1.192043 0.171238 -2.716229
v -1.190646 0.171238 -2.651310
v -1.189765 0.171238 -2.588091
v -1.203793 0.171238 -2.526089
v -1.216572 0.171238 -2.463936
v -1.226164 0.171238 -2.401639
v -1.237152 0.171238 -2.338377
v -1.227995 0.171238 -2.278498
v -1.214526 0.171238 -2.220331
v -1.201143 0.171238 -2.162425
v -1.187348 0.171238 -2.104157
v -1.169663 0.171238 -2.046505
v -1.150825 0.171238 -1.987388
v -1.117144 0.171238 -1.936347
v -0.694643 0.206540 -3.706769
v -0.745275 0.207612 -3.670915
v -0.798609 0.208911 -3.633531
v -0.847735 0.210002 -3.589808
v -0.892653 0.210912 -3.540726
v -0.939995 0.212043 -3.491060
v -0.989851 0.213389 -3.440716
v -1.042272 0.214943 -3.389563
v -1.058088 0.214528 -3.319038
v -1.062958 0.213609 -3.244581
v -1.064030 0.212567 -3.170242
v -1.069549 0.211831 -3.099355
v -1.092732 0.212104 -3.035594
v -1.106536 0.211894 -2.969414
v -1.131592 0.212329 -2.906820
v -1.157725 0.212852 -2.844407
v -1.184755 0.213465 -2.781909
v -1.195040 0.213171 -2.716974
v -1.193623 0.212243 -2.651949
v -1.192705 0.211414 -2.588611
v -1.201461 0.211301 -2.526564
v -1.217643 0.211856 -2.464280
v -1.231686 0.212530 -2.401351
v -1.242479 0.213287 -2.337766
v -1.234216 0.213007 -2.277296
v -1.220534 0.212625 -2.218721
v -1.206894 0.212586 -2.160400
v -1.190631 0.212734 -2.102748
v -1.168071 0.212793 -2.047481
v -1.152339 0.213988 -1.986336
v -1.115444 0.213769 -1.937577
v -0.701382 0.243139 -3.711318
v -0.752119 0.245228 -3.675262
v -0.805521 0.247768 -3.637697
v -0.853718 0.249787 -3.593138
v -0.898707 0.251579 -3.543984
v -0.946086 0.253814 -3.494240
v -0.995946 0.256480 -3.443808
v -1.048333 0.259567 -3.392555
v -1.061817 0.258480 -3.320845
v -1.064957 0.256452 -3.245646
v -1.066190 0.254382 -3.171438
v -1.068976 0.252607 -3.099646
v -1.090293 0.252950 -3.035453
v -1.106579 0.252809 -2.970189
v -1.131485 0.253677 -2.907675
v -1.157428 0.254724 -2.845330
v -1.184229 0.255951 -2.782885
v -1.197051 0.255688 -2.718339
v -1.195578 0.253865 -2.653286
v -1.194573 0.252242 -2.589894
v -1.197930 0.251384 -2.527860
v -1.213860 0.252494 -2.465719
v -1.229312 0.254057 -2.402734
v -1.243780 0.256110 -2.338500
v -1.237441 0.255877 -2.277365
v -1.222866 0.255037 -2.218721
v -1.205982 0.254491 -2.161332
v -1.186436 0.254259 -2.105126
v -1.165241 0.254600 -2.049254
v -1.151661 0.257339 -1.986682
v -1.112528 0.256488 -1.939515
v -0.707994 0.280999 -3.715007
v -0.758725 0.284053 -3.678803
v -0.808668 0.287152 -3.638577
v -0.859307 0.290591 -3.595846
v -0.904438 0.293279 -3.546811
v -0.951745 0.296601 -3.497059
v -1.001478 0.300570 -3.446600
v -1.051578 0.304823 -3.394223
v -1.058672 0.302154 -3.319623
v -1.064435 0.299562 -3.245906
v -1.067487 0.296761 -3.172654
v -1.069509 0.293973 -3.100758
v -1.087303 0.293922 -3.035634
v -1.105685 0.294079 -2.971256
v -1.130336 0.295379 -2.908881
v -1.155965 0.296948 -2.846658
v -1.182389 0.298787 -2.784314
v -1.197995 0.298944 -2.720247
v -1.196432 0.296261 -2.655223
v -1.195294 0.293884 -2.591824
v -1.194434 0.291887 -2.529833
v -1.208740 0.293310 -2.467884
v -1.223735 0.295618 -2.405080
v -1.237708 0.298624 -2.341062
v -1.231000 0.298217 -2.280220
v -1.216334 0.296952 -2.221844
v -1.199376 0.296116 -2.164732
v -1.179780 0.295740 -2.108814
v -1.162910 0.297319 -2.050744
v -1.148886 0.301251 -1.988316
v -1.108465 0.299626 -1.942102
v -0.705744 0.317707 -3.710341
v -0.751532 0.320557 -3.670747
v -0.799340 0.324243 -3.629803
v -0.849271 0.328747 -3.587533
v -0.901401 0.334058 -3.543933
v -0.955780 0.340166 -3.498962
v -1.004418 0.345259 -3.448121
v -1.048180 0.349578 -3.392754
v -1.054851 0.345984 -3.318413
v -1.060742 0.342594 -3.245201
v -1.067428 0.339683 -3.173798
v -1.070058 0.336111 -3.102384
v -1.083709 0.335162 -3.036177
v -1.103773 0.335795 -2.972624
v -1.128071 0.337525 -2.910428
v -1.153268 0.339612 -2.848361
v -1.179180 0.342055 -2.786144
v -1.197767 0.343077 -2.722608
v -1.196079 0.339571 -2.657650
v -1.194763 0.336475 -2.594274
v -1.193672 0.333885 -2.532269
v -1.202294 0.334439 -2.470637
v -1.216675 0.337444 -2.408032
v -1.229987 0.341324 -2.344265
v -1.222226 0.340505 -2.283926
v -1.207464 0.338790 -2.225910
v -1.190437 0.337633 -2.169171
v -1.170804 0.337071 -2.113645
v -1.158627 0.340662 -2.053267
v -1.144101 0.345635 -1.991131
v -1.103292 0.343318 -1.945300
v -0.697736 0.352516 -3.700101
v -0.742820 0.356025 -3.661068
v -0.789848 0.360560 -3.620666
v -0.838923 0.366102 -3.578917
v -0.890120 0.372638 -3.535813
v -0.943489 0.380160 -3.491315
v -0.999050 0.388665 -3.445351
v -1.044022 0.394561 -3.391285
v -1.050297 0.390057 -3.317319
v -1.056340 0.385928 -3.244707
v -1.063126 0.382366 -3.173836
v -1.069582 0.379000 -3.104234
v -1.079427 0.376809 -3.037112
v -1.100740 0.378043 -2.974293
v -1.124592 0.380203 -2.912295
v -1.149249 0.382803 -2.850396
v -1.174523 0.385839 -2.788313
v -1.196230 0.388216 -2.725325
v -1.194386 0.383921 -2.660450
v -1.192849 0.380136 -2.597113
v -1.191476 0.376976 -2.535108
v -1.194501 0.376010 -2.473838
v -1.208133 0.379644 -2.411443
v -1.220645 0.384298 -2.347958
v -1.211186 0.382683 -2.288331
v -1.196345 0.380480 -2.230761
v -1.179276 0.378954 -2.174491
v -1.163902 0.379858 -2.117386
v -1.152441 0.384546 -2.056712
v -1.137387 0.390395 -1.995025
v -1.097019 0.387641 -1.949092
v -0.689833 0.386535 -3.689472
v -0.734086 0.390692 -3.651075
v -0.780189 0.396064 -3.611284
v -0.828246 0.402626 -3.570117
v -0.878335 0.410364 -3.527561
v -0.930506 0.419270 -3.483577
v -0.984782 0.429340 -3.438093
v -1.038964 0.439821 -3.389881
v -1.044932 0.434460 -3.316431
v -1.051139 0.429669 -3.244497
v -1.058033 0.425515 -3.174216
v -1.065742 0.421971 -3.105554
v -1.074349 0.419004 -3.038453
v -1.096459 0.420906 -2.976256
v -1.119778 0.423495 -2.914453
v -1.143795 0.426601 -2.852715
v -1.168314 0.430216 -2.790754
v -1.193115 0.434439 -2.728278
v -1.191189 0.429425 -2.663501
v -1.189393 0.424973 -2.600205
v -1.187693 0.421253 -2.538205
v -1.185901 0.418381 -2.477290
v -1.198083 0.422323 -2.415164
v -1.209685 0.427628 -2.351990
v -1.197937 0.424693 -2.293289
v -1.183058 0.421949 -2.236246
v -1.165995 0.419992 -2.180540
v -1.156427 0.423676 -2.121184
v -1.144390 0.428874 -2.060978
v -1.128817 0.435419 -1.999905
v -1.089641 0.432613 -1.953475
v -0.685188 0.421115 -3.681283
v -0.725328 0.424485 -3.640866
v -0.770347 0.430690 -3.601760
v -0.817212 0.438266 -3.561239
v -0.866006 0.447195 -3.519284
v -0.916782 0.457466 -3.475855
v -0.969567 0.469071 -3.430879
v -1.024258 0.481956 -3.384198
v -1.038653 0.479279 -3.315823
v -1.045023 0.473918 -3.244632
v -1.052022 0.469246 -3.174981
v -1.059768 0.465243 -3.106853
v -1.068336 0.461883 -3.040205
v -1.090675 0.464414 -2.978464
v -1.113486 0.467478 -2.916863
v -1.136769 0.471082 -2.855258
v -1.160053 0.475096 -2.793336
v -1.182848 0.479497 -2.730837
v -1.186297 0.476178 -2.666675
v -1.184211 0.471072 -2.603412
v -1.182149 0.466787 -2.541416
v -1.179930 0.463448 -2.480493
v -1.186472 0.465573 -2.419050
v -1.195565 0.470635 -2.356533
v -1.182525 0.466475 -2.298655
v -1.167668 0.463123 -2.242222
v -1.156813 0.463965 -2.184622
v -1.147092 0.468016 -2.125553
v -1.134504 0.473537 -2.065968
v -1.118448 0.480588 -2.005685
v -1.075452 0.474563 -1.963050
v -0.683575 0.456718 -3.675429
v -0.718567 0.458373 -3.632174
v -0.760286 0.464377 -3.592179
v -0.805776 0.472964 -3.552371
v -0.853077 0.483078 -3.511075
v -0.902252 0.494702 -3.468243
v -0.953335 0.507820 -3.423803
v -1.006061 0.522283 -3.377512
v -1.024568 0.521473 -3.312371
v -1.037848 0.518778 -3.245157
v -1.044939 0.513673 -3.176160
v -1.052707 0.509280 -3.108569
v -1.062149 0.506021 -3.042647
v -1.079961 0.507065 -2.980017
v -1.102245 0.510629 -2.918736
v -1.124556 0.514627 -2.857337
v -1.146672 0.519018 -2.795588
v -1.168375 0.523892 -2.733279
v -1.179495 0.524256 -2.669842
v -1.177093 0.518497 -2.606595
v -1.174646 0.513631 -2.544596
v -1.171981 0.509781 -2.483673
v -1.173222 0.509477 -2.422955
v -1.177983 0.512885 -2.361537
v -1.164982 0.507965 -2.304291
v -1.154118 0.506265 -2.247189
v -1.146140 0.508756 -2.188858
v -1.135876 0.512776 -2.130394
v -1.122354 0.518122 -2.071854
v -1.100280 0.521557 -2.016499
v -1.060292 0.516183 -1.973115
v -0.681399 0.491953 -3.668906
v -0.715664 0.493930 -3.626669
v -0.750855 0.497668 -3.583353
v -0.793824 0.506704 -3.543620
v -0.839438 0.517978 -3.503040
v -0.886808 0.530933 -3.460848
v -0.935980 0.545538 -3.416971
v -0.986805 0.561663 -3.371217
v -1.004651 0.560889 -3.307133
v -1.022904 0.560868 -3.243295
v -1.036599 0.558909 -3.177774
v -1.044366 0.554203 -3.110703
v -1.053787 0.550766 -3.045201
v -1.067229 0.549891 -2.981734
v -1.088653 0.553831 -2.920675
v -1.110001 0.558227 -2.859466
v -1.131045 0.563026 -2.797882
v -1.145324 0.564682 -2.735211
v -1.154896 0.564458 -2.672320
v -1.164290 0.565170 -2.609660
v -1.164966 0.561809 -2.547599
v -1.161853 0.557391 -2.486683
v -1.158265 0.554128 -2.426718
v -1.158192 0.554853 -2.366595
v -1.148641 0.551319 -2.309071
v -1.141951 0.551944 -2.251045
v -1.133471 0.554082 -2.193276
v -1.121411 0.556885 -2.136245
v -1.102623 0.558373 -2.081719
v -1.080921 0.561698 -2.027720
v -1.046259 0.559117 -1.981934
v -0.678573 0.526665 -3.661875
v -0.711892 0.529017 -3.620868
v -0.746044 0.533339 -3.578678
v -0.781203 0.539498 -3.535274
v -0.824847 0.551854 -3.495400
v -0.870221 0.566111 -3.453866
v -0.917300 0.582172 -3.410550
v -0.966118 0.599973 -3.365356
v -0.983531 0.599456 -3.302478
v -1.001041 0.599507 -3.239560
v -1.018984 0.600317 -3.176810
v -1.034513 0.600133 -3.113254
v -1.043506 0.596361 -3.047995
v -1.053872 0.593839 -2.984005
v -1.072831 0.597170 -2.922708
v -1.093150 0.601931 -2.861629
v -1.110107 0.605171 -2.799792
v -1.119005 0.603889 -2.737113
v -1.127895 0.603488 -2.674822
v -1.136579 0.604071 -2.612781
v -1.144816 0.605707 -2.550866
v -1.149317 0.606278 -2.489347
v -1.145266 0.602391 -2.429443
v -1.140487 0.599724 -2.370450
v -1.134705 0.598327 -2.312251
v -1.127571 0.598338 -2.254681
v -1.116038 0.597800 -2.198739
v -1.100059 0.596988 -2.144691
v -1.081731 0.597997 -2.091476
v -1.060586 0.601003 -2.038981
v -1.032936 0.603283 -1.989728
v -0.675070 0.560473 -3.654561
v -0.707143 0.563311 -3.615036
v -0.739971 0.568348 -3.574163
v -0.773755 0.575401 -3.531879
v -0.809044 0.584606 -3.488406
v -0.852241 0.600153 -3.447516
v -0.897069 0.617644 -3.404728
v -0.943563 0.636990 -3.359962
v -0.961111 0.637235 -3.298561
v -0.977831 0.637382 -3.236509
v -0.994960 0.638278 -3.174506
v -1.012491 0.639939 -3.112599
v -1.031051 0.642838 -3.051006
v -1.043598 0.642020 -2.987805
v -1.054629 0.640615 -2.924800
v -1.073865 0.645707 -2.863777
v -1.083297 0.644317 -2.801272
v -1.091548 0.642803 -2.739092
v -1.099747 0.642212 -2.677294
v -1.107715 0.642638 -2.615767
v -1.115235 0.644137 -2.554418
v -1.122052 0.646724 -2.493170
v -1.122873 0.646277 -2.432942
v -1.124450 0.648406 -2.372773
v -1.118276 0.646225 -2.314866
v -1.106393 0.641602 -2.259463
v -1.092750 0.638269 -2.205428
v -1.077318 0.636663 -2.152559
v -1.059692 0.636950 -2.100769
v -1.040174 0.640143 -2.049386
v -1.018493 0.646911 -1.997861
v -0.670787 0.593081 -3.647155
v -0.701274 0.596514 -3.609418
v -0.732449 0.602432 -3.570080
v -0.764564 0.610559 -3.529037
v -0.800291 0.622563 -3.487895
v -0.841050 0.639347 -3.447167
v -0.883662 0.658391 -3.404557
v -0.928094 0.679554 -3.359954
v -0.946776 0.681589 -3.300071
v -0.963359 0.682439 -3.238681
v -0.980476 0.684146 -3.177221
v -0.998102 0.686740 -3.115731
v -1.016164 0.690223 -3.054212
v -1.025530 0.687329 -2.990318
v -1.034573 0.684685 -2.927062
v -1.047636 0.685920 -2.865172
v -1.055225 0.683342 -2.802857
v -1.062828 0.681594 -2.741048
v -1.070335 0.680802 -2.679618
v -1.078694 0.682014 -2.618426
v -1.086920 0.684613 -2.557315
v -1.094489 0.688344 -2.496233
v -1.095752 0.688212 -2.436280
v -1.099745 0.692607 -2.375865
v -1.092638 0.688791 -2.318785
v -1.080828 0.682876 -2.264232
v -1.067759 0.678530 -2.211144
v -1.053108 0.675899 -2.159493
v -1.036497 0.675158 -2.109249
v -1.020967 0.680484 -2.057734
v -1.003001 0.689543 -2.006165
v -0.665587 0.624376 -3.639991
v -0.693937 0.628582 -3.604482
v -0.723131 0.635400 -3.566881
v -0.753444 0.644830 -3.527107
v -0.790257 0.660941 -3.488913
v -0.828965 0.679497 -3.448606
v -0.869511 0.700378 -3.406178
v -0.911807 0.723436 -3.361571
v -0.931910 0.727979 -3.303187
v -0.947913 0.729359 -3.242082
v -0.964383 0.731548 -3.180748
v -0.981284 0.734590 -3.119243
v -0.998212 0.738212 -3.057492
v -1.004849 0.733157 -2.992939
v -1.011720 0.728836 -2.929295
v -1.022431 0.728695 -2.867085
v -1.033850 0.730052 -2.805240
v -1.042081 0.729399 -2.743277
v -1.050126 0.729717 -2.681557
v -1.057859 0.731079 -2.620023
v -1.065120 0.733513 -2.558635
v -1.071714 0.737002 -2.497370
v -1.065955 0.729683 -2.438864
v -1.065815 0.729969 -2.379903
v -1.064513 0.731179 -2.321639
v -1.053227 0.724138 -2.267722
v -1.040906 0.718599 -2.215515
v -1.027295 0.714678 -2.165082
v -1.012240 0.712958 -2.116190
v -1.000385 0.720038 -2.065168
v -0.985084 0.729436 -2.015400
v -0.659600 0.652448 -3.633998
v -0.684919 0.658419 -3.601081
v -0.711584 0.666807 -3.565265
v -0.742779 0.680690 -3.528579
v -0.777340 0.698739 -3.491002
v -0.813860 0.719218 -3.451001
v -0.852230 0.742027 -3.408623
v -0.892293 0.767025 -3.363870
v -0.914266 0.775099 -3.307107
v -0.929613 0.777071 -3.246104
v -0.945365 0.779783 -3.184731
v -0.961476 0.783297 -3.123059
v -0.968973 0.778684 -3.058447
v -0.975228 0.773282 -2.994118
v -0.984054 0.771101 -2.931109
v -0.999834 0.776961 -2.869642
v -1.005460 0.773163 -2.806918
v -1.016763 0.776461 -2.744936
v -1.027289 0.780251 -2.682802
v -1.034120 0.781450 -2.620794
v -1.040456 0.783649 -2.558995
v -1.042912 0.783148 -2.498031
v -1.033462 0.770691 -2.440473
v -1.030460 0.767311 -2.382597
v -1.032321 0.771641 -2.323666
v -1.023387 0.765406 -2.269556
v -1.011960 0.758499 -2.218062
v -0.999597 0.753029 -2.168694
v -0.989090 0.753275 -2.119112
v -0.978627 0.758129 -2.070557
v -0.965486 0.764685 -2.024382
v -0.652624 0.677647 -3.629139
v -0.674082 0.686040 -3.599243
v -0.698501 0.697657 -3.566371
v -0.728834 0.715496 -3.531713
v -0.761093 0.735729 -3.494519
v -0.795369 0.758292 -3.454617
v -0.826605 0.777905 -3.409196
v -0.857343 0.797285 -3.360521
v -0.889713 0.818814 -3.310071
v -0.908120 0.825546 -3.250833
v -0.923087 0.828811 -3.189218
v -0.932177 0.825878 -3.125022
v -0.937830 0.819432 -3.059992
v -0.943708 0.813696 -2.995698
v -0.954601 0.814420 -2.933132
v -0.969203 0.820456 -2.871264
v -0.981892 0.825439 -2.808864
v -0.983970 0.818917 -2.745964
v -0.990624 0.819152 -2.683679
v -1.001801 0.826431 -2.621136
v -1.012050 0.834252 -2.558325
v -1.007223 0.824697 -2.498376
v -0.998151 0.811138 -2.440901
v -0.993509 0.804815 -2.383667
v -0.995195 0.808572 -2.324977
v -0.991108 0.806682 -2.269333
v -0.980681 0.798243 -2.218256
v -0.970752 0.792421 -2.168968
v -0.963869 0.793134 -2.119262
v -0.955570 0.794761 -2.073636
v -0.945611 0.797264 -2.031693
v 0.836526 0.708639 -2.035690
v 0.804304 0.716429 -2.016249
v 0.767747 0.726966 -1.995828
v 0.726311 0.740631 -1.973977
v 0.681858 0.756607 -1.951346
v 0.634261 0.774816 -1.927719
v 0.583703 0.795219 -1.903079
v 0.530321 0.817731 -1.877458
v 0.473122 0.838710 -1.853635
v 0.414492 0.865514 -1.825997
v 0.352957 0.893652 -1.798007
v 0.287187 0.915518 -1.775717
v 0.220492 0.948841 -1.745254
v 0.148062 0.956484 -1.736133
v 0.073570 0.943510 -1.744614
v -0.000000 0.930779 -1.754155
v -0.071782 0.905164 -1.775198
v -0.141135 0.880863 -1.796291
v -0.208243 0.858076 -1.817164
v -0.275624 0.850228 -1.827160
v -0.342926 0.847755 -1.833923
v -0.409617 0.846749 -1.840561
v -0.471633 0.833768 -1.857433
v -0.529808 0.816238 -1.878592
v -0.589115 0.809241 -1.892556
v -0.649517 0.810460 -1.901340
v -0.708466 0.813167 -1.910120
v -0.765532 0.817070 -1.919149
v -0.811211 0.805069 -1.940761
v -0.852274 0.796155 -1.961241
v -0.889183 0.790022 -1.981069
v 0.845038 0.678215 -2.022637
v 0.810080 0.682903 -1.999181
v 0.771583 0.690764 -1.975524
v 0.729349 0.701997 -1.951394
v 0.684333 0.715898 -1.926875
v 0.636339 0.732236 -1.901550
v 0.585504 0.750911 -1.875323
v 0.531918 0.771783 -1.848137
v 0.475162 0.793302 -1.821185
v 0.416286 0.818555 -1.791784
v 0.354496 0.845176 -1.761973
v 0.289786 0.873060 -1.731882
v 0.222104 0.902083 -1.701679
v 0.147544 0.893003 -1.706614
v 0.073271 0.880357 -1.716075
v 0.000000 0.865804 -1.728544
v -0.071745 0.849535 -1.743782
v -0.141141 0.827170 -1.765618
v -0.208254 0.805456 -1.787875
v -0.275117 0.795107 -1.800986
v -0.342423 0.793190 -1.807699
v -0.409186 0.792832 -1.814199
v -0.470376 0.778352 -1.834072
v -0.528481 0.762360 -1.856157
v -0.590246 0.762482 -1.865616
v -0.651197 0.764915 -1.874570
v -0.710954 0.769127 -1.883693
v -0.766623 0.770206 -1.897120
v -0.813377 0.761106 -1.920746
v -0.856827 0.755518 -1.944167
v -0.897099 0.753351 -1.967793
v 0.855011 0.645284 -2.010308
v 0.817728 0.647757 -1.983865
v 0.777628 0.653697 -1.957845
v 0.734540 0.662966 -1.931846
v 0.688697 0.675055 -1.905545
v 0.640083 0.689692 -1.878602
v 0.588771 0.706741 -1.850851
v 0.534792 0.726030 -1.822154
v 0.478044 0.747138 -1.792659
v 0.418772 0.770787 -1.761592
v 0.356671 0.796160 -1.729721
v 0.291738 0.823429 -1.696875
v 0.222653 0.844788 -1.670911
v 0.147353 0.831223 -1.681293
v 0.073134 0.818972 -1.691770
v 0.000000 0.802272 -1.708074
v -0.071434 0.786756 -1.724390
v -0.141354 0.773439 -1.739605
v -0.208747 0.753969 -1.762077
v -0.275305 0.741731 -1.778312
v -0.342798 0.740315 -1.784909
v -0.409834 0.740526 -1.791192
v -0.470485 0.725072 -1.813986
v -0.530896 0.716049 -1.831665
v -0.593486 0.717488 -1.840772
v -0.655322 0.720955 -1.849802
v -0.716288 0.726433 -1.859152
v -0.770041 0.723349 -1.878549
v -0.817916 0.716595 -1.903788
v -0.863325 0.713418 -1.929311
v -0.906406 0.714087 -1.955648
v 0.866461 0.609611 -1.998448
v 0.827147 0.611057 -1.970114
v 0.785457 0.615862 -1.942411
v 0.741253 0.623680 -1.914830
v 0.694472 0.634222 -1.886965
v 0.645120 0.647329 -1.858553
v 0.593201 0.662850 -1.829377
v 0.538693 0.680603 -1.799238
v 0.481542 0.700421 -1.767982
v 0.421807 0.722549 -1.735221
v 0.359143 0.746017 -1.701967
v 0.293742 0.771648 -1.667285
v 0.223339 0.786775 -1.645482
v 0.147446 0.771211 -1.659799
v 0.073098 0.758666 -1.672188
v 0.000000 0.741905 -1.690728
v -0.071317 0.727196 -1.708106
v -0.141142 0.714648 -1.724119
v -0.209657 0.703660 -1.739448
v -0.276089 0.690110 -1.758761
v -0.343920 0.689132 -1.765186
v -0.410561 0.687234 -1.774031
v -0.471756 0.673941 -1.796706
v -0.535027 0.671901 -1.808534
v -0.598516 0.674066 -1.817604
v -0.661479 0.678367 -1.826619
v -0.723773 0.684607 -1.836293
v -0.775043 0.676681 -1.862926
v -0.824254 0.671687 -1.889471
v -0.871522 0.670001 -1.916438
v -0.916986 0.672081 -1.944429
v 0.878264 0.573148 -1.987435
v 0.837347 0.573885 -1.957826
v 0.794285 0.577676 -1.928803
v 0.748948 0.584288 -1.899905
v 0.701241 0.593532 -1.870756
v 0.651113 0.605269 -1.841070
v 0.598516 0.619351 -1.810596
v 0.544155 0.637290 -1.777088
v 0.485647 0.653891 -1.746410
v 0.425247 0.674126 -1.712447
v 0.362119 0.696252 -1.677214
v 0.296149 0.720175 -1.640767
v 0.224084 0.728408 -1.625397
v 0.148362 0.717804 -1.635592
v 0.073273 0.701773 -1.654325
v 0.000000 0.685722 -1.674454
v -0.071409 0.671268 -1.693664
v -0.141272 0.658978 -1.711148
v -0.210004 0.649434 -1.726191
v -0.277374 0.640220 -1.741962
v -0.344313 0.634981 -1.753971
v -0.410135 0.630469 -1.766479
v -0.475319 0.628199 -1.777761
v -0.539964 0.628148 -1.788061
v -0.604168 0.630305 -1.797699
v -0.668071 0.634779 -1.807083
v -0.728705 0.636808 -1.822184
v -0.781008 0.630350 -1.849759
v -0.831527 0.626775 -1.877291
v -0.880400 0.626333 -1.905270
v -0.927772 0.629324 -1.934264
v 0.890076 0.536020 -1.977163
v 0.847849 0.536267 -1.946661
v 0.803620 0.539306 -1.916686
v 0.757265 0.544968 -1.886795
v 0.708677 0.553110 -1.856616
v 0.657767 0.563607 -1.825841
v 0.606026 0.579102 -1.790522
v 0.552439 0.598659 -1.751258
v 0.490302 0.607965 -1.727287
v 0.429232 0.626493 -1.692004
v 0.365474 0.646920 -1.655213
v 0.298866 0.669059 -1.617088
v 0.225244 0.672271 -1.607434
v 0.148983 0.661626 -1.619486
v 0.073510 0.646005 -1.640422
v 0.000000 0.630863 -1.662030
v -0.071591 0.617161 -1.682623
v -0.141704 0.606250 -1.700152
v -0.210669 0.597445 -1.715685
v -0.278880 0.591276 -1.728603
v -0.346242 0.586517 -1.740856
v -0.413295 0.584516 -1.750746
v -0.477049 0.577928 -1.768681
v -0.540903 0.575753 -1.782270
v -0.605727 0.578575 -1.791221
v -0.670479 0.583724 -1.799806
v -0.734295 0.589807 -1.810466
v -0.787553 0.584533 -1.838709
v -0.839220 0.582009 -1.866880
v -0.889451 0.582412 -1.895468
v -0.938398 0.585947 -1.925041
v 0.901659 0.498573 -1.967620
v 0.858361 0.498507 -1.936534
v 0.813144 0.500990 -1.905899
v 0.765888 0.505880 -1.875268
v 0.716476 0.513057 -1.844260
v 0.666807 0.525267 -1.808377
v 0.615562 0.541449 -1.768433
v 0.559592 0.556730 -1.731351
v 0.495485 0.562969 -1.709830
v 0.433516 0.579380 -1.673962
v 0.369090 0.598051 -1.635718
v 0.301797 0.618324 -1.596017
v 0.226749 0.618139 -1.591186
v 0.149552 0.605646 -1.608484
v 0.073813 0.591858 -1.629639
v 0.000000 0.578163 -1.651993
v -0.071941 0.566264 -1.672386
v -0.142395 0.556232 -1.690627
v -0.211708 0.548178 -1.706626
v -0.281076 0.545369 -1.715222
v -0.348065 0.538393 -1.732033
v -0.415607 0.536808 -1.741723
v -0.480734 0.532820 -1.757031
v -0.542425 0.526006 -1.778540
v -0.607888 0.529258 -1.786744
v -0.673486 0.534788 -1.794448
v -0.739454 0.542705 -1.802224
v -0.794354 0.539390 -1.829495
v -0.847018 0.537632 -1.858034
v -0.898393 0.538573 -1.886925
v -0.948636 0.542367 -1.916754
v 0.912743 0.461164 -1.958848
v 0.868574 0.460895 -1.927387
v 0.822531 0.462930 -1.896285
v 0.774491 0.467145 -1.865086
v 0.726201 0.475581 -1.829945
v 0.677348 0.488566 -1.789473
v 0.625220 0.503195 -1.747902
v 0.565682 0.512824 -1.716623
v 0.500711 0.518208 -1.694749
v 0.437958 0.532789 -1.658063
v 0.372849 0.549645 -1.618486
v 0.304851 0.567968 -1.577330
v 0.228526 0.565754 -1.576293
v 0.150017 0.550202 -1.602579
v 0.074213 0.539978 -1.620442
v 0.000000 0.528574 -1.641891
v -0.072402 0.517751 -1.663199
v -0.143302 0.508646 -1.682113
v -0.213116 0.501613 -1.698074
v -0.283310 0.500203 -1.704636
v -0.350344 0.492652 -1.724166
v -0.418429 0.491394 -1.733649
v -0.484902 0.489415 -1.746392
v -0.545628 0.480852 -1.772793
v -0.610405 0.482231 -1.783857
v -0.676796 0.487865 -1.790642
v -0.743766 0.495769 -1.797388
v -0.801093 0.495047 -1.821840
v -0.854608 0.493854 -1.850560
v -0.906936 0.495115 -1.879545
v -0.958246 0.498953 -1.909410
v 0.923130 0.423956 -1.950825
v 0.878238 0.423555 -1.919109
v 0.831503 0.425206 -1.887661
v 0.783762 0.429699 -1.854426
v 0.737407 0.439741 -1.813616
v 0.687749 0.451308 -1.771771
v 0.634771 0.464333 -1.728748
v 0.571579 0.469119 -1.704003
v 0.505805 0.473716 -1.681878
v 0.442422 0.486698 -1.644067
v 0.376640 0.501675 -1.603293
v 0.307937 0.517967 -1.560821
v 0.229705 0.511890 -1.568932
v 0.150702 0.497689 -1.597193
v 0.074635 0.489560 -1.613700
v 0.000000 0.480974 -1.632499
v -0.072951 0.471300 -1.654660
v -0.144380 0.463171 -1.674202
v -0.214887 0.457559 -1.689108
v -0.285681 0.456363 -1.695526
v -0.352977 0.449000 -1.716858
v -0.421634 0.447989 -1.726137
v -0.489411 0.447497 -1.736398
v -0.550745 0.439955 -1.763306
v -0.613065 0.437364 -1.782190
v -0.680154 0.442840 -1.788053
v -0.747999 0.450435 -1.793765
v -0.807494 0.451570 -1.815479
v -0.861719 0.450801 -1.844262
v -0.914836 0.452231 -1.873219
v -0.967029 0.455957 -1.902989
v 0.932770 0.386963 -1.943479
v 0.887271 0.386499 -1.911592
v 0.839950 0.387832 -1.879889
v 0.795334 0.394589 -1.840179
v 0.748266 0.403374 -1.798241
v 0.697845 0.413481 -1.755190
v 0.642229 0.422892 -1.715447
v 0.577135 0.425661 -1.693378
v 0.510631 0.429529 -1.671091
v 0.446799 0.441063 -1.631778
v 0.380364 0.454095 -1.589948
v 0.310974 0.468269 -1.546305
v 0.230800 0.459295 -1.564442
v 0.151602 0.447856 -1.591375
v 0.075073 0.440717 -1.608726
v 0.000000 0.434579 -1.624633
v -0.073563 0.426555 -1.646425
v -0.145581 0.419453 -1.666544
v -0.216706 0.414701 -1.681374
v -0.288104 0.413694 -1.687650
v -0.355870 0.407117 -1.709768
v -0.425118 0.406293 -1.718866
v -0.494154 0.406834 -1.726750
v -0.556093 0.400289 -1.754115
v -0.616709 0.395571 -1.779061
v -0.683443 0.399637 -1.786405
v -0.752034 0.406656 -1.791112
v -0.813448 0.408994 -1.810214
v -0.868255 0.408527 -1.838974
v -0.922019 0.409997 -1.867821
v -0.974936 0.413482 -1.897416
v 0.941602 0.350247 -1.936781
v 0.895596 0.349777 -1.904783
v 0.850725 0.352659 -1.868617
v 0.806370 0.358977 -1.826719
v 0.758630 0.366461 -1.783797
v 0.707487 0.375055 -1.739700
v 0.647979 0.380257 -1.706765
v 0.582211 0.382484 -1.684662
v 0.515192 0.385819 -1.661840
v 0.450979 0.395814 -1.621027
v 0.383925 0.406831 -1.578283
v 0.312602 0.416253 -1.541654
v 0.231930 0.408488 -1.561066
v 0.152479 0.399377 -1.587154
v 0.075502 0.393302 -1.605259
v 0.000000 0.388092 -1.621742
v -0.074213 0.383130 -1.638209
v -0.146857 0.377108 -1.658846
v -0.218506 0.372855 -1.674656
v -0.290491 0.372018 -1.680802
v -0.358925 0.366649 -1.702610
v -0.428775 0.365973 -1.711561
v -0.498750 0.366836 -1.718134
v -0.561564 0.361607 -1.744980
v -0.622796 0.357632 -1.770211
v -0.686572 0.358170 -1.785457
v -0.755784 0.364378 -1.789226
v -0.818765 0.367270 -1.806075
v -0.874153 0.367077 -1.834570
v -0.928435 0.368475 -1.863254
v -0.981935 0.371599 -1.892628
v 0.949546 0.313864 -1.930725
v 0.903196 0.313472 -1.898554
v 0.861655 0.317652 -1.856754
v 0.816714 0.322835 -1.814058
v 0.768339 0.328961 -1.770288
v 0.716514 0.335978 -1.725294
v 0.653000 0.337872 -1.699863
v 0.586664 0.339613 -1.677778
v 0.519601 0.342739 -1.653160
v 0.454850 0.350855 -1.611665
v 0.387062 0.359582 -1.568958
v 0.313898 0.365191 -1.539687
v 0.233024 0.359196 -1.558563
v 0.153284 0.352092 -1.584322
v 0.075899 0.347148 -1.603074
v 0.000000 0.342915 -1.620049
v -0.074670 0.339331 -1.635078
v -0.148157 0.335730 -1.650878
v -0.220214 0.331819 -1.668765
v -0.292751 0.331140 -1.674812
v -0.362038 0.327210 -1.695157
v -0.432489 0.326661 -1.704005
v -0.503090 0.327383 -1.710343
v -0.567038 0.323615 -1.735700
v -0.628873 0.320378 -1.761204
v -0.689720 0.318501 -1.784383
v -0.759153 0.323521 -1.787930
v -0.822749 0.326105 -1.803948
v -0.879153 0.326379 -1.831206
v -0.934021 0.327701 -1.859444
v -0.990881 0.331605 -1.885396
v 0.956515 0.277832 -1.925314
v 0.913747 0.278892 -1.888076
v 0.871690 0.282116 -1.845618
v 0.826191 0.286103 -1.802230
v 0.777218 0.290804 -1.757736
v 0.722621 0.295117 -1.716718
v 0.657133 0.295766 -1.694702
v 0.590344 0.297058 -1.672667
v 0.523527 0.299896 -1.645618
v 0.458293 0.306069 -1.603575
v 0.388239 0.310984 -1.569201
v 0.314856 0.315226 -1.539737
v 0.234012 0.311130 -1.556743
v 0.153968 0.305826 -1.582703
v 0.076238 0.302068 -1.601983
v -0.000000 0.298855 -1.619358
v -0.075002 0.296134 -1.634657
v -0.149026 0.293923 -1.647786
v -0.222095 0.291916 -1.660629
v -0.294790 0.290848 -1.669546
v -0.365097 0.288390 -1.687237
v -0.436134 0.287963 -1.696033
v -0.507337 0.288514 -1.702216
v -0.572383 0.285979 -1.726122
v -0.634804 0.283499 -1.751895
v -0.696250 0.282064 -1.775258
v -0.762031 0.283969 -1.787070
v -0.826185 0.286101 -1.802240
v -0.882820 0.286344 -1.829307
v -0.939023 0.287786 -1.855920
v -0.995141 0.290471 -1.882895
v 0.962355 0.242113 -1.920621
v 0.923207 0.243758 -1.878315
v 0.880646 0.245964 -1.835276
v 0.834614 0.248688 -1.791294
v 0.785077 0.251889 -1.746194
v 0.726035 0.253535 -1.713173
v 0.660212 0.253958 -1.691253
v 0.593096 0.254822 -1.669281
v 0.526835 0.257147 -1.639122
v 0.460583 0.260983 -1.599212
v 0.388891 0.263449 -1.571200
v 0.315395 0.266302 -1.541625
v 0.234817 0.263989 -1.555466
v 0.154482 0.260393 -1.582158
v 0.076493 0.257864 -1.601833
v -0.000000 0.255703 -1.619505
v -0.075252 0.253871 -1.635004
v -0.149516 0.252379 -1.648239
v -0.223055 0.251279 -1.659020
v -0.296199 0.250670 -1.666937
v -0.367984 0.249758 -1.678743
v -0.439575 0.249460 -1.687546
v -0.511343 0.249827 -1.693663
v -0.577450 0.248325 -1.716146
v -0.640440 0.246634 -1.742188
v -0.702462 0.245654 -1.765766
v -0.764292 0.245561 -1.786515
v -0.828983 0.247115 -1.800806
v -0.886437 0.247457 -1.826765
v -0.942395 0.248343 -1.853853
v -0.998532 0.250154 -1.880848
v 0.963840 0.206298 -1.920096
v 0.924516 0.207116 -1.878135
v 0.881224 0.208147 -1.836273
v 0.834161 0.209385 -1.794234
v 0.783423 0.210814 -1.751870
v 0.728080 0.212246 -1.711341
v 0.662065 0.212459 -1.689503
v 0.594758 0.212896 -1.667589
v 0.529385 0.214328 -1.633611
v 0.460592 0.215656 -1.602786
v 0.388916 0.216902 -1.574795
v 0.315427 0.218340 -1.545187
v 0.235365 0.217463 -1.554642
v 0.154774 0.215599 -1.582589
v 0.076638 0.214328 -1.602511
v -0.000000 0.213240 -1.620368
v -0.075394 0.212318 -1.635989
v -0.149967 0.211706 -1.646967
v -0.224037 0.211319 -1.654981
v -0.297810 0.211135 -1.660847
v -0.369418 0.210484 -1.675618
v -0.442217 0.210584 -1.680427
v -0.512256 0.210251 -1.694183
v -0.579958 0.209795 -1.712100
v -0.645612 0.209377 -1.732044
v -0.708185 0.208878 -1.755874
v -0.770166 0.208767 -1.777663
v -0.831950 0.209071 -1.797979
v -0.889634 0.209250 -1.823887
v -0.944996 0.209607 -1.851991
v -1.000994 0.210505 -1.879219
v 0.960633 0.171238 -1.924015
v 0.922957 0.171238 -1.880656
v 0.876627 0.171238 -1.843712
v 0.830029 0.171238 -1.802024
v 0.779728 0.171238 -1.759966
v 0.725694 0.171238 -1.717691
v 0.662516 0.171238 -1.689448
v 0.595167 0.171238 -1.667571
v 0.529585 0.171238 -1.634187
v 0.459732 0.171238 -1.607770
v 0.388208 0.171238 -1.579853
v 0.314866 0.171238 -1.550289
v 0.235579 0.171238 -1.554235
v 0.154793 0.171238 -1.583929
v 0.076647 0.171238 -1.603942
v -0.000000 0.171238 -1.620543
v -0.075565 0.171238 -1.633127
v -0.150361 0.171238 -1.643427
v -0.224625 0.171239 -1.651465
v -0.298590 0.171238 -1.657346
v -0.369439 0.171238 -1.677076
v -0.442174 0.171238 -1.682078
v -0.510386 0.171238 -1.702182
v -0.577795 0.171238 -1.719892
v -0.644702 0.171238 -1.735567
v -0.711424 0.171238 -1.749665
v -0.774460 0.171238 -1.770225
v -0.834590 0.171238 -1.794296
v -0.890938 0.171238 -1.822623
v -0.946389 0.171238 -1.850731
v -1.002447 0.171238 -1.878001
v 0.956992 0.136953 -1.927630
v 0.919745 0.135940 -1.884225
v 0.875186 0.135121 -1.845165
v 0.823975 0.134536 -1.811483
v 0.774193 0.133087 -1.769828
v 0.720800 0.131463 -1.727636
v 0.660862 0.130243 -1.692615
v 0.595178 0.129492 -1.666328
v 0.527478 0.128602 -1.640355
v 0.457924 0.127557 -1.614062
v 0.386698 0.126305 -1.586267
v 0.313654 0.124861 -1.556823
v 0.235410 0.124989 -1.554249
v 0.154516 0.127085 -1.586034
v 0.076626 0.128167 -1.602822
v -0.000000 0.129068 -1.617567
v -0.075612 0.129806 -1.630124
v -0.150456 0.130375 -1.640427
v -0.224770 0.130760 -1.648495
v -0.298787 0.130941 -1.654433
v -0.369631 0.131922 -1.674514
v -0.439907 0.132529 -1.690187
v -0.507746 0.133299 -1.710134
v -0.574777 0.133767 -1.727684
v -0.641299 0.133906 -1.743194
v -0.707627 0.133693 -1.757123
v -0.774085 0.133104 -1.770037
v -0.834606 0.133028 -1.793480
v -0.890990 0.133049 -1.821891
v -0.946476 0.132689 -1.850101
v -1.002809 0.131766 -1.877223
v 0.951932 0.102680 -1.932080
v 0.914861 0.100712 -1.888956
v 0.874656 0.098056 -1.844081
v 0.823798 0.096810 -1.809566
v 0.770096 0.095148 -1.775256
v 0.714207 0.092896 -1.739560
v 0.656061 0.090056 -1.701947
v 0.592013 0.088104 -1.672525
v 0.524390 0.086485 -1.647731
v 0.455261 0.084413 -1.621593
v 0.384464 0.081927 -1.593976
v 0.311855 0.079056 -1.564732
v 0.234906 0.078391 -1.554686
v 0.154332 0.082323 -1.584142
v 0.076535 0.084476 -1.600704
v 0.000000 0.086267 -1.615290
v -0.075523 0.087732 -1.627755
v -0.150283 0.088859 -1.638031
v -0.224519 0.089615 -1.646136
v -0.298461 0.089963 -1.652172
v -0.368570 0.092335 -1.675728
v -0.437052 0.094401 -1.698157
v -0.504443 0.095909 -1.717954
v -0.571027 0.096818 -1.735385
v -0.637095 0.097082 -1.750805
v -0.702953 0.096658 -1.764669
v -0.768919 0.095506 -1.777541
v -0.833508 0.094097 -1.793163
v -0.889870 0.094135 -1.821719
v -0.945486 0.093395 -1.849912
v -1.002126 0.091523 -1.876897
v 0.945873 0.068127 -1.937002
v 0.908994 0.065256 -1.894124
v 0.868958 0.061398 -1.849622
v 0.822701 0.057812 -1.808106
v 0.767642 0.055982 -1.776232
v 0.709998 0.053607 -1.744741
v 0.650677 0.050257 -1.711238
v 0.588623 0.046479 -1.677788
v 0.520795 0.044501 -1.655170
v 0.451880 0.041647 -1.630334
v 0.381366 0.038203 -1.604256
v 0.307835 0.035780 -1.585157
v 0.233124 0.032777 -1.564479
v 0.153925 0.036755 -1.583271
v 0.076333 0.039953 -1.599477
v 0.000000 0.042616 -1.613810
v -0.075325 0.044792 -1.626124
v -0.149895 0.046462 -1.636348
v -0.223946 0.047576 -1.644494
v -0.296453 0.049608 -1.658787
v -0.365779 0.053421 -1.683760
v -0.435781 0.054801 -1.697506
v -0.501440 0.058106 -1.722829
v -0.566718 0.059992 -1.742982
v -0.632274 0.060368 -1.758377
v -0.697596 0.059746 -1.772269
v -0.762991 0.058075 -1.785216
v -0.830284 0.054686 -1.795341
v -0.887689 0.054282 -1.822170
v -0.943915 0.052969 -1.849696
v -1.000450 0.050268 -1.877065
v 0.937721 0.033688 -1.943692
v 0.902255 0.029439 -1.899748
v 0.862383 0.024461 -1.855692
v 0.815185 0.020468 -1.816618
v 0.760003 0.018451 -1.786298
v 0.702976 0.015329 -1.755149
v 0.643970 0.011152 -1.722822
v 0.582852 0.005971 -1.689028
v 0.517105 0.002058 -1.661804
v 0.446783 0.000349 -1.644978
v 0.375152 -0.001698 -1.629022
v 0.302846 -0.004918 -1.610308
v 0.229365 -0.008899 -1.590046
v 0.153344 -0.009807 -1.583542
v 0.076045 -0.005599 -1.599276
v 0.000000 -0.002091 -1.613268
v -0.075043 0.000775 -1.625376
v -0.149340 0.002971 -1.635521
v -0.223127 0.004434 -1.643714
v -0.293962 0.009387 -1.667074
v -0.363400 0.013505 -1.688289
v -0.434285 0.013872 -1.696589
v -0.499765 0.018185 -1.721857
v -0.563739 0.021552 -1.745438
v -0.627008 0.023450 -1.765945
v -0.691733 0.022662 -1.779943
v -0.759807 0.018567 -1.786675
v -0.828126 0.013458 -1.794940
v -0.885033 0.013164 -1.822621
v -0.941487 0.011328 -1.849971
v -0.997815 0.007894 -1.877791
v 0.928211 -0.000682 -1.951440
v 0.894741 -0.006814 -1.905865
v 0.855045 -0.012842 -1.862339
v 0.806212 -0.016395 -1.826982
v 0.751711 -0.018919 -1.796996
v 0.695357 -0.022785 -1.766239
v 0.637024 -0.027939 -1.734365
v 0.576189 -0.033919 -1.702254
v 0.509755 -0.037065 -1.680457
v 0.439640 -0.038098 -1.667262
v 0.368804 -0.040051 -1.653480
v 0.297594 -0.043753 -1.636101
v 0.225401 -0.048682 -1.616309
v 0.152361 -0.056434 -1.588656
v 0.075698 -0.052366 -1.600268
v 0.000000 -0.048049 -1.613842
v -0.074703 -0.044518 -1.625692
v -0.148669 -0.041811 -1.635735
v -0.221592 -0.038570 -1.648542
v -0.291342 -0.031244 -1.675447
v -0.360916 -0.027371 -1.692713
v -0.432031 -0.027873 -1.698285
v -0.497632 -0.023069 -1.721961
v -0.561366 -0.018931 -1.745557
v -0.623745 -0.016008 -1.767821
v -0.687298 -0.016280 -1.783868
v -0.756587 -0.022489 -1.787695
v -0.824716 -0.028775 -1.796164
v -0.880528 -0.028524 -1.825305
v -0.938244 -0.031584 -1.850849
v -0.994244 -0.035640 -1.879153
v 0.917487 -0.034875 -1.960175
v 0.885210 -0.042629 -1.914189
v 0.847047 -0.050545 -1.869629
v 0.796679 -0.053182 -1.837953
v 0.742922 -0.056243 -1.808352
v 0.687298 -0.060867 -1.778049
v 0.627662 -0.064821 -1.751759
v 0.565143 -0.068725 -1.727992
v 0.500587 -0.073218 -1.705020
v 0.432173 -0.075132 -1.690526
v 0.362572 -0.077495 -1.676981
v 0.292187 -0.080963 -1.662412
v 0.221314 -0.086804 -1.643146
v 0.149516 -0.095541 -1.617415
v 0.075316 -0.100520 -1.602659
v -0.000000 -0.095436 -1.615744
v -0.074329 -0.091267 -1.627290
v -0.147931 -0.088062 -1.637208
v -0.219557 -0.081245 -1.657721
v -0.288685 -0.072605 -1.684058
v -0.358269 -0.069242 -1.698032
v -0.428833 -0.069774 -1.703944
v -0.495160 -0.065743 -1.723352
v -0.558583 -0.060816 -1.746926
v -0.620633 -0.057295 -1.769281
v -0.684297 -0.057982 -1.784554
v -0.752976 -0.064999 -1.789329
v -0.820290 -0.071959 -1.798897
v -0.875710 -0.071502 -1.828198
v -0.933742 -0.075449 -1.853054
v -0.989746 -0.080320 -1.881237
v 0.905689 -0.068765 -1.969831
v 0.873655 -0.077488 -1.924857
v 0.837347 -0.087680 -1.879267
v 0.786726 -0.089954 -1.849562
v 0.733445 -0.093264 -1.821043
v 0.674976 -0.094590 -1.799155
v 0.615210 -0.097553 -1.776908
v 0.554055 -0.102111 -1.753885
v 0.489012 -0.104382 -1.737726
v 0.424534 -0.110914 -1.714686
v 0.356197 -0.113692 -1.701404
v 0.287026 -0.117608 -1.687389
v 0.217185 -0.123507 -1.670473
v 0.146575 -0.132680 -1.647463
v 0.074711 -0.147914 -1.611838
v -0.000000 -0.144406 -1.619222
v -0.073947 -0.139629 -1.630424
v -0.147172 -0.135939 -1.640193
v -0.217563 -0.124894 -1.667406
v -0.286081 -0.114993 -1.693109
v -0.355566 -0.112287 -1.704433
v -0.425541 -0.112789 -1.710711
v -0.492458 -0.109894 -1.726264
v -0.555504 -0.104140 -1.749761
v -0.617140 -0.099951 -1.772157
v -0.681127 -0.101449 -1.785967
v -0.749070 -0.109040 -1.791757
v -0.815259 -0.116249 -1.802737
v -0.870162 -0.115477 -1.832135
v -0.923975 -0.116916 -1.861759
v -0.984323 -0.126088 -1.884143
v 0.892939 -0.102241 -1.980364
v 0.861213 -0.111853 -1.936567
v 0.825334 -0.123156 -1.892289
v 0.773951 -0.124103 -1.865964
v 0.718261 -0.123979 -1.844661
v 0.661273 -0.125683 -1.823499
v 0.602922 -0.129168 -1.802014
v 0.543128 -0.134390 -1.779794
v 0.479674 -0.137417 -1.763469
v 0.415652 -0.143031 -1.744398
v 0.349804 -0.148808 -1.726704
v 0.281888 -0.153251 -1.713044
v 0.213094 -0.159043 -1.698252
v 0.143592 -0.167960 -1.678688
v 0.073196 -0.185016 -1.644461
v 0.000000 -0.195092 -1.624558
v -0.073580 -0.189738 -1.635377
v -0.145955 -0.182585 -1.650697
v -0.215676 -0.169793 -1.677841
v -0.283613 -0.158679 -1.702846
v -0.352906 -0.156663 -1.712136
v -0.422269 -0.157057 -1.718786
v -0.489631 -0.155552 -1.730943
v -0.552233 -0.148907 -1.754292
v -0.613371 -0.143953 -1.776657
v -0.677879 -0.146764 -1.788350
v -0.744955 -0.154660 -1.795184
v -0.809696 -0.161594 -1.807855
v -0.863942 -0.160377 -1.837255
v -0.917017 -0.161632 -1.866974
v -0.973543 -0.169180 -1.892790
v 0.879339 -0.135289 -1.991787
v 0.846973 -0.144633 -1.950647
v 0.807653 -0.152573 -1.913659
v 0.757527 -0.153561 -1.888712
v 0.703419 -0.153734 -1.868147
v 0.647918 -0.155868 -1.847761
v 0.590977 -0.159915 -1.827095
v 0.532529 -0.165820 -1.805741
v 0.470582 -0.169598 -1.789513
v 0.406747 -0.173271 -1.775247
v 0.343516 -0.183009 -1.752872
v 0.276837 -0.187971 -1.739604
v 0.209238 -0.194211 -1.725587
v 0.140895 -0.203401 -1.707840
v 0.071682 -0.220257 -1.678283
v -0.000000 -0.239832 -1.645059
v -0.073251 -0.241701 -1.642467
v -0.144792 -0.230302 -1.663122
v -0.213964 -0.216193 -1.689315
v -0.281383 -0.203975 -1.713454
v -0.350387 -0.202506 -1.721394
v -0.419127 -0.202699 -1.728405
v -0.486787 -0.202717 -1.737659
v -0.548889 -0.195099 -1.760770
v -0.609451 -0.189265 -1.783013
v -0.674669 -0.193998 -1.791982
v -0.740750 -0.201901 -1.799853
v -0.803706 -0.207923 -1.814458
v -0.857141 -0.206106 -1.843730
v -0.909301 -0.207015 -1.873407
v -0.960345 -0.210807 -1.904076
v 0.860917 -0.163417 -2.008615
v 0.826572 -0.170191 -1.972842
v 0.788542 -0.178744 -1.937780
v 0.741768 -0.182248 -1.911398
v 0.689238 -0.182789 -1.891632
v 0.635193 -0.185410 -1.872071
v 0.579615 -0.190058 -1.852274
v 0.522466 -0.196665 -1.831837
v 0.461922 -0.201170 -1.815928
v 0.399351 -0.205313 -1.802140
v 0.335761 -0.211122 -1.787529
v 0.271980 -0.221943 -1.767107
v 0.205566 -0.228768 -1.753590
v 0.138343 -0.238211 -1.737390
v 0.070200 -0.253768 -1.713227
v -0.000000 -0.274981 -1.681674
v -0.072982 -0.295593 -1.652033
v -0.143795 -0.279680 -1.676982
v -0.212490 -0.264317 -1.702162
v -0.279639 -0.251753 -1.724369
v -0.348119 -0.249937 -1.732497
v -0.416253 -0.249831 -1.739843
v -0.484078 -0.251383 -1.746727
v -0.545652 -0.242705 -1.769505
v -0.606882 -0.238136 -1.788519
v -0.671752 -0.243263 -1.797198
v -0.736747 -0.250843 -1.806049
v -0.797564 -0.255135 -1.822815
v -0.850030 -0.252500 -1.851756
v -0.901074 -0.252828 -1.881165
v -0.950847 -0.256333 -1.911613
v 0.839770 -0.186992 -2.028778
v 0.806778 -0.194170 -1.995142
v 0.770081 -0.203290 -1.962280
v 0.727048 -0.210348 -1.934159
v 0.676058 -0.211375 -1.915292
v 0.623395 -0.214560 -1.896619
v 0.569091 -0.219857 -1.877736
v 0.513149 -0.227191 -1.858254
v 0.453882 -0.232390 -1.842839
v 0.392493 -0.237025 -1.829558
v 0.330037 -0.243381 -1.815510
v 0.266504 -0.251454 -1.800549
v 0.202118 -0.262730 -1.782637
v 0.135976 -0.272566 -1.767578
v 0.068776 -0.285693 -1.749246
v -0.000000 -0.308415 -1.719434
v -0.071474 -0.329860 -1.692287
v -0.143009 -0.330911 -1.692641
v -0.211322 -0.314351 -1.716754
v -0.278317 -0.301759 -1.736880
v -0.346216 -0.299054 -1.745765
v -0.413791 -0.298553 -1.753409
v -0.480966 -0.299771 -1.760618
v -0.542726 -0.291696 -1.780831
v -0.605400 -0.290216 -1.794887
v -0.669425 -0.294659 -1.804370
v -0.732824 -0.300822 -1.814900
v -0.790922 -0.302117 -1.834252
v -0.842923 -0.299323 -1.861529
v -0.892624 -0.298747 -1.890348
v -0.938637 -0.299177 -1.922594
v 0.819453 -0.209015 -2.048706
v 0.787955 -0.216521 -2.017522
v 0.752644 -0.226171 -1.987185
v 0.713612 -0.237846 -1.957290
v 0.664197 -0.239685 -1.939323
v 0.612807 -0.243548 -1.921628
v 0.559649 -0.249559 -1.903706
v 0.504787 -0.257649 -1.885209
v 0.446645 -0.263510 -1.870414
v 0.386326 -0.268656 -1.857665
v 0.324893 -0.275557 -1.844201
v 0.262360 -0.284226 -1.829898
v 0.198702 -0.294636 -1.814683
v 0.133847 -0.306725 -1.798540
v 0.067677 -0.320397 -1.781522
v -0.000000 -0.340297 -1.758307
v -0.069905 -0.359764 -1.736591
v -0.141100 -0.371800 -1.724541
v -0.211149 -0.370250 -1.729198
v -0.278873 -0.360496 -1.744331
v -0.345602 -0.352942 -1.758199
v -0.411892 -0.348938 -1.769437
v -0.478469 -0.349631 -1.777001
v -0.540995 -0.343590 -1.793403
v -0.604777 -0.344804 -1.803734
v -0.667996 -0.348255 -1.813897
v -0.727401 -0.348369 -1.830020
v -0.784098 -0.348409 -1.849016
v -0.836134 -0.346306 -1.873259
v -0.884232 -0.344408 -1.901064
v -0.920033 -0.333373 -1.941171
v 0.800291 -0.229554 -2.068503
v 0.770534 -0.237323 -2.040328
v 0.736715 -0.247348 -2.012740
v 0.698808 -0.259714 -1.985490
v 0.653961 -0.267894 -1.963953
v 0.603704 -0.272583 -1.947354
v 0.551530 -0.279391 -1.930448
v 0.497590 -0.288271 -1.912956
v 0.440397 -0.294768 -1.898867
v 0.381003 -0.300444 -1.886667
v 0.320455 -0.307890 -1.873801
v 0.258786 -0.317135 -1.860171
v 0.195989 -0.328168 -1.845721
v 0.131852 -0.339426 -1.831978
v 0.066741 -0.355349 -1.814436
v 0.000000 -0.371277 -1.797807
v -0.068495 -0.388593 -1.780775
v -0.138894 -0.407262 -1.763522
v -0.211160 -0.427250 -1.746259
v -0.279983 -0.422512 -1.755130
v -0.346836 -0.414094 -1.768845
v -0.412735 -0.407874 -1.781583
v -0.477757 -0.403822 -1.793471
v -0.541942 -0.401866 -1.804702
v -0.605300 -0.401937 -1.815520
v -0.666469 -0.401348 -1.828735
v -0.723361 -0.397127 -1.847260
v -0.777730 -0.393950 -1.867006
v -0.828021 -0.389894 -1.890230
v -0.872457 -0.384091 -1.918386
v -0.901792 -0.365435 -1.960554
v 0.783724 -0.247249 -2.087229
v 0.755598 -0.255795 -2.063300
v 0.723014 -0.266545 -2.039179
v 0.685803 -0.279835 -2.014802
v 0.645205 -0.295187 -1.990342
v 0.596378 -0.301871 -1.974111
v 0.544987 -0.309560 -1.958265
v 0.491774 -0.319268 -1.941788
v 0.435328 -0.326387 -1.928449
v 0.376683 -0.332610 -1.916809
v 0.316850 -0.340603 -1.904553
v 0.255882 -0.350409 -1.891602
v 0.193785 -0.362033 -1.877926
v 0.130293 -0.373159 -1.865584
v 0.065699 -0.384888 -1.853608
v 0.000000 -0.403886 -1.836027
v -0.067698 -0.425287 -1.817291
v -0.137256 -0.444751 -1.801417
v -0.208618 -0.465524 -1.785606
v -0.280823 -0.482956 -1.774103
v -0.346775 -0.469456 -1.791214
v -0.411503 -0.458751 -1.806885
v -0.473197 -0.444688 -1.826476
v -0.534832 -0.437294 -1.841340
v -0.597469 -0.437634 -1.850828
v -0.655897 -0.432776 -1.866035
v -0.710590 -0.425924 -1.884283
v -0.763286 -0.421624 -1.901978
v -0.812624 -0.417362 -1.921733
v -0.855062 -0.410301 -1.946244
v -0.885190 -0.393687 -1.980339
v 0.769461 -0.262510 -2.105258
v 0.743016 -0.272094 -2.086529
v 0.711742 -0.283852 -2.066784
v 0.675046 -0.298243 -2.045641
v 0.635025 -0.314575 -2.023911
v 0.591148 -0.331610 -2.002266
v 0.540289 -0.340254 -1.987496
v 0.487572 -0.350827 -1.972027
v 0.431639 -0.358571 -1.959447
v 0.373529 -0.365359 -1.948374
v 0.314212 -0.373900 -1.936731
v 0.253753 -0.384256 -1.924465
v 0.192119 -0.396109 -1.911833
v 0.129094 -0.406941 -1.900858
v 0.065089 -0.419170 -1.889661
v -0.000000 -0.430185 -1.880374
v -0.066794 -0.455736 -1.860498
v -0.136016 -0.482506 -1.840744
v -0.206676 -0.503987 -1.826365
v -0.278602 -0.524565 -1.813912
v -0.344026 -0.510309 -1.829986
v -0.406769 -0.493309 -1.849070
v -0.466442 -0.474065 -1.870675
v -0.527097 -0.465871 -1.884590
v -0.588746 -0.465810 -1.893273
v -0.645930 -0.459604 -1.907542
v -0.700943 -0.454700 -1.921776
v -0.752606 -0.449402 -1.937219
v -0.800733 -0.443766 -1.954035
v -0.841048 -0.435021 -1.974114
v -0.870240 -0.418268 -2.000719
v 0.637878 0.662288 -3.616063
v 0.659051 0.670471 -3.586723
v 0.677200 0.675585 -3.549716
v 0.702878 0.688458 -3.512652
v 0.730104 0.703226 -3.473220
v 0.759016 0.719868 -3.431346
v 0.789530 0.738377 -3.387209
v 0.820646 0.757791 -3.340512
v 0.843455 0.768529 -3.287072
v 0.872035 0.785900 -3.234617
v 0.890657 0.792783 -3.176204
v 0.911801 0.802981 -3.117844
v 0.936088 0.817451 -3.059466
v 0.960630 0.833169 -2.999911
v 0.985178 0.850038 -2.939042
v 1.009433 0.867906 -2.876679
v 1.024946 0.876869 -2.812088
v 1.028325 0.872585 -2.746677
v 1.022124 0.857758 -2.682361
v 1.005624 0.831177 -2.620755
v 0.997163 0.815540 -2.560674
v 0.990359 0.803235 -2.502038
v 0.982957 0.791563 -2.445132
v 0.974882 0.780523 -2.390043
v 0.965851 0.769839 -2.336952
v 0.952264 0.754806 -2.287781
v 0.938688 0.741519 -2.241095
v 0.920992 0.724482 -2.199545
v 0.902732 0.708808 -2.161292
v 0.888570 0.701179 -2.125030
v 0.875273 0.697359 -2.091696
v 0.644768 0.638279 -3.620950
v 0.669098 0.643505 -3.588072
v 0.694224 0.650519 -3.551909
v 0.722557 0.661699 -3.514008
v 0.752136 0.674991 -3.474032
v 0.783278 0.690261 -3.431832
v 0.815952 0.707458 -3.387553
v 0.850077 0.726499 -3.341304
v 0.875202 0.737283 -3.288032
v 0.899268 0.747419 -3.232678
v 0.924112 0.758805 -3.176306
v 0.949625 0.771475 -3.118916
v 0.975652 0.785421 -3.060460
v 1.001992 0.800597 -3.000840
v 1.028394 0.816909 -2.939902
v 1.047997 0.827353 -2.876513
v 1.051807 0.822302 -2.810903
v 1.055690 0.818301 -2.746107
v 1.058663 0.814443 -2.682012
v 1.041262 0.789343 -2.620220
v 1.031150 0.773221 -2.560263
v 1.024207 0.761897 -2.501647
v 1.016580 0.751242 -2.444734
v 1.008171 0.741269 -2.389600
v 0.994130 0.726386 -2.338111
v 0.979680 0.712889 -2.288966
v 0.965021 0.701309 -2.242129
v 0.946834 0.687845 -2.199545
v 0.926209 0.674470 -2.160678
v 0.908732 0.668949 -2.122661
v 0.891864 0.668344 -2.086168
v 0.651157 0.611743 -3.627346
v 0.679841 0.616481 -3.592966
v 0.709406 0.623735 -3.556419
v 0.740088 0.633521 -3.517600
v 0.772007 0.645493 -3.476799
v 0.805369 0.659479 -3.434038
v 0.840192 0.675403 -3.389408
v 0.876470 0.693167 -3.342954
v 0.903143 0.703167 -3.289319
v 0.928287 0.712293 -3.233491
v 0.958839 0.726683 -3.178567
v 0.986040 0.738805 -3.120899
v 1.013809 0.752183 -3.062202
v 1.041950 0.766768 -3.002357
v 1.061684 0.774648 -2.939457
v 1.071388 0.774167 -2.874446
v 1.075618 0.769383 -2.809262
v 1.080025 0.765647 -2.744901
v 1.084553 0.763096 -2.681204
v 1.074462 0.747420 -2.618969
v 1.062108 0.730504 -2.558988
v 1.055095 0.720146 -2.500242
v 1.047314 0.710484 -2.443157
v 1.034650 0.697367 -2.388957
v 1.019619 0.683463 -2.337510
v 1.004380 0.671381 -2.288199
v 0.988738 0.661327 -2.240999
v 0.969489 0.650114 -2.197599
v 0.946944 0.638626 -2.158159
v 0.927501 0.635067 -2.118498
v 0.908071 0.636721 -2.079375
v 0.660140 0.584540 -3.637836
v 0.687934 0.586082 -3.598555
v 0.720772 0.593445 -3.561227
v 0.754699 0.603033 -3.522069
v 0.789870 0.614643 -3.481042
v 0.825555 0.627580 -3.437701
v 0.862471 0.642269 -3.392567
v 0.900863 0.658758 -3.345754
v 0.924097 0.664175 -3.289235
v 0.949582 0.671785 -3.232693
v 0.990964 0.692323 -3.181328
v 1.021141 0.704868 -3.123746
v 1.050643 0.717628 -3.064665
v 1.070955 0.723831 -3.001984
v 1.086817 0.727170 -2.937948
v 1.092137 0.722584 -2.872186
v 1.096783 0.718069 -2.807255
v 1.101720 0.714587 -2.743163
v 1.106874 0.712287 -2.679730
v 1.105410 0.705405 -2.617129
v 1.090148 0.687486 -2.556989
v 1.083130 0.678072 -2.497995
v 1.073797 0.668025 -2.440923
v 1.058213 0.653766 -2.387107
v 1.042569 0.641135 -2.335466
v 1.026636 0.630348 -2.285866
v 1.010162 0.621624 -2.238197
v 0.989282 0.611507 -2.194336
v 0.965161 0.601427 -2.154156
v 0.944970 0.599536 -2.112638
v 0.924093 0.602202 -2.071335
v 0.668837 0.555919 -3.649111
v 0.694009 0.553996 -3.604367
v 0.728658 0.560487 -3.565619
v 0.764417 0.568997 -3.525318
v 0.801407 0.579407 -3.483417
v 0.839682 0.591634 -3.439899
v 0.879271 0.605577 -3.394734
v 0.920194 0.621114 -3.347861
v 0.942783 0.624733 -3.289855
v 0.968407 0.630916 -3.232430
v 1.011808 0.649922 -3.181088
v 1.055001 0.669569 -3.127399
v 1.077482 0.675509 -3.065154
v 1.093443 0.677467 -3.000759
v 1.104251 0.676322 -2.935378
v 1.110633 0.672515 -2.869821
v 1.115685 0.668278 -2.804983
v 1.121146 0.665045 -2.741012
v 1.126925 0.662974 -2.677703
v 1.132876 0.662186 -2.614878
v 1.115384 0.644255 -2.554405
v 1.108417 0.635759 -2.495079
v 1.095550 0.623909 -2.438285
v 1.079436 0.610873 -2.384212
v 1.063242 0.599444 -2.332278
v 1.046719 0.589831 -2.282313
v 1.029588 0.582247 -2.234144
v 1.006485 0.572268 -2.190298
v 0.981082 0.563394 -2.149420
v 0.960909 0.563327 -2.106039
v 0.939151 0.566626 -2.063063
v 0.674237 0.523803 -3.658089
v 0.698998 0.520775 -3.610416
v 0.735121 0.526521 -3.570452
v 0.772411 0.534101 -3.529119
v 0.810975 0.543432 -3.486379
v 0.850881 0.554442 -3.442194
v 0.892172 0.567052 -3.396513
v 0.934876 0.581168 -3.349255
v 0.959375 0.584876 -3.291046
v 0.984981 0.589768 -3.232627
v 1.030286 0.607214 -3.181222
v 1.071197 0.622691 -3.126050
v 1.097788 0.630040 -3.064630
v 1.108176 0.627878 -2.998281
v 1.114146 0.623370 -2.931701
v 1.121043 0.619855 -2.866388
v 1.128798 0.617362 -2.802082
v 1.137344 0.616046 -2.738475
v 1.145037 0.615048 -2.675262
v 1.151689 0.614444 -2.612423
v 1.140863 0.602943 -2.551160
v 1.131064 0.593279 -2.491664
v 1.115172 0.580547 -2.434921
v 1.098578 0.568697 -2.380519
v 1.081896 0.558403 -2.328226
v 1.064877 0.549857 -2.277848
v 1.046166 0.542401 -2.229642
v 1.021209 0.532679 -2.185844
v 0.995048 0.524937 -2.144348
v 0.975480 0.526422 -2.099236
v 0.953198 0.530081 -2.054943
v 0.678694 0.490354 -3.666547
v 0.703045 0.486723 -3.616460
v 0.740348 0.491824 -3.575460
v 0.778908 0.498569 -3.533210
v 0.818830 0.506892 -3.489684
v 0.860186 0.516736 -3.444841
v 0.903021 0.528042 -3.398623
v 0.947357 0.540748 -3.350947
v 0.974039 0.544637 -3.292679
v 0.999519 0.548409 -3.233211
v 1.046461 0.564192 -3.181626
v 1.076423 0.571490 -3.121913
v 1.107732 0.580098 -3.061828
v 1.116270 0.576819 -2.994766
v 1.122343 0.572543 -2.928149
v 1.129491 0.569197 -2.862902
v 1.137657 0.566805 -2.798740
v 1.146773 0.565524 -2.735331
v 1.156707 0.565529 -2.672384
v 1.167269 0.566966 -2.609620
v 1.165370 0.562058 -2.547574
v 1.150001 0.549961 -2.488054
v 1.132912 0.537909 -2.431041
v 1.115892 0.527211 -2.376267
v 1.098784 0.517993 -2.323577
v 1.081352 0.510425 -2.272763
v 1.059116 0.501715 -2.225390
v 1.033535 0.493023 -2.181298
v 1.008329 0.487321 -2.138499
v 0.988604 0.489136 -2.092533
v 0.966096 0.492927 -2.047219
v 0.682619 0.456218 -3.674596
v 0.706743 0.452412 -3.622624
v 0.744525 0.456653 -3.580364
v 0.784150 0.462593 -3.537316
v 0.825241 0.469935 -3.493080
v 0.867869 0.478638 -3.447623
v 0.912075 0.488663 -3.400889
v 0.957872 0.499970 -3.352798
v 0.986929 0.504045 -3.294622
v 1.012233 0.506890 -3.234115
v 1.049037 0.515583 -3.177761
v 1.079709 0.521938 -3.118037
v 1.111875 0.529509 -3.058060
v 1.123076 0.527622 -2.991589
v 1.129229 0.523640 -2.924824
v 1.136595 0.520510 -2.859520
v 1.145129 0.518252 -2.795378
v 1.154766 0.517020 -2.732051
v 1.165369 0.516989 -2.669227
v 1.176739 0.518312 -2.606596
v 1.184121 0.518705 -2.544083
v 1.166668 0.506875 -2.484236
v 1.149004 0.495936 -2.426845
v 1.131617 0.486361 -2.371681
v 1.114149 0.478168 -2.318589
v 1.094438 0.470340 -2.268019
v 1.069591 0.461287 -2.221248
v 1.043558 0.453570 -2.176989
v 1.019870 0.449811 -2.132866
v 1.000170 0.451797 -2.086252
v 0.977644 0.455561 -2.040166
v 0.686057 0.421511 -3.682039
v 0.710381 0.417926 -3.628811
v 0.747866 0.421113 -3.584938
v 0.788386 0.426264 -3.541209
v 0.830470 0.432650 -3.496356
v 0.874187 0.440240 -3.450356
v 0.919574 0.449011 -3.403159
v 0.966640 0.458935 -3.354688
v 0.998181 0.463133 -3.296754
v 1.021369 0.464473 -3.234437
v 1.050112 0.468481 -3.174233
v 1.081391 0.473947 -3.114455
v 1.114303 0.480514 -3.054524
v 1.128923 0.480055 -2.988820
v 1.135136 0.476429 -2.921821
v 1.142691 0.473564 -2.856359
v 1.151556 0.471479 -2.792132
v 1.161660 0.470316 -2.728786
v 1.172871 0.470245 -2.665992
v 1.184985 0.471421 -2.603415
v 1.197738 0.473974 -2.540702
v 1.184153 0.465439 -2.480081
v 1.165260 0.455332 -2.422276
v 1.145954 0.446083 -2.366968
v 1.127061 0.438298 -2.313797
v 1.102915 0.429276 -2.264308
v 1.077739 0.421307 -2.217489
v 1.051396 0.414526 -2.173201
v 1.029703 0.412549 -2.127741
v 1.010140 0.414589 -2.080654
v 0.987720 0.418211 -2.033988
v 0.689087 0.386244 -3.688823
v 0.713541 0.382975 -3.634523
v 0.750521 0.385257 -3.589113
v 0.791771 0.389658 -3.544809
v 0.834673 0.395127 -3.499432
v 0.879295 0.401643 -3.452963
v 0.925674 0.409186 -3.405360
v 0.973816 0.417739 -3.356548
v 1.007896 0.421945 -3.298991
v 1.021528 0.419668 -3.231735
v 1.049977 0.422790 -3.171061
v 1.081763 0.427413 -3.111199
v 1.114925 0.432871 -3.051149
v 1.129465 0.432281 -2.985262
v 1.140349 0.430661 -2.919223
v 1.148071 0.428111 -2.853526
v 1.157225 0.426237 -2.789127
v 1.167745 0.425169 -2.725677
v 1.179496 0.425064 -2.662832
v 1.192278 0.426072 -2.600235
v 1.205823 0.428323 -2.537505
v 1.197153 0.422877 -2.476275
v 1.179484 0.414701 -2.417856
v 1.159040 0.406313 -2.362274
v 1.137953 0.398725 -2.309240
v 1.114227 0.391228 -2.259257
v 1.089905 0.384871 -2.211682
v 1.064789 0.379770 -2.166281
v 1.038642 0.376034 -2.122782
v 1.018522 0.377625 -2.075822
v 0.996300 0.380991 -2.028735
v 0.691736 0.350558 -3.694884
v 0.716263 0.347688 -3.639692
v 0.752569 0.349226 -3.592839
v 0.794397 0.352909 -3.548061
v 0.837953 0.357491 -3.502245
v 0.883308 0.362955 -3.455382
v 0.930500 0.369288 -3.407430
v 0.979534 0.376474 -3.358318
v 1.015870 0.380447 -3.301117
v 1.020608 0.375974 -3.229308
v 1.048888 0.378398 -3.168256
v 1.081090 0.382217 -3.108296
v 1.107656 0.384742 -3.045977
v 1.122255 0.384137 -2.980202
v 1.137810 0.383986 -2.915393
v 1.152972 0.383882 -2.851115
v 1.162378 0.382258 -2.786482
v 1.173258 0.381313 -2.722857
v 1.185478 0.381188 -2.659892
v 1.198843 0.382018 -2.597210
v 1.213085 0.383929 -2.534405
v 1.207441 0.380283 -2.472753
v 1.189152 0.373205 -2.414070
v 1.170978 0.366959 -2.357733
v 1.152770 0.361660 -2.303511
v 1.130423 0.355967 -2.252416
v 1.105570 0.350551 -2.204257
v 1.079931 0.346203 -2.158295
v 1.053278 0.343022 -2.114247
v 1.025320 0.341107 -2.071794
v 1.003327 0.344094 -2.024454
v 0.694012 0.314621 -3.700144
v 0.718566 0.312222 -3.644233
v 0.754074 0.313173 -3.596046
v 0.796340 0.316153 -3.550893
v 0.840403 0.319861 -3.504726
v 0.886332 0.324282 -3.457541
v 0.934168 0.329404 -3.409298
v 0.983916 0.335214 -3.359930
v 1.014367 0.336994 -3.299372
v 1.018779 0.333309 -3.227119
v 1.047072 0.335183 -3.165817
v 1.079601 0.338225 -3.105759
v 1.098964 0.338556 -3.040983
v 1.113566 0.337989 -2.975327
v 1.129239 0.337789 -2.910704
v 1.145902 0.337922 -2.846918
v 1.160218 0.337632 -2.783220
v 1.172455 0.337056 -2.719789
v 1.185192 0.336924 -2.656919
v 1.198219 0.337335 -2.594347
v 1.211268 0.338382 -2.531786
v 1.216376 0.338138 -2.469530
v 1.200215 0.332992 -2.410223
v 1.181850 0.327900 -2.353487
v 1.163466 0.323575 -2.298895
v 1.144874 0.320115 -2.246163
v 1.120234 0.315877 -2.197199
v 1.094127 0.312303 -2.150680
v 1.067013 0.309688 -2.106093
v 1.038607 0.308116 -2.063103
v 1.008731 0.307732 -2.021206
v 0.695914 0.278589 -3.704512
v 0.720465 0.276724 -3.648053
v 0.755092 0.277238 -3.598660
v 0.797675 0.279514 -3.553226
v 0.842109 0.282343 -3.506791
v 0.888465 0.285712 -3.459356
v 0.936785 0.289609 -3.410883
v 0.987078 0.294022 -3.361307
v 1.012070 0.294415 -3.297718
v 1.016186 0.291591 -3.225121
v 1.044728 0.293010 -3.163729
v 1.075751 0.295003 -3.102967
v 1.089105 0.294221 -3.036203
v 1.103660 0.293741 -2.970694
v 1.119388 0.293536 -2.906276
v 1.136213 0.293578 -2.842749
v 1.153721 0.293812 -2.779817
v 1.166250 0.293325 -2.716612
v 1.179375 0.293173 -2.654018
v 1.192884 0.293437 -2.591764
v 1.206509 0.294192 -2.529550
v 1.222648 0.296043 -2.466849
v 1.210240 0.292883 -2.406819
v 1.191708 0.288989 -2.349679
v 1.173167 0.285672 -2.294713
v 1.154432 0.283013 -2.241628
v 1.133838 0.280754 -2.190650
v 1.107303 0.277995 -2.143571
v 1.079762 0.275970 -2.098443
v 1.050933 0.274751 -2.054921
v 1.020456 0.274403 -2.012630
v 0.697436 0.242606 -3.707890
v 0.721969 0.241327 -3.651044
v 0.755678 0.241548 -3.600589
v 0.798469 0.243101 -3.554964
v 0.843150 0.245028 -3.508345
v 0.889797 0.247319 -3.460733
v 0.938452 0.249960 -3.412094
v 0.989125 0.252945 -3.362363
v 1.009091 0.252643 -3.296077
v 1.012953 0.250734 -3.223250
v 1.042026 0.251735 -3.161961
v 1.065122 0.252185 -3.098281
v 1.078310 0.251634 -3.031664
v 1.092774 0.251284 -2.966352
v 1.108493 0.251112 -2.902178
v 1.125401 0.251103 -2.838942
v 1.143386 0.251253 -2.776401
v 1.158767 0.251193 -2.713868
v 1.172173 0.251052 -2.651574
v 1.186041 0.251189 -2.589659
v 1.206166 0.252430 -2.527692
v 1.226711 0.254177 -2.464802
v 1.216470 0.252318 -2.404349
v 1.199264 0.249867 -2.346698
v 1.180933 0.247651 -2.291349
v 1.161309 0.245713 -2.238208
v 1.140202 0.244094 -2.187157
v 1.117399 0.242838 -2.138053
v 1.091420 0.241769 -2.091434
v 1.062177 0.240927 -2.047371
v 1.031279 0.240684 -2.004542
v 0.698562 0.206809 -3.710172
v 0.723079 0.206156 -3.653093
v 0.755880 0.206210 -3.601735
v 0.798782 0.207006 -3.556005
v 0.843601 0.207992 -3.509280
v 0.890412 0.209161 -3.461565
v 0.939259 0.210504 -3.412827
v 0.983967 0.211671 -3.359849
v 1.005519 0.211613 -3.294355
v 1.009179 0.210652 -3.221429
v 1.039109 0.211204 -3.160467
v 1.053782 0.210970 -3.093769
v 1.066781 0.210683 -3.027382
v 1.081114 0.210494 -2.962337
v 1.096765 0.210393 -2.898470
v 1.113674 0.210370 -2.835580
v 1.131736 0.210425 -2.773429
v 1.150182 0.210544 -2.711673
v 1.163759 0.210451 -2.649718
v 1.177860 0.210498 -2.588176
v 1.204862 0.211517 -2.526501
v 1.225272 0.212357 -2.463750
v 1.209193 0.211001 -2.404134
v 1.192173 0.209739 -2.346930
v 1.174065 0.208594 -2.292062
v 1.154703 0.207588 -2.239434
v 1.133903 0.206746 -2.188922
v 1.111454 0.206091 -2.140378
v 1.087111 0.205644 -2.093624
v 1.060584 0.205427 -2.048461
v 1.031537 0.205459 -2.004674
v 0.699273 0.171238 -3.711244
v 0.723793 0.171238 -3.654077
v 0.755737 0.171238 -3.601991
v 0.798667 0.171238 -3.556232
v 0.843523 0.171238 -3.509479
v 0.890381 0.171238 -3.461735
v 0.939284 0.171238 -3.412970
v 0.978353 0.171238 -3.357058
v 1.001422 0.171238 -3.292447
v 1.005330 0.171238 -3.219733
v 1.030448 0.171238 -3.156977
v 1.041905 0.171238 -3.089414
v 1.054699 0.171238 -3.023358
v 1.068863 0.171238 -2.958675
v 1.084387 0.171238 -2.895200
v 1.101218 0.171238 -2.832737
v 1.119254 0.171238 -2.771047
v 1.138350 0.171238 -2.709860
v 1.154280 0.171238 -2.648574
v 1.170848 0.171238 -2.587527
v 1.199719 0.171238 -2.526163
v 1.215717 0.171238 -2.463995
v 1.199786 0.171238 -2.404884
v 1.182953 0.171238 -2.348213
v 1.165069 0.171238 -2.293903
v 1.145974 0.171238 -2.241854
v 1.125484 0.171238 -2.191941
v 1.103394 0.171238 -2.144008
v 1.079457 0.171238 -2.097871
v 1.053386 0.171238 -2.053323
v 1.024839 0.171238 -2.010139
v 0.699540 0.135600 -3.711021
v 0.724093 0.136254 -3.653906
v 0.755267 0.136305 -3.601279
v 0.798149 0.135509 -3.555568
v 0.842949 0.134523 -3.508862
v 0.889741 0.133354 -3.461165
v 0.938569 0.132011 -3.412446
v 0.972451 0.131452 -3.353980
v 0.996850 0.131344 -3.290285
v 1.002379 0.132198 -3.218502
v 1.018412 0.132405 -3.152350
v 1.029639 0.132825 -3.085215
v 1.042211 0.133138 -3.019607
v 1.056172 0.133355 -2.955394
v 1.071514 0.133487 -2.892415
v 1.088188 0.133543 -2.830473
v 1.106098 0.133522 -2.769330
v 1.125100 0.133401 -2.708710
v 1.143865 0.133218 -2.648231
v 1.165524 0.132738 -2.587815
v 1.186369 0.132134 -2.526845
v 1.204191 0.131503 -2.465214
v 1.188408 0.132888 -2.406706
v 1.171762 0.134177 -2.350648
v 1.154106 0.135347 -2.296962
v 1.135279 0.136374 -2.245545
v 1.115101 0.137234 -2.196269
v 1.093365 0.137903 -2.148974
v 1.069826 0.138358 -2.103474
v 1.044196 0.138577 -2.059557
v 1.016132 0.138543 -2.016994
v 0.699380 0.099607 -3.709579
v 0.723983 0.100888 -3.652662
v 0.754460 0.101080 -3.599682
v 0.797211 0.099528 -3.554095
v 0.841853 0.097601 -3.507513
v 0.888461 0.095312 -3.459938
v 0.937079 0.092671 -3.411336
v 0.966294 0.092085 -3.350721
v 0.987715 0.092200 -3.286036
v 0.996339 0.093568 -3.216096
v 1.006086 0.094677 -3.147864
v 1.017087 0.095550 -3.081269
v 1.029431 0.096209 -3.016211
v 1.043159 0.096675 -2.952564
v 1.058269 0.096968 -2.890169
v 1.074718 0.097105 -2.828833
v 1.092413 0.097087 -2.768308
v 1.111213 0.096867 -2.708314
v 1.130915 0.096384 -2.648554
v 1.151262 0.095580 -2.588700
v 1.171932 0.094394 -2.528391
v 1.190868 0.092994 -2.467360
v 1.175246 0.095740 -2.409531
v 1.158800 0.098284 -2.354149
v 1.141386 0.100582 -2.301136
v 1.122841 0.102590 -2.250386
v 1.102984 0.104264 -2.201768
v 1.081605 0.105560 -2.155125
v 1.058459 0.106436 -2.110269
v 1.033256 0.106853 -2.066986
v 1.005653 0.106777 -2.025052
v 0.698802 0.063311 -3.707021
v 0.723458 0.065179 -3.650458
v 0.753282 0.065573 -3.597311
v 0.795806 0.063298 -3.551933
v 0.840181 0.060471 -3.505553
v 0.886479 0.057106 -3.458172
v 0.933519 0.053421 -3.409080
v 0.959873 0.053011 -3.347424
v 0.975530 0.054130 -3.280543
v 0.989930 0.055223 -3.213810
v 0.994335 0.057772 -3.143965
v 1.004329 0.059254 -3.077688
v 1.016436 0.060286 -3.013263
v 1.029909 0.061027 -2.950256
v 1.044748 0.061506 -2.888514
v 1.060913 0.061747 -2.827844
v 1.078317 0.061748 -2.767990
v 1.096821 0.061442 -2.708660
v 1.120726 0.059925 -2.649876
v 1.136251 0.059556 -2.590360
v 1.156594 0.057810 -2.530718
v 1.175907 0.055618 -2.470328
v 1.160467 0.059681 -2.413233
v 1.144244 0.063429 -2.358570
v 1.127094 0.066798 -2.306259
v 1.108850 0.069726 -2.256196
v 1.089328 0.072156 -2.208252
v 1.068314 0.074028 -2.162269
v 1.045563 0.075288 -2.118061
v 1.020782 0.075881 -2.075422
v 0.997795 0.074567 -2.030791
v 0.697813 0.026855 -3.703447
v 0.722505 0.029258 -3.647402
v 0.751691 0.029886 -3.594270
v 0.793879 0.026909 -3.549189
v 0.837864 0.023206 -3.503094
v 0.883716 0.018792 -3.455980
v 0.927047 0.014679 -3.405363
v 0.953157 0.014137 -3.344219
v 0.965463 0.016341 -3.276371
v 0.984191 0.016819 -3.212215
v 0.988663 0.020205 -3.142914
v 0.994145 0.023177 -3.075544
v 1.003282 0.025206 -3.010844
v 1.016483 0.026242 -2.948529
v 1.031020 0.026924 -2.887485
v 1.046853 0.027283 -2.827522
v 1.063901 0.027314 -2.768368
v 1.088988 0.025274 -2.710491
v 1.108185 0.024275 -2.651751
v 1.121645 0.024210 -2.592740
v 1.140504 0.022178 -2.533728
v 1.159438 0.019294 -2.474007
v 1.144210 0.024629 -2.417678
v 1.128240 0.029526 -2.363757
v 1.111380 0.033908 -2.312164
v 1.093462 0.037702 -2.262801
v 1.074296 0.040836 -2.215539
v 1.053665 0.043243 -2.170223
v 1.031319 0.044857 -2.126674
v 1.010062 0.044513 -2.082578
v 0.989626 0.041933 -2.036542
v 0.696409 -0.009607 -3.698948
v 0.721107 -0.006732 -3.643591
v 0.750958 -0.006260 -3.591635
v 0.791368 -0.009535 -3.545962
v 0.834829 -0.014108 -3.500235
v 0.880089 -0.019559 -3.453460
v 0.920269 -0.023920 -3.401770
v 0.943154 -0.023794 -3.339720
v 0.962435 -0.023054 -3.275970
v 0.978044 -0.021640 -3.210963
v 0.982616 -0.017450 -3.142282
v 0.988147 -0.013761 -3.075484
v 0.994744 -0.010536 -3.010517
v 1.002915 -0.007861 -2.947431
v 1.017124 -0.006967 -2.887107
v 1.032585 -0.006485 -2.827868
v 1.054457 -0.007963 -2.770208
v 1.082066 -0.011437 -2.713063
v 1.095065 -0.010966 -2.654227
v 1.108112 -0.011054 -2.595745
v 1.123771 -0.012717 -2.537311
v 1.141572 -0.016060 -2.478277
v 1.126590 -0.009504 -2.422729
v 1.110905 -0.003511 -2.369556
v 1.094370 0.001833 -2.318687
v 1.076811 0.006444 -2.270029
v 1.058030 0.010244 -2.223455
v 1.037807 0.013157 -2.178817
v 1.018298 0.014102 -2.134542
v 1.000590 0.012246 -2.088734
v 0.980089 0.009183 -2.043146
v 0.694584 -0.045912 -3.693606
v 0.719240 -0.042640 -3.639115
v 0.751828 -0.043257 -3.590090
v 0.790668 -0.046790 -3.544044
v 0.831296 -0.051473 -3.497257
v 0.875505 -0.057862 -3.450698
v 0.913120 -0.062430 -3.398408
v 0.933514 -0.061603 -3.335927
v 0.959103 -0.062981 -3.276015
v 0.971428 -0.060271 -3.210141
v 0.976127 -0.055327 -3.142139
v 0.981729 -0.050957 -3.075950
v 0.988334 -0.047131 -3.011540
v 0.996000 -0.043809 -2.948846
v 1.004749 -0.040947 -2.887777
v 1.021553 -0.040967 -2.829514
v 1.047515 -0.044402 -2.773040
v 1.069269 -0.046709 -2.715578
v 1.081375 -0.045999 -2.657215
v 1.093936 -0.046116 -2.599221
v 1.106680 -0.047180 -2.541337
v 1.122392 -0.050529 -2.483016
v 1.107694 -0.042804 -2.428247
v 1.092334 -0.035764 -2.375818
v 1.076165 -0.029500 -2.325671
v 1.059005 -0.024104 -2.277719
v 1.040649 -0.019661 -2.231840
v 1.023106 -0.017323 -2.186793
v 1.007620 -0.018058 -2.140913
v 0.989841 -0.020121 -2.095563
v 0.969290 -0.023577 -2.050512
v 0.692321 -0.081886 -3.687493
v 0.716877 -0.078301 -3.634050
v 0.752155 -0.080464 -3.588147
v 0.790463 -0.084653 -3.542652
v 0.830471 -0.090174 -3.496357
v 0.872275 -0.096991 -3.449212
v 0.906329 -0.101221 -3.395815
v 0.930009 -0.101823 -3.335927
v 0.955311 -0.103553 -3.276555
v 0.964259 -0.099190 -3.209821
v 0.969104 -0.093558 -3.142537
v 0.974792 -0.088561 -3.076979
v 0.981413 -0.084176 -3.013128
v 0.989021 -0.080370 -2.950938
v 0.997630 -0.077102 -2.890334
v 1.014598 -0.077416 -2.832549
v 1.039778 -0.081423 -2.776288
v 1.055464 -0.081822 -2.718503
v 1.067086 -0.081028 -2.660610
v 1.079097 -0.081177 -2.603048
v 1.091227 -0.082394 -2.545583
v 1.101956 -0.084201 -2.488095
v 1.087586 -0.075353 -2.434092
v 1.072598 -0.067304 -2.382398
v 1.056844 -0.060149 -2.332967
v 1.040136 -0.053984 -2.285722
v 1.024914 -0.050333 -2.239445
v 1.011249 -0.049609 -2.193190
v 0.995717 -0.050294 -2.147775
v 0.977902 -0.052468 -2.102970
v 0.957338 -0.056219 -2.058555
v 0.689586 -0.117383 -3.680666
v 0.715655 -0.114429 -3.629823
v 0.751818 -0.117751 -3.585831
v 0.789447 -0.122657 -3.541003
v 0.828676 -0.129081 -3.495301
v 0.869602 -0.136971 -3.448662
v 0.897486 -0.139413 -3.392786
v 0.921961 -0.140867 -3.334382
v 0.947323 -0.143231 -3.275946
v 0.956427 -0.138517 -3.210060
v 0.961427 -0.132279 -3.143516
v 0.967208 -0.126723 -3.078589
v 0.973849 -0.121836 -3.015280
v 0.981396 -0.117594 -2.953562
v 0.989855 -0.113961 -2.893378
v 1.006798 -0.114607 -2.835979
v 1.030486 -0.118880 -2.779775
v 1.041042 -0.117119 -2.721790
v 1.052131 -0.116254 -2.664298
v 1.063536 -0.116436 -2.607098
v 1.074991 -0.117783 -2.549987
v 1.080299 -0.117154 -2.493389
v 1.066307 -0.107223 -2.440130
v 1.051746 -0.098194 -2.389156
v 1.036470 -0.090159 -2.340437
v 1.023986 -0.085453 -2.292610
v 1.011826 -0.082991 -2.245689
v 0.998162 -0.081980 -2.199901
v 0.982634 -0.082516 -2.155034
v 0.964838 -0.084698 -2.110872
v 0.944317 -0.088640 -2.067204
v 0.686293 -0.152369 -3.673175
v 0.715198 -0.151188 -3.626292
v 0.750630 -0.155066 -3.583184
v 0.787424 -0.160738 -3.539153
v 0.825713 -0.168119 -3.494145
v 0.865591 -0.177142 -3.448091
v 0.888505 -0.177861 -3.390542
v 0.912550 -0.179819 -3.333063
v 0.934169 -0.180994 -3.273853
v 0.944415 -0.176575 -3.209448
v 0.952947 -0.171630 -3.145103
v 0.958818 -0.165595 -3.080787
v 0.965476 -0.160272 -3.017981
v 0.972954 -0.155650 -2.956680
v 0.981249 -0.151702 -2.896848
v 0.997978 -0.152698 -2.839719
v 1.015827 -0.154707 -2.782939
v 1.025892 -0.152800 -2.725331
v 1.036407 -0.151877 -2.668154
v 1.047157 -0.152083 -2.611235
v 1.057887 -0.153526 -2.554407
v 1.058891 -0.150374 -2.498598
v 1.043876 -0.138473 -2.446222
v 1.030457 -0.128904 -2.395801
v 1.020446 -0.123153 -2.346371
v 1.009531 -0.118742 -2.298502
v 0.997426 -0.115791 -2.252034
v 0.983814 -0.114414 -2.206789
v 0.968349 -0.114720 -2.162574
v 0.950642 -0.116821 -2.119184
v 0.930249 -0.120851 -2.076413
v 0.682396 -0.186712 -3.665212
v 0.713845 -0.187789 -3.622452
v 0.748341 -0.192296 -3.580408
v 0.784108 -0.198805 -3.537307
v 0.821279 -0.207212 -3.493080
v 0.852344 -0.212850 -3.443078
v 0.878744 -0.216497 -3.389011
v 0.902159 -0.219000 -3.332393
v 0.920869 -0.219159 -3.272824
v 0.931026 -0.214573 -3.209332
v 0.942439 -0.211129 -3.146924
v 0.949427 -0.205334 -3.083574
v 0.956090 -0.199648 -3.021207
v 0.963485 -0.194708 -2.960243
v 0.971597 -0.190497 -2.900671
v 0.987926 -0.191838 -2.843678
v 1.000323 -0.191090 -2.786342
v 1.009864 -0.189061 -2.729006
v 1.019764 -0.188089 -2.672043
v 1.029819 -0.188307 -2.615312
v 1.039788 -0.189806 -2.558682
v 1.036640 -0.183556 -2.503655
v 1.023569 -0.171580 -2.451595
v 1.014303 -0.163827 -2.400768
v 1.004399 -0.157339 -2.351669
v 0.993597 -0.152259 -2.304189
v 0.981605 -0.148737 -2.258196
v 0.968120 -0.146903 -2.213552
v 0.952824 -0.146872 -2.170103
v 0.935342 -0.148773 -2.127653
v 0.915242 -0.152760 -2.085986
v 0.679182 -0.221001 -3.658156
v 0.711447 -0.223888 -3.618533
v 0.744725 -0.229175 -3.577754
v 0.779217 -0.236671 -3.535716
v 0.812788 -0.244678 -3.490852
v 0.836563 -0.247043 -3.438008
v 0.867832 -0.255347 -3.388311
v 0.890547 -0.258499 -3.332510
v 0.907209 -0.257991 -3.272957
v 0.917269 -0.253352 -3.210298
v 0.928516 -0.249880 -3.148548
v 0.938800 -0.246101 -3.086943
v 0.945448 -0.240127 -3.024921
v 0.952740 -0.234931 -2.964193
v 0.960646 -0.230511 -2.904766
v 0.975204 -0.231296 -2.847561
v 0.983779 -0.228219 -2.789871
v 0.992763 -0.226092 -2.732687
v 1.002014 -0.225076 -2.675824
v 1.011341 -0.225289 -2.619175
v 1.012829 -0.220725 -2.563313
v 1.010962 -0.214907 -2.508726
v 1.005527 -0.207737 -2.455888
v 0.996397 -0.199157 -2.405314
v 0.986651 -0.191863 -2.356510
v 0.976027 -0.186023 -2.309383
v 0.964241 -0.181811 -2.263854
v 0.951018 -0.179366 -2.219849
v 0.936079 -0.178807 -2.177273
v 0.916769 -0.178075 -2.137586
v 0.894510 -0.178979 -2.099747
v 0.677032 -0.255614 -3.652621
v 0.707820 -0.259157 -3.614750
v 0.739554 -0.265425 -3.575467
v 0.772476 -0.274120 -3.534625
v 0.796725 -0.277376 -3.485550
v 0.820119 -0.280976 -3.434380
v 0.855502 -0.294491 -3.388624
v 0.877447 -0.298400 -3.333544
v 0.892922 -0.297760 -3.274339
v 0.902871 -0.293188 -3.212389
v 0.913936 -0.289791 -3.151167
v 0.926179 -0.287670 -3.090709
v 0.933268 -0.281859 -3.029082
v 0.940430 -0.276469 -2.968462
v 0.948102 -0.271889 -2.909043
v 0.957860 -0.269479 -2.851023
v 0.965956 -0.266269 -2.793410
v 0.974354 -0.264064 -2.736238
v 0.975278 -0.256417 -2.679324
v 0.972806 -0.246829 -2.623568
v 0.970163 -0.238251 -2.569121
v 0.974027 -0.236927 -2.514926
v 0.978420 -0.237856 -2.461092
v 0.973942 -0.232477 -2.409919
v 0.963454 -0.223356 -2.361825
v 0.952064 -0.215590 -2.315635
v 0.939473 -0.209308 -2.271398
v 0.925416 -0.204599 -2.229201
v 0.909615 -0.201538 -2.189124
v 0.891642 -0.200258 -2.151164
v 0.870977 -0.200934 -2.115204
v 0.673832 -0.289117 -3.647216
v 0.702593 -0.293537 -3.611553
v 0.732441 -0.300836 -3.573978
v 0.758311 -0.306475 -3.530571
v 0.779169 -0.309080 -3.481553
v 0.804160 -0.315977 -3.433291
v 0.839751 -0.332551 -3.389156
v 0.862566 -0.338781 -3.335629
v 0.877123 -0.338248 -3.276776
v 0.887503 -0.334352 -3.215638
v 0.898360 -0.331132 -3.154778
v 0.910305 -0.329204 -3.094523
v 0.918053 -0.323932 -3.033287
v 0.924631 -0.318007 -2.972574
v 0.931636 -0.312929 -2.913007
v 0.941348 -0.310908 -2.854894
v 0.940200 -0.299389 -2.796221
v 0.938065 -0.287556 -2.738824
v 0.935996 -0.276587 -2.682730
v 0.933913 -0.266619 -2.627895
v 0.932425 -0.258463 -2.574222
v 0.937222 -0.258110 -2.520612
v 0.941413 -0.258939 -2.467542
v 0.941362 -0.257303 -2.416058
v 0.931626 -0.247464 -2.368618
v 0.921139 -0.239001 -2.323096
v 0.909658 -0.232032 -2.279631
v 0.896967 -0.226639 -2.238395
v 0.882672 -0.222982 -2.199470
v 0.866370 -0.221324 -2.163227
v 0.847753 -0.221629 -2.129481
v 0.669574 -0.319500 -3.642772
v 0.695454 -0.325873 -3.609743
v 0.721603 -0.333731 -3.572973
v 0.740606 -0.336174 -3.527014
v 0.759885 -0.339816 -3.479249
v 0.785583 -0.349966 -3.433277
v 0.819102 -0.367983 -3.389383
v 0.845583 -0.379709 -3.338902
v 0.859786 -0.379883 -3.280503
v 0.870778 -0.377104 -3.220073
v 0.881391 -0.374162 -3.159370
v 0.892280 -0.371790 -3.098867
v 0.898238 -0.364848 -3.037129
v 0.903011 -0.357098 -2.975980
v 0.901144 -0.342972 -2.914667
v 0.903648 -0.333846 -2.855920
v 0.901479 -0.320440 -2.797977
v 0.899394 -0.307833 -2.741407
v 0.897379 -0.296195 -2.686076
v 0.895378 -0.285652 -2.631953
v 0.895942 -0.279239 -2.578683
v 0.900431 -0.278791 -2.525573
v 0.904404 -0.279534 -2.473048
v 0.907656 -0.281359 -2.421180
v 0.898852 -0.271014 -2.374148
v 0.889302 -0.261816 -2.329103
v 0.879032 -0.254068 -2.286217
v 0.867872 -0.247818 -2.245713
v 0.855378 -0.243226 -2.207501
v 0.841469 -0.240653 -2.172803
v 0.826092 -0.239800 -2.141366
v 0.664060 -0.347083 -3.639281
v 0.686231 -0.356148 -3.609363
v 0.703944 -0.360821 -3.570628
v 0.720962 -0.364821 -3.525933
v 0.738593 -0.369654 -3.479055
v 0.764117 -0.382784 -3.434612
v 0.795520 -0.402286 -3.390761
v 0.826151 -0.421240 -3.343514
v 0.840649 -0.423002 -3.285677
v 0.852252 -0.421688 -3.225727
v 0.862579 -0.419113 -3.164937
v 0.866420 -0.409508 -3.101857
v 0.863523 -0.392469 -3.037573
v 0.860810 -0.375830 -2.975063
v 0.862094 -0.364187 -2.915252
v 0.864745 -0.354775 -2.857203
v 0.862663 -0.340539 -2.799937
v 0.860641 -0.327219 -2.743980
v 0.858681 -0.314972 -2.689203
v 0.856750 -0.303911 -2.635583
v 0.859327 -0.299811 -2.582423
v 0.863485 -0.299294 -2.529586
v 0.867215 -0.299972 -2.477360
v 0.870346 -0.301715 -2.425831
v 0.864938 -0.294162 -2.378133
v 0.856332 -0.284209 -2.333344
v 0.847313 -0.275611 -2.290792
v 0.837759 -0.268367 -2.250691
v 0.827470 -0.262525 -2.213033
v 0.816823 -0.258489 -2.180066
v 0.805590 -0.255909 -2.151138
v 0.612885 -0.340257 -3.682590
v 0.583176 -0.343069 -3.698525
v 0.551720 -0.348382 -3.715693
v 0.510848 -0.346548 -3.725744
v 0.470246 -0.346757 -3.736761
v 0.427223 -0.344744 -3.745253
v 0.384768 -0.344764 -3.754843
v 0.342287 -0.345458 -3.764296
v 0.299862 -0.346899 -3.773599
v 0.257413 -0.349224 -3.782766
v 0.215427 -0.354235 -3.793167
v 0.172954 -0.359274 -3.802542
v 0.129732 -0.362255 -3.809156
v 0.086893 -0.368719 -3.817409
v 0.043732 -0.376214 -3.825274
v -0.000000 -0.375876 -3.825634
v -0.043245 -0.368394 -3.819024
v -0.086104 -0.362267 -3.812242
v -0.128877 -0.357522 -3.805351
v -0.171735 -0.354145 -3.798399
v -0.214794 -0.352084 -3.791419
v -0.258127 -0.351259 -3.784432
v -0.301767 -0.351562 -3.777448
v -0.345742 -0.352848 -3.770456
v -0.390128 -0.354930 -3.763405
v -0.428817 -0.347458 -3.747565
v -0.465312 -0.339138 -3.730196
v -0.500714 -0.332248 -3.713272
v -0.533844 -0.325171 -3.695205
v -0.562500 -0.318240 -3.676414
v -0.590077 -0.314731 -3.659768
v 0.611173 -0.313439 -3.694750
v 0.578969 -0.314583 -3.715548
v 0.545479 -0.317899 -3.736146
v 0.503863 -0.314926 -3.748344
v 0.460781 -0.311108 -3.757972
v 0.419421 -0.310898 -3.769823
v 0.377111 -0.310174 -3.780037
v 0.335012 -0.310272 -3.789962
v 0.293135 -0.311202 -3.799661
v 0.251377 -0.313063 -3.809179
v 0.209704 -0.315931 -3.818511
v 0.168080 -0.319848 -3.827635
v 0.126435 -0.324834 -3.836514
v 0.084661 -0.330874 -3.845103
v 0.042607 -0.337926 -3.853342
v -0.000000 -0.345907 -3.861157
v -0.042887 -0.342090 -3.857093
v -0.085371 -0.336248 -3.849951
v -0.127774 -0.331692 -3.842719
v -0.170284 -0.328426 -3.835425
v -0.213040 -0.326415 -3.828081
v -0.256132 -0.325596 -3.820687
v -0.299615 -0.325879 -3.813231
v -0.343532 -0.327144 -3.805680
v -0.386180 -0.326107 -3.795002
v -0.423492 -0.317323 -3.775910
v -0.460087 -0.310115 -3.757023
v -0.495903 -0.304521 -3.738312
v -0.525859 -0.294318 -3.713226
v -0.556923 -0.290080 -3.691631
v -0.590339 -0.291834 -3.673720
v 0.611533 -0.285293 -3.707623
v 0.576493 -0.284588 -3.731472
v 0.541197 -0.286360 -3.754459
v 0.498956 -0.282809 -3.768644
v 0.453857 -0.276624 -3.777702
v 0.409270 -0.271291 -3.785904
v 0.369949 -0.274197 -3.801186
v 0.329576 -0.276377 -3.814259
v 0.288005 -0.276881 -3.824338
v 0.245743 -0.276004 -3.831774
v 0.203736 -0.275347 -3.838195
v 0.164289 -0.282856 -3.851679
v 0.123857 -0.288991 -3.862417
v 0.082922 -0.294629 -3.871325
v 0.041735 -0.301245 -3.879925
v -0.000000 -0.308747 -3.888157
v -0.042853 -0.316585 -3.895489
v -0.085273 -0.311021 -3.887975
v -0.127599 -0.306640 -3.880381
v -0.170044 -0.303460 -3.872714
v -0.212770 -0.301466 -3.864965
v -0.255896 -0.300611 -3.857115
v -0.299500 -0.300825 -3.849129
v -0.343646 -0.302010 -3.840955
v -0.383082 -0.295423 -3.823431
v -0.420453 -0.287520 -3.803020
v -0.457380 -0.281258 -3.782620
v -0.489682 -0.271674 -3.756763
v -0.519511 -0.262426 -3.728828
v -0.552959 -0.260548 -3.705743
v -0.589480 -0.264228 -3.685266
v 0.613110 -0.254352 -3.720516
v 0.575808 -0.252950 -3.746436
v 0.538873 -0.253955 -3.771220
v 0.495436 -0.249852 -3.786717
v 0.449141 -0.242970 -3.796311
v 0.403882 -0.237096 -3.804850
v 0.360841 -0.233847 -3.814504
v 0.322328 -0.237625 -3.830669
v 0.281738 -0.238633 -3.842123
v 0.239838 -0.237034 -3.849146
v 0.198940 -0.237113 -3.856696
v 0.160455 -0.244288 -3.870971
v 0.121465 -0.252240 -3.884686
v 0.081665 -0.259721 -3.896459
v 0.041112 -0.265907 -3.905409
v -0.000000 -0.272925 -3.914045
v -0.042283 -0.280663 -3.922285
v -0.085791 -0.286083 -3.926629
v -0.128326 -0.281869 -3.918644
v -0.170978 -0.278760 -3.910563
v -0.213938 -0.276756 -3.902361
v -0.257355 -0.275830 -3.893997
v -0.301337 -0.275930 -3.885418
v -0.343954 -0.273624 -3.872639
v -0.381908 -0.264956 -3.850931
v -0.419518 -0.257817 -3.829214
v -0.452972 -0.247569 -3.801737
v -0.484144 -0.237476 -3.772086
v -0.514605 -0.229489 -3.742325
v -0.550693 -0.229463 -3.718866
v -0.589696 -0.233821 -3.696742
v 0.615358 -0.222354 -3.732913
v 0.576297 -0.220555 -3.760397
v 0.537946 -0.220914 -3.786721
v 0.493862 -0.217058 -3.804096
v 0.446355 -0.209850 -3.814075
v 0.400325 -0.203711 -3.822847
v 0.355698 -0.198527 -3.830609
v 0.314842 -0.197910 -3.842431
v 0.276397 -0.201273 -3.857787
v 0.234904 -0.199438 -3.864759
v 0.195034 -0.200289 -3.873642
v 0.157256 -0.206809 -3.888302
v 0.119039 -0.214103 -3.902417
v 0.080226 -0.222061 -3.915925
v 0.040638 -0.230545 -3.928745
v 0.000000 -0.238144 -3.939160
v -0.041923 -0.245325 -3.947843
v -0.085561 -0.253122 -3.956074
v -0.129921 -0.256870 -3.957739
v -0.173046 -0.253823 -3.949199
v -0.216494 -0.251793 -3.940488
v -0.260444 -0.250770 -3.931548
v -0.305039 -0.250720 -3.922306
v -0.344326 -0.242432 -3.900690
v -0.382530 -0.234468 -3.877760
v -0.415982 -0.222528 -3.847580
v -0.448130 -0.211783 -3.816618
v -0.479596 -0.202869 -3.785461
v -0.510676 -0.195930 -3.754072
v -0.549488 -0.197724 -3.730870
v -0.590425 -0.202408 -3.707561
v 0.618064 -0.189316 -3.744916
v 0.577583 -0.187313 -3.773657
v 0.538062 -0.187266 -3.801226
v 0.493986 -0.184271 -3.820926
v 0.445297 -0.177049 -3.831180
v 0.398435 -0.170886 -3.840121
v 0.353266 -0.165672 -3.847975
v 0.309643 -0.161308 -3.854960
v 0.270880 -0.163140 -3.869232
v 0.230893 -0.163061 -3.878906
v 0.191863 -0.164415 -3.888939
v 0.154668 -0.170316 -3.903943
v 0.117090 -0.176971 -3.918425
v 0.078940 -0.184270 -3.932332
v 0.040007 -0.192073 -3.945596
v 0.000000 -0.200220 -3.958120
v -0.041590 -0.208565 -3.969771
v -0.085168 -0.217078 -3.980422
v -0.130780 -0.225566 -3.989667
v -0.176200 -0.228146 -3.988771
v -0.220378 -0.226084 -3.979491
v -0.265092 -0.224950 -3.969906
v -0.307253 -0.219660 -3.952469
v -0.344867 -0.209182 -3.925566
v -0.378979 -0.196672 -3.893734
v -0.411970 -0.185531 -3.861732
v -0.444158 -0.175932 -3.829535
v -0.475864 -0.168020 -3.797104
v -0.507724 -0.162169 -3.764743
v -0.548922 -0.165240 -3.741999
v -0.591417 -0.170020 -3.717782
v 0.621171 -0.155458 -3.756526
v 0.579537 -0.153419 -3.786261
v 0.539049 -0.153147 -3.814829
v 0.495327 -0.151169 -3.836963
v 0.445764 -0.144379 -3.847772
v 0.398037 -0.138387 -3.856857
v 0.352248 -0.133303 -3.864799
v 0.308221 -0.129050 -3.871821
v 0.265886 -0.125733 -3.878364
v 0.227764 -0.127732 -3.891844
v 0.189395 -0.129372 -3.902826
v 0.152668 -0.134688 -3.918140
v 0.115600 -0.140723 -3.932958
v 0.077971 -0.147365 -3.947238
v 0.039540 -0.154478 -3.960920
v 0.000000 -0.161906 -3.973913
v -0.041147 -0.169515 -3.986083
v -0.084306 -0.177288 -3.997288
v -0.129609 -0.185233 -4.007372
v -0.177100 -0.193348 -4.016184
v -0.223585 -0.195403 -4.013192
v -0.268513 -0.193539 -4.001862
v -0.306601 -0.182171 -3.972746
v -0.341855 -0.169827 -3.940013
v -0.375776 -0.158610 -3.907090
v -0.408680 -0.148665 -3.873995
v -0.440907 -0.140125 -3.840710
v -0.472800 -0.133108 -3.807194
v -0.506596 -0.129111 -3.775654
v -0.548850 -0.132232 -3.752278
v -0.592602 -0.136899 -3.727395
v 0.624589 -0.121054 -3.767677
v 0.582010 -0.119076 -3.798223
v 0.540718 -0.118675 -3.827620
v 0.495214 -0.115987 -3.849080
v 0.445639 -0.110191 -3.861225
v 0.398142 -0.105296 -3.871912
v 0.352504 -0.101165 -3.881252
v 0.308014 -0.097149 -3.888320
v 0.265295 -0.093903 -3.894615
v 0.225329 -0.093070 -3.903401
v 0.187600 -0.095030 -3.915516
v 0.151231 -0.099792 -3.931108
v 0.114550 -0.105220 -3.946236
v 0.077303 -0.111205 -3.960865
v 0.039228 -0.117616 -3.974940
v 0.000000 -0.124306 -3.988371
v -0.040857 -0.131152 -4.001026
v -0.083739 -0.138149 -4.012748
v -0.128807 -0.145319 -4.023365
v -0.176144 -0.152670 -4.032703
v -0.224258 -0.157563 -4.035533
v -0.267347 -0.152969 -4.018250
v -0.304407 -0.141748 -3.986254
v -0.339409 -0.130738 -3.952563
v -0.373157 -0.120776 -3.918673
v -0.405979 -0.111979 -3.884615
v -0.438221 -0.104451 -3.850381
v -0.470242 -0.098283 -3.815935
v -0.505986 -0.095911 -3.785555
v -0.549101 -0.098958 -3.761696
v -0.593871 -0.103384 -3.736316
v 0.628278 -0.086167 -3.778358
v 0.584899 -0.084308 -3.809600
v 0.542926 -0.083833 -3.839716
v 0.495803 -0.080732 -3.860483
v 0.445455 -0.075325 -3.872688
v 0.397361 -0.070740 -3.883389
v 0.351348 -0.066907 -3.892790
v 0.307231 -0.063777 -3.901077
v 0.264828 -0.061315 -3.908414
v 0.223976 -0.059516 -3.914932
v 0.186444 -0.061258 -3.927187
v 0.150329 -0.065487 -3.943033
v 0.113913 -0.070314 -3.958447
v 0.076919 -0.075636 -3.973402
v 0.039058 -0.081330 -3.987842
v -0.000000 -0.087259 -4.001680
v -0.040707 -0.093316 -4.014780
v -0.083444 -0.099506 -4.026977
v -0.128398 -0.105858 -4.038083
v -0.175683 -0.112390 -4.047908
v -0.223549 -0.116382 -4.050177
v -0.266410 -0.112178 -4.032157
v -0.302687 -0.101629 -3.997929
v -0.337458 -0.091933 -3.963411
v -0.371036 -0.083189 -3.928696
v -0.403760 -0.075495 -3.893819
v -0.435985 -0.068936 -3.858780
v -0.468075 -0.063584 -3.823548
v -0.505743 -0.062567 -3.794557
v -0.549570 -0.065459 -3.770309
v -0.595181 -0.069555 -3.744534
v 0.632286 -0.050742 -3.788595
v 0.588224 -0.049059 -3.820441
v 0.545664 -0.048573 -3.851181
v 0.497060 -0.045328 -3.871241
v 0.446031 -0.040454 -3.883484
v 0.397402 -0.036318 -3.894186
v 0.350997 -0.032867 -3.903547
v 0.306628 -0.030063 -3.911759
v 0.264105 -0.027879 -3.918993
v 0.223244 -0.026303 -3.925394
v 0.185863 -0.027884 -3.937870
v 0.149550 -0.031027 -3.952466
v 0.113663 -0.035852 -3.969745
v 0.076794 -0.040496 -3.985004
v 0.039018 -0.045451 -3.999784
v 0.000000 -0.050597 -4.013992
v -0.040685 -0.055841 -4.027491
v -0.083399 -0.061195 -4.040110
v -0.128350 -0.066692 -4.051651
v -0.175679 -0.072358 -4.061912
v -0.223126 -0.075196 -4.062738
v -0.265366 -0.070970 -4.042850
v -0.301414 -0.061829 -4.007907
v -0.335979 -0.053436 -3.972689
v -0.369394 -0.045882 -3.937284
v -0.402010 -0.039250 -3.901731
v -0.434192 -0.033610 -3.866031
v -0.466307 -0.029024 -3.830156
v -0.505867 -0.029049 -3.802737
v -0.550283 -0.031692 -3.778181
v -0.596595 -0.035375 -3.752090
v 0.636640 -0.014823 -3.798365
v 0.591994 -0.013361 -3.830733
v 0.548930 -0.012914 -3.862010
v 0.498972 -0.009768 -3.881361
v 0.447349 -0.005547 -3.893636
v 0.398240 -0.001975 -3.904336
v 0.351469 0.000993 -3.913665
v 0.306844 0.003385 -3.921817
v 0.264167 0.005225 -3.928971
v 0.223232 0.006529 -3.935287
v 0.185912 0.005105 -3.948009
v 0.148819 0.003484 -3.959333
v 0.113220 -0.000713 -3.977174
v 0.076838 -0.005440 -3.995236
v 0.039095 -0.009806 -4.010884
v 0.000000 -0.014145 -4.025422
v -0.040775 -0.018553 -4.039270
v -0.083576 -0.023045 -4.052253
v -0.128624 -0.027658 -4.064167
v -0.176084 -0.032419 -4.074799
v -0.222943 -0.034027 -4.073288
v -0.264693 -0.030066 -4.051851
v -0.300560 -0.022350 -4.016304
v -0.334951 -0.015264 -3.980502
v -0.368220 -0.008888 -3.944530
v -0.400729 -0.003296 -3.908427
v -0.432851 0.001455 -3.872197
v -0.464962 0.005313 -3.835810
v -0.506363 0.004564 -3.810098
v -0.551261 0.002251 -3.785304
v -0.598146 -0.000944 -3.758966
v 0.641340 0.021537 -3.807622
v 0.596200 0.022742 -3.840439
v 0.552701 0.023116 -3.872180
v 0.501507 0.025954 -3.890833
v 0.449368 0.029427 -3.903147
v 0.399831 0.032352 -3.913861
v 0.352715 0.034763 -3.923181
v 0.307827 0.036686 -3.931304
v 0.264957 0.038142 -3.938418
v 0.223885 0.039151 -3.944694
v 0.186442 0.037984 -3.957365
v 0.150476 0.035366 -3.973891
v 0.113122 0.033889 -3.984047
v 0.076811 0.030043 -4.002386
v 0.039252 0.025863 -4.020916
v -0.000000 0.022277 -4.036055
v -0.040963 0.018725 -4.050195
v -0.083945 0.015114 -4.063476
v -0.129179 0.011408 -4.075691
v -0.176846 0.007579 -4.086622
v -0.222949 0.007112 -4.081890
v -0.264352 0.010558 -4.059273
v -0.300085 0.016822 -4.023226
v -0.334341 0.022581 -3.986947
v -0.367489 0.027768 -3.950517
v -0.399902 0.032321 -3.913979
v -0.431961 0.036191 -3.877333
v -0.464046 0.039334 -3.840550
v -0.507222 0.038172 -3.816624
v -0.552504 0.036253 -3.791650
v -0.599843 0.033610 -3.765126
v 0.646373 0.058307 -3.816307
v 0.600815 0.059228 -3.849513
v 0.556940 0.059509 -3.881654
v 0.504615 0.061859 -3.899632
v 0.452031 0.064513 -3.912007
v 0.402109 0.066733 -3.922766
v 0.354666 0.068545 -3.932115
v 0.309502 0.069970 -3.940256
v 0.266402 0.071028 -3.947380
v 0.225131 0.071740 -3.953667
v 0.187421 0.070867 -3.966113
v 0.151315 0.068835 -3.982850
v 0.114412 0.067026 -3.996701
v 0.077021 0.065168 -4.009391
v 0.039373 0.061993 -4.028192
v -0.000000 0.058849 -4.045937
v -0.041231 0.056170 -4.060309
v -0.084473 0.053454 -4.073818
v -0.129967 0.050670 -4.086257
v -0.177906 0.047793 -4.097404
v -0.223085 0.048210 -4.088594
v -0.264293 0.050939 -4.065213
v -0.299942 0.055712 -4.028768
v -0.334106 0.060111 -3.992111
v -0.367164 0.064081 -3.955325
v -0.399501 0.067574 -3.918451
v -0.431503 0.070548 -3.881490
v -0.464738 0.072647 -3.846002
v -0.508421 0.071689 -3.822298
v -0.553999 0.070213 -3.797189
v -0.601690 0.068175 -3.770524
v 0.650028 0.095735 -3.822623
v 0.605794 0.096104 -3.857890
v 0.557588 0.096963 -3.885480
v 0.506374 0.098324 -3.905222
v 0.455262 0.099775 -3.920194
v 0.404993 0.101258 -3.931042
v 0.357234 0.102453 -3.940471
v 0.311781 0.103377 -3.948686
v 0.268413 0.104048 -3.955879
v 0.226884 0.104483 -3.962234
v 0.188776 0.103919 -3.974292
v 0.152451 0.102516 -3.991229
v 0.115746 0.100959 -4.007830
v 0.077670 0.099971 -4.018361
v 0.039594 0.098075 -4.035345
v 0.000000 0.095825 -4.054449
v -0.041560 0.093956 -4.069621
v -0.085126 0.092144 -4.083283
v -0.130938 0.090291 -4.095862
v -0.179199 0.088375 -4.107137
v -0.223291 0.089262 -4.093443
v -0.264461 0.091130 -4.069753
v -0.300072 0.094364 -4.033010
v -0.334189 0.097355 -3.996073
v -0.367196 0.100062 -3.959025
v -0.399483 0.102452 -3.921906
v -0.431445 0.104494 -3.884718
v -0.466050 0.105688 -3.850905
v -0.509923 0.105049 -3.827098
v -0.555724 0.104050 -3.801884
v -0.603675 0.102661 -3.775109
v 0.650315 0.133620 -3.824488
v 0.611075 0.133400 -3.865492
v 0.557920 0.134229 -3.887683
v 0.506597 0.134920 -3.907407
v 0.458091 0.135382 -3.926365
v 0.408380 0.136030 -3.938663
v 0.360314 0.136616 -3.948234
v 0.314559 0.137061 -3.956585
v 0.270887 0.137376 -3.963912
v 0.229050 0.137572 -3.970394
v 0.190427 0.137309 -3.981912
v 0.153814 0.136585 -3.999031
v 0.116801 0.135788 -4.015805
v 0.079047 0.134937 -4.032194
v 0.039895 0.134395 -4.042400
v 0.000000 0.133264 -4.061648
v -0.041934 0.132256 -4.078110
v -0.085867 0.131351 -4.091844
v -0.132040 0.130427 -4.104475
v -0.180163 0.129604 -4.113628
v -0.223501 0.130265 -4.096466
v -0.264790 0.131196 -4.072958
v -0.300409 0.132837 -4.036020
v -0.334522 0.134361 -3.998899
v -0.367518 0.135745 -3.961678
v -0.399792 0.136971 -3.924398
v -0.431741 0.138022 -3.887063
v -0.467660 0.138521 -3.854901
v -0.511679 0.138207 -3.831000
v -0.557644 0.137704 -3.805692
v -0.605779 0.136998 -3.778823
v 0.650121 0.171238 -3.824821
v 0.613505 0.171238 -3.868778
v 0.558964 0.171238 -3.889557
v 0.507561 0.171238 -3.909322
v 0.458980 0.171238 -3.928322
v 0.412157 0.171238 -3.945578
v 0.363789 0.171238 -3.955361
v 0.317718 0.171238 -3.963919
v 0.273714 0.171238 -3.971442
v 0.231527 0.171238 -3.978108
v 0.192289 0.171238 -3.988952
v 0.155336 0.171238 -4.006231
v 0.117964 0.171238 -4.023144
v 0.079835 0.171238 -4.039647
v 0.040620 0.171238 -4.055660
v 0.000000 0.171238 -4.068649
v -0.042334 0.171238 -4.085721
v -0.086661 0.171238 -4.099442
v -0.133219 0.171238 -4.112032
v -0.180282 0.171238 -4.114866
v -0.222860 0.171238 -4.094959
v -0.262541 0.171238 -4.067204
v -0.300876 0.171238 -4.037848
v -0.335028 0.171238 -4.000638
v -0.368057 0.171238 -3.963332
v -0.400360 0.171238 -3.925971
v -0.432335 0.171238 -3.888559
v -0.470108 0.171238 -3.858798
v -0.513630 0.171238 -3.833969
v -0.559714 0.171238 -3.808563
v -0.607970 0.171238 -3.781597
v 0.649411 0.208788 -3.823561
v 0.615278 0.209414 -3.870195
v 0.560691 0.208486 -3.891080
v 0.509226 0.207800 -3.910952
v 0.460568 0.207343 -3.930059
v 0.414383 0.207103 -3.948635
v 0.367567 0.206737 -3.961770
v 0.321172 0.206309 -3.970604
v 0.276814 0.206011 -3.978389
v 0.234243 0.205831 -3.985297
v 0.194306 0.205993 -3.995347
v 0.156971 0.206727 -4.012760
v 0.119201 0.207533 -4.029774
v 0.080665 0.208390 -4.046342
v 0.041036 0.209278 -4.062382
v 0.000000 0.210177 -4.077775
v -0.042748 0.211074 -4.092370
v -0.087484 0.211975 -4.105991
v -0.134441 0.212893 -4.118443
v -0.180308 0.212910 -4.114261
v -0.221013 0.211681 -4.087850
v -0.260377 0.210493 -4.060293
v -0.298978 0.209419 -4.032525
v -0.335655 0.208269 -4.001301
v -0.368761 0.206882 -3.963997
v -0.401137 0.205652 -3.926632
v -0.436632 0.204944 -3.894357
v -0.475604 0.204690 -3.865614
v -0.515797 0.204624 -3.836048
v -0.561883 0.205113 -3.810436
v -0.610206 0.205814 -3.783362
v 0.648230 0.246473 -3.820781
v 0.612447 0.247428 -3.865332
v 0.563100 0.246448 -3.892231
v 0.511602 0.245107 -3.912266
v 0.462875 0.244209 -3.931534
v 0.416583 0.243733 -3.950264
v 0.371671 0.243488 -3.967361
v 0.324949 0.242638 -3.976533
v 0.280217 0.242039 -3.984638
v 0.237231 0.241670 -3.991840
v 0.196508 0.241841 -4.000982
v 0.158744 0.243287 -4.018501
v 0.120535 0.244880 -4.035579
v 0.081553 0.246580 -4.052166
v 0.041477 0.248346 -4.068176
v -0.000000 0.250137 -4.083489
v -0.043223 0.252001 -4.098589
v -0.088354 0.253720 -4.111389
v -0.135727 0.255548 -4.123611
v -0.179145 0.254073 -4.106903
v -0.219359 0.251545 -4.079869
v -0.258455 0.249212 -4.052569
v -0.296810 0.247114 -4.025062
v -0.334801 0.245286 -3.997368
v -0.369670 0.243007 -3.963632
v -0.403611 0.240919 -3.928751
v -0.442012 0.240076 -3.900459
v -0.481296 0.239573 -3.871442
v -0.521765 0.239436 -3.841603
v -0.564153 0.239764 -3.811312
v -0.612477 0.241131 -3.784132
v 0.644420 0.283737 -3.814306
v 0.608042 0.284943 -3.857590
v 0.566186 0.285288 -3.892964
v 0.514701 0.283346 -3.913196
v 0.465925 0.282047 -3.932661
v 0.419527 0.281357 -3.951582
v 0.375153 0.281248 -3.970161
v 0.329103 0.280361 -3.981567
v 0.283982 0.279476 -3.990040
v 0.240548 0.278925 -3.997580
v 0.198948 0.278932 -4.005701
v 0.160705 0.281071 -4.023302
v 0.122003 0.283433 -4.040410
v 0.082525 0.285960 -4.056973
v 0.041959 0.288590 -4.072902
v -0.000000 0.291259 -4.088073
v -0.043886 0.294630 -4.106217
v -0.089477 0.296887 -4.117071
v -0.136344 0.298511 -4.122974
v -0.177987 0.294748 -4.097755
v -0.217973 0.291018 -4.071036
v -0.256862 0.287590 -4.044047
v -0.295028 0.284521 -4.016845
v -0.332843 0.281859 -3.989449
v -0.370673 0.279648 -3.961842
v -0.408860 0.277919 -3.933935
v -0.447601 0.276660 -3.905422
v -0.487176 0.275899 -3.876177
v -0.527885 0.275673 -3.846109
v -0.570028 0.276024 -3.815104
v -0.614768 0.277189 -3.783924
v 0.639953 0.320536 -3.806203
v 0.603820 0.322091 -3.848947
v 0.566243 0.323844 -3.888723
v 0.518513 0.322596 -3.913661
v 0.469728 0.320961 -3.933339
v 0.423236 0.320112 -3.952468
v 0.378690 0.320011 -3.971243
v 0.333678 0.319542 -3.985554
v 0.288156 0.318415 -3.994428
v 0.244245 0.317711 -4.002341
v 0.201702 0.317397 -4.009416
v 0.162896 0.320197 -4.026985
v 0.123642 0.323316 -4.044091
v 0.083608 0.326657 -4.060589
v 0.042494 0.330136 -4.076387
v -0.000000 0.333978 -4.092624
v -0.044514 0.338564 -4.110958
v -0.091357 0.342872 -4.126943
v -0.136343 0.341099 -4.116586
v -0.179049 0.337219 -4.096042
v -0.219875 0.332765 -4.071407
v -0.259664 0.328606 -4.046000
v -0.298707 0.324819 -4.019901
v -0.337301 0.321469 -3.993158
v -0.372341 0.317006 -3.959496
v -0.407165 0.313254 -3.925958
v -0.445929 0.311713 -3.898046
v -0.485740 0.310890 -3.869669
v -0.526927 0.310828 -3.840695
v -0.569806 0.311573 -3.810970
v -0.617056 0.313874 -3.782753
v 0.635676 0.356952 -3.797379
v 0.599827 0.358840 -3.839469
v 0.564464 0.361768 -3.880955
v 0.523014 0.362904 -3.913561
v 0.474271 0.361026 -3.933449
v 0.427714 0.360100 -3.952784
v 0.382995 0.360081 -3.971755
v 0.338700 0.360227 -3.988330
v 0.292774 0.358927 -3.997621
v 0.248358 0.358124 -4.005925
v 0.205227 0.357781 -4.013350
v 0.165352 0.360764 -4.029351
v 0.125482 0.364637 -4.046421
v 0.084825 0.368782 -4.062815
v 0.043094 0.373098 -4.078437
v -0.000000 0.378582 -4.096741
v -0.045239 0.384259 -4.114656
v -0.092133 0.387878 -4.124657
v -0.136419 0.383768 -4.108187
v -0.180375 0.380546 -4.092969
v -0.223118 0.376688 -4.073880
v -0.263510 0.371498 -4.048525
v -0.303114 0.366761 -4.022434
v -0.340410 0.361361 -3.991899
v -0.374196 0.354890 -3.955541
v -0.407186 0.349201 -3.919041
v -0.444683 0.346736 -3.889693
v -0.484259 0.345720 -3.861656
v -0.525709 0.345856 -3.833692
v -0.571536 0.347996 -3.807916
v -0.612794 0.348701 -3.773959
v 0.631605 0.392925 -3.787899
v 0.596095 0.395138 -3.829208
v 0.561024 0.398584 -3.869877
v 0.526062 0.403180 -3.909987
v 0.479526 0.402290 -3.932858
v 0.432943 0.401402 -3.952377
v 0.388065 0.401566 -3.971522
v 0.344184 0.402446 -3.989721
v 0.297855 0.401066 -3.999424
v 0.252911 0.400239 -4.008121
v 0.209149 0.399926 -4.015901
v 0.168103 0.402851 -4.030181
v 0.127547 0.407483 -4.047176
v 0.086194 0.412428 -4.063426
v 0.043937 0.418601 -4.081582
v -0.000000 0.425164 -4.099621
v -0.046070 0.431901 -4.117048
v -0.092268 0.431464 -4.114104
v -0.136609 0.426512 -4.097715
v -0.180643 0.422687 -4.082707
v -0.223251 0.417832 -4.063158
v -0.263165 0.411112 -4.036714
v -0.302055 0.404888 -4.009434
v -0.340166 0.399246 -3.981380
v -0.376436 0.393339 -3.950197
v -0.409615 0.386563 -3.914182
v -0.444124 0.381828 -3.880673
v -0.484755 0.381280 -3.854802
v -0.527773 0.382272 -3.829403
v -0.566523 0.381601 -3.796269
v -0.610008 0.383626 -3.765809
v 0.627745 0.428375 -3.777813
v 0.592639 0.430913 -3.818207
v 0.557912 0.434880 -3.857916
v 0.523241 0.440175 -3.897031
v 0.485445 0.444782 -3.931420
v 0.438890 0.444075 -3.951077
v 0.393336 0.444106 -3.969364
v 0.348912 0.445079 -3.987031
v 0.303405 0.444870 -3.999626
v 0.257917 0.444114 -4.008695
v 0.213484 0.443906 -4.016818
v 0.171169 0.446516 -4.029236
v 0.129971 0.452195 -4.046732
v 0.088103 0.459023 -4.065225
v 0.044904 0.466306 -4.083352
v -0.000000 0.473890 -4.100954
v -0.046992 0.481486 -4.117465
v -0.092310 0.474413 -4.099765
v -0.136949 0.469318 -4.085097
v -0.180408 0.463606 -4.067450
v -0.221271 0.455474 -4.042626
v -0.260892 0.447806 -4.016914
v -0.299500 0.440711 -3.990393
v -0.337319 0.434280 -3.963124
v -0.374571 0.428588 -3.935142
v -0.411497 0.423720 -3.906429
v -0.445866 0.418078 -3.873292
v -0.485385 0.416765 -3.846606
v -0.523410 0.415147 -3.816013
v -0.564990 0.416162 -3.787458
v -0.608303 0.418617 -3.757945
v 0.623399 0.462846 -3.766462
v 0.588598 0.465579 -3.805534
v 0.553962 0.469831 -3.843660
v 0.519217 0.475480 -3.880936
v 0.484087 0.482420 -3.917439
v 0.442965 0.485995 -3.944569
v 0.397403 0.486274 -3.962603
v 0.352915 0.487664 -3.980200
v 0.309195 0.490081 -3.997472
v 0.263378 0.489788 -4.007403
v 0.218241 0.489775 -4.015834
v 0.175169 0.493078 -4.028729
v 0.133232 0.500241 -4.047304
v 0.090286 0.508037 -4.065531
v 0.045993 0.516312 -4.083285
v -0.000000 0.524894 -4.100400
v -0.047449 0.528407 -4.106596
v -0.092583 0.517654 -4.084050
v -0.137042 0.510956 -4.067913
v -0.179114 0.501451 -4.044816
v -0.219744 0.492339 -4.020756
v -0.259147 0.483756 -3.995838
v -0.297531 0.475813 -3.970144
v -0.335098 0.468601 -3.943740
v -0.372048 0.462199 -3.916664
v -0.408678 0.456757 -3.888990
v -0.448548 0.454918 -3.865479
v -0.483761 0.450344 -3.833879
v -0.523415 0.449809 -3.806662
v -0.564383 0.450776 -3.778658
v -0.606958 0.453388 -3.749677
v 0.616576 0.494949 -3.751840
v 0.582503 0.497943 -3.789545
v 0.548510 0.502630 -3.826248
v 0.514324 0.508876 -3.862067
v 0.479682 0.516560 -3.897090
v 0.444323 0.525559 -3.931386
v 0.402249 0.529563 -3.954676
v 0.357699 0.531511 -3.972135
v 0.313730 0.534529 -3.989271
v 0.269296 0.537281 -4.003978
v 0.223422 0.537564 -4.012665
v 0.179901 0.542549 -4.027424
v 0.136837 0.550678 -4.045772
v 0.092710 0.559456 -4.063677
v 0.047209 0.568718 -4.081007
v -0.000000 0.578276 -4.097588
v -0.047424 0.570732 -4.084378
v -0.092957 0.560619 -4.065622
v -0.136543 0.549743 -4.044209
v -0.178304 0.538715 -4.021017
v -0.218731 0.528505 -3.997524
v -0.257994 0.519028 -3.973462
v -0.296358 0.510448 -3.949000
v -0.334170 0.502986 -3.924433
v -0.372736 0.497816 -3.901625
v -0.413134 0.495442 -3.881166
v -0.452190 0.492483 -3.857116
v -0.484906 0.485291 -3.823193
v -0.523977 0.484460 -3.796634
v -0.564206 0.485310 -3.769282
v -0.605888 0.488006 -3.740942
v 0.610136 0.526051 -3.736843
v 0.576947 0.529300 -3.772955
v 0.543715 0.534419 -3.808024
v 0.510166 0.541256 -3.842195
v 0.476042 0.549674 -3.875581
v 0.441109 0.559535 -3.908258
v 0.405139 0.570688 -3.940290
v 0.363323 0.576743 -3.962560
v 0.319060 0.580484 -3.979489
v 0.274950 0.585267 -3.996139
v 0.229040 0.587294 -4.006997
v 0.185064 0.594428 -4.023692
v 0.140786 0.603562 -4.041741
v 0.095378 0.613341 -4.059263
v 0.048442 0.622440 -4.074434
v 0.000000 0.622017 -4.074402
v -0.047267 0.610196 -4.056486
v -0.093614 0.604045 -4.045638
v -0.137760 0.592820 -4.025992
v -0.179945 0.580680 -4.003526
v -0.220720 0.569301 -3.980577
v -0.260336 0.558819 -3.957252
v -0.299021 0.549345 -3.933632
v -0.337519 0.541672 -3.910837
v -0.377784 0.537708 -3.891608
v -0.418114 0.534655 -3.871542
v -0.456295 0.530310 -3.847063
v -0.488713 0.522018 -3.813994
v -0.525212 0.519112 -3.785772
v -0.564525 0.519733 -3.759233
v -0.605095 0.522401 -3.731710
v 0.604210 0.555911 -3.721577
v 0.572110 0.559465 -3.755786
v 0.539788 0.565077 -3.788926
v 0.506958 0.572560 -3.821203
v 0.473376 0.581746 -3.852769
v 0.438845 0.592484 -3.883698
v 0.403179 0.604603 -3.914045
v 0.366178 0.617906 -3.943870
v 0.325237 0.628067 -3.967805
v 0.280567 0.633689 -3.984169
v 0.235270 0.639333 -3.998975
v 0.190362 0.647858 -4.015985
v 0.144400 0.656249 -4.031346
v 0.097541 0.665358 -4.046242
v 0.049338 0.673075 -4.058026
v 0.000000 0.661838 -4.044096
v -0.047671 0.653903 -4.033254
v -0.094460 0.647421 -4.023058
v -0.139395 0.636577 -4.005899
v -0.182124 0.623330 -3.984213
v -0.223411 0.610870 -3.962035
v -0.263476 0.599340 -3.939476
v -0.302519 0.588847 -3.916631
v -0.343081 0.583028 -3.898230
v -0.383499 0.578242 -3.879462
v -0.423780 0.574377 -3.859900
v -0.461016 0.568289 -3.835071
v -0.493228 0.558904 -3.803268
v -0.527284 0.553621 -3.773956
v -0.565465 0.553806 -3.748466
v -0.604641 0.556256 -3.722016
v 0.598890 0.584359 -3.706078
v 0.568148 0.588263 -3.738028
v 0.536922 0.594464 -3.768897
v 0.504905 0.602706 -3.798985
v 0.471880 0.612744 -3.828519
v 0.437711 0.624404 -3.857563
v 0.402274 0.637506 -3.886145
v 0.365421 0.651834 -3.914300
v 0.326968 0.667185 -3.942043
v 0.287362 0.684766 -3.970830
v 0.241680 0.692557 -3.986827
v 0.194990 0.699898 -4.000913
v 0.147964 0.709156 -4.015846
v 0.099962 0.719115 -4.030270
v 0.049541 0.714589 -4.026871
v 0.000000 0.704254 -4.015639
v -0.048200 0.697698 -4.007553
v -0.095517 0.690706 -3.997756
v -0.141467 0.681100 -3.983691
v -0.184870 0.666748 -3.962837
v -0.226788 0.653197 -3.941487
v -0.267415 0.640588 -3.919757
v -0.308233 0.631531 -3.900655
v -0.349374 0.625121 -3.883157
v -0.390016 0.619404 -3.864950
v -0.430299 0.614581 -3.846013
v -0.466503 0.606289 -3.820902
v -0.498444 0.595625 -3.790614
v -0.530342 0.587831 -3.761063
v -0.567127 0.587308 -3.736907
v -0.604550 0.589323 -3.711825
v 0.594380 0.611385 -3.690234
v 0.565404 0.615737 -3.719349
v 0.535456 0.622500 -3.747674
v 0.504228 0.631615 -3.775398
v 0.471754 0.642638 -3.802681
v 0.437888 0.655298 -3.829706
v 0.402580 0.669415 -3.856458
v 0.366294 0.685746 -3.883928
v 0.328921 0.704587 -3.912583
v 0.289421 0.724347 -3.940794
v 0.246004 0.740031 -3.963447
v 0.200206 0.753942 -3.982978
v 0.151981 0.764099 -3.997418
v 0.101755 0.768365 -4.004655
v 0.049822 0.754730 -3.992554
v -0.000000 0.748355 -3.986668
v -0.048847 0.741341 -3.978969
v -0.096803 0.733853 -3.969599
v -0.143918 0.726076 -3.958716
v -0.188214 0.711000 -3.939138
v -0.230894 0.696343 -3.918672
v -0.272457 0.683231 -3.898453
v -0.314861 0.675299 -3.882258
v -0.356512 0.667926 -3.865368
v -0.397482 0.661175 -3.847823
v -0.437847 0.655240 -3.829644
v -0.472921 0.644172 -3.804309
v -0.504540 0.631990 -3.775799
v -0.535097 0.622104 -3.747250
v -0.569881 0.620310 -3.724244
v -0.605022 0.621550 -3.701022
v 0.592630 0.636686 -3.676032
v 0.565641 0.642246 -3.701089
v 0.536908 0.650073 -3.726133
v 0.506119 0.660351 -3.751188
v 0.473889 0.672338 -3.775898
v 0.439923 0.685730 -3.800478
v 0.405656 0.702800 -3.827140
v 0.369938 0.721917 -3.854401
v 0.332168 0.742090 -3.881404
v 0.292213 0.763177 -3.908017
v 0.247523 0.777289 -3.927025
v 0.201286 0.791543 -3.945001
v 0.154531 0.811212 -3.966711
v 0.102545 0.808608 -3.967142
v 0.050577 0.799016 -3.960190
v -0.000000 0.792237 -3.954659
v -0.049620 0.784778 -3.947364
v -0.098340 0.776807 -3.938449
v -0.146194 0.768512 -3.928078
v -0.192187 0.756133 -3.912838
v -0.235774 0.740354 -3.893312
v -0.279129 0.728688 -3.876348
v -0.322330 0.719806 -3.860801
v -0.364630 0.711403 -3.844606
v -0.406068 0.703524 -3.827821
v -0.446644 0.696336 -3.810527
v -0.480517 0.681821 -3.784963
v -0.511859 0.667853 -3.758422
v -0.541898 0.656070 -3.731963
v -0.574292 0.651861 -3.710474
v -0.606513 0.651083 -3.690046
v 0.593277 0.660788 -3.662969
v 0.569063 0.668597 -3.683433
v 0.542145 0.678425 -3.704719
v 0.511948 0.690576 -3.727097
v 0.479908 0.704151 -3.749616
v 0.445857 0.718961 -3.772285
v 0.410888 0.736778 -3.796565
v 0.374704 0.757267 -3.822084
v 0.336388 0.778779 -3.847409
v 0.295373 0.799863 -3.871309
v 0.249726 0.813278 -3.887892
v 0.202669 0.826760 -3.903508
v 0.154665 0.842760 -3.920097
v 0.104713 0.856810 -3.934037
v 0.051726 0.847170 -3.927958
v -0.000000 0.836107 -3.919680
v -0.050395 0.825790 -3.910871
v -0.099926 0.817694 -3.902708
v -0.148743 0.809977 -3.893748
v -0.196715 0.801713 -3.883278
v -0.241480 0.785252 -3.865118
v -0.286599 0.774862 -3.850843
v -0.330756 0.764992 -3.836027
v -0.373878 0.755501 -3.820612
v -0.415969 0.746414 -3.804680
v -0.456359 0.736849 -3.787520
v -0.489601 0.719118 -3.762512
v -0.520824 0.703101 -3.738021
v -0.550267 0.688970 -3.714026
v -0.580293 0.682083 -3.695442
v -0.608940 0.678319 -3.678643
vn 0.6669 0.3675 -0.6483
vn 0.6227 -0.2811 -0.7303
vn 0.7422 0.5392 0.3979
vn 0.5022 -0.8189 0.2779
vn -0.7057 0.3563 -0.6124
vn -0.6687 -0.4616 -0.5829
vn -0.5906 0.4488 0.6706
vn -0.7474 -0.6373 0.1879
vn -0.6791 -0.3519 -0.6442
vn -0.6851 -0.3285 -0.6501
vn -0.6878 -0.3855 -0.6151
vn -0.6833 -0.4281 -0.5915
vn -0.6733 -0.4421 -0.5926
vn -0.6410 -0.4805 -0.5985
vn -0.6075 -0.6767 -0.4160
vn -0.5102 -0.8379 -0.1943
vn -0.4687 -0.8675 -0.1668
vn -0.5155 -0.8442 -0.1470
vn -0.5461 -0.8313 -0.1035
vn -0.5205 -0.8495 -0.0865
vn -0.4981 -0.8585 -0.1224
vn -0.4935 -0.8595 -0.1326
vn -0.4504 -0.8866 -0.1048
vn -0.3789 -0.9198 -0.1022
vn -0.3251 -0.9358 -0.1366
vn -0.3229 -0.9329 -0.1594
vn -0.3948 -0.9068 -0.1476
vn -0.4890 -0.8650 -0.1127
vn -0.5433 -0.8365 -0.0710
vn -0.5738 -0.8190 0.0019
vn -0.6011 -0.7870 0.1387
vn -0.6079 -0.7644 0.2150
vn -0.6038 -0.7677 0.2146
vn -0.6131 -0.7639 0.2012
vn -0.6432 -0.7560 0.1218
vn -0.6586 -0.7524 0.0134
vn -0.6593 -0.7517 0.0170
vn -0.6715 -0.7168 0.1879
vn -0.6983 -0.6546 0.2897
vn 0.4738 -0.2896 -0.8316
vn 0.3892 -0.3634 -0.8464
vn 0.3587 -0.4176 -0.8348
vn 0.2426 -0.4531 -0.8578
vn 0.1492 -0.4869 -0.8606
vn 0.1232 -0.5243 -0.8426
vn 0.1577 -0.5452 -0.8234
vn 0.1839 -0.5578 -0.8093
vn 0.2007 -0.5561 -0.8065
vn 0.2643 -0.5274 -0.8075
vn 0.3057 -0.4877 -0.8178
vn 0.2112 -0.4892 -0.8462
vn 0.1397 -0.5139 -0.8464
vn 0.1135 -0.5899 -0.7994
vn -0.0511 -0.7098 -0.7026
vn -0.2003 -0.7693 -0.6066
vn -0.2119 -0.7832 -0.5846
vn -0.1904 -0.7853 -0.5891
vn -0.1667 -0.7873 -0.5936
vn -0.1424 -0.7888 -0.5979
vn -0.1187 -0.7898 -0.6018
vn -0.0964 -0.7899 -0.6056
vn -0.0767 -0.7892 -0.6094
vn -0.0779 -0.7964 -0.5997
vn -0.2382 -0.7887 -0.5668
vn -0.3748 -0.7520 -0.5422
vn -0.3728 -0.7348 -0.5666
vn -0.3603 -0.6979 -0.6189
vn -0.4246 -0.5921 -0.6849
vn -0.5658 -0.4550 -0.6876
vn -0.6485 -0.4273 -0.6300
vn 0.6722 0.5440 0.5022
vn 0.5911 0.5191 0.6174
vn 0.5431 0.4957 0.6778
vn 0.5268 0.4926 0.6927
vn 0.5279 0.4947 0.6903
vn 0.5298 0.4972 0.6871
vn 0.5314 0.5013 0.6829
vn 0.4820 0.5391 0.6907
vn 0.4903 0.5653 0.6633
vn 0.5149 0.5882 0.6236
vn 0.4386 0.6548 0.6155
vn 0.4693 0.6730 0.5717
vn 0.4700 0.6442 0.6034
vn 0.1409 0.6268 0.7663
vn -0.2029 0.5736 0.7936
vn -0.3262 0.5531 0.7666
vn -0.3909 0.5230 0.7574
vn -0.3908 0.4981 0.7741
vn -0.2634 0.4951 0.8280
vn -0.1226 0.4878 0.8643
vn -0.1128 0.4916 0.8635
vn -0.1914 0.4908 0.8500
vn -0.3303 0.4410 0.8345
vn -0.3702 0.4143 0.8314
vn -0.2391 0.4730 0.8480
vn -0.1213 0.5212 0.8447
vn -0.1072 0.5355 0.8377
vn -0.2642 0.5098 0.8187
vn -0.4499 0.4447 0.7745
vn -0.4812 0.4227 0.7680
vn -0.5124 0.4248 0.7464
vn 0.6767 0.3679 -0.6378
vn 0.7487 0.4053 -0.5246
vn 0.7599 0.4462 -0.4726
vn 0.6733 0.4907 -0.5531
vn 0.6067 0.5226 -0.5990
vn 0.5853 0.5345 -0.6097
vn 0.5820 0.5568 -0.5927
vn 0.6115 0.5596 -0.5594
vn 0.6655 0.5304 -0.5251
vn 0.7187 0.5643 -0.4063
vn 0.7274 0.6167 -0.3010
vn 0.6879 0.6520 -0.3190
vn 0.6163 0.7031 -0.3546
vn 0.5468 0.7385 -0.3945
vn 0.5181 0.7522 -0.4071
vn 0.5370 0.7545 -0.3773
vn 0.6252 0.7374 -0.2558
vn 0.7107 0.7000 0.0697
vn 0.6832 0.6284 0.3720
vn 0.6838 0.6387 0.3529
vn 0.7097 0.6609 0.2439
vn 0.7101 0.6646 0.2325
vn 0.7043 0.6681 0.2399
vn 0.6990 0.6702 0.2494
vn 0.7032 0.6560 0.2741
vn 0.7095 0.6145 0.3449
vn 0.6904 0.5619 0.4557
vn 0.6728 0.5309 0.5152
vn 0.7082 0.5434 0.4508
vn 0.7448 0.5561 0.3689
vn 0.7489 0.5477 0.3730
vn -0.7211 -0.6567 0.2210
vn -0.5550 -0.7415 0.3770
vn -0.3567 -0.7903 0.4982
vn -0.2392 -0.8110 0.5339
vn -0.2015 -0.8256 0.5271
vn -0.2200 -0.8264 0.5183
vn -0.1554 -0.8300 0.5357
vn -0.1503 -0.8300 0.5372
vn -0.3226 -0.8061 0.4961
vn -0.4233 -0.7710 0.4757
vn -0.3798 -0.7757 0.5040
vn 0.0335 -0.8400 0.5416
vn 0.4034 -0.7903 0.4611
vn 0.3904 -0.8007 0.4544
vn 0.4156 -0.7803 0.4673
vn 0.3342 -0.8108 0.4805
vn 0.2121 -0.8429 0.4945
vn 0.1988 -0.8325 0.5172
vn 0.1949 -0.8079 0.5562
vn 0.2123 -0.7664 0.6062
vn 0.2238 -0.7233 0.6533
vn 0.2180 -0.7020 0.6780
vn 0.2350 -0.6993 0.6751
vn 0.3193 -0.7155 0.6213
vn 0.4200 -0.7600 0.4959
vn 0.4782 -0.8020 0.3581
vn 0.4968 -0.8152 0.2976
vn 0.4950 -0.8192 0.2896
vn 0.4932 -0.8214 0.2864
vn 0.4955 -0.8215 0.2823
vn 0.4998 -0.8201 0.2786
vn -0.7464 0.5510 0.3732
vn -0.8007 0.5777 0.1582
vn -0.8103 0.5727 0.1243
vn -0.8052 0.5794 0.1266
vn -0.7718 0.6097 0.1803
vn -0.7429 0.6582 0.1218
vn -0.7443 0.6678 0.0081
vn -0.7603 0.6475 0.0518
vn -0.7427 0.6459 0.1766
vn -0.7007 0.6972 0.1512
vn -0.6860 0.7269 -0.0327
vn -0.7427 0.6643 -0.0843
vn -0.8173 0.5756 -0.0267
vn -0.8242 0.5633 -0.0583
vn -0.7823 0.6030 -0.1563
vn -0.7580 0.6154 -0.2163
vn -0.7623 0.6168 -0.1962
vn -0.7671 0.6354 -0.0883
vn -0.7678 0.6407 -0.0007
vn -0.7688 0.6391 -0.0221
vn -0.7274 0.6649 -0.1697
vn -0.5856 0.7042 -0.4014
vn -0.4204 0.7318 -0.5364
vn -0.3769 0.7498 -0.5439
vn -0.3944 0.7457 -0.5369
vn -0.4419 0.7045 -0.5553
vn -0.5241 0.6122 -0.5920
vn -0.6087 0.4724 -0.6374
vn -0.6652 0.3341 -0.6678
vn -0.6937 0.3091 -0.6506
vn -0.7096 0.3532 -0.6096
vn -0.6479 0.3700 -0.6658
vn -0.5807 0.3537 -0.7333
vn -0.6071 0.3164 -0.7289
vn -0.6430 0.3511 -0.6806
vn -0.6357 0.4532 -0.6249
vn -0.5406 0.5796 -0.6098
vn -0.3540 0.6909 -0.6303
vn -0.2693 0.7545 -0.5984
vn -0.2624 0.8028 -0.5355
vn -0.2714 0.8322 -0.4835
vn -0.3008 0.8453 -0.4415
vn -0.2875 0.8667 -0.4077
vn -0.2501 0.8810 -0.4017
vn -0.2519 0.8730 -0.4175
vn -0.2585 0.8629 -0.4343
vn -0.2617 0.8571 -0.4437
vn -0.2496 0.8563 -0.4522
vn -0.0568 0.8512 -0.5218
vn 0.3070 0.7555 -0.5788
vn 0.4576 0.6820 -0.5705
vn 0.4222 0.7091 -0.5648
vn 0.4711 0.6872 -0.5531
vn 0.5700 0.6038 -0.5573
vn 0.6410 0.5120 -0.5718
vn 0.6432 0.4837 -0.5935
vn 0.6172 0.4824 -0.6216
vn 0.6151 0.4667 -0.6355
vn 0.6261 0.4450 -0.6403
vn 0.6369 0.4234 -0.6442
vn 0.6494 0.4012 -0.6460
vn 0.6601 0.3812 -0.6472
vn 0.5022 -0.8209 0.2720
vn 0.5031 -0.8224 0.2656
vn 0.5036 -0.8223 0.2651
vn 0.5040 -0.8210 0.2682
vn 0.5046 -0.8192 0.2726
vn 0.5057 -0.8166 0.2783
vn 0.5039 -0.8393 0.2041
vn 0.4921 -0.8699 0.0337
vn 0.4830 -0.8742 -0.0495
vn 0.4861 -0.8732 -0.0342
vn 0.4811 -0.8766 -0.0079
vn 0.4528 -0.8867 0.0932
vn 0.4161 -0.8874 0.1983
vn 0.4088 -0.8834 0.2288
vn 0.4194 -0.8755 0.2399
vn 0.4362 -0.8808 0.1842
vn 0.4287 -0.8956 0.1184
vn 0.3957 -0.8985 0.1899
vn 0.3878 -0.8814 0.2698
vn 0.4358 -0.8651 0.2482
vn 0.5539 -0.8156 0.1674
vn 0.6884 -0.7241 0.0433
vn 0.7452 -0.6473 -0.1604
vn 0.6939 -0.5498 -0.4650
vn 0.6222 -0.4675 -0.6280
vn 0.6452 -0.4839 -0.5912
vn 0.7075 -0.5490 -0.4451
vn 0.7407 -0.5853 -0.3297
vn 0.7506 -0.5666 -0.3400
vn 0.7558 -0.4961 -0.4274
vn 0.7268 -0.3680 -0.5800
vn -0.6552 -0.4886 -0.5761
vn -0.6724 -0.3892 -0.6296
vn -0.6745 -0.3132 -0.6685
vn -0.6659 -0.2986 -0.6837
vn -0.6614 -0.2808 -0.6955
vn -0.6593 -0.2615 -0.7050
vn -0.6590 -0.2417 -0.7123
vn -0.6603 -0.2207 -0.7178
vn -0.6630 -0.2001 -0.7214
vn -0.6669 -0.1805 -0.7229
vn -0.6722 -0.1610 -0.7226
vn -0.6790 -0.1412 -0.7204
vn -0.6872 -0.1205 -0.7164
vn -0.6970 -0.0986 -0.7103
vn -0.7042 -0.0833 -0.7051
vn -0.6968 -0.0848 -0.7123
vn -0.6703 -0.0897 -0.7366
vn -0.6327 -0.1185 -0.7652
vn -0.6130 -0.0641 -0.7875
vn -0.6130 0.1813 -0.7690
vn -0.6226 0.2920 -0.7260
vn -0.6631 0.2170 -0.7164
vn -0.6838 0.1733 -0.7088
vn -0.6807 0.1765 -0.7110
vn -0.6710 0.1987 -0.7144
vn -0.6655 0.2199 -0.7132
vn -0.6644 0.2407 -0.7076
vn -0.6678 0.2598 -0.6975
vn -0.6766 0.2745 -0.6833
vn -0.6910 0.2878 -0.6631
vn -0.7034 0.3194 -0.6351
vn -0.7532 -0.6258 0.2027
vn -0.7650 -0.6063 0.2172
vn -0.7780 -0.5854 0.2281
vn -0.7740 -0.5853 0.2415
vn -0.7375 -0.6049 0.3004
vn -0.6920 -0.5817 0.4276
vn -0.6598 -0.5173 0.5450
vn -0.6768 -0.3916 0.6234
vn -0.6823 -0.2470 0.6881
vn -0.6341 -0.1824 0.7514
vn -0.5674 -0.1496 0.8097
vn -0.5079 -0.1122 0.8541
vn -0.4711 -0.0614 0.8799
vn -0.4588 -0.0200 0.8883
vn -0.4557 0.0050 0.8901
vn -0.4536 0.0310 0.8907
vn -0.4527 0.0562 0.8899
vn -0.4530 0.0789 0.8880
vn -0.4546 0.0999 0.8851
vn -0.4450 0.1353 0.8852
vn -0.4171 0.1977 0.8871
vn -0.4042 0.2495 0.8800
vn -0.4327 0.2625 0.8625
vn -0.4710 0.2678 0.8405
vn -0.4943 0.2794 0.8231
vn -0.5017 0.2954 0.8130
vn -0.5021 0.3169 0.8047
vn -0.5036 0.3436 0.7927
vn -0.5126 0.3775 0.7712
vn -0.5333 0.4096 0.7402
vn -0.5607 0.4361 0.7039
vn 0.7434 0.5086 0.4344
vn 0.7366 0.4824 0.4740
vn 0.7285 0.4641 0.5039
vn 0.7243 0.4442 0.5273
vn 0.7245 0.4203 0.5463
vn 0.7290 0.3934 0.5603
vn 0.7372 0.3640 0.5692
vn 0.7495 0.3312 0.5732
vn 0.7654 0.2958 0.5715
vn 0.7845 0.2586 0.5636
vn 0.8066 0.2189 0.5491
vn 0.8131 0.2117 0.5423
vn 0.7794 0.2802 0.5604
vn 0.7733 0.1747 0.6095
vn 0.7805 -0.0944 0.6180
vn 0.7827 -0.2349 0.5764
vn 0.8094 -0.2531 0.5299
vn 0.8392 -0.2436 0.4862
vn 0.8481 -0.2683 0.4569
vn 0.8414 -0.3105 0.4423
vn 0.8311 -0.3502 0.4320
vn 0.8205 -0.3858 0.4218
vn 0.8096 -0.4182 0.4118
vn 0.7985 -0.4482 0.4019
vn 0.7692 -0.5013 0.3963
vn 0.6650 -0.6520 0.3643
vn 0.5519 -0.7695 0.3213
vn 0.5274 -0.7899 0.3129
vn 0.5204 -0.7988 0.3020
vn 0.5119 -0.8084 0.2905
vn 0.5052 -0.8158 0.2816
vn 0.6760 0.3423 -0.6525
vn 0.6817 0.3487 -0.6432
vn 0.6717 0.4136 -0.6146
vn 0.6648 0.4482 -0.5976
vn 0.6868 0.4187 -0.5941
vn 0.7242 0.3856 -0.5717
vn 0.7637 0.3616 -0.5347
vn 0.8075 0.2872 -0.5152
vn 0.8390 0.2068 -0.5033
vn 0.8544 0.1813 -0.4869
vn 0.8692 0.1603 -0.4677
vn 0.8850 0.1394 -0.4442
vn 0.9006 0.1148 -0.4192
vn 0.9123 0.0786 -0.4019
vn 0.9168 0.0433 -0.3970
vn 0.9175 0.0167 -0.3974
vn 0.9173 -0.0103 -0.3981
vn 0.9126 -0.0494 -0.4058
vn 0.8974 -0.0938 -0.4312
vn 0.8741 -0.1236 -0.4697
vn 0.8490 -0.1465 -0.5077
vn 0.8246 -0.1697 -0.5396
vn 0.8019 -0.1935 -0.5653
vn 0.7814 -0.2182 -0.5846
vn 0.7638 -0.2431 -0.5979
vn 0.7479 -0.2612 -0.6103
vn 0.7271 -0.2711 -0.6308
vn 0.6951 -0.2866 -0.6593
vn 0.6616 -0.2794 -0.6959
vn 0.6314 -0.2640 -0.7291
vn 0.6142 -0.2665 -0.7428
vn 0.6553 0.3982 -0.6419
vn 0.6409 0.4252 -0.6391
vn 0.6263 0.4518 -0.6353
vn 0.6140 0.4751 -0.6303
vn 0.6023 0.4974 -0.6244
vn 0.5968 0.5180 -0.6128
vn 0.6195 0.5249 -0.5837
vn 0.5986 0.5757 -0.5570
vn 0.5194 0.6574 -0.5459
vn 0.4680 0.6923 -0.5493
vn 0.4306 0.7051 -0.5635
vn 0.4415 0.7169 -0.5396
vn 0.2115 0.8286 -0.5184
vn -0.1489 0.8771 -0.4566
vn -0.2447 0.8679 -0.4322
vn -0.2628 0.8587 -0.4400
vn -0.2675 0.8568 -0.4409
vn -0.2652 0.8569 -0.4420
vn -0.2596 0.8570 -0.4450
vn -0.2820 0.8548 -0.4357
vn -0.3008 0.8652 -0.4012
vn -0.2476 0.8972 -0.3658
vn -0.1871 0.9150 -0.3576
vn -0.1839 0.9126 -0.3652
vn -0.3039 0.8851 -0.3525
vn -0.4607 0.8177 -0.3451
vn -0.5070 0.7541 -0.4175
vn -0.5396 0.6561 -0.5276
vn -0.5737 0.5404 -0.6154
vn -0.6236 0.4398 -0.6463
vn -0.6900 0.3652 -0.6249
vn 0.6932 0.4202 -0.5855
vn 0.6467 0.4455 -0.6191
vn 0.6171 0.4778 -0.6252
vn 0.6031 0.5023 -0.6196
vn 0.5900 0.5256 -0.6129
vn 0.5784 0.5485 -0.6039
vn 0.5861 0.5673 -0.5785
vn 0.5583 0.6140 -0.5579
vn 0.5036 0.6588 -0.5589
vn 0.4651 0.6853 -0.5604
vn 0.4070 0.7321 -0.5462
vn 0.3830 0.7734 -0.5052
vn 0.1196 0.8763 -0.4667
vn -0.1857 0.8929 -0.4101
vn -0.2175 0.8833 -0.4153
vn -0.2500 0.8647 -0.4357
vn -0.2663 0.8555 -0.4441
vn -0.2628 0.8552 -0.4468
vn -0.2557 0.8552 -0.4508
vn -0.2954 0.8435 -0.4486
vn -0.3473 0.8335 -0.4296
vn -0.2999 0.8683 -0.3951
vn -0.2051 0.9130 -0.3525
vn -0.2007 0.9301 -0.3075
vn -0.3225 0.9101 -0.2602
vn -0.3831 0.8861 -0.2610
vn -0.3625 0.8712 -0.3311
vn -0.3975 0.8192 -0.4134
vn -0.4841 0.7263 -0.4879
vn -0.5785 0.5893 -0.5640
vn -0.6644 0.4007 -0.6309
vn 0.7613 0.4529 -0.4640
vn 0.7093 0.4714 -0.5241
vn 0.6397 0.5017 -0.5823
vn 0.5995 0.5252 -0.6039
vn 0.5780 0.5508 -0.6021
vn 0.5607 0.5790 -0.5919
vn 0.5557 0.6007 -0.5748
vn 0.5379 0.6261 -0.5645
vn 0.4915 0.6675 -0.5594
vn 0.4305 0.7229 -0.5404
vn 0.3739 0.7675 -0.5207
vn 0.3173 0.8096 -0.4938
vn 0.0410 0.8903 -0.4534
vn -0.1951 0.8923 -0.4071
vn -0.1927 0.8906 -0.4119
vn -0.2225 0.8755 -0.4290
vn -0.2562 0.8575 -0.4462
vn -0.2593 0.8519 -0.4550
vn -0.2508 0.8519 -0.4598
vn -0.2953 0.8369 -0.4609
vn -0.3619 0.8115 -0.4588
vn -0.3526 0.8218 -0.4475
vn -0.2720 0.8720 -0.4069
vn -0.2661 0.8971 -0.3526
vn -0.3347 0.8756 -0.3482
vn -0.3292 0.8519 -0.4073
vn -0.3109 0.8319 -0.4596
vn -0.3797 0.8015 -0.4619
vn -0.4431 0.7786 -0.4443
vn -0.4852 0.7247 -0.4893
vn -0.5842 0.5526 -0.5944
vn 0.7344 0.4863 -0.4735
vn 0.7561 0.4946 -0.4285
vn 0.7085 0.5281 -0.4681
vn 0.6411 0.5477 -0.5375
vn 0.5678 0.5966 -0.5672
vn 0.5480 0.6247 -0.5563
vn 0.5505 0.6240 -0.5547
vn 0.5228 0.6468 -0.5554
vn 0.4555 0.7087 -0.5387
vn 0.3878 0.7659 -0.5128
vn 0.3642 0.7851 -0.5010
vn 0.2655 0.8266 -0.4963
vn -0.0183 0.8861 -0.4632
vn -0.1979 0.8835 -0.4247
vn -0.1855 0.8862 -0.4246
vn -0.1933 0.8798 -0.4342
vn -0.2375 0.8615 -0.4488
vn -0.2647 0.8540 -0.4480
vn -0.2558 0.8629 -0.4358
vn -0.2987 0.8566 -0.4207
vn -0.3675 0.8394 -0.4005
vn -0.3844 0.8439 -0.3744
vn -0.3154 0.8827 -0.3485
vn -0.2547 0.8925 -0.3723
vn -0.2694 0.8502 -0.4523
vn -0.2806 0.8169 -0.5039
vn -0.3275 0.8054 -0.4941
vn -0.4162 0.7828 -0.4626
vn -0.4407 0.7744 -0.4539
vn -0.4332 0.7743 -0.4613
vn -0.4924 0.6937 -0.5257
vn 0.6449 0.5137 -0.5659
vn 0.7067 0.4918 -0.5086
vn 0.7223 0.5149 -0.4618
vn 0.6854 0.5667 -0.4572
vn 0.5899 0.6381 -0.4948
vn 0.5459 0.6574 -0.5194
vn 0.5618 0.6401 -0.5241
vn 0.5022 0.6869 -0.5253
vn 0.4152 0.7536 -0.5096
vn 0.3606 0.7924 -0.4920
vn 0.3696 0.7908 -0.4878
vn 0.2382 0.8342 -0.4973
vn -0.0593 0.8788 -0.4734
vn -0.2079 0.8758 -0.4356
vn -0.2143 0.8889 -0.4048
vn -0.2152 0.9100 -0.3543
vn -0.2471 0.9192 -0.3067
vn -0.2793 0.9200 -0.2750
vn -0.2654 0.9294 -0.2563
vn -0.2901 0.9234 -0.2514
vn -0.3631 0.8959 -0.2560
vn -0.3913 0.8836 -0.2573
vn -0.2783 0.9154 -0.2910
vn -0.1612 0.9188 -0.3604
vn -0.1777 0.8826 -0.4353
vn -0.2597 0.8356 -0.4842
vn -0.3786 0.7884 -0.4849
vn -0.4325 0.7700 -0.4691
vn -0.4291 0.7701 -0.4721
vn -0.4214 0.7699 -0.4792
vn -0.4265 0.7532 -0.5009
vn 0.6034 0.5229 -0.6020
vn 0.6411 0.4987 -0.5834
vn 0.6566 0.5362 -0.5305
vn 0.6512 0.6115 -0.4495
vn 0.6158 0.6777 -0.4019
vn 0.5663 0.7189 -0.4030
vn 0.5605 0.7294 -0.3923
vn 0.5073 0.7672 -0.3925
vn 0.4255 0.7958 -0.4309
vn 0.3632 0.8077 -0.4644
vn 0.3787 0.7944 -0.4749
vn 0.2130 0.8520 -0.4782
vn -0.1201 0.9015 -0.4158
vn -0.2556 0.9075 -0.3334
vn -0.2795 0.9224 -0.2667
vn -0.2845 0.9387 -0.1945
vn -0.2833 0.9491 -0.1376
vn -0.2809 0.9527 -0.1159
vn -0.2608 0.9585 -0.1152
vn -0.2542 0.9580 -0.1327
vn -0.3225 0.9300 -0.1764
vn -0.3362 0.9079 -0.2503
vn -0.1941 0.9231 -0.3321
vn -0.1109 0.9233 -0.3676
vn -0.1208 0.9150 -0.3850
vn -0.2359 0.8729 -0.4272
vn -0.3872 0.7961 -0.4651
vn -0.4266 0.7647 -0.4829
vn -0.4167 0.7652 -0.4907
vn -0.4088 0.7650 -0.4977
vn -0.4035 0.7638 -0.5038
vn 0.6021 0.5454 -0.5830
vn 0.6150 0.5575 -0.5576
vn 0.5963 0.6199 -0.5101
vn 0.5800 0.6764 -0.4539
vn 0.5899 0.6982 -0.4056
vn 0.5531 0.7473 -0.3683
vn 0.5234 0.7863 -0.3283
vn 0.5201 0.7953 -0.3114
vn 0.4707 0.8159 -0.3358
vn 0.4110 0.8238 -0.3905
vn 0.3907 0.8163 -0.4253
vn 0.1590 0.8990 -0.4080
vn -0.2122 0.9266 -0.3106
vn -0.3296 0.9198 -0.2128
vn -0.3300 0.9305 -0.1591
vn -0.3213 0.9362 -0.1427
vn -0.3049 0.9418 -0.1417
vn -0.2843 0.9481 -0.1424
vn -0.2603 0.9546 -0.1447
vn -0.2265 0.9616 -0.1549
vn -0.2627 0.9453 -0.1934
vn -0.2444 0.9361 -0.2528
vn -0.1369 0.9482 -0.2868
vn -0.1110 0.9519 -0.2856
vn -0.1039 0.9554 -0.2765
vn -0.1806 0.9295 -0.3214
vn -0.3228 0.8482 -0.4200
vn -0.4016 0.7742 -0.4892
vn -0.4035 0.7603 -0.5091
vn -0.3957 0.7598 -0.5159
vn -0.3906 0.7583 -0.5219
vn 0.6004 0.5506 -0.5800
vn 0.5741 0.5920 -0.5657
vn 0.5474 0.6436 -0.5350
vn 0.5311 0.6737 -0.5139
vn 0.5393 0.6862 -0.4881
vn 0.5188 0.7169 -0.4658
vn 0.4763 0.7611 -0.4403
vn 0.4755 0.7943 -0.3782
vn 0.4609 0.8329 -0.3063
vn 0.4584 0.8401 -0.2900
vn 0.4293 0.8385 -0.3354
vn 0.1356 0.9141 -0.3821
vn -0.2622 0.9000 -0.3482
vn -0.3772 0.8734 -0.3081
vn -0.3604 0.8894 -0.2811
vn -0.3425 0.9053 -0.2512
vn -0.3272 0.9196 -0.2175
vn -0.2838 0.9370 -0.2036
vn -0.2360 0.9441 -0.2302
vn -0.1962 0.9413 -0.2748
vn -0.2368 0.9245 -0.2986
vn -0.2369 0.9325 -0.2728
vn -0.1435 0.9636 -0.2257
vn -0.1141 0.9718 -0.2064
vn -0.0974 0.9731 -0.2087
vn -0.1063 0.9641 -0.2432
vn -0.2189 0.9143 -0.3407
vn -0.3395 0.8281 -0.4461
vn -0.3757 0.7739 -0.5099
vn -0.3824 0.7549 -0.5328
vn -0.3780 0.7529 -0.5388
vn 0.6247 0.5512 -0.5531
vn 0.5653 0.5963 -0.5700
vn 0.5212 0.6285 -0.5774
vn 0.5004 0.6523 -0.5693
vn 0.4755 0.7005 -0.5321
vn 0.4677 0.7548 -0.4600
vn 0.4301 0.8152 -0.3879
vn 0.3896 0.8626 -0.3228
vn 0.4108 0.8723 -0.2651
vn 0.4679 0.8495 -0.2437
vn 0.4806 0.8366 -0.2628
vn 0.2189 0.9085 -0.3560
vn -0.2145 0.8819 -0.4198
vn -0.3822 0.8234 -0.4196
vn -0.3768 0.8287 -0.4138
vn -0.3697 0.8417 -0.3935
vn -0.3612 0.8589 -0.3632
vn -0.2828 0.8937 -0.3484
vn -0.1932 0.9100 -0.3668
vn -0.1767 0.9075 -0.3811
vn -0.2746 0.8948 -0.3520
vn -0.2942 0.9095 -0.2937
vn -0.1756 0.9523 -0.2494
vn -0.1109 0.9656 -0.2353
vn -0.0883 0.9667 -0.2401
vn -0.0707 0.9668 -0.2454
vn -0.1443 0.9482 -0.2829
vn -0.2679 0.8966 -0.3526
vn -0.3354 0.8432 -0.4201
vn -0.3497 0.8026 -0.4832
vn -0.3517 0.7682 -0.5350
vn 0.6870 0.6094 -0.3958
vn 0.6383 0.6531 -0.4074
vn 0.5807 0.6865 -0.4376
vn 0.5158 0.7295 -0.4492
vn 0.4316 0.8015 -0.4138
vn 0.4073 0.8357 -0.3685
vn 0.3810 0.8659 -0.3242
vn 0.3239 0.9051 -0.2756
vn 0.3828 0.8891 -0.2508
vn 0.4691 0.8476 -0.2481
vn 0.4955 0.8331 -0.2457
vn 0.3318 0.8976 -0.2901
vn -0.0917 0.9212 -0.3782
vn -0.3608 0.8316 -0.4221
vn -0.3780 0.8145 -0.4402
vn -0.3750 0.8120 -0.4471
vn -0.3681 0.8111 -0.4545
vn -0.2978 0.8396 -0.4543
vn -0.1909 0.8796 -0.4357
vn -0.2135 0.8929 -0.3965
vn -0.3362 0.8767 -0.3441
vn -0.3327 0.8908 -0.3094
vn -0.1994 0.9377 -0.2845
vn -0.1036 0.9575 -0.2690
vn -0.0804 0.9589 -0.2722
vn -0.0623 0.9592 -0.2757
vn -0.1275 0.9487 -0.2895
vn -0.2424 0.9210 -0.3049
vn -0.2903 0.8977 -0.3315
vn -0.2898 0.8756 -0.3864
vn -0.3590 0.8266 -0.4334
vn 0.7062 0.6508 -0.2788
vn 0.6754 0.6879 -0.2659
vn 0.6364 0.7227 -0.2696
vn 0.5474 0.7866 -0.2856
vn 0.4133 0.8658 -0.2822
vn 0.4114 0.8612 -0.2984
vn 0.3884 0.8519 -0.3512
vn 0.2881 0.8851 -0.3655
vn 0.3412 0.8808 -0.3283
vn 0.4506 0.8475 -0.2807
vn 0.4873 0.8349 -0.2559
vn 0.3953 0.8756 -0.2776
vn 0.0297 0.9377 -0.3461
vn -0.2940 0.8693 -0.3973
vn -0.3569 0.8220 -0.4437
vn -0.3652 0.8088 -0.4610
vn -0.3584 0.8069 -0.4696
vn -0.3219 0.8220 -0.4698
vn -0.2403 0.8646 -0.4413
vn -0.2751 0.8778 -0.3921
vn -0.3580 0.8585 -0.3673
vn -0.3298 0.8653 -0.3775
vn -0.2248 0.9030 -0.3661
vn -0.1210 0.9374 -0.3265
vn -0.0742 0.9496 -0.3044
vn -0.0555 0.9505 -0.3058
vn -0.1338 0.9372 -0.3220
vn -0.2461 0.9087 -0.3373
vn -0.2631 0.9026 -0.3408
vn -0.2942 0.8999 -0.3220
vn -0.4853 0.8389 -0.2466
vn 0.6929 0.6637 -0.2817
vn 0.6675 0.6965 -0.2632
vn 0.6416 0.7262 -0.2470
vn 0.5779 0.7766 -0.2509
vn 0.4280 0.8622 -0.2709
vn 0.4438 0.8453 -0.2976
vn 0.4595 0.8161 -0.3506
vn 0.3030 0.8632 -0.4039
vn 0.2758 0.8748 -0.3984
vn 0.3860 0.8595 -0.3351
vn 0.4667 0.8394 -0.2785
vn 0.4025 0.8801 -0.2519
vn 0.1029 0.9603 -0.2593
vn -0.1801 0.9260 -0.3319
vn -0.2908 0.8569 -0.4257
vn -0.3484 0.8121 -0.4681
vn -0.3528 0.8048 -0.4773
vn -0.3432 0.8129 -0.4704
vn -0.2910 0.8432 -0.4520
vn -0.2966 0.8488 -0.4377
vn -0.3263 0.8298 -0.4528
vn -0.2955 0.8238 -0.4838
vn -0.2501 0.8383 -0.4844
vn -0.1713 0.8826 -0.4378
vn -0.0996 0.9195 -0.3802
vn -0.0590 0.9372 -0.3437
vn -0.1390 0.9254 -0.3525
vn -0.2482 0.8963 -0.3674
vn -0.2938 0.8917 -0.3442
vn -0.4497 0.8611 -0.2371
vn -0.6519 0.7533 -0.0867
vn 0.6614 0.6895 -0.2952
vn 0.6556 0.7078 -0.2629
vn 0.6298 0.7365 -0.2467
vn 0.5961 0.7659 -0.2410
vn 0.4689 0.8446 -0.2584
vn 0.4715 0.8310 -0.2950
vn 0.5248 0.7781 -0.3451
vn 0.3560 0.8457 -0.3975
vn 0.2403 0.8791 -0.4116
vn 0.3032 0.8767 -0.3735
vn 0.3910 0.8777 -0.2771
vn 0.3120 0.9404 -0.1356
vn 0.1078 0.9933 -0.0420
vn -0.0338 0.9953 -0.0911
vn -0.1562 0.9590 -0.2363
vn -0.2922 0.8841 -0.3648
vn -0.3554 0.8373 -0.4155
vn -0.3521 0.8318 -0.4291
vn -0.2809 0.8402 -0.4638
vn -0.2647 0.8220 -0.5042
vn -0.2880 0.8004 -0.5257
vn -0.2685 0.8002 -0.5363
vn -0.2529 0.8007 -0.5430
vn -0.2183 0.8185 -0.5314
vn -0.1591 0.8617 -0.4818
vn -0.0946 0.9034 -0.4183
vn -0.1551 0.9065 -0.3928
vn -0.2930 0.8832 -0.3662
vn -0.4515 0.8571 -0.2481
vn -0.6327 0.7692 -0.0896
vn -0.7343 0.6788 -0.0070
vn 0.5915 0.7320 -0.3380
vn 0.6266 0.7286 -0.2765
vn 0.6178 0.7472 -0.2451
vn 0.5946 0.7705 -0.2297
vn 0.5155 0.8217 -0.2432
vn 0.5090 0.8134 -0.2817
vn 0.5530 0.7799 -0.2932
vn 0.4263 0.8458 -0.3207
vn 0.2729 0.8831 -0.3816
vn 0.2249 0.8987 -0.3766
vn 0.2105 0.9491 -0.2343
vn 0.1355 0.9905 -0.0239
vn 0.0660 0.9935 0.0932
vn 0.0618 0.9936 0.0948
vn -0.0163 0.9995 0.0252
vn -0.1851 0.9796 -0.0785
vn -0.3085 0.9324 -0.1882
vn -0.2796 0.9024 -0.3279
vn -0.1933 0.8701 -0.4534
vn -0.2207 0.8281 -0.5153
vn -0.2706 0.8017 -0.5330
vn -0.2583 0.7996 -0.5421
vn -0.2434 0.8001 -0.5483
vn -0.2294 0.8007 -0.5534
vn -0.2081 0.8138 -0.5427
vn -0.1656 0.8554 -0.4908
vn -0.2325 0.8794 -0.4155
vn -0.4378 0.8470 -0.3015
vn -0.6181 0.7684 -0.1655
vn -0.7107 0.6972 -0.0940
vn -0.7456 0.6607 -0.0875
vn 0.5200 0.7638 -0.3823
vn 0.5593 0.7620 -0.3264
vn 0.5862 0.7655 -0.2654
vn 0.5875 0.7725 -0.2409
vn 0.5510 0.7942 -0.2561
vn 0.5218 0.8118 -0.2622
vn 0.5303 0.8176 -0.2243
vn 0.4884 0.8459 -0.2142
vn 0.3758 0.8811 -0.2871
vn 0.1597 0.9370 -0.3108
vn -0.0307 0.9861 -0.1633
vn -0.0280 0.9995 0.0136
vn 0.0432 0.9965 0.0716
vn 0.0816 0.9940 0.0726
vn 0.0264 0.9960 0.0857
vn -0.1236 0.9879 0.0941
vn -0.1872 0.9820 0.0256
vn -0.0986 0.9855 -0.1381
vn -0.0365 0.9485 -0.3147
vn -0.1370 0.8816 -0.4518
vn -0.2378 0.8181 -0.5237
vn -0.2494 0.8006 -0.5449
vn -0.2431 0.8020 -0.5456
vn -0.2428 0.8101 -0.5336
vn -0.2602 0.8242 -0.5030
vn -0.3139 0.8549 -0.4131
vn -0.4108 0.8750 -0.2563
vn -0.5511 0.8184 -0.1626
vn -0.6669 0.7273 -0.1624
vn -0.7090 0.6815 -0.1814
vn -0.7345 0.6506 -0.1932
vn 0.4979 0.7752 -0.3888
vn 0.4935 0.7868 -0.3707
vn 0.5277 0.7831 -0.3291
vn 0.5740 0.7610 -0.3023
vn 0.5572 0.7743 -0.3000
vn 0.4823 0.8346 -0.2662
vn 0.4810 0.8518 -0.2077
vn 0.5046 0.8450 -0.1771
vn 0.4280 0.8898 -0.1581
vn 0.1235 0.9861 -0.1112
vn -0.1675 0.9839 -0.0624
vn -0.1109 0.9936 -0.0189
vn 0.0268 0.9995 0.0154
vn 0.0808 0.9963 0.0295
vn -0.0019 0.9990 0.0452
vn -0.1359 0.9879 0.0745
vn -0.0869 0.9944 0.0603
vn 0.0570 0.9983 -0.0139
vn 0.1099 0.9874 -0.1136
vn 0.0167 0.9680 -0.2506
vn -0.1289 0.9032 -0.4093
vn -0.2280 0.8329 -0.5043
vn -0.2726 0.8173 -0.5077
vn -0.3206 0.8306 -0.4554
vn -0.4037 0.8504 -0.3375
vn -0.5184 0.8385 -0.1677
vn -0.5402 0.8409 -0.0314
vn -0.5388 0.8417 -0.0353
vn -0.6313 0.7660 -0.1215
vn -0.6933 0.6981 -0.1791
vn -0.7260 0.6572 -0.2024
vn 0.5322 0.7859 -0.3150
vn 0.4956 0.7971 -0.3450
vn 0.4958 0.7911 -0.3582
vn 0.5509 0.7598 -0.3454
vn 0.5398 0.7779 -0.3216
vn 0.4218 0.8613 -0.2835
vn 0.4227 0.8779 -0.2248
vn 0.4818 0.8590 -0.1729
vn 0.3416 0.9372 -0.0701
vn 0.0592 0.9967 0.0564
vn -0.1266 0.9910 0.0429
vn -0.1250 0.9916 -0.0322
vn -0.0071 0.9995 -0.0310
vn 0.0739 0.9972 -0.0083
vn -0.0353 0.9993 0.0155
vn -0.1493 0.9883 0.0313
vn -0.0256 0.9997 0.0012
vn 0.1218 0.9916 -0.0424
vn 0.1642 0.9848 -0.0568
vn 0.1396 0.9859 -0.0919
vn 0.0078 0.9826 -0.1855
vn -0.1734 0.9445 -0.2791
vn -0.3331 0.8850 -0.3254
vn -0.4747 0.8453 -0.2454
vn -0.5719 0.8135 -0.1060
vn -0.6333 0.7739 -0.0051
vn -0.5670 0.8232 0.0294
vn -0.4852 0.8743 0.0153
vn -0.5610 0.8259 -0.0565
vn -0.6582 0.7386 -0.1461
vn -0.7257 0.6635 -0.1820
vn 0.6207 0.7840 0.0085
vn 0.5932 0.8007 -0.0835
vn 0.5728 0.7982 -0.1864
vn 0.5704 0.7817 -0.2521
vn 0.5315 0.8081 -0.2540
vn 0.4070 0.8790 -0.2483
vn 0.3862 0.8874 -0.2519
vn 0.4078 0.8913 -0.1985
vn 0.1844 0.9811 -0.0590
vn -0.0178 0.9980 0.0613
vn -0.0472 0.9962 0.0727
vn -0.0715 0.9974 0.0131
vn -0.0195 0.9992 -0.0340
vn 0.0502 0.9984 -0.0252
vn -0.0656 0.9978 0.0035
vn -0.1214 0.9926 -0.0084
vn 0.0345 0.9976 -0.0602
vn 0.1380 0.9865 -0.0876
vn 0.1627 0.9829 -0.0864
vn 0.1659 0.9831 -0.0778
vn 0.0424 0.9976 -0.0547
vn -0.1152 0.9915 -0.0607
vn -0.3651 0.9276 -0.0797
vn -0.5942 0.8034 -0.0369
vn -0.6386 0.7695 0.0130
vn -0.6542 0.7561 0.0161
vn -0.5650 0.8249 0.0205
vn -0.4662 0.8843 0.0259
vn -0.4964 0.8681 -0.0028
vn -0.6103 0.7895 -0.0651
vn -0.7472 0.6584 -0.0907
vn 0.6525 0.6737 0.3470
vn 0.6650 0.7007 0.2586
vn 0.6737 0.7242 0.1473
vn 0.6306 0.7735 0.0641
vn 0.5545 0.8313 0.0379
vn 0.4673 0.8841 0.0028
vn 0.4474 0.8912 -0.0744
vn 0.3552 0.9284 -0.1093
vn 0.0769 0.9943 -0.0740
vn -0.0571 0.9978 -0.0347
vn -0.0317 0.9992 -0.0242
vn -0.0243 0.9993 -0.0269
vn -0.0076 0.9991 -0.0410
vn 0.0124 0.9996 -0.0271
vn -0.0739 0.9972 -0.0109
vn -0.0592 0.9970 -0.0500
vn 0.0829 0.9913 -0.1024
vn 0.1367 0.9836 -0.1174
vn 0.1596 0.9806 -0.1136
vn 0.1405 0.9854 -0.0959
vn 0.0057 0.9977 -0.0669
vn -0.1155 0.9928 -0.0333
vn -0.3936 0.9193 -0.0003
vn -0.6310 0.7756 0.0139
vn -0.6417 0.7669 0.0125
vn -0.6505 0.7595 0.0073
vn -0.5653 0.8248 0.0113
vn -0.4656 0.8848 0.0186
vn -0.4694 0.8828 0.0156
vn -0.5906 0.8069 0.0067
vn -0.7684 0.6400 0.0055
vn 0.6879 0.6383 0.3455
vn 0.7047 0.6308 0.3246
vn 0.7040 0.6436 0.3001
vn 0.6456 0.7061 0.2909
vn 0.5624 0.7793 0.2765
vn 0.5031 0.8256 0.2555
vn 0.4932 0.8361 0.2401
vn 0.4151 0.8928 0.1748
vn 0.1416 0.9888 0.0473
vn -0.0452 0.9976 -0.0520
vn -0.0484 0.9971 -0.0594
vn -0.0287 0.9989 -0.0380
vn -0.0062 0.9997 -0.0220
vn -0.0036 0.9998 -0.0220
vn -0.0493 0.9977 -0.0463
vn 0.0047 0.9958 -0.0918
vn 0.1122 0.9855 -0.1271
vn 0.1368 0.9808 -0.1387
vn 0.1469 0.9806 -0.1296
vn 0.0995 0.9901 -0.0987
vn -0.0161 0.9970 -0.0759
vn -0.1592 0.9858 -0.0529
vn -0.4410 0.8974 -0.0108
vn -0.6303 0.7763 0.0090
vn -0.6381 0.7699 0.0045
vn -0.6432 0.7657 -0.0046
vn -0.5673 0.8235 -0.0052
vn -0.4711 0.8821 0.0072
vn -0.4636 0.8860 0.0106
vn -0.6074 0.7942 0.0164
vn -0.7645 0.6446 0.0023
vn 0.7015 0.6649 0.2566
vn 0.7161 0.6396 0.2795
vn 0.7129 0.6371 0.2931
vn 0.6638 0.6889 0.2912
vn 0.5860 0.7605 0.2799
vn 0.4975 0.8164 0.2932
vn 0.4680 0.8196 0.3305
vn 0.4941 0.8077 0.3216
vn 0.3304 0.9232 0.1964
vn 0.0457 0.9986 0.0276
vn -0.0551 0.9976 -0.0422
vn -0.0350 0.9981 -0.0513
vn -0.0074 0.9981 -0.0610
vn 0.0081 0.9973 -0.0730
vn -0.0124 0.9953 -0.0961
vn 0.0299 0.9936 -0.1088
vn 0.1093 0.9898 -0.0918
vn 0.1305 0.9892 -0.0660
vn 0.1073 0.9939 -0.0264
vn 0.0485 0.9984 0.0292
vn -0.0111 0.9990 0.0426
vn -0.1906 0.9812 0.0315
vn -0.4759 0.8790 0.0304
vn -0.6192 0.7851 0.0150
vn -0.6312 0.7756 -0.0058
vn -0.6184 0.7851 -0.0342
vn -0.5594 0.8265 -0.0623
vn -0.4943 0.8681 -0.0446
vn -0.4870 0.8734 0.0068
vn -0.6286 0.7768 0.0371
vn -0.7291 0.6844 0.0076
vn 0.6862 0.6840 0.2477
vn 0.6960 0.6650 0.2707
vn 0.7082 0.6431 0.2913
vn 0.6733 0.6743 0.3033
vn 0.5872 0.7433 0.3204
vn 0.4791 0.8093 0.3398
vn 0.4591 0.8242 0.3314
vn 0.5146 0.7963 0.3180
vn 0.4687 0.8330 0.2939
vn 0.2240 0.9592 0.1724
vn 0.0181 0.9998 0.0046
vn -0.0006 0.9959 -0.0901
vn 0.0168 0.9903 -0.1376
vn 0.0015 0.9894 -0.1450
vn -0.0130 0.9930 -0.1172
vn 0.0297 0.9941 -0.1039
vn 0.0654 0.9949 -0.0769
vn 0.0865 0.9962 -0.0141
vn 0.0583 0.9975 0.0399
vn 0.0080 0.9973 0.0730
vn 0.0069 0.9967 0.0804
vn -0.2121 0.9735 0.0850
vn -0.4919 0.8657 0.0930
vn -0.5864 0.8079 0.0584
vn -0.6167 0.7872 0.0071
vn -0.6055 0.7958 -0.0056
vn -0.5626 0.8267 0.0010
vn -0.5201 0.8541 0.0038
vn -0.5227 0.8524 0.0123
vn -0.6518 0.7575 0.0356
vn -0.7284 0.6804 0.0798
vn 0.6770 0.6930 0.2478
vn 0.6742 0.6892 0.2655
vn 0.6930 0.6593 0.2916
vn 0.6614 0.6757 0.3257
vn 0.5622 0.7378 0.3737
vn 0.4894 0.7832 0.3834
vn 0.4776 0.8021 0.3586
vn 0.4904 0.7912 0.3652
vn 0.4930 0.7807 0.3840
vn 0.3951 0.8570 0.3309
vn 0.2093 0.9648 0.1595
vn 0.0898 0.9959 -0.0095
vn 0.0666 0.9937 -0.0897
vn -0.0060 0.9932 -0.1166
vn -0.0458 0.9934 -0.1054
vn 0.0121 0.9974 -0.0712
vn 0.0169 0.9993 -0.0336
vn 0.0416 0.9991 -0.0092
vn 0.0463 0.9989 -0.0075
vn 0.0210 0.9991 -0.0379
vn 0.0123 0.9982 -0.0581
vn -0.2514 0.9672 -0.0354
vn -0.4974 0.8675 0.0022
vn -0.5521 0.8338 0.0058
vn -0.6030 0.7978 -0.0029
vn -0.6208 0.7839 0.0113
vn -0.5775 0.8150 0.0477
vn -0.5069 0.8605 0.0508
vn -0.5231 0.8519 0.0236
vn -0.6833 0.7295 0.0325
vn -0.7790 0.6188 0.1014
vn 0.6725 0.6945 0.2557
vn 0.6552 0.7060 0.2687
vn 0.6724 0.6815 0.2888
vn 0.6353 0.6985 0.3294
vn 0.5471 0.7547 0.3621
vn 0.5251 0.7771 0.3470
vn 0.4794 0.8074 0.3439
vn 0.4530 0.8085 0.3756
vn 0.4846 0.7797 0.3965
vn 0.4783 0.7898 0.3840
vn 0.3958 0.8679 0.3001
vn 0.2548 0.9571 0.1378
vn 0.1406 0.9901 0.0015
vn 0.0052 0.9991 -0.0423
vn -0.0667 0.9968 -0.0434
vn -0.0450 0.9990 -0.0064
vn -0.0076 0.9993 0.0357
vn 0.0481 0.9985 0.0278
vn 0.0592 0.9982 0.0069
vn 0.0684 0.9975 -0.0198
vn -0.0309 0.9995 -0.0085
vn -0.3152 0.9480 0.0433
vn -0.4851 0.8740 0.0289
vn -0.5396 0.8418 -0.0152
vn -0.6062 0.7951 -0.0192
vn -0.6281 0.7780 -0.0147
vn -0.5895 0.8077 -0.0123
vn -0.4938 0.8696 0.0005
vn -0.5318 0.8465 0.0259
vn -0.7157 0.6959 0.0585
vn -0.8044 0.5906 0.0645
vn 0.6681 0.6954 0.2647
vn 0.6460 0.7137 0.2707
vn 0.6506 0.7025 0.2883
vn 0.6122 0.7223 0.3216
vn 0.5623 0.7615 0.3225
vn 0.5482 0.7789 0.3045
vn 0.4630 0.8259 0.3217
vn 0.4186 0.8370 0.3523
vn 0.4651 0.8002 0.3786
vn 0.4932 0.7767 0.3919
vn 0.4832 0.7904 0.3765
vn 0.4200 0.8584 0.2946
vn 0.2778 0.9489 0.1500
vn 0.0473 0.9982 0.0382
vn -0.0741 0.9972 0.0106
vn -0.0743 0.9972 0.0086
vn -0.0129 0.9999 0.0030
vn 0.0549 0.9985 0.0087
vn 0.0598 0.9980 0.0224
vn 0.0620 0.9966 0.0546
vn -0.1388 0.9795 0.1464
vn -0.3829 0.8964 0.2235
vn -0.4485 0.8669 0.2174
vn -0.5066 0.8515 0.1355
vn -0.5935 0.8040 0.0371
vn -0.6223 0.7828 -0.0075
vn -0.5976 0.8017 -0.0083
vn -0.5184 0.8549 0.0198
vn -0.5743 0.8159 0.0670
vn -0.7337 0.6732 0.0921
vn -0.7800 0.6229 0.0596
vn 0.6663 0.6721 0.3231
vn 0.6463 0.6986 0.3071
vn 0.6306 0.7116 0.3099
vn 0.6063 0.7288 0.3182
vn 0.5876 0.7496 0.3048
vn 0.5491 0.7793 0.3020
vn 0.4516 0.8319 0.3224
vn 0.3968 0.8534 0.3380
vn 0.4319 0.8275 0.3588
vn 0.4797 0.7896 0.3828
vn 0.5012 0.7727 0.3896
vn 0.4927 0.7832 0.3793
vn 0.4093 0.8481 0.3366
vn 0.1830 0.9585 0.2184
vn -0.0155 0.9978 0.0649
vn -0.0533 0.9985 -0.0091
vn -0.0352 0.9994 0.0001
vn -0.0334 0.9944 0.1000
vn -0.0289 0.9665 0.2549
vn -0.0529 0.9173 0.3946
vn -0.2274 0.8568 0.4628
vn -0.3666 0.8250 0.4302
vn -0.3893 0.8553 0.3419
vn -0.4393 0.8605 0.2579
vn -0.5214 0.8404 0.1481
vn -0.6010 0.7984 0.0374
vn -0.6094 0.7928 0.0101
vn -0.5719 0.8185 0.0548
vn -0.6194 0.7765 0.1156
vn -0.7311 0.6712 0.1224
vn -0.7579 0.6435 0.1067
vn 0.6572 0.6063 0.4478
vn 0.6457 0.6348 0.4244
vn 0.6198 0.6694 0.4095
vn 0.6014 0.6863 0.4090
vn 0.5940 0.6906 0.4126
vn 0.5524 0.7241 0.4129
vn 0.4760 0.7875 0.3915
vn 0.4118 0.8400 0.3534
vn 0.4044 0.8476 0.3435
vn 0.4497 0.8154 0.3645
vn 0.4897 0.7797 0.3902
vn 0.4879 0.7651 0.4202
vn 0.4366 0.7729 0.4605
vn 0.3346 0.8324 0.4418
vn 0.1053 0.9276 0.3585
vn -0.0764 0.9379 0.3383
vn -0.1163 0.9063 0.4063
vn -0.1856 0.8431 0.5048
vn -0.1965 0.7433 0.6394
vn -0.1732 0.6523 0.7379
vn -0.2179 0.6205 0.7533
vn -0.2492 0.6650 0.7040
vn -0.2892 0.7384 0.6092
vn -0.3467 0.7935 0.5001
vn -0.4064 0.8396 0.3603
vn -0.5450 0.8124 0.2075
vn -0.6036 0.7908 0.1014
vn -0.5981 0.7991 0.0604
vn -0.6499 0.7567 0.0708
vn -0.7250 0.6827 0.0912
vn -0.7717 0.6251 0.1174
vn 0.6640 0.5600 0.4954
vn 0.6644 0.5901 0.4586
vn 0.6271 0.6435 0.4389
vn 0.5756 0.6759 0.4604
vn 0.5637 0.6542 0.5043
vn 0.5544 0.6459 0.5249
vn 0.5288 0.6870 0.4985
vn 0.4730 0.7637 0.4393
vn 0.4177 0.8206 0.3901
vn 0.4220 0.8222 0.3820
vn 0.4541 0.7892 0.4135
vn 0.4529 0.7633 0.4607
vn 0.4216 0.7628 0.4903
vn 0.3802 0.7759 0.5034
vn 0.1221 0.8062 0.5789
vn -0.1644 0.7373 0.6552
vn -0.1950 0.6619 0.7238
vn -0.2498 0.6189 0.7447
vn -0.2721 0.6085 0.7454
vn -0.2214 0.6148 0.7569
vn -0.2060 0.6104 0.7648
vn -0.1909 0.6055 0.7726
vn -0.1966 0.6092 0.7682
vn -0.2206 0.6474 0.7295
vn -0.2686 0.7167 0.6436
vn -0.4159 0.7651 0.4916
vn -0.4925 0.8289 0.2653
vn -0.5559 0.8264 0.0893
vn -0.6789 0.7327 0.0480
vn -0.7422 0.6646 0.0857
vn -0.7895 0.6038 0.1099
vn 0.7094 0.5708 0.4135
vn 0.7046 0.5990 0.3804
vn 0.6414 0.6658 0.3812
vn 0.5479 0.7255 0.4165
vn 0.5236 0.7176 0.4592
vn 0.5409 0.6800 0.4951
vn 0.5444 0.6545 0.5246
vn 0.5256 0.6674 0.5276
vn 0.4645 0.7291 0.5026
vn 0.4207 0.7690 0.4813
vn 0.4179 0.7653 0.4896
vn 0.4276 0.7502 0.5044
vn 0.4499 0.7586 0.4713
vn 0.3580 0.8005 0.4807
vn 0.0097 0.8000 0.6000
vn -0.2556 0.7037 0.6630
vn -0.2572 0.6654 0.7008
vn -0.2710 0.6379 0.7209
vn -0.2595 0.6483 0.7158
vn -0.2260 0.6725 0.7047
vn -0.2192 0.6741 0.7054
vn -0.2037 0.6701 0.7138
vn -0.1894 0.6654 0.7221
vn -0.1947 0.6433 0.7405
vn -0.2126 0.6077 0.7652
vn -0.2432 0.6346 0.7336
vn -0.2866 0.7538 0.5913
vn -0.4713 0.7855 0.4010
vn -0.6864 0.6889 0.2330
vn -0.7562 0.6353 0.1568
vn -0.7908 0.5971 0.1345
vn 0.7335 0.5751 0.3623
vn 0.7118 0.5929 0.3766
vn 0.6322 0.6456 0.4284
vn 0.5345 0.7011 0.4720
vn 0.5089 0.7182 0.4746
vn 0.5202 0.7123 0.4712
vn 0.5255 0.7005 0.4829
vn 0.5144 0.6811 0.5211
vn 0.4889 0.6704 0.5581
vn 0.4443 0.7017 0.5570
vn 0.3996 0.7283 0.5566
vn 0.4310 0.7211 0.5425
vn 0.5069 0.7174 0.4779
vn 0.2933 0.7960 0.5295
vn -0.1308 0.7654 0.6301
vn -0.2903 0.6905 0.6626
vn -0.3086 0.6587 0.6862
vn -0.3064 0.6128 0.7284
vn -0.2346 0.6038 0.7618
vn -0.1916 0.6378 0.7460
vn -0.2048 0.6738 0.7099
vn -0.2047 0.6926 0.6917
vn -0.2177 0.6772 0.7028
vn -0.2655 0.6125 0.7445
vn -0.2560 0.5497 0.7951
vn -0.1719 0.5493 0.8178
vn -0.1412 0.5766 0.8047
vn -0.3325 0.5896 0.7361
vn -0.5831 0.5759 0.5729
vn -0.6980 0.5955 0.3977
vn -0.7625 0.6014 0.2383
vn 0.7232 0.5655 0.3965
vn 0.6731 0.5699 0.4713
vn 0.5928 0.5725 0.5664
vn 0.5331 0.5835 0.6126
vn 0.5246 0.5971 0.6069
vn 0.5274 0.6122 0.5891
vn 0.5287 0.6269 0.5722
vn 0.4806 0.6458 0.5933
vn 0.4830 0.6325 0.6056
vn 0.4791 0.6497 0.5902
vn 0.4059 0.7004 0.5871
vn 0.4485 0.7004 0.5553
vn 0.5245 0.6661 0.5304
vn 0.2222 0.7292 0.6472
vn -0.2036 0.6943 0.6903
vn -0.3149 0.6446 0.6966
vn -0.3571 0.5911 0.7232
vn -0.3558 0.5377 0.7644
vn -0.2365 0.5224 0.8192
vn -0.1373 0.5421 0.8290
vn -0.1551 0.5853 0.7959
vn -0.1950 0.6111 0.7671
vn -0.2748 0.5727 0.7723
vn -0.3475 0.4874 0.8010
vn -0.2726 0.4775 0.8353
vn -0.1494 0.5237 0.8387
vn -0.1149 0.5493 0.8277
vn -0.2590 0.5238 0.8115
vn -0.4629 0.4686 0.7524
vn -0.5529 0.4846 0.6779
vn -0.6514 0.5300 0.5429
vn -0.6755 -0.3260 -0.6614
vn -0.5801 -0.4298 -0.6920
vn -0.3433 -0.6286 -0.6979
vn -0.2308 -0.7519 -0.6176
vn -0.2991 -0.7915 -0.5330
vn -0.3378 -0.8042 -0.4890
vn -0.2928 -0.8066 -0.5135
vn -0.1432 -0.7992 -0.5838
vn -0.0802 -0.7795 -0.6212
vn -0.0935 -0.7763 -0.6233
vn -0.1158 -0.7757 -0.6204
vn -0.1396 -0.7746 -0.6169
vn -0.1637 -0.7732 -0.6127
vn -0.1872 -0.7716 -0.6079
vn -0.2086 -0.7702 -0.6027
vn -0.2344 -0.7627 -0.6028
vn -0.2083 -0.7188 -0.6632
vn -0.0553 -0.6241 -0.7794
vn 0.1050 -0.5469 -0.8306
vn 0.2343 -0.5229 -0.8195
vn 0.3286 -0.5074 -0.7966
vn 0.2808 -0.5292 -0.8007
vn 0.2037 -0.5579 -0.8045
vn 0.1575 -0.5579 -0.8148
vn 0.1194 -0.5398 -0.8333
vn 0.0999 -0.5271 -0.8439
vn 0.1436 -0.5160 -0.8445
vn 0.2927 -0.4821 -0.8257
vn 0.3524 -0.4685 -0.8101
vn 0.4502 -0.4649 -0.7623
vn 0.6336 -0.4183 -0.6508
vn -0.6795 -0.3517 -0.6439
vn -0.5804 -0.4919 -0.6490
vn -0.3586 -0.6423 -0.6774
vn -0.1909 -0.6878 -0.7004
vn -0.2075 -0.7157 -0.6669
vn -0.2691 -0.7723 -0.5755
vn -0.3208 -0.7923 -0.5190
vn -0.2528 -0.7896 -0.5592
vn -0.1171 -0.7745 -0.6217
vn -0.0905 -0.7633 -0.6397
vn -0.1126 -0.7624 -0.6373
vn -0.1360 -0.7612 -0.6341
vn -0.1597 -0.7600 -0.6300
vn -0.1827 -0.7589 -0.6250
vn -0.2059 -0.7565 -0.6207
vn -0.2557 -0.7378 -0.6248
vn -0.3058 -0.6981 -0.6474
vn -0.1910 -0.6586 -0.7279
vn 0.0611 -0.5998 -0.7978
vn 0.2618 -0.5516 -0.7919
vn 0.3249 -0.5367 -0.7787
vn 0.2828 -0.5441 -0.7900
vn 0.1896 -0.5620 -0.8051
vn 0.1172 -0.5584 -0.8212
vn 0.0946 -0.5462 -0.8323
vn 0.1134 -0.5495 -0.8278
vn 0.2162 -0.5683 -0.7939
vn 0.3602 -0.5660 -0.7415
vn 0.4829 -0.5988 -0.6389
vn 0.6184 -0.6138 -0.4908
vn 0.7229 -0.5546 -0.4120
vn -0.6796 -0.4364 -0.5897
vn -0.5910 -0.5491 -0.5910
vn -0.4118 -0.6790 -0.6077
vn -0.2711 -0.7108 -0.6490
vn -0.1920 -0.6817 -0.7060
vn -0.1719 -0.6903 -0.7028
vn -0.2389 -0.7454 -0.6224
vn -0.2959 -0.7735 -0.5605
vn -0.2052 -0.7789 -0.5926
vn -0.1081 -0.7599 -0.6410
vn -0.1088 -0.7504 -0.6520
vn -0.1317 -0.7493 -0.6490
vn -0.1548 -0.7484 -0.6450
vn -0.1771 -0.7477 -0.6399
vn -0.2124 -0.7388 -0.6396
vn -0.2846 -0.7112 -0.6428
vn -0.3359 -0.6874 -0.6440
vn -0.2745 -0.6793 -0.6805
vn 0.0030 -0.6546 -0.7560
vn 0.2705 -0.5851 -0.7645
vn 0.3131 -0.5636 -0.7644
vn 0.2624 -0.5645 -0.7826
vn 0.1503 -0.5715 -0.8068
vn 0.0945 -0.5683 -0.8174
vn 0.1171 -0.5798 -0.8063
vn 0.2061 -0.6179 -0.7587
vn 0.3284 -0.6438 -0.6912
vn 0.5123 -0.6364 -0.5767
vn 0.6581 -0.6267 -0.4174
vn 0.6988 -0.6340 -0.3313
vn 0.7274 -0.6067 -0.3205
vn -0.6680 -0.4640 -0.5818
vn -0.6026 -0.5393 -0.5883
vn -0.4408 -0.6670 -0.6007
vn -0.3328 -0.7247 -0.6034
vn -0.2820 -0.7174 -0.6371
vn -0.1883 -0.6974 -0.6915
vn -0.1532 -0.6835 -0.7137
vn -0.2207 -0.7128 -0.6657
vn -0.2398 -0.7532 -0.6125
vn -0.1659 -0.7624 -0.6255
vn -0.1185 -0.7455 -0.6559
vn -0.1268 -0.7392 -0.6615
vn -0.1491 -0.7385 -0.6576
vn -0.1707 -0.7383 -0.6526
vn -0.2297 -0.7231 -0.6515
vn -0.3080 -0.6936 -0.6512
vn -0.3325 -0.6854 -0.6478
vn -0.2991 -0.6992 -0.6494
vn -0.0482 -0.7083 -0.7042
vn 0.2326 -0.6342 -0.7373
vn 0.2963 -0.5863 -0.7540
vn 0.2184 -0.5867 -0.7798
vn 0.1195 -0.5925 -0.7967
vn 0.1334 -0.6118 -0.7797
vn 0.2184 -0.6546 -0.7237
vn 0.3244 -0.6837 -0.6536
vn 0.4619 -0.6853 -0.5631
vn 0.6627 -0.6072 -0.4383
vn 0.7339 -0.5797 -0.3541
vn 0.7197 -0.6133 -0.3253
vn 0.7210 -0.6152 -0.3191
vn -0.6576 -0.4782 -0.5821
vn -0.6170 -0.5276 -0.5839
vn -0.4658 -0.6498 -0.6007
vn -0.3397 -0.7256 -0.5985
vn -0.3291 -0.7303 -0.5986
vn -0.2513 -0.7569 -0.6033
vn -0.1680 -0.7681 -0.6180
vn -0.1591 -0.7540 -0.6374
vn -0.1976 -0.7516 -0.6293
vn -0.2118 -0.7551 -0.6205
vn -0.1609 -0.7457 -0.6465
vn -0.1289 -0.7336 -0.6673
vn -0.1441 -0.7295 -0.6686
vn -0.1672 -0.7267 -0.6663
vn -0.2443 -0.7098 -0.6607
vn -0.3178 -0.6882 -0.6522
vn -0.3226 -0.6897 -0.6483
vn -0.2734 -0.7148 -0.6436
vn -0.0916 -0.7321 -0.6750
vn 0.1559 -0.6733 -0.7227
vn 0.2634 -0.6074 -0.7494
vn 0.1847 -0.6127 -0.7685
vn 0.1638 -0.6436 -0.7476
vn 0.2350 -0.6847 -0.6899
vn 0.3412 -0.7082 -0.6181
vn 0.4262 -0.7227 -0.5442
vn 0.5825 -0.6698 -0.4605
vn 0.7240 -0.5693 -0.3896
vn 0.7395 -0.5545 -0.3816
vn 0.7008 -0.5851 -0.4082
vn 0.6899 -0.5791 -0.4344
vn -0.6439 -0.5278 -0.5539
vn -0.6317 -0.5716 -0.5236
vn -0.5324 -0.6474 -0.5454
vn -0.3699 -0.7195 -0.5878
vn -0.3183 -0.7398 -0.5928
vn -0.2464 -0.7888 -0.5631
vn -0.1765 -0.8286 -0.5313
vn -0.1712 -0.8307 -0.5297
vn -0.1866 -0.8142 -0.5497
vn -0.2326 -0.7884 -0.5695
vn -0.2344 -0.7594 -0.6069
vn -0.1665 -0.7353 -0.6570
vn -0.1495 -0.7176 -0.6803
vn -0.1757 -0.7035 -0.6886
vn -0.2416 -0.6898 -0.6825
vn -0.3056 -0.6853 -0.6610
vn -0.3038 -0.7019 -0.6443
vn -0.2255 -0.7412 -0.6323
vn -0.1215 -0.7618 -0.6363
vn 0.0750 -0.7270 -0.6826
vn 0.2393 -0.6642 -0.7082
vn 0.2549 -0.6959 -0.6714
vn 0.2768 -0.7587 -0.5897
vn 0.3399 -0.7857 -0.5169
vn 0.4077 -0.7757 -0.4817
vn 0.4977 -0.7382 -0.4554
vn 0.6482 -0.6428 -0.4082
vn 0.7074 -0.5757 -0.4100
vn 0.6729 -0.5586 -0.4849
vn 0.6286 -0.5471 -0.5528
vn 0.6283 -0.5168 -0.5816
vn -0.6330 -0.7190 -0.2870
vn -0.6454 -0.7351 -0.2077
vn -0.6277 -0.7511 -0.2047
vn -0.5117 -0.8083 -0.2913
vn -0.3988 -0.8175 -0.4155
vn -0.2765 -0.8194 -0.5020
vn -0.1747 -0.8302 -0.5293
vn -0.1773 -0.8270 -0.5335
vn -0.1960 -0.8258 -0.5288
vn -0.2463 -0.8113 -0.5302
vn -0.3037 -0.7757 -0.5532
vn -0.2551 -0.7479 -0.6129
vn -0.1803 -0.7258 -0.6639
vn -0.1872 -0.7119 -0.6769
vn -0.2365 -0.7035 -0.6702
vn -0.2778 -0.7076 -0.6497
vn -0.2569 -0.7442 -0.6165
vn -0.1921 -0.7800 -0.5956
vn -0.0860 -0.8177 -0.5691
vn 0.1278 -0.8697 -0.4767
vn 0.3095 -0.8816 -0.3564
vn 0.3785 -0.8874 -0.2631
vn 0.3657 -0.9116 -0.1879
vn 0.3737 -0.9149 -0.1524
vn 0.4101 -0.8992 -0.1526
vn 0.5276 -0.8350 -0.1561
vn 0.6302 -0.7530 -0.1894
vn 0.6191 -0.7159 -0.3227
vn 0.5728 -0.6734 -0.4673
vn 0.5655 -0.6007 -0.5652
vn 0.5926 -0.5222 -0.6133
vn -0.5300 -0.8425 -0.0969
vn -0.5640 -0.8257 -0.0119
vn -0.6011 -0.7975 0.0515
vn -0.5929 -0.8035 0.0531
vn -0.5298 -0.8474 -0.0361
vn -0.4090 -0.8947 -0.1796
vn -0.2973 -0.8946 -0.3337
vn -0.2597 -0.8338 -0.4872
vn -0.2255 -0.7888 -0.5718
vn -0.2471 -0.7656 -0.5940
vn -0.3119 -0.7504 -0.5828
vn -0.3152 -0.7504 -0.5809
vn -0.2445 -0.7463 -0.6191
vn -0.1992 -0.7326 -0.6508
vn -0.2220 -0.7320 -0.6441
vn -0.2284 -0.7593 -0.6093
vn -0.1913 -0.8031 -0.5643
vn -0.1101 -0.8681 -0.4840
vn 0.1102 -0.9446 -0.3093
vn 0.2977 -0.9501 -0.0930
vn 0.3688 -0.9290 0.0288
vn 0.3995 -0.9151 0.0541
vn 0.3760 -0.9241 0.0688
vn 0.3589 -0.9292 0.0884
vn 0.3932 -0.9125 0.1130
vn 0.4709 -0.8773 0.0927
vn 0.4948 -0.8690 -0.0021
vn 0.4829 -0.8680 -0.1155
vn 0.4838 -0.8479 -0.2168
vn 0.5326 -0.7846 -0.3174
vn 0.6041 -0.6817 -0.4126
vn -0.4622 -0.8710 -0.1665
vn -0.4926 -0.8595 -0.1360
vn -0.5414 -0.8374 -0.0750
vn -0.5813 -0.8137 0.0038
vn -0.5719 -0.8182 0.0593
vn -0.5102 -0.8588 0.0462
vn -0.4791 -0.8749 -0.0710
vn -0.4598 -0.8463 -0.2689
vn -0.3802 -0.8052 -0.4552
vn -0.2895 -0.7732 -0.5642
vn -0.2741 -0.7725 -0.5728
vn -0.3067 -0.7863 -0.5364
vn -0.2902 -0.8033 -0.5201
vn -0.2420 -0.8080 -0.5371
vn -0.2067 -0.8087 -0.5507
vn -0.1544 -0.8420 -0.5170
vn -0.0419 -0.9193 -0.3913
vn 0.1242 -0.9786 -0.1643
vn 0.3044 -0.9513 0.0480
vn 0.3577 -0.9290 0.0954
vn 0.3660 -0.9290 0.0548
vn 0.4054 -0.9137 0.0274
vn 0.4028 -0.9146 0.0358
vn 0.3891 -0.9190 0.0626
vn 0.4027 -0.9135 0.0574
vn 0.4275 -0.9038 0.0190
vn 0.4258 -0.9048 -0.0020
vn 0.4270 -0.9042 0.0004
vn 0.4324 -0.9016 0.0075
vn 0.4800 -0.8772 -0.0122
vn 0.5670 -0.8200 -0.0785
vn -0.4446 -0.8823 -0.1546
vn -0.4424 -0.8877 -0.1281
vn -0.4817 -0.8705 -0.1006
vn -0.5320 -0.8432 -0.0778
vn -0.5584 -0.8279 -0.0531
vn -0.5560 -0.8302 -0.0402
vn -0.5759 -0.8154 -0.0585
vn -0.5859 -0.8033 -0.1069
vn -0.5311 -0.8261 -0.1885
vn -0.3662 -0.8929 -0.2619
vn -0.2569 -0.9254 -0.2786
vn -0.2706 -0.9299 -0.2492
vn -0.2604 -0.9471 -0.1877
vn -0.2801 -0.9473 -0.1557
vn -0.2563 -0.9449 -0.2036
vn -0.0774 -0.9729 -0.2178
vn 0.1746 -0.9799 -0.0969
vn 0.3357 -0.9396 0.0668
vn 0.3674 -0.9222 0.1204
vn 0.3341 -0.9342 0.1249
vn 0.3308 -0.9360 0.1201
vn 0.3786 -0.9202 0.0997
vn 0.4201 -0.9026 0.0935
vn 0.4096 -0.9045 0.1187
vn 0.3853 -0.9123 0.1388
vn 0.4002 -0.9035 0.1533
vn 0.4109 -0.8962 0.1672
vn 0.4171 -0.8910 0.1795
vn 0.4199 -0.8882 0.1863
vn 0.4444 -0.8774 0.1808
vn 0.4965 -0.8548 0.1510
vn -0.4264 -0.9023 -0.0636
vn -0.4241 -0.9042 -0.0507
vn -0.4827 -0.8722 -0.0795
vn -0.5324 -0.8382 -0.1183
vn -0.5582 -0.8168 -0.1455
vn -0.5560 -0.8182 -0.1460
vn -0.5735 -0.8104 -0.1196
vn -0.5980 -0.7970 -0.0849
vn -0.5552 -0.8303 -0.0495
vn -0.3854 -0.9225 -0.0190
vn -0.2348 -0.9721 -0.0010
vn -0.1946 -0.9800 0.0409
vn -0.1770 -0.9791 0.1005
vn -0.2718 -0.9555 0.1146
vn -0.3264 -0.9425 0.0724
vn -0.0545 -0.9980 0.0305
vn 0.3017 -0.9526 0.0394
vn 0.3963 -0.9160 0.0620
vn 0.3870 -0.9186 0.0801
vn 0.3738 -0.9181 0.1317
vn 0.3369 -0.9221 0.1903
vn 0.3378 -0.9203 0.1974
vn 0.4196 -0.8896 0.1805
vn 0.4492 -0.8665 0.2177
vn 0.4043 -0.8672 0.2908
vn 0.3826 -0.8641 0.3269
vn 0.3847 -0.8621 0.3299
vn 0.3884 -0.8631 0.3228
vn 0.3928 -0.8653 0.3114
vn 0.4073 -0.8649 0.2934
vn 0.4330 -0.8629 0.2606
vn -0.4167 -0.9076 -0.0513
vn -0.4618 -0.8818 -0.0962
vn -0.5227 -0.8379 -0.1569
vn -0.5505 -0.8139 -0.1861
vn -0.5637 -0.8042 -0.1883
vn -0.5553 -0.8090 -0.1928
vn -0.5513 -0.8118 -0.1926
vn -0.5607 -0.8125 -0.1595
vn -0.5090 -0.8556 -0.0938
vn -0.3524 -0.9357 -0.0165
vn -0.2174 -0.9756 0.0313
vn -0.1553 -0.9869 0.0432
vn -0.1730 -0.9847 0.0217
vn -0.2845 -0.9587 0.0014
vn -0.3486 -0.9371 0.0166
vn -0.0511 -0.9976 0.0477
vn 0.3410 -0.9370 0.0761
vn 0.4121 -0.9045 0.1098
vn 0.4159 -0.8975 0.1466
vn 0.4276 -0.8830 0.1933
vn 0.3609 -0.9022 0.2362
vn 0.2983 -0.9253 0.2341
vn 0.4148 -0.8875 0.2009
vn 0.5176 -0.8298 0.2084
vn 0.4717 -0.8426 0.2597
vn 0.4133 -0.8571 0.3075
vn 0.3831 -0.8634 0.3282
vn 0.3747 -0.8684 0.3248
vn 0.3764 -0.8717 0.3139
vn 0.3822 -0.8738 0.3008
vn 0.3933 -0.8740 0.2853
vn -0.4580 -0.8756 -0.1532
vn -0.5071 -0.8353 -0.2124
vn -0.5373 -0.8114 -0.2300
vn -0.5468 -0.8074 -0.2216
vn -0.5559 -0.8035 -0.2128
vn -0.5604 -0.8018 -0.2076
vn -0.5516 -0.8061 -0.2144
vn -0.5397 -0.8106 -0.2272
vn -0.4452 -0.8720 -0.2034
vn -0.2491 -0.9638 -0.0947
vn -0.1684 -0.9856 0.0168
vn -0.1986 -0.9800 0.0121
vn -0.2440 -0.9670 -0.0730
vn -0.2797 -0.9539 -0.1088
vn -0.2611 -0.9650 -0.0244
vn 0.0096 -0.9954 0.0956
vn 0.3540 -0.9258 0.1328
vn 0.4400 -0.8870 0.1403
vn 0.4498 -0.8769 0.1696
vn 0.4554 -0.8707 0.1857
vn 0.3795 -0.9029 0.2019
vn 0.2779 -0.9357 0.2174
vn 0.4045 -0.8929 0.1976
vn 0.5482 -0.8190 0.1694
vn 0.5247 -0.8306 0.1864
vn 0.4645 -0.8577 0.2205
vn 0.4045 -0.8813 0.2443
vn 0.3873 -0.8854 0.2570
vn 0.3833 -0.8833 0.2698
vn 0.3811 -0.8810 0.2803
vn 0.3792 -0.8814 0.2817
vn -0.5423 -0.8203 -0.1817
vn -0.5395 -0.8056 -0.2448
vn -0.5266 -0.8110 -0.2549
vn -0.5352 -0.8077 -0.2473
vn -0.5447 -0.8041 -0.2383
vn -0.5535 -0.8008 -0.2289
vn -0.5572 -0.7997 -0.2237
vn -0.5433 -0.8100 -0.2208
vn -0.3725 -0.9121 -0.1711
vn -0.1081 -0.9927 -0.0537
vn -0.1060 -0.9938 0.0343
vn -0.2525 -0.9669 0.0361
vn -0.3068 -0.9518 0.0030
vn -0.2505 -0.9681 0.0043
vn -0.1215 -0.9893 0.0807
vn 0.0861 -0.9832 0.1607
vn 0.3270 -0.9331 0.1497
vn 0.4503 -0.8861 0.1101
vn 0.4711 -0.8764 0.0994
vn 0.4693 -0.8774 0.0998
vn 0.4174 -0.8997 0.1277
vn 0.2995 -0.9373 0.1784
vn 0.3929 -0.9015 0.1814
vn 0.5489 -0.8215 0.1544
vn 0.5339 -0.8332 0.1437
vn 0.4763 -0.8705 0.1236
vn 0.4293 -0.8957 0.1162
vn 0.4199 -0.8988 0.1262
vn 0.4171 -0.8979 0.1405
vn 0.4122 -0.8978 0.1549
vn 0.3987 -0.9010 0.1710
vn -0.6002 -0.7935 -0.1012
vn -0.6066 -0.7797 -0.1553
vn -0.5566 -0.8001 -0.2238
vn -0.5366 -0.8030 -0.2594
vn -0.5328 -0.8048 -0.2613
vn -0.5420 -0.8018 -0.2518
vn -0.5463 -0.8034 -0.2368
vn -0.5115 -0.8378 -0.1908
vn -0.2680 -0.9599 -0.0824
vn 0.0009 -0.9994 0.0332
vn -0.0869 -0.9942 0.0633
vn -0.2717 -0.9613 0.0463
vn -0.2996 -0.9521 0.0612
vn -0.2058 -0.9724 0.1099
vn -0.0471 -0.9881 0.1465
vn 0.1156 -0.9803 0.1600
vn 0.2891 -0.9466 0.1430
vn 0.4271 -0.8984 0.1017
vn 0.4728 -0.8773 0.0824
vn 0.4701 -0.8788 0.0823
vn 0.4539 -0.8860 0.0945
vn 0.3459 -0.9278 0.1400
vn 0.3974 -0.9023 0.1673
vn 0.5338 -0.8335 0.1422
vn 0.5028 -0.8580 0.1050
vn 0.4532 -0.8882 0.0755
vn 0.4381 -0.8965 0.0667
vn 0.4356 -0.8974 0.0709
vn 0.4339 -0.8979 0.0746
vn 0.4316 -0.8986 0.0793
vn 0.4259 -0.8999 0.0940
vn -0.5762 -0.8142 -0.0708
vn -0.6645 -0.7442 -0.0688
vn -0.6319 -0.7648 -0.1258
vn -0.5891 -0.7811 -0.2071
vn -0.5437 -0.7975 -0.2614
vn -0.5298 -0.8036 -0.2713
vn -0.5057 -0.8310 -0.2317
vn -0.4275 -0.8936 -0.1367
vn -0.1688 -0.9851 -0.0324
vn 0.0513 -0.9983 0.0262
vn -0.0962 -0.9950 0.0276
vn -0.2802 -0.9598 0.0143
vn -0.2477 -0.9679 0.0431
vn -0.1738 -0.9814 0.0821
vn -0.0352 -0.9950 0.0932
vn 0.1471 -0.9821 0.1177
vn 0.2575 -0.9586 0.1218
vn 0.3992 -0.9128 0.0859
vn 0.4784 -0.8751 0.0735
vn 0.4764 -0.8750 0.0868
vn 0.4710 -0.8763 0.1018
vn 0.3930 -0.9093 0.1366
vn 0.4104 -0.8984 0.1565
vn 0.5066 -0.8517 0.1341
vn 0.4875 -0.8631 0.1319
vn 0.4475 -0.8805 0.1565
vn 0.4352 -0.8834 0.1739
vn 0.4311 -0.8839 0.1814
vn 0.4266 -0.8850 0.1867
vn 0.4251 -0.8852 0.1891
vn 0.4277 -0.8841 0.1884
vn -0.5132 -0.8507 -0.1136
vn -0.6666 -0.7401 -0.0890
vn -0.6746 -0.7335 -0.0831
vn -0.6576 -0.7441 -0.1182
vn -0.6063 -0.7723 -0.1899
vn -0.5302 -0.8165 -0.2287
vn -0.4300 -0.8856 -0.1755
vn -0.3378 -0.9371 -0.0876
vn -0.1187 -0.9925 -0.0278
vn 0.0660 -0.9978 -0.0024
vn -0.1050 -0.9944 -0.0085
vn -0.2703 -0.9628 -0.0053
vn -0.1966 -0.9801 0.0285
vn -0.1656 -0.9850 0.0491
vn -0.0179 -0.9977 0.0654
vn 0.1897 -0.9770 0.0974
vn 0.2523 -0.9597 0.1235
vn 0.3967 -0.9071 0.1409
vn 0.4872 -0.8587 0.1591
vn 0.4856 -0.8561 0.1770
vn 0.4697 -0.8631 0.1856
vn 0.3825 -0.9095 0.1631
vn 0.3987 -0.9095 0.1174
vn 0.5095 -0.8540 0.1054
vn 0.5148 -0.8456 0.1408
vn 0.4791 -0.8571 0.1894
vn 0.4505 -0.8616 0.2340
vn 0.4299 -0.8646 0.2601
vn 0.4143 -0.8708 0.2647
vn 0.4116 -0.8740 0.2584
vn 0.4127 -0.8758 0.2502
vn -0.4504 -0.8778 -0.1633
vn -0.6297 -0.7661 -0.1286
vn -0.6750 -0.7307 -0.1021
vn -0.6802 -0.7267 -0.0962
vn -0.6618 -0.7418 -0.1089
vn -0.5423 -0.8308 -0.1253
vn -0.3758 -0.9198 -0.1128
vn -0.2881 -0.9539 -0.0842
vn -0.0930 -0.9942 -0.0532
vn 0.0688 -0.9970 -0.0348
vn -0.1130 -0.9926 -0.0454
vn -0.2311 -0.9726 -0.0272
vn -0.1799 -0.9837 -0.0038
vn -0.1583 -0.9874 -0.0000
vn 0.0400 -0.9980 0.0482
vn 0.2128 -0.9727 0.0930
vn 0.3011 -0.9439 0.1358
vn 0.4439 -0.8729 0.2026
vn 0.4917 -0.8380 0.2366
vn 0.4885 -0.8381 0.2429
vn 0.4338 -0.8734 0.2214
vn 0.3005 -0.9422 0.1485
vn 0.3730 -0.9242 0.0823
vn 0.5306 -0.8447 0.0699
vn 0.5397 -0.8381 0.0787
vn 0.5217 -0.8478 0.0950
vn 0.4986 -0.8570 0.1305
vn 0.4654 -0.8682 0.1722
vn 0.4360 -0.8750 0.2107
vn 0.4169 -0.8781 0.2349
vn 0.4044 -0.8831 0.2377
vn -0.4034 -0.8967 -0.1821
vn -0.5770 -0.8019 -0.1552
vn -0.6664 -0.7345 -0.1283
vn -0.6730 -0.7298 -0.1204
vn -0.6529 -0.7525 -0.0860
vn -0.5433 -0.8387 -0.0376
vn -0.4011 -0.9144 -0.0538
vn -0.2840 -0.9544 -0.0925
vn -0.0704 -0.9941 -0.0829
vn 0.0645 -0.9955 -0.0695
vn -0.1102 -0.9913 -0.0723
vn -0.1928 -0.9795 -0.0584
vn -0.2004 -0.9774 -0.0671
vn -0.1205 -0.9907 -0.0630
vn 0.1322 -0.9911 0.0139
vn 0.2462 -0.9651 0.0891
vn 0.3782 -0.9131 0.1525
vn 0.4901 -0.8475 0.2039
vn 0.4980 -0.8387 0.2206
vn 0.4782 -0.8531 0.2087
vn 0.3630 -0.9184 0.1577
vn 0.2221 -0.9701 0.0974
vn 0.3625 -0.9297 0.0651
vn 0.5378 -0.8413 0.0547
vn 0.5400 -0.8400 0.0533
vn 0.5332 -0.8445 0.0504
vn 0.5230 -0.8508 0.0507
vn 0.5038 -0.8613 0.0663
vn 0.4832 -0.8697 0.1002
vn 0.4519 -0.8812 0.1387
vn 0.4259 -0.8879 0.1740
vn -0.4102 -0.8964 -0.1679
vn -0.5304 -0.8289 -0.1778
vn -0.6519 -0.7419 -0.1571
vn -0.6531 -0.7466 -0.1268
vn -0.5941 -0.8024 -0.0567
vn -0.5195 -0.8544 0.0104
vn -0.4680 -0.8837 -0.0025
vn -0.3280 -0.9424 -0.0654
vn -0.0675 -0.9930 -0.0964
vn 0.0568 -0.9933 -0.1004
vn -0.0843 -0.9922 -0.0917
vn -0.1928 -0.9772 -0.0886
vn -0.2271 -0.9682 -0.1054
vn -0.0382 -0.9976 -0.0577
vn 0.2089 -0.9777 0.0227
vn 0.3137 -0.9450 0.0924
vn 0.4526 -0.8761 0.1661
vn 0.5048 -0.8400 0.1989
vn 0.4962 -0.8458 0.1961
vn 0.4265 -0.8910 0.1557
vn 0.2870 -0.9542 0.0848
vn 0.1922 -0.9802 0.0468
vn 0.3628 -0.9311 0.0388
vn 0.5378 -0.8424 0.0323
vn 0.5367 -0.8432 0.0312
vn 0.5296 -0.8478 0.0281
vn 0.5222 -0.8525 0.0247
vn 0.5148 -0.8571 0.0210
vn 0.5057 -0.8625 0.0192
vn 0.4874 -0.8726 0.0311
vn 0.4725 -0.8792 0.0604
vn -0.4719 -0.8740 -0.1156
vn -0.5264 -0.8337 -0.1669
vn -0.6309 -0.7575 -0.1678
vn -0.6035 -0.7895 -0.1113
vn -0.5273 -0.8491 -0.0314
vn -0.4986 -0.8668 0.0096
vn -0.5061 -0.8624 0.0043
vn -0.3909 -0.9199 -0.0306
vn -0.1092 -0.9907 -0.0815
vn 0.0408 -0.9922 -0.1177
vn -0.0642 -0.9889 -0.1341
vn -0.2181 -0.9635 -0.1552
vn -0.1893 -0.9718 -0.1408
vn 0.0751 -0.9963 -0.0409
vn 0.2642 -0.9632 0.0495
vn 0.3902 -0.9136 0.1145
vn 0.4968 -0.8518 0.1661
vn 0.5075 -0.8423 0.1815
vn 0.4662 -0.8706 0.1571
vn 0.3444 -0.9347 0.0878
vn 0.2324 -0.9722 0.0295
vn 0.1904 -0.9816 0.0164
vn 0.3656 -0.9307 0.0154
vn 0.5371 -0.8434 0.0117
vn 0.5326 -0.8463 0.0102
vn 0.5252 -0.8509 0.0068
vn 0.5177 -0.8556 0.0032
vn 0.5102 -0.8601 -0.0004
vn 0.5031 -0.8642 -0.0042
vn 0.4969 -0.8678 -0.0081
vn 0.4921 -0.8705 -0.0121
vn -0.5352 -0.8437 -0.0423
vn -0.5614 -0.8231 -0.0859
vn -0.6154 -0.7840 -0.0816
vn -0.5598 -0.8275 -0.0434
vn -0.4927 -0.8700 -0.0209
vn -0.4921 -0.8704 -0.0159
vn -0.5108 -0.8596 -0.0140
vn -0.4263 -0.9044 -0.0173
vn -0.1715 -0.9842 -0.0437
vn -0.0036 -0.9953 -0.0971
vn -0.0964 -0.9820 -0.1626
vn -0.2266 -0.9562 -0.1851
vn -0.0687 -0.9932 -0.0943
vn 0.1722 -0.9849 0.0148
vn 0.3187 -0.9445 0.0802
vn 0.4559 -0.8795 0.1368
vn 0.5093 -0.8448 0.1639
vn 0.4909 -0.8591 0.1447
vn 0.3942 -0.9155 0.0811
vn 0.2727 -0.9620 0.0125
vn 0.2141 -0.9767 -0.0135
vn 0.1970 -0.9804 -0.0077
vn 0.3716 -0.9284 -0.0034
vn 0.5343 -0.8453 -0.0057
vn 0.5277 -0.8494 -0.0090
vn 0.5203 -0.8539 -0.0127
vn 0.5127 -0.8584 -0.0164
vn 0.5053 -0.8627 -0.0201
vn 0.4984 -0.8666 -0.0236
vn 0.4925 -0.8699 -0.0272
vn 0.4881 -0.8723 -0.0307
vn -0.5772 -0.8101 0.1027
vn -0.5966 -0.7998 0.0665
vn -0.6055 -0.7939 0.0552
vn -0.5447 -0.8355 0.0730
vn -0.5046 -0.8601 0.0750
vn -0.5063 -0.8606 0.0556
vn -0.5207 -0.8529 0.0386
vn -0.4482 -0.8936 0.0234
vn -0.2331 -0.9723 -0.0148
vn -0.0815 -0.9929 -0.0861
vn -0.1293 -0.9835 -0.1268
vn -0.1120 -0.9937 -0.0072
vn 0.0856 -0.9786 0.1869
vn 0.2197 -0.9336 0.2829
vn 0.3382 -0.8969 0.2850
vn 0.4764 -0.8390 0.2629
vn 0.4896 -0.8408 0.2308
vn 0.4232 -0.8933 0.1515
vn 0.3081 -0.9501 0.0495
vn 0.2302 -0.9731 -0.0122
vn 0.2074 -0.9777 -0.0317
vn 0.2091 -0.9774 -0.0295
vn 0.3807 -0.9244 -0.0211
vn 0.5293 -0.8482 -0.0214
vn 0.5223 -0.8524 -0.0256
vn 0.5150 -0.8567 -0.0296
vn 0.5076 -0.8610 -0.0334
vn 0.5004 -0.8650 -0.0371
vn 0.4938 -0.8686 -0.0405
vn 0.4883 -0.8716 -0.0437
vn 0.4845 -0.8736 -0.0467
vn -0.5936 -0.7772 0.2087
vn -0.6392 -0.7528 0.1571
vn -0.6261 -0.7749 0.0869
vn -0.5335 -0.8434 0.0638
vn -0.5080 -0.8584 0.0708
vn -0.5143 -0.8545 0.0731
vn -0.5231 -0.8486 0.0790
vn -0.4818 -0.8737 0.0679
vn -0.3105 -0.9505 0.0123
vn -0.1428 -0.9891 -0.0352
vn -0.0322 -0.9977 0.0589
vn 0.1168 -0.9518 0.2834
vn 0.2098 -0.8693 0.4475
vn 0.2280 -0.8410 0.4906
vn 0.3197 -0.8223 0.4708
vn 0.4359 -0.8037 0.4051
vn 0.4224 -0.8445 0.3291
vn 0.3256 -0.9145 0.2401
vn 0.2463 -0.9543 0.1691
vn 0.2129 -0.9678 0.1345
vn 0.1999 -0.9736 0.1102
vn 0.2257 -0.9696 0.0949
vn 0.3950 -0.9148 0.0842
vn 0.5288 -0.8465 0.0611
vn 0.5205 -0.8530 0.0399
vn 0.5123 -0.8585 0.0214
vn 0.5050 -0.8631 0.0068
vn 0.4991 -0.8665 -0.0027
vn 0.4950 -0.8689 -0.0059
vn 0.4927 -0.8702 -0.0017
vn 0.4920 -0.8705 0.0113
vn -0.6218 -0.7594 0.1917
vn -0.6982 -0.7049 0.1245
vn -0.6744 -0.7369 0.0471
vn -0.5462 -0.8376 -0.0075
vn -0.4912 -0.8708 -0.0231
vn -0.4953 -0.8687 -0.0052
vn -0.4774 -0.8772 0.0514
vn -0.4560 -0.8756 0.1592
vn -0.3543 -0.9026 0.2447
vn -0.1790 -0.9479 0.2635
vn 0.0937 -0.9491 0.3007
vn 0.2837 -0.8814 0.3778
vn 0.2637 -0.8617 0.4335
vn 0.2527 -0.8501 0.4620
vn 0.3000 -0.8350 0.4612
vn 0.3713 -0.8383 0.3993
vn 0.3386 -0.8857 0.3176
vn 0.2621 -0.9268 0.2690
vn 0.2265 -0.9396 0.2568
vn 0.2050 -0.9440 0.2586
vn 0.1881 -0.9488 0.2538
vn 0.2333 -0.9404 0.2475
vn 0.4065 -0.8820 0.2385
vn 0.5227 -0.8243 0.2175
vn 0.5171 -0.8323 0.1998
vn 0.5117 -0.8392 0.1841
vn 0.5072 -0.8446 0.1717
vn 0.5040 -0.8481 0.1637
vn 0.5024 -0.8494 0.1616
vn 0.5024 -0.8484 0.1668
vn 0.5032 -0.8451 0.1806
vn -0.6724 -0.7252 0.1479
vn -0.7427 -0.6648 0.0804
vn -0.7139 -0.6991 0.0399
vn -0.5864 -0.8100 0.0025
vn -0.4817 -0.8763 -0.0082
vn -0.4499 -0.8916 0.0519
vn -0.3746 -0.9063 0.1958
vn -0.3400 -0.8726 0.3506
vn -0.3151 -0.8352 0.4508
vn -0.2263 -0.8632 0.4512
vn 0.0877 -0.9233 0.3740
vn 0.3198 -0.8996 0.2975
vn 0.2936 -0.9062 0.3043
vn 0.2910 -0.8959 0.3357
vn 0.3186 -0.8707 0.3748
vn 0.3198 -0.8657 0.3850
vn 0.2682 -0.9000 0.3437
vn 0.2307 -0.9285 0.2911
vn 0.2155 -0.9412 0.2604
vn 0.2024 -0.9479 0.2462
vn 0.1826 -0.9520 0.2455
vn 0.2509 -0.9328 0.2588
vn 0.4250 -0.8624 0.2749
vn 0.5164 -0.8099 0.2783
vn 0.5118 -0.8122 0.2799
vn 0.5074 -0.8145 0.2812
vn 0.5036 -0.8166 0.2821
vn 0.5007 -0.8183 0.2824
vn 0.4992 -0.8192 0.2822
vn 0.4994 -0.8194 0.2815
vn 0.5014 -0.8186 0.2802
vn -0.7152 -0.6936 0.0863
vn -0.7579 -0.6487 0.0683
vn -0.7332 -0.6768 0.0658
vn -0.6106 -0.7877 0.0819
vn -0.4522 -0.8787 0.1531
vn -0.3490 -0.8894 0.2951
vn -0.2677 -0.8685 0.4172
vn -0.2688 -0.8500 0.4531
vn -0.2939 -0.8482 0.4406
vn -0.2706 -0.8622 0.4283
vn 0.0059 -0.9157 0.4018
vn 0.2747 -0.9114 0.3065
vn 0.3006 -0.9195 0.2534
vn 0.3372 -0.9001 0.2760
vn 0.3855 -0.8530 0.3517
vn 0.3198 -0.8415 0.4355
vn 0.2174 -0.8655 0.4514
vn 0.1976 -0.8855 0.4205
vn 0.1890 -0.9036 0.3845
vn 0.1848 -0.9205 0.3442
vn 0.1655 -0.9389 0.3019
vn 0.2700 -0.9228 0.2748
vn 0.4513 -0.8506 0.2700
vn 0.5168 -0.8114 0.2733
vn 0.5121 -0.8139 0.2743
vn 0.5075 -0.8165 0.2752
vn 0.5035 -0.8189 0.2756
vn 0.5005 -0.8207 0.2757
vn 0.4989 -0.8217 0.2753
vn 0.4990 -0.8219 0.2747
vn 0.5009 -0.8210 0.2738
vn -0.7129 -0.7004 0.0345
vn -0.7465 -0.6613 0.0735
vn -0.7119 -0.6855 0.1523
vn -0.5574 -0.7668 0.3183
vn -0.3618 -0.7998 0.4790
vn -0.2692 -0.7897 0.5512
vn -0.2378 -0.7992 0.5519
vn -0.2704 -0.7948 0.5433
vn -0.3146 -0.7881 0.5291
vn -0.2895 -0.8075 0.5140
vn -0.0712 -0.8756 0.4778
vn 0.1907 -0.9037 0.3834
vn 0.2990 -0.8931 0.3361
vn 0.3883 -0.8480 0.3606
vn 0.4491 -0.7947 0.4084
vn 0.3386 -0.8180 0.4649
vn 0.2021 -0.8463 0.4929
vn 0.1808 -0.8486 0.4972
vn 0.1651 -0.8540 0.4934
vn 0.1514 -0.8685 0.4721
vn 0.1297 -0.8906 0.4359
vn 0.2499 -0.8920 0.3768
vn 0.4516 -0.8399 0.3011
vn 0.5166 -0.8122 0.2712
vn 0.5118 -0.8150 0.2716
vn 0.5070 -0.8179 0.2719
vn 0.5028 -0.8205 0.2718
vn 0.4997 -0.8226 0.2714
vn 0.4983 -0.8237 0.2706
vn 0.4986 -0.8238 0.2698
vn 0.5005 -0.8229 0.2691
vn -0.6834 -0.7290 0.0380
vn -0.7108 -0.6957 0.1039
vn -0.6140 -0.7467 0.2557
vn -0.4068 -0.7892 0.4600
vn -0.2755 -0.7809 0.5606
vn -0.2635 -0.7767 0.5721
vn -0.2278 -0.7733 0.5917
vn -0.2378 -0.7380 0.6315
vn -0.3161 -0.6924 0.6486
vn -0.3390 -0.7123 0.6146
vn -0.1714 -0.8125 0.5572
vn 0.1294 -0.8548 0.5026
vn 0.3014 -0.8257 0.4768
vn 0.4042 -0.7956 0.4513
vn 0.4693 -0.7731 0.4267
vn 0.3490 -0.8173 0.4584
vn 0.2059 -0.8496 0.4855
vn 0.1823 -0.8520 0.4908
vn 0.1593 -0.8547 0.4940
vn 0.1354 -0.8572 0.4968
vn 0.1115 -0.8593 0.4991
vn 0.1860 -0.8709 0.4548
vn 0.4010 -0.8498 0.3421
vn 0.5159 -0.8121 0.2727
vn 0.5111 -0.8152 0.2723
vn 0.5062 -0.8185 0.2719
vn 0.5018 -0.8214 0.2712
vn 0.4985 -0.8237 0.2701
vn 0.4970 -0.8251 0.2685
vn 0.4978 -0.8252 0.2668
vn 0.4999 -0.8243 0.2656
vn -0.6912 -0.7051 0.1583
vn -0.6728 -0.7194 0.1728
vn -0.4825 -0.8186 0.3115
vn -0.2882 -0.8527 0.4356
vn -0.2416 -0.8386 0.4883
vn -0.2460 -0.8162 0.5228
vn -0.1883 -0.8032 0.5652
vn -0.1798 -0.7754 0.6054
vn -0.3089 -0.7321 0.6071
vn -0.3999 -0.7205 0.5665
vn -0.2650 -0.8021 0.5351
vn 0.1193 -0.8472 0.5177
vn 0.3228 -0.7901 0.5211
vn 0.3746 -0.7723 0.5131
vn 0.4556 -0.7655 0.4544
vn 0.3543 -0.8147 0.4592
vn 0.2092 -0.8507 0.4823
vn 0.1832 -0.8543 0.4864
vn 0.1601 -0.8574 0.4892
vn 0.1360 -0.8600 0.4919
vn 0.1229 -0.8549 0.5040
vn 0.1517 -0.8436 0.5151
vn 0.3258 -0.8322 0.4487
vn 0.4921 -0.8087 0.3222
vn 0.5102 -0.8143 0.2768
vn 0.5051 -0.8179 0.2756
vn 0.5006 -0.8211 0.2744
vn 0.4970 -0.8238 0.2727
vn 0.4952 -0.8256 0.2704
vn 0.4966 -0.8256 0.2679
vn 0.4991 -0.8246 0.2662
vn -0.7240 -0.6553 0.2154
vn -0.6288 -0.7287 0.2714
vn -0.3994 -0.8224 0.4051
vn -0.2438 -0.8409 0.4831
vn -0.2096 -0.8273 0.5213
vn -0.2261 -0.8141 0.5349
vn -0.1631 -0.8208 0.5475
vn -0.1495 -0.8199 0.5527
vn -0.3126 -0.7954 0.5193
vn -0.4270 -0.7687 0.4762
vn -0.3403 -0.8255 0.4503
vn 0.0922 -0.8960 0.4344
vn 0.3801 -0.8101 0.4464
vn 0.3692 -0.7815 0.5028
vn 0.4257 -0.7637 0.4853
vn 0.3485 -0.8084 0.4743
vn 0.2085 -0.8498 0.4842
vn 0.1833 -0.8552 0.4847
vn 0.1651 -0.8551 0.4914
vn 0.1582 -0.8404 0.5184
vn 0.1683 -0.8046 0.5695
vn 0.1852 -0.7613 0.6214
vn 0.2659 -0.7493 0.6064
vn 0.4086 -0.7782 0.4770
vn 0.4897 -0.8052 0.3345
vn 0.5026 -0.8156 0.2868
vn 0.4995 -0.8193 0.2814
vn 0.4957 -0.8224 0.2793
vn 0.4938 -0.8244 0.2767
vn 0.4960 -0.8240 0.2740
vn 0.4993 -0.8224 0.2726
vn -0.6655 -0.4664 -0.5827
vn -0.6731 -0.3868 -0.6304
vn -0.6873 -0.3557 -0.6334
vn -0.6966 -0.3827 -0.6068
vn -0.6865 -0.4062 -0.6031
vn -0.6225 -0.4336 -0.6514
vn -0.5527 -0.6155 -0.5618
vn -0.5103 -0.8096 -0.2901
vn -0.5362 -0.8334 -0.1341
vn -0.6037 -0.7892 -0.1127
vn -0.6303 -0.7667 -0.1219
vn -0.6199 -0.7724 -0.1381
vn -0.5841 -0.7962 -0.1574
vn -0.5234 -0.8327 -0.1807
vn -0.4594 -0.8711 -0.1734
vn -0.4162 -0.8962 -0.1537
vn -0.4170 -0.8952 -0.1570
vn -0.4731 -0.8718 -0.1271
vn -0.5397 -0.8375 -0.0857
vn -0.5769 -0.8137 -0.0715
vn -0.5836 -0.8098 -0.0606
vn -0.5984 -0.8002 0.0388
vn -0.6182 -0.7665 0.1740
vn -0.6253 -0.7519 0.2091
vn -0.6202 -0.7558 0.2098
vn -0.6158 -0.7589 0.2117
vn -0.6295 -0.7631 0.1463
vn -0.6532 -0.7569 0.0194
vn -0.6762 -0.7346 0.0562
vn -0.6808 -0.6831 0.2645
vn -0.6982 -0.6433 0.3142
vn -0.6944 -0.4229 -0.5822
vn -0.6883 -0.4069 -0.6006
vn -0.6912 -0.3659 -0.6231
vn -0.6966 -0.3599 -0.6206
vn -0.6767 -0.3920 -0.6233
vn -0.5805 -0.4188 -0.6983
vn -0.5024 -0.5353 -0.6790
vn -0.5634 -0.7381 -0.3713
vn -0.6125 -0.7840 -0.1010
vn -0.6297 -0.7711 -0.0940
vn -0.6259 -0.7706 -0.1202
vn -0.6277 -0.7648 -0.1449
vn -0.6410 -0.7461 -0.1803
vn -0.6649 -0.7127 -0.2236
vn -0.6897 -0.6848 -0.2352
vn -0.7021 -0.6791 -0.2143
vn -0.7112 -0.6780 -0.1859
vn -0.7052 -0.6951 -0.1398
vn -0.6649 -0.7401 -0.1011
vn -0.6411 -0.7648 -0.0640
vn -0.6867 -0.7266 -0.0225
vn -0.7380 -0.6706 0.0752
vn -0.7359 -0.6550 0.1718
vn -0.7046 -0.6861 0.1811
vn -0.6668 -0.7211 0.1882
vn -0.6395 -0.7416 0.2025
vn -0.6437 -0.7488 0.1581
vn -0.6746 -0.7368 0.0446
vn -0.6977 -0.7054 0.1250
vn -0.6888 -0.6484 0.3243
vn -0.7138 -0.6197 0.3261
vn -0.7272 -0.3226 -0.6059
vn -0.7204 -0.3377 -0.6059
vn -0.7103 -0.3419 -0.6153
vn -0.7002 -0.3388 -0.6284
vn -0.6559 -0.3670 -0.6596
vn -0.5672 -0.3809 -0.7302
vn -0.5423 -0.3980 -0.7400
vn -0.7079 -0.5480 -0.4456
vn -0.7790 -0.6134 -0.1298
vn -0.7767 -0.6170 -0.1267
vn -0.7779 -0.6097 -0.1517
vn -0.7855 -0.5958 -0.1671
vn -0.7994 -0.5702 -0.1894
vn -0.8208 -0.5290 -0.2154
vn -0.8444 -0.4827 -0.2322
vn -0.8596 -0.4563 -0.2299
vn -0.8561 -0.4696 -0.2156
vn -0.8292 -0.5209 -0.2025
vn -0.7936 -0.5837 -0.1720
vn -0.7970 -0.6018 -0.0513
vn -0.8406 -0.5388 0.0557
vn -0.8703 -0.4832 0.0949
vn -0.8593 -0.4961 0.1249
vn -0.8304 -0.5420 0.1290
vn -0.7942 -0.5899 0.1457
vn -0.7500 -0.6381 0.1742
vn -0.7184 -0.6786 0.1528
vn -0.7288 -0.6795 0.0850
vn -0.7365 -0.6467 0.1985
vn -0.7062 -0.6051 0.3677
vn -0.7305 -0.5951 0.3350
vn -0.7343 -0.2919 -0.6129
vn -0.7319 -0.2910 -0.6161
vn -0.7283 -0.2931 -0.6195
vn -0.7075 -0.3039 -0.6380
vn -0.6440 -0.3259 -0.6921
vn -0.6062 -0.3157 -0.7300
vn -0.6209 -0.2667 -0.7372
vn -0.8073 -0.3332 -0.4872
vn -0.9037 -0.3923 -0.1715
vn -0.9043 -0.3967 -0.1575
vn -0.9028 -0.3918 -0.1771
vn -0.9008 -0.3917 -0.1875
vn -0.8986 -0.3921 -0.1968
vn -0.8934 -0.3953 -0.2138
vn -0.8862 -0.4049 -0.2250
vn -0.8787 -0.4165 -0.2333
vn -0.8706 -0.4300 -0.2389
vn -0.8621 -0.4449 -0.2426
vn -0.8727 -0.4484 -0.1930
vn -0.9013 -0.4324 -0.0254
vn -0.9053 -0.4147 0.0914
vn -0.9028 -0.4197 0.0935
vn -0.8981 -0.4297 0.0938
vn -0.8927 -0.4400 0.0968
vn -0.8830 -0.4566 0.1089
vn -0.8519 -0.5128 0.1065
vn -0.7912 -0.6041 0.0948
vn -0.7594 -0.6388 0.1239
vn -0.7504 -0.6120 0.2495
vn -0.7089 -0.6089 0.3559
vn -0.7133 -0.6186 0.3293
vn -0.7413 -0.2694 -0.6147
vn -0.7388 -0.2673 -0.6187
vn -0.7347 -0.2679 -0.6232
vn -0.6945 -0.2913 -0.6579
vn -0.6104 -0.3364 -0.7171
vn -0.6082 -0.3562 -0.7094
vn -0.6498 -0.2995 -0.6986
vn -0.8219 -0.2877 -0.4916
vn -0.9268 -0.3220 -0.1933
vn -0.9241 -0.3437 -0.1670
vn -0.9167 -0.3543 -0.1849
vn -0.9122 -0.3612 -0.1934
vn -0.9089 -0.3650 -0.2016
vn -0.9017 -0.3698 -0.2238
vn -0.8948 -0.3788 -0.2363
vn -0.8874 -0.3899 -0.2459
vn -0.8797 -0.4028 -0.2526
vn -0.8716 -0.4174 -0.2570
vn -0.8923 -0.4193 -0.1673
vn -0.9192 -0.3937 0.0088
vn -0.9215 -0.3792 0.0838
vn -0.9175 -0.3892 0.0822
vn -0.9129 -0.3998 0.0828
vn -0.9050 -0.4180 0.0794
vn -0.8815 -0.4683 0.0611
vn -0.8334 -0.5526 0.0092
vn -0.7813 -0.6235 0.0281
vn -0.7634 -0.6213 0.1764
vn -0.7608 -0.5835 0.2840
vn -0.7312 -0.6110 0.3034
vn -0.6891 -0.6566 0.3066
vn -0.7481 -0.2469 -0.6159
vn -0.7451 -0.2443 -0.6205
vn -0.7407 -0.2439 -0.6260
vn -0.6709 -0.2760 -0.6883
vn -0.5817 -0.3288 -0.7440
vn -0.6129 -0.3658 -0.7003
vn -0.6535 -0.3587 -0.6666
vn -0.8205 -0.3431 -0.4573
vn -0.9307 -0.3096 -0.1946
vn -0.9315 -0.3125 -0.1861
vn -0.9259 -0.3261 -0.1906
vn -0.9234 -0.3271 -0.2006
vn -0.9174 -0.3370 -0.2118
vn -0.9085 -0.3471 -0.2328
vn -0.9016 -0.3554 -0.2466
vn -0.8945 -0.3656 -0.2574
vn -0.8871 -0.3777 -0.2653
vn -0.8815 -0.3887 -0.2682
vn -0.9107 -0.3907 -0.1339
vn -0.9310 -0.3627 0.0416
vn -0.9342 -0.3492 0.0727
vn -0.9304 -0.3595 0.0712
vn -0.9216 -0.3833 0.0607
vn -0.8934 -0.4485 0.0242
vn -0.8361 -0.5477 -0.0306
vn -0.7826 -0.6189 -0.0669
vn -0.7804 -0.6232 0.0522
vn -0.7838 -0.5654 0.2567
vn -0.7943 -0.5184 0.3167
vn -0.7999 -0.5341 0.2738
vn -0.7431 -0.6050 0.2862
vn -0.7544 -0.2250 -0.6166
vn -0.7511 -0.2220 -0.6218
vn -0.7374 -0.2345 -0.6335
vn -0.6401 -0.2760 -0.7171
vn -0.5814 -0.3024 -0.7553
vn -0.6472 -0.2947 -0.7030
vn -0.6700 -0.3076 -0.6756
vn -0.8310 -0.3610 -0.4233
vn -0.9281 -0.3324 -0.1680
vn -0.9331 -0.3030 -0.1939
vn -0.9326 -0.3031 -0.1959
vn -0.9275 -0.3115 -0.2066
vn -0.9212 -0.3188 -0.2228
vn -0.9139 -0.3268 -0.2409
vn -0.9071 -0.3343 -0.2558
vn -0.9001 -0.3436 -0.2679
vn -0.8931 -0.3547 -0.2769
vn -0.8971 -0.3528 -0.2659
vn -0.9351 -0.3400 -0.0994
vn -0.9455 -0.3202 0.0584
vn -0.9453 -0.3203 0.0621
vn -0.9400 -0.3365 0.0559
vn -0.9240 -0.3821 0.0133
vn -0.8863 -0.4594 -0.0585
vn -0.8468 -0.5222 -0.1010
vn -0.8438 -0.5335 -0.0591
vn -0.8488 -0.5112 0.1348
vn -0.8180 -0.4828 0.3126
vn -0.8151 -0.4673 0.3423
vn -0.8464 -0.4543 0.2778
vn -0.8277 -0.4962 0.2619
vn -0.7603 -0.2027 -0.6171
vn -0.7566 -0.1997 -0.6227
vn -0.7200 -0.2305 -0.6545
vn -0.6116 -0.2797 -0.7401
vn -0.6010 -0.2841 -0.7471
vn -0.6740 -0.2556 -0.6931
vn -0.6786 -0.2461 -0.6921
vn -0.8487 -0.3029 -0.4335
vn -0.9350 -0.3213 -0.1501
vn -0.9341 -0.3066 -0.1832
vn -0.9337 -0.2961 -0.2011
vn -0.9305 -0.2989 -0.2116
vn -0.9247 -0.3033 -0.2302
vn -0.9183 -0.3087 -0.2479
vn -0.9115 -0.3154 -0.2639
vn -0.9047 -0.3236 -0.2771
vn -0.8979 -0.3335 -0.2872
vn -0.9148 -0.3227 -0.2428
vn -0.9533 -0.2950 -0.0648
vn -0.9575 -0.2830 0.0557
vn -0.9544 -0.2942 0.0509
vn -0.9444 -0.3280 0.0232
vn -0.9204 -0.3882 -0.0474
vn -0.8973 -0.4286 -0.1053
vn -0.8938 -0.4347 -0.1105
vn -0.9129 -0.4081 0.0032
vn -0.9107 -0.3653 0.1930
vn -0.8720 -0.3802 0.3084
vn -0.8363 -0.4191 0.3534
vn -0.8605 -0.4161 0.2938
vn -0.8761 -0.3983 0.2716
vn -0.7655 -0.1815 -0.6173
vn -0.7614 -0.1786 -0.6232
vn -0.6954 -0.2162 -0.6854
vn -0.5973 -0.2634 -0.7575
vn -0.6302 -0.2557 -0.7332
vn -0.6880 -0.2343 -0.6868
vn -0.6780 -0.2344 -0.6967
vn -0.8527 -0.2680 -0.4484
vn -0.9467 -0.2808 -0.1580
vn -0.9405 -0.2897 -0.1778
vn -0.9382 -0.2834 -0.1986
vn -0.9359 -0.2779 -0.2165
vn -0.9288 -0.2845 -0.2376
vn -0.9219 -0.2924 -0.2541
vn -0.9152 -0.2982 -0.2710
vn -0.9085 -0.3053 -0.2853
vn -0.9021 -0.3139 -0.2963
vn -0.9288 -0.3067 -0.2082
vn -0.9615 -0.2735 -0.0287
vn -0.9643 -0.2611 0.0437
vn -0.9544 -0.2975 0.0244
vn -0.9313 -0.3630 -0.0301
vn -0.9055 -0.4144 -0.0910
vn -0.8949 -0.4308 -0.1159
vn -0.9101 -0.4067 -0.0794
vn -0.9381 -0.3350 0.0875
vn -0.9343 -0.2763 0.2253
vn -0.9157 -0.2974 0.2703
vn -0.8705 -0.3553 0.3406
vn -0.8735 -0.3785 0.3062
vn -0.8810 -0.3336 0.3356
vn -0.7700 -0.1618 -0.6172
vn -0.7586 -0.1720 -0.6284
vn -0.6646 -0.2215 -0.7137
vn -0.5901 -0.2604 -0.7642
vn -0.6539 -0.2445 -0.7160
vn -0.6911 -0.2246 -0.6870
vn -0.6782 -0.2255 -0.6994
vn -0.8543 -0.2532 -0.4539
vn -0.9514 -0.2588 -0.1670
vn -0.9486 -0.2604 -0.1798
vn -0.9494 -0.2490 -0.1911
vn -0.9437 -0.2434 -0.2238
vn -0.9318 -0.2612 -0.2519
vn -0.9250 -0.2775 -0.2594
vn -0.9184 -0.2824 -0.2771
vn -0.9148 -0.2825 -0.2886
vn -0.9223 -0.2573 -0.2885
vn -0.9578 -0.2253 -0.1784
vn -0.9736 -0.2272 -0.0217
vn -0.9602 -0.2792 0.0117
vn -0.9329 -0.3590 -0.0283
vn -0.9053 -0.4183 -0.0739
vn -0.8947 -0.4339 -0.1057
vn -0.8983 -0.4252 -0.1104
vn -0.9291 -0.3697 -0.0025
vn -0.9451 -0.2797 0.1690
vn -0.9422 -0.2403 0.2335
vn -0.9356 -0.2564 0.2427
vn -0.9019 -0.2973 0.3133
vn -0.8927 -0.3340 0.3026
vn -0.8566 -0.3014 0.4188
vn -0.7738 -0.1427 -0.6171
vn -0.7413 -0.1751 -0.6480
vn -0.6270 -0.2449 -0.7395
vn -0.5935 -0.2694 -0.7584
vn -0.6743 -0.2389 -0.6987
vn -0.6923 -0.2187 -0.6877
vn -0.6793 -0.2177 -0.7008
vn -0.8551 -0.2397 -0.4597
vn -0.9542 -0.2442 -0.1730
vn -0.9560 -0.2368 -0.1731
vn -0.9620 -0.2074 -0.1775
vn -0.9493 -0.2036 -0.2396
vn -0.9312 -0.2393 -0.2750
vn -0.9279 -0.2633 -0.2640
vn -0.9271 -0.2548 -0.2749
vn -0.9394 -0.2112 -0.2700
vn -0.9585 -0.1357 -0.2507
vn -0.9780 -0.1109 -0.1767
vn -0.9749 -0.2063 -0.0837
vn -0.9358 -0.3480 -0.0571
vn -0.9023 -0.4254 -0.0701
vn -0.8939 -0.4395 -0.0879
vn -0.8918 -0.4393 -0.1080
vn -0.9120 -0.4042 -0.0696
vn -0.9449 -0.3132 0.0958
vn -0.9462 -0.2403 0.2166
vn -0.9461 -0.2289 0.2293
vn -0.9434 -0.2355 0.2336
vn -0.9219 -0.2603 0.2871
vn -0.9118 -0.2944 0.2864
vn -0.8243 -0.2705 0.4974
vn -0.7772 -0.1235 -0.6170
vn -0.7134 -0.1672 -0.6805
vn -0.5910 -0.2453 -0.7684
vn -0.6110 -0.2640 -0.7463
vn -0.6924 -0.2307 -0.6836
vn -0.6939 -0.2129 -0.6879
vn -0.6811 -0.2106 -0.7013
vn -0.8553 -0.2281 -0.4653
vn -0.9563 -0.2308 -0.1796
vn -0.9640 -0.2157 -0.1556
vn -0.9722 -0.1743 -0.1562
vn -0.9525 -0.1618 -0.2580
vn -0.9319 -0.1962 -0.3051
vn -0.9344 -0.2296 -0.2724
vn -0.9358 -0.2316 -0.2660
vn -0.9458 -0.2172 -0.2416
vn -0.9554 -0.2021 -0.2151
vn -0.9646 -0.1935 -0.1792
vn -0.9660 -0.2114 -0.1491
vn -0.9563 -0.2637 -0.1266
vn -0.9479 -0.3045 -0.0933
vn -0.9397 -0.3262 -0.1031
vn -0.9300 -0.3478 -0.1187
vn -0.9447 -0.3280 -0.0008
vn -0.9508 -0.2539 0.1777
vn -0.9504 -0.2130 0.2268
vn -0.9495 -0.2179 0.2259
vn -0.9471 -0.2231 0.2307
vn -0.9330 -0.2391 0.2689
vn -0.9264 -0.2561 0.2759
vn -0.7934 -0.2252 0.5656
vn -0.7714 -0.1225 -0.6245
vn -0.6777 -0.1844 -0.7119
vn -0.5670 -0.2402 -0.7879
vn -0.6335 -0.2395 -0.7357
vn -0.7058 -0.2163 -0.6746
vn -0.6961 -0.2066 -0.6876
vn -0.6834 -0.2030 -0.7013
vn -0.8554 -0.2166 -0.4704
vn -0.9581 -0.2175 -0.1861
vn -0.9705 -0.2007 -0.1335
vn -0.9795 -0.1543 -0.1299
vn -0.9566 -0.1243 -0.2637
vn -0.9375 -0.1235 -0.3253
vn -0.9501 -0.1319 -0.2828
vn -0.9437 -0.1665 -0.2858
vn -0.9297 -0.2542 -0.2665
vn -0.9226 -0.3228 -0.2113
vn -0.9485 -0.2870 -0.1337
vn -0.9778 -0.1696 -0.1229
vn -0.9841 -0.0978 -0.1481
vn -0.9863 -0.1142 -0.1191
vn -0.9808 -0.1492 -0.1258
vn -0.9736 -0.1806 -0.1394
vn -0.9767 -0.2116 0.0356
vn -0.9532 -0.2101 0.2174
vn -0.9532 -0.2028 0.2241
vn -0.9526 -0.2063 0.2236
vn -0.9505 -0.2097 0.2291
vn -0.9407 -0.2173 0.2606
vn -0.9348 -0.2022 0.2921
vn -0.7683 -0.1443 0.6236
vn -0.7485 -0.1266 -0.6509
vn -0.6346 -0.2128 -0.7429
vn -0.5651 -0.2433 -0.7883
vn -0.6519 -0.2197 -0.7258
vn -0.7122 -0.2034 -0.6719
vn -0.6988 -0.1991 -0.6870
vn -0.6863 -0.1944 -0.7008
vn -0.8560 -0.2046 -0.4747
vn -0.9612 -0.1998 -0.1901
vn -0.9778 -0.1772 -0.1117
vn -0.9863 -0.1301 -0.1017
vn -0.9612 -0.0980 -0.2580
vn -0.9465 -0.0671 -0.3157
vn -0.9580 -0.0407 -0.2838
vn -0.9415 -0.0712 -0.3295
vn -0.9276 -0.1617 -0.3367
vn -0.9453 -0.2297 -0.2314
vn -0.9762 -0.2042 -0.0734
vn -0.9919 -0.1154 -0.0533
vn -0.9885 -0.0578 -0.1400
vn -0.9863 -0.0730 -0.1481
vn -0.9857 -0.0982 -0.1369
vn -0.9819 -0.1072 -0.1563
vn -0.9892 -0.1444 0.0260
vn -0.9596 -0.1791 0.2172
vn -0.9560 -0.1913 0.2224
vn -0.9556 -0.1932 0.2226
vn -0.9538 -0.1944 0.2291
vn -0.9455 -0.1927 0.2624
vn -0.9290 -0.1507 0.3379
vn -0.7380 -0.0723 0.6709
vn -0.7126 -0.1277 -0.6898
vn -0.5947 -0.2135 -0.7751
vn -0.5795 -0.2347 -0.7805
vn -0.6667 -0.2095 -0.7152
vn -0.7152 -0.1947 -0.6713
vn -0.7021 -0.1898 -0.6864
vn -0.6899 -0.1841 -0.7001
vn -0.8573 -0.1914 -0.4779
vn -0.9675 -0.1732 -0.1844
vn -0.9864 -0.1373 -0.0899
vn -0.9921 -0.0980 -0.0782
vn -0.9660 -0.0719 -0.2484
vn -0.9558 -0.0412 -0.2911
vn -0.9596 -0.0193 -0.2808
vn -0.9318 -0.0348 -0.3612
vn -0.9217 -0.0708 -0.3815
vn -0.9634 -0.1034 -0.2472
vn -0.9927 -0.1118 -0.0453
vn -0.9965 -0.0832 -0.0085
vn -0.9908 -0.0448 -0.1273
vn -0.9823 -0.0574 -0.1785
vn -0.9840 -0.0989 -0.1481
vn -0.9803 -0.1134 -0.1615
vn -0.9910 -0.1339 0.0057
vn -0.9657 -0.1638 0.2016
vn -0.9588 -0.1771 0.2220
vn -0.9586 -0.1770 0.2232
vn -0.9570 -0.1668 0.2374
vn -0.9500 -0.1455 0.2763
vn -0.9151 -0.1018 0.3903
vn -0.7044 -0.0352 0.7089
vn -0.6674 -0.1554 -0.7283
vn -0.5695 -0.2166 -0.7930
vn -0.5959 -0.2170 -0.7732
vn -0.6804 -0.1960 -0.7062
vn -0.7185 -0.1831 -0.6709
vn -0.7058 -0.1777 -0.6858
vn -0.6939 -0.1714 -0.6994
vn -0.8595 -0.1764 -0.4797
vn -0.9749 -0.1484 -0.1659
vn -0.9925 -0.1027 -0.0657
vn -0.9957 -0.0689 -0.0614
vn -0.9715 -0.0420 -0.2334
vn -0.9610 -0.0190 -0.2760
vn -0.9592 -0.0165 -0.2822
vn -0.9265 -0.0269 -0.3754
vn -0.9194 -0.0329 -0.3920
vn -0.9639 -0.0460 -0.2622
vn -0.9962 -0.0711 -0.0506
vn -0.9971 -0.0754 0.0121
vn -0.9940 -0.0393 -0.1020
vn -0.9797 -0.0180 -0.1998
vn -0.9813 -0.0630 -0.1818
vn -0.9794 -0.1108 -0.1688
vn -0.9909 -0.1342 -0.0075
vn -0.9705 -0.1511 0.1881
vn -0.9619 -0.1585 0.2229
vn -0.9616 -0.1496 0.2303
vn -0.9569 -0.1077 0.2697
vn -0.9531 -0.0607 0.2963
vn -0.9051 -0.0346 0.4237
vn -0.6743 0.0042 0.7385
vn -0.6184 -0.1717 -0.7669
vn -0.5664 -0.2083 -0.7973
vn -0.6106 -0.1959 -0.7673
vn -0.6924 -0.1796 -0.6988
vn -0.7221 -0.1688 -0.6709
vn -0.7096 -0.1632 -0.6854
vn -0.6981 -0.1566 -0.6987
vn -0.8659 -0.1526 -0.4764
vn -0.9831 -0.1162 -0.1417
vn -0.9961 -0.0756 -0.0446
vn -0.9979 -0.0463 -0.0457
vn -0.9777 -0.0091 -0.2100
vn -0.9616 0.0124 -0.2743
vn -0.9566 -0.0032 -0.2912
vn -0.9255 -0.0148 -0.3786
vn -0.9202 -0.0123 -0.3912
vn -0.9601 -0.0227 -0.2786
vn -0.9966 -0.0467 -0.0679
vn -0.9981 -0.0591 0.0176
vn -0.9976 -0.0277 -0.0630
vn -0.9815 0.0253 -0.1900
vn -0.9747 0.0192 -0.2228
vn -0.9804 -0.0337 -0.1939
vn -0.9967 -0.0774 -0.0241
vn -0.9785 -0.1005 0.1800
vn -0.9677 -0.0933 0.2344
vn -0.9647 -0.0513 0.2581
vn -0.9494 0.0078 0.3139
vn -0.9529 0.0303 0.3019
vn -0.9003 0.0253 0.4344
vn -0.6493 0.0427 0.7593
vn -0.5868 -0.1723 -0.7912
vn -0.5793 -0.1724 -0.7967
vn -0.6260 -0.1486 -0.7656
vn -0.6980 -0.1475 -0.7007
vn -0.7252 -0.1525 -0.6714
vn -0.7134 -0.1475 -0.6850
vn -0.7051 -0.1349 -0.6961
vn -0.8848 -0.0956 -0.4561
vn -0.9927 -0.0366 -0.1150
vn -0.9990 -0.0214 -0.0399
vn -0.9991 -0.0259 -0.0343
vn -0.9837 0.0040 -0.1800
vn -0.9609 0.0318 -0.2751
vn -0.9518 0.0186 -0.3061
vn -0.9262 0.0049 -0.3770
vn -0.9211 0.0091 -0.3891
vn -0.9551 0.0007 -0.2963
vn -0.9960 -0.0217 -0.0867
vn -0.9993 -0.0325 0.0186
vn -0.9998 -0.0034 -0.0210
vn -0.9867 0.0553 -0.1529
vn -0.9672 0.0869 -0.2385
vn -0.9725 0.0768 -0.2200
vn -0.9972 0.0590 -0.0453
vn -0.9829 0.0511 0.1770
vn -0.9649 0.0646 0.2544
vn -0.9513 0.1007 0.2913
vn -0.9385 0.1152 0.3256
vn -0.9564 0.0819 0.2804
vn -0.8959 0.0646 0.4394
vn -0.6306 0.0775 0.7722
vn -0.6007 -0.0226 -0.7991
vn -0.6059 0.0571 -0.7935
vn -0.6296 0.1020 -0.7702
vn -0.6798 0.0715 -0.7299
vn -0.7079 -0.0179 -0.7061
vn -0.7085 -0.0895 -0.7001
vn -0.7239 -0.0809 -0.6851
vn -0.9093 -0.0036 -0.4161
vn -0.9945 0.0530 -0.0905
vn -0.9975 0.0412 -0.0573
vn -0.9992 0.0006 -0.0400
vn -0.9889 0.0059 -0.1484
vn -0.9628 0.0381 -0.2675
vn -0.9465 0.0362 -0.3207
vn -0.9269 0.0258 -0.3744
vn -0.9220 0.0318 -0.3858
vn -0.9488 0.0245 -0.3150
vn -0.9943 0.0041 -0.1068
vn -0.9998 -0.0046 0.0211
vn -0.9999 0.0100 0.0087
vn -0.9928 0.0537 -0.1068
vn -0.9692 0.1049 -0.2230
vn -0.9653 0.1319 -0.2255
vn -0.9860 0.1586 -0.0522
vn -0.9666 0.1843 0.1782
vn -0.9448 0.1958 0.2626
vn -0.9311 0.2022 0.3035
vn -0.9385 0.1751 0.2978
vn -0.9632 0.1169 0.2419
vn -0.8884 0.1030 0.4474
vn -0.6186 0.1090 0.7781
vn -0.6085 0.2469 -0.7542
vn -0.5975 0.3021 -0.7428
vn -0.5943 0.3255 -0.7354
vn -0.6101 0.2998 -0.7334
vn -0.6345 0.2161 -0.7421
vn -0.6679 0.1172 -0.7350
vn -0.7275 0.0678 -0.6828
vn -0.9206 0.0793 -0.3823
vn -0.9924 0.0934 -0.0801
vn -0.9935 0.0839 -0.0766
vn -0.9969 0.0481 -0.0625
vn -0.9917 0.0311 -0.1245
vn -0.9663 0.0523 -0.2522
vn -0.9416 0.0549 -0.3321
vn -0.9275 0.0483 -0.3706
vn -0.9228 0.0560 -0.3812
vn -0.9412 0.0490 -0.3343
vn -0.9913 0.0310 -0.1278
vn -0.9994 0.0250 0.0249
vn -0.9993 0.0297 0.0208
vn -0.9963 0.0623 -0.0593
vn -0.9750 0.1237 -0.1847
vn -0.9621 0.1620 -0.2193
vn -0.9794 0.1981 -0.0400
vn -0.9537 0.2343 0.1884
vn -0.9313 0.2506 0.2645
vn -0.9243 0.2430 0.2944
vn -0.9459 0.1997 0.2558
vn -0.9662 0.1504 0.2092
vn -0.8802 0.1460 0.4517
vn -0.6129 0.1382 0.7780
vn -0.6145 0.3358 -0.7139
vn -0.5940 0.3508 -0.7240
vn -0.5888 0.3455 -0.7308
vn -0.5835 0.3400 -0.7375
vn -0.5786 0.3346 -0.7439
vn -0.5929 0.3072 -0.7444
vn -0.6720 0.2248 -0.7056
vn -0.9079 0.1472 -0.3925
vn -0.9910 0.1097 -0.0770
vn -0.9905 0.1101 -0.0828
vn -0.9920 0.0935 -0.0845
vn -0.9905 0.0760 -0.1146
vn -0.9681 0.0780 -0.2379
vn -0.9374 0.0752 -0.3401
vn -0.9278 0.0728 -0.3658
vn -0.9233 0.0823 -0.3752
vn -0.9324 0.0749 -0.3536
vn -0.9870 0.0599 -0.1494
vn -0.9979 0.0567 0.0299
vn -0.9977 0.0624 0.0268
vn -0.9953 0.0957 -0.0109
vn -0.9788 0.1537 -0.1354
vn -0.9589 0.1906 -0.2103
vn -0.9713 0.2368 -0.0206
vn -0.9375 0.2813 0.2050
vn -0.9155 0.3012 0.2666
vn -0.9254 0.2739 0.2621
vn -0.9555 0.2083 0.2089
vn -0.9645 0.1763 0.1965
vn -0.8742 0.1858 0.4487
vn -0.5977 0.1860 0.7798
vn -0.6589 0.2870 -0.6953
vn -0.5997 0.3487 -0.7203
vn -0.5822 0.3587 -0.7297
vn -0.5768 0.3540 -0.7362
vn -0.5716 0.3496 -0.7423
vn -0.5671 0.3456 -0.7476
vn -0.5995 0.3108 -0.7376
vn -0.8638 0.2453 -0.4401
vn -0.9843 0.1530 -0.0877
vn -0.9884 0.1274 -0.0831
vn -0.9880 0.1217 -0.0950
vn -0.9868 0.1165 -0.1128
vn -0.9666 0.1089 -0.2320
vn -0.9336 0.0984 -0.3444
vn -0.9276 0.1000 -0.3600
vn -0.9234 0.1120 -0.3673
vn -0.9239 0.1210 -0.3630
vn -0.9773 0.1229 -0.1724
vn -0.9943 0.1037 0.0267
vn -0.9947 0.0969 0.0343
vn -0.9928 0.1170 0.0258
vn -0.9833 0.1617 -0.0837
vn -0.9588 0.2143 -0.1864
vn -0.9589 0.2837 0.0055
vn -0.9170 0.3295 0.2247
vn -0.9098 0.3275 0.2548
vn -0.9372 0.2750 0.2144
vn -0.9602 0.2204 0.1715
vn -0.9570 0.2127 0.1970
vn -0.8583 0.2447 0.4511
vn -0.5611 0.2626 0.7850
vn -0.7170 0.2182 -0.6620
vn -0.6377 0.3127 -0.7040
vn -0.5837 0.3625 -0.7266
vn -0.5702 0.3677 -0.7346
vn -0.5650 0.3643 -0.7403
vn -0.5602 0.3616 -0.7453
vn -0.5620 0.3551 -0.7470
vn -0.8007 0.3511 -0.4855
vn -0.9585 0.2512 -0.1351
vn -0.9817 0.1658 -0.0940
vn -0.9848 0.1444 -0.0963
vn -0.9836 0.1401 -0.1135
vn -0.9644 0.1397 -0.2245
vn -0.9289 0.1531 -0.3371
vn -0.9200 0.1697 -0.3533
vn -0.9160 0.1835 -0.3567
vn -0.9125 0.2048 -0.3542
vn -0.9565 0.2060 -0.2065
vn -0.9872 0.1595 -0.0029
vn -0.9902 0.1331 0.0429
vn -0.9888 0.1425 0.0434
vn -0.9840 0.1752 -0.0328
vn -0.9595 0.2485 -0.1327
vn -0.9397 0.3401 0.0363
vn -0.9012 0.3672 0.2301
vn -0.9211 0.3256 0.2136
vn -0.9511 0.2596 0.1673
vn -0.9571 0.2398 0.1625
vn -0.9380 0.2752 0.2106
vn -0.8140 0.3458 0.4668
vn -0.5313 0.3326 0.7792
vn -0.7542 0.1745 -0.6330
vn -0.6973 0.2503 -0.6716
vn -0.6141 0.3397 -0.7124
vn -0.5674 0.3776 -0.7317
vn -0.5583 0.3792 -0.7379
vn -0.5534 0.3777 -0.7424
vn -0.5502 0.3777 -0.7447
vn -0.7525 0.4194 -0.5077
vn -0.9076 0.3715 -0.1953
vn -0.9545 0.2640 -0.1388
vn -0.9772 0.1841 -0.1060
vn -0.9800 0.1620 -0.1155
vn -0.9639 0.1760 -0.1998
vn -0.9261 0.2169 -0.3086
vn -0.9060 0.2469 -0.3439
vn -0.9021 0.2611 -0.3435
vn -0.8970 0.2999 -0.3246
vn -0.9113 0.3489 -0.2186
vn -0.9463 0.3176 -0.0603
vn -0.9730 0.2295 0.0239
vn -0.9808 0.1895 0.0472
vn -0.9764 0.2150 0.0187
vn -0.9539 0.2951 -0.0543
vn -0.9237 0.3775 0.0646
vn -0.9072 0.3696 0.2011
vn -0.9380 0.3071 0.1607
vn -0.9504 0.2752 0.1450
vn -0.9347 0.3060 0.1809
vn -0.8913 0.3814 0.2451
vn -0.7728 0.4304 0.4664
vn -0.5589 0.3598 0.7471
vn -0.7617 0.1757 -0.6236
vn -0.7420 0.2014 -0.6394
vn -0.6759 0.2824 -0.6807
vn -0.5906 0.3658 -0.7193
vn -0.5521 0.3941 -0.7348
vn -0.5465 0.3943 -0.7388
vn -0.5431 0.3947 -0.7411
vn -0.7307 0.4560 -0.5081
vn -0.8579 0.4608 -0.2271
vn -0.8945 0.4004 -0.1986
vn -0.9438 0.2935 -0.1518
vn -0.9691 0.2112 -0.1274
vn -0.9636 0.2101 -0.1652
vn -0.9299 0.2526 -0.2672
vn -0.8994 0.2861 -0.3304
vn -0.8919 0.3155 -0.3240
vn -0.8823 0.3885 -0.2656
vn -0.8576 0.4833 -0.1758
vn -0.8558 0.5060 -0.1073
vn -0.9029 0.4273 -0.0465
vn -0.9485 0.3166 0.0090
vn -0.9639 0.2629 0.0427
vn -0.9532 0.3012 0.0249
vn -0.9309 0.3558 0.0823
vn -0.9290 0.3377 0.1513
vn -0.9422 0.3065 0.1353
vn -0.9259 0.3399 0.1650
vn -0.8842 0.4120 0.2201
vn -0.8383 0.4709 0.2747
vn -0.7766 0.4604 0.4300
vn -0.6188 0.3621 0.6971
vn -0.7558 0.2009 -0.6233
vn -0.7536 0.1983 -0.6268
vn -0.7288 0.2295 -0.6451
vn -0.6552 0.3110 -0.6884
vn -0.5713 0.3868 -0.7239
vn -0.5397 0.4114 -0.7345
vn -0.5349 0.4135 -0.7368
vn -0.7165 0.4826 -0.5037
vn -0.8315 0.5054 -0.2304
vn -0.8382 0.4954 -0.2283
vn -0.8708 0.4449 -0.2093
vn -0.9225 0.3428 -0.1776
vn -0.9535 0.2530 -0.1637
vn -0.9409 0.2569 -0.2207
vn -0.9021 0.3120 -0.2982
vn -0.8799 0.3833 -0.2807
vn -0.8585 0.4772 -0.1878
vn -0.8291 0.5455 -0.1226
vn -0.8137 0.5696 -0.1158
vn -0.8205 0.5621 -0.1039
vn -0.8603 0.5055 -0.0662
vn -0.9055 0.4243 0.0082
vn -0.9295 0.3657 0.0477
vn -0.9378 0.3381 0.0784
vn -0.9330 0.3349 0.1317
vn -0.9114 0.3780 0.1629
vn -0.8706 0.4453 0.2090
vn -0.8326 0.4933 0.2518
vn -0.8138 0.5084 0.2815
vn -0.8049 0.4686 0.3642
vn -0.6729 0.3754 0.6374
vn -0.7492 0.2265 -0.6224
vn -0.7475 0.2245 -0.6252
vn -0.7442 0.2256 -0.6287
vn -0.7130 0.2487 -0.6556
vn -0.6433 0.2858 -0.7103
vn -0.5954 0.3076 -0.7422
vn -0.5872 0.3200 -0.7435
vn -0.7607 0.3858 -0.5220
vn -0.8769 0.4118 -0.2479
vn -0.8798 0.4064 -0.2465
vn -0.8819 0.3986 -0.2518
vn -0.9018 0.3543 -0.2474
vn -0.9341 0.2962 -0.1992
vn -0.9385 0.3009 -0.1692
vn -0.8990 0.3705 -0.2334
vn -0.8590 0.4662 -0.2116
vn -0.8299 0.5449 -0.1200
vn -0.8089 0.5798 -0.0975
vn -0.8031 0.5860 -0.1076
vn -0.8023 0.5853 -0.1169
vn -0.8107 0.5742 -0.1143
vn -0.8347 0.5487 -0.0470
vn -0.8716 0.4901 -0.0028
vn -0.8995 0.4342 0.0489
vn -0.8856 0.4368 0.1579
vn -0.8504 0.4816 0.2119
vn -0.8220 0.5169 0.2392
vn -0.8075 0.5287 0.2614
vn -0.8119 0.5189 0.2676
vn -0.8348 0.4665 0.2924
vn -0.7122 0.3916 0.5826
vn -0.7423 0.2522 -0.6208
vn -0.7408 0.2516 -0.6228
vn -0.7379 0.2539 -0.6253
vn -0.7206 0.2317 -0.6535
vn -0.6809 0.1894 -0.7075
vn -0.6540 0.1819 -0.7343
vn -0.6451 0.2022 -0.7369
vn -0.8032 0.2659 -0.5331
vn -0.9163 0.2934 -0.2726
vn -0.9235 0.2851 -0.2566
vn -0.9209 0.2842 -0.2666
vn -0.9173 0.2863 -0.2766
vn -0.9256 0.3206 -0.2011
vn -0.9185 0.3778 -0.1169
vn -0.8858 0.4356 -0.1601
vn -0.8595 0.4843 -0.1634
vn -0.8595 0.5002 -0.1054
vn -0.8636 0.4938 -0.1020
vn -0.8635 0.4914 -0.1135
vn -0.8638 0.4882 -0.1248
vn -0.8653 0.4848 -0.1277
vn -0.8608 0.5064 -0.0513
vn -0.8353 0.5496 -0.0167
vn -0.8231 0.5676 0.0197
vn -0.8182 0.5507 0.1653
vn -0.8069 0.5411 0.2368
vn -0.7999 0.5465 0.2479
vn -0.7943 0.5489 0.2605
vn -0.8145 0.5299 0.2362
vn -0.8526 0.4743 0.2193
vn -0.7311 0.4222 0.5359
vn -0.7357 0.2766 -0.6182
vn -0.7341 0.2789 -0.6191
vn -0.7299 0.2678 -0.6290
vn -0.7033 0.2248 -0.6744
vn -0.6725 0.1875 -0.7160
vn -0.6617 0.1914 -0.7249
vn -0.6528 0.2108 -0.7276
vn -0.7918 0.2769 -0.5443
vn -0.9055 0.3100 -0.2899
vn -0.9175 0.3076 -0.2521
vn -0.9126 0.3147 -0.2611
vn -0.9021 0.3575 -0.2418
vn -0.8849 0.4431 -0.1435
vn -0.8682 0.4908 -0.0730
vn -0.8656 0.4820 -0.1359
vn -0.8700 0.4687 -0.1531
vn -0.8787 0.4608 -0.1246
vn -0.8937 0.4296 -0.1290
vn -0.9067 0.4026 -0.1258
vn -0.9065 0.4040 -0.1224
vn -0.8962 0.4291 -0.1130
vn -0.8676 0.4970 0.0165
vn -0.8043 0.5909 0.0631
vn -0.7695 0.6387 0.0046
vn -0.7835 0.6091 0.1228
vn -0.7869 0.5700 0.2364
vn -0.7841 0.5679 0.2503
vn -0.7900 0.5603 0.2490
vn -0.8238 0.5318 0.1962
vn -0.8521 0.4966 0.1649
vn -0.7347 0.4714 0.4879
vn -0.7283 0.3036 -0.6143
vn -0.7263 0.3022 -0.6174
vn -0.7136 0.2676 -0.6475
vn -0.6864 0.2173 -0.6940
vn -0.6677 0.2080 -0.7148
vn -0.6586 0.2493 -0.7100
vn -0.6276 0.3354 -0.7026
vn -0.7044 0.4238 -0.5694
vn -0.8460 0.4076 -0.3437
vn -0.8978 0.3613 -0.2519
vn -0.8939 0.3841 -0.2312
vn -0.8676 0.4718 -0.1573
vn -0.8235 0.5636 -0.0658
vn -0.8069 0.5873 -0.0632
vn -0.8240 0.5428 -0.1623
vn -0.8517 0.4943 -0.1742
vn -0.8619 0.4939 -0.1150
vn -0.8410 0.5263 -0.1254
vn -0.8346 0.5336 -0.1369
vn -0.8545 0.5017 -0.1348
vn -0.8597 0.5060 -0.0704
vn -0.8139 0.5701 0.1126
vn -0.7571 0.6353 0.1523
vn -0.7388 0.6739 0.0099
vn -0.7500 0.6585 0.0622
vn -0.7643 0.6086 0.2133
vn -0.7713 0.5856 0.2493
vn -0.7941 0.5682 0.2157
vn -0.8309 0.5347 0.1541
vn -0.8411 0.5205 0.1470
vn -0.7398 0.5067 0.4426
vn -0.7179 0.3360 -0.6097
vn -0.7113 0.3172 -0.6273
vn -0.6918 0.2650 -0.6717
vn -0.6722 0.2617 -0.6926
vn -0.6358 0.3519 -0.6870
vn -0.5746 0.4856 -0.6589
vn -0.5078 0.5968 -0.6213
vn -0.4982 0.6504 -0.5734
vn -0.6504 0.6079 -0.4555
vn -0.8093 0.5013 -0.3061
vn -0.8528 0.4920 -0.1749
vn -0.8214 0.5665 -0.0659
vn -0.7895 0.6135 -0.0172
vn -0.7888 0.6095 -0.0793
vn -0.7910 0.5816 -0.1897
vn -0.8054 0.5551 -0.2078
vn -0.8390 0.5317 -0.1161
vn -0.8307 0.5523 -0.0697
vn -0.7773 0.6207 -0.1023
vn -0.7435 0.6514 -0.1511
vn -0.7517 0.6581 -0.0420
vn -0.7383 0.6511 0.1762
vn -0.7208 0.6656 0.1937
vn -0.7178 0.6956 0.0318
vn -0.7231 0.6907 0.0111
vn -0.7477 0.6430 0.1661
vn -0.7669 0.5986 0.2314
vn -0.8010 0.5751 0.1664
vn -0.8239 0.5523 0.1268
vn -0.8230 0.5491 0.1458
vn -0.7487 0.5288 0.3998
vn 0.6467 0.4975 0.5781
vn 0.5434 0.4757 0.6917
vn 0.5289 0.4684 0.7077
vn 0.5283 0.4704 0.7069
vn 0.5294 0.4722 0.7048
vn 0.5315 0.4741 0.7020
vn 0.5341 0.4764 0.6984
vn 0.5082 0.5001 0.7012
vn 0.5143 0.5226 0.6800
vn 0.5380 0.5347 0.6516
vn 0.4876 0.5902 0.6434
vn 0.4980 0.6260 0.6001
vn 0.3591 0.6268 0.6915
vn 0.0015 0.5382 0.8428
vn -0.1925 0.4464 0.8739
vn -0.2972 0.4476 0.8434
vn -0.3822 0.4620 0.8003
vn -0.4016 0.4690 0.7866
vn -0.2950 0.4696 0.8321
vn -0.1441 0.4572 0.8776
vn -0.1002 0.4488 0.8880
vn -0.2059 0.4312 0.8785
vn -0.3647 0.3810 0.8496
vn -0.3336 0.3964 0.8553
vn -0.1840 0.4727 0.8618
vn -0.1082 0.5134 0.8513
vn -0.1156 0.5090 0.8530
vn -0.2935 0.4691 0.8329
vn -0.4688 0.4073 0.7837
vn -0.4804 0.3982 0.7815
vn -0.4884 0.3995 0.7758
vn 0.6230 0.4572 0.6347
vn 0.5362 0.4439 0.7180
vn 0.5316 0.4451 0.7206
vn 0.5303 0.4468 0.7206
vn 0.5310 0.4483 0.7191
vn 0.5330 0.4498 0.7166
vn 0.5358 0.4517 0.7134
vn 0.5262 0.4654 0.7117
vn 0.5314 0.4817 0.6969
vn 0.5451 0.4888 0.6812
vn 0.5286 0.5158 0.6742
vn 0.5123 0.5385 0.6690
vn 0.2327 0.5429 0.8069
vn -0.1279 0.4396 0.8891
vn -0.2038 0.3724 0.9054
vn -0.2665 0.3524 0.8971
vn -0.3318 0.3738 0.8661
vn -0.3804 0.4126 0.8277
vn -0.3201 0.4288 0.8448
vn -0.1702 0.4190 0.8919
vn -0.0961 0.4129 0.9057
vn -0.2274 0.3968 0.8893
vn -0.3776 0.3660 0.8506
vn -0.2768 0.4142 0.8671
vn -0.1339 0.4755 0.8695
vn -0.1010 0.5011 0.8595
vn -0.1526 0.4818 0.8629
vn -0.3421 0.4178 0.8417
vn -0.4762 0.3694 0.7980
vn -0.4806 0.3711 0.7945
vn -0.4892 0.3749 0.7875
vn 0.6054 0.4381 0.6645
vn 0.5391 0.4230 0.7283
vn 0.5344 0.4226 0.7320
vn 0.5324 0.4230 0.7332
vn 0.5326 0.4239 0.7325
vn 0.5344 0.4250 0.7306
vn 0.5371 0.4265 0.7277
vn 0.5365 0.4329 0.7244
vn 0.5414 0.4420 0.7152
vn 0.5465 0.4478 0.7077
vn 0.5441 0.4547 0.7051
vn 0.4886 0.4535 0.7454
vn 0.1323 0.4424 0.8870
vn -0.1892 0.3662 0.9111
vn -0.2275 0.3237 0.9184
vn -0.2688 0.2889 0.9189
vn -0.2812 0.2870 0.9157
vn -0.3251 0.3302 0.8862
vn -0.3201 0.3736 0.8706
vn -0.1929 0.3822 0.9037
vn -0.0985 0.3699 0.9238
vn -0.2458 0.3497 0.9040
vn -0.3504 0.3555 0.8665
vn -0.2134 0.4346 0.8750
vn -0.1089 0.4809 0.8700
vn -0.0947 0.4901 0.8665
vn -0.2115 0.4648 0.8598
vn -0.4055 0.3857 0.8287
vn -0.4766 0.3412 0.8102
vn -0.4815 0.3443 0.8060
vn -0.4901 0.3499 0.7984
vn 0.5938 0.4192 0.6868
vn 0.5410 0.4038 0.7377
vn 0.5364 0.4012 0.7425
vn 0.5342 0.4001 0.7447
vn 0.5341 0.3999 0.7448
vn 0.5357 0.4003 0.7435
vn 0.5429 0.4070 0.7346
vn 0.5403 0.4153 0.7319
vn 0.5417 0.4119 0.7327
vn 0.5470 0.4089 0.7305
vn 0.5463 0.4128 0.7288
vn 0.4459 0.4110 0.7951
vn 0.0675 0.3964 0.9156
vn -0.2182 0.3437 0.9134
vn -0.2597 0.3047 0.9164
vn -0.2871 0.2671 0.9199
vn -0.2708 0.2486 0.9300
vn -0.2722 0.2566 0.9274
vn -0.2885 0.2954 0.9108
vn -0.2092 0.3138 0.9262
vn -0.1287 0.2794 0.9515
vn -0.2408 0.2631 0.9342
vn -0.2709 0.3365 0.9019
vn -0.1596 0.4263 0.8904
vn -0.1068 0.4510 0.8861
vn -0.1120 0.4378 0.8921
vn -0.2846 0.3968 0.8727
vn -0.4582 0.3323 0.8244
vn -0.4765 0.3144 0.8210
vn -0.4815 0.3197 0.8160
vn -0.4902 0.3274 0.8078
vn 0.5868 0.3984 0.7050
vn 0.5421 0.3844 0.7472
vn 0.5375 0.3804 0.7525
vn 0.5353 0.3779 0.7554
vn 0.5352 0.3766 0.7562
vn 0.5448 0.3881 0.7434
vn 0.5664 0.4260 0.7055
vn 0.5319 0.4482 0.7185
vn 0.5196 0.4105 0.7493
vn 0.5476 0.3802 0.7454
vn 0.5484 0.3843 0.7427
vn 0.3983 0.3856 0.8323
vn 0.0232 0.3558 0.9343
vn -0.2328 0.3086 0.9223
vn -0.2913 0.2702 0.9177
vn -0.3001 0.2372 0.9239
vn -0.2808 0.2199 0.9342
vn -0.2537 0.2125 0.9437
vn -0.2493 0.2309 0.9405
vn -0.2110 0.2552 0.9436
vn -0.1683 0.2456 0.9547
vn -0.2122 0.2423 0.9467
vn -0.2147 0.2666 0.9396
vn -0.1514 0.2776 0.9487
vn -0.1221 0.2780 0.9528
vn -0.1454 0.2821 0.9483
vn -0.3273 0.2851 0.9009
vn -0.4740 0.2834 0.8336
vn -0.4753 0.2887 0.8311
vn -0.4803 0.2960 0.8256
vn -0.4893 0.3055 0.8169
vn 0.5843 0.3763 0.7190
vn 0.5427 0.3649 0.7565
vn 0.5380 0.3599 0.7622
vn 0.5358 0.3563 0.7655
vn 0.5447 0.3692 0.7530
vn 0.5719 0.4138 0.7083
vn 0.5938 0.4595 0.6605
vn 0.5012 0.4639 0.7305
vn 0.4758 0.4027 0.7820
vn 0.5470 0.3576 0.7569
vn 0.5502 0.3578 0.7545
vn 0.3534 0.3640 0.8618
vn -0.0276 0.3087 0.9507
vn -0.2469 0.2366 0.9397
vn -0.3037 0.2068 0.9301
vn -0.3058 0.1960 0.9317
vn -0.2841 0.1922 0.9393
vn -0.2536 0.1912 0.9482
vn -0.2181 0.2100 0.9531
vn -0.2008 0.2397 0.9499
vn -0.1845 0.2457 0.9516
vn -0.2021 0.2408 0.9493
vn -0.2380 0.1986 0.9508
vn -0.1820 0.1304 0.9746
vn -0.1262 0.1116 0.9857
vn -0.1373 0.1477 0.9795
vn -0.3149 0.2141 0.9247
vn -0.4689 0.2521 0.8465
vn -0.4732 0.2639 0.8405
vn -0.4783 0.2726 0.8348
vn -0.4877 0.2832 0.8258
vn 0.5863 0.3535 0.7289
vn 0.5431 0.3450 0.7655
vn 0.5381 0.3393 0.7716
vn 0.5429 0.3488 0.7639
vn 0.5719 0.3943 0.7193
vn 0.6050 0.4549 0.6535
vn 0.5905 0.4633 0.6608
vn 0.4576 0.4135 0.7871
vn 0.4429 0.3579 0.8220
vn 0.5445 0.3329 0.7698
vn 0.5510 0.3310 0.7661
vn 0.3176 0.3404 0.8850
vn -0.0961 0.2684 0.9585
vn -0.2707 0.1806 0.9456
vn -0.2956 0.1674 0.9405
vn -0.3049 0.1817 0.9349
vn -0.2852 0.1841 0.9406
vn -0.2550 0.1818 0.9497
vn -0.1896 0.2005 0.9612
vn -0.1937 0.2197 0.9561
vn -0.1988 0.2008 0.9592
vn -0.1909 0.2024 0.9605
vn -0.2803 0.2026 0.9383
vn -0.2353 0.1407 0.9617
vn -0.1213 0.0922 0.9883
vn -0.1090 0.1072 0.9882
vn -0.2791 0.1644 0.9461
vn -0.4533 0.2159 0.8648
vn -0.4704 0.2394 0.8493
vn -0.4756 0.2491 0.8437
vn -0.4857 0.2606 0.8344
vn 0.5932 0.3291 0.7347
vn 0.5434 0.3240 0.7744
vn 0.5411 0.3250 0.7756
vn 0.5678 0.3637 0.7385
vn 0.6067 0.4303 0.6684
vn 0.6243 0.4705 0.6236
vn 0.5520 0.4451 0.7051
vn 0.4041 0.3645 0.8390
vn 0.4334 0.3149 0.8444
vn 0.5425 0.3054 0.7826
vn 0.5513 0.3045 0.7767
vn 0.2814 0.2997 0.9116
vn -0.1657 0.2084 0.9639
vn -0.2861 0.1300 0.9493
vn -0.2708 0.1439 0.9518
vn -0.2967 0.1740 0.9390
vn -0.2885 0.1794 0.9405
vn -0.2540 0.1794 0.9504
vn -0.1682 0.1951 0.9662
vn -0.1969 0.2033 0.9591
vn -0.2165 0.1880 0.9580
vn -0.1654 0.1960 0.9666
vn -0.2941 0.2209 0.9299
vn -0.2946 0.1777 0.9390
vn -0.1413 0.0946 0.9854
vn -0.0929 0.0760 0.9928
vn -0.2435 0.1254 0.9618
vn -0.4280 0.1855 0.8845
vn -0.4673 0.2152 0.8575
vn -0.4726 0.2252 0.8520
vn -0.4835 0.2369 0.8427
vn 0.6051 0.3039 0.7359
vn 0.5438 0.3027 0.7827
vn 0.5592 0.3292 0.7609
vn 0.6028 0.3973 0.6919
vn 0.6300 0.4487 0.6338
vn 0.6245 0.4455 0.6415
vn 0.5040 0.3943 0.7684
vn 0.3542 0.3156 0.8803
vn 0.4329 0.2802 0.8568
vn 0.5429 0.2775 0.7927
vn 0.5513 0.2782 0.7865
vn 0.2313 0.2542 0.9391
vn -0.2318 0.1484 0.9614
vn -0.2857 0.1019 0.9529
vn -0.2431 0.1247 0.9619
vn -0.2797 0.1578 0.9470
vn -0.2907 0.1741 0.9408
vn -0.2498 0.1789 0.9516
vn -0.1567 0.1888 0.9694
vn -0.2025 0.1924 0.9602
vn -0.2245 0.1831 0.9571
vn -0.1419 0.1944 0.9706
vn -0.2836 0.2361 0.9294
vn -0.3495 0.2092 0.9133
vn -0.1916 0.1116 0.9751
vn -0.0841 0.0616 0.9946
vn -0.2101 0.1013 0.9724
vn -0.4014 0.1616 0.9016
vn -0.4640 0.1918 0.8648
vn -0.4695 0.2016 0.8596
vn -0.4744 0.2205 0.8522
vn 0.6220 0.2784 0.7319
vn 0.5518 0.3006 0.7779
vn 0.5914 0.3588 0.7222
vn 0.6322 0.4223 0.6496
vn 0.6367 0.4412 0.6324
vn 0.6024 0.4014 0.6899
vn 0.4572 0.3185 0.8304
vn 0.3272 0.2547 0.9100
vn 0.4351 0.2474 0.8657
vn 0.5453 0.2503 0.8000
vn 0.5405 0.2330 0.8084
vn 0.1764 0.1843 0.9669
vn -0.2705 0.0984 0.9577
vn -0.2804 0.0827 0.9563
vn -0.2269 0.0931 0.9695
vn -0.2532 0.1204 0.9599
vn -0.2802 0.1607 0.9464
vn -0.2485 0.1770 0.9523
vn -0.1527 0.1749 0.9727
vn -0.2042 0.1790 0.9624
vn -0.2250 0.1825 0.9571
vn -0.1224 0.1946 0.9732
vn -0.2647 0.2335 0.9356
vn -0.3853 0.2361 0.8921
vn -0.2494 0.1650 0.9542
vn -0.0966 0.0744 0.9925
vn -0.1803 0.0794 0.9804
vn -0.3776 0.1378 0.9157
vn -0.4604 0.1687 0.8716
vn -0.4664 0.1788 0.8663
vn -0.4488 0.2113 0.8683
vn 0.6440 0.2519 0.7224
vn 0.5807 0.3025 0.7558
vn 0.6287 0.3797 0.6786
vn 0.6460 0.4183 0.6386
vn 0.6381 0.4152 0.6484
vn 0.5593 0.3660 0.7438
vn 0.4028 0.2626 0.8768
vn 0.3238 0.2101 0.9225
vn 0.4404 0.2214 0.8701
vn 0.5463 0.2242 0.8070
vn 0.5071 0.1836 0.8421
vn 0.1262 0.1069 0.9862
vn -0.2765 0.0547 0.9594
vn -0.2761 0.0589 0.9593
vn -0.2246 0.0573 0.9728
vn -0.2258 0.0703 0.9716
vn -0.2497 0.1213 0.9607
vn -0.2449 0.1630 0.9557
vn -0.1564 0.1638 0.9740
vn -0.1982 0.1679 0.9657
vn -0.2179 0.1851 0.9582
vn -0.1101 0.1961 0.9744
vn -0.2474 0.2273 0.9419
vn -0.3880 0.2583 0.8847
vn -0.3052 0.2105 0.9287
vn -0.1434 0.0934 0.9853
vn -0.1583 0.0587 0.9856
vn -0.3576 0.1061 0.9278
vn -0.4540 0.1395 0.8800
vn -0.4538 0.1672 0.8753
vn -0.4220 0.1991 0.8845
vn 0.6780 0.2465 0.6925
vn 0.6152 0.3258 0.7179
vn 0.6567 0.3820 0.6503
vn 0.6498 0.3945 0.6497
vn 0.6356 0.3719 0.6766
vn 0.5108 0.3035 0.8043
vn 0.3512 0.2063 0.9133
vn 0.3324 0.1745 0.9268
vn 0.4499 0.1958 0.8713
vn 0.5329 0.1772 0.8274
vn 0.4601 0.1078 0.8813
vn 0.0916 0.0489 0.9946
vn -0.2687 0.0316 0.9627
vn -0.2748 0.0377 0.9608
vn -0.2285 0.0336 0.9730
vn -0.2121 0.0317 0.9767
vn -0.2132 0.0605 0.9751
vn -0.2217 0.1203 0.9677
vn -0.1580 0.1563 0.9750
vn -0.1897 0.1680 0.9674
vn -0.2034 0.1900 0.9605
vn -0.1048 0.2040 0.9734
vn -0.2309 0.2296 0.9455
vn -0.3740 0.2630 0.8893
vn -0.3494 0.2480 0.9036
vn -0.2036 0.1587 0.9661
vn -0.1605 0.0725 0.9844
vn -0.3419 0.0756 0.9367
vn -0.4423 0.1079 0.8904
vn -0.4348 0.1394 0.8896
vn -0.4217 0.1502 0.8942
vn 0.7113 0.2693 0.6492
vn 0.6519 0.3372 0.6792
vn 0.6659 0.3699 0.6479
vn 0.6527 0.3615 0.6658
vn 0.6145 0.3138 0.7238
vn 0.4615 0.2121 0.8614
vn 0.3217 0.1354 0.9371
vn 0.3466 0.1360 0.9281
vn 0.4601 0.1581 0.8736
vn 0.4945 0.1156 0.8615
vn 0.4126 0.0268 0.9105
vn 0.0888 -0.0054 0.9960
vn -0.2570 0.0120 0.9663
vn -0.2765 0.0187 0.9608
vn -0.2318 0.0124 0.9727
vn -0.2112 0.0065 0.9774
vn -0.1923 0.0111 0.9813
vn -0.1852 0.0485 0.9815
vn -0.1471 0.0953 0.9845
vn -0.1735 0.1366 0.9753
vn -0.1782 0.1889 0.9657
vn -0.1023 0.2164 0.9709
vn -0.2154 0.2387 0.9469
vn -0.3589 0.2701 0.8934
vn -0.3610 0.2853 0.8879
vn -0.2597 0.2194 0.9404
vn -0.2023 0.0972 0.9745
vn -0.3293 0.0626 0.9422
vn -0.4295 0.0898 0.8986
vn -0.4278 0.0991 0.8984
vn -0.4325 0.0969 0.8964
vn 0.7419 0.1595 0.6513
vn 0.7041 0.1725 0.6888
vn 0.6912 0.1716 0.7020
vn 0.6741 0.1401 0.7252
vn 0.6057 0.1115 0.7878
vn 0.4337 0.0905 0.8965
vn 0.3135 0.0776 0.9464
vn 0.3651 0.0957 0.9260
vn 0.4580 0.1003 0.8833
vn 0.4427 0.0333 0.8961
vn 0.3777 -0.0341 0.9253
vn 0.1073 -0.0362 0.9936
vn -0.2416 -0.0058 0.9704
vn -0.2810 0.0019 0.9597
vn -0.2345 -0.0066 0.9721
vn -0.2130 -0.0112 0.9770
vn -0.1846 -0.0075 0.9828
vn -0.1555 0.0201 0.9876
vn -0.1237 0.0671 0.9901
vn -0.1491 0.1139 0.9822
vn -0.1501 0.1572 0.9761
vn -0.1080 0.1678 0.9799
vn -0.2134 0.1588 0.9640
vn -0.3328 0.2019 0.9211
vn -0.3486 0.2682 0.8981
vn -0.3106 0.2538 0.9160
vn -0.2602 0.1651 0.9514
vn -0.3290 0.1012 0.9389
vn -0.4245 0.0904 0.9009
vn -0.4331 0.0825 0.8975
vn -0.4356 0.0756 0.8970
vn 0.7558 -0.0567 0.6523
vn 0.7086 -0.0559 0.7034
vn 0.6733 -0.1023 0.7322
vn 0.6525 -0.1431 0.7441
vn 0.6051 -0.1346 0.7847
vn 0.4573 -0.0615 0.8872
vn 0.3241 0.0083 0.9460
vn 0.3800 0.0376 0.9242
vn 0.4358 0.0165 0.8999
vn 0.3934 -0.0522 0.9179
vn 0.3660 -0.0895 0.9263
vn 0.1333 -0.0656 0.9889
vn -0.2221 -0.0224 0.9748
vn -0.2881 -0.0134 0.9575
vn -0.2345 -0.0202 0.9719
vn -0.2077 -0.0064 0.9782
vn -0.1719 0.0236 0.9848
vn -0.1340 0.0598 0.9892
vn -0.1016 0.0934 0.9904
vn -0.1480 0.0917 0.9847
vn -0.1451 0.0611 0.9875
vn -0.1348 0.0146 0.9908
vn -0.2309 -0.0465 0.9719
vn -0.2861 -0.0231 0.9579
vn -0.3080 0.0989 0.9462
vn -0.3142 0.2041 0.9272
vn -0.3049 0.2061 0.9298
vn -0.3595 0.1323 0.9237
vn -0.4328 0.0789 0.8981
vn -0.4409 0.0615 0.8955
vn -0.4370 0.0556 0.8977
vn 0.7699 -0.1629 0.6170
vn 0.6965 -0.1259 0.7064
vn 0.6358 -0.1632 0.7544
vn 0.6237 -0.2267 0.7480
vn 0.6084 -0.2399 0.7565
vn 0.5051 -0.1799 0.8441
vn 0.3670 -0.0713 0.9275
vn 0.3789 -0.0226 0.9252
vn 0.3997 -0.0693 0.9140
vn 0.3635 -0.1164 0.9243
vn 0.3660 -0.1256 0.9221
vn 0.1667 -0.0939 0.9815
vn -0.1980 -0.0383 0.9795
vn -0.2929 -0.0180 0.9560
vn -0.2240 -0.0030 0.9746
vn -0.1916 0.0329 0.9809
vn -0.1560 0.0633 0.9857
vn -0.1228 0.0780 0.9894
vn -0.0932 0.0806 0.9924
vn -0.1669 0.0643 0.9839
vn -0.1793 -0.0049 0.9838
vn -0.1821 -0.1139 0.9767
vn -0.2527 -0.1903 0.9486
vn -0.2439 -0.1971 0.9496
vn -0.2415 -0.1349 0.9610
vn -0.2654 -0.0173 0.9640
vn -0.3197 0.0683 0.9451
vn -0.3969 0.0692 0.9152
vn -0.4457 0.0403 0.8943
vn -0.4442 0.0314 0.8954
vn -0.4381 0.0318 0.8984
vn 0.7900 -0.1863 0.5841
vn 0.7121 -0.1294 0.6900
vn 0.6286 -0.0849 0.7731
vn 0.5957 -0.1266 0.7932
vn 0.5961 -0.2217 0.7717
vn 0.5330 -0.2507 0.8081
vn 0.4256 -0.1778 0.8873
vn 0.3729 -0.1197 0.9201
vn 0.3647 -0.1434 0.9200
vn 0.3561 -0.1647 0.9198
vn 0.3666 -0.1602 0.9165
vn 0.2074 -0.1214 0.9707
vn -0.1622 -0.0421 0.9859
vn -0.2871 0.0081 0.9579
vn -0.2063 0.0328 0.9779
vn -0.1782 0.0553 0.9824
vn -0.1492 0.0631 0.9868
vn -0.1215 0.0645 0.9905
vn -0.0936 0.0645 0.9935
vn -0.1827 0.0507 0.9819
vn -0.2446 -0.0316 0.9691
vn -0.2414 -0.1588 0.9573
vn -0.2632 -0.2172 0.9400
vn -0.2355 -0.2181 0.9471
vn -0.2113 -0.2170 0.9530
vn -0.2080 -0.1900 0.9595
vn -0.2761 -0.1059 0.9553
vn -0.3925 -0.0225 0.9195
vn -0.4515 0.0050 0.8923
vn -0.4432 0.0061 0.8964
vn -0.4379 0.0079 0.8990
vn 0.7967 -0.2081 0.5674
vn 0.7342 -0.1774 0.6554
vn 0.6576 -0.0933 0.7476
vn 0.5735 -0.0414 0.8182
vn 0.5499 -0.1150 0.8273
vn 0.5262 -0.2183 0.8219
vn 0.4651 -0.2302 0.8548
vn 0.3792 -0.1896 0.9057
vn 0.3437 -0.1828 0.9211
vn 0.3532 -0.1982 0.9143
vn 0.3498 -0.2301 0.9081
vn 0.2407 -0.2341 0.9419
vn -0.0920 -0.1284 0.9874
vn -0.2665 0.0007 0.9638
vn -0.1965 0.0375 0.9798
vn -0.1739 0.0424 0.9839
vn -0.1486 0.0456 0.9879
vn -0.1217 0.0470 0.9915
vn -0.1090 0.0212 0.9938
vn -0.2131 -0.0492 0.9758
vn -0.2868 -0.1022 0.9525
vn -0.2811 -0.1288 0.9510
vn -0.2812 -0.1747 0.9436
vn -0.2417 -0.2129 0.9467
vn -0.2112 -0.2222 0.9518
vn -0.1917 -0.2216 0.9561
vn -0.2110 -0.1759 0.9615
vn -0.3458 -0.0821 0.9347
vn -0.4466 -0.0243 0.8944
vn -0.4406 -0.0128 0.8976
vn -0.4388 -0.0126 0.8985
vn 0.7951 -0.2517 0.5517
vn 0.7416 -0.2335 0.6289
vn 0.6850 -0.2021 0.7000
vn 0.5703 -0.1703 0.8036
vn 0.4973 -0.1879 0.8470
vn 0.4936 -0.2408 0.8357
vn 0.4772 -0.2619 0.8389
vn 0.4005 -0.2307 0.8868
vn 0.3282 -0.2180 0.9191
vn 0.3154 -0.2867 0.9046
vn 0.2929 -0.3908 0.8727
vn 0.2473 -0.4351 0.8658
vn 0.0174 -0.3147 0.9490
vn -0.1984 -0.0843 0.9765
vn -0.1937 0.0162 0.9809
vn -0.1721 0.0221 0.9848
vn -0.1479 0.0258 0.9887
vn -0.1221 0.0272 0.9921
vn -0.1549 -0.0268 0.9876
vn -0.2617 -0.1303 0.9563
vn -0.2649 -0.1287 0.9556
vn -0.2754 -0.0538 0.9598
vn -0.3201 -0.0706 0.9448
vn -0.2721 -0.1518 0.9502
vn -0.2227 -0.2087 0.9523
vn -0.1806 -0.2011 0.9628
vn -0.1605 -0.1327 0.9781
vn -0.2993 -0.0642 0.9520
vn -0.4374 -0.0361 0.8986
vn -0.4380 -0.0279 0.8985
vn -0.4424 -0.0324 0.8962
vn 0.7968 -0.2967 0.5264
vn 0.7480 -0.2642 0.6088
vn 0.6791 -0.2652 0.6845
vn 0.5475 -0.3027 0.7802
vn 0.4685 -0.3226 0.8224
vn 0.4710 -0.3238 0.8206
vn 0.4735 -0.3232 0.8194
vn 0.4095 -0.3211 0.8540
vn 0.2936 -0.3485 0.8901
vn 0.2347 -0.4377 0.8679
vn 0.2287 -0.5200 0.8230
vn 0.2402 -0.5430 0.8046
vn 0.1632 -0.4334 0.8863
vn -0.0577 -0.1759 0.9827
vn -0.1856 -0.0167 0.9825
vn -0.1701 -0.0009 0.9854
vn -0.1472 0.0032 0.9891
vn -0.1311 -0.0089 0.9913
vn -0.2158 -0.0765 0.9734
vn -0.2976 -0.1481 0.9431
vn -0.2122 -0.1171 0.9702
vn -0.2431 -0.0413 0.9691
vn -0.3458 -0.0214 0.9381
vn -0.3160 -0.0642 0.9466
vn -0.2553 -0.1311 0.9579
vn -0.1597 -0.1326 0.9782
vn -0.1158 -0.0652 0.9911
vn -0.2875 -0.0430 0.9568
vn -0.4329 -0.0548 0.8998
vn -0.4336 -0.0514 0.8996
vn -0.4476 -0.0541 0.8926
vn 0.7995 -0.3378 0.4966
vn 0.7580 -0.3027 0.5778
vn 0.6581 -0.2977 0.6916
vn 0.5183 -0.3303 0.7888
vn 0.4660 -0.3467 0.8141
vn 0.4604 -0.3565 0.8130
vn 0.4412 -0.4083 0.7992
vn 0.3721 -0.4785 0.7953
vn 0.2491 -0.5195 0.8174
vn 0.1820 -0.5344 0.8254
vn 0.2001 -0.5505 0.8105
vn 0.2359 -0.5635 0.7917
vn 0.2718 -0.5167 0.8119
vn 0.1052 -0.3392 0.9348
vn -0.1307 -0.1145 0.9848
vn -0.1678 -0.0267 0.9855
vn -0.1465 -0.0223 0.9890
vn -0.1623 -0.0566 0.9851
vn -0.2734 -0.1403 0.9516
vn -0.3028 -0.1788 0.9361
vn -0.1693 -0.1395 0.9756
vn -0.2121 -0.0894 0.9731
vn -0.3421 -0.0526 0.9382
vn -0.3406 -0.0437 0.9392
vn -0.2823 -0.0592 0.9575
vn -0.1500 -0.0602 0.9868
vn -0.0938 -0.0496 0.9944
vn -0.2943 -0.0738 0.9528
vn -0.4301 -0.0906 0.8982
vn -0.4240 -0.0796 0.9021
vn -0.4518 -0.0782 0.8887
vn 0.7957 -0.3828 0.4693
vn 0.7641 -0.3591 0.5359
vn 0.6412 -0.3440 0.6860
vn 0.4908 -0.3557 0.7953
vn 0.4460 -0.3956 0.8028
vn 0.4048 -0.4707 0.7840
vn 0.3626 -0.5628 0.7429
vn 0.3049 -0.6281 0.7159
vn 0.2349 -0.6356 0.7354
vn 0.1932 -0.5910 0.7832
vn 0.1890 -0.5646 0.8034
vn 0.2263 -0.5749 0.7864
vn 0.2926 -0.5833 0.7577
vn 0.2643 -0.4868 0.8326
vn 0.0166 -0.2383 0.9710
vn -0.1578 -0.0686 0.9851
vn -0.1458 -0.0509 0.9880
vn -0.2106 -0.0905 0.9734
vn -0.3257 -0.1730 0.9295
vn -0.2883 -0.1982 0.9368
vn -0.1438 -0.1634 0.9760
vn -0.1841 -0.1297 0.9743
vn -0.3205 -0.0905 0.9429
vn -0.3470 -0.0702 0.9352
vn -0.2860 -0.0629 0.9562
vn -0.1482 -0.0474 0.9878
vn -0.0999 -0.0571 0.9934
vn -0.3046 -0.0986 0.9474
vn -0.4363 -0.1357 0.8895
vn -0.4076 -0.1437 0.9018
vn -0.4377 -0.1220 0.8908
vn 0.7868 -0.4210 0.4513
vn 0.7629 -0.4138 0.4967
vn 0.6208 -0.4196 0.6623
vn 0.4385 -0.4545 0.7754
vn 0.3702 -0.5385 0.7570
vn 0.3192 -0.6149 0.7212
vn 0.3083 -0.6482 0.6963
vn 0.2684 -0.6647 0.6973
vn 0.2447 -0.6690 0.7018
vn 0.2295 -0.6391 0.7340
vn 0.1942 -0.5977 0.7778
vn 0.2155 -0.5882 0.7795
vn 0.2749 -0.6043 0.7478
vn 0.3624 -0.5663 0.7403
vn 0.1928 -0.3995 0.8962
vn -0.0915 -0.1745 0.9804
vn -0.1564 -0.0982 0.9828
vn -0.2593 -0.1464 0.9546
vn -0.3635 -0.1983 0.9102
vn -0.2702 -0.2079 0.9401
vn -0.1277 -0.1810 0.9752
vn -0.1587 -0.1536 0.9753
vn -0.2946 -0.1202 0.9480
vn -0.3508 -0.1033 0.9308
vn -0.2765 -0.0914 0.9566
vn -0.1425 -0.0688 0.9874
vn -0.1162 -0.0785 0.9901
vn -0.3159 -0.1238 0.9407
vn -0.4588 -0.1666 0.8728
vn -0.4041 -0.1944 0.8938
vn -0.4048 -0.1888 0.8947
vn 0.7735 -0.4569 0.4393
vn 0.7331 -0.4906 0.4710
vn 0.5578 -0.5605 0.6121
vn 0.3491 -0.6131 0.7087
vn 0.2891 -0.6557 0.6974
vn 0.2839 -0.6694 0.6866
vn 0.3013 -0.6658 0.6825
vn 0.2641 -0.6584 0.7048
vn 0.2393 -0.6654 0.7071
vn 0.2537 -0.6695 0.6981
vn 0.2241 -0.6333 0.7408
vn 0.2077 -0.6069 0.7672
vn 0.2553 -0.6157 0.7455
vn 0.3723 -0.6170 0.6933
vn 0.3554 -0.5449 0.7595
vn 0.0714 -0.3377 0.9385
vn -0.1661 -0.1801 0.9695
vn -0.3037 -0.2017 0.9312
vn -0.3774 -0.2279 0.8976
vn -0.2554 -0.2202 0.9414
vn -0.1158 -0.2014 0.9726
vn -0.1360 -0.1801 0.9742
vn -0.2709 -0.1522 0.9505
vn -0.3545 -0.1379 0.9248
vn -0.2615 -0.1219 0.9575
vn -0.1311 -0.0931 0.9870
vn -0.1355 -0.1033 0.9854
vn -0.3299 -0.1512 0.9318
vn -0.4746 -0.1785 0.8619
vn -0.4316 -0.2146 0.8762
vn -0.3971 -0.2909 0.8705
vn 0.7125 -0.5639 0.4176
vn 0.6374 -0.6427 0.4251
vn 0.4725 -0.7014 0.5337
vn 0.3038 -0.6936 0.6531
vn 0.2696 -0.6784 0.6835
vn 0.2850 -0.6763 0.6792
vn 0.3035 -0.6727 0.6748
vn 0.2701 -0.6668 0.6946
vn 0.2217 -0.6691 0.7093
vn 0.2494 -0.6855 0.6840
vn 0.2539 -0.6802 0.6877
vn 0.2210 -0.6442 0.7322
vn 0.2449 -0.6225 0.7433
vn 0.3520 -0.6261 0.6958
vn 0.4286 -0.6074 0.6688
vn 0.2659 -0.4856 0.8327
vn -0.1033 -0.2905 0.9513
vn -0.3415 -0.2234 0.9129
vn -0.3737 -0.2397 0.8960
vn -0.2441 -0.2305 0.9420
vn -0.1104 -0.2222 0.9687
vn -0.1162 -0.2096 0.9709
vn -0.2498 -0.1869 0.9501
vn -0.3509 -0.1643 0.9219
vn -0.2416 -0.1377 0.9606
vn -0.1209 -0.1121 0.9863
vn -0.1580 -0.1313 0.9787
vn -0.3467 -0.1802 0.9205
vn -0.4780 -0.2066 0.8537
vn -0.4693 -0.2338 0.8515
vn -0.4744 -0.3571 0.8047
vn 0.5934 -0.7137 0.3722
vn 0.5439 -0.7511 0.3743
vn 0.4527 -0.7524 0.4784
vn 0.3232 -0.7112 0.6243
vn 0.2706 -0.6829 0.6785
vn 0.2870 -0.6806 0.6741
vn 0.3062 -0.6769 0.6693
vn 0.2753 -0.6725 0.6869
vn 0.2186 -0.6660 0.7132
vn 0.2276 -0.6791 0.6978
vn 0.2600 -0.6987 0.6665
vn 0.2532 -0.6847 0.6834
vn 0.2512 -0.6510 0.7163
vn 0.3220 -0.6483 0.6899
vn 0.4227 -0.6568 0.6244
vn 0.4129 -0.6198 0.6674
vn 0.0380 -0.5076 0.8608
vn -0.3317 -0.3168 0.8886
vn -0.3637 -0.2537 0.8963
vn -0.2364 -0.2445 0.9404
vn -0.1137 -0.2463 0.9625
vn -0.1039 -0.2484 0.9631
vn -0.2312 -0.2372 0.9435
vn -0.3261 -0.1948 0.9251
vn -0.2135 -0.1461 0.9660
vn -0.1236 -0.1329 0.9834
vn -0.1862 -0.1704 0.9676
vn -0.3642 -0.2198 0.9050
vn -0.4782 -0.2381 0.8454
vn -0.4931 -0.2537 0.8322
vn -0.6104 -0.3959 0.6860
vn 0.5274 -0.7784 0.3405
vn 0.5204 -0.7763 0.3558
vn 0.4845 -0.7599 0.4333
vn 0.3621 -0.7200 0.5921
vn 0.2727 -0.6861 0.6745
vn 0.2895 -0.6829 0.6707
vn 0.3092 -0.6790 0.6658
vn 0.2798 -0.6762 0.6815
vn 0.2224 -0.6725 0.7058
vn 0.2162 -0.6683 0.7118
vn 0.2487 -0.6755 0.6941
vn 0.2709 -0.6848 0.6765
vn 0.2713 -0.6732 0.6879
vn 0.3003 -0.6614 0.6873
vn 0.3933 -0.6638 0.6362
vn 0.4361 -0.6849 0.5837
vn 0.1963 -0.6961 0.6906
vn -0.1772 -0.5072 0.8434
vn -0.3109 -0.2711 0.9110
vn -0.2311 -0.2132 0.9493
vn -0.1388 -0.2395 0.9609
vn -0.1112 -0.2793 0.9537
vn -0.2109 -0.2807 0.9363
vn -0.2760 -0.2265 0.9341
vn -0.1798 -0.1692 0.9690
vn -0.1475 -0.1765 0.9732
vn -0.2248 -0.2408 0.9442
vn -0.3689 -0.2798 0.8864
vn -0.4688 -0.2739 0.8398
vn -0.5314 -0.3225 0.7833
vn -0.7063 -0.4724 0.5272
vn 0.5210 -0.7884 0.3270
vn 0.5143 -0.7874 0.3399
vn 0.5053 -0.7766 0.3762
vn 0.3985 -0.7540 0.5223
vn 0.2886 -0.7066 0.6461
vn 0.2922 -0.6837 0.6687
vn 0.3123 -0.6796 0.6638
vn 0.2832 -0.6786 0.6777
vn 0.2255 -0.6777 0.6999
vn 0.2184 -0.6745 0.7052
vn 0.2412 -0.6701 0.7020
vn 0.2678 -0.6697 0.6927
vn 0.2803 -0.6744 0.6831
vn 0.2994 -0.6687 0.6806
vn 0.3637 -0.6680 0.6492
vn 0.3931 -0.7106 0.5835
vn 0.2960 -0.7464 0.5960
vn 0.0801 -0.6208 0.7799
vn -0.1429 -0.3358 0.9310
vn -0.2174 -0.1793 0.9595
vn -0.1819 -0.1944 0.9639
vn -0.1452 -0.2498 0.9574
vn -0.1919 -0.2652 0.9449
vn -0.2184 -0.2250 0.9496
vn -0.1645 -0.1968 0.9665
vn -0.1977 -0.2377 0.9510
vn -0.2721 -0.3087 0.9114
vn -0.3635 -0.3463 0.8648
vn -0.4565 -0.3518 0.8173
vn -0.6037 -0.4283 0.6724
vn -0.7608 -0.5322 0.3715
vn 0.5147 -0.7979 0.3139
vn 0.5081 -0.7976 0.3250
vn 0.5032 -0.7973 0.3332
vn 0.4456 -0.7834 0.4333
vn 0.3418 -0.7286 0.5936
vn 0.2974 -0.6867 0.6633
vn 0.3150 -0.6795 0.6627
vn 0.2858 -0.6802 0.6751
vn 0.2277 -0.6821 0.6949
vn 0.2204 -0.6800 0.6993
vn 0.2429 -0.6758 0.6959
vn 0.2652 -0.6713 0.6921
vn 0.2730 -0.6748 0.6857
vn 0.2909 -0.6894 0.6634
vn 0.3348 -0.7056 0.6246
vn 0.3578 -0.7161 0.5994
vn 0.3367 -0.7151 0.6126
vn 0.2806 -0.6551 0.7015
vn 0.0903 -0.4933 0.8651
vn -0.1565 -0.3100 0.9378
vn -0.2302 -0.2674 0.9357
vn -0.2166 -0.3407 0.9149
vn -0.2154 -0.4298 0.8769
vn -0.1781 -0.4720 0.8634
vn -0.1652 -0.4943 0.8535
vn -0.2382 -0.5432 0.8051
vn -0.2888 -0.5879 0.7556
vn -0.3282 -0.6090 0.7221
vn -0.4135 -0.6146 0.6718
vn -0.6075 -0.6165 0.5009
vn -0.7684 -0.5853 0.2589
vn 0.5077 -0.8081 0.2987
vn 0.5017 -0.8080 0.3090
vn 0.4979 -0.8076 0.3160
vn 0.4884 -0.7966 0.3562
vn 0.4155 -0.7638 0.4940
vn 0.3292 -0.7082 0.6246
vn 0.3172 -0.6791 0.6620
vn 0.2874 -0.6816 0.6729
vn 0.2292 -0.6863 0.6903
vn 0.2219 -0.6851 0.6938
vn 0.2441 -0.6812 0.6902
vn 0.2653 -0.6781 0.6854
vn 0.2637 -0.6832 0.6810
vn 0.2632 -0.7026 0.6612
vn 0.2965 -0.7330 0.6122
vn 0.3545 -0.7380 0.5742
vn 0.3750 -0.7045 0.6025
vn 0.3522 -0.6762 0.6470
vn 0.2615 -0.6365 0.7256
vn -0.0579 -0.5745 0.8165
vn -0.2928 -0.5334 0.7935
vn -0.3141 -0.6126 0.7253
vn -0.2762 -0.7105 0.6472
vn -0.1536 -0.7714 0.6175
vn -0.1459 -0.7887 0.5971
vn -0.2244 -0.7994 0.5573
vn -0.2493 -0.8029 0.5414
vn -0.2672 -0.7982 0.5399
vn -0.3473 -0.7873 0.5094
vn -0.5567 -0.7370 0.3833
vn -0.7414 -0.6348 0.2177
vn 0.5025 -0.8162 0.2853
vn 0.4973 -0.8166 0.2932
vn 0.4943 -0.8160 0.2996
vn 0.4955 -0.8138 0.3036
vn 0.4739 -0.8026 0.3623
vn 0.4054 -0.7586 0.5100
vn 0.3446 -0.6993 0.6263
vn 0.2882 -0.6835 0.6706
vn 0.2301 -0.6908 0.6855
vn 0.2230 -0.6905 0.6881
vn 0.2447 -0.6869 0.6844
vn 0.2542 -0.6951 0.6725
vn 0.2393 -0.7252 0.6456
vn 0.2318 -0.7569 0.6111
vn 0.2459 -0.7888 0.5634
vn 0.3407 -0.7918 0.5070
vn 0.4098 -0.7663 0.4948
vn 0.3836 -0.7492 0.5399
vn 0.3515 -0.7154 0.6039
vn 0.0019 -0.7317 0.6816
vn -0.3499 -0.7110 0.6100
vn -0.3851 -0.7543 0.5317
vn -0.3168 -0.8037 0.5037
vn -0.1531 -0.8338 0.5304
vn -0.1466 -0.8370 0.5273
vn -0.2204 -0.8313 0.5103
vn -0.2269 -0.8181 0.5284
vn -0.2569 -0.7993 0.5432
vn -0.3467 -0.7838 0.5152
vn -0.5466 -0.7388 0.3942
vn -0.7262 -0.6505 0.2224
vn 0.6986 0.3364 -0.6315
vn 0.7527 0.3742 -0.5417
vn 0.7190 0.4480 -0.5314
vn 0.6324 0.4904 -0.5996
vn 0.6066 0.5054 -0.6137
vn 0.5944 0.5125 -0.6197
vn 0.5799 0.5382 -0.6116
vn 0.6140 0.5838 -0.5313
vn 0.6687 0.5699 -0.4775
vn 0.7147 0.5624 -0.4159
vn 0.7037 0.6200 -0.3469
vn 0.6312 0.6792 -0.3745
vn 0.5712 0.7139 -0.4051
vn 0.5455 0.7261 -0.4187
vn 0.5550 0.7253 -0.4072
vn 0.6485 0.6939 -0.3129
vn 0.7831 0.6045 -0.1463
vn 0.8271 0.5577 0.0691
vn 0.7469 0.5862 0.3139
vn 0.7045 0.6146 0.3547
vn 0.7359 0.6313 0.2446
vn 0.7398 0.6350 0.2225
vn 0.7330 0.6399 0.2308
vn 0.7343 0.6281 0.2575
vn 0.7510 0.5819 0.3121
vn 0.7627 0.5348 0.3638
vn 0.7359 0.5145 0.4402
vn 0.6945 0.5029 0.5145
vn 0.7167 0.5169 0.4681
vn 0.7576 0.5286 0.3828
vn 0.7633 0.5250 0.3765
vn 0.7027 0.3369 -0.6267
vn 0.7175 0.3838 -0.5813
vn 0.6711 0.4542 -0.5860
vn 0.6253 0.4798 -0.6155
vn 0.6142 0.4854 -0.6222
vn 0.6026 0.4914 -0.6288
vn 0.5896 0.5025 -0.6323
vn 0.6293 0.5644 -0.5342
vn 0.6775 0.5900 -0.4392
vn 0.6843 0.5923 -0.4254
vn 0.6424 0.6474 -0.4101
vn 0.5926 0.6910 -0.4140
vn 0.5728 0.7001 -0.4265
vn 0.5867 0.6945 -0.4165
vn 0.6765 0.6455 -0.3546
vn 0.8132 0.5483 -0.1950
vn 0.8886 0.4556 -0.0527
vn 0.8866 0.4624 0.0051
vn 0.8201 0.5308 0.2138
vn 0.7468 0.5730 0.3376
vn 0.7605 0.5994 0.2496
vn 0.7692 0.6030 0.2115
vn 0.7678 0.5972 0.2322
vn 0.7774 0.5575 0.2915
vn 0.7869 0.5073 0.3513
vn 0.7898 0.4909 0.3676
vn 0.7662 0.4854 0.4212
vn 0.7224 0.4737 0.5038
vn 0.7338 0.4823 0.4784
vn 0.7732 0.4966 0.3943
vn 0.7781 0.4985 0.3821
vn 0.6956 0.3814 -0.6089
vn 0.6988 0.3726 -0.6107
vn 0.6665 0.4037 -0.6267
vn 0.6392 0.4379 -0.6322
vn 0.6225 0.4587 -0.6341
vn 0.6100 0.4707 -0.6375
vn 0.5986 0.4773 -0.6434
vn 0.6665 0.5118 -0.5421
vn 0.7410 0.5203 -0.4245
vn 0.7013 0.5307 -0.4759
vn 0.6276 0.6091 -0.4850
vn 0.6012 0.6705 -0.4347
vn 0.6152 0.6651 -0.4232
vn 0.6986 0.6132 -0.3687
vn 0.8206 0.5161 -0.2453
vn 0.9010 0.4238 -0.0929
vn 0.9181 0.3949 -0.0353
vn 0.9125 0.4069 -0.0411
vn 0.8781 0.4652 0.1116
vn 0.7956 0.5353 0.2836
vn 0.7828 0.5659 0.2589
vn 0.7998 0.5646 0.2037
vn 0.8013 0.5407 0.2560
vn 0.8045 0.4926 0.3319
vn 0.8054 0.4695 0.3618
vn 0.8036 0.4702 0.3648
vn 0.7835 0.4636 0.4139
vn 0.7426 0.4454 0.5002
vn 0.7530 0.4485 0.4815
vn 0.7899 0.4663 0.3982
vn 0.7911 0.4725 0.3885
vn 0.7155 0.4015 -0.5718
vn 0.7282 0.3240 -0.6039
vn 0.6879 0.3064 -0.6580
vn 0.6733 0.3342 -0.6595
vn 0.6603 0.3613 -0.6583
vn 0.6476 0.3850 -0.6576
vn 0.6324 0.4043 -0.6607
vn 0.7231 0.4407 -0.5319
vn 0.8070 0.4294 -0.4053
vn 0.7427 0.4040 -0.5340
vn 0.6546 0.4901 -0.5756
vn 0.6503 0.5971 -0.4698
vn 0.7205 0.5839 -0.3742
vn 0.8278 0.4854 -0.2814
vn 0.9018 0.4034 -0.1552
vn 0.9284 0.3671 -0.0576
vn 0.9293 0.3664 -0.0463
vn 0.9250 0.3759 -0.0562
vn 0.9020 0.4314 0.0136
vn 0.8354 0.5064 0.2134
vn 0.8061 0.5274 0.2684
vn 0.8297 0.5179 0.2081
vn 0.8258 0.4838 0.2899
vn 0.8201 0.4519 0.3512
vn 0.8193 0.4472 0.3588
vn 0.8166 0.4495 0.3620
vn 0.7953 0.4392 0.4178
vn 0.7560 0.4132 0.5077
vn 0.7743 0.4148 0.4779
vn 0.8084 0.4369 0.3945
vn 0.8028 0.4471 0.3945
vn 0.7680 0.3466 -0.5385
vn 0.7711 0.2668 -0.5782
vn 0.7010 0.2436 -0.6703
vn 0.6964 0.2486 -0.6732
vn 0.6910 0.2596 -0.6746
vn 0.6825 0.2786 -0.6757
vn 0.6707 0.3002 -0.6783
vn 0.7696 0.3555 -0.5304
vn 0.8399 0.3771 -0.3903
vn 0.7615 0.3380 -0.5531
vn 0.6830 0.3413 -0.6458
vn 0.7516 0.4275 -0.5023
vn 0.8463 0.4322 -0.3113
vn 0.9166 0.3508 -0.1920
vn 0.9538 0.2784 -0.1132
vn 0.9602 0.2701 -0.0708
vn 0.9517 0.2985 -0.0712
vn 0.9402 0.3314 -0.0783
vn 0.9236 0.3782 -0.0626
vn 0.8825 0.4475 0.1445
vn 0.8339 0.4876 0.2586
vn 0.8443 0.4824 0.2334
vn 0.8401 0.4396 0.3178
vn 0.8350 0.4230 0.3520
vn 0.8321 0.4261 0.3550
vn 0.8293 0.4254 0.3623
vn 0.8049 0.4065 0.4322
vn 0.7661 0.3759 0.5214
vn 0.7969 0.3809 0.4689
vn 0.8284 0.4061 0.3858
vn 0.8149 0.4193 0.4002
vn 0.8196 0.2828 -0.4983
vn 0.7970 0.2210 -0.5621
vn 0.7066 0.2175 -0.6734
vn 0.7017 0.2210 -0.6773
vn 0.6961 0.2268 -0.6812
vn 0.6899 0.2347 -0.6848
vn 0.6835 0.2445 -0.6878
vn 0.7854 0.2947 -0.5444
vn 0.8572 0.3319 -0.3938
vn 0.7746 0.3063 -0.5532
vn 0.7273 0.2445 -0.6413
vn 0.8344 0.2224 -0.5042
vn 0.9271 0.2394 -0.2885
vn 0.9674 0.2188 -0.1277
vn 0.9796 0.1775 -0.0938
vn 0.9792 0.1786 -0.0965
vn 0.9727 0.2058 -0.1071
vn 0.9633 0.2430 -0.1137
vn 0.9519 0.2850 -0.1124
vn 0.9251 0.3747 0.0612
vn 0.8616 0.4557 0.2234
vn 0.8492 0.4498 0.2766
vn 0.8495 0.4080 0.3345
vn 0.8472 0.4018 0.3475
vn 0.8440 0.4054 0.3513
vn 0.8393 0.3945 0.3740
vn 0.8136 0.3595 0.4569
vn 0.7802 0.3365 0.5273
vn 0.8165 0.3562 0.4545
vn 0.8452 0.3784 0.3774
vn 0.8272 0.3890 0.4055
vn 0.8589 0.2490 -0.4475
vn 0.8102 0.1970 -0.5520
vn 0.7122 0.1943 -0.6746
vn 0.7065 0.1946 -0.6804
vn 0.7007 0.1991 -0.6851
vn 0.6944 0.2056 -0.6895
vn 0.6881 0.2140 -0.6933
vn 0.7862 0.2574 -0.5618
vn 0.8659 0.2953 -0.4037
vn 0.8094 0.2454 -0.5336
vn 0.8013 0.1388 -0.5819
vn 0.8750 0.0791 -0.4776
vn 0.9487 0.1026 -0.2992
vn 0.9847 0.1364 -0.1089
vn 0.9855 0.1433 -0.0905
vn 0.9831 0.1468 -0.1097
vn 0.9798 0.1533 -0.1282
vn 0.9757 0.1672 -0.1417
vn 0.9689 0.1967 -0.1499
vn 0.9560 0.2900 -0.0448
vn 0.9044 0.3913 0.1702
vn 0.8611 0.3999 0.3140
vn 0.8611 0.3793 0.3386
vn 0.8586 0.3809 0.3432
vn 0.8556 0.3791 0.3523
vn 0.8457 0.3508 0.4022
vn 0.8194 0.3056 0.4850
vn 0.8022 0.2982 0.5173
vn 0.8375 0.3291 0.4363
vn 0.8587 0.3487 0.3755
vn 0.8395 0.3560 0.4105
vn 0.8879 0.2058 -0.4115
vn 0.8213 0.1815 -0.5409
vn 0.7200 0.1742 -0.6718
vn 0.7107 0.1692 -0.6828
vn 0.7045 0.1729 -0.6883
vn 0.6981 0.1783 -0.6935
vn 0.6917 0.1855 -0.6980
vn 0.7839 0.2228 -0.5795
vn 0.8750 0.2549 -0.4116
vn 0.8627 0.1781 -0.4732
vn 0.8578 0.0502 -0.5115
vn 0.8850 0.0101 -0.4654
vn 0.9450 0.0518 -0.3230
vn 0.9865 0.1049 -0.1256
vn 0.9876 0.1257 -0.0943
vn 0.9849 0.1286 -0.1155
vn 0.9816 0.1342 -0.1361
vn 0.9775 0.1427 -0.1552
vn 0.9730 0.1539 -0.1718
vn 0.9684 0.2088 -0.1366
vn 0.9428 0.3170 0.1035
vn 0.8722 0.3698 0.3203
vn 0.8627 0.3729 0.3418
vn 0.8657 0.3623 0.3453
vn 0.8661 0.3351 0.3709
vn 0.8514 0.2851 0.4401
vn 0.8283 0.2477 0.5026
vn 0.8285 0.2557 0.4982
vn 0.8619 0.2899 0.4160
vn 0.8720 0.3114 0.3776
vn 0.8518 0.3192 0.4154
vn 0.9012 0.1651 -0.4008
vn 0.8324 0.1633 -0.5296
vn 0.7308 0.1535 -0.6651
vn 0.7142 0.1454 -0.6847
vn 0.7076 0.1483 -0.6909
vn 0.7009 0.1528 -0.6967
vn 0.6944 0.1587 -0.7018
vn 0.7794 0.1907 -0.5968
vn 0.8955 0.1938 -0.4006
vn 0.9146 0.0981 -0.3923
vn 0.8870 0.0034 -0.4618
vn 0.8823 -0.0153 -0.4704
vn 0.9389 0.0127 -0.3440
vn 0.9862 0.0599 -0.1540
vn 0.9893 0.0983 -0.1077
vn 0.9860 0.1152 -0.1204
vn 0.9824 0.1200 -0.1429
vn 0.9782 0.1274 -0.1638
vn 0.9736 0.1374 -0.1821
vn 0.9686 0.1639 -0.1870
vn 0.9682 0.2478 0.0329
vn 0.9002 0.3254 0.2896
vn 0.8694 0.3527 0.3460
vn 0.8701 0.3373 0.3593
vn 0.8646 0.3032 0.4007
vn 0.8418 0.2773 0.4631
vn 0.8190 0.2836 0.4989
vn 0.8232 0.2959 0.4845
vn 0.8662 0.2844 0.4110
vn 0.8828 0.2746 0.3811
vn 0.8634 0.2796 0.4199
vn 0.9054 0.1449 -0.3990
vn 0.8432 0.1418 -0.5186
vn 0.7426 0.1313 -0.6568
vn 0.7170 0.1232 -0.6861
vn 0.7101 0.1253 -0.6928
vn 0.7032 0.1288 -0.6992
vn 0.6966 0.1336 -0.7049
vn 0.7738 0.1599 -0.6130
vn 0.9223 0.1400 -0.3603
vn 0.9494 0.0289 -0.3128
vn 0.8948 -0.0377 -0.4449
vn 0.8859 -0.0542 -0.4607
vn 0.9380 -0.0756 -0.3382
vn 0.9803 -0.0589 -0.1883
vn 0.9882 0.0130 -0.1525
vn 0.9866 0.0830 -0.1404
vn 0.9827 0.1104 -0.1486
vn 0.9783 0.1166 -0.1712
vn 0.9736 0.1252 -0.1910
vn 0.9689 0.1363 -0.2067
vn 0.9820 0.1876 -0.0234
vn 0.9356 0.2561 0.2431
vn 0.8936 0.2946 0.3387
vn 0.8776 0.3157 0.3609
vn 0.8483 0.3431 0.4033
vn 0.8101 0.3735 0.4520
vn 0.7837 0.4004 0.4748
vn 0.7793 0.4036 0.4794
vn 0.8257 0.3491 0.4431
vn 0.8748 0.2663 0.4048
vn 0.8740 0.2380 0.4237
vn 0.9090 0.1255 -0.3974
vn 0.8531 0.1210 -0.5076
vn 0.7536 0.1099 -0.6480
vn 0.7194 0.1019 -0.6871
vn 0.7123 0.1033 -0.6943
vn 0.7051 0.1059 -0.7011
vn 0.6984 0.1095 -0.7073
vn 0.7817 0.1043 -0.6148
vn 0.9478 0.0614 -0.3130
vn 0.9651 -0.0193 -0.2610
vn 0.8942 -0.0536 -0.4444
vn 0.9000 -0.0888 -0.4267
vn 0.9415 -0.1547 -0.2994
vn 0.9615 -0.1723 -0.2141
vn 0.9700 -0.1221 -0.2102
vn 0.9819 -0.0443 -0.1841
vn 0.9858 0.0122 -0.1672
vn 0.9827 0.0381 -0.1814
vn 0.9790 0.0478 -0.1983
vn 0.9762 0.0494 -0.2109
vn 0.9925 0.0988 -0.0715
vn 0.9629 0.1951 0.1862
vn 0.9105 0.2632 0.3189
vn 0.8915 0.3009 0.3385
vn 0.8595 0.3520 0.3706
vn 0.8104 0.4061 0.4223
vn 0.7754 0.4338 0.4589
vn 0.7599 0.4403 0.4782
vn 0.7714 0.4138 0.4834
vn 0.8262 0.3244 0.4605
vn 0.8668 0.2272 0.4439
vn 0.9121 0.1060 -0.3960
vn 0.8621 0.1004 -0.4967
vn 0.7639 0.0886 -0.6392
vn 0.7214 0.0808 -0.6877
vn 0.7141 0.0818 -0.6953
vn 0.7067 0.0835 -0.7025
vn 0.6999 0.0861 -0.7090
vn 0.8061 0.0538 -0.5894
vn 0.9647 -0.0164 -0.2628
vn 0.9676 -0.0605 -0.2449
vn 0.8942 -0.0714 -0.4419
vn 0.9185 -0.1141 -0.3785
vn 0.9504 -0.1855 -0.2497
vn 0.9503 -0.2184 -0.2220
vn 0.9480 -0.2131 -0.2362
vn 0.9571 -0.1812 -0.2262
vn 0.9718 -0.1273 -0.1986
vn 0.9770 -0.0934 -0.1916
vn 0.9759 -0.0834 -0.2019
vn 0.9749 -0.0808 -0.2075
vn 0.9895 -0.0176 -0.1438
vn 0.9857 0.1392 0.0949
vn 0.9231 0.2491 0.2928
vn 0.9062 0.2738 0.3223
vn 0.8933 0.2939 0.3400
vn 0.8550 0.3419 0.3901
vn 0.8032 0.3924 0.4482
vn 0.7737 0.4134 0.4800
vn 0.7586 0.4169 0.5008
vn 0.7692 0.3866 0.5087
vn 0.8182 0.2899 0.4966
vn 0.9147 0.0860 -0.3949
vn 0.8702 0.0795 -0.4862
vn 0.7734 0.0670 -0.6304
vn 0.7232 0.0595 -0.6881
vn 0.7156 0.0601 -0.6959
vn 0.7081 0.0612 -0.7034
vn 0.7011 0.0630 -0.7102
vn 0.8329 0.0315 -0.5525
vn 0.9757 -0.0360 -0.2161
vn 0.9668 -0.0754 -0.2441
vn 0.9000 -0.1057 -0.4229
vn 0.9304 -0.1734 -0.3231
vn 0.9491 -0.2321 -0.2129
vn 0.9431 -0.2486 -0.2210
vn 0.9389 -0.2478 -0.2390
vn 0.9394 -0.2355 -0.2493
vn 0.9523 -0.2048 -0.2263
vn 0.9636 -0.1748 -0.2022
vn 0.9657 -0.1588 -0.2055
vn 0.9665 -0.1313 -0.2207
vn 0.9723 -0.0453 -0.2294
vn 0.9952 0.0981 -0.0041
vn 0.9451 0.1951 0.2620
vn 0.9209 0.2288 0.3155
vn 0.9135 0.2386 0.3296
vn 0.8954 0.2540 0.3657
vn 0.8541 0.2960 0.4276
vn 0.8086 0.3477 0.4746
vn 0.7774 0.3790 0.5020
vn 0.7555 0.3871 0.5285
vn 0.7613 0.3544 0.5429
vn 0.9167 0.0649 -0.3942
vn 0.8774 0.0579 -0.4763
vn 0.7819 0.0447 -0.6218
vn 0.7245 0.0375 -0.6883
vn 0.7168 0.0378 -0.6962
vn 0.7092 0.0384 -0.7040
vn 0.7115 0.0183 -0.7024
vn 0.8546 -0.0327 -0.5182
vn 0.9797 -0.0755 -0.1857
vn 0.9653 -0.0883 -0.2459
vn 0.9150 -0.1341 -0.3805
vn 0.9386 -0.2255 -0.2612
vn 0.9414 -0.2722 -0.1992
vn 0.9361 -0.2751 -0.2192
vn 0.9312 -0.2754 -0.2387
vn 0.9276 -0.2720 -0.2562
vn 0.9356 -0.2506 -0.2488
vn 0.9518 -0.2137 -0.2200
vn 0.9587 -0.1915 -0.2101
vn 0.9539 -0.1476 -0.2613
vn 0.9519 -0.0558 -0.3011
vn 0.9989 0.0082 -0.0471
vn 0.9688 0.0142 0.2475
vn 0.9521 0.0144 0.3055
vn 0.9434 0.0200 0.3310
vn 0.9317 0.0162 0.3630
vn 0.9110 0.0277 0.4115
vn 0.8823 0.0694 0.4656
vn 0.8493 0.1188 0.5144
vn 0.8176 0.1584 0.5536
vn 0.7888 0.1835 0.5866
vn 0.9181 0.0421 -0.3941
vn 0.8834 0.0351 -0.4674
vn 0.7892 0.0213 -0.6138
vn 0.7253 0.0141 -0.6883
vn 0.7175 0.0143 -0.6964
vn 0.7098 0.0147 -0.7042
vn 0.7358 -0.0251 -0.6768
vn 0.8684 -0.0960 -0.4865
vn 0.9768 -0.1112 -0.1832
vn 0.9641 -0.1158 -0.2389
vn 0.9288 -0.1775 -0.3253
vn 0.9436 -0.2587 -0.2067
vn 0.9354 -0.2946 -0.1956
vn 0.9296 -0.2981 -0.2168
vn 0.9241 -0.2993 -0.2376
vn 0.9194 -0.2979 -0.2568
vn 0.9208 -0.2849 -0.2663
vn 0.9364 -0.2547 -0.2413
vn 0.9499 -0.2204 -0.2217
vn 0.9372 -0.1686 -0.3055
vn 0.9345 -0.1187 -0.3356
vn 0.9902 -0.1366 -0.0293
vn 0.9501 -0.1807 0.2543
vn 0.9359 -0.2000 0.2899
vn 0.9256 -0.2031 0.3194
vn 0.9129 -0.2055 0.3526
vn 0.8975 -0.2071 0.3894
vn 0.8781 -0.2033 0.4331
vn 0.8555 -0.1846 0.4838
vn 0.8321 -0.1532 0.5330
vn 0.8037 -0.1241 0.5820
vn 0.9188 0.0173 -0.3943
vn 0.8880 0.0108 -0.4596
vn 0.7951 -0.0034 -0.6065
vn 0.7254 -0.0106 -0.6883
vn 0.7176 -0.0103 -0.6964
vn 0.7099 -0.0100 -0.7042
vn 0.7643 -0.0477 -0.6431
vn 0.8824 -0.1125 -0.4569
vn 0.9729 -0.1200 -0.1976
vn 0.9677 -0.1441 -0.2067
vn 0.9355 -0.2372 -0.2619
vn 0.9378 -0.2996 -0.1756
vn 0.9300 -0.3136 -0.1918
vn 0.9237 -0.3177 -0.2140
vn 0.9178 -0.3196 -0.2357
vn 0.9124 -0.3194 -0.2561
vn 0.9088 -0.3154 -0.2732
vn 0.9189 -0.2947 -0.2623
vn 0.9371 -0.2379 -0.2556
vn 0.9255 -0.1897 -0.3278
vn 0.9229 -0.2046 -0.3263
vn 0.9689 -0.2473 -0.0046
vn 0.9299 -0.2562 0.2639
vn 0.9206 -0.2629 0.2887
vn 0.9095 -0.2690 0.3170
vn 0.8962 -0.2743 0.3487
vn 0.8804 -0.2786 0.3838
vn 0.8617 -0.2816 0.4222
vn 0.8396 -0.2833 0.4634
vn 0.8140 -0.2834 0.5069
vn 0.7857 -0.2765 0.5533
vn 0.9186 -0.0078 -0.3950
vn 0.8913 -0.0133 -0.4532
vn 0.7993 -0.0278 -0.6003
vn 0.7247 -0.0352 -0.6881
vn 0.7170 -0.0348 -0.6962
vn 0.7092 -0.0346 -0.7041
vn 0.7892 -0.0694 -0.6102
vn 0.8962 -0.1408 -0.4208
vn 0.9638 -0.1638 -0.2105
vn 0.9692 -0.1870 -0.1600
vn 0.9418 -0.2726 -0.1966
vn 0.9318 -0.3231 -0.1654
vn 0.9253 -0.3293 -0.1878
vn 0.9188 -0.3338 -0.2108
vn 0.9124 -0.3364 -0.2333
vn 0.9064 -0.3372 -0.2544
vn 0.9013 -0.3360 -0.2734
vn 0.9042 -0.3230 -0.2794
vn 0.9130 -0.2858 -0.2912
vn 0.9085 -0.2657 -0.3225
vn 0.9088 -0.2856 -0.3043
vn 0.9492 -0.3147 -0.0032
vn 0.9119 -0.3127 0.2660
vn 0.9015 -0.3218 0.2895
vn 0.8894 -0.3302 0.3162
vn 0.8754 -0.3376 0.3459
vn 0.8593 -0.3437 0.3788
vn 0.8406 -0.3484 0.4147
vn 0.8192 -0.3514 0.4533
vn 0.7947 -0.3525 0.4942
vn 0.7863 -0.3258 0.5249
vn 0.9176 -0.0313 -0.3962
vn 0.8934 -0.0356 -0.4479
vn 0.8022 -0.0504 -0.5949
vn 0.7234 -0.0581 -0.6880
vn 0.7157 -0.0579 -0.6960
vn 0.7094 -0.0622 -0.7020
vn 0.8094 -0.0987 -0.5789
vn 0.9120 -0.1808 -0.3682
vn 0.9505 -0.2287 -0.2102
vn 0.9634 -0.2337 -0.1316
vn 0.9479 -0.2855 -0.1413
vn 0.9293 -0.3330 -0.1595
vn 0.9216 -0.3419 -0.1838
vn 0.9148 -0.3467 -0.2072
vn 0.9080 -0.3499 -0.2304
vn 0.9016 -0.3515 -0.2522
vn 0.8958 -0.3516 -0.2718
vn 0.8953 -0.3316 -0.2973
vn 0.8999 -0.3142 -0.3025
vn 0.8940 -0.3290 -0.3041
vn 0.8935 -0.3364 -0.2974
vn 0.9338 -0.3577 -0.0107
vn 0.8914 -0.3641 0.2699
vn 0.8800 -0.3746 0.2920
vn 0.8672 -0.3842 0.3168
vn 0.8528 -0.3926 0.3444
vn 0.8365 -0.3996 0.3749
vn 0.8183 -0.4050 0.4080
vn 0.7977 -0.4085 0.4437
vn 0.7882 -0.3919 0.4745
vn 0.8140 -0.3262 0.4806
vn 0.9160 -0.0533 -0.3977
vn 0.8945 -0.0565 -0.4436
vn 0.8041 -0.0715 -0.5902
vn 0.7216 -0.0797 -0.6877
vn 0.7140 -0.0797 -0.6956
vn 0.7146 -0.0962 -0.6929
vn 0.8230 -0.1416 -0.5500
vn 0.9270 -0.2047 -0.3143
vn 0.9485 -0.2365 -0.2107
vn 0.9673 -0.2142 -0.1359
vn 0.9670 -0.2342 -0.0998
vn 0.9430 -0.3012 -0.1413
vn 0.9229 -0.3429 -0.1750
vn 0.9117 -0.3568 -0.2035
vn 0.9047 -0.3605 -0.2270
vn 0.8979 -0.3629 -0.2493
vn 0.8963 -0.3383 -0.2866
vn 0.8999 -0.2935 -0.3226
vn 0.9087 -0.2976 -0.2926
vn 0.8985 -0.3380 -0.2802
vn 0.8844 -0.3571 -0.3005
vn 0.9178 -0.3969 -0.0128
vn 0.8693 -0.4106 0.2752
vn 0.8571 -0.4218 0.2957
vn 0.8438 -0.4318 0.3185
vn 0.8293 -0.4405 0.3438
vn 0.8133 -0.4477 0.3716
vn 0.7957 -0.4532 0.4019
vn 0.7866 -0.4440 0.4290
vn 0.8103 -0.3914 0.4362
vn 0.8461 -0.3129 0.4315
vn 0.9137 -0.0743 -0.3995
vn 0.8936 -0.0712 -0.4431
vn 0.8059 -0.0803 -0.5866
vn 0.7226 -0.0943 -0.6848
vn 0.7121 -0.1008 -0.6948
vn 0.7264 -0.1238 -0.6760
vn 0.8350 -0.1813 -0.5194
vn 0.9333 -0.2080 -0.2926
vn 0.9561 -0.1841 -0.2279
vn 0.9752 -0.1617 -0.1512
vn 0.9827 -0.1705 -0.0726
vn 0.9689 -0.2220 -0.1093
vn 0.9438 -0.2945 -0.1500
vn 0.9172 -0.3493 -0.1916
vn 0.9024 -0.3686 -0.2233
vn 0.8995 -0.3514 -0.2595
vn 0.9005 -0.2806 -0.3321
vn 0.9118 -0.2354 -0.3364
vn 0.9217 -0.2886 -0.2591
vn 0.9033 -0.3469 -0.2524
vn 0.8812 -0.3722 -0.2915
vn 0.9014 -0.4329 -0.0093
vn 0.8462 -0.4525 0.2816
vn 0.8335 -0.4638 0.3002
vn 0.8201 -0.4738 0.3209
vn 0.8057 -0.4823 0.3439
vn 0.7902 -0.4892 0.3690
vn 0.7819 -0.4849 0.3917
vn 0.8038 -0.4430 0.3971
vn 0.8444 -0.3693 0.3880
vn 0.8589 -0.3197 0.4001
vn 0.9109 -0.0949 -0.4017
vn 0.8874 -0.0772 -0.4546
vn 0.8058 -0.0612 -0.5890
vn 0.7347 -0.0778 -0.6739
vn 0.7160 -0.1088 -0.6896
vn 0.7403 -0.1405 -0.6574
vn 0.8523 -0.1999 -0.4833
vn 0.9285 -0.2039 -0.3102
vn 0.9557 -0.1477 -0.2545
vn 0.9793 -0.1437 -0.1425
vn 0.9843 -0.1642 -0.0641
vn 0.9812 -0.1728 -0.0864
vn 0.9707 -0.2097 -0.1170
vn 0.9468 -0.2775 -0.1628
vn 0.9192 -0.3280 -0.2178
vn 0.9080 -0.2963 -0.2963
vn 0.8989 -0.2273 -0.3746
vn 0.9166 -0.2455 -0.3157
vn 0.9251 -0.3117 -0.2171
vn 0.9071 -0.3542 -0.2272
vn 0.8816 -0.3893 -0.2668
vn 0.8850 -0.4657 0.0005
vn 0.8226 -0.4900 0.2886
vn 0.8098 -0.5010 0.3054
vn 0.7965 -0.5105 0.3239
vn 0.7826 -0.5186 0.3444
vn 0.7759 -0.5165 0.3621
vn 0.7977 -0.4803 0.3647
vn 0.8409 -0.4110 0.3520
vn 0.8639 -0.3579 0.3544
vn 0.8542 -0.3469 0.3874
vn 0.9074 -0.1156 -0.4040
vn 0.8729 -0.0894 -0.4797
vn 0.7957 -0.0478 -0.6038
vn 0.7514 -0.0439 -0.6583
vn 0.7321 -0.0762 -0.6770
vn 0.7615 -0.1222 -0.6366
vn 0.8725 -0.1684 -0.4587
vn 0.9253 -0.1541 -0.3466
vn 0.9539 -0.1288 -0.2712
vn 0.9814 -0.1529 -0.1164
vn 0.9826 -0.1744 -0.0635
vn 0.9814 -0.1739 -0.0810
vn 0.9793 -0.1755 -0.1011
vn 0.9716 -0.1970 -0.1310
vn 0.9513 -0.2262 -0.2097
vn 0.9196 -0.2069 -0.3339
vn 0.9044 -0.2051 -0.3741
vn 0.9178 -0.2887 -0.2724
vn 0.9176 -0.3470 -0.1937
vn 0.9089 -0.3623 -0.2066
vn 0.8875 -0.3995 -0.2298
vn 0.8711 -0.4906 0.0219
vn 0.7989 -0.5235 0.2961
vn 0.7863 -0.5339 0.3109
vn 0.7735 -0.5428 0.3272
vn 0.7701 -0.5404 0.3390
vn 0.7944 -0.5051 0.3373
vn 0.8383 -0.4398 0.3222
vn 0.8653 -0.3876 0.3178
vn 0.8610 -0.3764 0.3420
vn 0.8425 -0.3818 0.3801
vn 0.9022 -0.1304 -0.4111
vn 0.8534 -0.0976 -0.5121
vn 0.7787 -0.0560 -0.6249
vn 0.7582 -0.0388 -0.6508
vn 0.7456 -0.0491 -0.6646
vn 0.7907 -0.0999 -0.6040
vn 0.8820 -0.1598 -0.4433
vn 0.9142 -0.1566 -0.3738
vn 0.9517 -0.1529 -0.2661
vn 0.9798 -0.1757 -0.0951
vn 0.9805 -0.1864 -0.0630
vn 0.9794 -0.1852 -0.0799
vn 0.9778 -0.1850 -0.0985
vn 0.9754 -0.1859 -0.1182
vn 0.9627 -0.1779 -0.2041
vn 0.9245 -0.1628 -0.3448
vn 0.9185 -0.2135 -0.3329
vn 0.9239 -0.3126 -0.2206
vn 0.9137 -0.3619 -0.1848
vn 0.9080 -0.3708 -0.1947
vn 0.8921 -0.4126 -0.1844
vn 0.8558 -0.5136 0.0615
vn 0.7755 -0.5534 0.3038
vn 0.7634 -0.5631 0.3166
vn 0.7653 -0.5579 0.3211
vn 0.7954 -0.5191 0.3130
vn 0.8384 -0.4573 0.2965
vn 0.8647 -0.4106 0.2892
vn 0.8633 -0.4011 0.3063
vn 0.8483 -0.4078 0.3377
vn 0.8305 -0.4136 0.3730
vn 0.8910 -0.1416 -0.4313
vn 0.8324 -0.0949 -0.5461
vn 0.7672 -0.0647 -0.6381
vn 0.7572 -0.0608 -0.6503
vn 0.7487 -0.0650 -0.6597
vn 0.8190 -0.1135 -0.5625
vn 0.8899 -0.1910 -0.4142
vn 0.8969 -0.2306 -0.3774
vn 0.9352 -0.2494 -0.2512
vn 0.9664 -0.2396 -0.0931
vn 0.9752 -0.2108 -0.0677
vn 0.9769 -0.1990 -0.0785
vn 0.9754 -0.1985 -0.0963
vn 0.9732 -0.1993 -0.1150
vn 0.9603 -0.1915 -0.2030
vn 0.9240 -0.1982 -0.3270
vn 0.9210 -0.2724 -0.2785
vn 0.9210 -0.3470 -0.1769
vn 0.9100 -0.3755 -0.1761
vn 0.9037 -0.3858 -0.1857
vn 0.8907 -0.4347 -0.1332
vn 0.8379 -0.5331 0.1169
vn 0.7568 -0.5739 0.3130
vn 0.7648 -0.5661 0.3076
vn 0.8015 -0.5222 0.2914
vn 0.8420 -0.4655 0.2726
vn 0.8633 -0.4283 0.2671
vn 0.8619 -0.4230 0.2797
vn 0.8497 -0.4303 0.3048
vn 0.8352 -0.4371 0.3337
vn 0.8182 -0.4432 0.3663
vn 0.8709 -0.1628 -0.4636
vn 0.8073 -0.1093 -0.5799
vn 0.7629 -0.0829 -0.6412
vn 0.7556 -0.0852 -0.6495
vn 0.7547 -0.1194 -0.6452
vn 0.8301 -0.1982 -0.5212
vn 0.8898 -0.2343 -0.3916
vn 0.8967 -0.2589 -0.3589
vn 0.9242 -0.3044 -0.2307
vn 0.9478 -0.2980 -0.1137
vn 0.9650 -0.2475 -0.0871
vn 0.9727 -0.2186 -0.0784
vn 0.9721 -0.2151 -0.0935
vn 0.9700 -0.2161 -0.1110
vn 0.9573 -0.2089 -0.1998
vn 0.9286 -0.2363 -0.2860
vn 0.9185 -0.3247 -0.2255
vn 0.9120 -0.3801 -0.1540
vn 0.9056 -0.3903 -0.1662
vn 0.8988 -0.4017 -0.1754
vn 0.8869 -0.4548 -0.0814
vn 0.8283 -0.5337 0.1705
vn 0.7778 -0.5471 0.3092
vn 0.8136 -0.5127 0.2744
vn 0.8480 -0.4660 0.2524
vn 0.8615 -0.4421 0.2499
vn 0.8575 -0.4433 0.2613
vn 0.8475 -0.4505 0.2807
vn 0.8357 -0.4575 0.3037
vn 0.8220 -0.4641 0.3301
vn 0.8040 -0.4726 0.3609
vn 0.8458 -0.1792 -0.5025
vn 0.7813 -0.1307 -0.6104
vn 0.7600 -0.1082 -0.6409
vn 0.7556 -0.1206 -0.6438
vn 0.7793 -0.2080 -0.5912
vn 0.8197 -0.2996 -0.4883
vn 0.8664 -0.2845 -0.4103
vn 0.9026 -0.2704 -0.3349
vn 0.9272 -0.3107 -0.2092
vn 0.9380 -0.3197 -0.1340
vn 0.9509 -0.2863 -0.1172
vn 0.9649 -0.2481 -0.0861
vn 0.9678 -0.2352 -0.0900
vn 0.9658 -0.2365 -0.1063
vn 0.9530 -0.2352 -0.1910
vn 0.9332 -0.2735 -0.2333
vn 0.9199 -0.3521 -0.1729
vn 0.9070 -0.3958 -0.1438
vn 0.9002 -0.4069 -0.1552
vn 0.8813 -0.4516 -0.1394
vn 0.8429 -0.5377 -0.0210
vn 0.8051 -0.5645 0.1819
vn 0.8158 -0.5112 0.2704
vn 0.8516 -0.4646 0.2429
vn 0.8573 -0.4562 0.2384
vn 0.8503 -0.4632 0.2499
vn 0.8422 -0.4700 0.2643
vn 0.8328 -0.4765 0.2819
vn 0.8132 -0.4932 0.3091
vn 0.7782 -0.5325 0.3329
vn 0.7324 -0.5881 0.3433
vn 0.8197 -0.1783 -0.5443
vn 0.7643 -0.1421 -0.6290
vn 0.7567 -0.1350 -0.6397
vn 0.7672 -0.1864 -0.6137
vn 0.8026 -0.3154 -0.5063
vn 0.7977 -0.3565 -0.4865
vn 0.8366 -0.2989 -0.4591
vn 0.9044 -0.2857 -0.3169
vn 0.9288 -0.3166 -0.1924
vn 0.9339 -0.3295 -0.1386
vn 0.9392 -0.3118 -0.1441
vn 0.9546 -0.2787 -0.1057
vn 0.9616 -0.2604 -0.0865
vn 0.9601 -0.2610 -0.1005
vn 0.9463 -0.2781 -0.1650
vn 0.9256 -0.3334 -0.1792
vn 0.9115 -0.3897 -0.1313
vn 0.8884 -0.4468 -0.1056
vn 0.8273 -0.5566 -0.0764
vn 0.7218 -0.6917 -0.0229
vn 0.6362 -0.7703 0.0442
vn 0.6710 -0.7330 0.1117
vn 0.7717 -0.6090 0.1835
vn 0.8139 -0.5333 0.2306
vn 0.8046 -0.5375 0.2524
vn 0.7854 -0.5616 0.2604
vn 0.7628 -0.5883 0.2683
vn 0.7363 -0.6182 0.2751
vn 0.6972 -0.6524 0.2971
vn 0.6479 -0.6929 0.3164
vn 0.5986 -0.7372 0.3133
vn 0.7887 -0.1906 -0.5845
vn 0.7569 -0.1607 -0.6334
vn 0.7574 -0.1892 -0.6250
vn 0.7858 -0.3029 -0.5393
vn 0.8011 -0.4083 -0.4377
vn 0.7649 -0.3780 -0.5216
vn 0.8057 -0.3107 -0.5042
vn 0.8986 -0.3122 -0.3085
vn 0.9260 -0.3303 -0.1829
vn 0.9317 -0.3356 -0.1386
vn 0.9318 -0.3266 -0.1587
vn 0.9409 -0.3153 -0.1236
vn 0.9479 -0.3080 -0.0812
vn 0.9461 -0.3115 -0.0888
vn 0.9358 -0.3276 -0.1299
vn 0.9101 -0.4007 -0.1060
vn 0.8462 -0.5313 -0.0406
vn 0.7484 -0.6632 0.0114
vn 0.6202 -0.7805 0.0787
vn 0.4890 -0.8647 0.1149
vn 0.4493 -0.8907 0.0695
vn 0.5100 -0.8601 0.0048
vn 0.6130 -0.7871 0.0683
vn 0.6647 -0.7184 0.2052
vn 0.6579 -0.7033 0.2694
vn 0.6360 -0.7231 0.2695
vn 0.6110 -0.7446 0.2687
vn 0.5822 -0.7684 0.2657
vn 0.5533 -0.7874 0.2716
vn 0.5372 -0.7934 0.2862
vn 0.5325 -0.7919 0.2989
vn 0.7620 -0.2027 -0.6150
vn 0.7535 -0.1953 -0.6277
vn 0.7735 -0.2774 -0.5698
vn 0.7929 -0.4154 -0.4458
vn 0.7819 -0.4611 -0.4195
vn 0.7280 -0.3920 -0.5624
vn 0.7654 -0.3489 -0.5407
vn 0.8798 -0.3505 -0.3210
vn 0.9193 -0.3493 -0.1811
vn 0.9271 -0.3472 -0.1413
vn 0.9253 -0.3452 -0.1573
vn 0.9242 -0.3628 -0.1194
vn 0.9193 -0.3887 -0.0617
vn 0.8937 -0.4476 -0.0293
vn 0.8362 -0.5470 -0.0398
vn 0.7583 -0.6516 0.0191
vn 0.6456 -0.7545 0.1181
vn 0.5198 -0.8413 0.1485
vn 0.4473 -0.8774 0.1737
vn 0.4398 -0.8841 0.1579
vn 0.4718 -0.8800 0.0548
vn 0.4944 -0.8682 -0.0415
vn 0.5186 -0.8549 -0.0135
vn 0.5420 -0.8259 0.1553
vn 0.5368 -0.7984 0.2730
vn 0.5332 -0.8016 0.2704
vn 0.5304 -0.8041 0.2686
vn 0.5285 -0.8052 0.2689
vn 0.5275 -0.8049 0.2718
vn 0.5266 -0.8031 0.2786
vn 0.5241 -0.8009 0.2895
vn 0.7502 -0.2148 -0.6253
vn 0.7575 -0.2636 -0.5972
vn 0.7829 -0.3956 -0.4802
vn 0.7824 -0.4981 -0.3739
vn 0.7526 -0.4968 -0.4321
vn 0.6915 -0.4266 -0.5829
vn 0.7175 -0.3843 -0.5810
vn 0.8505 -0.3793 -0.3643
vn 0.9107 -0.3679 -0.1877
vn 0.9208 -0.3615 -0.1466
vn 0.9125 -0.3899 -0.1241
vn 0.8691 -0.4931 -0.0405
vn 0.7823 -0.6212 0.0459
vn 0.6878 -0.7197 0.0948
vn 0.5947 -0.7980 0.0976
vn 0.5096 -0.8496 0.1363
vn 0.4546 -0.8656 0.2100
vn 0.4359 -0.8762 0.2053
vn 0.4237 -0.8847 0.1943
vn 0.4363 -0.8884 0.1427
vn 0.4739 -0.8799 0.0344
vn 0.4914 -0.8699 -0.0418
vn 0.4992 -0.8653 -0.0454
vn 0.5159 -0.8498 0.1078
vn 0.5161 -0.8145 0.2651
vn 0.5215 -0.8084 0.2731
vn 0.5193 -0.8110 0.2695
vn 0.5178 -0.8125 0.2676
vn 0.5173 -0.8129 0.2676
vn 0.5168 -0.8119 0.2716
vn 0.5141 -0.8104 0.2809
vn 0.7440 -0.2666 -0.6127
vn 0.7641 -0.3771 -0.5233
vn 0.7697 -0.5025 -0.3937
vn 0.7589 -0.5551 -0.3404
vn 0.7281 -0.5224 -0.4439
vn 0.6661 -0.4544 -0.5914
vn 0.6667 -0.4186 -0.6166
vn 0.7958 -0.4244 -0.4320
vn 0.8833 -0.4276 -0.1922
vn 0.8681 -0.4875 -0.0937
vn 0.7925 -0.6099 -0.0003
vn 0.6673 -0.7348 0.1216
vn 0.5203 -0.8303 0.1999
vn 0.4385 -0.8793 0.1856
vn 0.4434 -0.8848 0.1433
vn 0.4509 -0.8750 0.1764
vn 0.4323 -0.8726 0.2275
vn 0.4196 -0.8811 0.2180
vn 0.4118 -0.8883 0.2033
vn 0.4339 -0.8929 0.1206
vn 0.4722 -0.8814 0.0107
vn 0.4871 -0.8725 -0.0379
vn 0.4845 -0.8732 -0.0524
vn 0.4918 -0.8682 0.0657
vn 0.5028 -0.8313 0.2370
vn 0.5123 -0.8133 0.2759
vn 0.5107 -0.8160 0.2710
vn 0.5096 -0.8178 0.2676
vn 0.5093 -0.8186 0.2654
vn 0.5088 -0.8183 0.2674
vn 0.5063 -0.8172 0.2755
vn 0.4587 -0.3109 -0.8324
vn 0.4664 -0.3714 -0.8028
vn 0.3571 -0.4469 -0.8202
vn 0.2084 -0.4837 -0.8501
vn 0.1705 -0.4963 -0.8512
vn 0.1671 -0.5279 -0.8327
vn 0.1825 -0.5503 -0.8147
vn 0.1927 -0.5538 -0.8100
vn 0.2002 -0.5548 -0.8075
vn 0.2397 -0.5349 -0.8102
vn 0.2615 -0.4994 -0.8260
vn 0.2097 -0.4989 -0.8409
vn 0.1915 -0.5331 -0.8241
vn 0.2176 -0.5701 -0.7922
vn 0.1126 -0.6551 -0.7471
vn -0.0985 -0.7534 -0.6502
vn -0.2020 -0.7916 -0.5766
vn -0.1921 -0.7991 -0.5697
vn -0.1687 -0.8014 -0.5738
vn -0.1447 -0.8029 -0.5782
vn -0.1213 -0.8035 -0.5828
vn -0.0996 -0.8030 -0.5876
vn -0.0805 -0.8014 -0.5927
vn -0.0818 -0.7882 -0.6099
vn -0.2503 -0.7281 -0.6382
vn -0.4225 -0.6397 -0.6421
vn -0.4304 -0.6107 -0.6647
vn -0.4775 -0.5331 -0.6984
vn -0.5357 -0.4174 -0.7340
vn -0.5364 -0.4002 -0.7430
vn -0.5886 -0.4645 -0.6617
vn 0.5013 -0.3369 -0.7970
vn 0.5070 -0.3769 -0.7752
vn 0.3598 -0.4553 -0.8144
vn 0.1884 -0.5004 -0.8450
vn 0.1688 -0.4804 -0.8607
vn 0.2069 -0.4603 -0.8633
vn 0.2306 -0.4880 -0.8418
vn 0.2114 -0.5358 -0.8175
vn 0.1964 -0.5461 -0.8144
vn 0.2011 -0.5160 -0.8327
vn 0.2356 -0.4812 -0.8443
vn 0.2502 -0.5030 -0.8272
vn 0.2388 -0.5469 -0.8024
vn 0.2460 -0.5618 -0.7899
vn 0.2207 -0.5935 -0.7740
vn 0.0666 -0.6987 -0.7123
vn -0.1331 -0.7875 -0.6017
vn -0.1925 -0.8116 -0.5516
vn -0.1699 -0.8141 -0.5553
vn -0.1467 -0.8155 -0.5598
vn -0.1242 -0.8157 -0.5651
vn -0.1034 -0.8144 -0.5710
vn -0.0853 -0.8119 -0.5776
vn -0.1450 -0.7773 -0.6122
vn -0.3290 -0.6740 -0.6614
vn -0.4595 -0.5769 -0.6753
vn -0.4898 -0.5234 -0.6972
vn -0.5750 -0.4084 -0.7089
vn -0.6026 -0.3058 -0.7371
vn -0.5089 -0.3275 -0.7961
vn -0.5450 -0.3756 -0.7496
vn 0.5280 -0.3464 -0.7754
vn 0.5202 -0.3621 -0.7735
vn 0.3829 -0.4193 -0.8231
vn 0.1836 -0.4702 -0.8633
vn 0.1358 -0.4510 -0.8821
vn 0.2100 -0.3993 -0.8925
vn 0.2854 -0.3775 -0.8809
vn 0.2656 -0.4202 -0.8677
vn 0.1944 -0.4562 -0.8684
vn 0.1614 -0.4391 -0.8838
vn 0.2491 -0.4176 -0.8738
vn 0.3182 -0.4467 -0.8362
vn 0.2847 -0.5102 -0.8115
vn 0.2617 -0.5494 -0.7935
vn 0.2551 -0.5631 -0.7861
vn 0.2076 -0.6092 -0.7653
vn 0.0203 -0.7256 -0.6879
vn -0.1507 -0.8034 -0.5760
vn -0.1707 -0.8241 -0.5401
vn -0.1489 -0.8253 -0.5447
vn -0.1277 -0.8250 -0.5505
vn -0.1083 -0.8232 -0.5574
vn -0.1102 -0.8093 -0.5770
vn -0.2479 -0.7437 -0.6208
vn -0.4211 -0.6283 -0.6542
vn -0.5067 -0.5337 -0.6770
vn -0.5753 -0.4260 -0.6982
vn -0.6588 -0.2795 -0.6985
vn -0.6273 -0.2423 -0.7401
vn -0.4980 -0.3024 -0.8127
vn -0.5247 -0.3221 -0.7880
vn 0.5361 -0.3442 -0.7708
vn 0.5272 -0.3490 -0.7748
vn 0.4015 -0.3944 -0.8266
vn 0.1933 -0.4479 -0.8729
vn 0.1092 -0.4657 -0.8782
vn 0.1622 -0.4210 -0.8924
vn 0.2691 -0.3323 -0.9040
vn 0.3083 -0.2973 -0.9036
vn 0.2158 -0.3453 -0.9133
vn 0.1544 -0.3825 -0.9110
vn 0.2779 -0.3781 -0.8831
vn 0.3682 -0.3835 -0.8470
vn 0.3391 -0.4304 -0.8365
vn 0.3028 -0.4891 -0.8180
vn 0.2772 -0.5362 -0.7973
vn 0.2614 -0.5625 -0.7844
vn 0.1741 -0.6272 -0.7591
vn -0.0130 -0.7457 -0.6662
vn -0.1406 -0.8164 -0.5601
vn -0.1514 -0.8316 -0.5344
vn -0.1321 -0.8309 -0.5405
vn -0.1145 -0.8284 -0.5482
vn -0.1833 -0.7923 -0.5820
vn -0.3630 -0.6870 -0.6295
vn -0.5143 -0.5542 -0.6545
vn -0.5930 -0.4269 -0.6827
vn -0.6653 -0.2843 -0.6903
vn -0.7035 -0.1946 -0.6835
vn -0.6217 -0.2198 -0.7518
vn -0.4857 -0.2876 -0.8255
vn -0.5155 -0.3078 -0.7997
vn 0.5431 -0.3289 -0.7725
vn 0.5332 -0.3367 -0.7760
vn 0.4214 -0.3791 -0.8239
vn 0.2125 -0.4373 -0.8739
vn 0.1113 -0.4592 -0.8813
vn 0.1143 -0.4500 -0.8857
vn 0.1931 -0.3839 -0.9029
vn 0.2932 -0.2949 -0.9094
vn 0.2524 -0.2960 -0.9212
vn 0.1859 -0.3453 -0.9199
vn 0.3023 -0.3544 -0.8849
vn 0.3865 -0.3501 -0.8533
vn 0.3728 -0.3658 -0.8528
vn 0.3499 -0.3985 -0.8478
vn 0.3195 -0.4474 -0.8353
vn 0.2885 -0.4945 -0.8199
vn 0.2567 -0.5415 -0.8005
vn 0.1532 -0.6398 -0.7531
vn -0.0256 -0.7621 -0.6469
vn -0.1321 -0.8226 -0.5531
vn -0.1376 -0.8328 -0.5362
vn -0.1522 -0.8138 -0.5608
vn -0.3148 -0.7281 -0.6088
vn -0.5077 -0.5649 -0.6505
vn -0.6154 -0.4033 -0.6772
vn -0.6817 -0.2670 -0.6812
vn -0.7096 -0.1874 -0.6792
vn -0.7168 -0.1617 -0.6783
vn -0.6090 -0.2080 -0.7654
vn -0.4701 -0.2732 -0.8393
vn -0.5095 -0.2901 -0.8101
vn 0.5543 -0.3136 -0.7710
vn 0.5386 -0.3257 -0.7771
vn 0.4471 -0.3637 -0.8172
vn 0.2398 -0.4250 -0.8728
vn 0.1158 -0.4520 -0.8845
vn 0.1051 -0.4561 -0.8837
vn 0.1231 -0.4333 -0.8928
vn 0.2211 -0.3497 -0.9104
vn 0.2581 -0.2813 -0.9243
vn 0.2404 -0.3053 -0.9214
vn 0.3227 -0.3320 -0.8863
vn 0.3935 -0.3300 -0.8581
vn 0.3841 -0.3393 -0.8587
vn 0.3714 -0.3493 -0.8603
vn 0.3497 -0.3655 -0.8626
vn 0.3208 -0.3946 -0.8610
vn 0.2946 -0.4302 -0.8533
vn 0.2521 -0.4808 -0.8398
vn 0.1255 -0.5925 -0.7957
vn -0.0475 -0.7155 -0.6970
vn -0.1415 -0.7726 -0.6190
vn -0.2727 -0.7227 -0.6352
vn -0.4926 -0.5517 -0.6730
vn -0.6387 -0.3592 -0.6804
vn -0.6922 -0.2342 -0.6826
vn -0.7170 -0.1737 -0.6751
vn -0.7231 -0.1541 -0.6734
vn -0.7167 -0.1544 -0.6801
vn -0.5934 -0.2123 -0.7764
vn -0.4577 -0.2647 -0.8488
vn -0.5056 -0.2717 -0.8189
vn 0.5698 -0.2983 -0.7657
vn 0.5435 -0.3155 -0.7779
vn 0.4690 -0.3368 -0.8164
vn 0.2722 -0.3756 -0.8859
vn 0.1390 -0.4048 -0.9038
vn 0.1212 -0.4304 -0.8945
vn 0.1060 -0.4495 -0.8870
vn 0.1351 -0.4197 -0.8975
vn 0.2160 -0.3499 -0.9115
vn 0.2719 -0.3131 -0.9100
vn 0.3409 -0.3116 -0.8870
vn 0.3996 -0.3125 -0.8618
vn 0.3903 -0.3206 -0.8631
vn 0.3774 -0.3294 -0.8655
vn 0.3602 -0.3386 -0.8692
vn 0.3374 -0.3484 -0.8745
vn 0.3095 -0.3584 -0.8808
vn 0.2782 -0.3688 -0.8869
vn 0.2241 -0.4063 -0.8858
vn 0.0735 -0.5094 -0.8574
vn -0.1448 -0.5770 -0.8038
vn -0.4242 -0.4981 -0.7562
vn -0.6371 -0.3171 -0.7025
vn -0.6994 -0.2052 -0.6846
vn -0.7190 -0.1668 -0.6746
vn -0.7262 -0.1500 -0.6710
vn -0.7303 -0.1352 -0.6697
vn -0.7068 -0.1492 -0.6915
vn -0.5757 -0.2139 -0.7892
vn -0.4555 -0.2549 -0.8530
vn -0.5037 -0.2532 -0.8260
vn 0.5898 -0.2824 -0.7565
vn 0.5480 -0.3056 -0.7787
vn 0.4725 -0.3109 -0.8247
vn 0.2861 -0.3201 -0.9032
vn 0.1718 -0.3359 -0.9261
vn 0.1537 -0.3599 -0.9203
vn 0.1314 -0.3826 -0.9145
vn 0.1143 -0.4019 -0.9085
vn 0.1645 -0.3827 -0.9091
vn 0.2537 -0.3283 -0.9099
vn 0.3548 -0.2980 -0.8862
vn 0.4048 -0.2974 -0.8647
vn 0.3954 -0.3042 -0.8666
vn 0.3824 -0.3116 -0.8699
vn 0.3650 -0.3193 -0.8745
vn 0.3420 -0.3275 -0.8808
vn 0.3140 -0.3361 -0.8879
vn 0.2829 -0.3446 -0.8951
vn 0.2502 -0.3524 -0.9018
vn 0.1465 -0.3756 -0.9151
vn -0.1513 -0.3846 -0.9106
vn -0.5185 -0.2957 -0.8024
vn -0.6914 -0.1953 -0.6956
vn -0.7163 -0.1635 -0.6784
vn -0.7264 -0.1469 -0.6714
vn -0.7331 -0.1318 -0.6672
vn -0.7366 -0.1185 -0.6658
vn -0.6922 -0.1396 -0.7081
vn -0.5565 -0.2024 -0.8059
vn -0.4596 -0.2362 -0.8561
vn -0.5036 -0.2340 -0.8316
vn 0.6141 -0.2667 -0.7428
vn 0.5522 -0.2964 -0.7792
vn 0.4637 -0.3023 -0.8328
vn 0.2813 -0.3022 -0.9108
vn 0.1872 -0.2995 -0.9356
vn 0.1730 -0.3012 -0.9377
vn 0.1554 -0.3085 -0.9385
vn 0.1400 -0.3240 -0.9357
vn 0.1434 -0.3269 -0.9341
vn 0.2308 -0.3068 -0.9234
vn 0.3577 -0.2811 -0.8905
vn 0.4093 -0.2723 -0.8708
vn 0.4045 -0.2832 -0.8696
vn 0.3862 -0.2954 -0.8738
vn 0.3685 -0.3015 -0.8794
vn 0.3454 -0.3081 -0.8864
vn 0.3173 -0.3150 -0.8945
vn 0.2859 -0.3220 -0.9026
vn 0.2525 -0.3286 -0.9101
vn 0.1517 -0.3307 -0.9315
vn -0.1711 -0.3069 -0.9362
vn -0.5564 -0.2274 -0.7992
vn -0.7070 -0.1645 -0.6879
vn -0.7229 -0.1440 -0.6758
vn -0.7328 -0.1294 -0.6680
vn -0.7392 -0.1161 -0.6634
vn -0.7423 -0.1044 -0.6619
vn -0.6765 -0.1307 -0.7248
vn -0.5364 -0.1907 -0.8222
vn -0.4632 -0.2187 -0.8588
vn -0.5053 -0.2153 -0.8357
vn 0.6424 -0.2518 -0.7239
vn 0.5562 -0.2879 -0.7796
vn 0.4563 -0.2935 -0.8400
vn 0.2731 -0.2904 -0.9171
vn 0.1902 -0.2868 -0.9389
vn 0.1756 -0.2887 -0.9412
vn 0.1626 -0.2900 -0.9431
vn 0.1513 -0.2907 -0.9448
vn 0.1417 -0.2907 -0.9462
vn 0.2275 -0.2860 -0.9308
vn 0.3417 -0.2599 -0.9032
vn 0.4038 -0.2269 -0.8863
vn 0.4255 -0.2330 -0.8744
vn 0.3980 -0.2653 -0.8782
vn 0.3724 -0.2828 -0.8839
vn 0.3475 -0.2896 -0.8918
vn 0.3194 -0.2947 -0.9006
vn 0.2877 -0.3000 -0.9095
vn 0.2538 -0.3052 -0.9178
vn 0.1336 -0.3026 -0.9437
vn -0.2056 -0.2658 -0.9419
vn -0.5763 -0.1872 -0.7955
vn -0.7149 -0.1396 -0.6851
vn -0.7286 -0.1263 -0.6732
vn -0.7383 -0.1138 -0.6648
vn -0.7445 -0.1025 -0.6598
vn -0.7471 -0.0925 -0.6582
vn -0.6602 -0.1222 -0.7411
vn -0.5158 -0.1792 -0.8378
vn -0.4665 -0.2024 -0.8611
vn -0.5086 -0.1975 -0.8380
vn 0.6740 -0.2372 -0.6997
vn 0.5600 -0.2794 -0.7800
vn 0.4501 -0.2840 -0.8466
vn 0.2664 -0.2780 -0.9229
vn 0.1936 -0.2741 -0.9420
vn 0.1784 -0.2767 -0.9443
vn 0.1646 -0.2787 -0.9462
vn 0.1526 -0.2801 -0.9478
vn 0.1424 -0.2809 -0.9491
vn 0.2294 -0.2774 -0.9330
vn 0.3317 -0.2756 -0.9022
vn 0.3774 -0.2579 -0.8894
vn 0.4257 -0.2145 -0.8791
vn 0.4243 -0.2184 -0.8788
vn 0.3848 -0.2542 -0.8873
vn 0.3492 -0.2705 -0.8971
vn 0.3202 -0.2748 -0.9066
vn 0.2884 -0.2784 -0.9161
vn 0.2541 -0.2819 -0.9252
vn 0.1057 -0.2748 -0.9557
vn -0.2488 -0.2294 -0.9410
vn -0.5923 -0.1582 -0.7900
vn -0.7195 -0.1210 -0.6839
vn -0.7332 -0.1101 -0.6710
vn -0.7429 -0.0998 -0.6619
vn -0.7488 -0.0905 -0.6566
vn -0.7511 -0.0823 -0.6550
vn -0.6434 -0.1136 -0.7570
vn -0.4951 -0.1669 -0.8527
vn -0.4695 -0.1864 -0.8630
vn -0.5137 -0.1800 -0.8389
vn 0.7081 -0.2225 -0.6702
vn 0.5637 -0.2703 -0.7805
vn 0.4451 -0.2733 -0.8528
vn 0.2613 -0.2646 -0.9283
vn 0.1975 -0.2608 -0.9450
vn 0.1817 -0.2641 -0.9472
vn 0.1674 -0.2669 -0.9491
vn 0.1547 -0.2692 -0.9506
vn 0.1440 -0.2710 -0.9518
vn 0.2288 -0.2681 -0.9358
vn 0.3511 -0.2768 -0.8945
vn 0.3607 -0.2937 -0.8852
vn 0.3799 -0.2590 -0.8880
vn 0.4316 -0.2068 -0.8781
vn 0.4083 -0.2153 -0.8871
vn 0.3570 -0.2444 -0.9016
vn 0.3197 -0.2550 -0.9126
vn 0.2879 -0.2567 -0.9226
vn 0.2532 -0.2585 -0.9322
vn 0.0680 -0.2469 -0.9667
vn -0.2964 -0.1933 -0.9353
vn -0.6038 -0.1309 -0.7863
vn -0.7230 -0.1033 -0.6830
vn -0.7369 -0.0948 -0.6694
vn -0.7465 -0.0869 -0.6597
vn -0.7523 -0.0796 -0.6540
vn -0.7508 -0.0810 -0.6555
vn -0.6261 -0.1192 -0.7706
vn -0.4783 -0.1600 -0.8635
vn -0.4724 -0.1702 -0.8648
vn -0.5207 -0.1621 -0.8382
vn 0.7455 -0.1919 -0.6383
vn 0.5645 -0.2328 -0.7919
vn 0.4414 -0.2111 -0.8721
vn 0.2750 -0.2108 -0.9381
vn 0.2096 -0.2372 -0.9486
vn 0.1858 -0.2506 -0.9501
vn 0.1709 -0.2544 -0.9519
vn 0.1577 -0.2576 -0.9533
vn 0.1463 -0.2604 -0.9544
vn 0.2256 -0.2584 -0.9393
vn 0.3642 -0.2466 -0.8981
vn 0.3808 -0.2631 -0.8865
vn 0.3432 -0.2777 -0.8973
vn 0.3919 -0.2311 -0.8905
vn 0.4248 -0.1965 -0.8837
vn 0.3731 -0.2163 -0.9022
vn 0.3197 -0.2326 -0.9185
vn 0.2861 -0.2345 -0.9291
vn 0.2513 -0.2345 -0.9391
vn 0.0206 -0.2186 -0.9756
vn -0.3474 -0.1577 -0.9244
vn -0.6110 -0.1047 -0.7847
vn -0.7256 -0.0859 -0.6827
vn -0.7395 -0.0800 -0.6683
vn -0.7492 -0.0744 -0.6581
vn -0.7549 -0.0693 -0.6522
vn -0.7425 -0.0819 -0.6648
vn -0.6086 -0.1262 -0.7834
vn -0.4719 -0.1532 -0.8682
vn -0.4752 -0.1533 -0.8664
vn -0.5297 -0.1434 -0.8360
vn 0.7874 -0.1275 -0.6032
vn 0.5595 -0.1729 -0.8106
vn 0.4162 -0.1292 -0.9001
vn 0.3139 -0.1275 -0.9409
vn 0.2438 -0.1926 -0.9505
vn 0.1944 -0.2311 -0.9533
vn 0.1753 -0.2405 -0.9547
vn 0.1615 -0.2447 -0.9560
vn 0.1496 -0.2484 -0.9570
vn 0.2205 -0.2471 -0.9436
vn 0.3577 -0.2352 -0.9037
vn 0.4060 -0.2353 -0.8831
vn 0.3517 -0.2639 -0.8981
vn 0.3453 -0.2618 -0.9013
vn 0.4043 -0.2111 -0.8899
vn 0.3882 -0.1924 -0.9012
vn 0.3233 -0.2074 -0.9233
vn 0.2833 -0.2114 -0.9355
vn 0.2436 -0.2042 -0.9481
vn -0.0356 -0.1764 -0.9837
vn -0.3950 -0.1160 -0.9113
vn -0.6137 -0.0789 -0.7856
vn -0.7272 -0.0685 -0.6830
vn -0.7413 -0.0652 -0.6680
vn -0.7510 -0.0619 -0.6574
vn -0.7566 -0.0590 -0.6512
vn -0.7290 -0.0753 -0.6804
vn -0.5912 -0.1165 -0.7980
vn -0.4732 -0.1369 -0.8703
vn -0.4779 -0.1350 -0.8680
vn -0.5407 -0.1234 -0.8321
vn 0.8256 -0.0563 -0.5615
vn 0.5647 -0.1079 -0.8182
vn 0.3797 -0.0863 -0.9211
vn 0.3492 -0.0747 -0.9341
vn 0.2979 -0.1312 -0.9455
vn 0.2203 -0.1973 -0.9553
vn 0.1805 -0.2244 -0.9576
vn 0.1662 -0.2296 -0.9590
vn 0.1537 -0.2343 -0.9599
vn 0.2140 -0.2334 -0.9485
vn 0.3492 -0.2215 -0.9105
vn 0.4121 -0.2106 -0.8864
vn 0.3831 -0.2273 -0.8953
vn 0.3391 -0.2560 -0.9052
vn 0.3589 -0.2393 -0.9022
vn 0.3789 -0.1958 -0.9045
vn 0.3283 -0.1845 -0.9264
vn 0.2793 -0.1870 -0.9418
vn 0.2157 -0.1623 -0.9629
vn -0.1036 -0.0995 -0.9896
vn -0.4418 -0.0213 -0.8969
vn -0.6073 0.0040 -0.7944
vn -0.7157 -0.0271 -0.6979
vn -0.7421 -0.0497 -0.6685
vn -0.7519 -0.0488 -0.6575
vn -0.7575 -0.0481 -0.6510
vn -0.7125 -0.0691 -0.6982
vn -0.5738 -0.1086 -0.8117
vn -0.4777 -0.1208 -0.8702
vn -0.4806 -0.1148 -0.8694
vn -0.5539 -0.1015 -0.8263
vn 0.8498 -0.0088 -0.5271
vn 0.5823 -0.0516 -0.8113
vn 0.3607 -0.0621 -0.9306
vn 0.3612 -0.0582 -0.9307
vn 0.3442 -0.0843 -0.9351
vn 0.2687 -0.1445 -0.9523
vn 0.1950 -0.1945 -0.9613
vn 0.1719 -0.2111 -0.9622
vn 0.1587 -0.2167 -0.9632
vn 0.2065 -0.2162 -0.9543
vn 0.3389 -0.2044 -0.9183
vn 0.4099 -0.1928 -0.8915
vn 0.3973 -0.1880 -0.8982
vn 0.3642 -0.2023 -0.9091
vn 0.3418 -0.2180 -0.9141
vn 0.3477 -0.1981 -0.9164
vn 0.3224 -0.1709 -0.9311
vn 0.2744 -0.1609 -0.9481
vn 0.1582 -0.1230 -0.9797
vn -0.1997 -0.0196 -0.9797
vn -0.4964 0.0903 -0.8634
vn -0.5911 0.1184 -0.7979
vn -0.6738 0.0572 -0.7367
vn -0.7326 -0.0133 -0.6805
vn -0.7519 -0.0346 -0.6584
vn -0.7467 -0.0580 -0.6627
vn -0.6797 -0.1217 -0.7233
vn -0.5649 -0.1548 -0.8105
vn -0.4961 -0.1210 -0.8598
vn -0.4836 -0.0921 -0.8705
vn -0.5693 -0.0770 -0.8185
vn 0.8589 0.0452 -0.5101
vn 0.6090 0.0218 -0.7929
vn 0.3735 -0.0300 -0.9272
vn 0.3631 -0.0568 -0.9300
vn 0.3660 -0.0650 -0.9284
vn 0.3200 -0.1026 -0.9418
vn 0.2282 -0.1595 -0.9604
vn 0.1784 -0.1886 -0.9657
vn 0.1646 -0.1952 -0.9668
vn 0.1983 -0.1948 -0.9606
vn 0.3276 -0.1836 -0.9268
vn 0.4074 -0.1718 -0.8969
vn 0.3940 -0.1663 -0.9039
vn 0.3769 -0.1601 -0.9123
vn 0.3489 -0.1613 -0.9232
vn 0.3313 -0.1622 -0.9295
vn 0.3065 -0.1495 -0.9401
vn 0.2669 -0.1346 -0.9543
vn 0.0670 -0.0773 -0.9948
vn -0.3268 0.0562 -0.9434
vn -0.5433 0.1562 -0.8249
vn -0.5760 0.1752 -0.7984
vn -0.6216 0.1363 -0.7714
vn -0.6974 0.0544 -0.7146
vn -0.7408 -0.0164 -0.6716
vn -0.7092 -0.0896 -0.6993
vn -0.6285 -0.1837 -0.7559
vn -0.5705 -0.2132 -0.7931
vn -0.5331 -0.1553 -0.8317
vn -0.4982 -0.0889 -0.8625
vn -0.5830 -0.0579 -0.8104
vn 0.8475 0.1227 -0.5164
vn 0.6459 0.1104 -0.7554
vn 0.4268 0.0066 -0.9043
vn 0.3658 -0.0540 -0.9291
vn 0.3716 -0.0587 -0.9265
vn 0.3585 -0.0807 -0.9300
vn 0.2727 -0.1242 -0.9541
vn 0.1904 -0.1578 -0.9689
vn 0.1712 -0.1706 -0.9704
vn 0.1895 -0.1698 -0.9671
vn 0.3152 -0.1593 -0.9356
vn 0.4048 -0.1481 -0.9023
vn 0.3905 -0.1418 -0.9096
vn 0.3725 -0.1347 -0.9182
vn 0.3507 -0.1271 -0.9278
vn 0.3355 -0.1286 -0.9332
vn 0.2978 -0.1354 -0.9450
vn 0.2395 -0.1115 -0.9645
vn -0.0650 -0.0080 -0.9979
vn -0.4501 0.1275 -0.8838
vn -0.5608 0.1896 -0.8060
vn -0.5738 0.1937 -0.7958
vn -0.5896 0.1831 -0.7866
vn -0.6442 0.1242 -0.7547
vn -0.6915 0.0024 -0.7223
vn -0.6503 -0.1239 -0.7495
vn -0.5902 -0.1939 -0.7836
vn -0.5793 -0.2108 -0.7874
vn -0.5668 -0.1867 -0.8024
vn -0.5332 -0.1207 -0.8373
vn -0.5892 -0.0807 -0.8040
vn 0.8252 0.1793 -0.5356
vn 0.6934 0.1699 -0.7002
vn 0.5121 0.0559 -0.8571
vn 0.3798 -0.0340 -0.9244
vn 0.3746 -0.0550 -0.9255
vn 0.3783 -0.0640 -0.9235
vn 0.3127 -0.0888 -0.9457
vn 0.2143 -0.1234 -0.9689
vn 0.1782 -0.1433 -0.9735
vn 0.1801 -0.1419 -0.9734
vn 0.3017 -0.1324 -0.9441
vn 0.4018 -0.1220 -0.9076
vn 0.3868 -0.1145 -0.9150
vn 0.3679 -0.1065 -0.9237
vn 0.3479 -0.1011 -0.9321
vn 0.3486 -0.1077 -0.9311
vn 0.3076 -0.1295 -0.9427
vn 0.1681 -0.0978 -0.9809
vn -0.2060 0.0232 -0.9783
vn -0.5072 0.0946 -0.8566
vn -0.5570 0.0850 -0.8261
vn -0.5703 0.0632 -0.8190
vn -0.5796 0.0457 -0.8137
vn -0.6148 0.0301 -0.7881
vn -0.6478 0.0144 -0.7617
vn -0.6225 0.0044 -0.7826
vn -0.5912 -0.0025 -0.8065
vn -0.5901 -0.0141 -0.8072
vn -0.5864 -0.0276 -0.8095
vn -0.5603 -0.0296 -0.8278
vn -0.5827 -0.0449 -0.8114
vn 0.8045 0.2027 -0.5583
vn 0.7285 0.2091 -0.6524
vn 0.6019 0.1150 -0.7902
vn 0.4253 -0.0017 -0.9050
vn 0.3779 -0.0490 -0.9245
vn 0.3843 -0.0538 -0.9216
vn 0.3444 -0.0696 -0.9362
vn 0.2454 -0.0967 -0.9646
vn 0.1853 -0.1137 -0.9761
vn 0.1746 -0.1160 -0.9778
vn 0.2863 -0.1113 -0.9516
vn 0.3935 -0.0975 -0.9141
vn 0.3828 -0.0844 -0.9199
vn 0.3631 -0.0755 -0.9287
vn 0.3527 -0.0752 -0.9327
vn 0.3622 -0.0832 -0.9284
vn 0.3182 -0.0855 -0.9442
vn 0.0458 -0.0175 -0.9988
vn -0.3064 0.0674 -0.9495
vn -0.4678 0.0425 -0.8828
vn -0.5194 -0.0427 -0.8535
vn -0.5444 -0.0857 -0.8344
vn -0.5667 -0.0976 -0.8181
vn -0.6307 -0.0646 -0.7733
vn -0.6819 0.0314 -0.7308
vn -0.6391 0.1426 -0.7558
vn -0.5824 0.1920 -0.7899
vn -0.5713 0.1855 -0.7995
vn -0.5597 0.1470 -0.8155
vn -0.5508 0.1070 -0.8278
vn -0.5818 0.1233 -0.8040
vn 0.7858 0.2181 -0.5787
vn 0.7416 0.2378 -0.6273
vn 0.6841 0.1671 -0.7100
vn 0.5088 0.0421 -0.8598
vn 0.3879 -0.0318 -0.9212
vn 0.3869 -0.0449 -0.9210
vn 0.3686 -0.0572 -0.9278
vn 0.2728 -0.0729 -0.9593
vn 0.1921 -0.0818 -0.9780
vn 0.1770 -0.0873 -0.9803
vn 0.2692 -0.0871 -0.9591
vn 0.3766 -0.0693 -0.9238
vn 0.3787 -0.0514 -0.9241
vn 0.3636 -0.0487 -0.9303
vn 0.3654 -0.0586 -0.9290
vn 0.3666 -0.0651 -0.9281
vn 0.2713 -0.0128 -0.9624
vn -0.0818 0.1083 -0.9907
vn -0.3434 0.1677 -0.9241
vn -0.4026 0.1362 -0.9052
vn -0.4945 0.0863 -0.8649
vn -0.5546 0.0732 -0.8289
vn -0.5887 0.0844 -0.8039
vn -0.6612 0.0777 -0.7462
vn -0.7199 0.0642 -0.6911
vn -0.6820 0.1085 -0.7232
vn -0.5966 0.1737 -0.7835
vn -0.5524 0.1760 -0.8148
vn -0.5414 0.1540 -0.8266
vn -0.5566 0.1907 -0.8086
vn -0.5922 0.2465 -0.7672
vn 0.7687 0.2335 -0.5955
vn 0.7410 0.2570 -0.6204
vn 0.7305 0.2335 -0.6417
vn 0.6114 0.1372 -0.7793
vn 0.4344 0.0145 -0.9006
vn 0.3865 -0.0289 -0.9218
vn 0.3793 -0.0256 -0.9249
vn 0.2967 -0.0279 -0.9546
vn 0.2044 -0.0413 -0.9780
vn 0.1827 -0.0521 -0.9818
vn 0.2508 -0.0503 -0.9667
vn 0.3562 -0.0349 -0.9338
vn 0.3804 -0.0271 -0.9244
vn 0.3749 -0.0390 -0.9263
vn 0.3746 -0.0487 -0.9259
vn 0.3601 -0.0401 -0.9320
vn 0.1403 0.0448 -0.9891
vn -0.2174 0.1863 -0.9581
vn -0.3497 0.2540 -0.9018
vn -0.4001 0.2784 -0.8732
vn -0.5030 0.3117 -0.8061
vn -0.5609 0.3328 -0.7580
vn -0.5847 0.3344 -0.7391
vn -0.6330 0.2903 -0.7177
vn -0.6900 0.1947 -0.6971
vn -0.6971 0.1263 -0.7058
vn -0.6169 0.1458 -0.7734
vn -0.5435 0.1798 -0.8199
vn -0.5551 0.2262 -0.8004
vn -0.5661 0.2564 -0.7835
vn -0.5949 0.2240 -0.7720
vn 0.7495 0.2612 -0.6083
vn 0.7321 0.2869 -0.6178
vn 0.7312 0.2994 -0.6130
vn 0.6846 0.2683 -0.6778
vn 0.5341 0.1618 -0.8298
vn 0.4010 0.0669 -0.9136
vn 0.3748 0.0540 -0.9255
vn 0.3274 0.0451 -0.9438
vn 0.2365 0.0099 -0.9716
vn 0.1889 -0.0130 -0.9819
vn 0.2371 -0.0176 -0.9713
vn 0.3428 -0.0192 -0.9392
vn 0.3888 -0.0259 -0.9210
vn 0.3842 -0.0315 -0.9227
vn 0.3716 -0.0233 -0.9281
vn 0.3304 0.0150 -0.9437
vn -0.0265 0.1359 -0.9904
vn -0.3403 0.2539 -0.9054
vn -0.3767 0.3298 -0.8656
vn -0.4566 0.3821 -0.8034
vn -0.5269 0.4236 -0.7369
vn -0.5557 0.4306 -0.7112
vn -0.5697 0.4256 -0.7031
vn -0.5887 0.4102 -0.6966
vn -0.6213 0.3580 -0.6970
vn -0.6479 0.2599 -0.7160
vn -0.6143 0.1909 -0.7656
vn -0.5724 0.2304 -0.7869
vn -0.5659 0.2666 -0.7802
vn -0.5542 0.2364 -0.7981
vn -0.5770 0.1979 -0.7924
vn 0.7174 0.3468 -0.6043
vn 0.7098 0.3657 -0.6020
vn 0.7079 0.3778 -0.5968
vn 0.6979 0.3815 -0.6061
vn 0.6243 0.3292 -0.7085
vn 0.4736 0.2149 -0.8541
vn 0.3816 0.1345 -0.9145
vn 0.3570 0.1091 -0.9277
vn 0.2901 0.0746 -0.9541
vn 0.2075 0.0376 -0.9775
vn 0.2396 0.0123 -0.9708
vn 0.3457 -0.0095 -0.9383
vn 0.3923 -0.0153 -0.9197
vn 0.3807 -0.0033 -0.9247
vn 0.3623 0.0131 -0.9320
vn 0.2241 0.1040 -0.9690
vn -0.1895 0.2634 -0.9459
vn -0.4170 0.3468 -0.8402
vn -0.4350 0.4059 -0.8038
vn -0.5058 0.4466 -0.7380
vn -0.5361 0.4560 -0.7104
vn -0.5512 0.4496 -0.7029
vn -0.5628 0.4389 -0.7005
vn -0.5681 0.4162 -0.7100
vn -0.5673 0.3628 -0.7393
vn -0.5655 0.2601 -0.7827
vn -0.6068 0.1862 -0.7727
vn -0.6158 0.2099 -0.7594
vn -0.5564 0.2312 -0.7981
vn -0.5435 0.2194 -0.8103
vn -0.5622 0.2080 -0.8004
vn 0.6881 0.4201 -0.5916
vn 0.6890 0.4260 -0.5864
vn 0.6889 0.4311 -0.5828
vn 0.6864 0.4370 -0.5813
vn 0.6693 0.4231 -0.6108
vn 0.5851 0.3440 -0.7344
vn 0.4526 0.2222 -0.8636
vn 0.3808 0.1520 -0.9121
vn 0.3367 0.1273 -0.9330
vn 0.2497 0.0965 -0.9635
vn 0.2617 0.0539 -0.9636
vn 0.3599 0.0221 -0.9327
vn 0.3872 0.0212 -0.9218
vn 0.3689 0.0409 -0.9286
vn 0.3174 0.1053 -0.9424
vn 0.0172 0.2890 -0.9572
vn -0.3153 0.4038 -0.8588
vn -0.4245 0.4038 -0.8104
vn -0.4833 0.3868 -0.7854
vn -0.5251 0.3894 -0.7567
vn -0.5396 0.3847 -0.7489
vn -0.5519 0.3747 -0.7450
vn -0.5570 0.3571 -0.7498
vn -0.5386 0.3177 -0.7803
vn -0.5069 0.2373 -0.8287
vn -0.5077 0.1609 -0.8464
vn -0.6232 0.1298 -0.7712
vn -0.6434 0.1623 -0.7481
vn -0.5571 0.2141 -0.8024
vn -0.5409 0.2273 -0.8098
vn -0.5532 0.2212 -0.8031
vn 0.6809 0.4321 -0.5914
vn 0.6826 0.4371 -0.5857
vn 0.6821 0.4432 -0.5816
vn 0.6794 0.4505 -0.5792
vn 0.6745 0.4587 -0.5785
vn 0.6506 0.4463 -0.6144
vn 0.5671 0.3716 -0.7351
vn 0.4565 0.2547 -0.8525
vn 0.3793 0.1776 -0.9081
vn 0.2992 0.1458 -0.9430
vn 0.3004 0.1028 -0.9483
vn 0.3677 0.0766 -0.9268
vn 0.3735 0.0985 -0.9224
vn 0.3476 0.1435 -0.9266
vn 0.1668 0.2814 -0.9450
vn -0.1768 0.4457 -0.8775
vn -0.3267 0.4778 -0.8155
vn -0.3761 0.4150 -0.8285
vn -0.4831 0.3476 -0.8036
vn -0.5225 0.3205 -0.7901
vn -0.5355 0.3077 -0.7864
vn -0.5457 0.2944 -0.7846
vn -0.5331 0.2716 -0.8013
vn -0.4862 0.2303 -0.8430
vn -0.4522 0.1909 -0.8712
vn -0.4970 0.1703 -0.8509
vn -0.6377 0.1365 -0.7581
vn -0.6669 0.1451 -0.7309
vn -0.5774 0.2082 -0.7895
vn -0.5379 0.2364 -0.8092
vn -0.5491 0.2343 -0.8023
vn 0.6745 0.4425 -0.5910
vn 0.6757 0.4481 -0.5853
vn 0.6747 0.4554 -0.5809
vn 0.6715 0.4641 -0.5776
vn 0.6665 0.4737 -0.5757
vn 0.6594 0.4841 -0.5752
vn 0.6338 0.4791 -0.6073
vn 0.5675 0.4211 -0.7076
vn 0.4836 0.3056 -0.8202
vn 0.3742 0.2046 -0.9045
vn 0.3333 0.1591 -0.9293
vn 0.3559 0.1662 -0.9196
vn 0.3500 0.2003 -0.9151
vn 0.2752 0.2845 -0.9183
vn -0.0269 0.4417 -0.8968
vn -0.2707 0.5073 -0.8181
vn -0.2727 0.4894 -0.8283
vn -0.3289 0.4396 -0.8358
vn -0.4572 0.3799 -0.8041
vn -0.5148 0.3420 -0.7861
vn -0.5274 0.3272 -0.7841
vn -0.5282 0.3067 -0.7918
vn -0.4882 0.2748 -0.8283
vn -0.4406 0.2397 -0.8651
vn -0.4374 0.2191 -0.8722
vn -0.5046 0.2004 -0.8398
vn -0.6437 0.1594 -0.7485
vn -0.6849 0.1558 -0.7118
vn -0.5996 0.2133 -0.7714
vn -0.5344 0.2470 -0.8083
vn -0.5497 0.2478 -0.7978
vn 0.6677 0.4528 -0.5909
vn 0.6681 0.4595 -0.5852
vn 0.6663 0.4681 -0.5805
vn 0.6626 0.4782 -0.5764
vn 0.6574 0.4892 -0.5731
vn 0.6506 0.5008 -0.5709
vn 0.6456 0.5071 -0.5710
vn 0.6324 0.4939 -0.5968
vn 0.6048 0.4293 -0.6708
vn 0.4960 0.3500 -0.7947
vn 0.3835 0.2860 -0.8781
vn 0.3524 0.2568 -0.9000
vn 0.3153 0.2816 -0.9063
vn 0.1106 0.4156 -0.9028
vn -0.1697 0.5377 -0.8259
vn -0.2502 0.5469 -0.7990
vn -0.2351 0.5162 -0.8236
vn -0.2953 0.4823 -0.8247
vn -0.4217 0.4186 -0.8043
vn -0.5049 0.3676 -0.7810
vn -0.5161 0.3492 -0.7821
vn -0.4926 0.3251 -0.8073
vn -0.4383 0.2939 -0.8494
vn -0.4195 0.2703 -0.8666
vn -0.4303 0.2574 -0.8652
vn -0.5132 0.2306 -0.8267
vn -0.6501 0.1834 -0.7374
vn -0.6956 0.1689 -0.6983
vn -0.6156 0.2163 -0.7578
vn -0.5325 0.2562 -0.8067
vn -0.5550 0.2612 -0.7898
vn 0.6692 0.4287 -0.6070
vn 0.6657 0.4432 -0.6003
vn 0.6607 0.4589 -0.5941
vn 0.6547 0.4754 -0.5876
vn 0.6475 0.4933 -0.5808
vn 0.6483 0.4985 -0.5755
vn 0.6551 0.4852 -0.5792
vn 0.6604 0.4643 -0.5902
vn 0.6569 0.4515 -0.6039
vn 0.5682 0.4820 -0.6669
vn 0.4526 0.4931 -0.7430
vn 0.4109 0.4483 -0.7938
vn 0.2775 0.4636 -0.8415
vn -0.0417 0.5510 -0.8334
vn -0.2220 0.5825 -0.7819
vn -0.2035 0.5700 -0.7961
vn -0.2242 0.5511 -0.8037
vn -0.2661 0.5332 -0.8030
vn -0.3780 0.4784 -0.7926
vn -0.4840 0.4076 -0.7744
vn -0.4948 0.3718 -0.7854
vn -0.4467 0.3505 -0.8232
vn -0.4040 0.3289 -0.8536
vn -0.4102 0.3105 -0.8575
vn -0.4222 0.2973 -0.8564
vn -0.5235 0.2599 -0.8114
vn -0.6580 0.2066 -0.7241
vn -0.6963 0.1852 -0.6935
vn -0.6241 0.2188 -0.7501
vn -0.5346 0.2633 -0.8030
vn -0.5656 0.2719 -0.7786
vn 0.6748 0.3677 -0.6399
vn 0.6675 0.3874 -0.6359
vn 0.6582 0.4090 -0.6320
vn 0.6491 0.4309 -0.6269
vn 0.6392 0.4536 -0.6210
vn 0.6491 0.4598 -0.6060
vn 0.6682 0.4474 -0.5944
vn 0.6691 0.4444 -0.5956
vn 0.6535 0.4647 -0.5975
vn 0.5584 0.5445 -0.6259
vn 0.4547 0.6232 -0.6363
vn 0.4505 0.6383 -0.6241
vn 0.2953 0.6525 -0.6979
vn -0.0611 0.6289 -0.7751
vn -0.2139 0.5844 -0.7827
vn -0.2026 0.5910 -0.7808
vn -0.2271 0.6021 -0.7655
vn -0.2485 0.5962 -0.7634
vn -0.3238 0.5490 -0.7705
vn -0.4380 0.4617 -0.7713
vn -0.4603 0.4056 -0.7897
vn -0.4041 0.3856 -0.8295
vn -0.3878 0.3668 -0.8456
vn -0.4012 0.3523 -0.8455
vn -0.4161 0.3397 -0.8435
vn -0.5375 0.2933 -0.7906
vn -0.6659 0.2329 -0.7088
vn -0.6882 0.2119 -0.6939
vn -0.6247 0.2355 -0.7445
vn -0.5356 0.2783 -0.7973
vn -0.5824 0.2822 -0.7624
vn 0.6698 0.3542 -0.6526
vn 0.6612 0.3706 -0.6523
vn 0.6497 0.3911 -0.6518
vn 0.6391 0.4127 -0.6490
vn 0.6281 0.4343 -0.6457
vn 0.6375 0.4456 -0.6286
vn 0.6623 0.4494 -0.5996
vn 0.6627 0.4654 -0.5867
vn 0.6255 0.5166 -0.5847
vn 0.5097 0.6232 -0.5932
vn 0.4226 0.6856 -0.5927
vn 0.4494 0.6797 -0.5796
vn 0.3472 0.7100 -0.6127
vn -0.0053 0.7469 -0.6649
vn -0.2301 0.7270 -0.6470
vn -0.2440 0.7447 -0.6211
vn -0.2456 0.7641 -0.5965
vn -0.2455 0.7754 -0.5818
vn -0.2745 0.7658 -0.5816
vn -0.3663 0.7113 -0.5999
vn -0.3991 0.6395 -0.6570
vn -0.3541 0.5938 -0.7225
vn -0.3557 0.5434 -0.7604
vn -0.3651 0.4870 -0.7934
vn -0.3990 0.4294 -0.8102
vn -0.5504 0.3444 -0.7606
vn -0.6675 0.2678 -0.6948
vn -0.6770 0.2462 -0.6936
vn -0.6167 0.2673 -0.7404
vn -0.5383 0.3098 -0.7838
vn -0.6128 0.3185 -0.7232
vt 0.608787 0.563829
vt 0.612347 0.563004
vt 0.615096 0.565762
vt 0.610783 0.566367
vt 0.616147 0.562029
vt 0.619510 0.564979
vt 0.620250 0.560898
vt 0.624058 0.564026
vt 0.624533 0.559703
vt 0.628716 0.562978
vt 0.629033 0.558462
vt 0.633546 0.561866
vt 0.633748 0.557192
vt 0.638559 0.560708
vt 0.638677 0.555909
vt 0.643760 0.559524
vt 0.643818 0.554624
vt 0.649160 0.558329
vt 0.649179 0.553340
vt 0.654769 0.557126
vt 0.654770 0.552057
vt 0.660596 0.555915
vt 0.660601 0.550774
vt 0.666654 0.554698
vt 0.666681 0.549491
vt 0.672952 0.553475
vt 0.673019 0.548208
vt 0.679501 0.552246
vt 0.679626 0.546925
vt 0.686312 0.551013
vt 0.686511 0.545641
vt 0.693396 0.549774
vt 0.693690 0.544352
vt 0.700767 0.548529
vt 0.701197 0.543042
vt 0.708460 0.547261
vt 0.709076 0.541691
vt 0.716512 0.545952
vt 0.717368 0.540280
vt 0.724963 0.544584
vt 0.726114 0.538788
vt 0.733850 0.543138
vt 0.735356 0.537196
vt 0.743212 0.541596
vt 0.745137 0.535483
vt 0.753087 0.539939
vt 0.755497 0.533631
vt 0.763514 0.538149
vt 0.766496 0.531613
vt 0.774541 0.536205
vt 0.778263 0.529381
vt 0.786259 0.534069
vt 0.790944 0.526879
vt 0.798771 0.531703
vt 0.804686 0.524053
vt 0.812178 0.529066
vt 0.821105 0.520357
vt 0.827408 0.525843
vt 0.840009 0.515848
vt 0.844138 0.522136
vt 0.858830 0.511382
vt 0.860594 0.518534
vt 0.617593 0.568813
vt 0.612673 0.569250
vt 0.622501 0.568178
vt 0.627448 0.567375
vt 0.632477 0.566461
vt 0.637633 0.565470
vt 0.642935 0.564422
vt 0.648401 0.563337
vt 0.654049 0.562233
vt 0.659891 0.561113
vt 0.665940 0.559980
vt 0.672206 0.558834
vt 0.678702 0.557676
vt 0.685439 0.556508
vt 0.692429 0.555332
vt 0.699683 0.554148
vt 0.707217 0.552954
vt 0.715060 0.551738
vt 0.723245 0.550483
vt 0.731807 0.549172
vt 0.740778 0.547789
vt 0.750191 0.546317
vt 0.760081 0.544740
vt 0.770480 0.543042
vt 0.781423 0.541205
vt 0.792957 0.539208
vt 0.805129 0.537031
vt 0.817986 0.534653
vt 0.831808 0.531974
vt 0.846380 0.529060
vt 0.861009 0.526139
vt 0.619842 0.572163
vt 0.614473 0.572517
vt 0.625157 0.571622
vt 0.630477 0.570936
vt 0.635854 0.570142
vt 0.641318 0.569264
vt 0.646897 0.568322
vt 0.652616 0.567336
vt 0.658499 0.566324
vt 0.664561 0.565290
vt 0.670815 0.564236
vt 0.677272 0.563165
vt 0.683946 0.562078
vt 0.690849 0.560978
vt 0.697993 0.559865
vt 0.705392 0.558743
vt 0.713060 0.557610
vt 0.721021 0.556455
vt 0.729304 0.555264
vt 0.737935 0.554022
vt 0.746942 0.552716
vt 0.756352 0.551332
vt 0.766191 0.549855
vt 0.776488 0.548270
vt 0.787264 0.546567
vt 0.798526 0.544737
vt 0.810272 0.542776
vt 0.822505 0.540678
vt 0.835203 0.538445
vt 0.848266 0.536106
vt 0.861572 0.533696
vt 0.621870 0.575732
vt 0.616148 0.576022
vt 0.627538 0.575282
vt 0.633195 0.574699
vt 0.638881 0.574011
vt 0.644628 0.573237
vt 0.650466 0.572397
vt 0.656423 0.571508
vt 0.662526 0.570588
vt 0.668792 0.569641
vt 0.675233 0.568670
vt 0.681863 0.567678
vt 0.688695 0.566667
vt 0.695743 0.565639
vt 0.703020 0.564597
vt 0.710540 0.563543
vt 0.718316 0.562479
vt 0.726369 0.561393
vt 0.734718 0.560275
vt 0.743385 0.559114
vt 0.752389 0.557896
vt 0.761752 0.556612
vt 0.771493 0.555250
vt 0.781633 0.553797
vt 0.792184 0.552245
vt 0.803129 0.550595
vt 0.814439 0.548852
vt 0.826089 0.547020
vt 0.838043 0.545105
vt 0.850232 0.543126
vt 0.862577 0.541105
vt 0.623723 0.579525
vt 0.617712 0.579765
vt 0.629684 0.579147
vt 0.635626 0.578651
vt 0.641584 0.578055
vt 0.647585 0.577377
vt 0.653660 0.576634
vt 0.659838 0.575840
vt 0.666144 0.575012
vt 0.672596 0.574153
vt 0.679207 0.573267
vt 0.685992 0.572357
vt 0.692964 0.571426
vt 0.700137 0.570476
vt 0.707527 0.569510
vt 0.715145 0.568532
vt 0.723007 0.567542
vt 0.731127 0.566534
vt 0.739517 0.565497
vt 0.748192 0.564424
vt 0.757165 0.563305
vt 0.766449 0.562131
vt 0.776059 0.560893
vt 0.786008 0.559583
vt 0.796301 0.558193
vt 0.806910 0.556729
vt 0.817799 0.555199
vt 0.828931 0.553610
vt 0.840267 0.551971
vt 0.851759 0.550294
vt 0.863354 0.548591
vt 0.625403 0.583518
vt 0.619153 0.583720
vt 0.631606 0.583199
vt 0.637791 0.582776
vt 0.643984 0.582263
vt 0.650211 0.581673
vt 0.656500 0.581021
vt 0.662878 0.580320
vt 0.669368 0.579583
vt 0.675987 0.578812
vt 0.682750 0.578013
vt 0.689671 0.577188
vt 0.696765 0.576340
vt 0.704046 0.575473
vt 0.711528 0.574589
vt 0.719226 0.573692
vt 0.727154 0.572783
vt 0.735319 0.571858
vt 0.743730 0.570909
vt 0.752392 0.569931
vt 0.761314 0.568917
vt 0.770502 0.567859
vt 0.779964 0.566752
vt 0.789707 0.565589
vt 0.799731 0.564366
vt 0.810008 0.563088
vt 0.820503 0.561762
vt 0.831181 0.560396
vt 0.842006 0.558997
vt 0.852943 0.557574
vt 0.863953 0.556135
vt 0.626911 0.587690
vt 0.620464 0.587860
vt 0.633318 0.587419
vt 0.639707 0.587059
vt 0.646103 0.586620
vt 0.652528 0.586113
vt 0.659005 0.585548
vt 0.665560 0.584936
vt 0.672212 0.584287
vt 0.678979 0.583605
vt 0.685874 0.582893
vt 0.692914 0.582155
vt 0.700111 0.581394
vt 0.707482 0.580613
vt 0.715040 0.579816
vt 0.722801 0.579005
vt 0.730777 0.578183
vt 0.738971 0.577347
vt 0.747386 0.576492
vt 0.756022 0.575614
vt 0.764883 0.574708
vt 0.773969 0.573770
vt 0.783282 0.572795
vt 0.792824 0.571779
vt 0.802592 0.570719
vt 0.812561 0.569619
vt 0.822703 0.568485
vt 0.832990 0.567322
vt 0.843391 0.566137
vt 0.853880 0.564934
vt 0.864425 0.563720
vt 0.628249 0.592016
vt 0.621634 0.592158
vt 0.634828 0.591789
vt 0.641391 0.591486
vt 0.647959 0.591115
vt 0.654553 0.590684
vt 0.661193 0.590201
vt 0.667899 0.589675
vt 0.674690 0.589112
vt 0.681583 0.588517
vt 0.688592 0.587894
vt 0.695732 0.587244
vt 0.703017 0.586573
vt 0.710461 0.585882
vt 0.718080 0.585175
vt 0.725887 0.584455
vt 0.733896 0.583725
vt 0.742105 0.582983
vt 0.750513 0.582226
vt 0.759117 0.581451
vt 0.767914 0.580655
vt 0.776903 0.579836
vt 0.786080 0.578991
vt 0.795443 0.578116
vt 0.804986 0.577210
vt 0.814690 0.576277
vt 0.824531 0.575320
vt 0.834487 0.574342
vt 0.844535 0.573349
vt 0.854652 0.572343
vt 0.864814 0.571330
vt 0.629415 0.596477
vt 0.622660 0.596594
vt 0.636138 0.596291
vt 0.642847 0.596040
vt 0.649560 0.595731
vt 0.656295 0.595371
vt 0.663070 0.594966
vt 0.669903 0.594521
vt 0.676812 0.594043
vt 0.683811 0.593535
vt 0.690915 0.592999
vt 0.698138 0.592440
vt 0.705494 0.591860
vt 0.712997 0.591262
vt 0.720662 0.590649
vt 0.728504 0.590025
vt 0.736532 0.589392
vt 0.744746 0.588748
vt 0.753139 0.588092
vt 0.761706 0.587423
vt 0.770442 0.586738
vt 0.779341 0.586038
vt 0.788397 0.585318
vt 0.797606 0.584579
vt 0.806959 0.583820
vt 0.816441 0.583041
vt 0.826033 0.582246
vt 0.835716 0.581438
vt 0.845473 0.580619
vt 0.855285 0.579792
vt 0.865133 0.578960
vt 0.630407 0.601054
vt 0.623538 0.601148
vt 0.637248 0.600904
vt 0.644075 0.600701
vt 0.650907 0.600451
vt 0.657757 0.600158
vt 0.664643 0.599826
vt 0.671581 0.599460
vt 0.678585 0.599064
vt 0.685671 0.598642
vt 0.692852 0.598195
vt 0.700142 0.597727
vt 0.707554 0.597241
vt 0.715104 0.596739
vt 0.722804 0.596223
vt 0.730668 0.595698
vt 0.738707 0.595164
vt 0.746916 0.594622
vt 0.755289 0.594071
vt 0.763819 0.593509
vt 0.772496 0.592938
vt 0.781315 0.592354
vt 0.790268 0.591759
vt 0.799347 0.591151
vt 0.808543 0.590529
vt 0.817844 0.589896
vt 0.827233 0.589252
vt 0.836698 0.588599
vt 0.846221 0.587940
vt 0.855789 0.587275
vt 0.865387 0.586607
vt 0.631223 0.605728
vt 0.624265 0.605800
vt 0.638156 0.605611
vt 0.645078 0.605453
vt 0.652003 0.605257
vt 0.658944 0.605027
vt 0.665918 0.604765
vt 0.672938 0.604476
vt 0.680018 0.604161
vt 0.687172 0.603823
vt 0.694414 0.603466
vt 0.701756 0.603090
vt 0.709212 0.602699
vt 0.716796 0.602295
vt 0.724520 0.601880
vt 0.732398 0.601456
vt 0.740440 0.601025
vt 0.748640 0.600587
vt 0.756990 0.600143
vt 0.765483 0.599692
vt 0.774108 0.599234
vt 0.782858 0.598768
vt 0.791724 0.598294
vt 0.800697 0.597813
vt 0.809768 0.597323
vt 0.818927 0.596826
vt 0.828159 0.596323
vt 0.837453 0.595814
vt 0.846796 0.595302
vt 0.856177 0.594786
vt 0.865582 0.594269
vt 0.631862 0.610478
vt 0.624836 0.610531
vt 0.638864 0.610393
vt 0.645856 0.610277
vt 0.652850 0.610133
vt 0.659860 0.609962
vt 0.666900 0.609768
vt 0.673981 0.609553
vt 0.681118 0.609318
vt 0.688324 0.609065
vt 0.695611 0.608797
vt 0.702992 0.608515
vt 0.710480 0.608220
vt 0.718087 0.607915
vt 0.725827 0.607602
vt 0.733712 0.607282
vt 0.741751 0.606957
vt 0.749940 0.606626
vt 0.758268 0.606292
vt 0.766727 0.605952
vt 0.775308 0.605608
vt 0.784002 0.605258
vt 0.792799 0.604905
vt 0.801690 0.604546
vt 0.810667 0.604183
vt 0.819719 0.603816
vt 0.828834 0.603446
vt 0.838003 0.603073
vt 0.847215 0.602697
vt 0.856459 0.602320
vt 0.865724 0.601941
vt 0.632320 0.615287
vt 0.625248 0.615321
vt 0.639370 0.615231
vt 0.646410 0.615155
vt 0.653452 0.615060
vt 0.660509 0.614947
vt 0.667594 0.614819
vt 0.674718 0.614676
vt 0.681894 0.614520
vt 0.689135 0.614352
vt 0.696453 0.614173
vt 0.703860 0.613984
vt 0.711369 0.613787
vt 0.718992 0.613583
vt 0.726741 0.613374
vt 0.734628 0.613159
vt 0.742663 0.612942
vt 0.750839 0.612720
vt 0.759148 0.612496
vt 0.767581 0.612269
vt 0.776127 0.612039
vt 0.784778 0.611807
vt 0.793526 0.611572
vt 0.802359 0.611334
vt 0.811270 0.611094
vt 0.820249 0.610852
vt 0.829285 0.610609
vt 0.838370 0.610364
vt 0.847494 0.610118
vt 0.856646 0.609871
vt 0.865818 0.609623
vt 0.632597 0.620134
vt 0.625498 0.620151
vt 0.639674 0.620106
vt 0.646742 0.620068
vt 0.653812 0.620021
vt 0.660896 0.619965
vt 0.668006 0.619902
vt 0.675155 0.619830
vt 0.682354 0.619752
vt 0.689615 0.619668
vt 0.696951 0.619579
vt 0.704373 0.619485
vt 0.711894 0.619386
vt 0.719524 0.619284
vt 0.727277 0.619179
vt 0.735165 0.619071
vt 0.743195 0.618962
vt 0.751362 0.618851
vt 0.759658 0.618739
vt 0.768072 0.618625
vt 0.776596 0.618510
vt 0.785221 0.618394
vt 0.793938 0.618276
vt 0.802736 0.618158
vt 0.811609 0.618039
vt 0.820546 0.617919
vt 0.829537 0.617798
vt 0.838575 0.617676
vt 0.847649 0.617555
vt 0.856751 0.617433
vt 0.865871 0.617310
vt 0.632690 0.625000
vt 0.625582 0.625000
vt 0.639776 0.625000
vt 0.646852 0.625000
vt 0.653931 0.625000
vt 0.661024 0.625000
vt 0.668142 0.625000
vt 0.675299 0.625000
vt 0.682505 0.625000
vt 0.689773 0.625000
vt 0.697115 0.625000
vt 0.704542 0.625000
vt 0.712066 0.625000
vt 0.719699 0.625000
vt 0.727453 0.625000
vt 0.735340 0.625000
vt 0.743368 0.625000
vt 0.751531 0.625000
vt 0.759821 0.625000
vt 0.768229 0.625000
vt 0.776746 0.625000
vt 0.785361 0.625000
vt 0.794067 0.625000
vt 0.802855 0.625000
vt 0.811715 0.625000
vt 0.820638 0.625000
vt 0.829616 0.625000
vt 0.838638 0.625000
vt 0.847697 0.625000
vt 0.856783 0.625000
vt 0.865887 0.625000
vt 0.632597 0.629866
vt 0.625498 0.629849
vt 0.639674 0.629894
vt 0.646742 0.629932
vt 0.653812 0.629979
vt 0.660896 0.630035
vt 0.668006 0.630098
vt 0.675155 0.630170
vt 0.682354 0.630248
vt 0.689615 0.630332
vt 0.696951 0.630421
vt 0.704373 0.630516
vt 0.711894 0.630614
vt 0.719524 0.630716
vt 0.727277 0.630821
vt 0.735165 0.630929
vt 0.743195 0.631038
vt 0.751362 0.631149
vt 0.759658 0.631261
vt 0.768072 0.631375
vt 0.776596 0.631490
vt 0.785221 0.631606
vt 0.793937 0.631724
vt 0.802736 0.631842
vt 0.811609 0.631961
vt 0.820545 0.632081
vt 0.829537 0.632202
vt 0.838575 0.632324
vt 0.847649 0.632445
vt 0.856751 0.632568
vt 0.865871 0.632690
vt 0.632321 0.634713
vt 0.625248 0.634679
vt 0.639370 0.634769
vt 0.646410 0.634846
vt 0.653452 0.634940
vt 0.660509 0.635053
vt 0.667594 0.635181
vt 0.674718 0.635324
vt 0.681894 0.635480
vt 0.689135 0.635648
vt 0.696453 0.635827
vt 0.703861 0.636016
vt 0.711369 0.636213
vt 0.718992 0.636417
vt 0.726741 0.636626
vt 0.734628 0.636841
vt 0.742663 0.637058
vt 0.750840 0.637280
vt 0.759148 0.637504
vt 0.767581 0.637731
vt 0.776127 0.637961
vt 0.784778 0.638193
vt 0.793526 0.638428
vt 0.802359 0.638666
vt 0.811270 0.638906
vt 0.820249 0.639148
vt 0.829285 0.639391
vt 0.838370 0.639636
vt 0.847494 0.639883
vt 0.856647 0.640130
vt 0.865818 0.640377
vt 0.631862 0.639522
vt 0.624836 0.639469
vt 0.638864 0.639607
vt 0.645856 0.639723
vt 0.652850 0.639868
vt 0.659860 0.640038
vt 0.666900 0.640232
vt 0.673981 0.640447
vt 0.681118 0.640682
vt 0.688324 0.640935
vt 0.695611 0.641203
vt 0.702992 0.641486
vt 0.710480 0.641780
vt 0.718087 0.642085
vt 0.725827 0.642398
vt 0.733712 0.642718
vt 0.741751 0.643044
vt 0.749940 0.643374
vt 0.758268 0.643708
vt 0.766727 0.644048
vt 0.775308 0.644393
vt 0.784002 0.644742
vt 0.792799 0.645095
vt 0.801690 0.645454
vt 0.810667 0.645817
vt 0.819719 0.646184
vt 0.828834 0.646554
vt 0.838003 0.646927
vt 0.847215 0.647303
vt 0.856459 0.647680
vt 0.865724 0.648059
vt 0.631223 0.644272
vt 0.624265 0.644200
vt 0.638156 0.644389
vt 0.645078 0.644547
vt 0.652003 0.644743
vt 0.658944 0.644973
vt 0.665918 0.645235
vt 0.672938 0.645524
vt 0.680018 0.645839
vt 0.687172 0.646177
vt 0.694414 0.646534
vt 0.701756 0.646910
vt 0.709212 0.647301
vt 0.716796 0.647705
vt 0.724520 0.648121
vt 0.732398 0.648545
vt 0.740440 0.648975
vt 0.748640 0.649413
vt 0.756990 0.649857
vt 0.765483 0.650308
vt 0.774108 0.650766
vt 0.782858 0.651232
vt 0.791724 0.651706
vt 0.800697 0.652188
vt 0.809768 0.652677
vt 0.818927 0.653174
vt 0.828159 0.653678
vt 0.837453 0.654186
vt 0.846796 0.654698
vt 0.856177 0.655214
vt 0.865582 0.655731
vt 0.630407 0.648946
vt 0.623538 0.648852
vt 0.637247 0.649096
vt 0.644075 0.649299
vt 0.650907 0.649549
vt 0.657757 0.649842
vt 0.664643 0.650174
vt 0.671581 0.650540
vt 0.678585 0.650936
vt 0.685671 0.651359
vt 0.692852 0.651805
vt 0.700142 0.652273
vt 0.707554 0.652759
vt 0.715104 0.653262
vt 0.722804 0.653777
vt 0.730668 0.654302
vt 0.738707 0.654836
vt 0.746916 0.655378
vt 0.755289 0.655930
vt 0.763819 0.656491
vt 0.772496 0.657062
vt 0.781315 0.657646
vt 0.790268 0.658241
vt 0.799346 0.658849
vt 0.808543 0.659471
vt 0.817844 0.660105
vt 0.827233 0.660749
vt 0.836698 0.661401
vt 0.846221 0.662060
vt 0.855789 0.662725
vt 0.865387 0.663393
vt 0.629415 0.653523
vt 0.622660 0.653406
vt 0.636138 0.653710
vt 0.642847 0.653960
vt 0.649560 0.654269
vt 0.656295 0.654629
vt 0.663070 0.655034
vt 0.669903 0.655479
vt 0.676812 0.655957
vt 0.683811 0.656466
vt 0.690915 0.657001
vt 0.698138 0.657560
vt 0.705494 0.658140
vt 0.712997 0.658738
vt 0.720662 0.659351
vt 0.728504 0.659975
vt 0.736532 0.660609
vt 0.744746 0.661252
vt 0.753139 0.661908
vt 0.761706 0.662577
vt 0.770442 0.663262
vt 0.779341 0.663963
vt 0.788397 0.664682
vt 0.797606 0.665421
vt 0.806959 0.666181
vt 0.816441 0.666959
vt 0.826033 0.667754
vt 0.835716 0.668562
vt 0.845473 0.669381
vt 0.855285 0.670208
vt 0.865133 0.671040
vt 0.628249 0.657984
vt 0.621634 0.657842
vt 0.634828 0.658211
vt 0.641391 0.658514
vt 0.647959 0.658885
vt 0.654553 0.659316
vt 0.661193 0.659799
vt 0.667899 0.660325
vt 0.674690 0.660888
vt 0.681583 0.661483
vt 0.688592 0.662106
vt 0.695732 0.662756
vt 0.703017 0.663428
vt 0.710461 0.664119
vt 0.718080 0.664825
vt 0.725887 0.665545
vt 0.733896 0.666275
vt 0.742105 0.667017
vt 0.750513 0.667774
vt 0.759117 0.668549
vt 0.767914 0.669345
vt 0.776903 0.670164
vt 0.786080 0.671009
vt 0.795443 0.671884
vt 0.804986 0.672790
vt 0.814690 0.673723
vt 0.824531 0.674681
vt 0.834487 0.675658
vt 0.844535 0.676651
vt 0.854652 0.677657
vt 0.864814 0.678670
vt 0.626911 0.662310
vt 0.620464 0.662140
vt 0.633318 0.662581
vt 0.639707 0.662941
vt 0.646103 0.663380
vt 0.652528 0.663887
vt 0.659005 0.664452
vt 0.665560 0.665064
vt 0.672212 0.665713
vt 0.678979 0.666395
vt 0.685874 0.667107
vt 0.692914 0.667845
vt 0.700111 0.668606
vt 0.707482 0.669387
vt 0.715040 0.670184
vt 0.722801 0.670995
vt 0.730776 0.671817
vt 0.738971 0.672653
vt 0.747385 0.673508
vt 0.756022 0.674386
vt 0.764883 0.675292
vt 0.773969 0.676230
vt 0.783282 0.677205
vt 0.792824 0.678221
vt 0.802592 0.679281
vt 0.812561 0.680381
vt 0.822703 0.681515
vt 0.832990 0.682678
vt 0.843391 0.683864
vt 0.853880 0.685066
vt 0.864425 0.686280
vt 0.625403 0.666482
vt 0.619153 0.666280
vt 0.631606 0.666801
vt 0.637791 0.667225
vt 0.643984 0.667738
vt 0.650211 0.668327
vt 0.656500 0.668979
vt 0.662878 0.669680
vt 0.669368 0.670418
vt 0.675987 0.671188
vt 0.682750 0.671987
vt 0.689671 0.672812
vt 0.696765 0.673660
vt 0.704046 0.674528
vt 0.711528 0.675411
vt 0.719226 0.676308
vt 0.727154 0.677217
vt 0.735319 0.678142
vt 0.743730 0.679091
vt 0.752392 0.680069
vt 0.761314 0.681083
vt 0.770502 0.682141
vt 0.779964 0.683248
vt 0.789707 0.684411
vt 0.799731 0.685634
vt 0.810008 0.686912
vt 0.820503 0.688238
vt 0.831181 0.689604
vt 0.842006 0.691003
vt 0.852943 0.692426
vt 0.863953 0.693865
vt 0.623723 0.670476
vt 0.617712 0.670235
vt 0.629684 0.670853
vt 0.635626 0.671349
vt 0.641584 0.671945
vt 0.647586 0.672623
vt 0.653660 0.673367
vt 0.659838 0.674160
vt 0.666144 0.674989
vt 0.672596 0.675847
vt 0.679207 0.676733
vt 0.685992 0.677643
vt 0.692964 0.678574
vt 0.700137 0.679524
vt 0.707527 0.680490
vt 0.715145 0.681468
vt 0.723007 0.682458
vt 0.731127 0.683466
vt 0.739517 0.684503
vt 0.748192 0.685576
vt 0.757165 0.686695
vt 0.766449 0.687869
vt 0.776059 0.689107
vt 0.786008 0.690417
vt 0.796301 0.691807
vt 0.806910 0.693271
vt 0.817799 0.694801
vt 0.828931 0.696390
vt 0.840267 0.698029
vt 0.851759 0.699706
vt 0.863353 0.701409
vt 0.621870 0.674269
vt 0.616148 0.673978
vt 0.627538 0.674718
vt 0.633195 0.675301
vt 0.638881 0.675989
vt 0.644628 0.676763
vt 0.650466 0.677604
vt 0.656423 0.678492
vt 0.662526 0.679412
vt 0.668792 0.680359
vt 0.675233 0.681330
vt 0.681863 0.682322
vt 0.688695 0.683333
vt 0.695743 0.684361
vt 0.703020 0.685403
vt 0.710540 0.686457
vt 0.718316 0.687521
vt 0.726369 0.688607
vt 0.734718 0.689725
vt 0.743385 0.690887
vt 0.752389 0.692104
vt 0.761752 0.693388
vt 0.771493 0.694750
vt 0.781633 0.696203
vt 0.792184 0.697755
vt 0.803129 0.699405
vt 0.814439 0.701148
vt 0.826089 0.702980
vt 0.838043 0.704895
vt 0.850232 0.706874
vt 0.862577 0.708895
vt 0.619842 0.677838
vt 0.614473 0.677483
vt 0.625157 0.678378
vt 0.630477 0.679064
vt 0.635854 0.679858
vt 0.641318 0.680736
vt 0.646897 0.681678
vt 0.652616 0.682664
vt 0.658500 0.683676
vt 0.664561 0.684710
vt 0.670815 0.685764
vt 0.677272 0.686835
vt 0.683946 0.687922
vt 0.690849 0.689022
vt 0.697993 0.690135
vt 0.705392 0.691257
vt 0.713059 0.692390
vt 0.721021 0.693545
vt 0.729304 0.694736
vt 0.737935 0.695978
vt 0.746942 0.697284
vt 0.756352 0.698668
vt 0.766191 0.700146
vt 0.776488 0.701730
vt 0.787264 0.703433
vt 0.798526 0.705263
vt 0.810272 0.707224
vt 0.822505 0.709322
vt 0.835203 0.711555
vt 0.848266 0.713894
vt 0.861572 0.716304
vt 0.617593 0.681187
vt 0.612673 0.680750
vt 0.622501 0.681822
vt 0.627448 0.682625
vt 0.632477 0.683539
vt 0.637633 0.684530
vt 0.642935 0.685578
vt 0.648401 0.686663
vt 0.654049 0.687767
vt 0.659891 0.688887
vt 0.665940 0.690020
vt 0.672206 0.691166
vt 0.678702 0.692324
vt 0.685439 0.693492
vt 0.692429 0.694668
vt 0.699683 0.695853
vt 0.707217 0.697046
vt 0.715060 0.698262
vt 0.723245 0.699517
vt 0.731807 0.700828
vt 0.740778 0.702211
vt 0.750191 0.703683
vt 0.760081 0.705260
vt 0.770479 0.706958
vt 0.781423 0.708795
vt 0.792957 0.710792
vt 0.805129 0.712969
vt 0.817986 0.715347
vt 0.831808 0.718026
vt 0.846380 0.720940
vt 0.861009 0.723861
vt 0.615096 0.684238
vt 0.610783 0.683633
vt 0.619510 0.685020
vt 0.624058 0.685974
vt 0.628716 0.687022
vt 0.633546 0.688134
vt 0.638559 0.689292
vt 0.643760 0.690476
vt 0.649160 0.691671
vt 0.654768 0.692874
vt 0.660596 0.694085
vt 0.666654 0.695302
vt 0.672952 0.696525
vt 0.679501 0.697754
vt 0.686312 0.698987
vt 0.693396 0.700226
vt 0.700767 0.701471
vt 0.708460 0.702739
vt 0.716512 0.704048
vt 0.724963 0.705416
vt 0.733850 0.706862
vt 0.743212 0.708404
vt 0.753087 0.710061
vt 0.763514 0.711851
vt 0.774541 0.713796
vt 0.786259 0.715931
vt 0.798771 0.718298
vt 0.812178 0.720934
vt 0.827408 0.724157
vt 0.844138 0.727864
vt 0.860594 0.731466
vt 0.612347 0.686996
vt 0.608787 0.686171
vt 0.616147 0.687971
vt 0.620251 0.689102
vt 0.624533 0.690298
vt 0.629033 0.691538
vt 0.633748 0.692808
vt 0.638677 0.694091
vt 0.643818 0.695376
vt 0.649179 0.696660
vt 0.654770 0.697944
vt 0.660601 0.699226
vt 0.666681 0.700509
vt 0.673019 0.701792
vt 0.679626 0.703075
vt 0.686511 0.704360
vt 0.693690 0.705648
vt 0.701197 0.706958
vt 0.709076 0.708309
vt 0.717368 0.709720
vt 0.726114 0.711212
vt 0.735356 0.712804
vt 0.745137 0.714517
vt 0.755497 0.716369
vt 0.766496 0.718387
vt 0.778263 0.720619
vt 0.790944 0.723121
vt 0.804686 0.725947
vt 0.821105 0.729643
vt 0.840009 0.734152
vt 0.858830 0.738618
vt 0.604167 0.562500
vt 0.606682 0.561481
vt 0.605310 0.564592
vt 0.609401 0.560416
vt 0.612454 0.559269
vt 0.615969 0.558000
vt 0.619890 0.556645
vt 0.624065 0.555270
vt 0.628484 0.553886
vt 0.633134 0.552503
vt 0.638008 0.551131
vt 0.643110 0.549770
vt 0.648450 0.548418
vt 0.654036 0.547075
vt 0.659876 0.545739
vt 0.665980 0.544410
vt 0.672356 0.543085
vt 0.679012 0.541763
vt 0.685964 0.540441
vt 0.693248 0.539100
vt 0.700907 0.537721
vt 0.708984 0.536282
vt 0.717523 0.534764
vt 0.726566 0.533145
vt 0.736155 0.531406
vt 0.746335 0.529526
vt 0.757168 0.527477
vt 0.768799 0.525206
vt 0.781393 0.522650
vt 0.795115 0.519750
vt 0.812002 0.515816
vt 0.832462 0.510708
vt 0.854221 0.505184
vt 0.875000 0.500000
vt 0.875000 0.507812
vt 0.875000 0.515625
vt 0.875000 0.523438
vt 0.875000 0.531250
vt 0.875000 0.539062
vt 0.875000 0.546875
vt 0.875000 0.554688
vt 0.875000 0.562500
vt 0.875000 0.570313
vt 0.875000 0.578125
vt 0.875000 0.585938
vt 0.875000 0.593750
vt 0.875000 0.601563
vt 0.875000 0.609375
vt 0.875000 0.617188
vt 0.875000 0.625000
vt 0.875000 0.632813
vt 0.875000 0.640625
vt 0.875000 0.648438
vt 0.875000 0.656250
vt 0.875000 0.664063
vt 0.875000 0.671875
vt 0.875000 0.679688
vt 0.875000 0.687500
vt 0.875000 0.695312
vt 0.875000 0.703125
vt 0.875000 0.710938
vt 0.875000 0.718750
vt 0.875000 0.726563
vt 0.875000 0.734375
vt 0.875000 0.742188
vt 0.875000 0.750000
vt 0.854221 0.744816
vt 0.832462 0.739292
vt 0.812002 0.734184
vt 0.795115 0.730250
vt 0.781393 0.727350
vt 0.768799 0.724794
vt 0.757168 0.722523
vt 0.746335 0.720474
vt 0.736155 0.718594
vt 0.726566 0.716855
vt 0.717523 0.715236
vt 0.708984 0.713718
vt 0.700907 0.712279
vt 0.693248 0.710900
vt 0.685964 0.709559
vt 0.679012 0.708237
vt 0.672356 0.706915
vt 0.665980 0.705590
vt 0.659876 0.704261
vt 0.654036 0.702925
vt 0.648450 0.701582
vt 0.643110 0.700230
vt 0.638008 0.698869
vt 0.633134 0.697497
vt 0.628484 0.696114
vt 0.624065 0.694730
vt 0.619890 0.693355
vt 0.615969 0.692000
vt 0.612454 0.690731
vt 0.609401 0.689584
vt 0.606682 0.688519
vt 0.605310 0.685408
vt 0.604167 0.687500
vt 0.606475 0.683093
vt 0.607692 0.680447
vt 0.608994 0.677356
vt 0.610331 0.673876
vt 0.611617 0.670150
vt 0.612831 0.666210
vt 0.613952 0.662081
vt 0.614963 0.657793
vt 0.615856 0.653366
vt 0.616625 0.648820
vt 0.617266 0.644175
vt 0.617772 0.639451
vt 0.618141 0.634667
vt 0.618365 0.629843
vt 0.618441 0.625000
vt 0.618365 0.620157
vt 0.618141 0.615333
vt 0.617772 0.610549
vt 0.617265 0.605825
vt 0.616625 0.601180
vt 0.615856 0.596634
vt 0.614963 0.592207
vt 0.613952 0.587919
vt 0.612831 0.583791
vt 0.611617 0.579850
vt 0.610331 0.576125
vt 0.608994 0.572644
vt 0.607692 0.569553
vt 0.606475 0.566907
vt 0.141170 0.511382
vt 0.159991 0.515848
vt 0.155862 0.522136
vt 0.139406 0.518534
vt 0.178895 0.520357
vt 0.172592 0.525843
vt 0.195314 0.524053
vt 0.187822 0.529066
vt 0.209056 0.526879
vt 0.201229 0.531703
vt 0.221737 0.529381
vt 0.213741 0.534069
vt 0.233504 0.531613
vt 0.225460 0.536205
vt 0.244503 0.533631
vt 0.236486 0.538149
vt 0.254863 0.535483
vt 0.246913 0.539939
vt 0.264644 0.537196
vt 0.256788 0.541596
vt 0.273886 0.538788
vt 0.266150 0.543138
vt 0.282632 0.540280
vt 0.275037 0.544584
vt 0.290924 0.541691
vt 0.283488 0.545952
vt 0.298803 0.543042
vt 0.291540 0.547261
vt 0.306310 0.544352
vt 0.299233 0.548529
vt 0.313489 0.545641
vt 0.306604 0.549774
vt 0.320374 0.546925
vt 0.313688 0.551013
vt 0.326981 0.548208
vt 0.320499 0.552247
vt 0.333319 0.549491
vt 0.327048 0.553475
vt 0.339399 0.550774
vt 0.333346 0.554698
vt 0.345230 0.552057
vt 0.339404 0.555915
vt 0.350821 0.553340
vt 0.345232 0.557125
vt 0.356182 0.554624
vt 0.350840 0.558329
vt 0.361323 0.555909
vt 0.356240 0.559524
vt 0.366252 0.557192
vt 0.361442 0.560708
vt 0.370967 0.558462
vt 0.366454 0.561866
vt 0.375467 0.559703
vt 0.371284 0.562978
vt 0.379750 0.560898
vt 0.375942 0.564026
vt 0.383853 0.562029
vt 0.380490 0.564979
vt 0.387653 0.563004
vt 0.384904 0.565762
vt 0.391213 0.563830
vt 0.389217 0.566367
vt 0.153620 0.529060
vt 0.138991 0.526139
vt 0.168192 0.531974
vt 0.182015 0.534653
vt 0.194871 0.537031
vt 0.207043 0.539208
vt 0.218577 0.541205
vt 0.229521 0.543042
vt 0.239919 0.544740
vt 0.249809 0.546317
vt 0.259222 0.547789
vt 0.268193 0.549172
vt 0.276755 0.550483
vt 0.284940 0.551738
vt 0.292783 0.552954
vt 0.300317 0.554148
vt 0.307571 0.555332
vt 0.314561 0.556508
vt 0.321298 0.557676
vt 0.327794 0.558834
vt 0.334060 0.559980
vt 0.340109 0.561113
vt 0.345951 0.562233
vt 0.351599 0.563338
vt 0.357065 0.564422
vt 0.362367 0.565470
vt 0.367523 0.566461
vt 0.372552 0.567375
vt 0.377499 0.568178
vt 0.382408 0.568813
vt 0.387327 0.569250
vt 0.151734 0.536106
vt 0.138428 0.533696
vt 0.164797 0.538445
vt 0.177496 0.540678
vt 0.189728 0.542776
vt 0.201475 0.544737
vt 0.212736 0.546567
vt 0.223512 0.548270
vt 0.233809 0.549855
vt 0.243648 0.551332
vt 0.253058 0.552716
vt 0.262065 0.554022
vt 0.270696 0.555264
vt 0.278979 0.556455
vt 0.286941 0.557610
vt 0.294608 0.558743
vt 0.302007 0.559865
vt 0.309152 0.560978
vt 0.316054 0.562078
vt 0.322728 0.563165
vt 0.329185 0.564236
vt 0.335439 0.565290
vt 0.341501 0.566324
vt 0.347384 0.567336
vt 0.353103 0.568322
vt 0.358682 0.569264
vt 0.364146 0.570143
vt 0.369523 0.570936
vt 0.374843 0.571622
vt 0.380158 0.572163
vt 0.385527 0.572517
vt 0.149768 0.543126
vt 0.137423 0.541105
vt 0.161957 0.545105
vt 0.173911 0.547020
vt 0.185561 0.548852
vt 0.196871 0.550595
vt 0.207816 0.552245
vt 0.218367 0.553797
vt 0.228507 0.555250
vt 0.238248 0.556612
vt 0.247611 0.557896
vt 0.256615 0.559114
vt 0.265282 0.560275
vt 0.273631 0.561393
vt 0.281684 0.562479
vt 0.289460 0.563543
vt 0.296980 0.564597
vt 0.304257 0.565639
vt 0.311305 0.566667
vt 0.318137 0.567678
vt 0.324767 0.568670
vt 0.331208 0.569641
vt 0.337474 0.570588
vt 0.343577 0.571508
vt 0.349534 0.572397
vt 0.355372 0.573237
vt 0.361119 0.574011
vt 0.366805 0.574699
vt 0.372462 0.575282
vt 0.378130 0.575732
vt 0.383852 0.576022
vt 0.148241 0.550294
vt 0.136647 0.548591
vt 0.159733 0.551971
vt 0.171069 0.553610
vt 0.182201 0.555199
vt 0.193090 0.556729
vt 0.203699 0.558193
vt 0.213992 0.559583
vt 0.223941 0.560893
vt 0.233551 0.562131
vt 0.242835 0.563305
vt 0.251808 0.564424
vt 0.260483 0.565497
vt 0.268873 0.566534
vt 0.276993 0.567542
vt 0.284855 0.568532
vt 0.292474 0.569510
vt 0.299863 0.570476
vt 0.307036 0.571426
vt 0.314009 0.572357
vt 0.320793 0.573267
vt 0.327404 0.574153
vt 0.333856 0.575012
vt 0.340162 0.575840
vt 0.346340 0.576634
vt 0.352415 0.577377
vt 0.358416 0.578055
vt 0.364374 0.578651
vt 0.370317 0.579147
vt 0.376277 0.579525
vt 0.382288 0.579765
vt 0.147058 0.557574
vt 0.136047 0.556135
vt 0.157994 0.558997
vt 0.168819 0.560396
vt 0.179497 0.561762
vt 0.189992 0.563088
vt 0.200269 0.564366
vt 0.210293 0.565589
vt 0.220036 0.566752
vt 0.229498 0.567859
vt 0.238686 0.568917
vt 0.247608 0.569931
vt 0.256270 0.570909
vt 0.264681 0.571858
vt 0.272846 0.572783
vt 0.280774 0.573692
vt 0.288472 0.574589
vt 0.295955 0.575473
vt 0.303235 0.576340
vt 0.310329 0.577188
vt 0.317250 0.578013
vt 0.324013 0.578812
vt 0.330632 0.579582
vt 0.337122 0.580320
vt 0.343500 0.581021
vt 0.349789 0.581673
vt 0.356016 0.582262
vt 0.362209 0.582776
vt 0.368394 0.583199
vt 0.374597 0.583518
vt 0.380847 0.583720
vt 0.146120 0.564934
vt 0.135575 0.563720
vt 0.156609 0.566136
vt 0.167010 0.567322
vt 0.177297 0.568485
vt 0.187439 0.569619
vt 0.197408 0.570719
vt 0.207176 0.571779
vt 0.216718 0.572795
vt 0.226031 0.573770
vt 0.235117 0.574708
vt 0.243978 0.575614
vt 0.252615 0.576492
vt 0.261029 0.577347
vt 0.269224 0.578183
vt 0.277199 0.579005
vt 0.284960 0.579816
vt 0.292518 0.580613
vt 0.299889 0.581394
vt 0.307086 0.582155
vt 0.314126 0.582893
vt 0.321021 0.583605
vt 0.327788 0.584287
vt 0.334441 0.584936
vt 0.340995 0.585548
vt 0.347473 0.586113
vt 0.353898 0.586620
vt 0.360293 0.587059
vt 0.366682 0.587419
vt 0.373089 0.587690
vt 0.379536 0.587860
vt 0.145348 0.572343
vt 0.135186 0.571330
vt 0.155465 0.573349
vt 0.165513 0.574342
vt 0.175469 0.575319
vt 0.185310 0.576277
vt 0.195014 0.577211
vt 0.204557 0.578116
vt 0.213920 0.578991
vt 0.223097 0.579836
vt 0.232086 0.580655
vt 0.240883 0.581451
vt 0.249487 0.582226
vt 0.257895 0.582983
vt 0.266104 0.583725
vt 0.274113 0.584455
vt 0.281920 0.585175
vt 0.289539 0.585882
vt 0.296983 0.586573
vt 0.304268 0.587244
vt 0.311408 0.587894
vt 0.318417 0.588517
vt 0.325310 0.589112
vt 0.332101 0.589675
vt 0.338807 0.590201
vt 0.345447 0.590684
vt 0.352041 0.591115
vt 0.358609 0.591486
vt 0.365173 0.591789
vt 0.371751 0.592016
vt 0.378366 0.592158
vt 0.144715 0.579792
vt 0.134867 0.578960
vt 0.154527 0.580619
vt 0.164284 0.581438
vt 0.173967 0.582246
vt 0.183559 0.583041
vt 0.193041 0.583820
vt 0.202394 0.584579
vt 0.211603 0.585318
vt 0.220659 0.586037
vt 0.229558 0.586738
vt 0.238294 0.587423
vt 0.246861 0.588092
vt 0.255254 0.588748
vt 0.263468 0.589392
vt 0.271496 0.590025
vt 0.279338 0.590649
vt 0.287003 0.591262
vt 0.294507 0.591860
vt 0.301863 0.592440
vt 0.309085 0.592999
vt 0.316189 0.593535
vt 0.323188 0.594043
vt 0.330097 0.594521
vt 0.336930 0.594966
vt 0.343705 0.595371
vt 0.350440 0.595731
vt 0.357153 0.596040
vt 0.363862 0.596291
vt 0.370585 0.596477
vt 0.377340 0.596594
vt 0.144211 0.587275
vt 0.134613 0.586607
vt 0.153779 0.587940
vt 0.163303 0.588599
vt 0.172767 0.589252
vt 0.182156 0.589896
vt 0.191457 0.590529
vt 0.200654 0.591151
vt 0.209733 0.591759
vt 0.218685 0.592354
vt 0.227504 0.592938
vt 0.236182 0.593509
vt 0.244711 0.594071
vt 0.253084 0.594622
vt 0.261294 0.595164
vt 0.269332 0.595698
vt 0.277197 0.596223
vt 0.284896 0.596739
vt 0.292446 0.597241
vt 0.299858 0.597727
vt 0.307148 0.598195
vt 0.314329 0.598642
vt 0.321415 0.599064
vt 0.328419 0.599460
vt 0.335357 0.599826
vt 0.342243 0.600158
vt 0.349094 0.600451
vt 0.355925 0.600701
vt 0.362753 0.600904
vt 0.369593 0.601054
vt 0.376462 0.601148
vt 0.143823 0.594786
vt 0.134418 0.594269
vt 0.153204 0.595302
vt 0.162547 0.595814
vt 0.171841 0.596323
vt 0.181074 0.596826
vt 0.190232 0.597323
vt 0.199303 0.597812
vt 0.208276 0.598294
vt 0.217142 0.598768
vt 0.225892 0.599234
vt 0.234517 0.599692
vt 0.243010 0.600143
vt 0.251360 0.600588
vt 0.259561 0.601025
vt 0.267602 0.601456
vt 0.275480 0.601879
vt 0.283204 0.602295
vt 0.290788 0.602699
vt 0.298244 0.603090
vt 0.305586 0.603466
vt 0.312828 0.603823
vt 0.319982 0.604161
vt 0.327062 0.604476
vt 0.334082 0.604765
vt 0.341056 0.605027
vt 0.347998 0.605257
vt 0.354922 0.605453
vt 0.361844 0.605611
vt 0.368777 0.605728
vt 0.375735 0.605800
vt 0.143541 0.602320
vt 0.134276 0.601942
vt 0.152785 0.602697
vt 0.161997 0.603073
vt 0.171166 0.603446
vt 0.180281 0.603816
vt 0.189333 0.604183
vt 0.198310 0.604546
vt 0.207201 0.604905
vt 0.215999 0.605258
vt 0.224692 0.605608
vt 0.233273 0.605952
vt 0.241732 0.606292
vt 0.250060 0.606626
vt 0.258249 0.606957
vt 0.266288 0.607282
vt 0.274173 0.607602
vt 0.281913 0.607915
vt 0.289520 0.608220
vt 0.297008 0.608515
vt 0.304389 0.608797
vt 0.311676 0.609065
vt 0.318882 0.609318
vt 0.326019 0.609553
vt 0.333100 0.609768
vt 0.340140 0.609962
vt 0.347150 0.610133
vt 0.354144 0.610277
vt 0.361136 0.610393
vt 0.368138 0.610478
vt 0.375164 0.610531
vt 0.143354 0.609871
vt 0.134182 0.609623
vt 0.152506 0.610118
vt 0.161630 0.610364
vt 0.170715 0.610609
vt 0.179751 0.610852
vt 0.188730 0.611094
vt 0.197641 0.611334
vt 0.206475 0.611572
vt 0.215222 0.611807
vt 0.223873 0.612039
vt 0.232419 0.612269
vt 0.240852 0.612496
vt 0.249161 0.612720
vt 0.257337 0.612942
vt 0.265372 0.613159
vt 0.273259 0.613374
vt 0.281008 0.613583
vt 0.288631 0.613787
vt 0.296140 0.613984
vt 0.303547 0.614173
vt 0.310865 0.614352
vt 0.318106 0.614520
vt 0.325282 0.614676
vt 0.332406 0.614819
vt 0.339491 0.614947
vt 0.346548 0.615060
vt 0.353590 0.615155
vt 0.360630 0.615231
vt 0.367680 0.615287
vt 0.374752 0.615321
vt 0.143249 0.617432
vt 0.134129 0.617310
vt 0.152351 0.617555
vt 0.161425 0.617676
vt 0.170463 0.617798
vt 0.179455 0.617919
vt 0.188391 0.618039
vt 0.197264 0.618158
vt 0.206063 0.618276
vt 0.214779 0.618394
vt 0.223404 0.618510
vt 0.231928 0.618625
vt 0.240343 0.618739
vt 0.248638 0.618851
vt 0.256805 0.618962
vt 0.264835 0.619071
vt 0.272723 0.619179
vt 0.280476 0.619284
vt 0.288106 0.619386
vt 0.295627 0.619485
vt 0.303049 0.619579
vt 0.310385 0.619668
vt 0.317646 0.619752
vt 0.324845 0.619830
vt 0.331994 0.619902
vt 0.339104 0.619965
vt 0.346188 0.620021
vt 0.353258 0.620068
vt 0.360326 0.620106
vt 0.367403 0.620134
vt 0.374502 0.620151
vt 0.143217 0.625000
vt 0.134113 0.625000
vt 0.152303 0.625000
vt 0.161362 0.625000
vt 0.170385 0.625000
vt 0.179362 0.625000
vt 0.188285 0.625000
vt 0.197145 0.625000
vt 0.205933 0.625000
vt 0.214639 0.625000
vt 0.223255 0.625000
vt 0.231771 0.625000
vt 0.240179 0.625000
vt 0.248469 0.625000
vt 0.256633 0.625000
vt 0.264661 0.625000
vt 0.272547 0.625000
vt 0.280301 0.625000
vt 0.287934 0.625000
vt 0.295458 0.625000
vt 0.302885 0.625000
vt 0.310227 0.625000
vt 0.317495 0.625000
vt 0.324701 0.625000
vt 0.331858 0.625000
vt 0.338976 0.625000
vt 0.346069 0.625000
vt 0.353148 0.625000
vt 0.360224 0.625000
vt 0.367310 0.625000
vt 0.374418 0.625000
vt 0.143249 0.632568
vt 0.134129 0.632690
vt 0.152351 0.632445
vt 0.161425 0.632324
vt 0.170463 0.632202
vt 0.179455 0.632081
vt 0.188391 0.631961
vt 0.197264 0.631842
vt 0.206063 0.631724
vt 0.214779 0.631606
vt 0.223404 0.631490
vt 0.231928 0.631375
vt 0.240343 0.631261
vt 0.248638 0.631149
vt 0.256805 0.631038
vt 0.264835 0.630929
vt 0.272723 0.630821
vt 0.280476 0.630716
vt 0.288106 0.630614
vt 0.295627 0.630515
vt 0.303049 0.630421
vt 0.310385 0.630332
vt 0.317646 0.630248
vt 0.324845 0.630170
vt 0.331994 0.630098
vt 0.339104 0.630035
vt 0.346188 0.629979
vt 0.353258 0.629932
vt 0.360326 0.629894
vt 0.367403 0.629866
vt 0.374502 0.629849
vt 0.143354 0.640130
vt 0.134182 0.640377
vt 0.152506 0.639882
vt 0.161630 0.639636
vt 0.170715 0.639391
vt 0.179751 0.639148
vt 0.188730 0.638906
vt 0.197641 0.638666
vt 0.206475 0.638428
vt 0.215222 0.638193
vt 0.223873 0.637961
vt 0.232419 0.637731
vt 0.240852 0.637504
vt 0.249161 0.637280
vt 0.257337 0.637058
vt 0.265372 0.636841
vt 0.273259 0.636626
vt 0.281008 0.636416
vt 0.288631 0.636213
vt 0.296140 0.636016
vt 0.303547 0.635827
vt 0.310865 0.635648
vt 0.318106 0.635480
vt 0.325282 0.635324
vt 0.332406 0.635181
vt 0.339491 0.635053
vt 0.346548 0.634940
vt 0.353590 0.634846
vt 0.360630 0.634769
vt 0.367680 0.634713
vt 0.374752 0.634679
vt 0.143541 0.647680
vt 0.134276 0.648059
vt 0.152785 0.647303
vt 0.161997 0.646927
vt 0.171166 0.646554
vt 0.180281 0.646184
vt 0.189333 0.645817
vt 0.198310 0.645454
vt 0.207201 0.645095
vt 0.215999 0.644742
vt 0.224692 0.644392
vt 0.233273 0.644048
vt 0.241732 0.643708
vt 0.250060 0.643374
vt 0.258249 0.643043
vt 0.266288 0.642718
vt 0.274173 0.642398
vt 0.281913 0.642085
vt 0.289520 0.641780
vt 0.297008 0.641486
vt 0.304389 0.641203
vt 0.311676 0.640935
vt 0.318882 0.640682
vt 0.326019 0.640447
vt 0.333101 0.640232
vt 0.340140 0.640038
vt 0.347150 0.639868
vt 0.354144 0.639723
vt 0.361136 0.639607
vt 0.368138 0.639522
vt 0.375164 0.639469
vt 0.143823 0.655214
vt 0.134418 0.655731
vt 0.153204 0.654698
vt 0.162547 0.654186
vt 0.171841 0.653678
vt 0.181074 0.653174
vt 0.190232 0.652677
vt 0.199303 0.652188
vt 0.208276 0.651706
vt 0.217142 0.651232
vt 0.225892 0.650766
vt 0.234517 0.650308
vt 0.243010 0.649857
vt 0.251360 0.649413
vt 0.259561 0.648975
vt 0.267602 0.648544
vt 0.275480 0.648121
vt 0.283204 0.647705
vt 0.290788 0.647301
vt 0.298244 0.646910
vt 0.305586 0.646534
vt 0.312828 0.646177
vt 0.319982 0.645839
vt 0.327062 0.645525
vt 0.334082 0.645235
vt 0.341056 0.644973
vt 0.347998 0.644743
vt 0.354922 0.644547
vt 0.361844 0.644389
vt 0.368777 0.644272
vt 0.375735 0.644200
vt 0.144211 0.662725
vt 0.134613 0.663393
vt 0.153779 0.662060
vt 0.163303 0.661401
vt 0.172767 0.660748
vt 0.182156 0.660105
vt 0.191457 0.659471
vt 0.200654 0.658849
vt 0.209733 0.658241
vt 0.218685 0.657646
vt 0.227504 0.657062
vt 0.236182 0.656491
vt 0.244711 0.655930
vt 0.253084 0.655378
vt 0.261294 0.654836
vt 0.269332 0.654302
vt 0.277197 0.653777
vt 0.284896 0.653262
vt 0.292446 0.652759
vt 0.299858 0.652273
vt 0.307148 0.651805
vt 0.314329 0.651359
vt 0.321415 0.650936
vt 0.328419 0.650540
vt 0.335357 0.650174
vt 0.342243 0.649842
vt 0.349094 0.649549
vt 0.355925 0.649299
vt 0.362753 0.649096
vt 0.369593 0.648946
vt 0.376462 0.648852
vt 0.144715 0.670208
vt 0.134867 0.671040
vt 0.154527 0.669381
vt 0.164284 0.668562
vt 0.173967 0.667754
vt 0.183559 0.666959
vt 0.193041 0.666181
vt 0.202394 0.665421
vt 0.211603 0.664682
vt 0.220659 0.663963
vt 0.229558 0.663262
vt 0.238294 0.662577
vt 0.246861 0.661908
vt 0.255254 0.661252
vt 0.263468 0.660609
vt 0.271496 0.659975
vt 0.279338 0.659351
vt 0.287003 0.658738
vt 0.294507 0.658140
vt 0.301863 0.657560
vt 0.309085 0.657001
vt 0.316189 0.656466
vt 0.323188 0.655957
vt 0.330097 0.655479
vt 0.336930 0.655034
vt 0.343705 0.654629
vt 0.350440 0.654269
vt 0.357153 0.653960
vt 0.363862 0.653710
vt 0.370585 0.653523
vt 0.377340 0.653406
vt 0.145348 0.677657
vt 0.135186 0.678670
vt 0.155465 0.676651
vt 0.165513 0.675658
vt 0.175469 0.674681
vt 0.185310 0.673723
vt 0.195014 0.672790
vt 0.204557 0.671884
vt 0.213920 0.671009
vt 0.223097 0.670164
vt 0.232086 0.669345
vt 0.240883 0.668549
vt 0.249487 0.667774
vt 0.257895 0.667017
vt 0.266104 0.666275
vt 0.274113 0.665545
vt 0.281920 0.664825
vt 0.289539 0.664118
vt 0.296984 0.663428
vt 0.304268 0.662756
vt 0.311408 0.662106
vt 0.318417 0.661483
vt 0.325310 0.660888
vt 0.332102 0.660325
vt 0.338807 0.659799
vt 0.345447 0.659316
vt 0.352041 0.658885
vt 0.358609 0.658514
vt 0.365173 0.658211
vt 0.371751 0.657984
vt 0.378366 0.657842
vt 0.146120 0.685066
vt 0.135575 0.686280
vt 0.156609 0.683864
vt 0.167010 0.682678
vt 0.177297 0.681515
vt 0.187439 0.680381
vt 0.197408 0.679281
vt 0.207176 0.678221
vt 0.216718 0.677205
vt 0.226031 0.676230
vt 0.235117 0.675292
vt 0.243978 0.674386
vt 0.252615 0.673508
vt 0.261029 0.672653
vt 0.269224 0.671817
vt 0.277199 0.670995
vt 0.284960 0.670184
vt 0.292518 0.669387
vt 0.299889 0.668606
vt 0.307086 0.667845
vt 0.314126 0.667107
vt 0.321021 0.666395
vt 0.327788 0.665713
vt 0.334441 0.665064
vt 0.340995 0.664452
vt 0.347473 0.663887
vt 0.353898 0.663380
vt 0.360293 0.662941
vt 0.366682 0.662581
vt 0.373089 0.662310
vt 0.379536 0.662140
vt 0.147058 0.692426
vt 0.136047 0.693865
vt 0.157994 0.691003
vt 0.168819 0.689604
vt 0.179497 0.688238
vt 0.189992 0.686912
vt 0.200269 0.685634
vt 0.210293 0.684411
vt 0.220036 0.683248
vt 0.229498 0.682141
vt 0.238686 0.681083
vt 0.247608 0.680069
vt 0.256270 0.679091
vt 0.264681 0.678142
vt 0.272846 0.677217
vt 0.280774 0.676308
vt 0.288472 0.675411
vt 0.295955 0.674528
vt 0.303235 0.673660
vt 0.310329 0.672812
vt 0.317250 0.671987
vt 0.324013 0.671188
vt 0.330632 0.670418
vt 0.337122 0.669680
vt 0.343500 0.668979
vt 0.349789 0.668327
vt 0.356017 0.667738
vt 0.362209 0.667225
vt 0.368394 0.666801
vt 0.374597 0.666482
vt 0.380847 0.666280
vt 0.148241 0.699706
vt 0.136647 0.701409
vt 0.159733 0.698029
vt 0.171069 0.696390
vt 0.182201 0.694801
vt 0.193090 0.693271
vt 0.203699 0.691807
vt 0.213992 0.690417
vt 0.223941 0.689107
vt 0.233551 0.687869
vt 0.242835 0.686695
vt 0.251808 0.685576
vt 0.260483 0.684503
vt 0.268873 0.683466
vt 0.276993 0.682458
vt 0.284855 0.681468
vt 0.292474 0.680490
vt 0.299863 0.679524
vt 0.307036 0.678574
vt 0.314009 0.677643
vt 0.320793 0.676733
vt 0.327404 0.675847
vt 0.333856 0.674989
vt 0.340162 0.674160
vt 0.346340 0.673366
vt 0.352415 0.672623
vt 0.358416 0.671945
vt 0.364374 0.671349
vt 0.370317 0.670853
vt 0.376277 0.670476
vt 0.382288 0.670235
vt 0.149768 0.706874
vt 0.137423 0.708895
vt 0.161957 0.704895
vt 0.173911 0.702980
vt 0.185561 0.701148
vt 0.196871 0.699405
vt 0.207816 0.697755
vt 0.218367 0.696203
vt 0.228507 0.694750
vt 0.238248 0.693388
vt 0.247611 0.692104
vt 0.256615 0.690887
vt 0.265282 0.689725
vt 0.273631 0.688607
vt 0.281684 0.687521
vt 0.289460 0.686457
vt 0.296980 0.685403
vt 0.304257 0.684361
vt 0.311305 0.683333
vt 0.318137 0.682322
vt 0.324767 0.681330
vt 0.331208 0.680359
vt 0.337474 0.679412
vt 0.343577 0.678492
vt 0.349534 0.677604
vt 0.355372 0.676763
vt 0.361119 0.675989
vt 0.366805 0.675301
vt 0.372462 0.674718
vt 0.378130 0.674269
vt 0.383852 0.673978
vt 0.151734 0.713894
vt 0.138428 0.716304
vt 0.164797 0.711555
vt 0.177496 0.709322
vt 0.189728 0.707224
vt 0.201475 0.705263
vt 0.212736 0.703433
vt 0.223512 0.701730
vt 0.233809 0.700145
vt 0.243648 0.698668
vt 0.253058 0.697284
vt 0.262065 0.695978
vt 0.270696 0.694736
vt 0.278979 0.693545
vt 0.286941 0.692390
vt 0.294608 0.691257
vt 0.302007 0.690135
vt 0.309152 0.689022
vt 0.316054 0.687922
vt 0.322728 0.686835
vt 0.329185 0.685764
vt 0.335439 0.684710
vt 0.341501 0.683676
vt 0.347384 0.682664
vt 0.353103 0.681678
vt 0.358682 0.680736
vt 0.364146 0.679858
vt 0.369523 0.679064
vt 0.374843 0.678378
vt 0.380158 0.677838
vt 0.385527 0.677483
vt 0.153620 0.720940
vt 0.138991 0.723861
vt 0.168192 0.718026
vt 0.182015 0.715347
vt 0.194871 0.712969
vt 0.207043 0.710792
vt 0.218577 0.708796
vt 0.229521 0.706958
vt 0.239919 0.705260
vt 0.249809 0.703683
vt 0.259222 0.702211
vt 0.268193 0.700828
vt 0.276755 0.699517
vt 0.284940 0.698262
vt 0.292783 0.697046
vt 0.300317 0.695853
vt 0.307571 0.694668
vt 0.314561 0.693492
vt 0.321298 0.692324
vt 0.327794 0.691167
vt 0.334060 0.690020
vt 0.340109 0.688887
vt 0.345951 0.687767
vt 0.351599 0.686663
vt 0.357065 0.685578
vt 0.362367 0.684530
vt 0.367523 0.683539
vt 0.372552 0.682625
vt 0.377499 0.681822
vt 0.382408 0.681187
vt 0.387327 0.680750
vt 0.155862 0.727864
vt 0.139406 0.731466
vt 0.172592 0.724157
vt 0.187822 0.720934
vt 0.201229 0.718298
vt 0.213741 0.715931
vt 0.225459 0.713796
vt 0.236486 0.711851
vt 0.246913 0.710061
vt 0.256788 0.708404
vt 0.266150 0.706862
vt 0.275037 0.705416
vt 0.283488 0.704048
vt 0.291540 0.702739
vt 0.299233 0.701471
vt 0.306604 0.700226
vt 0.313688 0.698987
vt 0.320499 0.697754
vt 0.327048 0.696525
vt 0.333346 0.695302
vt 0.339404 0.694085
vt 0.345232 0.692875
vt 0.350840 0.691671
vt 0.356240 0.690476
vt 0.361442 0.689292
vt 0.366454 0.688134
vt 0.371284 0.687022
vt 0.375942 0.685974
vt 0.380490 0.685021
vt 0.384904 0.684238
vt 0.389217 0.683633
vt 0.159991 0.734152
vt 0.141170 0.738618
vt 0.178895 0.729643
vt 0.195314 0.725947
vt 0.209056 0.723121
vt 0.221737 0.720619
vt 0.233504 0.718387
vt 0.244503 0.716369
vt 0.254863 0.714517
vt 0.264644 0.712804
vt 0.273886 0.711212
vt 0.282633 0.709720
vt 0.290924 0.708309
vt 0.298803 0.706958
vt 0.306310 0.705648
vt 0.313489 0.704360
vt 0.320374 0.703075
vt 0.326981 0.701792
vt 0.333319 0.700509
vt 0.339399 0.699226
vt 0.345230 0.697944
vt 0.350821 0.696660
vt 0.356182 0.695377
vt 0.361323 0.694092
vt 0.366252 0.692808
vt 0.370967 0.691538
vt 0.375467 0.690298
vt 0.379750 0.689102
vt 0.383853 0.687972
vt 0.387653 0.686996
vt 0.391213 0.686171
vt 0.125000 0.500000
vt 0.145779 0.505184
vt 0.125000 0.507812
vt 0.167538 0.510708
vt 0.187998 0.515816
vt 0.204885 0.519750
vt 0.218607 0.522650
vt 0.231201 0.525206
vt 0.242832 0.527477
vt 0.253665 0.529526
vt 0.263845 0.531406
vt 0.273435 0.533145
vt 0.282477 0.534764
vt 0.291016 0.536282
vt 0.299093 0.537721
vt 0.306752 0.539100
vt 0.314036 0.540441
vt 0.320988 0.541763
vt 0.327644 0.543085
vt 0.334020 0.544410
vt 0.340124 0.545739
vt 0.345964 0.547075
vt 0.351550 0.548418
vt 0.356890 0.549770
vt 0.361992 0.551131
vt 0.366866 0.552503
vt 0.371516 0.553886
vt 0.375935 0.555270
vt 0.380110 0.556645
vt 0.384031 0.558000
vt 0.387546 0.559269
vt 0.390599 0.560416
vt 0.393318 0.561481
vt 0.395833 0.562500
vt 0.394690 0.564592
vt 0.393525 0.566907
vt 0.392308 0.569553
vt 0.391006 0.572644
vt 0.389670 0.576125
vt 0.388384 0.579850
vt 0.387169 0.583791
vt 0.386048 0.587919
vt 0.385037 0.592207
vt 0.384144 0.596634
vt 0.383375 0.601180
vt 0.382735 0.605825
vt 0.382228 0.610549
vt 0.381859 0.615333
vt 0.381635 0.620157
vt 0.381559 0.625000
vt 0.381635 0.629843
vt 0.381859 0.634667
vt 0.382228 0.639451
vt 0.382735 0.644175
vt 0.383375 0.648820
vt 0.384144 0.653366
vt 0.385037 0.657793
vt 0.386048 0.662081
vt 0.387169 0.666210
vt 0.388384 0.670150
vt 0.389670 0.673876
vt 0.391006 0.677356
vt 0.392308 0.680447
vt 0.393525 0.683093
vt 0.394690 0.685408
vt 0.395833 0.687500
vt 0.393318 0.688519
vt 0.390599 0.689584
vt 0.387546 0.690731
vt 0.384031 0.692000
vt 0.380110 0.693355
vt 0.375935 0.694730
vt 0.371516 0.696114
vt 0.366866 0.697497
vt 0.361992 0.698869
vt 0.356890 0.700230
vt 0.351550 0.701582
vt 0.345964 0.702925
vt 0.340124 0.704261
vt 0.334020 0.705590
vt 0.327644 0.706915
vt 0.320988 0.708237
vt 0.314036 0.709559
vt 0.306752 0.710900
vt 0.299093 0.712279
vt 0.291016 0.713718
vt 0.282477 0.715236
vt 0.273435 0.716855
vt 0.263845 0.718594
vt 0.253665 0.720474
vt 0.242832 0.722523
vt 0.231201 0.724794
vt 0.218607 0.727350
vt 0.204885 0.730250
vt 0.187998 0.734184
vt 0.167538 0.739292
vt 0.145779 0.744816
vt 0.125000 0.742188
vt 0.125000 0.750000
vt 0.125000 0.734375
vt 0.125000 0.726563
vt 0.125000 0.718750
vt 0.125000 0.710938
vt 0.125000 0.703125
vt 0.125000 0.695312
vt 0.125000 0.687500
vt 0.125000 0.679688
vt 0.125000 0.671875
vt 0.125000 0.664063
vt 0.125000 0.656250
vt 0.125000 0.648438
vt 0.125000 0.640625
vt 0.125000 0.632813
vt 0.125000 0.625000
vt 0.125000 0.617188
vt 0.125000 0.609375
vt 0.125000 0.601563
vt 0.125000 0.593750
vt 0.125000 0.585938
vt 0.125000 0.578125
vt 0.125000 0.570313
vt 0.125000 0.562500
vt 0.125000 0.554688
vt 0.125000 0.546875
vt 0.125000 0.539062
vt 0.125000 0.531250
vt 0.125000 0.523438
vt 0.125000 0.515625
vt 0.148438 0.507813
vt 0.148438 0.515625
vt 0.171875 0.515625
vt 0.171875 0.507812
vt 0.148438 0.523438
vt 0.171875 0.523438
vt 0.148438 0.531250
vt 0.171875 0.531250
vt 0.148438 0.539062
vt 0.171875 0.539063
vt 0.148438 0.546875
vt 0.171875 0.546875
vt 0.148438 0.554688
vt 0.171875 0.554688
vt 0.148438 0.562500
vt 0.171875 0.562500
vt 0.148438 0.570313
vt 0.171875 0.570313
vt 0.148437 0.578125
vt 0.171875 0.578125
vt 0.148438 0.585938
vt 0.171875 0.585938
vt 0.148438 0.593750
vt 0.171875 0.593750
vt 0.148438 0.601563
vt 0.171875 0.601562
vt 0.148438 0.609375
vt 0.171875 0.609375
vt 0.148438 0.617188
vt 0.171875 0.617188
vt 0.148438 0.625000
vt 0.171875 0.625000
vt 0.148438 0.632812
vt 0.171875 0.632813
vt 0.148437 0.640625
vt 0.171875 0.640625
vt 0.148438 0.648438
vt 0.171875 0.648438
vt 0.148438 0.656250
vt 0.171875 0.656250
vt 0.148438 0.664063
vt 0.171875 0.664063
vt 0.148438 0.671875
vt 0.171875 0.671875
vt 0.148438 0.679687
vt 0.171875 0.679688
vt 0.148438 0.687500
vt 0.171875 0.687500
vt 0.148438 0.695312
vt 0.171875 0.695313
vt 0.148438 0.703125
vt 0.171875 0.703125
vt 0.148438 0.710938
vt 0.171875 0.710938
vt 0.148438 0.718750
vt 0.171875 0.718750
vt 0.148438 0.726562
vt 0.171875 0.726563
vt 0.148438 0.734375
vt 0.171875 0.734375
vt 0.148438 0.742188
vt 0.171875 0.742188
vt 0.195313 0.515625
vt 0.195312 0.507813
vt 0.195312 0.523438
vt 0.195313 0.531250
vt 0.195312 0.539062
vt 0.195313 0.546875
vt 0.195312 0.554688
vt 0.195313 0.562500
vt 0.195313 0.570312
vt 0.195313 0.578125
vt 0.195313 0.585938
vt 0.195313 0.593750
vt 0.195313 0.601563
vt 0.195313 0.609375
vt 0.195313 0.617188
vt 0.195313 0.625000
vt 0.195313 0.632813
vt 0.195313 0.640625
vt 0.195313 0.648438
vt 0.195313 0.656250
vt 0.195313 0.664063
vt 0.195313 0.671875
vt 0.195313 0.679688
vt 0.195313 0.687500
vt 0.195312 0.695312
vt 0.195313 0.703125
vt 0.195312 0.710938
vt 0.195313 0.718750
vt 0.195312 0.726562
vt 0.195313 0.734375
vt 0.195312 0.742188
vt 0.218750 0.515625
vt 0.218750 0.507813
vt 0.218750 0.523438
vt 0.218750 0.531250
vt 0.218750 0.539062
vt 0.218750 0.546875
vt 0.218750 0.554688
vt 0.218750 0.562500
vt 0.218750 0.570313
vt 0.218750 0.578125
vt 0.218750 0.585938
vt 0.218750 0.593750
vt 0.218750 0.601563
vt 0.218750 0.609375
vt 0.218750 0.617188
vt 0.218750 0.625000
vt 0.218750 0.632813
vt 0.218750 0.640625
vt 0.218750 0.648438
vt 0.218750 0.656250
vt 0.218750 0.664063
vt 0.218750 0.671875
vt 0.218750 0.679688
vt 0.218750 0.687500
vt 0.218750 0.695312
vt 0.218750 0.703125
vt 0.218750 0.710938
vt 0.218750 0.718750
vt 0.218750 0.726563
vt 0.218750 0.734375
vt 0.218750 0.742188
vt 0.242188 0.515625
vt 0.242188 0.507813
vt 0.242188 0.523438
vt 0.242188 0.531250
vt 0.242188 0.539062
vt 0.242188 0.546875
vt 0.242188 0.554688
vt 0.242188 0.562500
vt 0.242188 0.570312
vt 0.242188 0.578125
vt 0.242188 0.585938
vt 0.242188 0.593750
vt 0.242188 0.601562
vt 0.242188 0.609375
vt 0.242187 0.617188
vt 0.242188 0.625000
vt 0.242188 0.632813
vt 0.242188 0.640625
vt 0.242188 0.648438
vt 0.242188 0.656250
vt 0.242188 0.664062
vt 0.242188 0.671875
vt 0.242187 0.679688
vt 0.242188 0.687500
vt 0.242188 0.695313
vt 0.242188 0.703125
vt 0.242188 0.710938
vt 0.242188 0.718750
vt 0.242188 0.726562
vt 0.242188 0.734375
vt 0.242188 0.742188
vt 0.265625 0.515625
vt 0.265625 0.507813
vt 0.265625 0.523438
vt 0.265625 0.531250
vt 0.265625 0.539062
vt 0.265625 0.546875
vt 0.265625 0.554688
vt 0.265625 0.562500
vt 0.265625 0.570313
vt 0.265625 0.578125
vt 0.265625 0.585938
vt 0.265625 0.593750
vt 0.265625 0.601563
vt 0.265625 0.609375
vt 0.265625 0.617188
vt 0.265625 0.625000
vt 0.265625 0.632813
vt 0.265625 0.640625
vt 0.265625 0.648438
vt 0.265625 0.656250
vt 0.265625 0.664063
vt 0.265625 0.671875
vt 0.265625 0.679688
vt 0.265625 0.687500
vt 0.265625 0.695313
vt 0.265625 0.703125
vt 0.265625 0.710938
vt 0.265625 0.718750
vt 0.265625 0.726563
vt 0.265625 0.734375
vt 0.265625 0.742188
vt 0.289063 0.515625
vt 0.289063 0.507813
vt 0.289062 0.523438
vt 0.289063 0.531250
vt 0.289063 0.539063
vt 0.289063 0.546875
vt 0.289062 0.554688
vt 0.289062 0.562500
vt 0.289063 0.570313
vt 0.289063 0.578125
vt 0.289062 0.585938
vt 0.289063 0.593750
vt 0.289063 0.601563
vt 0.289062 0.609375
vt 0.289063 0.617188
vt 0.289062 0.625000
vt 0.289063 0.632812
vt 0.289063 0.640625
vt 0.289062 0.648438
vt 0.289063 0.656250
vt 0.289063 0.664063
vt 0.289062 0.671875
vt 0.289063 0.679688
vt 0.289063 0.687500
vt 0.289063 0.695312
vt 0.289063 0.703125
vt 0.289062 0.710938
vt 0.289063 0.718750
vt 0.289063 0.726563
vt 0.289063 0.734375
vt 0.289062 0.742188
vt 0.312500 0.515625
vt 0.312500 0.507812
vt 0.312500 0.523438
vt 0.312500 0.531250
vt 0.312500 0.539063
vt 0.312500 0.546875
vt 0.312500 0.554688
vt 0.312500 0.562500
vt 0.312500 0.570313
vt 0.312500 0.578125
vt 0.312500 0.585938
vt 0.312500 0.593750
vt 0.312500 0.601563
vt 0.312500 0.609375
vt 0.312500 0.617188
vt 0.312500 0.625000
vt 0.312500 0.632813
vt 0.312500 0.640625
vt 0.312500 0.648438
vt 0.312500 0.656250
vt 0.312500 0.664062
vt 0.312500 0.671875
vt 0.312500 0.679688
vt 0.312500 0.687500
vt 0.312500 0.695313
vt 0.312500 0.703125
vt 0.312500 0.710938
vt 0.312500 0.718750
vt 0.312500 0.726563
vt 0.312500 0.734375
vt 0.312500 0.742188
vt 0.335938 0.515625
vt 0.335938 0.507813
vt 0.335938 0.523438
vt 0.335938 0.531250
vt 0.335938 0.539062
vt 0.335938 0.546875
vt 0.335938 0.554688
vt 0.335938 0.562500
vt 0.335937 0.570313
vt 0.335938 0.578125
vt 0.335938 0.585938
vt 0.335938 0.593750
vt 0.335938 0.601563
vt 0.335938 0.609375
vt 0.335937 0.617188
vt 0.335938 0.625000
vt 0.335937 0.632813
vt 0.335938 0.640625
vt 0.335938 0.648438
vt 0.335938 0.656250
vt 0.335938 0.664063
vt 0.335938 0.671875
vt 0.335937 0.679688
vt 0.335938 0.687500
vt 0.335938 0.695313
vt 0.335938 0.703125
vt 0.335938 0.710938
vt 0.335938 0.718750
vt 0.335938 0.726562
vt 0.335938 0.734375
vt 0.335938 0.742188
vt 0.359375 0.515625
vt 0.359375 0.507813
vt 0.359375 0.523438
vt 0.359375 0.531250
vt 0.359375 0.539062
vt 0.359375 0.546875
vt 0.359375 0.554688
vt 0.359375 0.562500
vt 0.359375 0.570313
vt 0.359375 0.578125
vt 0.359375 0.585938
vt 0.359375 0.593750
vt 0.359375 0.601562
vt 0.359375 0.609375
vt 0.359375 0.617188
vt 0.359375 0.625000
vt 0.359375 0.632813
vt 0.359375 0.640625
vt 0.359375 0.648438
vt 0.359375 0.656250
vt 0.359375 0.664063
vt 0.359375 0.671875
vt 0.359375 0.679688
vt 0.359375 0.687500
vt 0.359375 0.695313
vt 0.359375 0.703125
vt 0.359375 0.710938
vt 0.359375 0.718750
vt 0.359375 0.726563
vt 0.359375 0.734375
vt 0.359375 0.742188
vt 0.382813 0.515625
vt 0.382813 0.507813
vt 0.382813 0.523438
vt 0.382813 0.531250
vt 0.382813 0.539063
vt 0.382813 0.546875
vt 0.382812 0.554688
vt 0.382813 0.562500
vt 0.382813 0.570313
vt 0.382813 0.578125
vt 0.382813 0.585938
vt 0.382813 0.593750
vt 0.382813 0.601563
vt 0.382813 0.609375
vt 0.382812 0.617188
vt 0.382813 0.625000
vt 0.382813 0.632813
vt 0.382813 0.640625
vt 0.382813 0.648438
vt 0.382813 0.656250
vt 0.382813 0.664063
vt 0.382813 0.671875
vt 0.382812 0.679688
vt 0.382813 0.687500
vt 0.382813 0.695313
vt 0.382813 0.703125
vt 0.382813 0.710938
vt 0.382813 0.718750
vt 0.382813 0.726563
vt 0.382813 0.734375
vt 0.382813 0.742188
vt 0.406250 0.515625
vt 0.406250 0.507813
vt 0.406250 0.523438
vt 0.406250 0.531250
vt 0.406250 0.539062
vt 0.406250 0.546875
vt 0.406250 0.554688
vt 0.406250 0.562500
vt 0.406250 0.570313
vt 0.406250 0.578125
vt 0.406250 0.585938
vt 0.406250 0.593750
vt 0.406250 0.601563
vt 0.406250 0.609375
vt 0.406250 0.617188
vt 0.406250 0.625000
vt 0.406250 0.632813
vt 0.406250 0.640625
vt 0.406250 0.648438
vt 0.406250 0.656250
vt 0.406250 0.664063
vt 0.406250 0.671875
vt 0.406250 0.679688
vt 0.406250 0.687500
vt 0.406250 0.695313
vt 0.406250 0.703125
vt 0.406250 0.710938
vt 0.406250 0.718750
vt 0.406250 0.726563
vt 0.406250 0.734375
vt 0.406250 0.742188
vt 0.429688 0.515625
vt 0.429688 0.507813
vt 0.429688 0.523438
vt 0.429688 0.531250
vt 0.429688 0.539062
vt 0.429688 0.546875
vt 0.429688 0.554688
vt 0.429688 0.562500
vt 0.429688 0.570312
vt 0.429688 0.578125
vt 0.429688 0.585938
vt 0.429688 0.593750
vt 0.429688 0.601562
vt 0.429688 0.609375
vt 0.429688 0.617188
vt 0.429688 0.625000
vt 0.429688 0.632813
vt 0.429688 0.640625
vt 0.429688 0.648438
vt 0.429688 0.656250
vt 0.429688 0.664062
vt 0.429688 0.671875
vt 0.429688 0.679688
vt 0.429688 0.687500
vt 0.429688 0.695313
vt 0.429688 0.703125
vt 0.429688 0.710938
vt 0.429688 0.718750
vt 0.429688 0.726563
vt 0.429688 0.734375
vt 0.429688 0.742188
vt 0.453125 0.515625
vt 0.453125 0.507812
vt 0.453125 0.523438
vt 0.453125 0.531250
vt 0.453125 0.539062
vt 0.453125 0.546875
vt 0.453125 0.554688
vt 0.453125 0.562500
vt 0.453125 0.570313
vt 0.453125 0.578125
vt 0.453125 0.585938
vt 0.453125 0.593750
vt 0.453125 0.601563
vt 0.453125 0.609375
vt 0.453125 0.617188
vt 0.453125 0.625000
vt 0.453125 0.632813
vt 0.453125 0.640625
vt 0.453125 0.648438
vt 0.453125 0.656250
vt 0.453125 0.664062
vt 0.453125 0.671875
vt 0.453125 0.679688
vt 0.453125 0.687500
vt 0.453125 0.695313
vt 0.453125 0.703125
vt 0.453125 0.710938
vt 0.453125 0.718750
vt 0.453125 0.726563
vt 0.453125 0.734375
vt 0.453125 0.742188
vt 0.476563 0.515625
vt 0.476562 0.507812
vt 0.476563 0.523438
vt 0.476563 0.531250
vt 0.476563 0.539063
vt 0.476563 0.546875
vt 0.476562 0.554688
vt 0.476563 0.562500
vt 0.476562 0.570313
vt 0.476563 0.578125
vt 0.476563 0.585938
vt 0.476562 0.593750
vt 0.476563 0.601563
vt 0.476563 0.609375
vt 0.476562 0.617188
vt 0.476563 0.625000
vt 0.476562 0.632813
vt 0.476563 0.640625
vt 0.476563 0.648438
vt 0.476562 0.656250
vt 0.476563 0.664062
vt 0.476563 0.671875
vt 0.476562 0.679688
vt 0.476563 0.687500
vt 0.476562 0.695312
vt 0.476563 0.703125
vt 0.476563 0.710938
vt 0.476563 0.718750
vt 0.476563 0.726563
vt 0.476563 0.734375
vt 0.476563 0.742188
vt 0.500000 0.515625
vt 0.500000 0.507812
vt 0.500000 0.523438
vt 0.500000 0.531250
vt 0.500000 0.539063
vt 0.500000 0.546875
vt 0.500000 0.554688
vt 0.500000 0.562500
vt 0.500000 0.570313
vt 0.500000 0.578125
vt 0.500000 0.585938
vt 0.500000 0.593750
vt 0.500000 0.601563
vt 0.500000 0.609375
vt 0.500000 0.617188
vt 0.500000 0.625000
vt 0.500000 0.632813
vt 0.500000 0.640625
vt 0.500000 0.648438
vt 0.500000 0.656250
vt 0.500000 0.664062
vt 0.500000 0.671875
vt 0.500000 0.679688
vt 0.500000 0.687500
vt 0.500000 0.695313
vt 0.500000 0.703125
vt 0.500000 0.710938
vt 0.500000 0.718750
vt 0.500000 0.726563
vt 0.500000 0.734375
vt 0.500000 0.742188
vt 0.523438 0.515625
vt 0.523438 0.507813
vt 0.523438 0.523438
vt 0.523438 0.531250
vt 0.523438 0.539062
vt 0.523438 0.546875
vt 0.523438 0.554688
vt 0.523438 0.562500
vt 0.523438 0.570313
vt 0.523438 0.578125
vt 0.523438 0.585938
vt 0.523438 0.593750
vt 0.523438 0.601563
vt 0.523437 0.609375
vt 0.523438 0.617188
vt 0.523438 0.625000
vt 0.523438 0.632813
vt 0.523438 0.640625
vt 0.523438 0.648438
vt 0.523438 0.656250
vt 0.523438 0.664063
vt 0.523437 0.671875
vt 0.523438 0.679688
vt 0.523438 0.687500
vt 0.523438 0.695313
vt 0.523438 0.703125
vt 0.523438 0.710938
vt 0.523438 0.718750
vt 0.523438 0.726562
vt 0.523438 0.734375
vt 0.523438 0.742188
vt 0.546875 0.515625
vt 0.546875 0.507813
vt 0.546875 0.523438
vt 0.546875 0.531250
vt 0.546875 0.539062
vt 0.546875 0.546875
vt 0.546875 0.554688
vt 0.546875 0.562500
vt 0.546875 0.570313
vt 0.546875 0.578125
vt 0.546875 0.585938
vt 0.546875 0.593750
vt 0.546875 0.601562
vt 0.546875 0.609375
vt 0.546875 0.617188
vt 0.546875 0.625000
vt 0.546875 0.632813
vt 0.546875 0.640625
vt 0.546875 0.648438
vt 0.546875 0.656250
vt 0.546875 0.664063
vt 0.546875 0.671875
vt 0.546875 0.679688
vt 0.546875 0.687500
vt 0.546875 0.695313
vt 0.546875 0.703125
vt 0.546875 0.710938
vt 0.546875 0.718750
vt 0.546875 0.726563
vt 0.546875 0.734375
vt 0.546875 0.742188
vt 0.570312 0.515625
vt 0.570313 0.507813
vt 0.570313 0.523438
vt 0.570313 0.531250
vt 0.570313 0.539063
vt 0.570313 0.546875
vt 0.570313 0.554688
vt 0.570313 0.562500
vt 0.570313 0.570313
vt 0.570312 0.578125
vt 0.570312 0.585938
vt 0.570313 0.593750
vt 0.570313 0.601563
vt 0.570312 0.609375
vt 0.570313 0.617188
vt 0.570313 0.625000
vt 0.570313 0.632813
vt 0.570312 0.640625
vt 0.570312 0.648438
vt 0.570313 0.656250
vt 0.570313 0.664063
vt 0.570312 0.671875
vt 0.570313 0.679688
vt 0.570313 0.687500
vt 0.570313 0.695313
vt 0.570312 0.703125
vt 0.570312 0.710938
vt 0.570313 0.718750
vt 0.570313 0.726563
vt 0.570312 0.734375
vt 0.570313 0.742188
vt 0.593750 0.515625
vt 0.593750 0.507813
vt 0.593750 0.523438
vt 0.593750 0.531250
vt 0.593750 0.539062
vt 0.593750 0.546875
vt 0.593750 0.554688
vt 0.593750 0.562500
vt 0.593750 0.570313
vt 0.593750 0.578125
vt 0.593750 0.585938
vt 0.593750 0.593750
vt 0.593750 0.601563
vt 0.593750 0.609375
vt 0.593750 0.617188
vt 0.593750 0.625000
vt 0.593750 0.632813
vt 0.593750 0.640625
vt 0.593750 0.648438
vt 0.593750 0.656250
vt 0.593750 0.664063
vt 0.593750 0.671875
vt 0.593750 0.679688
vt 0.593750 0.687500
vt 0.593750 0.695313
vt 0.593750 0.703125
vt 0.593750 0.710938
vt 0.593750 0.718750
vt 0.593750 0.726563
vt 0.593750 0.734375
vt 0.593750 0.742188
vt 0.617188 0.515625
vt 0.617188 0.507813
vt 0.617188 0.523438
vt 0.617188 0.531250
vt 0.617188 0.539062
vt 0.617188 0.546875
vt 0.617188 0.554688
vt 0.617188 0.562500
vt 0.617187 0.570312
vt 0.617188 0.578125
vt 0.617188 0.585938
vt 0.617187 0.593750
vt 0.617188 0.601562
vt 0.617188 0.609375
vt 0.617187 0.617188
vt 0.617188 0.625000
vt 0.617187 0.632813
vt 0.617188 0.640625
vt 0.617188 0.648438
vt 0.617187 0.656250
vt 0.617188 0.664062
vt 0.617188 0.671875
vt 0.617187 0.679688
vt 0.617188 0.687500
vt 0.617188 0.695313
vt 0.617188 0.703125
vt 0.617188 0.710938
vt 0.617188 0.718750
vt 0.617188 0.726563
vt 0.617188 0.734375
vt 0.617188 0.742188
vt 0.640625 0.515625
vt 0.640625 0.507812
vt 0.640625 0.523438
vt 0.640625 0.531250
vt 0.640625 0.539062
vt 0.640625 0.546875
vt 0.640625 0.554688
vt 0.640625 0.562500
vt 0.640625 0.570313
vt 0.640625 0.578125
vt 0.640625 0.585938
vt 0.640625 0.593750
vt 0.640625 0.601563
vt 0.640625 0.609375
vt 0.640625 0.617188
vt 0.640625 0.625000
vt 0.640625 0.632813
vt 0.640625 0.640625
vt 0.640625 0.648438
vt 0.640625 0.656250
vt 0.640625 0.664062
vt 0.640625 0.671875
vt 0.640625 0.679688
vt 0.640625 0.687500
vt 0.640625 0.695313
vt 0.640625 0.703125
vt 0.640625 0.710938
vt 0.640625 0.718750
vt 0.640625 0.726563
vt 0.640625 0.734375
vt 0.640625 0.742188
vt 0.664062 0.515625
vt 0.664062 0.507812
vt 0.664063 0.523438
vt 0.664063 0.531250
vt 0.664062 0.539063
vt 0.664063 0.546875
vt 0.664063 0.554688
vt 0.664062 0.562500
vt 0.664063 0.570313
vt 0.664062 0.578125
vt 0.664062 0.585938
vt 0.664063 0.593750
vt 0.664062 0.601563
vt 0.664062 0.609375
vt 0.664063 0.617188
vt 0.664062 0.625000
vt 0.664063 0.632813
vt 0.664062 0.640625
vt 0.664062 0.648438
vt 0.664063 0.656250
vt 0.664062 0.664062
vt 0.664062 0.671875
vt 0.664063 0.679688
vt 0.664062 0.687500
vt 0.664063 0.695312
vt 0.664063 0.703125
vt 0.664062 0.710938
vt 0.664063 0.718750
vt 0.664063 0.726563
vt 0.664062 0.734375
vt 0.664063 0.742188
vt 0.687500 0.515625
vt 0.687500 0.507813
vt 0.687500 0.523438
vt 0.687500 0.531250
vt 0.687500 0.539062
vt 0.687500 0.546875
vt 0.687500 0.554688
vt 0.687500 0.562500
vt 0.687500 0.570313
vt 0.687500 0.578125
vt 0.687500 0.585938
vt 0.687500 0.593750
vt 0.687500 0.601563
vt 0.687500 0.609375
vt 0.687500 0.617188
vt 0.687500 0.625000
vt 0.687500 0.632813
vt 0.687500 0.640625
vt 0.687500 0.648438
vt 0.687500 0.656250
vt 0.687500 0.664062
vt 0.687500 0.671875
vt 0.687500 0.679688
vt 0.687500 0.687500
vt 0.687500 0.695312
vt 0.687500 0.703125
vt 0.687500 0.710938
vt 0.687500 0.718750
vt 0.687500 0.726563
vt 0.687500 0.734375
vt 0.687500 0.742188
vt 0.710938 0.515625
vt 0.710938 0.507813
vt 0.710938 0.523438
vt 0.710938 0.531250
vt 0.710938 0.539062
vt 0.710937 0.546875
vt 0.710938 0.554688
vt 0.710938 0.562500
vt 0.710938 0.570313
vt 0.710938 0.578125
vt 0.710938 0.585938
vt 0.710938 0.593750
vt 0.710938 0.601562
vt 0.710938 0.609375
vt 0.710938 0.617188
vt 0.710938 0.625000
vt 0.710938 0.632813
vt 0.710938 0.640625
vt 0.710938 0.648438
vt 0.710938 0.656250
vt 0.710938 0.664063
vt 0.710938 0.671875
vt 0.710938 0.679688
vt 0.710938 0.687500
vt 0.710938 0.695313
vt 0.710937 0.703125
vt 0.710938 0.710938
vt 0.710938 0.718750
vt 0.710938 0.726562
vt 0.710938 0.734375
vt 0.710938 0.742188
vt 0.734375 0.515625
vt 0.734375 0.507813
vt 0.734375 0.523438
vt 0.734375 0.531250
vt 0.734375 0.539062
vt 0.734375 0.546875
vt 0.734375 0.554688
vt 0.734375 0.562500
vt 0.734375 0.570313
vt 0.734375 0.578125
vt 0.734375 0.585938
vt 0.734375 0.593750
vt 0.734375 0.601562
vt 0.734375 0.609375
vt 0.734375 0.617188
vt 0.734375 0.625000
vt 0.734375 0.632812
vt 0.734375 0.640625
vt 0.734375 0.648438
vt 0.734375 0.656250
vt 0.734375 0.664063
vt 0.734375 0.671875
vt 0.734375 0.679688
vt 0.734375 0.687500
vt 0.734375 0.695313
vt 0.734375 0.703125
vt 0.734375 0.710938
vt 0.734375 0.718750
vt 0.734375 0.726563
vt 0.734375 0.734375
vt 0.734375 0.742188
vt 0.757813 0.515625
vt 0.757813 0.507813
vt 0.757812 0.523438
vt 0.757813 0.531250
vt 0.757813 0.539063
vt 0.757813 0.546875
vt 0.757813 0.554688
vt 0.757813 0.562500
vt 0.757812 0.570313
vt 0.757813 0.578125
vt 0.757813 0.585938
vt 0.757813 0.593750
vt 0.757813 0.601563
vt 0.757813 0.609375
vt 0.757813 0.617188
vt 0.757813 0.625000
vt 0.757812 0.632813
vt 0.757813 0.640625
vt 0.757813 0.648438
vt 0.757813 0.656250
vt 0.757813 0.664063
vt 0.757813 0.671875
vt 0.757813 0.679688
vt 0.757813 0.687500
vt 0.757813 0.695312
vt 0.757813 0.703125
vt 0.757813 0.710938
vt 0.757813 0.718750
vt 0.757813 0.726563
vt 0.757813 0.734375
vt 0.757813 0.742188
vt 0.781250 0.515625
vt 0.781250 0.507813
vt 0.781250 0.523438
vt 0.781250 0.531250
vt 0.781250 0.539062
vt 0.781250 0.546875
vt 0.781250 0.554688
vt 0.781250 0.562500
vt 0.781250 0.570313
vt 0.781250 0.578125
vt 0.781250 0.585938
vt 0.781250 0.593750
vt 0.781250 0.601562
vt 0.781250 0.609375
vt 0.781250 0.617188
vt 0.781250 0.625000
vt 0.781250 0.632813
vt 0.781250 0.640625
vt 0.781250 0.648438
vt 0.781250 0.656250
vt 0.781250 0.664063
vt 0.781250 0.671875
vt 0.781250 0.679688
vt 0.781250 0.687500
vt 0.781250 0.695312
vt 0.781250 0.703125
vt 0.781250 0.710938
vt 0.781250 0.718750
vt 0.781250 0.726563
vt 0.781250 0.734375
vt 0.781250 0.742188
vt 0.804688 0.515625
vt 0.804688 0.507813
vt 0.804688 0.523438
vt 0.804688 0.531250
vt 0.804688 0.539063
vt 0.804688 0.546875
vt 0.804688 0.554688
vt 0.804688 0.562500
vt 0.804688 0.570313
vt 0.804688 0.578125
vt 0.804688 0.585938
vt 0.804688 0.593750
vt 0.804688 0.601562
vt 0.804688 0.609375
vt 0.804688 0.617188
vt 0.804688 0.625000
vt 0.804688 0.632812
vt 0.804688 0.640625
vt 0.804688 0.648438
vt 0.804688 0.656250
vt 0.804688 0.664063
vt 0.804688 0.671875
vt 0.804688 0.679688
vt 0.804688 0.687500
vt 0.804688 0.695313
vt 0.804688 0.703125
vt 0.804688 0.710938
vt 0.804688 0.718750
vt 0.804688 0.726562
vt 0.804688 0.734375
vt 0.804688 0.742188
vt 0.828125 0.515625
vt 0.828125 0.507813
vt 0.828125 0.523438
vt 0.828125 0.531250
vt 0.828125 0.539063
vt 0.828125 0.546875
vt 0.828125 0.554688
vt 0.828125 0.562500
vt 0.828125 0.570313
vt 0.828125 0.578125
vt 0.828125 0.585938
vt 0.828125 0.593750
vt 0.828125 0.601563
vt 0.828125 0.609375
vt 0.828125 0.617188
vt 0.828125 0.625000
vt 0.828125 0.632813
vt 0.828125 0.640625
vt 0.828125 0.648438
vt 0.828125 0.656250
vt 0.828125 0.664062
vt 0.828125 0.671875
vt 0.828125 0.679688
vt 0.828125 0.687500
vt 0.828125 0.695313
vt 0.828125 0.703125
vt 0.828125 0.710938
vt 0.828125 0.718750
vt 0.828125 0.726563
vt 0.828125 0.734375
vt 0.828125 0.742188
vt 0.851563 0.515625
vt 0.851563 0.507812
vt 0.851563 0.523438
vt 0.851563 0.531250
vt 0.851563 0.539063
vt 0.851563 0.546875
vt 0.851563 0.554688
vt 0.851563 0.562500
vt 0.851562 0.570313
vt 0.851563 0.578125
vt 0.851563 0.585938
vt 0.851563 0.593750
vt 0.851563 0.601562
vt 0.851562 0.609375
vt 0.851563 0.617188
vt 0.851563 0.625000
vt 0.851562 0.632812
vt 0.851563 0.640625
vt 0.851563 0.648438
vt 0.851563 0.656250
vt 0.851563 0.664063
vt 0.851562 0.671875
vt 0.851563 0.679688
vt 0.851563 0.687500
vt 0.851563 0.695312
vt 0.851563 0.703125
vt 0.851563 0.710938
vt 0.851563 0.718750
vt 0.851563 0.726562
vt 0.851563 0.734375
vt 0.851563 0.742188
vt 0.148438 0.500000
vt 0.148438 0.750000
vt 0.171875 0.750000
vt 0.195313 0.750000
vt 0.218750 0.750000
vt 0.242188 0.750000
vt 0.265625 0.750000
vt 0.289062 0.750000
vt 0.312500 0.750000
vt 0.335938 0.750000
vt 0.359375 0.750000
vt 0.382813 0.750000
vt 0.406250 0.750000
vt 0.429688 0.750000
vt 0.453125 0.750000
vt 0.476563 0.750000
vt 0.500000 0.750000
vt 0.523438 0.750000
vt 0.546875 0.750000
vt 0.570313 0.750000
vt 0.593750 0.750000
vt 0.617188 0.750000
vt 0.640625 0.750000
vt 0.664063 0.750000
vt 0.687500 0.750000
vt 0.710938 0.750000
vt 0.734375 0.750000
vt 0.757813 0.750000
vt 0.781250 0.750000
vt 0.804688 0.750000
vt 0.828125 0.750000
vt 0.851563 0.750000
vt 0.851563 0.500000
vt 0.828125 0.500000
vt 0.804688 0.500000
vt 0.781250 0.500000
vt 0.757813 0.500000
vt 0.734375 0.500000
vt 0.710938 0.500000
vt 0.687500 0.500000
vt 0.664063 0.500000
vt 0.640625 0.500000
vt 0.617188 0.500000
vt 0.593750 0.500000
vt 0.570313 0.500000
vt 0.546875 0.500000
vt 0.523438 0.500000
vt 0.500000 0.500000
vt 0.476563 0.500000
vt 0.453125 0.500000
vt 0.429688 0.500000
vt 0.406250 0.500000
vt 0.382813 0.500000
vt 0.359375 0.500000
vt 0.335938 0.500000
vt 0.312500 0.500000
vt 0.289062 0.500000
vt 0.265625 0.500000
vt 0.242188 0.500000
vt 0.218750 0.500000
vt 0.195313 0.500000
vt 0.171875 0.500000
vt 0.602651 0.690073
vt 0.605045 0.691592
vt 0.600390 0.693501
vt 0.598301 0.691582
vt 0.607872 0.693116
vt 0.602914 0.695339
vt 0.611173 0.694663
vt 0.605885 0.697108
vt 0.614761 0.696188
vt 0.609168 0.698805
vt 0.618627 0.697703
vt 0.612739 0.700460
vt 0.622753 0.699202
vt 0.616578 0.702073
vt 0.627123 0.700682
vt 0.620665 0.703647
vt 0.631722 0.702138
vt 0.624984 0.705185
vt 0.636555 0.703573
vt 0.629538 0.706689
vt 0.641630 0.704988
vt 0.634334 0.708162
vt 0.646953 0.706386
vt 0.639378 0.709608
vt 0.652533 0.707768
vt 0.644677 0.711030
vt 0.658377 0.709137
vt 0.650238 0.712431
vt 0.664494 0.710495
vt 0.656068 0.713814
vt 0.670890 0.711844
vt 0.662174 0.715183
vt 0.677580 0.713191
vt 0.668569 0.716544
vt 0.684599 0.714551
vt 0.675284 0.717913
vt 0.691989 0.715945
vt 0.682359 0.719310
vt 0.699793 0.717394
vt 0.689832 0.720753
vt 0.708050 0.718917
vt 0.697741 0.722263
vt 0.716804 0.720536
vt 0.706125 0.723859
vt 0.726096 0.722270
vt 0.715022 0.725560
vt 0.735968 0.724140
vt 0.724470 0.727385
vt 0.746478 0.726171
vt 0.734518 0.729358
vt 0.757757 0.728414
vt 0.745258 0.731515
vt 0.769949 0.730923
vt 0.756791 0.733896
vt 0.783203 0.733754
vt 0.769219 0.736544
vt 0.799133 0.737453
vt 0.783470 0.739774
vt 0.817549 0.741963
vt 0.799221 0.743485
vt 0.835881 0.746430
vt 0.814698 0.747089
vt 0.595193 0.695306
vt 0.593354 0.693072
vt 0.597463 0.697392
vt 0.600141 0.699354
vt 0.603143 0.701218
vt 0.606432 0.703008
vt 0.609988 0.704732
vt 0.613791 0.706397
vt 0.617824 0.708011
vt 0.622090 0.709579
vt 0.626594 0.711105
vt 0.631343 0.712594
vt 0.636342 0.714050
vt 0.641598 0.715476
vt 0.647117 0.716878
vt 0.652905 0.718259
vt 0.658972 0.719626
vt 0.665348 0.720995
vt 0.672065 0.722383
vt 0.679158 0.723808
vt 0.686660 0.725289
vt 0.694603 0.726843
vt 0.703022 0.728488
vt 0.711949 0.730241
vt 0.721421 0.732122
vt 0.731483 0.734153
vt 0.742182 0.736355
vt 0.753566 0.738752
vt 0.765915 0.741445
vt 0.779015 0.744367
vt 0.792170 0.747294
vt 0.589450 0.697009
vt 0.587749 0.694553
vt 0.591542 0.699288
vt 0.593979 0.701422
vt 0.596718 0.703440
vt 0.599735 0.705355
vt 0.603012 0.707182
vt 0.606529 0.708933
vt 0.610271 0.710619
vt 0.614241 0.712246
vt 0.618442 0.713820
vt 0.622881 0.715346
vt 0.627563 0.716830
vt 0.632493 0.718275
vt 0.637677 0.719689
vt 0.643121 0.721075
vt 0.648832 0.722442
vt 0.654835 0.723803
vt 0.661158 0.725173
vt 0.667826 0.726570
vt 0.674869 0.728010
vt 0.682313 0.729507
vt 0.690185 0.731078
vt 0.698514 0.732740
vt 0.707321 0.734506
vt 0.716611 0.736385
vt 0.726387 0.738385
vt 0.736647 0.740511
vt 0.747373 0.742766
vt 0.758463 0.745121
vt 0.769796 0.747544
vt 0.583322 0.698598
vt 0.581753 0.695971
vt 0.585226 0.701043
vt 0.587436 0.703330
vt 0.589927 0.705480
vt 0.592680 0.707508
vt 0.595680 0.709430
vt 0.598909 0.711260
vt 0.602356 0.713012
vt 0.606021 0.714692
vt 0.609910 0.716309
vt 0.614025 0.717867
vt 0.618374 0.719373
vt 0.622960 0.720832
vt 0.627788 0.722252
vt 0.632862 0.723638
vt 0.638191 0.724998
vt 0.643791 0.726344
vt 0.649685 0.727691
vt 0.655892 0.729051
vt 0.662433 0.730440
vt 0.669330 0.731870
vt 0.676602 0.733356
vt 0.684271 0.734912
vt 0.692349 0.736548
vt 0.700818 0.738266
vt 0.709652 0.740063
vt 0.718823 0.741939
vt 0.728298 0.743888
vt 0.738006 0.745894
vt 0.747870 0.747937
vt 0.576821 0.700090
vt 0.575381 0.697326
vt 0.578549 0.702670
vt 0.580547 0.705082
vt 0.582801 0.707344
vt 0.585297 0.709471
vt 0.588022 0.711478
vt 0.590962 0.713380
vt 0.594109 0.715191
vt 0.597463 0.716920
vt 0.601028 0.718573
vt 0.604809 0.720158
vt 0.608809 0.721681
vt 0.613033 0.723150
vt 0.617485 0.724572
vt 0.622168 0.725952
vt 0.627090 0.727301
vt 0.632261 0.728627
vt 0.637696 0.729944
vt 0.643410 0.731263
vt 0.649416 0.732594
vt 0.655728 0.733952
vt 0.662361 0.735345
vt 0.669329 0.736788
vt 0.676637 0.738288
vt 0.684258 0.739843
vt 0.692156 0.741448
vt 0.700294 0.743099
vt 0.708635 0.744789
vt 0.717130 0.746509
vt 0.725727 0.748250
vt 0.569993 0.701478
vt 0.568680 0.698603
vt 0.571552 0.704166
vt 0.573349 0.706681
vt 0.575373 0.709037
vt 0.577615 0.711249
vt 0.580066 0.713331
vt 0.582717 0.715297
vt 0.585559 0.717161
vt 0.588596 0.718931
vt 0.591829 0.720616
vt 0.595264 0.722222
vt 0.598902 0.723758
vt 0.602749 0.725232
vt 0.606806 0.726651
vt 0.611079 0.728023
vt 0.615571 0.729356
vt 0.620289 0.730659
vt 0.625241 0.731943
vt 0.630436 0.733216
vt 0.635881 0.734488
vt 0.641584 0.735770
vt 0.647553 0.737071
vt 0.653796 0.738399
vt 0.660314 0.739764
vt 0.667080 0.741162
vt 0.674060 0.742589
vt 0.681218 0.744041
vt 0.688521 0.745513
vt 0.695933 0.747000
vt 0.703417 0.748498
vt 0.562884 0.702753
vt 0.561701 0.699786
vt 0.564277 0.705529
vt 0.565876 0.708128
vt 0.567675 0.710563
vt 0.569666 0.712847
vt 0.571844 0.714993
vt 0.574203 0.717014
vt 0.576738 0.718923
vt 0.579451 0.720728
vt 0.582345 0.722438
vt 0.585423 0.724061
vt 0.588688 0.725606
vt 0.592143 0.727081
vt 0.595790 0.728494
vt 0.599634 0.729854
vt 0.603676 0.731169
vt 0.607920 0.732447
vt 0.612369 0.733695
vt 0.617025 0.734923
vt 0.621891 0.736137
vt 0.626971 0.737345
vt 0.632266 0.738557
vt 0.637780 0.739778
vt 0.643510 0.741016
vt 0.649434 0.742270
vt 0.655525 0.743537
vt 0.661754 0.744816
vt 0.668093 0.746104
vt 0.674516 0.747399
vt 0.680994 0.748698
vt 0.555537 0.703905
vt 0.554489 0.700863
vt 0.556763 0.706755
vt 0.558164 0.709424
vt 0.559737 0.711925
vt 0.561478 0.714268
vt 0.563383 0.716468
vt 0.565450 0.718534
vt 0.567675 0.720479
vt 0.570060 0.722313
vt 0.572607 0.724042
vt 0.575320 0.725678
vt 0.578200 0.727228
vt 0.581250 0.728701
vt 0.584473 0.730106
vt 0.587872 0.731451
vt 0.591447 0.732746
vt 0.595199 0.733997
vt 0.599128 0.735211
vt 0.603231 0.736394
vt 0.607509 0.737553
vt 0.611960 0.738695
vt 0.616583 0.739825
vt 0.621378 0.740951
vt 0.626340 0.742077
vt 0.631452 0.743206
vt 0.636692 0.744336
vt 0.642038 0.745467
vt 0.647469 0.746599
vt 0.652965 0.747733
vt 0.658503 0.748866
vt 0.547984 0.704927
vt 0.547077 0.701822
vt 0.549040 0.707838
vt 0.550243 0.710565
vt 0.551591 0.713119
vt 0.553082 0.715511
vt 0.554715 0.717753
vt 0.556488 0.719856
vt 0.558400 0.721830
vt 0.560453 0.723685
vt 0.562647 0.725430
vt 0.564987 0.727073
vt 0.567473 0.728625
vt 0.570108 0.730094
vt 0.572894 0.731489
vt 0.575833 0.732820
vt 0.578926 0.734094
vt 0.582171 0.735319
vt 0.585565 0.736499
vt 0.589104 0.737640
vt 0.592785 0.738749
vt 0.596605 0.739830
vt 0.600560 0.740889
vt 0.604648 0.741932
vt 0.608863 0.742964
vt 0.613191 0.743986
vt 0.617615 0.745001
vt 0.622120 0.746008
vt 0.626690 0.747011
vt 0.631308 0.748010
vt 0.635959 0.749005
vt 0.540256 0.705813
vt 0.539494 0.702657
vt 0.541139 0.708772
vt 0.542143 0.711545
vt 0.543266 0.714141
vt 0.544508 0.716572
vt 0.545868 0.718848
vt 0.547347 0.720978
vt 0.548944 0.722974
vt 0.550660 0.724846
vt 0.552497 0.726601
vt 0.554457 0.728249
vt 0.556541 0.729801
vt 0.558751 0.731264
vt 0.561089 0.732649
vt 0.563557 0.733964
vt 0.566154 0.735218
vt 0.568879 0.736417
vt 0.571726 0.737566
vt 0.574690 0.738670
vt 0.577768 0.739733
vt 0.580955 0.740762
vt 0.584246 0.741760
vt 0.587637 0.742733
vt 0.591122 0.743685
vt 0.594691 0.744620
vt 0.598331 0.745540
vt 0.602031 0.746447
vt 0.605778 0.747344
vt 0.609561 0.748234
vt 0.613368 0.749118
vt 0.532381 0.706554
vt 0.531767 0.703359
vt 0.533090 0.709551
vt 0.533893 0.712359
vt 0.534791 0.714988
vt 0.535785 0.717448
vt 0.536873 0.719748
vt 0.538057 0.721900
vt 0.539337 0.723912
vt 0.540713 0.725795
vt 0.542188 0.727557
vt 0.543762 0.729208
vt 0.545438 0.730758
vt 0.547215 0.732215
vt 0.549097 0.733589
vt 0.551083 0.734889
vt 0.553174 0.736124
vt 0.555367 0.737300
vt 0.557657 0.738421
vt 0.560038 0.739492
vt 0.562507 0.740517
vt 0.565059 0.741500
vt 0.567688 0.742448
vt 0.570391 0.743364
vt 0.573161 0.744253
vt 0.575991 0.745118
vt 0.578873 0.745962
vt 0.581797 0.746790
vt 0.584755 0.747604
vt 0.587739 0.748409
vt 0.590740 0.749206
vt 0.524388 0.707144
vt 0.523925 0.703919
vt 0.524921 0.710168
vt 0.525524 0.713001
vt 0.526198 0.715654
vt 0.526943 0.718134
vt 0.527759 0.720453
vt 0.528647 0.722619
vt 0.529608 0.724642
vt 0.530643 0.726533
vt 0.531752 0.728299
vt 0.532937 0.729951
vt 0.534198 0.731497
vt 0.535537 0.732948
vt 0.536954 0.734312
vt 0.538451 0.735600
vt 0.540027 0.736819
vt 0.541679 0.737975
vt 0.543404 0.739072
vt 0.545196 0.740115
vt 0.547051 0.741109
vt 0.548966 0.742057
vt 0.550936 0.742965
vt 0.552957 0.743836
vt 0.555025 0.744676
vt 0.557133 0.745488
vt 0.559276 0.746276
vt 0.561448 0.747045
vt 0.563644 0.747797
vt 0.565857 0.748538
vt 0.568082 0.749271
vt 0.516308 0.707574
vt 0.515998 0.704329
vt 0.516664 0.710617
vt 0.517066 0.713467
vt 0.517515 0.716135
vt 0.518011 0.718629
vt 0.518555 0.720959
vt 0.519148 0.723134
vt 0.519789 0.725165
vt 0.520480 0.727060
vt 0.521221 0.728828
vt 0.522013 0.730479
vt 0.522856 0.732023
vt 0.523751 0.733468
vt 0.524698 0.734825
vt 0.525700 0.736102
vt 0.526754 0.737308
vt 0.527859 0.738448
vt 0.529012 0.739527
vt 0.530210 0.740549
vt 0.531449 0.741519
vt 0.532726 0.742441
vt 0.534039 0.743320
vt 0.535383 0.744160
vt 0.536756 0.744965
vt 0.538155 0.745740
vt 0.539575 0.746490
vt 0.541013 0.747218
vt 0.542466 0.747928
vt 0.543930 0.748626
vt 0.545401 0.749315
vt 0.508169 0.707837
vt 0.508013 0.704582
vt 0.508347 0.710891
vt 0.508548 0.713750
vt 0.508772 0.716427
vt 0.509021 0.718928
vt 0.509293 0.721264
vt 0.509589 0.723445
vt 0.509910 0.725479
vt 0.510255 0.727375
vt 0.510626 0.729144
vt 0.511023 0.730795
vt 0.511445 0.732336
vt 0.511893 0.733778
vt 0.512368 0.735129
vt 0.512870 0.736399
vt 0.513398 0.737596
vt 0.513952 0.738726
vt 0.514529 0.739794
vt 0.515129 0.740803
vt 0.515749 0.741758
vt 0.516388 0.742664
vt 0.517044 0.743525
vt 0.517715 0.744346
vt 0.518400 0.745131
vt 0.519097 0.745885
vt 0.519805 0.746612
vt 0.520521 0.747316
vt 0.521244 0.748003
vt 0.521972 0.748676
vt 0.522704 0.749340
vt 0.500000 0.707927
vt 0.500000 0.704668
vt 0.500000 0.710983
vt 0.500000 0.713846
vt 0.500000 0.716525
vt 0.500000 0.719029
vt 0.500000 0.721367
vt 0.500000 0.723548
vt 0.500000 0.725583
vt 0.500000 0.727481
vt 0.500000 0.729250
vt 0.500000 0.730900
vt 0.500000 0.732440
vt 0.500000 0.733880
vt 0.500000 0.735230
vt 0.500000 0.736497
vt 0.500000 0.737691
vt 0.500000 0.738818
vt 0.500000 0.739881
vt 0.500000 0.740886
vt 0.500000 0.741836
vt 0.500000 0.742736
vt 0.500000 0.743591
vt 0.500000 0.744406
vt 0.500000 0.745184
vt 0.500000 0.745931
vt 0.500000 0.746651
vt 0.500000 0.747348
vt 0.500000 0.748027
vt 0.500000 0.748692
vt 0.500000 0.749348
vt 0.491831 0.707837
vt 0.491987 0.704582
vt 0.491653 0.710891
vt 0.491452 0.713750
vt 0.491228 0.716426
vt 0.490980 0.718928
vt 0.490707 0.721264
vt 0.490411 0.723445
vt 0.490090 0.725479
vt 0.489745 0.727375
vt 0.489374 0.729144
vt 0.488977 0.730795
vt 0.488555 0.732336
vt 0.488107 0.733778
vt 0.487632 0.735129
vt 0.487130 0.736399
vt 0.486602 0.737596
vt 0.486048 0.738726
vt 0.485471 0.739794
vt 0.484871 0.740803
vt 0.484251 0.741758
vt 0.483612 0.742664
vt 0.482956 0.743525
vt 0.482285 0.744346
vt 0.481600 0.745131
vt 0.480903 0.745885
vt 0.480195 0.746612
vt 0.479479 0.747316
vt 0.478756 0.748003
vt 0.478028 0.748676
vt 0.477296 0.749340
vt 0.483692 0.707574
vt 0.484002 0.704329
vt 0.483336 0.710617
vt 0.482934 0.713467
vt 0.482485 0.716135
vt 0.481989 0.718629
vt 0.481445 0.720959
vt 0.480852 0.723134
vt 0.480211 0.725165
vt 0.479520 0.727060
vt 0.478779 0.728828
vt 0.477988 0.730479
vt 0.477144 0.732023
vt 0.476249 0.733468
vt 0.475302 0.734825
vt 0.474300 0.736102
vt 0.473246 0.737308
vt 0.472141 0.738448
vt 0.470988 0.739527
vt 0.469790 0.740549
vt 0.468551 0.741519
vt 0.467274 0.742441
vt 0.465961 0.743320
vt 0.464617 0.744160
vt 0.463244 0.744965
vt 0.461845 0.745740
vt 0.460425 0.746490
vt 0.458987 0.747218
vt 0.457534 0.747928
vt 0.456070 0.748626
vt 0.454599 0.749315
vt 0.475612 0.707144
vt 0.476075 0.703919
vt 0.475079 0.710168
vt 0.474476 0.713001
vt 0.473802 0.715654
vt 0.473058 0.718134
vt 0.472241 0.720453
vt 0.471353 0.722619
vt 0.470392 0.724643
vt 0.469357 0.726533
vt 0.468248 0.728299
vt 0.467063 0.729951
vt 0.465802 0.731497
vt 0.464463 0.732948
vt 0.463046 0.734312
vt 0.461550 0.735600
vt 0.459973 0.736819
vt 0.458321 0.737975
vt 0.456597 0.739072
vt 0.454804 0.740115
vt 0.452949 0.741109
vt 0.451034 0.742057
vt 0.449064 0.742965
vt 0.447043 0.743836
vt 0.444975 0.744676
vt 0.442867 0.745488
vt 0.440724 0.746276
vt 0.438552 0.747045
vt 0.436356 0.747797
vt 0.434143 0.748538
vt 0.431918 0.749271
vt 0.467619 0.706554
vt 0.468234 0.703359
vt 0.466910 0.709551
vt 0.466107 0.712359
vt 0.465209 0.714988
vt 0.464216 0.717447
vt 0.463127 0.719748
vt 0.461943 0.721900
vt 0.460664 0.723912
vt 0.459287 0.725795
vt 0.457812 0.727557
vt 0.456238 0.729208
vt 0.454562 0.730757
vt 0.452785 0.732214
vt 0.450904 0.733589
vt 0.448917 0.734889
vt 0.446826 0.736124
vt 0.444633 0.737300
vt 0.442343 0.738421
vt 0.439962 0.739492
vt 0.437493 0.740517
vt 0.434941 0.741500
vt 0.432312 0.742448
vt 0.429609 0.743364
vt 0.426839 0.744253
vt 0.424009 0.745118
vt 0.421127 0.745962
vt 0.418203 0.746790
vt 0.415245 0.747604
vt 0.412261 0.748409
vt 0.409260 0.749206
vt 0.459744 0.705813
vt 0.460507 0.702657
vt 0.458861 0.708772
vt 0.457858 0.711545
vt 0.456735 0.714141
vt 0.455492 0.716572
vt 0.454132 0.718848
vt 0.452653 0.720978
vt 0.451056 0.722975
vt 0.449340 0.724846
vt 0.447503 0.726601
vt 0.445543 0.728249
vt 0.443459 0.729801
vt 0.441249 0.731264
vt 0.438911 0.732649
vt 0.436443 0.733964
vt 0.433846 0.735218
vt 0.431121 0.736417
vt 0.428274 0.737566
vt 0.425310 0.738670
vt 0.422232 0.739733
vt 0.419045 0.740762
vt 0.415754 0.741760
vt 0.412363 0.742733
vt 0.408878 0.743685
vt 0.405310 0.744620
vt 0.401669 0.745540
vt 0.397970 0.746447
vt 0.394222 0.747344
vt 0.390439 0.748234
vt 0.386632 0.749118
vt 0.452016 0.704928
vt 0.452923 0.701822
vt 0.450960 0.707838
vt 0.449757 0.710565
vt 0.448409 0.713119
vt 0.446918 0.715511
vt 0.445285 0.717753
vt 0.443512 0.719856
vt 0.441600 0.721830
vt 0.439548 0.723685
vt 0.437353 0.725430
vt 0.435013 0.727073
vt 0.432527 0.728625
vt 0.429892 0.730094
vt 0.427106 0.731489
vt 0.424167 0.732820
vt 0.421074 0.734094
vt 0.417829 0.735319
vt 0.414435 0.736499
vt 0.410896 0.737640
vt 0.407215 0.738749
vt 0.403395 0.739830
vt 0.399440 0.740889
vt 0.395352 0.741932
vt 0.391137 0.742964
vt 0.386809 0.743986
vt 0.382385 0.745001
vt 0.377880 0.746009
vt 0.373310 0.747011
vt 0.368692 0.748010
vt 0.364042 0.749005
vt 0.444463 0.703905
vt 0.445511 0.700863
vt 0.443237 0.706755
vt 0.441836 0.709424
vt 0.440263 0.711925
vt 0.438522 0.714268
vt 0.436617 0.716468
vt 0.434550 0.718534
vt 0.432325 0.720479
vt 0.429940 0.722312
vt 0.427393 0.724042
vt 0.424680 0.725678
vt 0.421800 0.727228
vt 0.418750 0.728701
vt 0.415527 0.730106
vt 0.412128 0.731451
vt 0.408553 0.732746
vt 0.404801 0.733997
vt 0.400872 0.735211
vt 0.396769 0.736394
vt 0.392491 0.737553
vt 0.388040 0.738695
vt 0.383417 0.739825
vt 0.378622 0.740951
vt 0.373660 0.742077
vt 0.368548 0.743206
vt 0.363309 0.744336
vt 0.357962 0.745467
vt 0.352531 0.746599
vt 0.347035 0.747733
vt 0.341497 0.748866
vt 0.437117 0.702753
vt 0.438299 0.699786
vt 0.435723 0.705529
vt 0.434124 0.708128
vt 0.432326 0.710563
vt 0.430335 0.712847
vt 0.428156 0.714993
vt 0.425797 0.717014
vt 0.423262 0.718923
vt 0.420549 0.720728
vt 0.417655 0.722438
vt 0.414577 0.724061
vt 0.411312 0.725606
vt 0.407858 0.727081
vt 0.404210 0.728494
vt 0.400367 0.729854
vt 0.396324 0.731169
vt 0.392080 0.732447
vt 0.387631 0.733695
vt 0.382975 0.734923
vt 0.378109 0.736137
vt 0.373030 0.737345
vt 0.367734 0.738556
vt 0.362220 0.739778
vt 0.356490 0.741016
vt 0.350566 0.742270
vt 0.344475 0.743537
vt 0.338246 0.744816
vt 0.331907 0.746104
vt 0.325484 0.747399
vt 0.319006 0.748698
vt 0.430007 0.701478
vt 0.431320 0.698603
vt 0.428448 0.704166
vt 0.426651 0.706681
vt 0.424627 0.709037
vt 0.422385 0.711249
vt 0.419934 0.713331
vt 0.417283 0.715297
vt 0.414441 0.717161
vt 0.411404 0.718931
vt 0.408171 0.720616
vt 0.404736 0.722222
vt 0.401098 0.723758
vt 0.397251 0.725232
vt 0.393194 0.726651
vt 0.388921 0.728023
vt 0.384429 0.729356
vt 0.379711 0.730659
vt 0.374759 0.731943
vt 0.369564 0.733216
vt 0.364120 0.734488
vt 0.358417 0.735770
vt 0.352447 0.737071
vt 0.346204 0.738399
vt 0.339686 0.739764
vt 0.332920 0.741162
vt 0.325940 0.742589
vt 0.318782 0.744041
vt 0.311479 0.745513
vt 0.304067 0.747000
vt 0.296583 0.748498
vt 0.423179 0.700090
vt 0.424619 0.697326
vt 0.421451 0.702670
vt 0.419453 0.705082
vt 0.417199 0.707344
vt 0.414703 0.709471
vt 0.411979 0.711478
vt 0.409038 0.713380
vt 0.405891 0.715191
vt 0.402537 0.716920
vt 0.398972 0.718573
vt 0.395191 0.720158
vt 0.391191 0.721681
vt 0.386967 0.723150
vt 0.382515 0.724571
vt 0.377832 0.725952
vt 0.372911 0.727301
vt 0.367739 0.728627
vt 0.362304 0.729944
vt 0.356590 0.731263
vt 0.350584 0.732594
vt 0.344272 0.733951
vt 0.337639 0.735345
vt 0.330671 0.736788
vt 0.323363 0.738288
vt 0.315742 0.739843
vt 0.307844 0.741448
vt 0.299706 0.743099
vt 0.291365 0.744789
vt 0.282870 0.746509
vt 0.274273 0.748249
vt 0.416678 0.698598
vt 0.418247 0.695971
vt 0.414775 0.701043
vt 0.412564 0.703330
vt 0.410073 0.705480
vt 0.407320 0.707508
vt 0.404320 0.709430
vt 0.401091 0.711260
vt 0.397644 0.713012
vt 0.393979 0.714693
vt 0.390091 0.716309
vt 0.385975 0.717867
vt 0.381626 0.719373
vt 0.377040 0.720832
vt 0.372212 0.722252
vt 0.367138 0.723638
vt 0.361810 0.724998
vt 0.356209 0.726344
vt 0.350315 0.727691
vt 0.344108 0.729051
vt 0.337567 0.730440
vt 0.330670 0.731870
vt 0.323398 0.733356
vt 0.315729 0.734912
vt 0.307651 0.736548
vt 0.299182 0.738266
vt 0.290348 0.740063
vt 0.281177 0.741939
vt 0.271702 0.743888
vt 0.261994 0.745893
vt 0.252130 0.747937
vt 0.410550 0.697008
vt 0.412251 0.694553
vt 0.408458 0.699288
vt 0.406021 0.701422
vt 0.403282 0.703440
vt 0.400265 0.705355
vt 0.396988 0.707182
vt 0.393471 0.708933
vt 0.389729 0.710619
vt 0.385760 0.712246
vt 0.381558 0.713820
vt 0.377119 0.715346
vt 0.372437 0.716830
vt 0.367507 0.718275
vt 0.362323 0.719689
vt 0.356879 0.721075
vt 0.351168 0.722442
vt 0.345165 0.723803
vt 0.338843 0.725173
vt 0.332174 0.726570
vt 0.325131 0.728010
vt 0.317687 0.729507
vt 0.309815 0.731078
vt 0.301487 0.732740
vt 0.292680 0.734506
vt 0.283389 0.736385
vt 0.273614 0.738385
vt 0.263353 0.740511
vt 0.252627 0.742766
vt 0.241537 0.745121
vt 0.230204 0.747544
vt 0.404807 0.695306
vt 0.406646 0.693072
vt 0.402537 0.697392
vt 0.399859 0.699354
vt 0.396858 0.701218
vt 0.393569 0.703008
vt 0.390012 0.704732
vt 0.386210 0.706397
vt 0.382176 0.708011
vt 0.377910 0.709579
vt 0.373406 0.711105
vt 0.368657 0.712594
vt 0.363658 0.714050
vt 0.358402 0.715476
vt 0.352883 0.716878
vt 0.347095 0.718259
vt 0.341028 0.719626
vt 0.334652 0.720995
vt 0.327935 0.722383
vt 0.320842 0.723808
vt 0.313340 0.725289
vt 0.305397 0.726843
vt 0.296978 0.728488
vt 0.288051 0.730241
vt 0.278579 0.732122
vt 0.268517 0.734153
vt 0.257818 0.736355
vt 0.246434 0.738752
vt 0.234085 0.741445
vt 0.220985 0.744367
vt 0.207830 0.747294
vt 0.399610 0.693501
vt 0.401699 0.691582
vt 0.397086 0.695339
vt 0.394115 0.697108
vt 0.390832 0.698805
vt 0.387261 0.700460
vt 0.383422 0.702073
vt 0.379335 0.703647
vt 0.375016 0.705185
vt 0.370462 0.706689
vt 0.365666 0.708162
vt 0.360623 0.709608
vt 0.355324 0.711030
vt 0.349762 0.712431
vt 0.343932 0.713814
vt 0.337826 0.715183
vt 0.331432 0.716544
vt 0.324716 0.717913
vt 0.317641 0.719310
vt 0.310168 0.720753
vt 0.302259 0.722263
vt 0.293875 0.723859
vt 0.284978 0.725560
vt 0.275530 0.727385
vt 0.265482 0.729358
vt 0.254742 0.731515
vt 0.243209 0.733896
vt 0.230781 0.736544
vt 0.216530 0.739774
vt 0.200779 0.743485
vt 0.185302 0.747089
vt 0.394955 0.691592
vt 0.397350 0.690073
vt 0.392129 0.693116
vt 0.388827 0.694663
vt 0.385239 0.696188
vt 0.381373 0.697703
vt 0.377247 0.699202
vt 0.372877 0.700682
vt 0.368278 0.702138
vt 0.363445 0.703573
vt 0.358370 0.704988
vt 0.353047 0.706386
vt 0.347467 0.707768
vt 0.341623 0.709137
vt 0.335507 0.710495
vt 0.329110 0.711844
vt 0.322420 0.713191
vt 0.315401 0.714551
vt 0.308011 0.715945
vt 0.300207 0.717394
vt 0.291950 0.718917
vt 0.283196 0.720536
vt 0.273904 0.722270
vt 0.264032 0.724140
vt 0.253522 0.726171
vt 0.242243 0.728414
vt 0.230051 0.730923
vt 0.216797 0.733754
vt 0.200867 0.737453
vt 0.182451 0.741963
vt 0.164119 0.746430
vt 0.600455 0.688518
vt 0.399545 0.688518
vt 0.403604 0.689570
vt 0.408198 0.690685
vt 0.413514 0.691890
vt 0.419452 0.693140
vt 0.425756 0.694359
vt 0.432376 0.695525
vt 0.439264 0.696617
vt 0.446376 0.697616
vt 0.453679 0.698511
vt 0.461148 0.699294
vt 0.468754 0.699955
vt 0.476469 0.700484
vt 0.484267 0.700874
vt 0.492120 0.701114
vt 0.500000 0.701196
vt 0.507880 0.701114
vt 0.515733 0.700873
vt 0.523531 0.700484
vt 0.531246 0.699954
vt 0.538852 0.699294
vt 0.546321 0.698511
vt 0.553624 0.697616
vt 0.560736 0.696617
vt 0.567624 0.695525
vt 0.574244 0.694359
vt 0.580548 0.693140
vt 0.586486 0.691890
vt 0.591802 0.690685
vt 0.596396 0.689570
vt 0.600979 0.563830
vt 0.601586 0.566368
vt 0.596524 0.565774
vt 0.596404 0.563016
vt 0.602381 0.569251
vt 0.596911 0.568825
vt 0.603354 0.572518
vt 0.597540 0.572174
vt 0.604381 0.576023
vt 0.598289 0.575743
vt 0.605410 0.579767
vt 0.599087 0.579535
vt 0.606413 0.583722
vt 0.599896 0.583528
vt 0.607358 0.587861
vt 0.600678 0.587698
vt 0.608220 0.592159
vt 0.601402 0.592024
vt 0.608987 0.596595
vt 0.602054 0.596484
vt 0.609654 0.601148
vt 0.602626 0.601060
vt 0.610214 0.605801
vt 0.603112 0.605732
vt 0.610661 0.610532
vt 0.603503 0.610482
vt 0.610988 0.615322
vt 0.603792 0.615289
vt 0.611189 0.620151
vt 0.603971 0.620135
vt 0.611258 0.625000
vt 0.604032 0.625000
vt 0.611189 0.629849
vt 0.603971 0.629865
vt 0.610988 0.634678
vt 0.603792 0.634711
vt 0.610661 0.639468
vt 0.603503 0.639518
vt 0.610214 0.644199
vt 0.603112 0.644268
vt 0.609654 0.648852
vt 0.602626 0.648940
vt 0.608987 0.653406
vt 0.602054 0.653516
vt 0.608220 0.657841
vt 0.601402 0.657977
vt 0.607358 0.662139
vt 0.600678 0.662302
vt 0.606413 0.666279
vt 0.599896 0.666472
vt 0.605410 0.670234
vt 0.599087 0.670465
vt 0.604381 0.673977
vt 0.598290 0.674258
vt 0.603354 0.677482
vt 0.597540 0.677826
vt 0.602381 0.680749
vt 0.596910 0.681175
vt 0.601586 0.683632
vt 0.596524 0.684226
vt 0.600979 0.686170
vt 0.596404 0.686984
vt 0.591097 0.565022
vt 0.591330 0.562072
vt 0.591190 0.568220
vt 0.591546 0.571662
vt 0.592055 0.575319
vt 0.592648 0.579181
vt 0.593282 0.583231
vt 0.593916 0.587448
vt 0.594512 0.591815
vt 0.595058 0.596313
vt 0.595543 0.600923
vt 0.595960 0.605626
vt 0.596300 0.610404
vt 0.596553 0.615238
vt 0.596712 0.620110
vt 0.596766 0.625000
vt 0.596712 0.629890
vt 0.596553 0.634762
vt 0.596300 0.639596
vt 0.595960 0.644374
vt 0.595543 0.649078
vt 0.595058 0.653687
vt 0.594512 0.658185
vt 0.593916 0.662552
vt 0.593282 0.666770
vt 0.592648 0.670819
vt 0.592055 0.674681
vt 0.591546 0.678338
vt 0.591190 0.681780
vt 0.591097 0.684978
vt 0.591330 0.687928
vt 0.585291 0.564129
vt 0.585688 0.561005
vt 0.585211 0.567474
vt 0.585366 0.571030
vt 0.585676 0.574788
vt 0.586093 0.578733
vt 0.586572 0.582851
vt 0.587072 0.587127
vt 0.587554 0.591547
vt 0.588003 0.596092
vt 0.588409 0.600746
vt 0.588763 0.605489
vt 0.589055 0.610304
vt 0.589276 0.615173
vt 0.589415 0.620077
vt 0.589464 0.625000
vt 0.589415 0.629923
vt 0.589276 0.634828
vt 0.589055 0.639697
vt 0.588763 0.644511
vt 0.588409 0.649255
vt 0.588003 0.653908
vt 0.587554 0.658453
vt 0.587072 0.662873
vt 0.586572 0.667149
vt 0.586093 0.671267
vt 0.585676 0.675213
vt 0.585366 0.678970
vt 0.585211 0.682526
vt 0.585291 0.685871
vt 0.585688 0.688995
vt 0.579223 0.563180
vt 0.579719 0.559912
vt 0.579001 0.566655
vt 0.578996 0.570326
vt 0.579150 0.574183
vt 0.579422 0.578215
vt 0.579769 0.582409
vt 0.580150 0.586753
vt 0.580529 0.591233
vt 0.580892 0.595834
vt 0.581226 0.600537
vt 0.581524 0.605327
vt 0.581773 0.610185
vt 0.581963 0.615095
vt 0.582085 0.620039
vt 0.582128 0.625000
vt 0.582085 0.629961
vt 0.581963 0.634905
vt 0.581773 0.639815
vt 0.581524 0.644673
vt 0.581227 0.649463
vt 0.580892 0.654166
vt 0.580529 0.658767
vt 0.580150 0.663247
vt 0.579769 0.667591
vt 0.579422 0.671785
vt 0.579150 0.675817
vt 0.578996 0.679674
vt 0.579001 0.683346
vt 0.579223 0.686820
vt 0.579719 0.690089
vt 0.572871 0.562215
vt 0.573418 0.558823
vt 0.572560 0.565804
vt 0.572444 0.569581
vt 0.572483 0.573535
vt 0.572638 0.577654
vt 0.572873 0.581927
vt 0.573151 0.586342
vt 0.573441 0.590888
vt 0.573727 0.595548
vt 0.573998 0.600307
vt 0.574244 0.605147
vt 0.574454 0.610053
vt 0.574617 0.615008
vt 0.574723 0.619996
vt 0.574761 0.625000
vt 0.574723 0.630004
vt 0.574617 0.634992
vt 0.574454 0.639947
vt 0.574244 0.644853
vt 0.573998 0.649693
vt 0.573727 0.654452
vt 0.573441 0.659112
vt 0.573151 0.663658
vt 0.572873 0.668073
vt 0.572638 0.672346
vt 0.572483 0.676465
vt 0.572444 0.680419
vt 0.572560 0.684196
vt 0.572871 0.687786
vt 0.573418 0.691177
vt 0.566266 0.561262
vt 0.566828 0.557766
vt 0.565908 0.564953
vt 0.565722 0.568825
vt 0.565677 0.572869
vt 0.565742 0.577073
vt 0.565886 0.581424
vt 0.566078 0.585913
vt 0.566292 0.590525
vt 0.566511 0.595247
vt 0.566727 0.600063
vt 0.566928 0.604956
vt 0.567103 0.609913
vt 0.567241 0.614916
vt 0.567332 0.619950
vt 0.567365 0.625000
vt 0.567332 0.630050
vt 0.567241 0.635084
vt 0.567103 0.640088
vt 0.566928 0.645044
vt 0.566727 0.649938
vt 0.566511 0.654753
vt 0.566292 0.659475
vt 0.566078 0.664088
vt 0.565886 0.668576
vt 0.565742 0.672927
vt 0.565677 0.677131
vt 0.565722 0.681175
vt 0.565908 0.685048
vt 0.566266 0.688738
vt 0.566828 0.692234
vt 0.559441 0.560351
vt 0.559989 0.556765
vt 0.559066 0.564129
vt 0.558841 0.568087
vt 0.558740 0.572214
vt 0.558738 0.576496
vt 0.558811 0.580922
vt 0.558933 0.585480
vt 0.559084 0.590158
vt 0.559248 0.594941
vt 0.559417 0.599813
vt 0.559578 0.604761
vt 0.559722 0.609768
vt 0.559839 0.614820
vt 0.559916 0.619903
vt 0.559944 0.625000
vt 0.559916 0.630097
vt 0.559839 0.635180
vt 0.559722 0.640232
vt 0.559578 0.645240
vt 0.559417 0.650187
vt 0.559248 0.655059
vt 0.559084 0.659842
vt 0.558933 0.664520
vt 0.558811 0.669078
vt 0.558738 0.673504
vt 0.558740 0.677787
vt 0.558841 0.681913
vt 0.559066 0.685871
vt 0.559441 0.689649
vt 0.559989 0.693235
vt 0.552424 0.559506
vt 0.552941 0.555843
vt 0.552054 0.563360
vt 0.551811 0.567393
vt 0.551676 0.571592
vt 0.551629 0.575945
vt 0.551650 0.580439
vt 0.551720 0.585062
vt 0.551820 0.589800
vt 0.551941 0.594640
vt 0.552070 0.599567
vt 0.552198 0.604567
vt 0.552315 0.609624
vt 0.552411 0.614725
vt 0.552477 0.619855
vt 0.552501 0.625000
vt 0.552477 0.630145
vt 0.552411 0.635275
vt 0.552315 0.640376
vt 0.552198 0.645433
vt 0.552070 0.650433
vt 0.551941 0.655360
vt 0.551820 0.660200
vt 0.551720 0.664938
vt 0.551650 0.669561
vt 0.551629 0.674055
vt 0.551676 0.678408
vt 0.551811 0.682607
vt 0.552054 0.686640
vt 0.552424 0.690494
vt 0.552941 0.694157
vt 0.545243 0.558741
vt 0.545713 0.555013
vt 0.544894 0.562660
vt 0.544652 0.566757
vt 0.544501 0.571019
vt 0.544426 0.575434
vt 0.544413 0.579987
vt 0.544445 0.584668
vt 0.544508 0.589461
vt 0.544593 0.594354
vt 0.544691 0.599332
vt 0.544791 0.604380
vt 0.544885 0.609485
vt 0.544963 0.614633
vt 0.545017 0.619810
vt 0.545037 0.625000
vt 0.545017 0.630190
vt 0.544963 0.635367
vt 0.544885 0.640515
vt 0.544791 0.645620
vt 0.544691 0.650669
vt 0.544593 0.655646
vt 0.544508 0.660539
vt 0.544445 0.665332
vt 0.544413 0.670013
vt 0.544426 0.674567
vt 0.544501 0.678981
vt 0.544652 0.683243
vt 0.544894 0.687340
vt 0.545243 0.691259
vt 0.545713 0.694987
vt 0.537919 0.558065
vt 0.538331 0.554283
vt 0.537606 0.562038
vt 0.537381 0.566189
vt 0.537230 0.570505
vt 0.537144 0.574972
vt 0.537110 0.579577
vt 0.537117 0.584308
vt 0.537154 0.589150
vt 0.537213 0.594090
vt 0.537284 0.599113
vt 0.537361 0.604207
vt 0.537435 0.609356
vt 0.537497 0.614548
vt 0.537541 0.619767
vt 0.537557 0.625000
vt 0.537541 0.630233
vt 0.537497 0.635453
vt 0.537435 0.640644
vt 0.537361 0.645793
vt 0.537284 0.650887
vt 0.537213 0.655910
vt 0.537154 0.660851
vt 0.537117 0.665693
vt 0.537110 0.670423
vt 0.537144 0.675029
vt 0.537230 0.679496
vt 0.537381 0.683811
vt 0.537606 0.687962
vt 0.537919 0.691935
vt 0.538331 0.695717
vt 0.530477 0.557489
vt 0.530819 0.553665
vt 0.530212 0.561506
vt 0.530016 0.565700
vt 0.529880 0.570059
vt 0.529795 0.574570
vt 0.529753 0.579219
vt 0.529746 0.583991
vt 0.529765 0.588875
vt 0.529804 0.593856
vt 0.529855 0.598919
vt 0.529912 0.604052
vt 0.529968 0.609241
vt 0.530016 0.614471
vt 0.530050 0.619729
vt 0.530062 0.625000
vt 0.530050 0.630272
vt 0.530016 0.635529
vt 0.529968 0.640759
vt 0.529912 0.645948
vt 0.529855 0.651081
vt 0.529804 0.656145
vt 0.529765 0.661125
vt 0.529746 0.666009
vt 0.529753 0.670782
vt 0.529795 0.675430
vt 0.529880 0.679941
vt 0.530016 0.684300
vt 0.530212 0.688495
vt 0.530477 0.692511
vt 0.530819 0.696335
vt 0.522941 0.557024
vt 0.523205 0.553167
vt 0.522734 0.561073
vt 0.522577 0.565301
vt 0.522466 0.569694
vt 0.522393 0.574239
vt 0.522353 0.578922
vt 0.522340 0.583729
vt 0.522349 0.588646
vt 0.522373 0.593660
vt 0.522407 0.598756
vt 0.522447 0.603922
vt 0.522487 0.609143
vt 0.522522 0.614406
vt 0.522547 0.619696
vt 0.522557 0.625000
vt 0.522547 0.630304
vt 0.522522 0.635594
vt 0.522487 0.640857
vt 0.522447 0.646078
vt 0.522407 0.651244
vt 0.522373 0.656340
vt 0.522349 0.661354
vt 0.522340 0.666272
vt 0.522353 0.671078
vt 0.522393 0.675761
vt 0.522466 0.680306
vt 0.522577 0.684699
vt 0.522734 0.688927
vt 0.522941 0.692976
vt 0.523205 0.696833
vt 0.515333 0.556679
vt 0.515513 0.552799
vt 0.515191 0.560751
vt 0.515083 0.565003
vt 0.515004 0.569421
vt 0.514951 0.573990
vt 0.514920 0.578697
vt 0.514908 0.583529
vt 0.514911 0.588471
vt 0.514924 0.593510
vt 0.514946 0.598632
vt 0.514971 0.603822
vt 0.514997 0.609068
vt 0.515020 0.614356
vt 0.515036 0.619671
vt 0.515043 0.625000
vt 0.515036 0.630329
vt 0.515020 0.635644
vt 0.514997 0.640932
vt 0.514971 0.646178
vt 0.514946 0.651368
vt 0.514924 0.656490
vt 0.514911 0.661529
vt 0.514908 0.666471
vt 0.514920 0.671303
vt 0.514951 0.676010
vt 0.515004 0.680580
vt 0.515082 0.684997
vt 0.515191 0.689249
vt 0.515333 0.693322
vt 0.515513 0.697201
vt 0.507679 0.556464
vt 0.507769 0.552571
vt 0.507606 0.560550
vt 0.507551 0.564816
vt 0.507510 0.569248
vt 0.507482 0.573832
vt 0.507466 0.578555
vt 0.507458 0.583402
vt 0.507459 0.588360
vt 0.507465 0.593414
vt 0.507475 0.598552
vt 0.507488 0.603758
vt 0.507500 0.609020
vt 0.507511 0.614324
vt 0.507520 0.619655
vt 0.507523 0.625000
vt 0.507520 0.630345
vt 0.507512 0.635676
vt 0.507500 0.640980
vt 0.507488 0.646242
vt 0.507475 0.651448
vt 0.507465 0.656586
vt 0.507459 0.661640
vt 0.507458 0.666598
vt 0.507466 0.671445
vt 0.507482 0.676168
vt 0.507510 0.680752
vt 0.507551 0.685184
vt 0.507606 0.689450
vt 0.507678 0.693536
vt 0.507769 0.697429
vt 0.500000 0.556390
vt 0.500000 0.552493
vt 0.500000 0.560481
vt 0.500000 0.564752
vt 0.500000 0.569188
vt 0.500000 0.573778
vt 0.500000 0.578505
vt 0.500000 0.583357
vt 0.500000 0.588320
vt 0.500000 0.593380
vt 0.500000 0.598523
vt 0.500000 0.603736
vt 0.500000 0.609003
vt 0.500000 0.614312
vt 0.500000 0.619649
vt 0.500000 0.625000
vt 0.500000 0.630351
vt 0.500000 0.635688
vt 0.500000 0.640997
vt 0.500000 0.646264
vt 0.500000 0.651477
vt 0.500000 0.656620
vt 0.500000 0.661680
vt 0.500000 0.666643
vt 0.500000 0.671495
vt 0.500000 0.676222
vt 0.500000 0.680812
vt 0.500000 0.685249
vt 0.500000 0.689519
vt 0.500000 0.693610
vt 0.500000 0.697507
vt 0.492322 0.556464
vt 0.492231 0.552571
vt 0.492394 0.560550
vt 0.492449 0.564816
vt 0.492490 0.569248
vt 0.492518 0.573832
vt 0.492534 0.578555
vt 0.492542 0.583402
vt 0.492541 0.588360
vt 0.492535 0.593414
vt 0.492525 0.598552
vt 0.492513 0.603758
vt 0.492500 0.609020
vt 0.492489 0.614324
vt 0.492480 0.619655
vt 0.492477 0.625000
vt 0.492480 0.630345
vt 0.492489 0.635676
vt 0.492500 0.640980
vt 0.492513 0.646242
vt 0.492525 0.651448
vt 0.492535 0.656586
vt 0.492541 0.661641
vt 0.492542 0.666598
vt 0.492534 0.671445
vt 0.492518 0.676168
vt 0.492490 0.680752
vt 0.492449 0.685184
vt 0.492394 0.689450
vt 0.492322 0.693536
vt 0.492231 0.697429
vt 0.484667 0.556678
vt 0.484487 0.552799
vt 0.484809 0.560751
vt 0.484918 0.565003
vt 0.484996 0.569420
vt 0.485049 0.573990
vt 0.485080 0.578697
vt 0.485092 0.583529
vt 0.485089 0.588471
vt 0.485076 0.593510
vt 0.485054 0.598632
vt 0.485029 0.603822
vt 0.485003 0.609068
vt 0.484980 0.614356
vt 0.484964 0.619671
vt 0.484957 0.625000
vt 0.484964 0.630329
vt 0.484980 0.635644
vt 0.485003 0.640932
vt 0.485029 0.646178
vt 0.485054 0.651368
vt 0.485076 0.656490
vt 0.485089 0.661529
vt 0.485092 0.666471
vt 0.485080 0.671303
vt 0.485049 0.676010
vt 0.484996 0.680580
vt 0.484918 0.684997
vt 0.484809 0.689249
vt 0.484667 0.693322
vt 0.484487 0.697201
vt 0.477059 0.557024
vt 0.476795 0.553167
vt 0.477266 0.561073
vt 0.477423 0.565301
vt 0.477534 0.569694
vt 0.477607 0.574239
vt 0.477647 0.578922
vt 0.477660 0.583729
vt 0.477652 0.588646
vt 0.477628 0.593660
vt 0.477593 0.598756
vt 0.477553 0.603922
vt 0.477513 0.609143
vt 0.477478 0.614406
vt 0.477453 0.619696
vt 0.477443 0.625000
vt 0.477453 0.630304
vt 0.477478 0.635594
vt 0.477513 0.640857
vt 0.477553 0.646078
vt 0.477593 0.651244
vt 0.477628 0.656340
vt 0.477652 0.661354
vt 0.477660 0.666272
vt 0.477647 0.671078
vt 0.477607 0.675761
vt 0.477534 0.680306
vt 0.477423 0.684699
vt 0.477266 0.688927
vt 0.477059 0.692976
vt 0.476795 0.696833
vt 0.469523 0.557489
vt 0.469181 0.553665
vt 0.469788 0.561506
vt 0.469984 0.565700
vt 0.470120 0.570059
vt 0.470205 0.574570
vt 0.470247 0.579219
vt 0.470254 0.583991
vt 0.470235 0.588875
vt 0.470196 0.593856
vt 0.470145 0.598919
vt 0.470088 0.604052
vt 0.470033 0.609241
vt 0.469984 0.614471
vt 0.469950 0.619729
vt 0.469938 0.625000
vt 0.469950 0.630272
vt 0.469984 0.635529
vt 0.470033 0.640759
vt 0.470088 0.645948
vt 0.470145 0.651081
vt 0.470196 0.656145
vt 0.470235 0.661125
vt 0.470254 0.666009
vt 0.470247 0.670782
vt 0.470205 0.675430
vt 0.470120 0.679941
vt 0.469984 0.684300
vt 0.469788 0.688495
vt 0.469523 0.692511
vt 0.469181 0.696335
vt 0.462081 0.558065
vt 0.461669 0.554283
vt 0.462394 0.562038
vt 0.462620 0.566189
vt 0.462770 0.570504
vt 0.462856 0.574972
vt 0.462890 0.579577
vt 0.462883 0.584308
vt 0.462846 0.589150
vt 0.462787 0.594089
vt 0.462716 0.599113
vt 0.462639 0.604207
vt 0.462566 0.609356
vt 0.462503 0.614548
vt 0.462459 0.619767
vt 0.462443 0.625000
vt 0.462459 0.630233
vt 0.462503 0.635452
vt 0.462566 0.640644
vt 0.462639 0.645793
vt 0.462716 0.650887
vt 0.462787 0.655911
vt 0.462846 0.660850
vt 0.462883 0.665693
vt 0.462890 0.670423
vt 0.462856 0.675028
vt 0.462770 0.679496
vt 0.462620 0.683811
vt 0.462394 0.687962
vt 0.462081 0.691935
vt 0.461670 0.695717
vt 0.454757 0.558741
vt 0.454287 0.555013
vt 0.455106 0.562660
vt 0.455348 0.566757
vt 0.455499 0.571019
vt 0.455574 0.575434
vt 0.455587 0.579987
vt 0.455555 0.584668
vt 0.455492 0.589461
vt 0.455407 0.594354
vt 0.455309 0.599331
vt 0.455209 0.604380
vt 0.455115 0.609486
vt 0.455037 0.614633
vt 0.454983 0.619810
vt 0.454963 0.625000
vt 0.454983 0.630190
vt 0.455037 0.635367
vt 0.455115 0.640515
vt 0.455209 0.645620
vt 0.455309 0.650669
vt 0.455407 0.655646
vt 0.455492 0.660539
vt 0.455555 0.665332
vt 0.455588 0.670013
vt 0.455574 0.674567
vt 0.455499 0.678981
vt 0.455348 0.683243
vt 0.455106 0.687340
vt 0.454757 0.691259
vt 0.454287 0.694987
vt 0.447576 0.559506
vt 0.447059 0.555843
vt 0.447946 0.563360
vt 0.448189 0.567393
vt 0.448324 0.571592
vt 0.448371 0.575945
vt 0.448350 0.580439
vt 0.448280 0.585062
vt 0.448180 0.589800
vt 0.448060 0.594640
vt 0.447930 0.599567
vt 0.447802 0.604567
vt 0.447685 0.609624
vt 0.447589 0.614725
vt 0.447523 0.619855
vt 0.447499 0.625000
vt 0.447523 0.630145
vt 0.447589 0.635275
vt 0.447685 0.640376
vt 0.447802 0.645433
vt 0.447930 0.650433
vt 0.448060 0.655360
vt 0.448180 0.660200
vt 0.448280 0.664938
vt 0.448350 0.669561
vt 0.448371 0.674055
vt 0.448324 0.678408
vt 0.448189 0.682607
vt 0.447946 0.686640
vt 0.447576 0.690494
vt 0.447059 0.694157
vt 0.440559 0.560351
vt 0.440011 0.556765
vt 0.440934 0.564129
vt 0.441159 0.568087
vt 0.441261 0.572214
vt 0.441262 0.576496
vt 0.441189 0.580922
vt 0.441067 0.585480
vt 0.440917 0.590158
vt 0.440752 0.594941
vt 0.440584 0.599813
vt 0.440422 0.604761
vt 0.440278 0.609768
vt 0.440162 0.614820
vt 0.440084 0.619903
vt 0.440056 0.625000
vt 0.440084 0.630097
vt 0.440162 0.635180
vt 0.440278 0.640232
vt 0.440422 0.645239
vt 0.440584 0.650187
vt 0.440752 0.655059
vt 0.440917 0.659842
vt 0.441067 0.664520
vt 0.441189 0.669078
vt 0.441262 0.673504
vt 0.441261 0.677787
vt 0.441159 0.681913
vt 0.440934 0.685871
vt 0.440559 0.689649
vt 0.440011 0.693235
vt 0.433734 0.561262
vt 0.433172 0.557766
vt 0.434092 0.564952
vt 0.434278 0.568825
vt 0.434323 0.572869
vt 0.434258 0.577073
vt 0.434114 0.581425
vt 0.433922 0.585913
vt 0.433709 0.590525
vt 0.433489 0.595247
vt 0.433273 0.600063
vt 0.433072 0.604956
vt 0.432897 0.609913
vt 0.432759 0.614916
vt 0.432668 0.619950
vt 0.432635 0.625000
vt 0.432668 0.630050
vt 0.432759 0.635084
vt 0.432897 0.640088
vt 0.433072 0.645044
vt 0.433273 0.649938
vt 0.433489 0.654753
vt 0.433709 0.659475
vt 0.433922 0.664087
vt 0.434114 0.668576
vt 0.434258 0.672927
vt 0.434323 0.677131
vt 0.434278 0.681175
vt 0.434092 0.685048
vt 0.433734 0.688738
vt 0.433172 0.692234
vt 0.427129 0.562215
vt 0.426582 0.558823
vt 0.427440 0.565804
vt 0.427556 0.569581
vt 0.427517 0.573535
vt 0.427362 0.577654
vt 0.427127 0.581927
vt 0.426849 0.586342
vt 0.426559 0.590888
vt 0.426273 0.595548
vt 0.426002 0.600307
vt 0.425756 0.605147
vt 0.425546 0.610053
vt 0.425383 0.615008
vt 0.425277 0.619996
vt 0.425239 0.625000
vt 0.425277 0.630004
vt 0.425383 0.634992
vt 0.425546 0.639947
vt 0.425756 0.644853
vt 0.426002 0.649693
vt 0.426273 0.654452
vt 0.426559 0.659112
vt 0.426849 0.663658
vt 0.427127 0.668073
vt 0.427362 0.672346
vt 0.427518 0.676465
vt 0.427556 0.680419
vt 0.427440 0.684196
vt 0.427129 0.687786
vt 0.426582 0.691177
vt 0.420777 0.563180
vt 0.420281 0.559912
vt 0.420999 0.566655
vt 0.421004 0.570326
vt 0.420850 0.574183
vt 0.420578 0.578215
vt 0.420231 0.582409
vt 0.419850 0.586753
vt 0.419471 0.591233
vt 0.419108 0.595834
vt 0.418774 0.600538
vt 0.418477 0.605327
vt 0.418228 0.610185
vt 0.418037 0.615095
vt 0.417915 0.620039
vt 0.417872 0.625000
vt 0.417915 0.629961
vt 0.418037 0.634905
vt 0.418228 0.639815
vt 0.418477 0.644673
vt 0.418774 0.649463
vt 0.419108 0.654166
vt 0.419471 0.658767
vt 0.419850 0.663247
vt 0.420231 0.667591
vt 0.420578 0.671785
vt 0.420850 0.675817
vt 0.421005 0.679674
vt 0.420999 0.683346
vt 0.420777 0.686820
vt 0.420281 0.690089
vt 0.414709 0.564129
vt 0.414312 0.561005
vt 0.414789 0.567474
vt 0.414635 0.571030
vt 0.414324 0.574788
vt 0.413907 0.578733
vt 0.413428 0.582851
vt 0.412928 0.587127
vt 0.412446 0.591547
vt 0.411997 0.596092
vt 0.411591 0.600746
vt 0.411237 0.605489
vt 0.410945 0.610304
vt 0.410724 0.615173
vt 0.410585 0.620077
vt 0.410536 0.625000
vt 0.410585 0.629923
vt 0.410724 0.634828
vt 0.410945 0.639697
vt 0.411237 0.644511
vt 0.411591 0.649255
vt 0.411997 0.653908
vt 0.412446 0.658453
vt 0.412928 0.662873
vt 0.413428 0.667149
vt 0.413907 0.671268
vt 0.414324 0.675213
vt 0.414634 0.678970
vt 0.414789 0.682526
vt 0.414709 0.685871
vt 0.414312 0.688995
vt 0.408903 0.565022
vt 0.408670 0.562072
vt 0.408810 0.568220
vt 0.408454 0.571662
vt 0.407945 0.575319
vt 0.407352 0.579181
vt 0.406718 0.583231
vt 0.406084 0.587448
vt 0.405488 0.591815
vt 0.404942 0.596313
vt 0.404457 0.600923
vt 0.404040 0.605626
vt 0.403700 0.610404
vt 0.403447 0.615238
vt 0.403289 0.620110
vt 0.403234 0.625000
vt 0.403288 0.629890
vt 0.403447 0.634762
vt 0.403700 0.639596
vt 0.404040 0.644374
vt 0.404457 0.649077
vt 0.404942 0.653687
vt 0.405488 0.658185
vt 0.406084 0.662552
vt 0.406718 0.666770
vt 0.407352 0.670819
vt 0.407945 0.674681
vt 0.408454 0.678338
vt 0.408810 0.681780
vt 0.408903 0.684978
vt 0.408670 0.687928
vt 0.403476 0.565774
vt 0.403596 0.563016
vt 0.403090 0.568825
vt 0.402460 0.572174
vt 0.401711 0.575743
vt 0.400913 0.579535
vt 0.400104 0.583528
vt 0.399322 0.587698
vt 0.398598 0.592024
vt 0.397947 0.596484
vt 0.397374 0.601060
vt 0.396888 0.605732
vt 0.396497 0.610482
vt 0.396208 0.615289
vt 0.396030 0.620135
vt 0.395968 0.625000
vt 0.396030 0.629865
vt 0.396208 0.634711
vt 0.396497 0.639518
vt 0.396888 0.644268
vt 0.397374 0.648940
vt 0.397947 0.653516
vt 0.398598 0.657977
vt 0.399322 0.662302
vt 0.400104 0.666472
vt 0.400913 0.670465
vt 0.401711 0.674258
vt 0.402460 0.677826
vt 0.403090 0.681175
vt 0.403476 0.684226
vt 0.403596 0.686984
vt 0.398414 0.566368
vt 0.399021 0.563830
vt 0.397619 0.569251
vt 0.396646 0.572518
vt 0.395620 0.576023
vt 0.394590 0.579767
vt 0.393587 0.583722
vt 0.392642 0.587861
vt 0.391780 0.592159
vt 0.391013 0.596595
vt 0.390346 0.601148
vt 0.389786 0.605801
vt 0.389339 0.610532
vt 0.389012 0.615322
vt 0.388811 0.620151
vt 0.388742 0.625000
vt 0.388811 0.629849
vt 0.389012 0.634678
vt 0.389339 0.639468
vt 0.389786 0.644199
vt 0.390346 0.648852
vt 0.391013 0.653406
vt 0.391780 0.657841
vt 0.392642 0.662139
vt 0.393587 0.666279
vt 0.394590 0.670234
vt 0.395620 0.673977
vt 0.396646 0.677482
vt 0.397619 0.680749
vt 0.398414 0.683632
vt 0.399021 0.686170
vt 0.600455 0.561483
vt 0.399545 0.561483
vt 0.403604 0.560430
vt 0.408198 0.559315
vt 0.413514 0.558110
vt 0.419452 0.556860
vt 0.425756 0.555641
vt 0.432376 0.554475
vt 0.439264 0.553383
vt 0.446376 0.552384
vt 0.453679 0.551489
vt 0.461148 0.550706
vt 0.468754 0.550046
vt 0.476469 0.549516
vt 0.484267 0.549127
vt 0.492120 0.548886
vt 0.500000 0.548804
vt 0.507880 0.548886
vt 0.515733 0.549127
vt 0.523531 0.549516
vt 0.531246 0.550046
vt 0.538852 0.550706
vt 0.546321 0.551489
vt 0.553624 0.552384
vt 0.560736 0.553384
vt 0.567624 0.554475
vt 0.574244 0.555641
vt 0.580548 0.556860
vt 0.586486 0.558110
vt 0.591802 0.559315
vt 0.596396 0.560430
vt 0.397350 0.559927
vt 0.394955 0.558408
vt 0.399610 0.556499
vt 0.401699 0.558419
vt 0.392129 0.556884
vt 0.397086 0.554661
vt 0.388827 0.555337
vt 0.394115 0.552892
vt 0.385239 0.553812
vt 0.390832 0.551195
vt 0.381373 0.552298
vt 0.387261 0.549541
vt 0.377247 0.550798
vt 0.383422 0.547927
vt 0.372877 0.549318
vt 0.379335 0.546353
vt 0.368278 0.547862
vt 0.375016 0.544815
vt 0.363445 0.546427
vt 0.370462 0.543311
vt 0.358370 0.545012
vt 0.365666 0.541838
vt 0.353047 0.543615
vt 0.360623 0.540392
vt 0.347467 0.542232
vt 0.355324 0.538970
vt 0.341623 0.540863
vt 0.349762 0.537569
vt 0.335507 0.539505
vt 0.343932 0.536186
vt 0.329110 0.538156
vt 0.337826 0.534817
vt 0.322420 0.536809
vt 0.331431 0.533456
vt 0.315401 0.535449
vt 0.324716 0.532087
vt 0.308011 0.534055
vt 0.317641 0.530690
vt 0.300208 0.532606
vt 0.310168 0.529247
vt 0.291950 0.531083
vt 0.302259 0.527737
vt 0.283196 0.529464
vt 0.293875 0.526141
vt 0.273904 0.527730
vt 0.284978 0.524440
vt 0.264032 0.525860
vt 0.275530 0.522615
vt 0.253522 0.523829
vt 0.265482 0.520643
vt 0.242243 0.521586
vt 0.254742 0.518486
vt 0.230051 0.519077
vt 0.243209 0.516104
vt 0.216797 0.516247
vt 0.230781 0.513456
vt 0.200867 0.512547
vt 0.216530 0.510226
vt 0.182451 0.508037
vt 0.200779 0.506515
vt 0.164119 0.503570
vt 0.185302 0.502911
vt 0.404807 0.554694
vt 0.406646 0.556928
vt 0.402537 0.552608
vt 0.399859 0.550646
vt 0.396858 0.548782
vt 0.393569 0.546992
vt 0.390012 0.545268
vt 0.386209 0.543603
vt 0.382176 0.541989
vt 0.377910 0.540421
vt 0.373406 0.538895
vt 0.368657 0.537406
vt 0.363658 0.535950
vt 0.358402 0.534524
vt 0.352883 0.533122
vt 0.347095 0.531741
vt 0.341028 0.530374
vt 0.334652 0.529006
vt 0.327935 0.527617
vt 0.320842 0.526192
vt 0.313340 0.524711
vt 0.305397 0.523157
vt 0.296978 0.521513
vt 0.288051 0.519759
vt 0.278579 0.517878
vt 0.268517 0.515847
vt 0.257818 0.513645
vt 0.246434 0.511248
vt 0.234085 0.508555
vt 0.220985 0.505633
vt 0.207830 0.502706
vt 0.410550 0.552992
vt 0.412251 0.555447
vt 0.408458 0.550712
vt 0.406021 0.548578
vt 0.403282 0.546561
vt 0.400265 0.544645
vt 0.396988 0.542818
vt 0.393471 0.541067
vt 0.389729 0.539381
vt 0.385760 0.537754
vt 0.381558 0.536180
vt 0.377119 0.534654
vt 0.372437 0.533171
vt 0.367507 0.531725
vt 0.362323 0.530311
vt 0.356879 0.528925
vt 0.351168 0.527558
vt 0.345165 0.526198
vt 0.338843 0.524827
vt 0.332174 0.523430
vt 0.325131 0.521991
vt 0.317687 0.520493
vt 0.309815 0.518922
vt 0.301487 0.517260
vt 0.292680 0.515494
vt 0.283389 0.513615
vt 0.273614 0.511615
vt 0.263353 0.509489
vt 0.252627 0.507234
vt 0.241537 0.504879
vt 0.230204 0.502456
vt 0.416678 0.551403
vt 0.418247 0.554029
vt 0.414775 0.548957
vt 0.412564 0.546670
vt 0.410073 0.544521
vt 0.407320 0.542492
vt 0.404320 0.540570
vt 0.401091 0.538740
vt 0.397644 0.536988
vt 0.393979 0.535308
vt 0.390091 0.533691
vt 0.385975 0.532133
vt 0.381626 0.530627
vt 0.377040 0.529168
vt 0.372212 0.527748
vt 0.367138 0.526362
vt 0.361809 0.525002
vt 0.356209 0.523656
vt 0.350315 0.522309
vt 0.344108 0.520949
vt 0.337567 0.519560
vt 0.330670 0.518130
vt 0.323398 0.516644
vt 0.315729 0.515089
vt 0.307651 0.513452
vt 0.299182 0.511734
vt 0.290348 0.509937
vt 0.281177 0.508061
vt 0.271702 0.506112
vt 0.261994 0.504107
vt 0.252130 0.502063
vt 0.423179 0.549910
vt 0.424619 0.552674
vt 0.421451 0.547330
vt 0.419453 0.544918
vt 0.417199 0.542656
vt 0.414703 0.540529
vt 0.411979 0.538522
vt 0.409038 0.536620
vt 0.405891 0.534809
vt 0.402537 0.533080
vt 0.398972 0.531427
vt 0.395191 0.529842
vt 0.391191 0.528319
vt 0.386967 0.526850
vt 0.382515 0.525429
vt 0.377832 0.524048
vt 0.372911 0.522699
vt 0.367739 0.521373
vt 0.362304 0.520056
vt 0.356590 0.518738
vt 0.350584 0.517406
vt 0.344272 0.516049
vt 0.337639 0.514655
vt 0.330671 0.513212
vt 0.323363 0.511713
vt 0.315742 0.510158
vt 0.307844 0.508552
vt 0.299706 0.506901
vt 0.291365 0.505211
vt 0.282870 0.503491
vt 0.274273 0.501751
vt 0.430007 0.548522
vt 0.431320 0.551398
vt 0.428448 0.545834
vt 0.426651 0.543319
vt 0.424627 0.540963
vt 0.422385 0.538751
vt 0.419934 0.536669
vt 0.417283 0.534703
vt 0.414441 0.532839
vt 0.411404 0.531069
vt 0.408171 0.529384
vt 0.404736 0.527778
vt 0.401098 0.526242
vt 0.397251 0.524768
vt 0.393194 0.523349
vt 0.388921 0.521977
vt 0.384429 0.520644
vt 0.379711 0.519341
vt 0.374759 0.518058
vt 0.369564 0.516784
vt 0.364120 0.515512
vt 0.358417 0.514230
vt 0.352447 0.512929
vt 0.346204 0.511601
vt 0.339686 0.510236
vt 0.332920 0.508838
vt 0.325940 0.507411
vt 0.318782 0.505959
vt 0.311479 0.504487
vt 0.304067 0.503000
vt 0.296583 0.501503
vt 0.437117 0.547247
vt 0.438299 0.550214
vt 0.435723 0.544471
vt 0.434124 0.541872
vt 0.432326 0.539437
vt 0.430334 0.537153
vt 0.428156 0.535007
vt 0.425797 0.532986
vt 0.423262 0.531077
vt 0.420549 0.529272
vt 0.417655 0.527562
vt 0.414577 0.525939
vt 0.411312 0.524394
vt 0.407858 0.522919
vt 0.404210 0.521506
vt 0.400367 0.520146
vt 0.396324 0.518831
vt 0.392080 0.517554
vt 0.387631 0.516305
vt 0.382975 0.515077
vt 0.378109 0.513863
vt 0.373030 0.512655
vt 0.367734 0.511444
vt 0.362220 0.510222
vt 0.356490 0.508984
vt 0.350566 0.507731
vt 0.344475 0.506463
vt 0.338246 0.505184
vt 0.331907 0.503896
vt 0.325484 0.502601
vt 0.319006 0.501302
vt 0.444463 0.546095
vt 0.445511 0.549137
vt 0.443237 0.543245
vt 0.441836 0.540576
vt 0.440263 0.538075
vt 0.438522 0.535732
vt 0.436617 0.533532
vt 0.434550 0.531466
vt 0.432325 0.529521
vt 0.429940 0.527688
vt 0.427393 0.525958
vt 0.424680 0.524322
vt 0.421800 0.522772
vt 0.418750 0.521299
vt 0.415527 0.519894
vt 0.412128 0.518549
vt 0.408553 0.517254
vt 0.404801 0.516003
vt 0.400872 0.514789
vt 0.396769 0.513606
vt 0.392491 0.512447
vt 0.388040 0.511306
vt 0.383417 0.510175
vt 0.378622 0.509049
vt 0.373660 0.507923
vt 0.368548 0.506794
vt 0.363309 0.505664
vt 0.357962 0.504533
vt 0.352531 0.503401
vt 0.347035 0.502267
vt 0.341497 0.501134
vt 0.452016 0.545072
vt 0.452923 0.548178
vt 0.450960 0.542162
vt 0.449757 0.539435
vt 0.448409 0.536881
vt 0.446918 0.534489
vt 0.445285 0.532247
vt 0.443512 0.530144
vt 0.441600 0.528170
vt 0.439548 0.526315
vt 0.437353 0.524571
vt 0.435013 0.522927
vt 0.432527 0.521375
vt 0.429892 0.519906
vt 0.427106 0.518511
vt 0.424167 0.517181
vt 0.421074 0.515906
vt 0.417829 0.514682
vt 0.414435 0.513501
vt 0.410896 0.512360
vt 0.407215 0.511251
vt 0.403395 0.510170
vt 0.399440 0.509111
vt 0.395352 0.508068
vt 0.391137 0.507036
vt 0.386809 0.506014
vt 0.382385 0.504999
vt 0.377880 0.503992
vt 0.373310 0.502989
vt 0.368692 0.501991
vt 0.364042 0.500995
vt 0.459744 0.544187
vt 0.460507 0.547343
vt 0.458861 0.541228
vt 0.457858 0.538455
vt 0.456735 0.535859
vt 0.455492 0.533428
vt 0.454132 0.531152
vt 0.452653 0.529022
vt 0.451056 0.527026
vt 0.449340 0.525155
vt 0.447503 0.523399
vt 0.445543 0.521751
vt 0.443459 0.520199
vt 0.441249 0.518736
vt 0.438911 0.517351
vt 0.436443 0.516036
vt 0.433846 0.514782
vt 0.431121 0.513583
vt 0.428274 0.512434
vt 0.425310 0.511330
vt 0.422232 0.510267
vt 0.419045 0.509238
vt 0.415754 0.508240
vt 0.412363 0.507267
vt 0.408878 0.506315
vt 0.405310 0.505380
vt 0.401669 0.504460
vt 0.397970 0.503553
vt 0.394222 0.502656
vt 0.390439 0.501766
vt 0.386632 0.500882
vt 0.467619 0.543446
vt 0.468234 0.546641
vt 0.466910 0.540449
vt 0.466107 0.537641
vt 0.465209 0.535012
vt 0.464216 0.532553
vt 0.463127 0.530252
vt 0.461943 0.528100
vt 0.460664 0.526088
vt 0.459287 0.524205
vt 0.457812 0.522443
vt 0.456238 0.520792
vt 0.454562 0.519243
vt 0.452785 0.517786
vt 0.450904 0.516412
vt 0.448917 0.515111
vt 0.446826 0.513876
vt 0.444633 0.512700
vt 0.442344 0.511579
vt 0.439962 0.510509
vt 0.437493 0.509484
vt 0.434941 0.508500
vt 0.432312 0.507552
vt 0.429609 0.506636
vt 0.426839 0.505747
vt 0.424009 0.504883
vt 0.421127 0.504038
vt 0.418203 0.503210
vt 0.415245 0.502396
vt 0.412261 0.501592
vt 0.409260 0.500794
vt 0.475612 0.542856
vt 0.476075 0.546081
vt 0.475079 0.539832
vt 0.474476 0.536999
vt 0.473802 0.534347
vt 0.473058 0.531866
vt 0.472241 0.529547
vt 0.471353 0.527381
vt 0.470392 0.525358
vt 0.469357 0.523467
vt 0.468248 0.521701
vt 0.467063 0.520049
vt 0.465802 0.518503
vt 0.464463 0.517052
vt 0.463046 0.515688
vt 0.461550 0.514400
vt 0.459973 0.513181
vt 0.458321 0.512025
vt 0.456597 0.510928
vt 0.454805 0.509885
vt 0.452949 0.508892
vt 0.451034 0.507943
vt 0.449064 0.507036
vt 0.447043 0.506164
vt 0.444975 0.505324
vt 0.442867 0.504512
vt 0.440724 0.503724
vt 0.438552 0.502955
vt 0.436356 0.502203
vt 0.434143 0.501462
vt 0.431918 0.500729
vt 0.483692 0.542426
vt 0.484002 0.545671
vt 0.483336 0.539383
vt 0.482934 0.536533
vt 0.482485 0.533865
vt 0.481989 0.531371
vt 0.481445 0.529041
vt 0.480852 0.526866
vt 0.480211 0.524835
vt 0.479520 0.522941
vt 0.478779 0.521172
vt 0.477988 0.519521
vt 0.477145 0.517977
vt 0.476249 0.516532
vt 0.475302 0.515175
vt 0.474301 0.513899
vt 0.473246 0.512693
vt 0.472141 0.511552
vt 0.470988 0.510473
vt 0.469790 0.509451
vt 0.468551 0.508481
vt 0.467274 0.507559
vt 0.465961 0.506680
vt 0.464617 0.505840
vt 0.463244 0.505035
vt 0.461845 0.504260
vt 0.460425 0.503510
vt 0.458987 0.502782
vt 0.457534 0.502072
vt 0.456070 0.501374
vt 0.454599 0.500685
vt 0.491831 0.542163
vt 0.491987 0.545418
vt 0.491653 0.539110
vt 0.491452 0.536250
vt 0.491228 0.533574
vt 0.490980 0.531072
vt 0.490708 0.528736
vt 0.490411 0.526555
vt 0.490090 0.524521
vt 0.489745 0.522625
vt 0.489374 0.520856
vt 0.488977 0.519205
vt 0.488555 0.517664
vt 0.488107 0.516222
vt 0.487632 0.514871
vt 0.487130 0.513601
vt 0.486602 0.512404
vt 0.486048 0.511274
vt 0.485471 0.510206
vt 0.484871 0.509197
vt 0.484251 0.508242
vt 0.483612 0.507336
vt 0.482956 0.506475
vt 0.482285 0.505654
vt 0.481600 0.504869
vt 0.480903 0.504115
vt 0.480195 0.503388
vt 0.479479 0.502684
vt 0.478756 0.501997
vt 0.478028 0.501324
vt 0.477296 0.500660
vt 0.500000 0.542073
vt 0.500000 0.545333
vt 0.500000 0.539017
vt 0.500000 0.536154
vt 0.500000 0.533475
vt 0.500000 0.530972
vt 0.500000 0.528634
vt 0.500000 0.526452
vt 0.500000 0.524417
vt 0.500000 0.522519
vt 0.500000 0.520750
vt 0.500000 0.519100
vt 0.500000 0.517560
vt 0.500000 0.516120
vt 0.500000 0.514771
vt 0.500000 0.513503
vt 0.500000 0.512309
vt 0.500000 0.511182
vt 0.500000 0.510119
vt 0.500000 0.509115
vt 0.500000 0.508164
vt 0.500000 0.507264
vt 0.500000 0.506409
vt 0.500000 0.505594
vt 0.500000 0.504816
vt 0.500000 0.504069
vt 0.500000 0.503349
vt 0.500000 0.502652
vt 0.500000 0.501974
vt 0.500000 0.501308
vt 0.500000 0.500652
vt 0.508169 0.542163
vt 0.508013 0.545419
vt 0.508347 0.539110
vt 0.508548 0.536250
vt 0.508772 0.533574
vt 0.509021 0.531072
vt 0.509293 0.528736
vt 0.509589 0.526555
vt 0.509910 0.524521
vt 0.510255 0.522625
vt 0.510626 0.520856
vt 0.511023 0.519205
vt 0.511445 0.517664
vt 0.511893 0.516222
vt 0.512368 0.514871
vt 0.512870 0.513601
vt 0.513398 0.512404
vt 0.513952 0.511274
vt 0.514529 0.510206
vt 0.515129 0.509197
vt 0.515749 0.508242
vt 0.516388 0.507336
vt 0.517044 0.506475
vt 0.517715 0.505654
vt 0.518400 0.504869
vt 0.519097 0.504115
vt 0.519805 0.503388
vt 0.520521 0.502684
vt 0.521244 0.501997
vt 0.521972 0.501324
vt 0.522704 0.500660
vt 0.516308 0.542426
vt 0.515998 0.545671
vt 0.516664 0.539383
vt 0.517066 0.536533
vt 0.517515 0.533865
vt 0.518011 0.531371
vt 0.518555 0.529041
vt 0.519148 0.526866
vt 0.519789 0.524835
vt 0.520480 0.522941
vt 0.521221 0.521172
vt 0.522013 0.519521
vt 0.522856 0.517977
vt 0.523751 0.516532
vt 0.524699 0.515175
vt 0.525700 0.513899
vt 0.526754 0.512693
vt 0.527859 0.511552
vt 0.529012 0.510473
vt 0.530210 0.509451
vt 0.531449 0.508481
vt 0.532726 0.507559
vt 0.534039 0.506680
vt 0.535383 0.505840
vt 0.536756 0.505035
vt 0.538155 0.504260
vt 0.539575 0.503510
vt 0.541013 0.502782
vt 0.542466 0.502072
vt 0.543930 0.501374
vt 0.545401 0.500685
vt 0.524388 0.542856
vt 0.523925 0.546081
vt 0.524921 0.539832
vt 0.525524 0.536999
vt 0.526198 0.534346
vt 0.526942 0.531866
vt 0.527759 0.529547
vt 0.528647 0.527381
vt 0.529608 0.525358
vt 0.530643 0.523467
vt 0.531752 0.521701
vt 0.532937 0.520049
vt 0.534198 0.518503
vt 0.535537 0.517052
vt 0.536954 0.515688
vt 0.538451 0.514400
vt 0.540027 0.513181
vt 0.541679 0.512025
vt 0.543404 0.510928
vt 0.545196 0.509885
vt 0.547051 0.508892
vt 0.548966 0.507943
vt 0.550936 0.507036
vt 0.552957 0.506164
vt 0.555025 0.505324
vt 0.557133 0.504512
vt 0.559276 0.503724
vt 0.561448 0.502955
vt 0.563644 0.502203
vt 0.565857 0.501462
vt 0.568082 0.500729
vt 0.532381 0.543446
vt 0.531767 0.546641
vt 0.533090 0.540449
vt 0.533893 0.537641
vt 0.534791 0.535013
vt 0.535785 0.532553
vt 0.536873 0.530252
vt 0.538057 0.528100
vt 0.539336 0.526088
vt 0.540713 0.524205
vt 0.542188 0.522443
vt 0.543762 0.520792
vt 0.545438 0.519243
vt 0.547215 0.517786
vt 0.549097 0.516412
vt 0.551083 0.515111
vt 0.553174 0.513876
vt 0.555367 0.512700
vt 0.557657 0.511579
vt 0.560038 0.510508
vt 0.562507 0.509484
vt 0.565059 0.508500
vt 0.567688 0.507552
vt 0.570391 0.506636
vt 0.573161 0.505747
vt 0.575991 0.504883
vt 0.578873 0.504038
vt 0.581797 0.503210
vt 0.584755 0.502396
vt 0.587739 0.501592
vt 0.590740 0.500794
vt 0.540256 0.544187
vt 0.539494 0.547343
vt 0.541139 0.541228
vt 0.542143 0.538455
vt 0.543266 0.535859
vt 0.544508 0.533428
vt 0.545868 0.531152
vt 0.547347 0.529022
vt 0.548944 0.527026
vt 0.550660 0.525154
vt 0.552497 0.523399
vt 0.554457 0.521751
vt 0.556541 0.520199
vt 0.558751 0.518736
vt 0.561089 0.517351
vt 0.563557 0.516036
vt 0.566154 0.514782
vt 0.568879 0.513583
vt 0.571726 0.512434
vt 0.574690 0.511330
vt 0.577768 0.510267
vt 0.580955 0.509238
vt 0.584246 0.508240
vt 0.587637 0.507267
vt 0.591122 0.506315
vt 0.594691 0.505380
vt 0.598331 0.504460
vt 0.602031 0.503553
vt 0.605778 0.502656
vt 0.609561 0.501766
vt 0.613369 0.500882
vt 0.547984 0.545072
vt 0.547077 0.548178
vt 0.549040 0.542162
vt 0.550243 0.539435
vt 0.551591 0.536881
vt 0.553082 0.534489
vt 0.554715 0.532247
vt 0.556488 0.530144
vt 0.558400 0.528170
vt 0.560452 0.526315
vt 0.562647 0.524571
vt 0.564987 0.522927
vt 0.567473 0.521375
vt 0.570108 0.519906
vt 0.572894 0.518511
vt 0.575833 0.517181
vt 0.578926 0.515906
vt 0.582171 0.514682
vt 0.585565 0.513501
vt 0.589104 0.512360
vt 0.592785 0.511251
vt 0.596605 0.510170
vt 0.600560 0.509111
vt 0.604648 0.508068
vt 0.608863 0.507036
vt 0.613191 0.506014
vt 0.617615 0.504999
vt 0.622120 0.503992
vt 0.626690 0.502989
vt 0.631308 0.501991
vt 0.635959 0.500995
vt 0.555537 0.546095
vt 0.554489 0.549137
vt 0.556763 0.543245
vt 0.558164 0.540576
vt 0.559737 0.538076
vt 0.561478 0.535732
vt 0.563383 0.533532
vt 0.565450 0.531466
vt 0.567675 0.529521
vt 0.570060 0.527688
vt 0.572607 0.525958
vt 0.575320 0.524322
vt 0.578200 0.522773
vt 0.581250 0.521300
vt 0.584473 0.519895
vt 0.587872 0.518549
vt 0.591447 0.517254
vt 0.595199 0.516003
vt 0.599128 0.514789
vt 0.603231 0.513606
vt 0.607509 0.512447
vt 0.611960 0.511305
vt 0.616583 0.510175
vt 0.621378 0.509049
vt 0.626340 0.507923
vt 0.631452 0.506794
vt 0.636692 0.505664
vt 0.642038 0.504533
vt 0.647469 0.503401
vt 0.652965 0.502268
vt 0.658503 0.501134
vt 0.562884 0.547248
vt 0.561701 0.550214
vt 0.564277 0.544471
vt 0.565876 0.541872
vt 0.567674 0.539437
vt 0.569666 0.537153
vt 0.571844 0.535007
vt 0.574203 0.532986
vt 0.576738 0.531077
vt 0.579451 0.529272
vt 0.582345 0.527562
vt 0.585423 0.525939
vt 0.588688 0.524394
vt 0.592143 0.522919
vt 0.595790 0.521506
vt 0.599634 0.520146
vt 0.603676 0.518831
vt 0.607920 0.517554
vt 0.612369 0.516305
vt 0.617025 0.515077
vt 0.621891 0.513863
vt 0.626971 0.512655
vt 0.632266 0.511444
vt 0.637780 0.510222
vt 0.643510 0.508984
vt 0.649434 0.507731
vt 0.655525 0.506463
vt 0.661754 0.505184
vt 0.668093 0.503896
vt 0.674516 0.502601
vt 0.680994 0.501302
vt 0.569993 0.548522
vt 0.568680 0.551397
vt 0.571552 0.545834
vt 0.573349 0.543319
vt 0.575373 0.540963
vt 0.577615 0.538751
vt 0.580066 0.536669
vt 0.582717 0.534703
vt 0.585559 0.532839
vt 0.588596 0.531069
vt 0.591829 0.529384
vt 0.595264 0.527778
vt 0.598902 0.526242
vt 0.602749 0.524768
vt 0.606806 0.523349
vt 0.611079 0.521977
vt 0.615571 0.520644
vt 0.620289 0.519341
vt 0.625241 0.518058
vt 0.630436 0.516784
vt 0.635880 0.515512
vt 0.641584 0.514230
vt 0.647553 0.512929
vt 0.653796 0.511601
vt 0.660314 0.510236
vt 0.667080 0.508838
vt 0.674060 0.507411
vt 0.681218 0.505959
vt 0.688521 0.504487
vt 0.695933 0.503000
vt 0.703417 0.501503
vt 0.576821 0.549910
vt 0.575381 0.552674
vt 0.578549 0.547330
vt 0.580547 0.544918
vt 0.582801 0.542656
vt 0.585297 0.540529
vt 0.588022 0.538522
vt 0.590962 0.536620
vt 0.594109 0.534809
vt 0.597463 0.533080
vt 0.601028 0.531427
vt 0.604809 0.529842
vt 0.608809 0.528319
vt 0.613033 0.526850
vt 0.617485 0.525429
vt 0.622168 0.524048
vt 0.627090 0.522699
vt 0.632261 0.521373
vt 0.637696 0.520056
vt 0.643410 0.518738
vt 0.649416 0.517406
vt 0.655728 0.516049
vt 0.662361 0.514655
vt 0.669329 0.513212
vt 0.676637 0.511713
vt 0.684258 0.510158
vt 0.692156 0.508552
vt 0.700294 0.506902
vt 0.708635 0.505211
vt 0.717130 0.503491
vt 0.725727 0.501751
vt 0.583322 0.551402
vt 0.581753 0.554029
vt 0.585226 0.548957
vt 0.587436 0.546670
vt 0.589927 0.544521
vt 0.592680 0.542492
vt 0.595680 0.540570
vt 0.598909 0.538740
vt 0.602356 0.536988
vt 0.606021 0.535308
vt 0.609909 0.533691
vt 0.614026 0.532133
vt 0.618374 0.530627
vt 0.622960 0.529168
vt 0.627788 0.527748
vt 0.632862 0.526362
vt 0.638191 0.525002
vt 0.643791 0.523656
vt 0.649685 0.522309
vt 0.655892 0.520949
vt 0.662433 0.519560
vt 0.669330 0.518130
vt 0.676602 0.516644
vt 0.684271 0.515089
vt 0.692349 0.513452
vt 0.700818 0.511734
vt 0.709652 0.509937
vt 0.718823 0.508061
vt 0.728298 0.506112
vt 0.738006 0.504107
vt 0.747870 0.502063
vt 0.589450 0.552992
vt 0.587749 0.555447
vt 0.591542 0.550712
vt 0.593979 0.548578
vt 0.596718 0.546561
vt 0.599735 0.544645
vt 0.603012 0.542818
vt 0.606529 0.541067
vt 0.610271 0.539381
vt 0.614240 0.537754
vt 0.618442 0.536180
vt 0.622881 0.534654
vt 0.627563 0.533170
vt 0.632493 0.531725
vt 0.637678 0.530311
vt 0.643121 0.528925
vt 0.648832 0.527558
vt 0.654835 0.526197
vt 0.661158 0.524827
vt 0.667826 0.523430
vt 0.674869 0.521991
vt 0.682313 0.520493
vt 0.690185 0.518922
vt 0.698514 0.517260
vt 0.707321 0.515494
vt 0.716611 0.513615
vt 0.726387 0.511615
vt 0.736647 0.509489
vt 0.747373 0.507234
vt 0.758463 0.504879
vt 0.769796 0.502456
vt 0.595193 0.554694
vt 0.593354 0.556928
vt 0.597463 0.552608
vt 0.600141 0.550646
vt 0.603142 0.548782
vt 0.606432 0.546992
vt 0.609988 0.545268
vt 0.613791 0.543603
vt 0.617824 0.541989
vt 0.622090 0.540421
vt 0.626594 0.538895
vt 0.631343 0.537406
vt 0.636342 0.535950
vt 0.641598 0.534524
vt 0.647117 0.533122
vt 0.652905 0.531741
vt 0.658972 0.530374
vt 0.665348 0.529006
vt 0.672065 0.527617
vt 0.679158 0.526192
vt 0.686660 0.524711
vt 0.694603 0.523157
vt 0.703022 0.521512
vt 0.711949 0.519759
vt 0.721421 0.517878
vt 0.731483 0.515847
vt 0.742182 0.513645
vt 0.753566 0.511248
vt 0.765915 0.508555
vt 0.779015 0.505633
vt 0.792170 0.502706
vt 0.600390 0.556499
vt 0.598301 0.558419
vt 0.602914 0.554661
vt 0.605885 0.552892
vt 0.609168 0.551195
vt 0.612739 0.549541
vt 0.616578 0.547927
vt 0.620665 0.546353
vt 0.624984 0.544815
vt 0.629538 0.543311
vt 0.634334 0.541838
vt 0.639377 0.540392
vt 0.644676 0.538970
vt 0.650238 0.537569
vt 0.656068 0.536186
vt 0.662174 0.534817
vt 0.668568 0.533456
vt 0.675284 0.532087
vt 0.682359 0.530690
vt 0.689832 0.529247
vt 0.697741 0.527737
vt 0.706125 0.526141
vt 0.715022 0.524440
vt 0.724470 0.522615
vt 0.734518 0.520643
vt 0.745258 0.518485
vt 0.756791 0.516104
vt 0.769219 0.513456
vt 0.783470 0.510226
vt 0.799221 0.506515
vt 0.814698 0.502911
vt 0.605045 0.558408
vt 0.602651 0.559927
vt 0.607872 0.556884
vt 0.611174 0.555337
vt 0.614761 0.553812
vt 0.618627 0.552298
vt 0.622753 0.550798
vt 0.627123 0.549318
vt 0.631722 0.547862
vt 0.636555 0.546427
vt 0.641630 0.545012
vt 0.646953 0.543615
vt 0.652533 0.542232
vt 0.658377 0.540863
vt 0.664494 0.539505
vt 0.670890 0.538156
vt 0.677580 0.536809
vt 0.684599 0.535449
vt 0.691989 0.534055
vt 0.699793 0.532606
vt 0.708050 0.531083
vt 0.716804 0.529464
vt 0.726096 0.527730
vt 0.735968 0.525860
vt 0.746478 0.523829
vt 0.757757 0.521586
vt 0.769949 0.519077
vt 0.783203 0.516246
vt 0.799133 0.512547
vt 0.817549 0.508037
vt 0.835881 0.503570
s 1
usemtl Material
f 381/1/381 382/2/382 413/3/413 412/4/412
f 382/2/382 383/5/383 414/6/414 413/3/413
f 383/5/383 384/7/384 415/8/415 414/6/414
f 384/7/384 385/9/385 416/10/416 415/8/415
f 385/9/385 386/11/386 417/12/417 416/10/416
f 386/11/386 387/13/387 418/14/418 417/12/417
f 387/13/387 388/15/388 419/16/419 418/14/418
f 388/15/388 389/17/389 420/18/420 419/16/419
f 389/17/389 390/19/390 421/20/421 420/18/420
f 390/19/390 391/21/391 422/22/422 421/20/421
f 391/21/391 392/23/392 423/24/423 422/22/422
f 392/23/392 393/25/393 424/26/424 423/24/423
f 393/25/393 394/27/394 425/28/425 424/26/424
f 394/27/394 395/29/395 426/30/426 425/28/425
f 395/29/395 396/31/396 427/32/427 426/30/426
f 396/31/396 397/33/397 428/34/428 427/32/427
f 397/33/397 398/35/398 429/36/429 428/34/428
f 398/35/398 399/37/399 430/38/430 429/36/429
f 399/37/399 400/39/400 431/40/431 430/38/430
f 400/39/400 401/41/401 432/42/432 431/40/431
f 401/41/401 402/43/402 433/44/433 432/42/432
f 402/43/402 403/45/403 434/46/434 433/44/433
f 403/45/403 404/47/404 435/48/435 434/46/434
f 404/47/404 405/49/405 436/50/436 435/48/435
f 405/49/405 406/51/406 437/52/437 436/50/436
f 406/51/406 407/53/407 438/54/438 437/52/437
f 407/53/407 408/55/408 439/56/439 438/54/438
f 408/55/408 409/57/409 440/58/440 439/56/439
f 409/57/409 410/59/410 441/60/441 440/58/440
f 410/59/410 411/61/411 442/62/442 441/60/441
f 412/4/412 413/3/413 444/63/444 443/64/443
f 413/3/413 414/6/414 445/65/445 444/63/444
f 414/6/414 415/8/415 446/66/446 445/65/445
f 415/8/415 416/10/416 447/67/447 446/66/446
f 416/10/416 417/12/417 448/68/448 447/67/447
f 417/12/417 418/14/418 449/69/449 448/68/448
f 418/14/418 419/16/419 450/70/450 449/69/449
f 419/16/419 420/18/420 451/71/451 450/70/450
f 420/18/420 421/20/421 452/72/452 451/71/451
f 421/20/421 422/22/422 453/73/453 452/72/452
f 422/22/422 423/24/423 454/74/454 453/73/453
f 423/24/423 424/26/424 455/75/455 454/74/454
f 424/26/424 425/28/425 456/76/456 455/75/455
f 425/28/425 426/30/426 457/77/457 456/76/456
f 426/30/426 427/32/427 458/78/458 457/77/457
f 427/32/427 428/34/428 459/79/459 458/78/458
f 428/34/428 429/36/429 460/80/460 459/79/459
f 429/36/429 430/38/430 461/81/461 460/80/460
f 430/38/430 431/40/431 462/82/462 461/81/461
f 431/40/431 432/42/432 463/83/463 462/82/462
f 432/42/432 433/44/433 464/84/464 463/83/463
f 433/44/433 434/46/434 465/85/465 464/84/464
f 434/46/434 435/48/435 466/86/466 465/85/465
f 435/48/435 436/50/436 467/87/467 466/86/466
f 436/50/436 437/52/437 468/88/468 467/87/467
f 437/52/437 438/54/438 469/89/469 468/88/468
f 438/54/438 439/56/439 470/90/470 469/89/469
f 439/56/439 440/58/440 471/91/471 470/90/470
f 440/58/440 441/60/441 472/92/472 471/91/471
f 441/60/441 442/62/442 473/93/473 472/92/472
f 443/64/443 444/63/444 475/94/475 474/95/474
f 444/63/444 445/65/445 476/96/476 475/94/475
f 445/65/445 446/66/446 477/97/477 476/96/476
f 446/66/446 447/67/447 478/98/478 477/97/477
f 447/67/447 448/68/448 479/99/479 478/98/478
f 448/68/448 449/69/449 480/100/480 479/99/479
f 449/69/449 450/70/450 481/101/481 480/100/480
f 450/70/450 451/71/451 482/102/482 481/101/481
f 451/71/451 452/72/452 483/103/483 482/102/482
f 452/72/452 453/73/453 484/104/484 483/103/483
f 453/73/453 454/74/454 485/105/485 484/104/484
f 454/74/454 455/75/455 486/106/486 485/105/485
f 455/75/455 456/76/456 487/107/487 486/106/486
f 456/76/456 457/77/457 488/108/488 487/107/487
f 457/77/457 458/78/458 489/109/489 488/108/488
f 458/78/458 459/79/459 490/110/490 489/109/489
f 459/79/459 460/80/460 491/111/491 490/110/490
f 460/80/460 461/81/461 492/112/492 491/111/491
f 461/81/461 462/82/462 493/113/493 492/112/492
f 462/82/462 463/83/463 494/114/494 493/113/493
f 463/83/463 464/84/464 495/115/495 494/114/494
f 464/84/464 465/85/465 496/116/496 495/115/495
f 465/85/465 466/86/466 497/117/497 496/116/496
f 466/86/466 467/87/467 498/118/498 497/117/497
f 467/87/467 468/88/468 499/119/499 498/118/498
f 468/88/468 469/89/469 500/120/500 499/119/499
f 469/89/469 470/90/470 501/121/501 500/120/500
f 470/90/470 471/91/471 502/122/502 501/121/501
f 471/91/471 472/92/472 503/123/503 502/122/502
f 472/92/472 473/93/473 504/124/504 503/123/503
f 474/95/474 475/94/475 506/125/506 505/126/505
f 475/94/475 476/96/476 507/127/507 506/125/506
f 476/96/476 477/97/477 508/128/508 507/127/507
f 477/97/477 478/98/478 509/129/509 508/128/508
f 478/98/478 479/99/479 510/130/510 509/129/509
f 479/99/479 480/100/480 511/131/511 510/130/510
f 480/100/480 481/101/481 512/132/512 511/131/511
f 481/101/481 482/102/482 513/133/513 512/132/512
f 482/102/482 483/103/483 514/134/514 513/133/513
f 483/103/483 484/104/484 515/135/515 514/134/514
f 484/104/484 485/105/485 516/136/516 515/135/515
f 485/105/485 486/106/486 517/137/517 516/136/516
f 486/106/486 487/107/487 518/138/518 517/137/517
f 487/107/487 488/108/488 519/139/519 518/138/518
f 488/108/488 489/109/489 520/140/520 519/139/519
f 489/109/489 490/110/490 521/141/521 520/140/520
f 490/110/490 491/111/491 522/142/522 521/141/521
f 491/111/491 492/112/492 523/143/523 522/142/522
f 492/112/492 493/113/493 524/144/524 523/143/523
f 493/113/493 494/114/494 525/145/525 524/144/524
f 494/114/494 495/115/495 526/146/526 525/145/525
f 495/115/495 496/116/496 527/147/527 526/146/526
f 496/116/496 497/117/497 528/148/528 527/147/527
f 497/117/497 498/118/498 529/149/529 528/148/528
f 498/118/498 499/119/499 530/150/530 529/149/529
f 499/119/499 500/120/500 531/151/531 530/150/530
f 500/120/500 501/121/501 532/152/532 531/151/531
f 501/121/501 502/122/502 533/153/533 532/152/532
f 502/122/502 503/123/503 534/154/534 533/153/533
f 503/123/503 504/124/504 535/155/535 534/154/534
f 505/126/505 506/125/506 537/156/537 536/157/536
f 506/125/506 507/127/507 538/158/538 537/156/537
f 507/127/507 508/128/508 539/159/539 538/158/538
f 508/128/508 509/129/509 540/160/540 539/159/539
f 509/129/509 510/130/510 541/161/541 540/160/540
f 510/130/510 511/131/511 542/162/542 541/161/541
f 511/131/511 512/132/512 543/163/543 542/162/542
f 512/132/512 513/133/513 544/164/544 543/163/543
f 513/133/513 514/134/514 545/165/545 544/164/544
f 514/134/514 515/135/515 546/166/546 545/165/545
f 515/135/515 516/136/516 547/167/547 546/166/546
f 516/136/516 517/137/517 548/168/548 547/167/547
f 517/137/517 518/138/518 549/169/549 548/168/548
f 518/138/518 519/139/519 550/170/550 549/169/549
f 519/139/519 520/140/520 551/171/551 550/170/550
f 520/140/520 521/141/521 552/172/552 551/171/551
f 521/141/521 522/142/522 553/173/553 552/172/552
f 522/142/522 523/143/523 554/174/554 553/173/553
f 523/143/523 524/144/524 555/175/555 554/174/554
f 524/144/524 525/145/525 556/176/556 555/175/555
f 525/145/525 526/146/526 557/177/557 556/176/556
f 526/146/526 527/147/527 558/178/558 557/177/557
f 527/147/527 528/148/528 559/179/559 558/178/558
f 528/148/528 529/149/529 560/180/560 559/179/559
f 529/149/529 530/150/530 561/181/561 560/180/560
f 530/150/530 531/151/531 562/182/562 561/181/561
f 531/151/531 532/152/532 563/183/563 562/182/562
f 532/152/532 533/153/533 564/184/564 563/183/563
f 533/153/533 534/154/534 565/185/565 564/184/564
f 534/154/534 535/155/535 566/186/566 565/185/565
f 536/157/536 537/156/537 568/187/568 567/188/567
f 537/156/537 538/158/538 569/189/569 568/187/568
f 538/158/538 539/159/539 570/190/570 569/189/569
f 539/159/539 540/160/540 571/191/571 570/190/570
f 540/160/540 541/161/541 572/192/572 571/191/571
f 541/161/541 542/162/542 573/193/573 572/192/572
f 542/162/542 543/163/543 574/194/574 573/193/573
f 543/163/543 544/164/544 575/195/575 574/194/574
f 544/164/544 545/165/545 576/196/576 575/195/575
f 545/165/545 546/166/546 577/197/577 576/196/576
f 546/166/546 547/167/547 578/198/578 577/197/577
f 547/167/547 548/168/548 579/199/579 578/198/578
f 548/168/548 549/169/549 580/200/580 579/199/579
f 549/169/549 550/170/550 581/201/581 580/200/580
f 550/170/550 551/171/551 582/202/582 581/201/581
f 551/171/551 552/172/552 583/203/583 582/202/582
f 552/172/552 553/173/553 584/204/584 583/203/583
f 553/173/553 554/174/554 585/205/585 584/204/584
f 554/174/554 555/175/555 586/206/586 585/205/585
f 555/175/555 556/176/556 587/207/587 586/206/586
f 556/176/556 557/177/557 588/208/588 587/207/587
f 557/177/557 558/178/558 589/209/589 588/208/588
f 558/178/558 559/179/559 590/210/590 589/209/589
f 559/179/559 560/180/560 591/211/591 590/210/590
f 560/180/560 561/181/561 592/212/592 591/211/591
f 561/181/561 562/182/562 593/213/593 592/212/592
f 562/182/562 563/183/563 594/214/594 593/213/593
f 563/183/563 564/184/564 595/215/595 594/214/594
f 564/184/564 565/185/565 596/216/596 595/215/595
f 565/185/565 566/186/566 597/217/597 596/216/596
f 567/188/567 568/187/568 599/218/599 598/219/598
f 568/187/568 569/189/569 600/220/600 599/218/599
f 569/189/569 570/190/570 601/221/601 600/220/600
f 570/190/570 571/191/571 602/222/602 601/221/601
f 571/191/571 572/192/572 603/223/603 602/222/602
f 572/192/572 573/193/573 604/224/604 603/223/603
f 573/193/573 574/194/574 605/225/605 604/224/604
f 574/194/574 575/195/575 606/226/606 605/225/605
f 575/195/575 576/196/576 607/227/607 606/226/606
f 576/196/576 577/197/577 608/228/608 607/227/607
f 577/197/577 578/198/578 609/229/609 608/228/608
f 578/198/578 579/199/579 610/230/610 609/229/609
f 579/199/579 580/200/580 611/231/611 610/230/610
f 580/200/580 581/201/581 612/232/612 611/231/611
f 581/201/581 582/202/582 613/233/613 612/232/612
f 582/202/582 583/203/583 614/234/614 613/233/613
f 583/203/583 584/204/584 615/235/615 614/234/614
f 584/204/584 585/205/585 616/236/616 615/235/615
f 585/205/585 586/206/586 617/237/617 616/236/616
f 586/206/586 587/207/587 618/238/618 617/237/617
f 587/207/587 588/208/588 619/239/619 618/238/618
f 588/208/588 589/209/589 620/240/620 619/239/619
f 589/209/589 590/210/590 621/241/621 620/240/620
f 590/210/590 591/211/591 622/242/622 621/241/621
f 591/211/591 592/212/592 623/243/623 622/242/622
f 592/212/592 593/213/593 624/244/624 623/243/623
f 593/213/593 594/214/594 625/245/625 624/244/624
f 594/214/594 595/215/595 626/246/626 625/245/625
f 595/215/595 596/216/596 627/247/627 626/246/626
f 596/216/596 597/217/597 628/248/628 627/247/627
f 598/219/598 599/218/599 630/249/630 629/250/629
f 599/218/599 600/220/600 631/251/631 630/249/630
f 600/220/600 601/221/601 632/252/632 631/251/631
f 601/221/601 602/222/602 633/253/633 632/252/632
f 602/222/602 603/223/603 634/254/634 633/253/633
f 603/223/603 604/224/604 635/255/635 634/254/634
f 604/224/604 605/225/605 636/256/636 635/255/635
f 605/225/605 606/226/606 637/257/637 636/256/636
f 606/226/606 607/227/607 638/258/638 637/257/637
f 607/227/607 608/228/608 639/259/639 638/258/638
f 608/228/608 609/229/609 640/260/640 639/259/639
f 609/229/609 610/230/610 641/261/641 640/260/640
f 610/230/610 611/231/611 642/262/642 641/261/641
f 611/231/611 612/232/612 643/263/643 642/262/642
f 612/232/612 613/233/613 644/264/644 643/263/643
f 613/233/613 614/234/614 645/265/645 644/264/644
f 614/234/614 615/235/615 646/266/646 645/265/645
f 615/235/615 616/236/616 647/267/647 646/266/646
f 616/236/616 617/237/617 648/268/648 647/267/647
f 617/237/617 618/238/618 649/269/649 648/268/648
f 618/238/618 619/239/619 650/270/650 649/269/649
f 619/239/619 620/240/620 651/271/651 650/270/650
f 620/240/620 621/241/621 652/272/652 651/271/651
f 621/241/621 622/242/622 653/273/653 652/272/652
f 622/242/622 623/243/623 654/274/654 653/273/653
f 623/243/623 624/244/624 655/275/655 654/274/654
f 624/244/624 625/245/625 656/276/656 655/275/655
f 625/245/625 626/246/626 657/277/657 656/276/656
f 626/246/626 627/247/627 658/278/658 657/277/657
f 627/247/627 628/248/628 659/279/659 658/278/658
f 629/250/629 630/249/630 661/280/661 660/281/660
f 630/249/630 631/251/631 662/282/662 661/280/661
f 631/251/631 632/252/632 663/283/663 662/282/662
f 632/252/632 633/253/633 664/284/664 663/283/663
f 633/253/633 634/254/634 665/285/665 664/284/664
f 634/254/634 635/255/635 666/286/666 665/285/665
f 635/255/635 636/256/636 667/287/667 666/286/666
f 636/256/636 637/257/637 668/288/668 667/287/667
f 637/257/637 638/258/638 669/289/669 668/288/668
f 638/258/638 639/259/639 670/290/670 669/289/669
f 639/259/639 640/260/640 671/291/671 670/290/670
f 640/260/640 641/261/641 672/292/672 671/291/671
f 641/261/641 642/262/642 673/293/673 672/292/672
f 642/262/642 643/263/643 674/294/674 673/293/673
f 643/263/643 644/264/644 675/295/675 674/294/674
f 644/264/644 645/265/645 676/296/676 675/295/675
f 645/265/645 646/266/646 677/297/677 676/296/676
f 646/266/646 647/267/647 678/298/678 677/297/677
f 647/267/647 648/268/648 679/299/679 678/298/678
f 648/268/648 649/269/649 680/300/680 679/299/679
f 649/269/649 650/270/650 681/301/681 680/300/680
f 650/270/650 651/271/651 682/302/682 681/301/681
f 651/271/651 652/272/652 683/303/683 682/302/682
f 652/272/652 653/273/653 684/304/684 683/303/683
f 653/273/653 654/274/654 685/305/685 684/304/684
f 654/274/654 655/275/655 686/306/686 685/305/685
f 655/275/655 656/276/656 687/307/687 686/306/686
f 656/276/656 657/277/657 688/308/688 687/307/687
f 657/277/657 658/278/658 689/309/689 688/308/688
f 658/278/658 659/279/659 690/310/690 689/309/689
f 660/281/660 661/280/661 692/311/692 691/312/691
f 661/280/661 662/282/662 693/313/693 692/311/692
f 662/282/662 663/283/663 694/314/694 693/313/693
f 663/283/663 664/284/664 695/315/695 694/314/694
f 664/284/664 665/285/665 696/316/696 695/315/695
f 665/285/665 666/286/666 697/317/697 696/316/696
f 666/286/666 667/287/667 698/318/698 697/317/697
f 667/287/667 668/288/668 699/319/699 698/318/698
f 668/288/668 669/289/669 700/320/700 699/319/699
f 669/289/669 670/290/670 701/321/701 700/320/700
f 670/290/670 671/291/671 702/322/702 701/321/701
f 671/291/671 672/292/672 703/323/703 702/322/702
f 672/292/672 673/293/673 704/324/704 703/323/703
f 673/293/673 674/294/674 705/325/705 704/324/704
f 674/294/674 675/295/675 706/326/706 705/325/705
f 675/295/675 676/296/676 707/327/707 706/326/706
f 676/296/676 677/297/677 708/328/708 707/327/707
f 677/297/677 678/298/678 709/329/709 708/328/708
f 678/298/678 679/299/679 710/330/710 709/329/709
f 679/299/679 680/300/680 711/331/711 710/330/710
f 680/300/680 681/301/681 712/332/712 711/331/711
f 681/301/681 682/302/682 713/333/713 712/332/712
f 682/302/682 683/303/683 714/334/714 713/333/713
f 683/303/683 684/304/684 715/335/715 714/334/714
f 684/304/684 685/305/685 716/336/716 715/335/715
f 685/305/685 686/306/686 717/337/717 716/336/716
f 686/306/686 687/307/687 718/338/718 717/337/717
f 687/307/687 688/308/688 719/339/719 718/338/718
f 688/308/688 689/309/689 720/340/720 719/339/719
f 689/309/689 690/310/690 721/341/721 720/340/720
f 691/312/691 692/311/692 723/342/723 722/343/722
f 692/311/692 693/313/693 724/344/724 723/342/723
f 693/313/693 694/314/694 725/345/725 724/344/724
f 694/314/694 695/315/695 726/346/726 725/345/725
f 695/315/695 696/316/696 727/347/727 726/346/726
f 696/316/696 697/317/697 728/348/728 727/347/727
f 697/317/697 698/318/698 729/349/729 728/348/728
f 698/318/698 699/319/699 730/350/730 729/349/729
f 699/319/699 700/320/700 731/351/731 730/350/730
f 700/320/700 701/321/701 732/352/732 731/351/731
f 701/321/701 702/322/702 733/353/733 732/352/732
f 702/322/702 703/323/703 734/354/734 733/353/733
f 703/323/703 704/324/704 735/355/735 734/354/734
f 704/324/704 705/325/705 736/356/736 735/355/735
f 705/325/705 706/326/706 737/357/737 736/356/736
f 706/326/706 707/327/707 738/358/738 737/357/737
f 707/327/707 708/328/708 739/359/739 738/358/738
f 708/328/708 709/329/709 740/360/740 739/359/739
f 709/329/709 710/330/710 741/361/741 740/360/740
f 710/330/710 711/331/711 742/362/742 741/361/741
f 711/331/711 712/332/712 743/363/743 742/362/742
f 712/332/712 713/333/713 744/364/744 743/363/743
f 713/333/713 714/334/714 745/365/745 744/364/744
f 714/334/714 715/335/715 746/366/746 745/365/745
f 715/335/715 716/336/716 747/367/747 746/366/746
f 716/336/716 717/337/717 748/368/748 747/367/747
f 717/337/717 718/338/718 749/369/749 748/368/748
f 718/338/718 719/339/719 750/370/750 749/369/749
f 719/339/719 720/340/720 751/371/751 750/370/750
f 720/340/720 721/341/721 752/372/752 751/371/751
f 722/343/722 723/342/723 754/373/754 753/374/753
f 723/342/723 724/344/724 755/375/755 754/373/754
f 724/344/724 725/345/725 756/376/756 755/375/755
f 725/345/725 726/346/726 757/377/757 756/376/756
f 726/346/726 727/347/727 758/378/758 757/377/757
f 727/347/727 728/348/728 759/379/759 758/378/758
f 728/348/728 729/349/729 760/380/760 759/379/759
f 729/349/729 730/350/730 761/381/761 760/380/760
f 730/350/730 731/351/731 762/382/762 761/381/761
f 731/351/731 732/352/732 763/383/763 762/382/762
f 732/352/732 733/353/733 764/384/764 763/383/763
f 733/353/733 734/354/734 765/385/765 764/384/764
f 734/354/734 735/355/735 766/386/766 765/385/765
f 735/355/735 736/356/736 767/387/767 766/386/766
f 736/356/736 737/357/737 768/388/768 767/387/767
f 737/357/737 738/358/738 769/389/769 768/388/768
f 738/358/738 739/359/739 770/390/770 769/389/769
f 739/359/739 740/360/740 771/391/771 770/390/770
f 740/360/740 741/361/741 772/392/772 771/391/771
f 741/361/741 742/362/742 773/393/773 772/392/772
f 742/362/742 743/363/743 774/394/774 773/393/773
f 743/363/743 744/364/744 775/395/775 774/394/774
f 744/364/744 745/365/745 776/396/776 775/395/775
f 745/365/745 746/366/746 777/397/777 776/396/776
f 746/366/746 747/367/747 778/398/778 777/397/777
f 747/367/747 748/368/748 779/399/779 778/398/778
f 748/368/748 749/369/749 780/400/780 779/399/779
f 749/369/749 750/370/750 781/401/781 780/400/780
f 750/370/750 751/371/751 782/402/782 781/401/781
f 751/371/751 752/372/752 783/403/783 782/402/782
f 753/374/753 754/373/754 785/404/785 784/405/784
f 754/373/754 755/375/755 786/406/786 785/404/785
f 755/375/755 756/376/756 787/407/787 786/406/786
f 756/376/756 757/377/757 788/408/788 787/407/787
f 757/377/757 758/378/758 789/409/789 788/408/788
f 758/378/758 759/379/759 790/410/790 789/409/789
f 759/379/759 760/380/760 791/411/791 790/410/790
f 760/380/760 761/381/761 792/412/792 791/411/791
f 761/381/761 762/382/762 793/413/793 792/412/792
f 762/382/762 763/383/763 794/414/794 793/413/793
f 763/383/763 764/384/764 795/415/795 794/414/794
f 764/384/764 765/385/765 796/416/796 795/415/795
f 765/385/765 766/386/766 797/417/797 796/416/796
f 766/386/766 767/387/767 798/418/798 797/417/797
f 767/387/767 768/388/768 799/419/799 798/418/798
f 768/388/768 769/389/769 800/420/800 799/419/799
f 769/389/769 770/390/770 801/421/801 800/420/800
f 770/390/770 771/391/771 802/422/802 801/421/801
f 771/391/771 772/392/772 803/423/803 802/422/802
f 772/392/772 773/393/773 804/424/804 803/423/803
f 773/393/773 774/394/774 805/425/805 804/424/804
f 774/394/774 775/395/775 806/426/806 805/425/805
f 775/395/775 776/396/776 807/427/807 806/426/806
f 776/396/776 777/397/777 808/428/808 807/427/807
f 777/397/777 778/398/778 809/429/809 808/428/808
f 778/398/778 779/399/779 810/430/810 809/429/809
f 779/399/779 780/400/780 811/431/811 810/430/810
f 780/400/780 781/401/781 812/432/812 811/431/811
f 781/401/781 782/402/782 813/433/813 812/432/812
f 782/402/782 783/403/783 814/434/814 813/433/813
f 784/405/784 785/404/785 816/435/816 815/436/815
f 785/404/785 786/406/786 817/437/817 816/435/816
f 786/406/786 787/407/787 818/438/818 817/437/817
f 787/407/787 788/408/788 819/439/819 818/438/818
f 788/408/788 789/409/789 820/440/820 819/439/819
f 789/409/789 790/410/790 821/441/821 820/440/820
f 790/410/790 791/411/791 822/442/822 821/441/821
f 791/411/791 792/412/792 823/443/823 822/442/822
f 792/412/792 793/413/793 824/444/824 823/443/823
f 793/413/793 794/414/794 825/445/825 824/444/824
f 794/414/794 795/415/795 826/446/826 825/445/825
f 795/415/795 796/416/796 827/447/827 826/446/826
f 796/416/796 797/417/797 828/448/828 827/447/827
f 797/417/797 798/418/798 829/449/829 828/448/828
f 798/418/798 799/419/799 830/450/830 829/449/829
f 799/419/799 800/420/800 831/451/831 830/450/830
f 800/420/800 801/421/801 832/452/832 831/451/831
f 801/421/801 802/422/802 833/453/833 832/452/832
f 802/422/802 803/423/803 834/454/834 833/453/833
f 803/423/803 804/424/804 835/455/835 834/454/834
f 804/424/804 805/425/805 836/456/836 835/455/835
f 805/425/805 806/426/806 837/457/837 836/456/836
f 806/426/806 807/427/807 838/458/838 837/457/837
f 807/427/807 808/428/808 839/459/839 838/458/838
f 808/428/808 809/429/809 840/460/840 839/459/839
f 809/429/809 810/430/810 841/461/841 840/460/840
f 810/430/810 811/431/811 842/462/842 841/461/841
f 811/431/811 812/432/812 843/463/843 842/462/842
f 812/432/812 813/433/813 844/464/844 843/463/843
f 813/433/813 814/434/814 845/465/845 844/464/844
f 815/436/815 816/435/816 847/466/847 846/467/846
f 816/435/816 817/437/817 848/468/848 847/466/847
f 817/437/817 818/438/818 849/469/849 848/468/848
f 818/438/818 819/439/819 850/470/850 849/469/849
f 819/439/819 820/440/820 851/471/851 850/470/850
f 820/440/820 821/441/821 852/472/852 851/471/851
f 821/441/821 822/442/822 853/473/853 852/472/852
f 822/442/822 823/443/823 854/474/854 853/473/853
f 823/443/823 824/444/824 855/475/855 854/474/854
f 824/444/824 825/445/825 856/476/856 855/475/855
f 825/445/825 826/446/826 857/477/857 856/476/856
f 826/446/826 827/447/827 858/478/858 857/477/857
f 827/447/827 828/448/828 859/479/859 858/478/858
f 828/448/828 829/449/829 860/480/860 859/479/859
f 829/449/829 830/450/830 861/481/861 860/480/860
f 830/450/830 831/451/831 862/482/862 861/481/861
f 831/451/831 832/452/832 863/483/863 862/482/862
f 832/452/832 833/453/833 864/484/864 863/483/863
f 833/453/833 834/454/834 865/485/865 864/484/864
f 834/454/834 835/455/835 866/486/866 865/485/865
f 835/455/835 836/456/836 867/487/867 866/486/866
f 836/456/836 837/457/837 868/488/868 867/487/867
f 837/457/837 838/458/838 869/489/869 868/488/868
f 838/458/838 839/459/839 870/490/870 869/489/869
f 839/459/839 840/460/840 871/491/871 870/490/870
f 840/460/840 841/461/841 872/492/872 871/491/871
f 841/461/841 842/462/842 873/493/873 872/492/872
f 842/462/842 843/463/843 874/494/874 873/493/873
f 843/463/843 844/464/844 875/495/875 874/494/874
f 844/464/844 845/465/845 876/496/876 875/495/875
f 846/467/846 847/466/847 878/497/878 877/498/877
f 847/466/847 848/468/848 879/499/879 878/497/878
f 848/468/848 849/469/849 880/500/880 879/499/879
f 849/469/849 850/470/850 881/501/881 880/500/880
f 850/470/850 851/471/851 882/502/882 881/501/881
f 851/471/851 852/472/852 883/503/883 882/502/882
f 852/472/852 853/473/853 884/504/884 883/503/883
f 853/473/853 854/474/854 885/505/885 884/504/884
f 854/474/854 855/475/855 886/506/886 885/505/885
f 855/475/855 856/476/856 887/507/887 886/506/886
f 856/476/856 857/477/857 888/508/888 887/507/887
f 857/477/857 858/478/858 889/509/889 888/508/888
f 858/478/858 859/479/859 890/510/890 889/509/889
f 859/479/859 860/480/860 891/511/891 890/510/890
f 860/480/860 861/481/861 892/512/892 891/511/891
f 861/481/861 862/482/862 893/513/893 892/512/892
f 862/482/862 863/483/863 894/514/894 893/513/893
f 863/483/863 864/484/864 895/515/895 894/514/894
f 864/484/864 865/485/865 896/516/896 895/515/895
f 865/485/865 866/486/866 897/517/897 896/516/896
f 866/486/866 867/487/867 898/518/898 897/517/897
f 867/487/867 868/488/868 899/519/899 898/518/898
f 868/488/868 869/489/869 900/520/900 899/519/899
f 869/489/869 870/490/870 901/521/901 900/520/900
f 870/490/870 871/491/871 902/522/902 901/521/901
f 871/491/871 872/492/872 903/523/903 902/522/902
f 872/492/872 873/493/873 904/524/904 903/523/903
f 873/493/873 874/494/874 905/525/905 904/524/904
f 874/494/874 875/495/875 906/526/906 905/525/905
f 875/495/875 876/496/876 907/527/907 906/526/906
f 877/498/877 878/497/878 909/528/909 908/529/908
f 878/497/878 879/499/879 910/530/910 909/528/909
f 879/499/879 880/500/880 911/531/911 910/530/910
f 880/500/880 881/501/881 912/532/912 911/531/911
f 881/501/881 882/502/882 913/533/913 912/532/912
f 882/502/882 883/503/883 914/534/914 913/533/913
f 883/503/883 884/504/884 915/535/915 914/534/914
f 884/504/884 885/505/885 916/536/916 915/535/915
f 885/505/885 886/506/886 917/537/917 916/536/916
f 886/506/886 887/507/887 918/538/918 917/537/917
f 887/507/887 888/508/888 919/539/919 918/538/918
f 888/508/888 889/509/889 920/540/920 919/539/919
f 889/509/889 890/510/890 921/541/921 920/540/920
f 890/510/890 891/511/891 922/542/922 921/541/921
f 891/511/891 892/512/892 923/543/923 922/542/922
f 892/512/892 893/513/893 924/544/924 923/543/923
f 893/513/893 894/514/894 925/545/925 924/544/924
f 894/514/894 895/515/895 926/546/926 925/545/925
f 895/515/895 896/516/896 927/547/927 926/546/926
f 896/516/896 897/517/897 928/548/928 927/547/927
f 897/517/897 898/518/898 929/549/929 928/548/928
f 898/518/898 899/519/899 930/550/930 929/549/929
f 899/519/899 900/520/900 931/551/931 930/550/930
f 900/520/900 901/521/901 932/552/932 931/551/931
f 901/521/901 902/522/902 933/553/933 932/552/932
f 902/522/902 903/523/903 934/554/934 933/553/933
f 903/523/903 904/524/904 935/555/935 934/554/934
f 904/524/904 905/525/905 936/556/936 935/555/935
f 905/525/905 906/526/906 937/557/937 936/556/936
f 906/526/906 907/527/907 938/558/938 937/557/937
f 908/529/908 909/528/909 940/559/940 939/560/939
f 909/528/909 910/530/910 941/561/941 940/559/940
f 910/530/910 911/531/911 942/562/942 941/561/941
f 911/531/911 912/532/912 943/563/943 942/562/942
f 912/532/912 913/533/913 944/564/944 943/563/943
f 913/533/913 914/534/914 945/565/945 944/564/944
f 914/534/914 915/535/915 946/566/946 945/565/945
f 915/535/915 916/536/916 947/567/947 946/566/946
f 916/536/916 917/537/917 948/568/948 947/567/947
f 917/537/917 918/538/918 949/569/949 948/568/948
f 918/538/918 919/539/919 950/570/950 949/569/949
f 919/539/919 920/540/920 951/571/951 950/570/950
f 920/540/920 921/541/921 952/572/952 951/571/951
f 921/541/921 922/542/922 953/573/953 952/572/952
f 922/542/922 923/543/923 954/574/954 953/573/953
f 923/543/923 924/544/924 955/575/955 954/574/954
f 924/544/924 925/545/925 956/576/956 955/575/955
f 925/545/925 926/546/926 957/577/957 956/576/956
f 926/546/926 927/547/927 958/578/958 957/577/957
f 927/547/927 928/548/928 959/579/959 958/578/958
f 928/548/928 929/549/929 960/580/960 959/579/959
f 929/549/929 930/550/930 961/581/961 960/580/960
f 930/550/930 931/551/931 962/582/962 961/581/961
f 931/551/931 932/552/932 963/583/963 962/582/962
f 932/552/932 933/553/933 964/584/964 963/583/963
f 933/553/933 934/554/934 965/585/965 964/584/964
f 934/554/934 935/555/935 966/586/966 965/585/965
f 935/555/935 936/556/936 967/587/967 966/586/966
f 936/556/936 937/557/937 968/588/968 967/587/967
f 937/557/937 938/558/938 969/589/969 968/588/968
f 939/560/939 940/559/940 971/590/971 970/591/970
f 940/559/940 941/561/941 972/592/972 971/590/971
f 941/561/941 942/562/942 973/593/973 972/592/972
f 942/562/942 943/563/943 974/594/974 973/593/973
f 943/563/943 944/564/944 975/595/975 974/594/974
f 944/564/944 945/565/945 976/596/976 975/595/975
f 945/565/945 946/566/946 977/597/977 976/596/976
f 946/566/946 947/567/947 978/598/978 977/597/977
f 947/567/947 948/568/948 979/599/979 978/598/978
f 948/568/948 949/569/949 980/600/980 979/599/979
f 949/569/949 950/570/950 981/601/981 980/600/980
f 950/570/950 951/571/951 982/602/982 981/601/981
f 951/571/951 952/572/952 983/603/983 982/602/982
f 952/572/952 953/573/953 984/604/984 983/603/983
f 953/573/953 954/574/954 985/605/985 984/604/984
f 954/574/954 955/575/955 986/606/986 985/605/985
f 955/575/955 956/576/956 987/607/987 986/606/986
f 956/576/956 957/577/957 988/608/988 987/607/987
f 957/577/957 958/578/958 989/609/989 988/608/988
f 958/578/958 959/579/959 990/610/990 989/609/989
f 959/579/959 960/580/960 991/611/991 990/610/990
f 960/580/960 961/581/961 992/612/992 991/611/991
f 961/581/961 962/582/962 993/613/993 992/612/992
f 962/582/962 963/583/963 994/614/994 993/613/993
f 963/583/963 964/584/964 995/615/995 994/614/994
f 964/584/964 965/585/965 996/616/996 995/615/995
f 965/585/965 966/586/966 997/617/997 996/616/996
f 966/586/966 967/587/967 998/618/998 997/617/997
f 967/587/967 968/588/968 999/619/999 998/618/998
f 968/588/968 969/589/969 1000/620/1000 999/619/999
f 970/591/970 971/590/971 1002/621/1002 1001/622/1001
f 971/590/971 972/592/972 1003/623/1003 1002/621/1002
f 972/592/972 973/593/973 1004/624/1004 1003/623/1003
f 973/593/973 974/594/974 1005/625/1005 1004/624/1004
f 974/594/974 975/595/975 1006/626/1006 1005/625/1005
f 975/595/975 976/596/976 1007/627/1007 1006/626/1006
f 976/596/976 977/597/977 1008/628/1008 1007/627/1007
f 977/597/977 978/598/978 1009/629/1009 1008/628/1008
f 978/598/978 979/599/979 1010/630/1010 1009/629/1009
f 979/599/979 980/600/980 1011/631/1011 1010/630/1010
f 980/600/980 981/601/981 1012/632/1012 1011/631/1011
f 981/601/981 982/602/982 1013/633/1013 1012/632/1012
f 982/602/982 983/603/983 1014/634/1014 1013/633/1013
f 983/603/983 984/604/984 1015/635/1015 1014/634/1014
f 984/604/984 985/605/985 1016/636/1016 1015/635/1015
f 985/605/985 986/606/986 1017/637/1017 1016/636/1016
f 986/606/986 987/607/987 1018/638/1018 1017/637/1017
f 987/607/987 988/608/988 1019/639/1019 1018/638/1018
f 988/608/988 989/609/989 1020/640/1020 1019/639/1019
f 989/609/989 990/610/990 1021/641/1021 1020/640/1020
f 990/610/990 991/611/991 1022/642/1022 1021/641/1021
f 991/611/991 992/612/992 1023/643/1023 1022/642/1022
f 992/612/992 993/613/993 1024/644/1024 1023/643/1023
f 993/613/993 994/614/994 1025/645/1025 1024/644/1024
f 994/614/994 995/615/995 1026/646/1026 1025/645/1025
f 995/615/995 996/616/996 1027/647/1027 1026/646/1026
f 996/616/996 997/617/997 1028/648/1028 1027/647/1027
f 997/617/997 998/618/998 1029/649/1029 1028/648/1028
f 998/618/998 999/619/999 1030/650/1030 1029/649/1029
f 999/619/999 1000/620/1000 1031/651/1031 1030/650/1030
f 1001/622/1001 1002/621/1002 1033/652/1033 1032/653/1032
f 1002/621/1002 1003/623/1003 1034/654/1034 1033/652/1033
f 1003/623/1003 1004/624/1004 1035/655/1035 1034/654/1034
f 1004/624/1004 1005/625/1005 1036/656/1036 1035/655/1035
f 1005/625/1005 1006/626/1006 1037/657/1037 1036/656/1036
f 1006/626/1006 1007/627/1007 1038/658/1038 1037/657/1037
f 1007/627/1007 1008/628/1008 1039/659/1039 1038/658/1038
f 1008/628/1008 1009/629/1009 1040/660/1040 1039/659/1039
f 1009/629/1009 1010/630/1010 1041/661/1041 1040/660/1040
f 1010/630/1010 1011/631/1011 1042/662/1042 1041/661/1041
f 1011/631/1011 1012/632/1012 1043/663/1043 1042/662/1042
f 1012/632/1012 1013/633/1013 1044/664/1044 1043/663/1043
f 1013/633/1013 1014/634/1014 1045/665/1045 1044/664/1044
f 1014/634/1014 1015/635/1015 1046/666/1046 1045/665/1045
f 1015/635/1015 1016/636/1016 1047/667/1047 1046/666/1046
f 1016/636/1016 1017/637/1017 1048/668/1048 1047/667/1047
f 1017/637/1017 1018/638/1018 1049/669/1049 1048/668/1048
f 1018/638/1018 1019/639/1019 1050/670/1050 1049/669/1049
f 1019/639/1019 1020/640/1020 1051/671/1051 1050/670/1050
f 1020/640/1020 1021/641/1021 1052/672/1052 1051/671/1051
f 1021/641/1021 1022/642/1022 1053/673/1053 1052/672/1052
f 1022/642/1022 1023/643/1023 1054/674/1054 1053/673/1053
f 1023/643/1023 1024/644/1024 1055/675/1055 1054/674/1054
f 1024/644/1024 1025/645/1025 1056/676/1056 1055/675/1055
f 1025/645/1025 1026/646/1026 1057/677/1057 1056/676/1056
f 1026/646/1026 1027/647/1027 1058/678/1058 1057/677/1057
f 1027/647/1027 1028/648/1028 1059/679/1059 1058/678/1058
f 1028/648/1028 1029/649/1029 1060/680/1060 1059/679/1059
f 1029/649/1029 1030/650/1030 1061/681/1061 1060/680/1060
f 1030/650/1030 1031/651/1031 1062/682/1062 1061/681/1061
f 1032/653/1032 1033/652/1033 1064/683/1064 1063/684/1063
f 1033/652/1033 1034/654/1034 1065/685/1065 1064/683/1064
f 1034/654/1034 1035/655/1035 1066/686/1066 1065/685/1065
f 1035/655/1035 1036/656/1036 1067/687/1067 1066/686/1066
f 1036/656/1036 1037/657/1037 1068/688/1068 1067/687/1067
f 1037/657/1037 1038/658/1038 1069/689/1069 1068/688/1068
f 1038/658/1038 1039/659/1039 1070/690/1070 1069/689/1069
f 1039/659/1039 1040/660/1040 1071/691/1071 1070/690/1070
f 1040/660/1040 1041/661/1041 1072/692/1072 1071/691/1071
f 1041/661/1041 1042/662/1042 1073/693/1073 1072/692/1072
f 1042/662/1042 1043/663/1043 1074/694/1074 1073/693/1073
f 1043/663/1043 1044/664/1044 1075/695/1075 1074/694/1074
f 1044/664/1044 1045/665/1045 1076/696/1076 1075/695/1075
f 1045/665/1045 1046/666/1046 1077/697/1077 1076/696/1076
f 1046/666/1046 1047/667/1047 1078/698/1078 1077/697/1077
f 1047/667/1047 1048/668/1048 1079/699/1079 1078/698/1078
f 1048/668/1048 1049/669/1049 1080/700/1080 1079/699/1079
f 1049/669/1049 1050/670/1050 1081/701/1081 1080/700/1080
f 1050/670/1050 1051/671/1051 1082/702/1082 1081/701/1081
f 1051/671/1051 1052/672/1052 1083/703/1083 1082/702/1082
f 1052/672/1052 1053/673/1053 1084/704/1084 1083/703/1083
f 1053/673/1053 1054/674/1054 1085/705/1085 1084/704/1084
f 1054/674/1054 1055/675/1055 1086/706/1086 1085/705/1085
f 1055/675/1055 1056/676/1056 1087/707/1087 1086/706/1086
f 1056/676/1056 1057/677/1057 1088/708/1088 1087/707/1087
f 1057/677/1057 1058/678/1058 1089/709/1089 1088/708/1088
f 1058/678/1058 1059/679/1059 1090/710/1090 1089/709/1089
f 1059/679/1059 1060/680/1060 1091/711/1091 1090/710/1090
f 1060/680/1060 1061/681/1061 1092/712/1092 1091/711/1091
f 1061/681/1061 1062/682/1062 1093/713/1093 1092/712/1092
f 1063/684/1063 1064/683/1064 1095/714/1095 1094/715/1094
f 1064/683/1064 1065/685/1065 1096/716/1096 1095/714/1095
f 1065/685/1065 1066/686/1066 1097/717/1097 1096/716/1096
f 1066/686/1066 1067/687/1067 1098/718/1098 1097/717/1097
f 1067/687/1067 1068/688/1068 1099/719/1099 1098/718/1098
f 1068/688/1068 1069/689/1069 1100/720/1100 1099/719/1099
f 1069/689/1069 1070/690/1070 1101/721/1101 1100/720/1100
f 1070/690/1070 1071/691/1071 1102/722/1102 1101/721/1101
f 1071/691/1071 1072/692/1072 1103/723/1103 1102/722/1102
f 1072/692/1072 1073/693/1073 1104/724/1104 1103/723/1103
f 1073/693/1073 1074/694/1074 1105/725/1105 1104/724/1104
f 1074/694/1074 1075/695/1075 1106/726/1106 1105/725/1105
f 1075/695/1075 1076/696/1076 1107/727/1107 1106/726/1106
f 1076/696/1076 1077/697/1077 1108/728/1108 1107/727/1107
f 1077/697/1077 1078/698/1078 1109/729/1109 1108/728/1108
f 1078/698/1078 1079/699/1079 1110/730/1110 1109/729/1109
f 1079/699/1079 1080/700/1080 1111/731/1111 1110/730/1110
f 1080/700/1080 1081/701/1081 1112/732/1112 1111/731/1111
f 1081/701/1081 1082/702/1082 1113/733/1113 1112/732/1112
f 1082/702/1082 1083/703/1083 1114/734/1114 1113/733/1113
f 1083/703/1083 1084/704/1084 1115/735/1115 1114/734/1114
f 1084/704/1084 1085/705/1085 1116/736/1116 1115/735/1115
f 1085/705/1085 1086/706/1086 1117/737/1117 1116/736/1116
f 1086/706/1086 1087/707/1087 1118/738/1118 1117/737/1117
f 1087/707/1087 1088/708/1088 1119/739/1119 1118/738/1118
f 1088/708/1088 1089/709/1089 1120/740/1120 1119/739/1119
f 1089/709/1089 1090/710/1090 1121/741/1121 1120/740/1120
f 1090/710/1090 1091/711/1091 1122/742/1122 1121/741/1121
f 1091/711/1091 1092/712/1092 1123/743/1123 1122/742/1122
f 1092/712/1092 1093/713/1093 1124/744/1124 1123/743/1123
f 1094/715/1094 1095/714/1095 1126/745/1126 1125/746/1125
f 1095/714/1095 1096/716/1096 1127/747/1127 1126/745/1126
f 1096/716/1096 1097/717/1097 1128/748/1128 1127/747/1127
f 1097/717/1097 1098/718/1098 1129/749/1129 1128/748/1128
f 1098/718/1098 1099/719/1099 1130/750/1130 1129/749/1129
f 1099/719/1099 1100/720/1100 1131/751/1131 1130/750/1130
f 1100/720/1100 1101/721/1101 1132/752/1132 1131/751/1131
f 1101/721/1101 1102/722/1102 1133/753/1133 1132/752/1132
f 1102/722/1102 1103/723/1103 1134/754/1134 1133/753/1133
f 1103/723/1103 1104/724/1104 1135/755/1135 1134/754/1134
f 1104/724/1104 1105/725/1105 1136/756/1136 1135/755/1135
f 1105/725/1105 1106/726/1106 1137/757/1137 1136/756/1136
f 1106/726/1106 1107/727/1107 1138/758/1138 1137/757/1137
f 1107/727/1107 1108/728/1108 1139/759/1139 1138/758/1138
f 1108/728/1108 1109/729/1109 1140/760/1140 1139/759/1139
f 1109/729/1109 1110/730/1110 1141/761/1141 1140/760/1140
f 1110/730/1110 1111/731/1111 1142/762/1142 1141/761/1141
f 1111/731/1111 1112/732/1112 1143/763/1143 1142/762/1142
f 1112/732/1112 1113/733/1113 1144/764/1144 1143/763/1143
f 1113/733/1113 1114/734/1114 1145/765/1145 1144/764/1144
f 1114/734/1114 1115/735/1115 1146/766/1146 1145/765/1145
f 1115/735/1115 1116/736/1116 1147/767/1147 1146/766/1146
f 1116/736/1116 1117/737/1117 1148/768/1148 1147/767/1147
f 1117/737/1117 1118/738/1118 1149/769/1149 1148/768/1148
f 1118/738/1118 1119/739/1119 1150/770/1150 1149/769/1149
f 1119/739/1119 1120/740/1120 1151/771/1151 1150/770/1150
f 1120/740/1120 1121/741/1121 1152/772/1152 1151/771/1151
f 1121/741/1121 1122/742/1122 1153/773/1153 1152/772/1152
f 1122/742/1122 1123/743/1123 1154/774/1154 1153/773/1153
f 1123/743/1123 1124/744/1124 1155/775/1155 1154/774/1154
f 1125/746/1125 1126/745/1126 1157/776/1157 1156/777/1156
f 1126/745/1126 1127/747/1127 1158/778/1158 1157/776/1157
f 1127/747/1127 1128/748/1128 1159/779/1159 1158/778/1158
f 1128/748/1128 1129/749/1129 1160/780/1160 1159/779/1159
f 1129/749/1129 1130/750/1130 1161/781/1161 1160/780/1160
f 1130/750/1130 1131/751/1131 1162/782/1162 1161/781/1161
f 1131/751/1131 1132/752/1132 1163/783/1163 1162/782/1162
f 1132/752/1132 1133/753/1133 1164/784/1164 1163/783/1163
f 1133/753/1133 1134/754/1134 1165/785/1165 1164/784/1164
f 1134/754/1134 1135/755/1135 1166/786/1166 1165/785/1165
f 1135/755/1135 1136/756/1136 1167/787/1167 1166/786/1166
f 1136/756/1136 1137/757/1137 1168/788/1168 1167/787/1167
f 1137/757/1137 1138/758/1138 1169/789/1169 1168/788/1168
f 1138/758/1138 1139/759/1139 1170/790/1170 1169/789/1169
f 1139/759/1139 1140/760/1140 1171/791/1171 1170/790/1170
f 1140/760/1140 1141/761/1141 1172/792/1172 1171/791/1171
f 1141/761/1141 1142/762/1142 1173/793/1173 1172/792/1172
f 1142/762/1142 1143/763/1143 1174/794/1174 1173/793/1173
f 1143/763/1143 1144/764/1144 1175/795/1175 1174/794/1174
f 1144/764/1144 1145/765/1145 1176/796/1176 1175/795/1175
f 1145/765/1145 1146/766/1146 1177/797/1177 1176/796/1176
f 1146/766/1146 1147/767/1147 1178/798/1178 1177/797/1177
f 1147/767/1147 1148/768/1148 1179/799/1179 1178/798/1178
f 1148/768/1148 1149/769/1149 1180/800/1180 1179/799/1179
f 1149/769/1149 1150/770/1150 1181/801/1181 1180/800/1180
f 1150/770/1150 1151/771/1151 1182/802/1182 1181/801/1181
f 1151/771/1151 1152/772/1152 1183/803/1183 1182/802/1182
f 1152/772/1152 1153/773/1153 1184/804/1184 1183/803/1183
f 1153/773/1153 1154/774/1154 1185/805/1185 1184/804/1184
f 1154/774/1154 1155/775/1155 1186/806/1186 1185/805/1185
f 1156/777/1156 1157/776/1157 1188/807/1188 1187/808/1187
f 1157/776/1157 1158/778/1158 1189/809/1189 1188/807/1188
f 1158/778/1158 1159/779/1159 1190/810/1190 1189/809/1189
f 1159/779/1159 1160/780/1160 1191/811/1191 1190/810/1190
f 1160/780/1160 1161/781/1161 1192/812/1192 1191/811/1191
f 1161/781/1161 1162/782/1162 1193/813/1193 1192/812/1192
f 1162/782/1162 1163/783/1163 1194/814/1194 1193/813/1193
f 1163/783/1163 1164/784/1164 1195/815/1195 1194/814/1194
f 1164/784/1164 1165/785/1165 1196/816/1196 1195/815/1195
f 1165/785/1165 1166/786/1166 1197/817/1197 1196/816/1196
f 1166/786/1166 1167/787/1167 1198/818/1198 1197/817/1197
f 1167/787/1167 1168/788/1168 1199/819/1199 1198/818/1198
f 1168/788/1168 1169/789/1169 1200/820/1200 1199/819/1199
f 1169/789/1169 1170/790/1170 1201/821/1201 1200/820/1200
f 1170/790/1170 1171/791/1171 1202/822/1202 1201/821/1201
f 1171/791/1171 1172/792/1172 1203/823/1203 1202/822/1202
f 1172/792/1172 1173/793/1173 1204/824/1204 1203/823/1203
f 1173/793/1173 1174/794/1174 1205/825/1205 1204/824/1204
f 1174/794/1174 1175/795/1175 1206/826/1206 1205/825/1205
f 1175/795/1175 1176/796/1176 1207/827/1207 1206/826/1206
f 1176/796/1176 1177/797/1177 1208/828/1208 1207/827/1207
f 1177/797/1177 1178/798/1178 1209/829/1209 1208/828/1208
f 1178/798/1178 1179/799/1179 1210/830/1210 1209/829/1209
f 1179/799/1179 1180/800/1180 1211/831/1211 1210/830/1210
f 1180/800/1180 1181/801/1181 1212/832/1212 1211/831/1211
f 1181/801/1181 1182/802/1182 1213/833/1213 1212/832/1212
f 1182/802/1182 1183/803/1183 1214/834/1214 1213/833/1213
f 1183/803/1183 1184/804/1184 1215/835/1215 1214/834/1214
f 1184/804/1184 1185/805/1185 1216/836/1216 1215/835/1215
f 1185/805/1185 1186/806/1186 1217/837/1217 1216/836/1216
f 1187/808/1187 1188/807/1188 1219/838/1219 1218/839/1218
f 1188/807/1188 1189/809/1189 1220/840/1220 1219/838/1219
f 1189/809/1189 1190/810/1190 1221/841/1221 1220/840/1220
f 1190/810/1190 1191/811/1191 1222/842/1222 1221/841/1221
f 1191/811/1191 1192/812/1192 1223/843/1223 1222/842/1222
f 1192/812/1192 1193/813/1193 1224/844/1224 1223/843/1223
f 1193/813/1193 1194/814/1194 1225/845/1225 1224/844/1224
f 1194/814/1194 1195/815/1195 1226/846/1226 1225/845/1225
f 1195/815/1195 1196/816/1196 1227/847/1227 1226/846/1226
f 1196/816/1196 1197/817/1197 1228/848/1228 1227/847/1227
f 1197/817/1197 1198/818/1198 1229/849/1229 1228/848/1228
f 1198/818/1198 1199/819/1199 1230/850/1230 1229/849/1229
f 1199/819/1199 1200/820/1200 1231/851/1231 1230/850/1230
f 1200/820/1200 1201/821/1201 1232/852/1232 1231/851/1231
f 1201/821/1201 1202/822/1202 1233/853/1233 1232/852/1232
f 1202/822/1202 1203/823/1203 1234/854/1234 1233/853/1233
f 1203/823/1203 1204/824/1204 1235/855/1235 1234/854/1234
f 1204/824/1204 1205/825/1205 1236/856/1236 1235/855/1235
f 1205/825/1205 1206/826/1206 1237/857/1237 1236/856/1236
f 1206/826/1206 1207/827/1207 1238/858/1238 1237/857/1237
f 1207/827/1207 1208/828/1208 1239/859/1239 1238/858/1238
f 1208/828/1208 1209/829/1209 1240/860/1240 1239/859/1239
f 1209/829/1209 1210/830/1210 1241/861/1241 1240/860/1240
f 1210/830/1210 1211/831/1211 1242/862/1242 1241/861/1241
f 1211/831/1211 1212/832/1212 1243/863/1243 1242/862/1242
f 1212/832/1212 1213/833/1213 1244/864/1244 1243/863/1243
f 1213/833/1213 1214/834/1214 1245/865/1245 1244/864/1244
f 1214/834/1214 1215/835/1215 1246/866/1246 1245/865/1245
f 1215/835/1215 1216/836/1216 1247/867/1247 1246/866/1246
f 1216/836/1216 1217/837/1217 1248/868/1248 1247/867/1247
f 1218/839/1218 1219/838/1219 1250/869/1250 1249/870/1249
f 1219/838/1219 1220/840/1220 1251/871/1251 1250/869/1250
f 1220/840/1220 1221/841/1221 1252/872/1252 1251/871/1251
f 1221/841/1221 1222/842/1222 1253/873/1253 1252/872/1252
f 1222/842/1222 1223/843/1223 1254/874/1254 1253/873/1253
f 1223/843/1223 1224/844/1224 1255/875/1255 1254/874/1254
f 1224/844/1224 1225/845/1225 1256/876/1256 1255/875/1255
f 1225/845/1225 1226/846/1226 1257/877/1257 1256/876/1256
f 1226/846/1226 1227/847/1227 1258/878/1258 1257/877/1257
f 1227/847/1227 1228/848/1228 1259/879/1259 1258/878/1258
f 1228/848/1228 1229/849/1229 1260/880/1260 1259/879/1259
f 1229/849/1229 1230/850/1230 1261/881/1261 1260/880/1260
f 1230/850/1230 1231/851/1231 1262/882/1262 1261/881/1261
f 1231/851/1231 1232/852/1232 1263/883/1263 1262/882/1262
f 1232/852/1232 1233/853/1233 1264/884/1264 1263/883/1263
f 1233/853/1233 1234/854/1234 1265/885/1265 1264/884/1264
f 1234/854/1234 1235/855/1235 1266/886/1266 1265/885/1265
f 1235/855/1235 1236/856/1236 1267/887/1267 1266/886/1266
f 1236/856/1236 1237/857/1237 1268/888/1268 1267/887/1267
f 1237/857/1237 1238/858/1238 1269/889/1269 1268/888/1268
f 1238/858/1238 1239/859/1239 1270/890/1270 1269/889/1269
f 1239/859/1239 1240/860/1240 1271/891/1271 1270/890/1270
f 1240/860/1240 1241/861/1241 1272/892/1272 1271/891/1271
f 1241/861/1241 1242/862/1242 1273/893/1273 1272/892/1272
f 1242/862/1242 1243/863/1243 1274/894/1274 1273/893/1273
f 1243/863/1243 1244/864/1244 1275/895/1275 1274/894/1274
f 1244/864/1244 1245/865/1245 1276/896/1276 1275/895/1275
f 1245/865/1245 1246/866/1246 1277/897/1277 1276/896/1276
f 1246/866/1246 1247/867/1247 1278/898/1278 1277/897/1277
f 1247/867/1247 1248/868/1248 1279/899/1279 1278/898/1278
f 1249/870/1249 1250/869/1250 1281/900/1281 1280/901/1280
f 1250/869/1250 1251/871/1251 1282/902/1282 1281/900/1281
f 1251/871/1251 1252/872/1252 1283/903/1283 1282/902/1282
f 1252/872/1252 1253/873/1253 1284/904/1284 1283/903/1283
f 1253/873/1253 1254/874/1254 1285/905/1285 1284/904/1284
f 1254/874/1254 1255/875/1255 1286/906/1286 1285/905/1285
f 1255/875/1255 1256/876/1256 1287/907/1287 1286/906/1286
f 1256/876/1256 1257/877/1257 1288/908/1288 1287/907/1287
f 1257/877/1257 1258/878/1258 1289/909/1289 1288/908/1288
f 1258/878/1258 1259/879/1259 1290/910/1290 1289/909/1289
f 1259/879/1259 1260/880/1260 1291/911/1291 1290/910/1290
f 1260/880/1260 1261/881/1261 1292/912/1292 1291/911/1291
f 1261/881/1261 1262/882/1262 1293/913/1293 1292/912/1292
f 1262/882/1262 1263/883/1263 1294/914/1294 1293/913/1293
f 1263/883/1263 1264/884/1264 1295/915/1295 1294/914/1294
f 1264/884/1264 1265/885/1265 1296/916/1296 1295/915/1295
f 1265/885/1265 1266/886/1266 1297/917/1297 1296/916/1296
f 1266/886/1266 1267/887/1267 1298/918/1298 1297/917/1297
f 1267/887/1267 1268/888/1268 1299/919/1299 1298/918/1298
f 1268/888/1268 1269/889/1269 1300/920/1300 1299/919/1299
f 1269/889/1269 1270/890/1270 1301/921/1301 1300/920/1300
f 1270/890/1270 1271/891/1271 1302/922/1302 1301/921/1301
f 1271/891/1271 1272/892/1272 1303/923/1303 1302/922/1302
f 1272/892/1272 1273/893/1273 1304/924/1304 1303/923/1303
f 1273/893/1273 1274/894/1274 1305/925/1305 1304/924/1304
f 1274/894/1274 1275/895/1275 1306/926/1306 1305/925/1305
f 1275/895/1275 1276/896/1276 1307/927/1307 1306/926/1306
f 1276/896/1276 1277/897/1277 1308/928/1308 1307/927/1307
f 1277/897/1277 1278/898/1278 1309/929/1309 1308/928/1308
f 1278/898/1278 1279/899/1279 1310/930/1310 1309/929/1309
f 1280/901/1280 1281/900/1281 1312/931/1312 1311/932/1311
f 1281/900/1281 1282/902/1282 1313/933/1313 1312/931/1312
f 1282/902/1282 1283/903/1283 1314/934/1314 1313/933/1313
f 1283/903/1283 1284/904/1284 1315/935/1315 1314/934/1314
f 1284/904/1284 1285/905/1285 1316/936/1316 1315/935/1315
f 1285/905/1285 1286/906/1286 1317/937/1317 1316/936/1316
f 1286/906/1286 1287/907/1287 1318/938/1318 1317/937/1317
f 1287/907/1287 1288/908/1288 1319/939/1319 1318/938/1318
f 1288/908/1288 1289/909/1289 1320/940/1320 1319/939/1319
f 1289/909/1289 1290/910/1290 1321/941/1321 1320/940/1320
f 1290/910/1290 1291/911/1291 1322/942/1322 1321/941/1321
f 1291/911/1291 1292/912/1292 1323/943/1323 1322/942/1322
f 1292/912/1292 1293/913/1293 1324/944/1324 1323/943/1323
f 1293/913/1293 1294/914/1294 1325/945/1325 1324/944/1324
f 1294/914/1294 1295/915/1295 1326/946/1326 1325/945/1325
f 1295/915/1295 1296/916/1296 1327/947/1327 1326/946/1326
f 1296/916/1296 1297/917/1297 1328/948/1328 1327/947/1327
f 1297/917/1297 1298/918/1298 1329/949/1329 1328/948/1328
f 1298/918/1298 1299/919/1299 1330/950/1330 1329/949/1329
f 1299/919/1299 1300/920/1300 1331/951/1331 1330/950/1330
f 1300/920/1300 1301/921/1301 1332/952/1332 1331/951/1331
f 1301/921/1301 1302/922/1302 1333/953/1333 1332/952/1332
f 1302/922/1302 1303/923/1303 1334/954/1334 1333/953/1333
f 1303/923/1303 1304/924/1304 1335/955/1335 1334/954/1334
f 1304/924/1304 1305/925/1305 1336/956/1336 1335/955/1335
f 1305/925/1305 1306/926/1306 1337/957/1337 1336/956/1336
f 1306/926/1306 1307/927/1307 1338/958/1338 1337/957/1337
f 1307/927/1307 1308/928/1308 1339/959/1339 1338/958/1338
f 1308/928/1308 1309/929/1309 1340/960/1340 1339/959/1339
f 1309/929/1309 1310/930/1310 1341/961/1341 1340/960/1340
f 1/962/1 225/963/225 381/1/381 102/964/102
f 225/963/225 224/965/224 382/2/382 381/1/381
f 224/965/224 223/966/223 383/5/383 382/2/382
f 223/966/223 222/967/222 384/7/384 383/5/383
f 222/967/222 221/968/221 385/9/385 384/7/384
f 221/968/221 220/969/220 386/11/386 385/9/385
f 220/969/220 219/970/219 387/13/387 386/11/386
f 219/970/219 218/971/218 388/15/388 387/13/387
f 218/971/218 217/972/217 389/17/389 388/15/388
f 217/972/217 216/973/216 390/19/390 389/17/389
f 216/973/216 215/974/215 391/21/391 390/19/390
f 215/974/215 214/975/214 392/23/392 391/21/391
f 214/975/214 213/976/213 393/25/393 392/23/392
f 213/976/213 212/977/212 394/27/394 393/25/393
f 212/977/212 211/978/211 395/29/395 394/27/394
f 211/978/211 210/979/210 396/31/396 395/29/395
f 210/979/210 209/980/209 397/33/397 396/31/396
f 209/980/209 208/981/208 398/35/398 397/33/397
f 208/981/208 207/982/207 399/37/399 398/35/398
f 207/982/207 206/983/206 400/39/400 399/37/399
f 206/983/206 205/984/205 401/41/401 400/39/400
f 205/984/205 204/985/204 402/43/402 401/41/401
f 204/985/204 203/986/203 403/45/403 402/43/402
f 203/986/203 202/987/202 404/47/404 403/45/403
f 202/987/202 201/988/201 405/49/405 404/47/404
f 201/988/201 200/989/200 406/51/406 405/49/405
f 200/989/200 199/990/199 407/53/407 406/51/406
f 199/990/199 198/991/198 408/55/408 407/53/407
f 198/991/198 197/992/197 409/57/409 408/55/408
f 197/992/197 196/993/196 410/59/410 409/57/409
f 196/993/196 195/994/195 411/61/411 410/59/410
f 195/994/195 5/995/5 194/996/194 411/61/411
f 411/61/411 194/996/194 193/997/193 442/62/442
f 442/62/442 193/997/193 192/998/192 473/93/473
f 473/93/473 192/998/192 191/999/191 504/124/504
f 504/124/504 191/999/191 190/1000/190 535/155/535
f 535/155/535 190/1000/190 189/1001/189 566/186/566
f 566/186/566 189/1001/189 188/1002/188 597/217/597
f 597/217/597 188/1002/188 187/1003/187 628/248/628
f 628/248/628 187/1003/187 186/1004/186 659/279/659
f 659/279/659 186/1004/186 185/1005/185 690/310/690
f 690/310/690 185/1005/185 184/1006/184 721/341/721
f 721/341/721 184/1006/184 183/1007/183 752/372/752
f 752/372/752 183/1007/183 182/1008/182 783/403/783
f 783/403/783 182/1008/182 181/1009/181 814/434/814
f 814/434/814 181/1009/181 180/1010/180 845/465/845
f 845/465/845 180/1010/180 179/1011/179 876/496/876
f 876/496/876 179/1011/179 178/1012/178 907/527/907
f 907/527/907 178/1012/178 177/1013/177 938/558/938
f 938/558/938 177/1013/177 176/1014/176 969/589/969
f 969/589/969 176/1014/176 175/1015/175 1000/620/1000
f 1000/620/1000 175/1015/175 174/1016/174 1031/651/1031
f 1031/651/1031 174/1016/174 173/1017/173 1062/682/1062
f 1062/682/1062 173/1017/173 172/1018/172 1093/713/1093
f 1093/713/1093 172/1018/172 171/1019/171 1124/744/1124
f 1124/744/1124 171/1019/171 170/1020/170 1155/775/1155
f 1155/775/1155 170/1020/170 169/1021/169 1186/806/1186
f 1186/806/1186 169/1021/169 168/1022/168 1217/837/1217
f 1217/837/1217 168/1022/168 167/1023/167 1248/868/1248
f 1248/868/1248 167/1023/167 166/1024/166 1279/899/1279
f 1279/899/1279 166/1024/166 165/1025/165 1310/930/1310
f 1310/930/1310 165/1025/165 164/1026/164 1341/961/1341
f 1341/961/1341 164/1026/164 7/1027/7 101/1028/101
f 1340/960/1340 1341/961/1341 101/1028/101 100/1029/100
f 1339/959/1339 1340/960/1340 100/1029/100 99/1030/99
f 1338/958/1338 1339/959/1339 99/1030/99 98/1031/98
f 1337/957/1337 1338/958/1338 98/1031/98 97/1032/97
f 1336/956/1336 1337/957/1337 97/1032/97 96/1033/96
f 1335/955/1335 1336/956/1336 96/1033/96 95/1034/95
f 1334/954/1334 1335/955/1335 95/1034/95 94/1035/94
f 1333/953/1333 1334/954/1334 94/1035/94 93/1036/93
f 1332/952/1332 1333/953/1333 93/1036/93 92/1037/92
f 1331/951/1331 1332/952/1332 92/1037/92 91/1038/91
f 1330/950/1330 1331/951/1331 91/1038/91 90/1039/90
f 1329/949/1329 1330/950/1330 90/1039/90 89/1040/89
f 1328/948/1328 1329/949/1329 89/1040/89 88/1041/88
f 1327/947/1327 1328/948/1328 88/1041/88 87/1042/87
f 1326/946/1326 1327/947/1327 87/1042/87 86/1043/86
f 1325/945/1325 1326/946/1326 86/1043/86 85/1044/85
f 1324/944/1324 1325/945/1325 85/1044/85 84/1045/84
f 1323/943/1323 1324/944/1324 84/1045/84 83/1046/83
f 1322/942/1322 1323/943/1323 83/1046/83 82/1047/82
f 1321/941/1321 1322/942/1322 82/1047/82 81/1048/81
f 1320/940/1320 1321/941/1321 81/1048/81 80/1049/80
f 1319/939/1319 1320/940/1320 80/1049/80 79/1050/79
f 1318/938/1318 1319/939/1319 79/1050/79 78/1051/78
f 1317/937/1317 1318/938/1318 78/1051/78 77/1052/77
f 1316/936/1316 1317/937/1317 77/1052/77 76/1053/76
f 1315/935/1315 1316/936/1316 76/1053/76 75/1054/75
f 1314/934/1314 1315/935/1315 75/1054/75 74/1055/74
f 1313/933/1313 1314/934/1314 74/1055/74 73/1056/73
f 1312/931/1312 1313/933/1313 73/1056/73 72/1057/72
f 1311/932/1311 1312/931/1312 72/1057/72 71/1058/71
f 132/1059/132 1311/932/1311 71/1058/71 3/1060/3
f 131/1061/131 1280/901/1280 1311/932/1311 132/1059/132
f 130/1062/130 1249/870/1249 1280/901/1280 131/1061/131
f 129/1063/129 1218/839/1218 1249/870/1249 130/1062/130
f 128/1064/128 1187/808/1187 1218/839/1218 129/1063/129
f 127/1065/127 1156/777/1156 1187/808/1187 128/1064/128
f 126/1066/126 1125/746/1125 1156/777/1156 127/1065/127
f 125/1067/125 1094/715/1094 1125/746/1125 126/1066/126
f 124/1068/124 1063/684/1063 1094/715/1094 125/1067/125
f 123/1069/123 1032/653/1032 1063/684/1063 124/1068/124
f 122/1070/122 1001/622/1001 1032/653/1032 123/1069/123
f 121/1071/121 970/591/970 1001/622/1001 122/1070/122
f 120/1072/120 939/560/939 970/591/970 121/1071/121
f 119/1073/119 908/529/908 939/560/939 120/1072/120
f 118/1074/118 877/498/877 908/529/908 119/1073/119
f 117/1075/117 846/467/846 877/498/877 118/1074/118
f 116/1076/116 815/436/815 846/467/846 117/1075/117
f 115/1077/115 784/405/784 815/436/815 116/1076/116
f 114/1078/114 753/374/753 784/405/784 115/1077/115
f 113/1079/113 722/343/722 753/374/753 114/1078/114
f 112/1080/112 691/312/691 722/343/722 113/1079/113
f 111/1081/111 660/281/660 691/312/691 112/1080/112
f 110/1082/110 629/250/629 660/281/660 111/1081/111
f 109/1083/109 598/219/598 629/250/629 110/1082/110
f 108/1084/108 567/188/567 598/219/598 109/1083/109
f 107/1085/107 536/157/536 567/188/567 108/1084/108
f 106/1086/106 505/126/505 536/157/536 107/1085/107
f 105/1087/105 474/95/474 505/126/505 106/1086/106
f 104/1088/104 443/64/443 474/95/474 105/1087/105
f 103/1089/103 412/4/412 443/64/443 104/1088/104
f 102/964/102 381/1/381 412/4/412 103/1089/103
f 1342/1090/1342 1343/1091/1343 1374/1092/1374 1373/1093/1373
f 1343/1091/1343 1344/1094/1344 1375/1095/1375 1374/1092/1374
f 1344/1094/1344 1345/1096/1345 1376/1097/1376 1375/1095/1375
f 1345/1096/1345 1346/1098/1346 1377/1099/1377 1376/1097/1376
f 1346/1098/1346 1347/1100/1347 1378/1101/1378 1377/1099/1377
f 1347/1100/1347 1348/1102/1348 1379/1103/1379 1378/1101/1378
f 1348/1102/1348 1349/1104/1349 1380/1105/1380 1379/1103/1379
f 1349/1104/1349 1350/1106/1350 1381/1107/1381 1380/1105/1380
f 1350/1106/1350 1351/1108/1351 1382/1109/1382 1381/1107/1381
f 1351/1108/1351 1352/1110/1352 1383/1111/1383 1382/1109/1382
f 1352/1110/1352 1353/1112/1353 1384/1113/1384 1383/1111/1383
f 1353/1112/1353 1354/1114/1354 1385/1115/1385 1384/1113/1384
f 1354/1114/1354 1355/1116/1355 1386/1117/1386 1385/1115/1385
f 1355/1116/1355 1356/1118/1356 1387/1119/1387 1386/1117/1386
f 1356/1118/1356 1357/1120/1357 1388/1121/1388 1387/1119/1387
f 1357/1120/1357 1358/1122/1358 1389/1123/1389 1388/1121/1388
f 1358/1122/1358 1359/1124/1359 1390/1125/1390 1389/1123/1389
f 1359/1124/1359 1360/1126/1360 1391/1127/1391 1390/1125/1390
f 1360/1126/1360 1361/1128/1361 1392/1129/1392 1391/1127/1391
f 1361/1128/1361 1362/1130/1362 1393/1131/1393 1392/1129/1392
f 1362/1130/1362 1363/1132/1363 1394/1133/1394 1393/1131/1393
f 1363/1132/1363 1364/1134/1364 1395/1135/1395 1394/1133/1394
f 1364/1134/1364 1365/1136/1365 1396/1137/1396 1395/1135/1395
f 1365/1136/1365 1366/1138/1366 1397/1139/1397 1396/1137/1396
f 1366/1138/1366 1367/1140/1367 1398/1141/1398 1397/1139/1397
f 1367/1140/1367 1368/1142/1368 1399/1143/1399 1398/1141/1398
f 1368/1142/1368 1369/1144/1369 1400/1145/1400 1399/1143/1399
f 1369/1144/1369 1370/1146/1370 1401/1147/1401 1400/1145/1400
f 1370/1146/1370 1371/1148/1371 1402/1149/1402 1401/1147/1401
f 1371/1148/1371 1372/1150/1372 1403/1151/1403 1402/1149/1402
f 1373/1093/1373 1374/1092/1374 1405/1152/1405 1404/1153/1404
f 1374/1092/1374 1375/1095/1375 1406/1154/1406 1405/1152/1405
f 1375/1095/1375 1376/1097/1376 1407/1155/1407 1406/1154/1406
f 1376/1097/1376 1377/1099/1377 1408/1156/1408 1407/1155/1407
f 1377/1099/1377 1378/1101/1378 1409/1157/1409 1408/1156/1408
f 1378/1101/1378 1379/1103/1379 1410/1158/1410 1409/1157/1409
f 1379/1103/1379 1380/1105/1380 1411/1159/1411 1410/1158/1410
f 1380/1105/1380 1381/1107/1381 1412/1160/1412 1411/1159/1411
f 1381/1107/1381 1382/1109/1382 1413/1161/1413 1412/1160/1412
f 1382/1109/1382 1383/1111/1383 1414/1162/1414 1413/1161/1413
f 1383/1111/1383 1384/1113/1384 1415/1163/1415 1414/1162/1414
f 1384/1113/1384 1385/1115/1385 1416/1164/1416 1415/1163/1415
f 1385/1115/1385 1386/1117/1386 1417/1165/1417 1416/1164/1416
f 1386/1117/1386 1387/1119/1387 1418/1166/1418 1417/1165/1417
f 1387/1119/1387 1388/1121/1388 1419/1167/1419 1418/1166/1418
f 1388/1121/1388 1389/1123/1389 1420/1168/1420 1419/1167/1419
f 1389/1123/1389 1390/1125/1390 1421/1169/1421 1420/1168/1420
f 1390/1125/1390 1391/1127/1391 1422/1170/1422 1421/1169/1421
f 1391/1127/1391 1392/1129/1392 1423/1171/1423 1422/1170/1422
f 1392/1129/1392 1393/1131/1393 1424/1172/1424 1423/1171/1423
f 1393/1131/1393 1394/1133/1394 1425/1173/1425 1424/1172/1424
f 1394/1133/1394 1395/1135/1395 1426/1174/1426 1425/1173/1425
f 1395/1135/1395 1396/1137/1396 1427/1175/1427 1426/1174/1426
f 1396/1137/1396 1397/1139/1397 1428/1176/1428 1427/1175/1427
f 1397/1139/1397 1398/1141/1398 1429/1177/1429 1428/1176/1428
f 1398/1141/1398 1399/1143/1399 1430/1178/1430 1429/1177/1429
f 1399/1143/1399 1400/1145/1400 1431/1179/1431 1430/1178/1430
f 1400/1145/1400 1401/1147/1401 1432/1180/1432 1431/1179/1431
f 1401/1147/1401 1402/1149/1402 1433/1181/1433 1432/1180/1432
f 1402/1149/1402 1403/1151/1403 1434/1182/1434 1433/1181/1433
f 1404/1153/1404 1405/1152/1405 1436/1183/1436 1435/1184/1435
f 1405/1152/1405 1406/1154/1406 1437/1185/1437 1436/1183/1436
f 1406/1154/1406 1407/1155/1407 1438/1186/1438 1437/1185/1437
f 1407/1155/1407 1408/1156/1408 1439/1187/1439 1438/1186/1438
f 1408/1156/1408 1409/1157/1409 1440/1188/1440 1439/1187/1439
f 1409/1157/1409 1410/1158/1410 1441/1189/1441 1440/1188/1440
f 1410/1158/1410 1411/1159/1411 1442/1190/1442 1441/1189/1441
f 1411/1159/1411 1412/1160/1412 1443/1191/1443 1442/1190/1442
f 1412/1160/1412 1413/1161/1413 1444/1192/1444 1443/1191/1443
f 1413/1161/1413 1414/1162/1414 1445/1193/1445 1444/1192/1444
f 1414/1162/1414 1415/1163/1415 1446/1194/1446 1445/1193/1445
f 1415/1163/1415 1416/1164/1416 1447/1195/1447 1446/1194/1446
f 1416/1164/1416 1417/1165/1417 1448/1196/1448 1447/1195/1447
f 1417/1165/1417 1418/1166/1418 1449/1197/1449 1448/1196/1448
f 1418/1166/1418 1419/1167/1419 1450/1198/1450 1449/1197/1449
f 1419/1167/1419 1420/1168/1420 1451/1199/1451 1450/1198/1450
f 1420/1168/1420 1421/1169/1421 1452/1200/1452 1451/1199/1451
f 1421/1169/1421 1422/1170/1422 1453/1201/1453 1452/1200/1452
f 1422/1170/1422 1423/1171/1423 1454/1202/1454 1453/1201/1453
f 1423/1171/1423 1424/1172/1424 1455/1203/1455 1454/1202/1454
f 1424/1172/1424 1425/1173/1425 1456/1204/1456 1455/1203/1455
f 1425/1173/1425 1426/1174/1426 1457/1205/1457 1456/1204/1456
f 1426/1174/1426 1427/1175/1427 1458/1206/1458 1457/1205/1457
f 1427/1175/1427 1428/1176/1428 1459/1207/1459 1458/1206/1458
f 1428/1176/1428 1429/1177/1429 1460/1208/1460 1459/1207/1459
f 1429/1177/1429 1430/1178/1430 1461/1209/1461 1460/1208/1460
f 1430/1178/1430 1431/1179/1431 1462/1210/1462 1461/1209/1461
f 1431/1179/1431 1432/1180/1432 1463/1211/1463 1462/1210/1462
f 1432/1180/1432 1433/1181/1433 1464/1212/1464 1463/1211/1463
f 1433/1181/1433 1434/1182/1434 1465/1213/1465 1464/1212/1464
f 1435/1184/1435 1436/1183/1436 1467/1214/1467 1466/1215/1466
f 1436/1183/1436 1437/1185/1437 1468/1216/1468 1467/1214/1467
f 1437/1185/1437 1438/1186/1438 1469/1217/1469 1468/1216/1468
f 1438/1186/1438 1439/1187/1439 1470/1218/1470 1469/1217/1469
f 1439/1187/1439 1440/1188/1440 1471/1219/1471 1470/1218/1470
f 1440/1188/1440 1441/1189/1441 1472/1220/1472 1471/1219/1471
f 1441/1189/1441 1442/1190/1442 1473/1221/1473 1472/1220/1472
f 1442/1190/1442 1443/1191/1443 1474/1222/1474 1473/1221/1473
f 1443/1191/1443 1444/1192/1444 1475/1223/1475 1474/1222/1474
f 1444/1192/1444 1445/1193/1445 1476/1224/1476 1475/1223/1475
f 1445/1193/1445 1446/1194/1446 1477/1225/1477 1476/1224/1476
f 1446/1194/1446 1447/1195/1447 1478/1226/1478 1477/1225/1477
f 1447/1195/1447 1448/1196/1448 1479/1227/1479 1478/1226/1478
f 1448/1196/1448 1449/1197/1449 1480/1228/1480 1479/1227/1479
f 1449/1197/1449 1450/1198/1450 1481/1229/1481 1480/1228/1480
f 1450/1198/1450 1451/1199/1451 1482/1230/1482 1481/1229/1481
f 1451/1199/1451 1452/1200/1452 1483/1231/1483 1482/1230/1482
f 1452/1200/1452 1453/1201/1453 1484/1232/1484 1483/1231/1483
f 1453/1201/1453 1454/1202/1454 1485/1233/1485 1484/1232/1484
f 1454/1202/1454 1455/1203/1455 1486/1234/1486 1485/1233/1485
f 1455/1203/1455 1456/1204/1456 1487/1235/1487 1486/1234/1486
f 1456/1204/1456 1457/1205/1457 1488/1236/1488 1487/1235/1487
f 1457/1205/1457 1458/1206/1458 1489/1237/1489 1488/1236/1488
f 1458/1206/1458 1459/1207/1459 1490/1238/1490 1489/1237/1489
f 1459/1207/1459 1460/1208/1460 1491/1239/1491 1490/1238/1490
f 1460/1208/1460 1461/1209/1461 1492/1240/1492 1491/1239/1491
f 1461/1209/1461 1462/1210/1462 1493/1241/1493 1492/1240/1492
f 1462/1210/1462 1463/1211/1463 1494/1242/1494 1493/1241/1493
f 1463/1211/1463 1464/1212/1464 1495/1243/1495 1494/1242/1494
f 1464/1212/1464 1465/1213/1465 1496/1244/1496 1495/1243/1495
f 1466/1215/1466 1467/1214/1467 1498/1245/1498 1497/1246/1497
f 1467/1214/1467 1468/1216/1468 1499/1247/1499 1498/1245/1498
f 1468/1216/1468 1469/1217/1469 1500/1248/1500 1499/1247/1499
f 1469/1217/1469 1470/1218/1470 1501/1249/1501 1500/1248/1500
f 1470/1218/1470 1471/1219/1471 1502/1250/1502 1501/1249/1501
f 1471/1219/1471 1472/1220/1472 1503/1251/1503 1502/1250/1502
f 1472/1220/1472 1473/1221/1473 1504/1252/1504 1503/1251/1503
f 1473/1221/1473 1474/1222/1474 1505/1253/1505 1504/1252/1504
f 1474/1222/1474 1475/1223/1475 1506/1254/1506 1505/1253/1505
f 1475/1223/1475 1476/1224/1476 1507/1255/1507 1506/1254/1506
f 1476/1224/1476 1477/1225/1477 1508/1256/1508 1507/1255/1507
f 1477/1225/1477 1478/1226/1478 1509/1257/1509 1508/1256/1508
f 1478/1226/1478 1479/1227/1479 1510/1258/1510 1509/1257/1509
f 1479/1227/1479 1480/1228/1480 1511/1259/1511 1510/1258/1510
f 1480/1228/1480 1481/1229/1481 1512/1260/1512 1511/1259/1511
f 1481/1229/1481 1482/1230/1482 1513/1261/1513 1512/1260/1512
f 1482/1230/1482 1483/1231/1483 1514/1262/1514 1513/1261/1513
f 1483/1231/1483 1484/1232/1484 1515/1263/1515 1514/1262/1514
f 1484/1232/1484 1485/1233/1485 1516/1264/1516 1515/1263/1515
f 1485/1233/1485 1486/1234/1486 1517/1265/1517 1516/1264/1516
f 1486/1234/1486 1487/1235/1487 1518/1266/1518 1517/1265/1517
f 1487/1235/1487 1488/1236/1488 1519/1267/1519 1518/1266/1518
f 1488/1236/1488 1489/1237/1489 1520/1268/1520 1519/1267/1519
f 1489/1237/1489 1490/1238/1490 1521/1269/1521 1520/1268/1520
f 1490/1238/1490 1491/1239/1491 1522/1270/1522 1521/1269/1521
f 1491/1239/1491 1492/1240/1492 1523/1271/1523 1522/1270/1522
f 1492/1240/1492 1493/1241/1493 1524/1272/1524 1523/1271/1523
f 1493/1241/1493 1494/1242/1494 1525/1273/1525 1524/1272/1524
f 1494/1242/1494 1495/1243/1495 1526/1274/1526 1525/1273/1525
f 1495/1243/1495 1496/1244/1496 1527/1275/1527 1526/1274/1526
f 1497/1246/1497 1498/1245/1498 1529/1276/1529 1528/1277/1528
f 1498/1245/1498 1499/1247/1499 1530/1278/1530 1529/1276/1529
f 1499/1247/1499 1500/1248/1500 1531/1279/1531 1530/1278/1530
f 1500/1248/1500 1501/1249/1501 1532/1280/1532 1531/1279/1531
f 1501/1249/1501 1502/1250/1502 1533/1281/1533 1532/1280/1532
f 1502/1250/1502 1503/1251/1503 1534/1282/1534 1533/1281/1533
f 1503/1251/1503 1504/1252/1504 1535/1283/1535 1534/1282/1534
f 1504/1252/1504 1505/1253/1505 1536/1284/1536 1535/1283/1535
f 1505/1253/1505 1506/1254/1506 1537/1285/1537 1536/1284/1536
f 1506/1254/1506 1507/1255/1507 1538/1286/1538 1537/1285/1537
f 1507/1255/1507 1508/1256/1508 1539/1287/1539 1538/1286/1538
f 1508/1256/1508 1509/1257/1509 1540/1288/1540 1539/1287/1539
f 1509/1257/1509 1510/1258/1510 1541/1289/1541 1540/1288/1540
f 1510/1258/1510 1511/1259/1511 1542/1290/1542 1541/1289/1541
f 1511/1259/1511 1512/1260/1512 1543/1291/1543 1542/1290/1542
f 1512/1260/1512 1513/1261/1513 1544/1292/1544 1543/1291/1543
f 1513/1261/1513 1514/1262/1514 1545/1293/1545 1544/1292/1544
f 1514/1262/1514 1515/1263/1515 1546/1294/1546 1545/1293/1545
f 1515/1263/1515 1516/1264/1516 1547/1295/1547 1546/1294/1546
f 1516/1264/1516 1517/1265/1517 1548/1296/1548 1547/1295/1547
f 1517/1265/1517 1518/1266/1518 1549/1297/1549 1548/1296/1548
f 1518/1266/1518 1519/1267/1519 1550/1298/1550 1549/1297/1549
f 1519/1267/1519 1520/1268/1520 1551/1299/1551 1550/1298/1550
f 1520/1268/1520 1521/1269/1521 1552/1300/1552 1551/1299/1551
f 1521/1269/1521 1522/1270/1522 1553/1301/1553 1552/1300/1552
f 1522/1270/1522 1523/1271/1523 1554/1302/1554 1553/1301/1553
f 1523/1271/1523 1524/1272/1524 1555/1303/1555 1554/1302/1554
f 1524/1272/1524 1525/1273/1525 1556/1304/1556 1555/1303/1555
f 1525/1273/1525 1526/1274/1526 1557/1305/1557 1556/1304/1556
f 1526/1274/1526 1527/1275/1527 1558/1306/1558 1557/1305/1557
f 1528/1277/1528 1529/1276/1529 1560/1307/1560 1559/1308/1559
f 1529/1276/1529 1530/1278/1530 1561/1309/1561 1560/1307/1560
f 1530/1278/1530 1531/1279/1531 1562/1310/1562 1561/1309/1561
f 1531/1279/1531 1532/1280/1532 1563/1311/1563 1562/1310/1562
f 1532/1280/1532 1533/1281/1533 1564/1312/1564 1563/1311/1563
f 1533/1281/1533 1534/1282/1534 1565/1313/1565 1564/1312/1564
f 1534/1282/1534 1535/1283/1535 1566/1314/1566 1565/1313/1565
f 1535/1283/1535 1536/1284/1536 1567/1315/1567 1566/1314/1566
f 1536/1284/1536 1537/1285/1537 1568/1316/1568 1567/1315/1567
f 1537/1285/1537 1538/1286/1538 1569/1317/1569 1568/1316/1568
f 1538/1286/1538 1539/1287/1539 1570/1318/1570 1569/1317/1569
f 1539/1287/1539 1540/1288/1540 1571/1319/1571 1570/1318/1570
f 1540/1288/1540 1541/1289/1541 1572/1320/1572 1571/1319/1571
f 1541/1289/1541 1542/1290/1542 1573/1321/1573 1572/1320/1572
f 1542/1290/1542 1543/1291/1543 1574/1322/1574 1573/1321/1573
f 1543/1291/1543 1544/1292/1544 1575/1323/1575 1574/1322/1574
f 1544/1292/1544 1545/1293/1545 1576/1324/1576 1575/1323/1575
f 1545/1293/1545 1546/1294/1546 1577/1325/1577 1576/1324/1576
f 1546/1294/1546 1547/1295/1547 1578/1326/1578 1577/1325/1577
f 1547/1295/1547 1548/1296/1548 1579/1327/1579 1578/1326/1578
f 1548/1296/1548 1549/1297/1549 1580/1328/1580 1579/1327/1579
f 1549/1297/1549 1550/1298/1550 1581/1329/1581 1580/1328/1580
f 1550/1298/1550 1551/1299/1551 1582/1330/1582 1581/1329/1581
f 1551/1299/1551 1552/1300/1552 1583/1331/1583 1582/1330/1582
f 1552/1300/1552 1553/1301/1553 1584/1332/1584 1583/1331/1583
f 1553/1301/1553 1554/1302/1554 1585/1333/1585 1584/1332/1584
f 1554/1302/1554 1555/1303/1555 1586/1334/1586 1585/1333/1585
f 1555/1303/1555 1556/1304/1556 1587/1335/1587 1586/1334/1586
f 1556/1304/1556 1557/1305/1557 1588/1336/1588 1587/1335/1587
f 1557/1305/1557 1558/1306/1558 1589/1337/1589 1588/1336/1588
f 1559/1308/1559 1560/1307/1560 1591/1338/1591 1590/1339/1590
f 1560/1307/1560 1561/1309/1561 1592/1340/1592 1591/1338/1591
f 1561/1309/1561 1562/1310/1562 1593/1341/1593 1592/1340/1592
f 1562/1310/1562 1563/1311/1563 1594/1342/1594 1593/1341/1593
f 1563/1311/1563 1564/1312/1564 1595/1343/1595 1594/1342/1594
f 1564/1312/1564 1565/1313/1565 1596/1344/1596 1595/1343/1595
f 1565/1313/1565 1566/1314/1566 1597/1345/1597 1596/1344/1596
f 1566/1314/1566 1567/1315/1567 1598/1346/1598 1597/1345/1597
f 1567/1315/1567 1568/1316/1568 1599/1347/1599 1598/1346/1598
f 1568/1316/1568 1569/1317/1569 1600/1348/1600 1599/1347/1599
f 1569/1317/1569 1570/1318/1570 1601/1349/1601 1600/1348/1600
f 1570/1318/1570 1571/1319/1571 1602/1350/1602 1601/1349/1601
f 1571/1319/1571 1572/1320/1572 1603/1351/1603 1602/1350/1602
f 1572/1320/1572 1573/1321/1573 1604/1352/1604 1603/1351/1603
f 1573/1321/1573 1574/1322/1574 1605/1353/1605 1604/1352/1604
f 1574/1322/1574 1575/1323/1575 1606/1354/1606 1605/1353/1605
f 1575/1323/1575 1576/1324/1576 1607/1355/1607 1606/1354/1606
f 1576/1324/1576 1577/1325/1577 1608/1356/1608 1607/1355/1607
f 1577/1325/1577 1578/1326/1578 1609/1357/1609 1608/1356/1608
f 1578/1326/1578 1579/1327/1579 1610/1358/1610 1609/1357/1609
f 1579/1327/1579 1580/1328/1580 1611/1359/1611 1610/1358/1610
f 1580/1328/1580 1581/1329/1581 1612/1360/1612 1611/1359/1611
f 1581/1329/1581 1582/1330/1582 1613/1361/1613 1612/1360/1612
f 1582/1330/1582 1583/1331/1583 1614/1362/1614 1613/1361/1613
f 1583/1331/1583 1584/1332/1584 1615/1363/1615 1614/1362/1614
f 1584/1332/1584 1585/1333/1585 1616/1364/1616 1615/1363/1615
f 1585/1333/1585 1586/1334/1586 1617/1365/1617 1616/1364/1616
f 1586/1334/1586 1587/1335/1587 1618/1366/1618 1617/1365/1617
f 1587/1335/1587 1588/1336/1588 1619/1367/1619 1618/1366/1618
f 1588/1336/1588 1589/1337/1589 1620/1368/1620 1619/1367/1619
f 1590/1339/1590 1591/1338/1591 1622/1369/1622 1621/1370/1621
f 1591/1338/1591 1592/1340/1592 1623/1371/1623 1622/1369/1622
f 1592/1340/1592 1593/1341/1593 1624/1372/1624 1623/1371/1623
f 1593/1341/1593 1594/1342/1594 1625/1373/1625 1624/1372/1624
f 1594/1342/1594 1595/1343/1595 1626/1374/1626 1625/1373/1625
f 1595/1343/1595 1596/1344/1596 1627/1375/1627 1626/1374/1626
f 1596/1344/1596 1597/1345/1597 1628/1376/1628 1627/1375/1627
f 1597/1345/1597 1598/1346/1598 1629/1377/1629 1628/1376/1628
f 1598/1346/1598 1599/1347/1599 1630/1378/1630 1629/1377/1629
f 1599/1347/1599 1600/1348/1600 1631/1379/1631 1630/1378/1630
f 1600/1348/1600 1601/1349/1601 1632/1380/1632 1631/1379/1631
f 1601/1349/1601 1602/1350/1602 1633/1381/1633 1632/1380/1632
f 1602/1350/1602 1603/1351/1603 1634/1382/1634 1633/1381/1633
f 1603/1351/1603 1604/1352/1604 1635/1383/1635 1634/1382/1634
f 1604/1352/1604 1605/1353/1605 1636/1384/1636 1635/1383/1635
f 1605/1353/1605 1606/1354/1606 1637/1385/1637 1636/1384/1636
f 1606/1354/1606 1607/1355/1607 1638/1386/1638 1637/1385/1637
f 1607/1355/1607 1608/1356/1608 1639/1387/1639 1638/1386/1638
f 1608/1356/1608 1609/1357/1609 1640/1388/1640 1639/1387/1639
f 1609/1357/1609 1610/1358/1610 1641/1389/1641 1640/1388/1640
f 1610/1358/1610 1611/1359/1611 1642/1390/1642 1641/1389/1641
f 1611/1359/1611 1612/1360/1612 1643/1391/1643 1642/1390/1642
f 1612/1360/1612 1613/1361/1613 1644/1392/1644 1643/1391/1643
f 1613/1361/1613 1614/1362/1614 1645/1393/1645 1644/1392/1644
f 1614/1362/1614 1615/1363/1615 1646/1394/1646 1645/1393/1645
f 1615/1363/1615 1616/1364/1616 1647/1395/1647 1646/1394/1646
f 1616/1364/1616 1617/1365/1617 1648/1396/1648 1647/1395/1647
f 1617/1365/1617 1618/1366/1618 1649/1397/1649 1648/1396/1648
f 1618/1366/1618 1619/1367/1619 1650/1398/1650 1649/1397/1649
f 1619/1367/1619 1620/1368/1620 1651/1399/1651 1650/1398/1650
f 1621/1370/1621 1622/1369/1622 1653/1400/1653 1652/1401/1652
f 1622/1369/1622 1623/1371/1623 1654/1402/1654 1653/1400/1653
f 1623/1371/1623 1624/1372/1624 1655/1403/1655 1654/1402/1654
f 1624/1372/1624 1625/1373/1625 1656/1404/1656 1655/1403/1655
f 1625/1373/1625 1626/1374/1626 1657/1405/1657 1656/1404/1656
f 1626/1374/1626 1627/1375/1627 1658/1406/1658 1657/1405/1657
f 1627/1375/1627 1628/1376/1628 1659/1407/1659 1658/1406/1658
f 1628/1376/1628 1629/1377/1629 1660/1408/1660 1659/1407/1659
f 1629/1377/1629 1630/1378/1630 1661/1409/1661 1660/1408/1660
f 1630/1378/1630 1631/1379/1631 1662/1410/1662 1661/1409/1661
f 1631/1379/1631 1632/1380/1632 1663/1411/1663 1662/1410/1662
f 1632/1380/1632 1633/1381/1633 1664/1412/1664 1663/1411/1663
f 1633/1381/1633 1634/1382/1634 1665/1413/1665 1664/1412/1664
f 1634/1382/1634 1635/1383/1635 1666/1414/1666 1665/1413/1665
f 1635/1383/1635 1636/1384/1636 1667/1415/1667 1666/1414/1666
f 1636/1384/1636 1637/1385/1637 1668/1416/1668 1667/1415/1667
f 1637/1385/1637 1638/1386/1638 1669/1417/1669 1668/1416/1668
f 1638/1386/1638 1639/1387/1639 1670/1418/1670 1669/1417/1669
f 1639/1387/1639 1640/1388/1640 1671/1419/1671 1670/1418/1670
f 1640/1388/1640 1641/1389/1641 1672/1420/1672 1671/1419/1671
f 1641/1389/1641 1642/1390/1642 1673/1421/1673 1672/1420/1672
f 1642/1390/1642 1643/1391/1643 1674/1422/1674 1673/1421/1673
f 1643/1391/1643 1644/1392/1644 1675/1423/1675 1674/1422/1674
f 1644/1392/1644 1645/1393/1645 1676/1424/1676 1675/1423/1675
f 1645/1393/1645 1646/1394/1646 1677/1425/1677 1676/1424/1676
f 1646/1394/1646 1647/1395/1647 1678/1426/1678 1677/1425/1677
f 1647/1395/1647 1648/1396/1648 1679/1427/1679 1678/1426/1678
f 1648/1396/1648 1649/1397/1649 1680/1428/1680 1679/1427/1679
f 1649/1397/1649 1650/1398/1650 1681/1429/1681 1680/1428/1680
f 1650/1398/1650 1651/1399/1651 1682/1430/1682 1681/1429/1681
f 1652/1401/1652 1653/1400/1653 1684/1431/1684 1683/1432/1683
f 1653/1400/1653 1654/1402/1654 1685/1433/1685 1684/1431/1684
f 1654/1402/1654 1655/1403/1655 1686/1434/1686 1685/1433/1685
f 1655/1403/1655 1656/1404/1656 1687/1435/1687 1686/1434/1686
f 1656/1404/1656 1657/1405/1657 1688/1436/1688 1687/1435/1687
f 1657/1405/1657 1658/1406/1658 1689/1437/1689 1688/1436/1688
f 1658/1406/1658 1659/1407/1659 1690/1438/1690 1689/1437/1689
f 1659/1407/1659 1660/1408/1660 1691/1439/1691 1690/1438/1690
f 1660/1408/1660 1661/1409/1661 1692/1440/1692 1691/1439/1691
f 1661/1409/1661 1662/1410/1662 1693/1441/1693 1692/1440/1692
f 1662/1410/1662 1663/1411/1663 1694/1442/1694 1693/1441/1693
f 1663/1411/1663 1664/1412/1664 1695/1443/1695 1694/1442/1694
f 1664/1412/1664 1665/1413/1665 1696/1444/1696 1695/1443/1695
f 1665/1413/1665 1666/1414/1666 1697/1445/1697 1696/1444/1696
f 1666/1414/1666 1667/1415/1667 1698/1446/1698 1697/1445/1697
f 1667/1415/1667 1668/1416/1668 1699/1447/1699 1698/1446/1698
f 1668/1416/1668 1669/1417/1669 1700/1448/1700 1699/1447/1699
f 1669/1417/1669 1670/1418/1670 1701/1449/1701 1700/1448/1700
f 1670/1418/1670 1671/1419/1671 1702/1450/1702 1701/1449/1701
f 1671/1419/1671 1672/1420/1672 1703/1451/1703 1702/1450/1702
f 1672/1420/1672 1673/1421/1673 1704/1452/1704 1703/1451/1703
f 1673/1421/1673 1674/1422/1674 1705/1453/1705 1704/1452/1704
f 1674/1422/1674 1675/1423/1675 1706/1454/1706 1705/1453/1705
f 1675/1423/1675 1676/1424/1676 1707/1455/1707 1706/1454/1706
f 1676/1424/1676 1677/1425/1677 1708/1456/1708 1707/1455/1707
f 1677/1425/1677 1678/1426/1678 1709/1457/1709 1708/1456/1708
f 1678/1426/1678 1679/1427/1679 1710/1458/1710 1709/1457/1709
f 1679/1427/1679 1680/1428/1680 1711/1459/1711 1710/1458/1710
f 1680/1428/1680 1681/1429/1681 1712/1460/1712 1711/1459/1711
f 1681/1429/1681 1682/1430/1682 1713/1461/1713 1712/1460/1712
f 1683/1432/1683 1684/1431/1684 1715/1462/1715 1714/1463/1714
f 1684/1431/1684 1685/1433/1685 1716/1464/1716 1715/1462/1715
f 1685/1433/1685 1686/1434/1686 1717/1465/1717 1716/1464/1716
f 1686/1434/1686 1687/1435/1687 1718/1466/1718 1717/1465/1717
f 1687/1435/1687 1688/1436/1688 1719/1467/1719 1718/1466/1718
f 1688/1436/1688 1689/1437/1689 1720/1468/1720 1719/1467/1719
f 1689/1437/1689 1690/1438/1690 1721/1469/1721 1720/1468/1720
f 1690/1438/1690 1691/1439/1691 1722/1470/1722 1721/1469/1721
f 1691/1439/1691 1692/1440/1692 1723/1471/1723 1722/1470/1722
f 1692/1440/1692 1693/1441/1693 1724/1472/1724 1723/1471/1723
f 1693/1441/1693 1694/1442/1694 1725/1473/1725 1724/1472/1724
f 1694/1442/1694 1695/1443/1695 1726/1474/1726 1725/1473/1725
f 1695/1443/1695 1696/1444/1696 1727/1475/1727 1726/1474/1726
f 1696/1444/1696 1697/1445/1697 1728/1476/1728 1727/1475/1727
f 1697/1445/1697 1698/1446/1698 1729/1477/1729 1728/1476/1728
f 1698/1446/1698 1699/1447/1699 1730/1478/1730 1729/1477/1729
f 1699/1447/1699 1700/1448/1700 1731/1479/1731 1730/1478/1730
f 1700/1448/1700 1701/1449/1701 1732/1480/1732 1731/1479/1731
f 1701/1449/1701 1702/1450/1702 1733/1481/1733 1732/1480/1732
f 1702/1450/1702 1703/1451/1703 1734/1482/1734 1733/1481/1733
f 1703/1451/1703 1704/1452/1704 1735/1483/1735 1734/1482/1734
f 1704/1452/1704 1705/1453/1705 1736/1484/1736 1735/1483/1735
f 1705/1453/1705 1706/1454/1706 1737/1485/1737 1736/1484/1736
f 1706/1454/1706 1707/1455/1707 1738/1486/1738 1737/1485/1737
f 1707/1455/1707 1708/1456/1708 1739/1487/1739 1738/1486/1738
f 1708/1456/1708 1709/1457/1709 1740/1488/1740 1739/1487/1739
f 1709/1457/1709 1710/1458/1710 1741/1489/1741 1740/1488/1740
f 1710/1458/1710 1711/1459/1711 1742/1490/1742 1741/1489/1741
f 1711/1459/1711 1712/1460/1712 1743/1491/1743 1742/1490/1742
f 1712/1460/1712 1713/1461/1713 1744/1492/1744 1743/1491/1743
f 1714/1463/1714 1715/1462/1715 1746/1493/1746 1745/1494/1745
f 1715/1462/1715 1716/1464/1716 1747/1495/1747 1746/1493/1746
f 1716/1464/1716 1717/1465/1717 1748/1496/1748 1747/1495/1747
f 1717/1465/1717 1718/1466/1718 1749/1497/1749 1748/1496/1748
f 1718/1466/1718 1719/1467/1719 1750/1498/1750 1749/1497/1749
f 1719/1467/1719 1720/1468/1720 1751/1499/1751 1750/1498/1750
f 1720/1468/1720 1721/1469/1721 1752/1500/1752 1751/1499/1751
f 1721/1469/1721 1722/1470/1722 1753/1501/1753 1752/1500/1752
f 1722/1470/1722 1723/1471/1723 1754/1502/1754 1753/1501/1753
f 1723/1471/1723 1724/1472/1724 1755/1503/1755 1754/1502/1754
f 1724/1472/1724 1725/1473/1725 1756/1504/1756 1755/1503/1755
f 1725/1473/1725 1726/1474/1726 1757/1505/1757 1756/1504/1756
f 1726/1474/1726 1727/1475/1727 1758/1506/1758 1757/1505/1757
f 1727/1475/1727 1728/1476/1728 1759/1507/1759 1758/1506/1758
f 1728/1476/1728 1729/1477/1729 1760/1508/1760 1759/1507/1759
f 1729/1477/1729 1730/1478/1730 1761/1509/1761 1760/1508/1760
f 1730/1478/1730 1731/1479/1731 1762/1510/1762 1761/1509/1761
f 1731/1479/1731 1732/1480/1732 1763/1511/1763 1762/1510/1762
f 1732/1480/1732 1733/1481/1733 1764/1512/1764 1763/1511/1763
f 1733/1481/1733 1734/1482/1734 1765/1513/1765 1764/1512/1764
f 1734/1482/1734 1735/1483/1735 1766/1514/1766 1765/1513/1765
f 1735/1483/1735 1736/1484/1736 1767/1515/1767 1766/1514/1766
f 1736/1484/1736 1737/1485/1737 1768/1516/1768 1767/1515/1767
f 1737/1485/1737 1738/1486/1738 1769/1517/1769 1768/1516/1768
f 1738/1486/1738 1739/1487/1739 1770/1518/1770 1769/1517/1769
f 1739/1487/1739 1740/1488/1740 1771/1519/1771 1770/1518/1770
f 1740/1488/1740 1741/1489/1741 1772/1520/1772 1771/1519/1771
f 1741/1489/1741 1742/1490/1742 1773/1521/1773 1772/1520/1772
f 1742/1490/1742 1743/1491/1743 1774/1522/1774 1773/1521/1773
f 1743/1491/1743 1744/1492/1744 1775/1523/1775 1774/1522/1774
f 1745/1494/1745 1746/1493/1746 1777/1524/1777 1776/1525/1776
f 1746/1493/1746 1747/1495/1747 1778/1526/1778 1777/1524/1777
f 1747/1495/1747 1748/1496/1748 1779/1527/1779 1778/1526/1778
f 1748/1496/1748 1749/1497/1749 1780/1528/1780 1779/1527/1779
f 1749/1497/1749 1750/1498/1750 1781/1529/1781 1780/1528/1780
f 1750/1498/1750 1751/1499/1751 1782/1530/1782 1781/1529/1781
f 1751/1499/1751 1752/1500/1752 1783/1531/1783 1782/1530/1782
f 1752/1500/1752 1753/1501/1753 1784/1532/1784 1783/1531/1783
f 1753/1501/1753 1754/1502/1754 1785/1533/1785 1784/1532/1784
f 1754/1502/1754 1755/1503/1755 1786/1534/1786 1785/1533/1785
f 1755/1503/1755 1756/1504/1756 1787/1535/1787 1786/1534/1786
f 1756/1504/1756 1757/1505/1757 1788/1536/1788 1787/1535/1787
f 1757/1505/1757 1758/1506/1758 1789/1537/1789 1788/1536/1788
f 1758/1506/1758 1759/1507/1759 1790/1538/1790 1789/1537/1789
f 1759/1507/1759 1760/1508/1760 1791/1539/1791 1790/1538/1790
f 1760/1508/1760 1761/1509/1761 1792/1540/1792 1791/1539/1791
f 1761/1509/1761 1762/1510/1762 1793/1541/1793 1792/1540/1792
f 1762/1510/1762 1763/1511/1763 1794/1542/1794 1793/1541/1793
f 1763/1511/1763 1764/1512/1764 1795/1543/1795 1794/1542/1794
f 1764/1512/1764 1765/1513/1765 1796/1544/1796 1795/1543/1795
f 1765/1513/1765 1766/1514/1766 1797/1545/1797 1796/1544/1796
f 1766/1514/1766 1767/1515/1767 1798/1546/1798 1797/1545/1797
f 1767/1515/1767 1768/1516/1768 1799/1547/1799 1798/1546/1798
f 1768/1516/1768 1769/1517/1769 1800/1548/1800 1799/1547/1799
f 1769/1517/1769 1770/1518/1770 1801/1549/1801 1800/1548/1800
f 1770/1518/1770 1771/1519/1771 1802/1550/1802 1801/1549/1801
f 1771/1519/1771 1772/1520/1772 1803/1551/1803 1802/1550/1802
f 1772/1520/1772 1773/1521/1773 1804/1552/1804 1803/1551/1803
f 1773/1521/1773 1774/1522/1774 1805/1553/1805 1804/1552/1804
f 1774/1522/1774 1775/1523/1775 1806/1554/1806 1805/1553/1805
f 1776/1525/1776 1777/1524/1777 1808/1555/1808 1807/1556/1807
f 1777/1524/1777 1778/1526/1778 1809/1557/1809 1808/1555/1808
f 1778/1526/1778 1779/1527/1779 1810/1558/1810 1809/1557/1809
f 1779/1527/1779 1780/1528/1780 1811/1559/1811 1810/1558/1810
f 1780/1528/1780 1781/1529/1781 1812/1560/1812 1811/1559/1811
f 1781/1529/1781 1782/1530/1782 1813/1561/1813 1812/1560/1812
f 1782/1530/1782 1783/1531/1783 1814/1562/1814 1813/1561/1813
f 1783/1531/1783 1784/1532/1784 1815/1563/1815 1814/1562/1814
f 1784/1532/1784 1785/1533/1785 1816/1564/1816 1815/1563/1815
f 1785/1533/1785 1786/1534/1786 1817/1565/1817 1816/1564/1816
f 1786/1534/1786 1787/1535/1787 1818/1566/1818 1817/1565/1817
f 1787/1535/1787 1788/1536/1788 1819/1567/1819 1818/1566/1818
f 1788/1536/1788 1789/1537/1789 1820/1568/1820 1819/1567/1819
f 1789/1537/1789 1790/1538/1790 1821/1569/1821 1820/1568/1820
f 1790/1538/1790 1791/1539/1791 1822/1570/1822 1821/1569/1821
f 1791/1539/1791 1792/1540/1792 1823/1571/1823 1822/1570/1822
f 1792/1540/1792 1793/1541/1793 1824/1572/1824 1823/1571/1823
f 1793/1541/1793 1794/1542/1794 1825/1573/1825 1824/1572/1824
f 1794/1542/1794 1795/1543/1795 1826/1574/1826 1825/1573/1825
f 1795/1543/1795 1796/1544/1796 1827/1575/1827 1826/1574/1826
f 1796/1544/1796 1797/1545/1797 1828/1576/1828 1827/1575/1827
f 1797/1545/1797 1798/1546/1798 1829/1577/1829 1828/1576/1828
f 1798/1546/1798 1799/1547/1799 1830/1578/1830 1829/1577/1829
f 1799/1547/1799 1800/1548/1800 1831/1579/1831 1830/1578/1830
f 1800/1548/1800 1801/1549/1801 1832/1580/1832 1831/1579/1831
f 1801/1549/1801 1802/1550/1802 1833/1581/1833 1832/1580/1832
f 1802/1550/1802 1803/1551/1803 1834/1582/1834 1833/1581/1833
f 1803/1551/1803 1804/1552/1804 1835/1583/1835 1834/1582/1834
f 1804/1552/1804 1805/1553/1805 1836/1584/1836 1835/1583/1835
f 1805/1553/1805 1806/1554/1806 1837/1585/1837 1836/1584/1836
f 1807/1556/1807 1808/1555/1808 1839/1586/1839 1838/1587/1838
f 1808/1555/1808 1809/1557/1809 1840/1588/1840 1839/1586/1839
f 1809/1557/1809 1810/1558/1810 1841/1589/1841 1840/1588/1840
f 1810/1558/1810 1811/1559/1811 1842/1590/1842 1841/1589/1841
f 1811/1559/1811 1812/1560/1812 1843/1591/1843 1842/1590/1842
f 1812/1560/1812 1813/1561/1813 1844/1592/1844 1843/1591/1843
f 1813/1561/1813 1814/1562/1814 1845/1593/1845 1844/1592/1844
f 1814/1562/1814 1815/1563/1815 1846/1594/1846 1845/1593/1845
f 1815/1563/1815 1816/1564/1816 1847/1595/1847 1846/1594/1846
f 1816/1564/1816 1817/1565/1817 1848/1596/1848 1847/1595/1847
f 1817/1565/1817 1818/1566/1818 1849/1597/1849 1848/1596/1848
f 1818/1566/1818 1819/1567/1819 1850/1598/1850 1849/1597/1849
f 1819/1567/1819 1820/1568/1820 1851/1599/1851 1850/1598/1850
f 1820/1568/1820 1821/1569/1821 1852/1600/1852 1851/1599/1851
f 1821/1569/1821 1822/1570/1822 1853/1601/1853 1852/1600/1852
f 1822/1570/1822 1823/1571/1823 1854/1602/1854 1853/1601/1853
f 1823/1571/1823 1824/1572/1824 1855/1603/1855 1854/1602/1854
f 1824/1572/1824 1825/1573/1825 1856/1604/1856 1855/1603/1855
f 1825/1573/1825 1826/1574/1826 1857/1605/1857 1856/1604/1856
f 1826/1574/1826 1827/1575/1827 1858/1606/1858 1857/1605/1857
f 1827/1575/1827 1828/1576/1828 1859/1607/1859 1858/1606/1858
f 1828/1576/1828 1829/1577/1829 1860/1608/1860 1859/1607/1859
f 1829/1577/1829 1830/1578/1830 1861/1609/1861 1860/1608/1860
f 1830/1578/1830 1831/1579/1831 1862/1610/1862 1861/1609/1861
f 1831/1579/1831 1832/1580/1832 1863/1611/1863 1862/1610/1862
f 1832/1580/1832 1833/1581/1833 1864/1612/1864 1863/1611/1863
f 1833/1581/1833 1834/1582/1834 1865/1613/1865 1864/1612/1864
f 1834/1582/1834 1835/1583/1835 1866/1614/1866 1865/1613/1865
f 1835/1583/1835 1836/1584/1836 1867/1615/1867 1866/1614/1866
f 1836/1584/1836 1837/1585/1837 1868/1616/1868 1867/1615/1867
f 1838/1587/1838 1839/1586/1839 1870/1617/1870 1869/1618/1869
f 1839/1586/1839 1840/1588/1840 1871/1619/1871 1870/1617/1870
f 1840/1588/1840 1841/1589/1841 1872/1620/1872 1871/1619/1871
f 1841/1589/1841 1842/1590/1842 1873/1621/1873 1872/1620/1872
f 1842/1590/1842 1843/1591/1843 1874/1622/1874 1873/1621/1873
f 1843/1591/1843 1844/1592/1844 1875/1623/1875 1874/1622/1874
f 1844/1592/1844 1845/1593/1845 1876/1624/1876 1875/1623/1875
f 1845/1593/1845 1846/1594/1846 1877/1625/1877 1876/1624/1876
f 1846/1594/1846 1847/1595/1847 1878/1626/1878 1877/1625/1877
f 1847/1595/1847 1848/1596/1848 1879/1627/1879 1878/1626/1878
f 1848/1596/1848 1849/1597/1849 1880/1628/1880 1879/1627/1879
f 1849/1597/1849 1850/1598/1850 1881/1629/1881 1880/1628/1880
f 1850/1598/1850 1851/1599/1851 1882/1630/1882 1881/1629/1881
f 1851/1599/1851 1852/1600/1852 1883/1631/1883 1882/1630/1882
f 1852/1600/1852 1853/1601/1853 1884/1632/1884 1883/1631/1883
f 1853/1601/1853 1854/1602/1854 1885/1633/1885 1884/1632/1884
f 1854/1602/1854 1855/1603/1855 1886/1634/1886 1885/1633/1885
f 1855/1603/1855 1856/1604/1856 1887/1635/1887 1886/1634/1886
f 1856/1604/1856 1857/1605/1857 1888/1636/1888 1887/1635/1887
f 1857/1605/1857 1858/1606/1858 1889/1637/1889 1888/1636/1888
f 1858/1606/1858 1859/1607/1859 1890/1638/1890 1889/1637/1889
f 1859/1607/1859 1860/1608/1860 1891/1639/1891 1890/1638/1890
f 1860/1608/1860 1861/1609/1861 1892/1640/1892 1891/1639/1891
f 1861/1609/1861 1862/1610/1862 1893/1641/1893 1892/1640/1892
f 1862/1610/1862 1863/1611/1863 1894/1642/1894 1893/1641/1893
f 1863/1611/1863 1864/1612/1864 1895/1643/1895 1894/1642/1894
f 1864/1612/1864 1865/1613/1865 1896/1644/1896 1895/1643/1895
f 1865/1613/1865 1866/1614/1866 1897/1645/1897 1896/1644/1896
f 1866/1614/1866 1867/1615/1867 1898/1646/1898 1897/1645/1897
f 1867/1615/1867 1868/1616/1868 1899/1647/1899 1898/1646/1898
f 1869/1618/1869 1870/1617/1870 1901/1648/1901 1900/1649/1900
f 1870/1617/1870 1871/1619/1871 1902/1650/1902 1901/1648/1901
f 1871/1619/1871 1872/1620/1872 1903/1651/1903 1902/1650/1902
f 1872/1620/1872 1873/1621/1873 1904/1652/1904 1903/1651/1903
f 1873/1621/1873 1874/1622/1874 1905/1653/1905 1904/1652/1904
f 1874/1622/1874 1875/1623/1875 1906/1654/1906 1905/1653/1905
f 1875/1623/1875 1876/1624/1876 1907/1655/1907 1906/1654/1906
f 1876/1624/1876 1877/1625/1877 1908/1656/1908 1907/1655/1907
f 1877/1625/1877 1878/1626/1878 1909/1657/1909 1908/1656/1908
f 1878/1626/1878 1879/1627/1879 1910/1658/1910 1909/1657/1909
f 1879/1627/1879 1880/1628/1880 1911/1659/1911 1910/1658/1910
f 1880/1628/1880 1881/1629/1881 1912/1660/1912 1911/1659/1911
f 1881/1629/1881 1882/1630/1882 1913/1661/1913 1912/1660/1912
f 1882/1630/1882 1883/1631/1883 1914/1662/1914 1913/1661/1913
f 1883/1631/1883 1884/1632/1884 1915/1663/1915 1914/1662/1914
f 1884/1632/1884 1885/1633/1885 1916/1664/1916 1915/1663/1915
f 1885/1633/1885 1886/1634/1886 1917/1665/1917 1916/1664/1916
f 1886/1634/1886 1887/1635/1887 1918/1666/1918 1917/1665/1917
f 1887/1635/1887 1888/1636/1888 1919/1667/1919 1918/1666/1918
f 1888/1636/1888 1889/1637/1889 1920/1668/1920 1919/1667/1919
f 1889/1637/1889 1890/1638/1890 1921/1669/1921 1920/1668/1920
f 1890/1638/1890 1891/1639/1891 1922/1670/1922 1921/1669/1921
f 1891/1639/1891 1892/1640/1892 1923/1671/1923 1922/1670/1922
f 1892/1640/1892 1893/1641/1893 1924/1672/1924 1923/1671/1923
f 1893/1641/1893 1894/1642/1894 1925/1673/1925 1924/1672/1924
f 1894/1642/1894 1895/1643/1895 1926/1674/1926 1925/1673/1925
f 1895/1643/1895 1896/1644/1896 1927/1675/1927 1926/1674/1926
f 1896/1644/1896 1897/1645/1897 1928/1676/1928 1927/1675/1927
f 1897/1645/1897 1898/1646/1898 1929/1677/1929 1928/1676/1928
f 1898/1646/1898 1899/1647/1899 1930/1678/1930 1929/1677/1929
f 1900/1649/1900 1901/1648/1901 1932/1679/1932 1931/1680/1931
f 1901/1648/1901 1902/1650/1902 1933/1681/1933 1932/1679/1932
f 1902/1650/1902 1903/1651/1903 1934/1682/1934 1933/1681/1933
f 1903/1651/1903 1904/1652/1904 1935/1683/1935 1934/1682/1934
f 1904/1652/1904 1905/1653/1905 1936/1684/1936 1935/1683/1935
f 1905/1653/1905 1906/1654/1906 1937/1685/1937 1936/1684/1936
f 1906/1654/1906 1907/1655/1907 1938/1686/1938 1937/1685/1937
f 1907/1655/1907 1908/1656/1908 1939/1687/1939 1938/1686/1938
f 1908/1656/1908 1909/1657/1909 1940/1688/1940 1939/1687/1939
f 1909/1657/1909 1910/1658/1910 1941/1689/1941 1940/1688/1940
f 1910/1658/1910 1911/1659/1911 1942/1690/1942 1941/1689/1941
f 1911/1659/1911 1912/1660/1912 1943/1691/1943 1942/1690/1942
f 1912/1660/1912 1913/1661/1913 1944/1692/1944 1943/1691/1943
f 1913/1661/1913 1914/1662/1914 1945/1693/1945 1944/1692/1944
f 1914/1662/1914 1915/1663/1915 1946/1694/1946 1945/1693/1945
f 1915/1663/1915 1916/1664/1916 1947/1695/1947 1946/1694/1946
f 1916/1664/1916 1917/1665/1917 1948/1696/1948 1947/1695/1947
f 1917/1665/1917 1918/1666/1918 1949/1697/1949 1948/1696/1948
f 1918/1666/1918 1919/1667/1919 1950/1698/1950 1949/1697/1949
f 1919/1667/1919 1920/1668/1920 1951/1699/1951 1950/1698/1950
f 1920/1668/1920 1921/1669/1921 1952/1700/1952 1951/1699/1951
f 1921/1669/1921 1922/1670/1922 1953/1701/1953 1952/1700/1952
f 1922/1670/1922 1923/1671/1923 1954/1702/1954 1953/1701/1953
f 1923/1671/1923 1924/1672/1924 1955/1703/1955 1954/1702/1954
f 1924/1672/1924 1925/1673/1925 1956/1704/1956 1955/1703/1955
f 1925/1673/1925 1926/1674/1926 1957/1705/1957 1956/1704/1956
f 1926/1674/1926 1927/1675/1927 1958/1706/1958 1957/1705/1957
f 1927/1675/1927 1928/1676/1928 1959/1707/1959 1958/1706/1958
f 1928/1676/1928 1929/1677/1929 1960/1708/1960 1959/1707/1959
f 1929/1677/1929 1930/1678/1930 1961/1709/1961 1960/1708/1960
f 1931/1680/1931 1932/1679/1932 1963/1710/1963 1962/1711/1962
f 1932/1679/1932 1933/1681/1933 1964/1712/1964 1963/1710/1963
f 1933/1681/1933 1934/1682/1934 1965/1713/1965 1964/1712/1964
f 1934/1682/1934 1935/1683/1935 1966/1714/1966 1965/1713/1965
f 1935/1683/1935 1936/1684/1936 1967/1715/1967 1966/1714/1966
f 1936/1684/1936 1937/1685/1937 1968/1716/1968 1967/1715/1967
f 1937/1685/1937 1938/1686/1938 1969/1717/1969 1968/1716/1968
f 1938/1686/1938 1939/1687/1939 1970/1718/1970 1969/1717/1969
f 1939/1687/1939 1940/1688/1940 1971/1719/1971 1970/1718/1970
f 1940/1688/1940 1941/1689/1941 1972/1720/1972 1971/1719/1971
f 1941/1689/1941 1942/1690/1942 1973/1721/1973 1972/1720/1972
f 1942/1690/1942 1943/1691/1943 1974/1722/1974 1973/1721/1973
f 1943/1691/1943 1944/1692/1944 1975/1723/1975 1974/1722/1974
f 1944/1692/1944 1945/1693/1945 1976/1724/1976 1975/1723/1975
f 1945/1693/1945 1946/1694/1946 1977/1725/1977 1976/1724/1976
f 1946/1694/1946 1947/1695/1947 1978/1726/1978 1977/1725/1977
f 1947/1695/1947 1948/1696/1948 1979/1727/1979 1978/1726/1978
f 1948/1696/1948 1949/1697/1949 1980/1728/1980 1979/1727/1979
f 1949/1697/1949 1950/1698/1950 1981/1729/1981 1980/1728/1980
f 1950/1698/1950 1951/1699/1951 1982/1730/1982 1981/1729/1981
f 1951/1699/1951 1952/1700/1952 1983/1731/1983 1982/1730/1982
f 1952/1700/1952 1953/1701/1953 1984/1732/1984 1983/1731/1983
f 1953/1701/1953 1954/1702/1954 1985/1733/1985 1984/1732/1984
f 1954/1702/1954 1955/1703/1955 1986/1734/1986 1985/1733/1985
f 1955/1703/1955 1956/1704/1956 1987/1735/1987 1986/1734/1986
f 1956/1704/1956 1957/1705/1957 1988/1736/1988 1987/1735/1987
f 1957/1705/1957 1958/1706/1958 1989/1737/1989 1988/1736/1988
f 1958/1706/1958 1959/1707/1959 1990/1738/1990 1989/1737/1989
f 1959/1707/1959 1960/1708/1960 1991/1739/1991 1990/1738/1990
f 1960/1708/1960 1961/1709/1961 1992/1740/1992 1991/1739/1991
f 1962/1711/1962 1963/1710/1963 1994/1741/1994 1993/1742/1993
f 1963/1710/1963 1964/1712/1964 1995/1743/1995 1994/1741/1994
f 1964/1712/1964 1965/1713/1965 1996/1744/1996 1995/1743/1995
f 1965/1713/1965 1966/1714/1966 1997/1745/1997 1996/1744/1996
f 1966/1714/1966 1967/1715/1967 1998/1746/1998 1997/1745/1997
f 1967/1715/1967 1968/1716/1968 1999/1747/1999 1998/1746/1998
f 1968/1716/1968 1969/1717/1969 2000/1748/2000 1999/1747/1999
f 1969/1717/1969 1970/1718/1970 2001/1749/2001 2000/1748/2000
f 1970/1718/1970 1971/1719/1971 2002/1750/2002 2001/1749/2001
f 1971/1719/1971 1972/1720/1972 2003/1751/2003 2002/1750/2002
f 1972/1720/1972 1973/1721/1973 2004/1752/2004 2003/1751/2003
f 1973/1721/1973 1974/1722/1974 2005/1753/2005 2004/1752/2004
f 1974/1722/1974 1975/1723/1975 2006/1754/2006 2005/1753/2005
f 1975/1723/1975 1976/1724/1976 2007/1755/2007 2006/1754/2006
f 1976/1724/1976 1977/1725/1977 2008/1756/2008 2007/1755/2007
f 1977/1725/1977 1978/1726/1978 2009/1757/2009 2008/1756/2008
f 1978/1726/1978 1979/1727/1979 2010/1758/2010 2009/1757/2009
f 1979/1727/1979 1980/1728/1980 2011/1759/2011 2010/1758/2010
f 1980/1728/1980 1981/1729/1981 2012/1760/2012 2011/1759/2011
f 1981/1729/1981 1982/1730/1982 2013/1761/2013 2012/1760/2012
f 1982/1730/1982 1983/1731/1983 2014/1762/2014 2013/1761/2013
f 1983/1731/1983 1984/1732/1984 2015/1763/2015 2014/1762/2014
f 1984/1732/1984 1985/1733/1985 2016/1764/2016 2015/1763/2015
f 1985/1733/1985 1986/1734/1986 2017/1765/2017 2016/1764/2016
f 1986/1734/1986 1987/1735/1987 2018/1766/2018 2017/1765/2017
f 1987/1735/1987 1988/1736/1988 2019/1767/2019 2018/1766/2018
f 1988/1736/1988 1989/1737/1989 2020/1768/2020 2019/1767/2019
f 1989/1737/1989 1990/1738/1990 2021/1769/2021 2020/1768/2020
f 1990/1738/1990 1991/1739/1991 2022/1770/2022 2021/1769/2021
f 1991/1739/1991 1992/1740/1992 2023/1771/2023 2022/1770/2022
f 1993/1742/1993 1994/1741/1994 2025/1772/2025 2024/1773/2024
f 1994/1741/1994 1995/1743/1995 2026/1774/2026 2025/1772/2025
f 1995/1743/1995 1996/1744/1996 2027/1775/2027 2026/1774/2026
f 1996/1744/1996 1997/1745/1997 2028/1776/2028 2027/1775/2027
f 1997/1745/1997 1998/1746/1998 2029/1777/2029 2028/1776/2028
f 1998/1746/1998 1999/1747/1999 2030/1778/2030 2029/1777/2029
f 1999/1747/1999 2000/1748/2000 2031/1779/2031 2030/1778/2030
f 2000/1748/2000 2001/1749/2001 2032/1780/2032 2031/1779/2031
f 2001/1749/2001 2002/1750/2002 2033/1781/2033 2032/1780/2032
f 2002/1750/2002 2003/1751/2003 2034/1782/2034 2033/1781/2033
f 2003/1751/2003 2004/1752/2004 2035/1783/2035 2034/1782/2034
f 2004/1752/2004 2005/1753/2005 2036/1784/2036 2035/1783/2035
f 2005/1753/2005 2006/1754/2006 2037/1785/2037 2036/1784/2036
f 2006/1754/2006 2007/1755/2007 2038/1786/2038 2037/1785/2037
f 2007/1755/2007 2008/1756/2008 2039/1787/2039 2038/1786/2038
f 2008/1756/2008 2009/1757/2009 2040/1788/2040 2039/1787/2039
f 2009/1757/2009 2010/1758/2010 2041/1789/2041 2040/1788/2040
f 2010/1758/2010 2011/1759/2011 2042/1790/2042 2041/1789/2041
f 2011/1759/2011 2012/1760/2012 2043/1791/2043 2042/1790/2042
f 2012/1760/2012 2013/1761/2013 2044/1792/2044 2043/1791/2043
f 2013/1761/2013 2014/1762/2014 2045/1793/2045 2044/1792/2044
f 2014/1762/2014 2015/1763/2015 2046/1794/2046 2045/1793/2045
f 2015/1763/2015 2016/1764/2016 2047/1795/2047 2046/1794/2046
f 2016/1764/2016 2017/1765/2017 2048/1796/2048 2047/1795/2047
f 2017/1765/2017 2018/1766/2018 2049/1797/2049 2048/1796/2048
f 2018/1766/2018 2019/1767/2019 2050/1798/2050 2049/1797/2049
f 2019/1767/2019 2020/1768/2020 2051/1799/2051 2050/1798/2050
f 2020/1768/2020 2021/1769/2021 2052/1800/2052 2051/1799/2051
f 2021/1769/2021 2022/1770/2022 2053/1801/2053 2052/1800/2052
f 2022/1770/2022 2023/1771/2023 2054/1802/2054 2053/1801/2053
f 2024/1773/2024 2025/1772/2025 2056/1803/2056 2055/1804/2055
f 2025/1772/2025 2026/1774/2026 2057/1805/2057 2056/1803/2056
f 2026/1774/2026 2027/1775/2027 2058/1806/2058 2057/1805/2057
f 2027/1775/2027 2028/1776/2028 2059/1807/2059 2058/1806/2058
f 2028/1776/2028 2029/1777/2029 2060/1808/2060 2059/1807/2059
f 2029/1777/2029 2030/1778/2030 2061/1809/2061 2060/1808/2060
f 2030/1778/2030 2031/1779/2031 2062/1810/2062 2061/1809/2061
f 2031/1779/2031 2032/1780/2032 2063/1811/2063 2062/1810/2062
f 2032/1780/2032 2033/1781/2033 2064/1812/2064 2063/1811/2063
f 2033/1781/2033 2034/1782/2034 2065/1813/2065 2064/1812/2064
f 2034/1782/2034 2035/1783/2035 2066/1814/2066 2065/1813/2065
f 2035/1783/2035 2036/1784/2036 2067/1815/2067 2066/1814/2066
f 2036/1784/2036 2037/1785/2037 2068/1816/2068 2067/1815/2067
f 2037/1785/2037 2038/1786/2038 2069/1817/2069 2068/1816/2068
f 2038/1786/2038 2039/1787/2039 2070/1818/2070 2069/1817/2069
f 2039/1787/2039 2040/1788/2040 2071/1819/2071 2070/1818/2070
f 2040/1788/2040 2041/1789/2041 2072/1820/2072 2071/1819/2071
f 2041/1789/2041 2042/1790/2042 2073/1821/2073 2072/1820/2072
f 2042/1790/2042 2043/1791/2043 2074/1822/2074 2073/1821/2073
f 2043/1791/2043 2044/1792/2044 2075/1823/2075 2074/1822/2074
f 2044/1792/2044 2045/1793/2045 2076/1824/2076 2075/1823/2075
f 2045/1793/2045 2046/1794/2046 2077/1825/2077 2076/1824/2076
f 2046/1794/2046 2047/1795/2047 2078/1826/2078 2077/1825/2077
f 2047/1795/2047 2048/1796/2048 2079/1827/2079 2078/1826/2078
f 2048/1796/2048 2049/1797/2049 2080/1828/2080 2079/1827/2079
f 2049/1797/2049 2050/1798/2050 2081/1829/2081 2080/1828/2080
f 2050/1798/2050 2051/1799/2051 2082/1830/2082 2081/1829/2081
f 2051/1799/2051 2052/1800/2052 2083/1831/2083 2082/1830/2082
f 2052/1800/2052 2053/1801/2053 2084/1832/2084 2083/1831/2083
f 2053/1801/2053 2054/1802/2054 2085/1833/2085 2084/1832/2084
f 2055/1804/2055 2056/1803/2056 2087/1834/2087 2086/1835/2086
f 2056/1803/2056 2057/1805/2057 2088/1836/2088 2087/1834/2087
f 2057/1805/2057 2058/1806/2058 2089/1837/2089 2088/1836/2088
f 2058/1806/2058 2059/1807/2059 2090/1838/2090 2089/1837/2089
f 2059/1807/2059 2060/1808/2060 2091/1839/2091 2090/1838/2090
f 2060/1808/2060 2061/1809/2061 2092/1840/2092 2091/1839/2091
f 2061/1809/2061 2062/1810/2062 2093/1841/2093 2092/1840/2092
f 2062/1810/2062 2063/1811/2063 2094/1842/2094 2093/1841/2093
f 2063/1811/2063 2064/1812/2064 2095/1843/2095 2094/1842/2094
f 2064/1812/2064 2065/1813/2065 2096/1844/2096 2095/1843/2095
f 2065/1813/2065 2066/1814/2066 2097/1845/2097 2096/1844/2096
f 2066/1814/2066 2067/1815/2067 2098/1846/2098 2097/1845/2097
f 2067/1815/2067 2068/1816/2068 2099/1847/2099 2098/1846/2098
f 2068/1816/2068 2069/1817/2069 2100/1848/2100 2099/1847/2099
f 2069/1817/2069 2070/1818/2070 2101/1849/2101 2100/1848/2100
f 2070/1818/2070 2071/1819/2071 2102/1850/2102 2101/1849/2101
f 2071/1819/2071 2072/1820/2072 2103/1851/2103 2102/1850/2102
f 2072/1820/2072 2073/1821/2073 2104/1852/2104 2103/1851/2103
f 2073/1821/2073 2074/1822/2074 2105/1853/2105 2104/1852/2104
f 2074/1822/2074 2075/1823/2075 2106/1854/2106 2105/1853/2105
f 2075/1823/2075 2076/1824/2076 2107/1855/2107 2106/1854/2106
f 2076/1824/2076 2077/1825/2077 2108/1856/2108 2107/1855/2107
f 2077/1825/2077 2078/1826/2078 2109/1857/2109 2108/1856/2108
f 2078/1826/2078 2079/1827/2079 2110/1858/2110 2109/1857/2109
f 2079/1827/2079 2080/1828/2080 2111/1859/2111 2110/1858/2110
f 2080/1828/2080 2081/1829/2081 2112/1860/2112 2111/1859/2111
f 2081/1829/2081 2082/1830/2082 2113/1861/2113 2112/1860/2112
f 2082/1830/2082 2083/1831/2083 2114/1862/2114 2113/1861/2113
f 2083/1831/2083 2084/1832/2084 2115/1863/2115 2114/1862/2114
f 2084/1832/2084 2085/1833/2085 2116/1864/2116 2115/1863/2115
f 2086/1835/2086 2087/1834/2087 2118/1865/2118 2117/1866/2117
f 2087/1834/2087 2088/1836/2088 2119/1867/2119 2118/1865/2118
f 2088/1836/2088 2089/1837/2089 2120/1868/2120 2119/1867/2119
f 2089/1837/2089 2090/1838/2090 2121/1869/2121 2120/1868/2120
f 2090/1838/2090 2091/1839/2091 2122/1870/2122 2121/1869/2121
f 2091/1839/2091 2092/1840/2092 2123/1871/2123 2122/1870/2122
f 2092/1840/2092 2093/1841/2093 2124/1872/2124 2123/1871/2123
f 2093/1841/2093 2094/1842/2094 2125/1873/2125 2124/1872/2124
f 2094/1842/2094 2095/1843/2095 2126/1874/2126 2125/1873/2125
f 2095/1843/2095 2096/1844/2096 2127/1875/2127 2126/1874/2126
f 2096/1844/2096 2097/1845/2097 2128/1876/2128 2127/1875/2127
f 2097/1845/2097 2098/1846/2098 2129/1877/2129 2128/1876/2128
f 2098/1846/2098 2099/1847/2099 2130/1878/2130 2129/1877/2129
f 2099/1847/2099 2100/1848/2100 2131/1879/2131 2130/1878/2130
f 2100/1848/2100 2101/1849/2101 2132/1880/2132 2131/1879/2131
f 2101/1849/2101 2102/1850/2102 2133/1881/2133 2132/1880/2132
f 2102/1850/2102 2103/1851/2103 2134/1882/2134 2133/1881/2133
f 2103/1851/2103 2104/1852/2104 2135/1883/2135 2134/1882/2134
f 2104/1852/2104 2105/1853/2105 2136/1884/2136 2135/1883/2135
f 2105/1853/2105 2106/1854/2106 2137/1885/2137 2136/1884/2136
f 2106/1854/2106 2107/1855/2107 2138/1886/2138 2137/1885/2137
f 2107/1855/2107 2108/1856/2108 2139/1887/2139 2138/1886/2138
f 2108/1856/2108 2109/1857/2109 2140/1888/2140 2139/1887/2139
f 2109/1857/2109 2110/1858/2110 2141/1889/2141 2140/1888/2140
f 2110/1858/2110 2111/1859/2111 2142/1890/2142 2141/1889/2141
f 2111/1859/2111 2112/1860/2112 2143/1891/2143 2142/1890/2142
f 2112/1860/2112 2113/1861/2113 2144/1892/2144 2143/1891/2143
f 2113/1861/2113 2114/1862/2114 2145/1893/2145 2144/1892/2144
f 2114/1862/2114 2115/1863/2115 2146/1894/2146 2145/1893/2145
f 2115/1863/2115 2116/1864/2116 2147/1895/2147 2146/1894/2146
f 2117/1866/2117 2118/1865/2118 2149/1896/2149 2148/1897/2148
f 2118/1865/2118 2119/1867/2119 2150/1898/2150 2149/1896/2149
f 2119/1867/2119 2120/1868/2120 2151/1899/2151 2150/1898/2150
f 2120/1868/2120 2121/1869/2121 2152/1900/2152 2151/1899/2151
f 2121/1869/2121 2122/1870/2122 2153/1901/2153 2152/1900/2152
f 2122/1870/2122 2123/1871/2123 2154/1902/2154 2153/1901/2153
f 2123/1871/2123 2124/1872/2124 2155/1903/2155 2154/1902/2154
f 2124/1872/2124 2125/1873/2125 2156/1904/2156 2155/1903/2155
f 2125/1873/2125 2126/1874/2126 2157/1905/2157 2156/1904/2156
f 2126/1874/2126 2127/1875/2127 2158/1906/2158 2157/1905/2157
f 2127/1875/2127 2128/1876/2128 2159/1907/2159 2158/1906/2158
f 2128/1876/2128 2129/1877/2129 2160/1908/2160 2159/1907/2159
f 2129/1877/2129 2130/1878/2130 2161/1909/2161 2160/1908/2160
f 2130/1878/2130 2131/1879/2131 2162/1910/2162 2161/1909/2161
f 2131/1879/2131 2132/1880/2132 2163/1911/2163 2162/1910/2162
f 2132/1880/2132 2133/1881/2133 2164/1912/2164 2163/1911/2163
f 2133/1881/2133 2134/1882/2134 2165/1913/2165 2164/1912/2164
f 2134/1882/2134 2135/1883/2135 2166/1914/2166 2165/1913/2165
f 2135/1883/2135 2136/1884/2136 2167/1915/2167 2166/1914/2166
f 2136/1884/2136 2137/1885/2137 2168/1916/2168 2167/1915/2167
f 2137/1885/2137 2138/1886/2138 2169/1917/2169 2168/1916/2168
f 2138/1886/2138 2139/1887/2139 2170/1918/2170 2169/1917/2169
f 2139/1887/2139 2140/1888/2140 2171/1919/2171 2170/1918/2170
f 2140/1888/2140 2141/1889/2141 2172/1920/2172 2171/1919/2171
f 2141/1889/2141 2142/1890/2142 2173/1921/2173 2172/1920/2172
f 2142/1890/2142 2143/1891/2143 2174/1922/2174 2173/1921/2173
f 2143/1891/2143 2144/1892/2144 2175/1923/2175 2174/1922/2174
f 2144/1892/2144 2145/1893/2145 2176/1924/2176 2175/1923/2175
f 2145/1893/2145 2146/1894/2146 2177/1925/2177 2176/1924/2176
f 2146/1894/2146 2147/1895/2147 2178/1926/2178 2177/1925/2177
f 2148/1897/2148 2149/1896/2149 2180/1927/2180 2179/1928/2179
f 2149/1896/2149 2150/1898/2150 2181/1929/2181 2180/1927/2180
f 2150/1898/2150 2151/1899/2151 2182/1930/2182 2181/1929/2181
f 2151/1899/2151 2152/1900/2152 2183/1931/2183 2182/1930/2182
f 2152/1900/2152 2153/1901/2153 2184/1932/2184 2183/1931/2183
f 2153/1901/2153 2154/1902/2154 2185/1933/2185 2184/1932/2184
f 2154/1902/2154 2155/1903/2155 2186/1934/2186 2185/1933/2185
f 2155/1903/2155 2156/1904/2156 2187/1935/2187 2186/1934/2186
f 2156/1904/2156 2157/1905/2157 2188/1936/2188 2187/1935/2187
f 2157/1905/2157 2158/1906/2158 2189/1937/2189 2188/1936/2188
f 2158/1906/2158 2159/1907/2159 2190/1938/2190 2189/1937/2189
f 2159/1907/2159 2160/1908/2160 2191/1939/2191 2190/1938/2190
f 2160/1908/2160 2161/1909/2161 2192/1940/2192 2191/1939/2191
f 2161/1909/2161 2162/1910/2162 2193/1941/2193 2192/1940/2192
f 2162/1910/2162 2163/1911/2163 2194/1942/2194 2193/1941/2193
f 2163/1911/2163 2164/1912/2164 2195/1943/2195 2194/1942/2194
f 2164/1912/2164 2165/1913/2165 2196/1944/2196 2195/1943/2195
f 2165/1913/2165 2166/1914/2166 2197/1945/2197 2196/1944/2196
f 2166/1914/2166 2167/1915/2167 2198/1946/2198 2197/1945/2197
f 2167/1915/2167 2168/1916/2168 2199/1947/2199 2198/1946/2198
f 2168/1916/2168 2169/1917/2169 2200/1948/2200 2199/1947/2199
f 2169/1917/2169 2170/1918/2170 2201/1949/2201 2200/1948/2200
f 2170/1918/2170 2171/1919/2171 2202/1950/2202 2201/1949/2201
f 2171/1919/2171 2172/1920/2172 2203/1951/2203 2202/1950/2202
f 2172/1920/2172 2173/1921/2173 2204/1952/2204 2203/1951/2203
f 2173/1921/2173 2174/1922/2174 2205/1953/2205 2204/1952/2204
f 2174/1922/2174 2175/1923/2175 2206/1954/2206 2205/1953/2205
f 2175/1923/2175 2176/1924/2176 2207/1955/2207 2206/1954/2206
f 2176/1924/2176 2177/1925/2177 2208/1956/2208 2207/1955/2207
f 2177/1925/2177 2178/1926/2178 2209/1957/2209 2208/1956/2208
f 2179/1928/2179 2180/1927/2180 2211/1958/2211 2210/1959/2210
f 2180/1927/2180 2181/1929/2181 2212/1960/2212 2211/1958/2211
f 2181/1929/2181 2182/1930/2182 2213/1961/2213 2212/1960/2212
f 2182/1930/2182 2183/1931/2183 2214/1962/2214 2213/1961/2213
f 2183/1931/2183 2184/1932/2184 2215/1963/2215 2214/1962/2214
f 2184/1932/2184 2185/1933/2185 2216/1964/2216 2215/1963/2215
f 2185/1933/2185 2186/1934/2186 2217/1965/2217 2216/1964/2216
f 2186/1934/2186 2187/1935/2187 2218/1966/2218 2217/1965/2217
f 2187/1935/2187 2188/1936/2188 2219/1967/2219 2218/1966/2218
f 2188/1936/2188 2189/1937/2189 2220/1968/2220 2219/1967/2219
f 2189/1937/2189 2190/1938/2190 2221/1969/2221 2220/1968/2220
f 2190/1938/2190 2191/1939/2191 2222/1970/2222 2221/1969/2221
f 2191/1939/2191 2192/1940/2192 2223/1971/2223 2222/1970/2222
f 2192/1940/2192 2193/1941/2193 2224/1972/2224 2223/1971/2223
f 2193/1941/2193 2194/1942/2194 2225/1973/2225 2224/1972/2224
f 2194/1942/2194 2195/1943/2195 2226/1974/2226 2225/1973/2225
f 2195/1943/2195 2196/1944/2196 2227/1975/2227 2226/1974/2226
f 2196/1944/2196 2197/1945/2197 2228/1976/2228 2227/1975/2227
f 2197/1945/2197 2198/1946/2198 2229/1977/2229 2228/1976/2228
f 2198/1946/2198 2199/1947/2199 2230/1978/2230 2229/1977/2229
f 2199/1947/2199 2200/1948/2200 2231/1979/2231 2230/1978/2230
f 2200/1948/2200 2201/1949/2201 2232/1980/2232 2231/1979/2231
f 2201/1949/2201 2202/1950/2202 2233/1981/2233 2232/1980/2232
f 2202/1950/2202 2203/1951/2203 2234/1982/2234 2233/1981/2233
f 2203/1951/2203 2204/1952/2204 2235/1983/2235 2234/1982/2234
f 2204/1952/2204 2205/1953/2205 2236/1984/2236 2235/1983/2235
f 2205/1953/2205 2206/1954/2206 2237/1985/2237 2236/1984/2236
f 2206/1954/2206 2207/1955/2207 2238/1986/2238 2237/1985/2237
f 2207/1955/2207 2208/1956/2208 2239/1987/2239 2238/1986/2238
f 2208/1956/2208 2209/1957/2209 2240/1988/2240 2239/1987/2239
f 2210/1959/2210 2211/1958/2211 2242/1989/2242 2241/1990/2241
f 2211/1958/2211 2212/1960/2212 2243/1991/2243 2242/1989/2242
f 2212/1960/2212 2213/1961/2213 2244/1992/2244 2243/1991/2243
f 2213/1961/2213 2214/1962/2214 2245/1993/2245 2244/1992/2244
f 2214/1962/2214 2215/1963/2215 2246/1994/2246 2245/1993/2245
f 2215/1963/2215 2216/1964/2216 2247/1995/2247 2246/1994/2246
f 2216/1964/2216 2217/1965/2217 2248/1996/2248 2247/1995/2247
f 2217/1965/2217 2218/1966/2218 2249/1997/2249 2248/1996/2248
f 2218/1966/2218 2219/1967/2219 2250/1998/2250 2249/1997/2249
f 2219/1967/2219 2220/1968/2220 2251/1999/2251 2250/1998/2250
f 2220/1968/2220 2221/1969/2221 2252/2000/2252 2251/1999/2251
f 2221/1969/2221 2222/1970/2222 2253/2001/2253 2252/2000/2252
f 2222/1970/2222 2223/1971/2223 2254/2002/2254 2253/2001/2253
f 2223/1971/2223 2224/1972/2224 2255/2003/2255 2254/2002/2254
f 2224/1972/2224 2225/1973/2225 2256/2004/2256 2255/2003/2255
f 2225/1973/2225 2226/1974/2226 2257/2005/2257 2256/2004/2256
f 2226/1974/2226 2227/1975/2227 2258/2006/2258 2257/2005/2257
f 2227/1975/2227 2228/1976/2228 2259/2007/2259 2258/2006/2258
f 2228/1976/2228 2229/1977/2229 2260/2008/2260 2259/2007/2259
f 2229/1977/2229 2230/1978/2230 2261/2009/2261 2260/2008/2260
f 2230/1978/2230 2231/1979/2231 2262/2010/2262 2261/2009/2261
f 2231/1979/2231 2232/1980/2232 2263/2011/2263 2262/2010/2262
f 2232/1980/2232 2233/1981/2233 2264/2012/2264 2263/2011/2263
f 2233/1981/2233 2234/1982/2234 2265/2013/2265 2264/2012/2264
f 2234/1982/2234 2235/1983/2235 2266/2014/2266 2265/2013/2265
f 2235/1983/2235 2236/1984/2236 2267/2015/2267 2266/2014/2266
f 2236/1984/2236 2237/1985/2237 2268/2016/2268 2267/2015/2267
f 2237/1985/2237 2238/1986/2238 2269/2017/2269 2268/2016/2268
f 2238/1986/2238 2239/1987/2239 2270/2018/2270 2269/2017/2269
f 2239/1987/2239 2240/1988/2240 2271/2019/2271 2270/2018/2270
f 2241/1990/2241 2242/1989/2242 2273/2020/2273 2272/2021/2272
f 2242/1989/2242 2243/1991/2243 2274/2022/2274 2273/2020/2273
f 2243/1991/2243 2244/1992/2244 2275/2023/2275 2274/2022/2274
f 2244/1992/2244 2245/1993/2245 2276/2024/2276 2275/2023/2275
f 2245/1993/2245 2246/1994/2246 2277/2025/2277 2276/2024/2276
f 2246/1994/2246 2247/1995/2247 2278/2026/2278 2277/2025/2277
f 2247/1995/2247 2248/1996/2248 2279/2027/2279 2278/2026/2278
f 2248/1996/2248 2249/1997/2249 2280/2028/2280 2279/2027/2279
f 2249/1997/2249 2250/1998/2250 2281/2029/2281 2280/2028/2280
f 2250/1998/2250 2251/1999/2251 2282/2030/2282 2281/2029/2281
f 2251/1999/2251 2252/2000/2252 2283/2031/2283 2282/2030/2282
f 2252/2000/2252 2253/2001/2253 2284/2032/2284 2283/2031/2283
f 2253/2001/2253 2254/2002/2254 2285/2033/2285 2284/2032/2284
f 2254/2002/2254 2255/2003/2255 2286/2034/2286 2285/2033/2285
f 2255/2003/2255 2256/2004/2256 2287/2035/2287 2286/2034/2286
f 2256/2004/2256 2257/2005/2257 2288/2036/2288 2287/2035/2287
f 2257/2005/2257 2258/2006/2258 2289/2037/2289 2288/2036/2288
f 2258/2006/2258 2259/2007/2259 2290/2038/2290 2289/2037/2289
f 2259/2007/2259 2260/2008/2260 2291/2039/2291 2290/2038/2290
f 2260/2008/2260 2261/2009/2261 2292/2040/2292 2291/2039/2291
f 2261/2009/2261 2262/2010/2262 2293/2041/2293 2292/2040/2292
f 2262/2010/2262 2263/2011/2263 2294/2042/2294 2293/2041/2293
f 2263/2011/2263 2264/2012/2264 2295/2043/2295 2294/2042/2294
f 2264/2012/2264 2265/2013/2265 2296/2044/2296 2295/2043/2295
f 2265/2013/2265 2266/2014/2266 2297/2045/2297 2296/2044/2296
f 2266/2014/2266 2267/2015/2267 2298/2046/2298 2297/2045/2297
f 2267/2015/2267 2268/2016/2268 2299/2047/2299 2298/2046/2298
f 2268/2016/2268 2269/2017/2269 2300/2048/2300 2299/2047/2299
f 2269/2017/2269 2270/2018/2270 2301/2049/2301 2300/2048/2300
f 2270/2018/2270 2271/2019/2271 2302/2050/2302 2301/2049/2301
f 6/2051/6 70/2052/70 1342/1090/1342 9/2053/9
f 70/2052/70 69/2054/69 1343/1091/1343 1342/1090/1342
f 69/2054/69 68/2055/68 1344/1094/1344 1343/1091/1343
f 68/2055/68 67/2056/67 1345/1096/1345 1344/1094/1344
f 67/2056/67 66/2057/66 1346/1098/1346 1345/1096/1345
f 66/2057/66 65/2058/65 1347/1100/1347 1346/1098/1346
f 65/2058/65 64/2059/64 1348/1102/1348 1347/1100/1347
f 64/2059/64 63/2060/63 1349/1104/1349 1348/1102/1348
f 63/2060/63 62/2061/62 1350/1106/1350 1349/1104/1349
f 62/2061/62 61/2062/61 1351/1108/1351 1350/1106/1350
f 61/2062/61 60/2063/60 1352/1110/1352 1351/1108/1351
f 60/2063/60 59/2064/59 1353/1112/1353 1352/1110/1352
f 59/2064/59 58/2065/58 1354/1114/1354 1353/1112/1353
f 58/2065/58 57/2066/57 1355/1116/1355 1354/1114/1354
f 57/2066/57 56/2067/56 1356/1118/1356 1355/1116/1355
f 56/2067/56 55/2068/55 1357/1120/1357 1356/1118/1356
f 55/2068/55 54/2069/54 1358/1122/1358 1357/1120/1357
f 54/2069/54 53/2070/53 1359/1124/1359 1358/1122/1358
f 53/2070/53 52/2071/52 1360/1126/1360 1359/1124/1359
f 52/2071/52 51/2072/51 1361/1128/1361 1360/1126/1360
f 51/2072/51 50/2073/50 1362/1130/1362 1361/1128/1361
f 50/2073/50 49/2074/49 1363/1132/1363 1362/1130/1362
f 49/2074/49 48/2075/48 1364/1134/1364 1363/1132/1363
f 48/2075/48 47/2076/47 1365/1136/1365 1364/1134/1364
f 47/2076/47 46/2077/46 1366/1138/1366 1365/1136/1365
f 46/2077/46 45/2078/45 1367/1140/1367 1366/1138/1366
f 45/2078/45 44/2079/44 1368/1142/1368 1367/1140/1367
f 44/2079/44 43/2080/43 1369/1144/1369 1368/1142/1368
f 43/2080/43 42/2081/42 1370/1146/1370 1369/1144/1369
f 42/2081/42 41/2082/41 1371/1148/1371 1370/1146/1370
f 41/2082/41 40/2083/40 1372/1150/1372 1371/1148/1371
f 40/2083/40 2/2084/2 256/2085/256 1372/1150/1372
f 1372/1150/1372 256/2085/256 255/2086/255 1403/1151/1403
f 1403/1151/1403 255/2086/255 254/2087/254 1434/1182/1434
f 1434/1182/1434 254/2087/254 253/2088/253 1465/1213/1465
f 1465/1213/1465 253/2088/253 252/2089/252 1496/1244/1496
f 1496/1244/1496 252/2089/252 251/2090/251 1527/1275/1527
f 1527/1275/1527 251/2090/251 250/2091/250 1558/1306/1558
f 1558/1306/1558 250/2091/250 249/2092/249 1589/1337/1589
f 1589/1337/1589 249/2092/249 248/2093/248 1620/1368/1620
f 1620/1368/1620 248/2093/248 247/2094/247 1651/1399/1651
f 1651/1399/1651 247/2094/247 246/2095/246 1682/1430/1682
f 1682/1430/1682 246/2095/246 245/2096/245 1713/1461/1713
f 1713/1461/1713 245/2096/245 244/2097/244 1744/1492/1744
f 1744/1492/1744 244/2097/244 243/2098/243 1775/1523/1775
f 1775/1523/1775 243/2098/243 242/2099/242 1806/1554/1806
f 1806/1554/1806 242/2099/242 241/2100/241 1837/1585/1837
f 1837/1585/1837 241/2100/241 240/2101/240 1868/1616/1868
f 1868/1616/1868 240/2101/240 239/2102/239 1899/1647/1899
f 1899/1647/1899 239/2102/239 238/2103/238 1930/1678/1930
f 1930/1678/1930 238/2103/238 237/2104/237 1961/1709/1961
f 1961/1709/1961 237/2104/237 236/2105/236 1992/1740/1992
f 1992/1740/1992 236/2105/236 235/2106/235 2023/1771/2023
f 2023/1771/2023 235/2106/235 234/2107/234 2054/1802/2054
f 2054/1802/2054 234/2107/234 233/2108/233 2085/1833/2085
f 2085/1833/2085 233/2108/233 232/2109/232 2116/1864/2116
f 2116/1864/2116 232/2109/232 231/2110/231 2147/1895/2147
f 2147/1895/2147 231/2110/231 230/2111/230 2178/1926/2178
f 2178/1926/2178 230/2111/230 229/2112/229 2209/1957/2209
f 2209/1957/2209 229/2112/229 228/2113/228 2240/1988/2240
f 2240/1988/2240 228/2113/228 227/2114/227 2271/2019/2271
f 2271/2019/2271 227/2114/227 226/2115/226 2302/2050/2302
f 2302/2050/2302 226/2115/226 4/2116/4 163/2117/163
f 2301/2049/2301 2302/2050/2302 163/2117/163 162/2118/162
f 2300/2048/2300 2301/2049/2301 162/2118/162 161/2119/161
f 2299/2047/2299 2300/2048/2300 161/2119/161 160/2120/160
f 2298/2046/2298 2299/2047/2299 160/2120/160 159/2121/159
f 2297/2045/2297 2298/2046/2298 159/2121/159 158/2122/158
f 2296/2044/2296 2297/2045/2297 158/2122/158 157/2123/157
f 2295/2043/2295 2296/2044/2296 157/2123/157 156/2124/156
f 2294/2042/2294 2295/2043/2295 156/2124/156 155/2125/155
f 2293/2041/2293 2294/2042/2294 155/2125/155 154/2126/154
f 2292/2040/2292 2293/2041/2293 154/2126/154 153/2127/153
f 2291/2039/2291 2292/2040/2292 153/2127/153 152/2128/152
f 2290/2038/2290 2291/2039/2291 152/2128/152 151/2129/151
f 2289/2037/2289 2290/2038/2290 151/2129/151 150/2130/150
f 2288/2036/2288 2289/2037/2289 150/2130/150 149/2131/149
f 2287/2035/2287 2288/2036/2288 149/2131/149 148/2132/148
f 2286/2034/2286 2287/2035/2287 148/2132/148 147/2133/147
f 2285/2033/2285 2286/2034/2286 147/2133/147 146/2134/146
f 2284/2032/2284 2285/2033/2285 146/2134/146 145/2135/145
f 2283/2031/2283 2284/2032/2284 145/2135/145 144/2136/144
f 2282/2030/2282 2283/2031/2283 144/2136/144 143/2137/143
f 2281/2029/2281 2282/2030/2282 143/2137/143 142/2138/142
f 2280/2028/2280 2281/2029/2281 142/2138/142 141/2139/141
f 2279/2027/2279 2280/2028/2280 141/2139/141 140/2140/140
f 2278/2026/2278 2279/2027/2279 140/2140/140 139/2141/139
f 2277/2025/2277 2278/2026/2278 139/2141/139 138/2142/138
f 2276/2024/2276 2277/2025/2277 138/2142/138 137/2143/137
f 2275/2023/2275 2276/2024/2276 137/2143/137 136/2144/136
f 2274/2022/2274 2275/2023/2275 136/2144/136 135/2145/135
f 2273/2020/2273 2274/2022/2274 135/2145/135 134/2146/134
f 2272/2021/2272 2273/2020/2273 134/2146/134 133/2147/133
f 39/2148/39 2272/2021/2272 133/2147/133 8/2149/8
f 38/2150/38 2241/1990/2241 2272/2021/2272 39/2148/39
f 37/2151/37 2210/1959/2210 2241/1990/2241 38/2150/38
f 36/2152/36 2179/1928/2179 2210/1959/2210 37/2151/37
f 35/2153/35 2148/1897/2148 2179/1928/2179 36/2152/36
f 34/2154/34 2117/1866/2117 2148/1897/2148 35/2153/35
f 33/2155/33 2086/1835/2086 2117/1866/2117 34/2154/34
f 32/2156/32 2055/1804/2055 2086/1835/2086 33/2155/33
f 31/2157/31 2024/1773/2024 2055/1804/2055 32/2156/32
f 30/2158/30 1993/1742/1993 2024/1773/2024 31/2157/31
f 29/2159/29 1962/1711/1962 1993/1742/1993 30/2158/30
f 28/2160/28 1931/1680/1931 1962/1711/1962 29/2159/29
f 27/2161/27 1900/1649/1900 1931/1680/1931 28/2160/28
f 26/2162/26 1869/1618/1869 1900/1649/1900 27/2161/27
f 25/2163/25 1838/1587/1838 1869/1618/1869 26/2162/26
f 24/2164/24 1807/1556/1807 1838/1587/1838 25/2163/25
f 23/2165/23 1776/1525/1776 1807/1556/1807 24/2164/24
f 22/2166/22 1745/1494/1745 1776/1525/1776 23/2165/23
f 21/2167/21 1714/1463/1714 1745/1494/1745 22/2166/22
f 20/2168/20 1683/1432/1683 1714/1463/1714 21/2167/21
f 19/2169/19 1652/1401/1652 1683/1432/1683 20/2168/20
f 18/2170/18 1621/1370/1621 1652/1401/1652 19/2169/19
f 17/2171/17 1590/1339/1590 1621/1370/1621 18/2170/18
f 16/2172/16 1559/1308/1559 1590/1339/1590 17/2171/17
f 15/2173/15 1528/1277/1528 1559/1308/1559 16/2172/16
f 14/2174/14 1497/1246/1497 1528/1277/1528 15/2173/15
f 13/2175/13 1466/1215/1466 1497/1246/1497 14/2174/14
f 12/2176/12 1435/1184/1435 1466/1215/1466 13/2175/13
f 11/2177/11 1404/1153/1404 1435/1184/1435 12/2176/12
f 10/2178/10 1373/1093/1373 1404/1153/1404 11/2177/11
f 9/2053/9 1342/1090/1342 1373/1093/1373 10/2178/10
f 2303/2179/2303 2304/2180/2304 2335/2181/2335 2334/2182/2334
f 2304/2180/2304 2305/2183/2305 2336/2184/2336 2335/2181/2335
f 2305/2183/2305 2306/2185/2306 2337/2186/2337 2336/2184/2336
f 2306/2185/2306 2307/2187/2307 2338/2188/2338 2337/2186/2337
f 2307/2187/2307 2308/2189/2308 2339/2190/2339 2338/2188/2338
f 2308/2189/2308 2309/2191/2309 2340/2192/2340 2339/2190/2339
f 2309/2191/2309 2310/2193/2310 2341/2194/2341 2340/2192/2340
f 2310/2193/2310 2311/2195/2311 2342/2196/2342 2341/2194/2341
f 2311/2195/2311 2312/2197/2312 2343/2198/2343 2342/2196/2342
f 2312/2197/2312 2313/2199/2313 2344/2200/2344 2343/2198/2343
f 2313/2199/2313 2314/2201/2314 2345/2202/2345 2344/2200/2344
f 2314/2201/2314 2315/2203/2315 2346/2204/2346 2345/2202/2345
f 2315/2203/2315 2316/2205/2316 2347/2206/2347 2346/2204/2346
f 2316/2205/2316 2317/2207/2317 2348/2208/2348 2347/2206/2347
f 2317/2207/2317 2318/2209/2318 2349/2210/2349 2348/2208/2348
f 2318/2209/2318 2319/2211/2319 2350/2212/2350 2349/2210/2349
f 2319/2211/2319 2320/2213/2320 2351/2214/2351 2350/2212/2350
f 2320/2213/2320 2321/2215/2321 2352/2216/2352 2351/2214/2351
f 2321/2215/2321 2322/2217/2322 2353/2218/2353 2352/2216/2352
f 2322/2217/2322 2323/2219/2323 2354/2220/2354 2353/2218/2353
f 2323/2219/2323 2324/2221/2324 2355/2222/2355 2354/2220/2354
f 2324/2221/2324 2325/2223/2325 2356/2224/2356 2355/2222/2355
f 2325/2223/2325 2326/2225/2326 2357/2226/2357 2356/2224/2356
f 2326/2225/2326 2327/2227/2327 2358/2228/2358 2357/2226/2357
f 2327/2227/2327 2328/2229/2328 2359/2230/2359 2358/2228/2358
f 2328/2229/2328 2329/2231/2329 2360/2232/2360 2359/2230/2359
f 2329/2231/2329 2330/2233/2330 2361/2234/2361 2360/2232/2360
f 2330/2233/2330 2331/2235/2331 2362/2236/2362 2361/2234/2361
f 2331/2235/2331 2332/2237/2332 2363/2238/2363 2362/2236/2362
f 2332/2237/2332 2333/2239/2333 2364/2240/2364 2363/2238/2363
f 2334/2182/2334 2335/2181/2335 2366/2241/2366 2365/2242/2365
f 2335/2181/2335 2336/2184/2336 2367/2243/2367 2366/2241/2366
f 2336/2184/2336 2337/2186/2337 2368/2244/2368 2367/2243/2367
f 2337/2186/2337 2338/2188/2338 2369/2245/2369 2368/2244/2368
f 2338/2188/2338 2339/2190/2339 2370/2246/2370 2369/2245/2369
f 2339/2190/2339 2340/2192/2340 2371/2247/2371 2370/2246/2370
f 2340/2192/2340 2341/2194/2341 2372/2248/2372 2371/2247/2371
f 2341/2194/2341 2342/2196/2342 2373/2249/2373 2372/2248/2372
f 2342/2196/2342 2343/2198/2343 2374/2250/2374 2373/2249/2373
f 2343/2198/2343 2344/2200/2344 2375/2251/2375 2374/2250/2374
f 2344/2200/2344 2345/2202/2345 2376/2252/2376 2375/2251/2375
f 2345/2202/2345 2346/2204/2346 2377/2253/2377 2376/2252/2376
f 2346/2204/2346 2347/2206/2347 2378/2254/2378 2377/2253/2377
f 2347/2206/2347 2348/2208/2348 2379/2255/2379 2378/2254/2378
f 2348/2208/2348 2349/2210/2349 2380/2256/2380 2379/2255/2379
f 2349/2210/2349 2350/2212/2350 2381/2257/2381 2380/2256/2380
f 2350/2212/2350 2351/2214/2351 2382/2258/2382 2381/2257/2381
f 2351/2214/2351 2352/2216/2352 2383/2259/2383 2382/2258/2382
f 2352/2216/2352 2353/2218/2353 2384/2260/2384 2383/2259/2383
f 2353/2218/2353 2354/2220/2354 2385/2261/2385 2384/2260/2384
f 2354/2220/2354 2355/2222/2355 2386/2262/2386 2385/2261/2385
f 2355/2222/2355 2356/2224/2356 2387/2263/2387 2386/2262/2386
f 2356/2224/2356 2357/2226/2357 2388/2264/2388 2387/2263/2387
f 2357/2226/2357 2358/2228/2358 2389/2265/2389 2388/2264/2388
f 2358/2228/2358 2359/2230/2359 2390/2266/2390 2389/2265/2389
f 2359/2230/2359 2360/2232/2360 2391/2267/2391 2390/2266/2390
f 2360/2232/2360 2361/2234/2361 2392/2268/2392 2391/2267/2391
f 2361/2234/2361 2362/2236/2362 2393/2269/2393 2392/2268/2392
f 2362/2236/2362 2363/2238/2363 2394/2270/2394 2393/2269/2393
f 2363/2238/2363 2364/2240/2364 2395/2271/2395 2394/2270/2394
f 2365/2242/2365 2366/2241/2366 2397/2272/2397 2396/2273/2396
f 2366/2241/2366 2367/2243/2367 2398/2274/2398 2397/2272/2397
f 2367/2243/2367 2368/2244/2368 2399/2275/2399 2398/2274/2398
f 2368/2244/2368 2369/2245/2369 2400/2276/2400 2399/2275/2399
f 2369/2245/2369 2370/2246/2370 2401/2277/2401 2400/2276/2400
f 2370/2246/2370 2371/2247/2371 2402/2278/2402 2401/2277/2401
f 2371/2247/2371 2372/2248/2372 2403/2279/2403 2402/2278/2402
f 2372/2248/2372 2373/2249/2373 2404/2280/2404 2403/2279/2403
f 2373/2249/2373 2374/2250/2374 2405/2281/2405 2404/2280/2404
f 2374/2250/2374 2375/2251/2375 2406/2282/2406 2405/2281/2405
f 2375/2251/2375 2376/2252/2376 2407/2283/2407 2406/2282/2406
f 2376/2252/2376 2377/2253/2377 2408/2284/2408 2407/2283/2407
f 2377/2253/2377 2378/2254/2378 2409/2285/2409 2408/2284/2408
f 2378/2254/2378 2379/2255/2379 2410/2286/2410 2409/2285/2409
f 2379/2255/2379 2380/2256/2380 2411/2287/2411 2410/2286/2410
f 2380/2256/2380 2381/2257/2381 2412/2288/2412 2411/2287/2411
f 2381/2257/2381 2382/2258/2382 2413/2289/2413 2412/2288/2412
f 2382/2258/2382 2383/2259/2383 2414/2290/2414 2413/2289/2413
f 2383/2259/2383 2384/2260/2384 2415/2291/2415 2414/2290/2414
f 2384/2260/2384 2385/2261/2385 2416/2292/2416 2415/2291/2415
f 2385/2261/2385 2386/2262/2386 2417/2293/2417 2416/2292/2416
f 2386/2262/2386 2387/2263/2387 2418/2294/2418 2417/2293/2417
f 2387/2263/2387 2388/2264/2388 2419/2295/2419 2418/2294/2418
f 2388/2264/2388 2389/2265/2389 2420/2296/2420 2419/2295/2419
f 2389/2265/2389 2390/2266/2390 2421/2297/2421 2420/2296/2420
f 2390/2266/2390 2391/2267/2391 2422/2298/2422 2421/2297/2421
f 2391/2267/2391 2392/2268/2392 2423/2299/2423 2422/2298/2422
f 2392/2268/2392 2393/2269/2393 2424/2300/2424 2423/2299/2423
f 2393/2269/2393 2394/2270/2394 2425/2301/2425 2424/2300/2424
f 2394/2270/2394 2395/2271/2395 2426/2302/2426 2425/2301/2425
f 2396/2273/2396 2397/2272/2397 2428/2303/2428 2427/2304/2427
f 2397/2272/2397 2398/2274/2398 2429/2305/2429 2428/2303/2428
f 2398/2274/2398 2399/2275/2399 2430/2306/2430 2429/2305/2429
f 2399/2275/2399 2400/2276/2400 2431/2307/2431 2430/2306/2430
f 2400/2276/2400 2401/2277/2401 2432/2308/2432 2431/2307/2431
f 2401/2277/2401 2402/2278/2402 2433/2309/2433 2432/2308/2432
f 2402/2278/2402 2403/2279/2403 2434/2310/2434 2433/2309/2433
f 2403/2279/2403 2404/2280/2404 2435/2311/2435 2434/2310/2434
f 2404/2280/2404 2405/2281/2405 2436/2312/2436 2435/2311/2435
f 2405/2281/2405 2406/2282/2406 2437/2313/2437 2436/2312/2436
f 2406/2282/2406 2407/2283/2407 2438/2314/2438 2437/2313/2437
f 2407/2283/2407 2408/2284/2408 2439/2315/2439 2438/2314/2438
f 2408/2284/2408 2409/2285/2409 2440/2316/2440 2439/2315/2439
f 2409/2285/2409 2410/2286/2410 2441/2317/2441 2440/2316/2440
f 2410/2286/2410 2411/2287/2411 2442/2318/2442 2441/2317/2441
f 2411/2287/2411 2412/2288/2412 2443/2319/2443 2442/2318/2442
f 2412/2288/2412 2413/2289/2413 2444/2320/2444 2443/2319/2443
f 2413/2289/2413 2414/2290/2414 2445/2321/2445 2444/2320/2444
f 2414/2290/2414 2415/2291/2415 2446/2322/2446 2445/2321/2445
f 2415/2291/2415 2416/2292/2416 2447/2323/2447 2446/2322/2446
f 2416/2292/2416 2417/2293/2417 2448/2324/2448 2447/2323/2447
f 2417/2293/2417 2418/2294/2418 2449/2325/2449 2448/2324/2448
f 2418/2294/2418 2419/2295/2419 2450/2326/2450 2449/2325/2449
f 2419/2295/2419 2420/2296/2420 2451/2327/2451 2450/2326/2450
f 2420/2296/2420 2421/2297/2421 2452/2328/2452 2451/2327/2451
f 2421/2297/2421 2422/2298/2422 2453/2329/2453 2452/2328/2452
f 2422/2298/2422 2423/2299/2423 2454/2330/2454 2453/2329/2453
f 2423/2299/2423 2424/2300/2424 2455/2331/2455 2454/2330/2454
f 2424/2300/2424 2425/2301/2425 2456/2332/2456 2455/2331/2455
f 2425/2301/2425 2426/2302/2426 2457/2333/2457 2456/2332/2456
f 2427/2304/2427 2428/2303/2428 2459/2334/2459 2458/2335/2458
f 2428/2303/2428 2429/2305/2429 2460/2336/2460 2459/2334/2459
f 2429/2305/2429 2430/2306/2430 2461/2337/2461 2460/2336/2460
f 2430/2306/2430 2431/2307/2431 2462/2338/2462 2461/2337/2461
f 2431/2307/2431 2432/2308/2432 2463/2339/2463 2462/2338/2462
f 2432/2308/2432 2433/2309/2433 2464/2340/2464 2463/2339/2463
f 2433/2309/2433 2434/2310/2434 2465/2341/2465 2464/2340/2464
f 2434/2310/2434 2435/2311/2435 2466/2342/2466 2465/2341/2465
f 2435/2311/2435 2436/2312/2436 2467/2343/2467 2466/2342/2466
f 2436/2312/2436 2437/2313/2437 2468/2344/2468 2467/2343/2467
f 2437/2313/2437 2438/2314/2438 2469/2345/2469 2468/2344/2468
f 2438/2314/2438 2439/2315/2439 2470/2346/2470 2469/2345/2469
f 2439/2315/2439 2440/2316/2440 2471/2347/2471 2470/2346/2470
f 2440/2316/2440 2441/2317/2441 2472/2348/2472 2471/2347/2471
f 2441/2317/2441 2442/2318/2442 2473/2349/2473 2472/2348/2472
f 2442/2318/2442 2443/2319/2443 2474/2350/2474 2473/2349/2473
f 2443/2319/2443 2444/2320/2444 2475/2351/2475 2474/2350/2474
f 2444/2320/2444 2445/2321/2445 2476/2352/2476 2475/2351/2475
f 2445/2321/2445 2446/2322/2446 2477/2353/2477 2476/2352/2476
f 2446/2322/2446 2447/2323/2447 2478/2354/2478 2477/2353/2477
f 2447/2323/2447 2448/2324/2448 2479/2355/2479 2478/2354/2478
f 2448/2324/2448 2449/2325/2449 2480/2356/2480 2479/2355/2479
f 2449/2325/2449 2450/2326/2450 2481/2357/2481 2480/2356/2480
f 2450/2326/2450 2451/2327/2451 2482/2358/2482 2481/2357/2481
f 2451/2327/2451 2452/2328/2452 2483/2359/2483 2482/2358/2482
f 2452/2328/2452 2453/2329/2453 2484/2360/2484 2483/2359/2483
f 2453/2329/2453 2454/2330/2454 2485/2361/2485 2484/2360/2484
f 2454/2330/2454 2455/2331/2455 2486/2362/2486 2485/2361/2485
f 2455/2331/2455 2456/2332/2456 2487/2363/2487 2486/2362/2486
f 2456/2332/2456 2457/2333/2457 2488/2364/2488 2487/2363/2487
f 2458/2335/2458 2459/2334/2459 2490/2365/2490 2489/2366/2489
f 2459/2334/2459 2460/2336/2460 2491/2367/2491 2490/2365/2490
f 2460/2336/2460 2461/2337/2461 2492/2368/2492 2491/2367/2491
f 2461/2337/2461 2462/2338/2462 2493/2369/2493 2492/2368/2492
f 2462/2338/2462 2463/2339/2463 2494/2370/2494 2493/2369/2493
f 2463/2339/2463 2464/2340/2464 2495/2371/2495 2494/2370/2494
f 2464/2340/2464 2465/2341/2465 2496/2372/2496 2495/2371/2495
f 2465/2341/2465 2466/2342/2466 2497/2373/2497 2496/2372/2496
f 2466/2342/2466 2467/2343/2467 2498/2374/2498 2497/2373/2497
f 2467/2343/2467 2468/2344/2468 2499/2375/2499 2498/2374/2498
f 2468/2344/2468 2469/2345/2469 2500/2376/2500 2499/2375/2499
f 2469/2345/2469 2470/2346/2470 2501/2377/2501 2500/2376/2500
f 2470/2346/2470 2471/2347/2471 2502/2378/2502 2501/2377/2501
f 2471/2347/2471 2472/2348/2472 2503/2379/2503 2502/2378/2502
f 2472/2348/2472 2473/2349/2473 2504/2380/2504 2503/2379/2503
f 2473/2349/2473 2474/2350/2474 2505/2381/2505 2504/2380/2504
f 2474/2350/2474 2475/2351/2475 2506/2382/2506 2505/2381/2505
f 2475/2351/2475 2476/2352/2476 2507/2383/2507 2506/2382/2506
f 2476/2352/2476 2477/2353/2477 2508/2384/2508 2507/2383/2507
f 2477/2353/2477 2478/2354/2478 2509/2385/2509 2508/2384/2508
f 2478/2354/2478 2479/2355/2479 2510/2386/2510 2509/2385/2509
f 2479/2355/2479 2480/2356/2480 2511/2387/2511 2510/2386/2510
f 2480/2356/2480 2481/2357/2481 2512/2388/2512 2511/2387/2511
f 2481/2357/2481 2482/2358/2482 2513/2389/2513 2512/2388/2512
f 2482/2358/2482 2483/2359/2483 2514/2390/2514 2513/2389/2513
f 2483/2359/2483 2484/2360/2484 2515/2391/2515 2514/2390/2514
f 2484/2360/2484 2485/2361/2485 2516/2392/2516 2515/2391/2515
f 2485/2361/2485 2486/2362/2486 2517/2393/2517 2516/2392/2516
f 2486/2362/2486 2487/2363/2487 2518/2394/2518 2517/2393/2517
f 2487/2363/2487 2488/2364/2488 2519/2395/2519 2518/2394/2518
f 2489/2366/2489 2490/2365/2490 2521/2396/2521 2520/2397/2520
f 2490/2365/2490 2491/2367/2491 2522/2398/2522 2521/2396/2521
f 2491/2367/2491 2492/2368/2492 2523/2399/2523 2522/2398/2522
f 2492/2368/2492 2493/2369/2493 2524/2400/2524 2523/2399/2523
f 2493/2369/2493 2494/2370/2494 2525/2401/2525 2524/2400/2524
f 2494/2370/2494 2495/2371/2495 2526/2402/2526 2525/2401/2525
f 2495/2371/2495 2496/2372/2496 2527/2403/2527 2526/2402/2526
f 2496/2372/2496 2497/2373/2497 2528/2404/2528 2527/2403/2527
f 2497/2373/2497 2498/2374/2498 2529/2405/2529 2528/2404/2528
f 2498/2374/2498 2499/2375/2499 2530/2406/2530 2529/2405/2529
f 2499/2375/2499 2500/2376/2500 2531/2407/2531 2530/2406/2530
f 2500/2376/2500 2501/2377/2501 2532/2408/2532 2531/2407/2531
f 2501/2377/2501 2502/2378/2502 2533/2409/2533 2532/2408/2532
f 2502/2378/2502 2503/2379/2503 2534/2410/2534 2533/2409/2533
f 2503/2379/2503 2504/2380/2504 2535/2411/2535 2534/2410/2534
f 2504/2380/2504 2505/2381/2505 2536/2412/2536 2535/2411/2535
f 2505/2381/2505 2506/2382/2506 2537/2413/2537 2536/2412/2536
f 2506/2382/2506 2507/2383/2507 2538/2414/2538 2537/2413/2537
f 2507/2383/2507 2508/2384/2508 2539/2415/2539 2538/2414/2538
f 2508/2384/2508 2509/2385/2509 2540/2416/2540 2539/2415/2539
f 2509/2385/2509 2510/2386/2510 2541/2417/2541 2540/2416/2540
f 2510/2386/2510 2511/2387/2511 2542/2418/2542 2541/2417/2541
f 2511/2387/2511 2512/2388/2512 2543/2419/2543 2542/2418/2542
f 2512/2388/2512 2513/2389/2513 2544/2420/2544 2543/2419/2543
f 2513/2389/2513 2514/2390/2514 2545/2421/2545 2544/2420/2544
f 2514/2390/2514 2515/2391/2515 2546/2422/2546 2545/2421/2545
f 2515/2391/2515 2516/2392/2516 2547/2423/2547 2546/2422/2546
f 2516/2392/2516 2517/2393/2517 2548/2424/2548 2547/2423/2547
f 2517/2393/2517 2518/2394/2518 2549/2425/2549 2548/2424/2548
f 2518/2394/2518 2519/2395/2519 2550/2426/2550 2549/2425/2549
f 2520/2397/2520 2521/2396/2521 2552/2427/2552 2551/2428/2551
f 2521/2396/2521 2522/2398/2522 2553/2429/2553 2552/2427/2552
f 2522/2398/2522 2523/2399/2523 2554/2430/2554 2553/2429/2553
f 2523/2399/2523 2524/2400/2524 2555/2431/2555 2554/2430/2554
f 2524/2400/2524 2525/2401/2525 2556/2432/2556 2555/2431/2555
f 2525/2401/2525 2526/2402/2526 2557/2433/2557 2556/2432/2556
f 2526/2402/2526 2527/2403/2527 2558/2434/2558 2557/2433/2557
f 2527/2403/2527 2528/2404/2528 2559/2435/2559 2558/2434/2558
f 2528/2404/2528 2529/2405/2529 2560/2436/2560 2559/2435/2559
f 2529/2405/2529 2530/2406/2530 2561/2437/2561 2560/2436/2560
f 2530/2406/2530 2531/2407/2531 2562/2438/2562 2561/2437/2561
f 2531/2407/2531 2532/2408/2532 2563/2439/2563 2562/2438/2562
f 2532/2408/2532 2533/2409/2533 2564/2440/2564 2563/2439/2563
f 2533/2409/2533 2534/2410/2534 2565/2441/2565 2564/2440/2564
f 2534/2410/2534 2535/2411/2535 2566/2442/2566 2565/2441/2565
f 2535/2411/2535 2536/2412/2536 2567/2443/2567 2566/2442/2566
f 2536/2412/2536 2537/2413/2537 2568/2444/2568 2567/2443/2567
f 2537/2413/2537 2538/2414/2538 2569/2445/2569 2568/2444/2568
f 2538/2414/2538 2539/2415/2539 2570/2446/2570 2569/2445/2569
f 2539/2415/2539 2540/2416/2540 2571/2447/2571 2570/2446/2570
f 2540/2416/2540 2541/2417/2541 2572/2448/2572 2571/2447/2571
f 2541/2417/2541 2542/2418/2542 2573/2449/2573 2572/2448/2572
f 2542/2418/2542 2543/2419/2543 2574/2450/2574 2573/2449/2573
f 2543/2419/2543 2544/2420/2544 2575/2451/2575 2574/2450/2574
f 2544/2420/2544 2545/2421/2545 2576/2452/2576 2575/2451/2575
f 2545/2421/2545 2546/2422/2546 2577/2453/2577 2576/2452/2576
f 2546/2422/2546 2547/2423/2547 2578/2454/2578 2577/2453/2577
f 2547/2423/2547 2548/2424/2548 2579/2455/2579 2578/2454/2578
f 2548/2424/2548 2549/2425/2549 2580/2456/2580 2579/2455/2579
f 2549/2425/2549 2550/2426/2550 2581/2457/2581 2580/2456/2580
f 2551/2428/2551 2552/2427/2552 2583/2458/2583 2582/2459/2582
f 2552/2427/2552 2553/2429/2553 2584/2460/2584 2583/2458/2583
f 2553/2429/2553 2554/2430/2554 2585/2461/2585 2584/2460/2584
f 2554/2430/2554 2555/2431/2555 2586/2462/2586 2585/2461/2585
f 2555/2431/2555 2556/2432/2556 2587/2463/2587 2586/2462/2586
f 2556/2432/2556 2557/2433/2557 2588/2464/2588 2587/2463/2587
f 2557/2433/2557 2558/2434/2558 2589/2465/2589 2588/2464/2588
f 2558/2434/2558 2559/2435/2559 2590/2466/2590 2589/2465/2589
f 2559/2435/2559 2560/2436/2560 2591/2467/2591 2590/2466/2590
f 2560/2436/2560 2561/2437/2561 2592/2468/2592 2591/2467/2591
f 2561/2437/2561 2562/2438/2562 2593/2469/2593 2592/2468/2592
f 2562/2438/2562 2563/2439/2563 2594/2470/2594 2593/2469/2593
f 2563/2439/2563 2564/2440/2564 2595/2471/2595 2594/2470/2594
f 2564/2440/2564 2565/2441/2565 2596/2472/2596 2595/2471/2595
f 2565/2441/2565 2566/2442/2566 2597/2473/2597 2596/2472/2596
f 2566/2442/2566 2567/2443/2567 2598/2474/2598 2597/2473/2597
f 2567/2443/2567 2568/2444/2568 2599/2475/2599 2598/2474/2598
f 2568/2444/2568 2569/2445/2569 2600/2476/2600 2599/2475/2599
f 2569/2445/2569 2570/2446/2570 2601/2477/2601 2600/2476/2600
f 2570/2446/2570 2571/2447/2571 2602/2478/2602 2601/2477/2601
f 2571/2447/2571 2572/2448/2572 2603/2479/2603 2602/2478/2602
f 2572/2448/2572 2573/2449/2573 2604/2480/2604 2603/2479/2603
f 2573/2449/2573 2574/2450/2574 2605/2481/2605 2604/2480/2604
f 2574/2450/2574 2575/2451/2575 2606/2482/2606 2605/2481/2605
f 2575/2451/2575 2576/2452/2576 2607/2483/2607 2606/2482/2606
f 2576/2452/2576 2577/2453/2577 2608/2484/2608 2607/2483/2607
f 2577/2453/2577 2578/2454/2578 2609/2485/2609 2608/2484/2608
f 2578/2454/2578 2579/2455/2579 2610/2486/2610 2609/2485/2609
f 2579/2455/2579 2580/2456/2580 2611/2487/2611 2610/2486/2610
f 2580/2456/2580 2581/2457/2581 2612/2488/2612 2611/2487/2611
f 2582/2459/2582 2583/2458/2583 2614/2489/2614 2613/2490/2613
f 2583/2458/2583 2584/2460/2584 2615/2491/2615 2614/2489/2614
f 2584/2460/2584 2585/2461/2585 2616/2492/2616 2615/2491/2615
f 2585/2461/2585 2586/2462/2586 2617/2493/2617 2616/2492/2616
f 2586/2462/2586 2587/2463/2587 2618/2494/2618 2617/2493/2617
f 2587/2463/2587 2588/2464/2588 2619/2495/2619 2618/2494/2618
f 2588/2464/2588 2589/2465/2589 2620/2496/2620 2619/2495/2619
f 2589/2465/2589 2590/2466/2590 2621/2497/2621 2620/2496/2620
f 2590/2466/2590 2591/2467/2591 2622/2498/2622 2621/2497/2621
f 2591/2467/2591 2592/2468/2592 2623/2499/2623 2622/2498/2622
f 2592/2468/2592 2593/2469/2593 2624/2500/2624 2623/2499/2623
f 2593/2469/2593 2594/2470/2594 2625/2501/2625 2624/2500/2624
f 2594/2470/2594 2595/2471/2595 2626/2502/2626 2625/2501/2625
f 2595/2471/2595 2596/2472/2596 2627/2503/2627 2626/2502/2626
f 2596/2472/2596 2597/2473/2597 2628/2504/2628 2627/2503/2627
f 2597/2473/2597 2598/2474/2598 2629/2505/2629 2628/2504/2628
f 2598/2474/2598 2599/2475/2599 2630/2506/2630 2629/2505/2629
f 2599/2475/2599 2600/2476/2600 2631/2507/2631 2630/2506/2630
f 2600/2476/2600 2601/2477/2601 2632/2508/2632 2631/2507/2631
f 2601/2477/2601 2602/2478/2602 2633/2509/2633 2632/2508/2632
f 2602/2478/2602 2603/2479/2603 2634/2510/2634 2633/2509/2633
f 2603/2479/2603 2604/2480/2604 2635/2511/2635 2634/2510/2634
f 2604/2480/2604 2605/2481/2605 2636/2512/2636 2635/2511/2635
f 2605/2481/2605 2606/2482/2606 2637/2513/2637 2636/2512/2636
f 2606/2482/2606 2607/2483/2607 2638/2514/2638 2637/2513/2637
f 2607/2483/2607 2608/2484/2608 2639/2515/2639 2638/2514/2638
f 2608/2484/2608 2609/2485/2609 2640/2516/2640 2639/2515/2639
f 2609/2485/2609 2610/2486/2610 2641/2517/2641 2640/2516/2640
f 2610/2486/2610 2611/2487/2611 2642/2518/2642 2641/2517/2641
f 2611/2487/2611 2612/2488/2612 2643/2519/2643 2642/2518/2642
f 2613/2490/2613 2614/2489/2614 2645/2520/2645 2644/2521/2644
f 2614/2489/2614 2615/2491/2615 2646/2522/2646 2645/2520/2645
f 2615/2491/2615 2616/2492/2616 2647/2523/2647 2646/2522/2646
f 2616/2492/2616 2617/2493/2617 2648/2524/2648 2647/2523/2647
f 2617/2493/2617 2618/2494/2618 2649/2525/2649 2648/2524/2648
f 2618/2494/2618 2619/2495/2619 2650/2526/2650 2649/2525/2649
f 2619/2495/2619 2620/2496/2620 2651/2527/2651 2650/2526/2650
f 2620/2496/2620 2621/2497/2621 2652/2528/2652 2651/2527/2651
f 2621/2497/2621 2622/2498/2622 2653/2529/2653 2652/2528/2652
f 2622/2498/2622 2623/2499/2623 2654/2530/2654 2653/2529/2653
f 2623/2499/2623 2624/2500/2624 2655/2531/2655 2654/2530/2654
f 2624/2500/2624 2625/2501/2625 2656/2532/2656 2655/2531/2655
f 2625/2501/2625 2626/2502/2626 2657/2533/2657 2656/2532/2656
f 2626/2502/2626 2627/2503/2627 2658/2534/2658 2657/2533/2657
f 2627/2503/2627 2628/2504/2628 2659/2535/2659 2658/2534/2658
f 2628/2504/2628 2629/2505/2629 2660/2536/2660 2659/2535/2659
f 2629/2505/2629 2630/2506/2630 2661/2537/2661 2660/2536/2660
f 2630/2506/2630 2631/2507/2631 2662/2538/2662 2661/2537/2661
f 2631/2507/2631 2632/2508/2632 2663/2539/2663 2662/2538/2662
f 2632/2508/2632 2633/2509/2633 2664/2540/2664 2663/2539/2663
f 2633/2509/2633 2634/2510/2634 2665/2541/2665 2664/2540/2664
f 2634/2510/2634 2635/2511/2635 2666/2542/2666 2665/2541/2665
f 2635/2511/2635 2636/2512/2636 2667/2543/2667 2666/2542/2666
f 2636/2512/2636 2637/2513/2637 2668/2544/2668 2667/2543/2667
f 2637/2513/2637 2638/2514/2638 2669/2545/2669 2668/2544/2668
f 2638/2514/2638 2639/2515/2639 2670/2546/2670 2669/2545/2669
f 2639/2515/2639 2640/2516/2640 2671/2547/2671 2670/2546/2670
f 2640/2516/2640 2641/2517/2641 2672/2548/2672 2671/2547/2671
f 2641/2517/2641 2642/2518/2642 2673/2549/2673 2672/2548/2672
f 2642/2518/2642 2643/2519/2643 2674/2550/2674 2673/2549/2673
f 2644/2521/2644 2645/2520/2645 2676/2551/2676 2675/2552/2675
f 2645/2520/2645 2646/2522/2646 2677/2553/2677 2676/2551/2676
f 2646/2522/2646 2647/2523/2647 2678/2554/2678 2677/2553/2677
f 2647/2523/2647 2648/2524/2648 2679/2555/2679 2678/2554/2678
f 2648/2524/2648 2649/2525/2649 2680/2556/2680 2679/2555/2679
f 2649/2525/2649 2650/2526/2650 2681/2557/2681 2680/2556/2680
f 2650/2526/2650 2651/2527/2651 2682/2558/2682 2681/2557/2681
f 2651/2527/2651 2652/2528/2652 2683/2559/2683 2682/2558/2682
f 2652/2528/2652 2653/2529/2653 2684/2560/2684 2683/2559/2683
f 2653/2529/2653 2654/2530/2654 2685/2561/2685 2684/2560/2684
f 2654/2530/2654 2655/2531/2655 2686/2562/2686 2685/2561/2685
f 2655/2531/2655 2656/2532/2656 2687/2563/2687 2686/2562/2686
f 2656/2532/2656 2657/2533/2657 2688/2564/2688 2687/2563/2687
f 2657/2533/2657 2658/2534/2658 2689/2565/2689 2688/2564/2688
f 2658/2534/2658 2659/2535/2659 2690/2566/2690 2689/2565/2689
f 2659/2535/2659 2660/2536/2660 2691/2567/2691 2690/2566/2690
f 2660/2536/2660 2661/2537/2661 2692/2568/2692 2691/2567/2691
f 2661/2537/2661 2662/2538/2662 2693/2569/2693 2692/2568/2692
f 2662/2538/2662 2663/2539/2663 2694/2570/2694 2693/2569/2693
f 2663/2539/2663 2664/2540/2664 2695/2571/2695 2694/2570/2694
f 2664/2540/2664 2665/2541/2665 2696/2572/2696 2695/2571/2695
f 2665/2541/2665 2666/2542/2666 2697/2573/2697 2696/2572/2696
f 2666/2542/2666 2667/2543/2667 2698/2574/2698 2697/2573/2697
f 2667/2543/2667 2668/2544/2668 2699/2575/2699 2698/2574/2698
f 2668/2544/2668 2669/2545/2669 2700/2576/2700 2699/2575/2699
f 2669/2545/2669 2670/2546/2670 2701/2577/2701 2700/2576/2700
f 2670/2546/2670 2671/2547/2671 2702/2578/2702 2701/2577/2701
f 2671/2547/2671 2672/2548/2672 2703/2579/2703 2702/2578/2702
f 2672/2548/2672 2673/2549/2673 2704/2580/2704 2703/2579/2703
f 2673/2549/2673 2674/2550/2674 2705/2581/2705 2704/2580/2704
f 2675/2552/2675 2676/2551/2676 2707/2582/2707 2706/2583/2706
f 2676/2551/2676 2677/2553/2677 2708/2584/2708 2707/2582/2707
f 2677/2553/2677 2678/2554/2678 2709/2585/2709 2708/2584/2708
f 2678/2554/2678 2679/2555/2679 2710/2586/2710 2709/2585/2709
f 2679/2555/2679 2680/2556/2680 2711/2587/2711 2710/2586/2710
f 2680/2556/2680 2681/2557/2681 2712/2588/2712 2711/2587/2711
f 2681/2557/2681 2682/2558/2682 2713/2589/2713 2712/2588/2712
f 2682/2558/2682 2683/2559/2683 2714/2590/2714 2713/2589/2713
f 2683/2559/2683 2684/2560/2684 2715/2591/2715 2714/2590/2714
f 2684/2560/2684 2685/2561/2685 2716/2592/2716 2715/2591/2715
f 2685/2561/2685 2686/2562/2686 2717/2593/2717 2716/2592/2716
f 2686/2562/2686 2687/2563/2687 2718/2594/2718 2717/2593/2717
f 2687/2563/2687 2688/2564/2688 2719/2595/2719 2718/2594/2718
f 2688/2564/2688 2689/2565/2689 2720/2596/2720 2719/2595/2719
f 2689/2565/2689 2690/2566/2690 2721/2597/2721 2720/2596/2720
f 2690/2566/2690 2691/2567/2691 2722/2598/2722 2721/2597/2721
f 2691/2567/2691 2692/2568/2692 2723/2599/2723 2722/2598/2722
f 2692/2568/2692 2693/2569/2693 2724/2600/2724 2723/2599/2723
f 2693/2569/2693 2694/2570/2694 2725/2601/2725 2724/2600/2724
f 2694/2570/2694 2695/2571/2695 2726/2602/2726 2725/2601/2725
f 2695/2571/2695 2696/2572/2696 2727/2603/2727 2726/2602/2726
f 2696/2572/2696 2697/2573/2697 2728/2604/2728 2727/2603/2727
f 2697/2573/2697 2698/2574/2698 2729/2605/2729 2728/2604/2728
f 2698/2574/2698 2699/2575/2699 2730/2606/2730 2729/2605/2729
f 2699/2575/2699 2700/2576/2700 2731/2607/2731 2730/2606/2730
f 2700/2576/2700 2701/2577/2701 2732/2608/2732 2731/2607/2731
f 2701/2577/2701 2702/2578/2702 2733/2609/2733 2732/2608/2732
f 2702/2578/2702 2703/2579/2703 2734/2610/2734 2733/2609/2733
f 2703/2579/2703 2704/2580/2704 2735/2611/2735 2734/2610/2734
f 2704/2580/2704 2705/2581/2705 2736/2612/2736 2735/2611/2735
f 2706/2583/2706 2707/2582/2707 2738/2613/2738 2737/2614/2737
f 2707/2582/2707 2708/2584/2708 2739/2615/2739 2738/2613/2738
f 2708/2584/2708 2709/2585/2709 2740/2616/2740 2739/2615/2739
f 2709/2585/2709 2710/2586/2710 2741/2617/2741 2740/2616/2740
f 2710/2586/2710 2711/2587/2711 2742/2618/2742 2741/2617/2741
f 2711/2587/2711 2712/2588/2712 2743/2619/2743 2742/2618/2742
f 2712/2588/2712 2713/2589/2713 2744/2620/2744 2743/2619/2743
f 2713/2589/2713 2714/2590/2714 2745/2621/2745 2744/2620/2744
f 2714/2590/2714 2715/2591/2715 2746/2622/2746 2745/2621/2745
f 2715/2591/2715 2716/2592/2716 2747/2623/2747 2746/2622/2746
f 2716/2592/2716 2717/2593/2717 2748/2624/2748 2747/2623/2747
f 2717/2593/2717 2718/2594/2718 2749/2625/2749 2748/2624/2748
f 2718/2594/2718 2719/2595/2719 2750/2626/2750 2749/2625/2749
f 2719/2595/2719 2720/2596/2720 2751/2627/2751 2750/2626/2750
f 2720/2596/2720 2721/2597/2721 2752/2628/2752 2751/2627/2751
f 2721/2597/2721 2722/2598/2722 2753/2629/2753 2752/2628/2752
f 2722/2598/2722 2723/2599/2723 2754/2630/2754 2753/2629/2753
f 2723/2599/2723 2724/2600/2724 2755/2631/2755 2754/2630/2754
f 2724/2600/2724 2725/2601/2725 2756/2632/2756 2755/2631/2755
f 2725/2601/2725 2726/2602/2726 2757/2633/2757 2756/2632/2756
f 2726/2602/2726 2727/2603/2727 2758/2634/2758 2757/2633/2757
f 2727/2603/2727 2728/2604/2728 2759/2635/2759 2758/2634/2758
f 2728/2604/2728 2729/2605/2729 2760/2636/2760 2759/2635/2759
f 2729/2605/2729 2730/2606/2730 2761/2637/2761 2760/2636/2760
f 2730/2606/2730 2731/2607/2731 2762/2638/2762 2761/2637/2761
f 2731/2607/2731 2732/2608/2732 2763/2639/2763 2762/2638/2762
f 2732/2608/2732 2733/2609/2733 2764/2640/2764 2763/2639/2763
f 2733/2609/2733 2734/2610/2734 2765/2641/2765 2764/2640/2764
f 2734/2610/2734 2735/2611/2735 2766/2642/2766 2765/2641/2765
f 2735/2611/2735 2736/2612/2736 2767/2643/2767 2766/2642/2766
f 2737/2614/2737 2738/2613/2738 2769/2644/2769 2768/2645/2768
f 2738/2613/2738 2739/2615/2739 2770/2646/2770 2769/2644/2769
f 2739/2615/2739 2740/2616/2740 2771/2647/2771 2770/2646/2770
f 2740/2616/2740 2741/2617/2741 2772/2648/2772 2771/2647/2771
f 2741/2617/2741 2742/2618/2742 2773/2649/2773 2772/2648/2772
f 2742/2618/2742 2743/2619/2743 2774/2650/2774 2773/2649/2773
f 2743/2619/2743 2744/2620/2744 2775/2651/2775 2774/2650/2774
f 2744/2620/2744 2745/2621/2745 2776/2652/2776 2775/2651/2775
f 2745/2621/2745 2746/2622/2746 2777/2653/2777 2776/2652/2776
f 2746/2622/2746 2747/2623/2747 2778/2654/2778 2777/2653/2777
f 2747/2623/2747 2748/2624/2748 2779/2655/2779 2778/2654/2778
f 2748/2624/2748 2749/2625/2749 2780/2656/2780 2779/2655/2779
f 2749/2625/2749 2750/2626/2750 2781/2657/2781 2780/2656/2780
f 2750/2626/2750 2751/2627/2751 2782/2658/2782 2781/2657/2781
f 2751/2627/2751 2752/2628/2752 2783/2659/2783 2782/2658/2782
f 2752/2628/2752 2753/2629/2753 2784/2660/2784 2783/2659/2783
f 2753/2629/2753 2754/2630/2754 2785/2661/2785 2784/2660/2784
f 2754/2630/2754 2755/2631/2755 2786/2662/2786 2785/2661/2785
f 2755/2631/2755 2756/2632/2756 2787/2663/2787 2786/2662/2786
f 2756/2632/2756 2757/2633/2757 2788/2664/2788 2787/2663/2787
f 2757/2633/2757 2758/2634/2758 2789/2665/2789 2788/2664/2788
f 2758/2634/2758 2759/2635/2759 2790/2666/2790 2789/2665/2789
f 2759/2635/2759 2760/2636/2760 2791/2667/2791 2790/2666/2790
f 2760/2636/2760 2761/2637/2761 2792/2668/2792 2791/2667/2791
f 2761/2637/2761 2762/2638/2762 2793/2669/2793 2792/2668/2792
f 2762/2638/2762 2763/2639/2763 2794/2670/2794 2793/2669/2793
f 2763/2639/2763 2764/2640/2764 2795/2671/2795 2794/2670/2794
f 2764/2640/2764 2765/2641/2765 2796/2672/2796 2795/2671/2795
f 2765/2641/2765 2766/2642/2766 2797/2673/2797 2796/2672/2796
f 2766/2642/2766 2767/2643/2767 2798/2674/2798 2797/2673/2797
f 2768/2645/2768 2769/2644/2769 2800/2675/2800 2799/2676/2799
f 2769/2644/2769 2770/2646/2770 2801/2677/2801 2800/2675/2800
f 2770/2646/2770 2771/2647/2771 2802/2678/2802 2801/2677/2801
f 2771/2647/2771 2772/2648/2772 2803/2679/2803 2802/2678/2802
f 2772/2648/2772 2773/2649/2773 2804/2680/2804 2803/2679/2803
f 2773/2649/2773 2774/2650/2774 2805/2681/2805 2804/2680/2804
f 2774/2650/2774 2775/2651/2775 2806/2682/2806 2805/2681/2805
f 2775/2651/2775 2776/2652/2776 2807/2683/2807 2806/2682/2806
f 2776/2652/2776 2777/2653/2777 2808/2684/2808 2807/2683/2807
f 2777/2653/2777 2778/2654/2778 2809/2685/2809 2808/2684/2808
f 2778/2654/2778 2779/2655/2779 2810/2686/2810 2809/2685/2809
f 2779/2655/2779 2780/2656/2780 2811/2687/2811 2810/2686/2810
f 2780/2656/2780 2781/2657/2781 2812/2688/2812 2811/2687/2811
f 2781/2657/2781 2782/2658/2782 2813/2689/2813 2812/2688/2812
f 2782/2658/2782 2783/2659/2783 2814/2690/2814 2813/2689/2813
f 2783/2659/2783 2784/2660/2784 2815/2691/2815 2814/2690/2814
f 2784/2660/2784 2785/2661/2785 2816/2692/2816 2815/2691/2815
f 2785/2661/2785 2786/2662/2786 2817/2693/2817 2816/2692/2816
f 2786/2662/2786 2787/2663/2787 2818/2694/2818 2817/2693/2817
f 2787/2663/2787 2788/2664/2788 2819/2695/2819 2818/2694/2818
f 2788/2664/2788 2789/2665/2789 2820/2696/2820 2819/2695/2819
f 2789/2665/2789 2790/2666/2790 2821/2697/2821 2820/2696/2820
f 2790/2666/2790 2791/2667/2791 2822/2698/2822 2821/2697/2821
f 2791/2667/2791 2792/2668/2792 2823/2699/2823 2822/2698/2822
f 2792/2668/2792 2793/2669/2793 2824/2700/2824 2823/2699/2823
f 2793/2669/2793 2794/2670/2794 2825/2701/2825 2824/2700/2824
f 2794/2670/2794 2795/2671/2795 2826/2702/2826 2825/2701/2825
f 2795/2671/2795 2796/2672/2796 2827/2703/2827 2826/2702/2826
f 2796/2672/2796 2797/2673/2797 2828/2704/2828 2827/2703/2827
f 2797/2673/2797 2798/2674/2798 2829/2705/2829 2828/2704/2828
f 2799/2676/2799 2800/2675/2800 2831/2706/2831 2830/2707/2830
f 2800/2675/2800 2801/2677/2801 2832/2708/2832 2831/2706/2831
f 2801/2677/2801 2802/2678/2802 2833/2709/2833 2832/2708/2832
f 2802/2678/2802 2803/2679/2803 2834/2710/2834 2833/2709/2833
f 2803/2679/2803 2804/2680/2804 2835/2711/2835 2834/2710/2834
f 2804/2680/2804 2805/2681/2805 2836/2712/2836 2835/2711/2835
f 2805/2681/2805 2806/2682/2806 2837/2713/2837 2836/2712/2836
f 2806/2682/2806 2807/2683/2807 2838/2714/2838 2837/2713/2837
f 2807/2683/2807 2808/2684/2808 2839/2715/2839 2838/2714/2838
f 2808/2684/2808 2809/2685/2809 2840/2716/2840 2839/2715/2839
f 2809/2685/2809 2810/2686/2810 2841/2717/2841 2840/2716/2840
f 2810/2686/2810 2811/2687/2811 2842/2718/2842 2841/2717/2841
f 2811/2687/2811 2812/2688/2812 2843/2719/2843 2842/2718/2842
f 2812/2688/2812 2813/2689/2813 2844/2720/2844 2843/2719/2843
f 2813/2689/2813 2814/2690/2814 2845/2721/2845 2844/2720/2844
f 2814/2690/2814 2815/2691/2815 2846/2722/2846 2845/2721/2845
f 2815/2691/2815 2816/2692/2816 2847/2723/2847 2846/2722/2846
f 2816/2692/2816 2817/2693/2817 2848/2724/2848 2847/2723/2847
f 2817/2693/2817 2818/2694/2818 2849/2725/2849 2848/2724/2848
f 2818/2694/2818 2819/2695/2819 2850/2726/2850 2849/2725/2849
f 2819/2695/2819 2820/2696/2820 2851/2727/2851 2850/2726/2850
f 2820/2696/2820 2821/2697/2821 2852/2728/2852 2851/2727/2851
f 2821/2697/2821 2822/2698/2822 2853/2729/2853 2852/2728/2852
f 2822/2698/2822 2823/2699/2823 2854/2730/2854 2853/2729/2853
f 2823/2699/2823 2824/2700/2824 2855/2731/2855 2854/2730/2854
f 2824/2700/2824 2825/2701/2825 2856/2732/2856 2855/2731/2855
f 2825/2701/2825 2826/2702/2826 2857/2733/2857 2856/2732/2856
f 2826/2702/2826 2827/2703/2827 2858/2734/2858 2857/2733/2857
f 2827/2703/2827 2828/2704/2828 2859/2735/2859 2858/2734/2858
f 2828/2704/2828 2829/2705/2829 2860/2736/2860 2859/2735/2859
f 2830/2707/2830 2831/2706/2831 2862/2737/2862 2861/2738/2861
f 2831/2706/2831 2832/2708/2832 2863/2739/2863 2862/2737/2862
f 2832/2708/2832 2833/2709/2833 2864/2740/2864 2863/2739/2863
f 2833/2709/2833 2834/2710/2834 2865/2741/2865 2864/2740/2864
f 2834/2710/2834 2835/2711/2835 2866/2742/2866 2865/2741/2865
f 2835/2711/2835 2836/2712/2836 2867/2743/2867 2866/2742/2866
f 2836/2712/2836 2837/2713/2837 2868/2744/2868 2867/2743/2867
f 2837/2713/2837 2838/2714/2838 2869/2745/2869 2868/2744/2868
f 2838/2714/2838 2839/2715/2839 2870/2746/2870 2869/2745/2869
f 2839/2715/2839 2840/2716/2840 2871/2747/2871 2870/2746/2870
f 2840/2716/2840 2841/2717/2841 2872/2748/2872 2871/2747/2871
f 2841/2717/2841 2842/2718/2842 2873/2749/2873 2872/2748/2872
f 2842/2718/2842 2843/2719/2843 2874/2750/2874 2873/2749/2873
f 2843/2719/2843 2844/2720/2844 2875/2751/2875 2874/2750/2874
f 2844/2720/2844 2845/2721/2845 2876/2752/2876 2875/2751/2875
f 2845/2721/2845 2846/2722/2846 2877/2753/2877 2876/2752/2876
f 2846/2722/2846 2847/2723/2847 2878/2754/2878 2877/2753/2877
f 2847/2723/2847 2848/2724/2848 2879/2755/2879 2878/2754/2878
f 2848/2724/2848 2849/2725/2849 2880/2756/2880 2879/2755/2879
f 2849/2725/2849 2850/2726/2850 2881/2757/2881 2880/2756/2880
f 2850/2726/2850 2851/2727/2851 2882/2758/2882 2881/2757/2881
f 2851/2727/2851 2852/2728/2852 2883/2759/2883 2882/2758/2882
f 2852/2728/2852 2853/2729/2853 2884/2760/2884 2883/2759/2883
f 2853/2729/2853 2854/2730/2854 2885/2761/2885 2884/2760/2884
f 2854/2730/2854 2855/2731/2855 2886/2762/2886 2885/2761/2885
f 2855/2731/2855 2856/2732/2856 2887/2763/2887 2886/2762/2886
f 2856/2732/2856 2857/2733/2857 2888/2764/2888 2887/2763/2887
f 2857/2733/2857 2858/2734/2858 2889/2765/2889 2888/2764/2888
f 2858/2734/2858 2859/2735/2859 2890/2766/2890 2889/2765/2889
f 2859/2735/2859 2860/2736/2860 2891/2767/2891 2890/2766/2890
f 2861/2738/2861 2862/2737/2862 2893/2768/2893 2892/2769/2892
f 2862/2737/2862 2863/2739/2863 2894/2770/2894 2893/2768/2893
f 2863/2739/2863 2864/2740/2864 2895/2771/2895 2894/2770/2894
f 2864/2740/2864 2865/2741/2865 2896/2772/2896 2895/2771/2895
f 2865/2741/2865 2866/2742/2866 2897/2773/2897 2896/2772/2896
f 2866/2742/2866 2867/2743/2867 2898/2774/2898 2897/2773/2897
f 2867/2743/2867 2868/2744/2868 2899/2775/2899 2898/2774/2898
f 2868/2744/2868 2869/2745/2869 2900/2776/2900 2899/2775/2899
f 2869/2745/2869 2870/2746/2870 2901/2777/2901 2900/2776/2900
f 2870/2746/2870 2871/2747/2871 2902/2778/2902 2901/2777/2901
f 2871/2747/2871 2872/2748/2872 2903/2779/2903 2902/2778/2902
f 2872/2748/2872 2873/2749/2873 2904/2780/2904 2903/2779/2903
f 2873/2749/2873 2874/2750/2874 2905/2781/2905 2904/2780/2904
f 2874/2750/2874 2875/2751/2875 2906/2782/2906 2905/2781/2905
f 2875/2751/2875 2876/2752/2876 2907/2783/2907 2906/2782/2906
f 2876/2752/2876 2877/2753/2877 2908/2784/2908 2907/2783/2907
f 2877/2753/2877 2878/2754/2878 2909/2785/2909 2908/2784/2908
f 2878/2754/2878 2879/2755/2879 2910/2786/2910 2909/2785/2909
f 2879/2755/2879 2880/2756/2880 2911/2787/2911 2910/2786/2910
f 2880/2756/2880 2881/2757/2881 2912/2788/2912 2911/2787/2911
f 2881/2757/2881 2882/2758/2882 2913/2789/2913 2912/2788/2912
f 2882/2758/2882 2883/2759/2883 2914/2790/2914 2913/2789/2913
f 2883/2759/2883 2884/2760/2884 2915/2791/2915 2914/2790/2914
f 2884/2760/2884 2885/2761/2885 2916/2792/2916 2915/2791/2915
f 2885/2761/2885 2886/2762/2886 2917/2793/2917 2916/2792/2916
f 2886/2762/2886 2887/2763/2887 2918/2794/2918 2917/2793/2917
f 2887/2763/2887 2888/2764/2888 2919/2795/2919 2918/2794/2918
f 2888/2764/2888 2889/2765/2889 2920/2796/2920 2919/2795/2919
f 2889/2765/2889 2890/2766/2890 2921/2797/2921 2920/2796/2920
f 2890/2766/2890 2891/2767/2891 2922/2798/2922 2921/2797/2921
f 2892/2769/2892 2893/2768/2893 2924/2799/2924 2923/2800/2923
f 2893/2768/2893 2894/2770/2894 2925/2801/2925 2924/2799/2924
f 2894/2770/2894 2895/2771/2895 2926/2802/2926 2925/2801/2925
f 2895/2771/2895 2896/2772/2896 2927/2803/2927 2926/2802/2926
f 2896/2772/2896 2897/2773/2897 2928/2804/2928 2927/2803/2927
f 2897/2773/2897 2898/2774/2898 2929/2805/2929 2928/2804/2928
f 2898/2774/2898 2899/2775/2899 2930/2806/2930 2929/2805/2929
f 2899/2775/2899 2900/2776/2900 2931/2807/2931 2930/2806/2930
f 2900/2776/2900 2901/2777/2901 2932/2808/2932 2931/2807/2931
f 2901/2777/2901 2902/2778/2902 2933/2809/2933 2932/2808/2932
f 2902/2778/2902 2903/2779/2903 2934/2810/2934 2933/2809/2933
f 2903/2779/2903 2904/2780/2904 2935/2811/2935 2934/2810/2934
f 2904/2780/2904 2905/2781/2905 2936/2812/2936 2935/2811/2935
f 2905/2781/2905 2906/2782/2906 2937/2813/2937 2936/2812/2936
f 2906/2782/2906 2907/2783/2907 2938/2814/2938 2937/2813/2937
f 2907/2783/2907 2908/2784/2908 2939/2815/2939 2938/2814/2938
f 2908/2784/2908 2909/2785/2909 2940/2816/2940 2939/2815/2939
f 2909/2785/2909 2910/2786/2910 2941/2817/2941 2940/2816/2940
f 2910/2786/2910 2911/2787/2911 2942/2818/2942 2941/2817/2941
f 2911/2787/2911 2912/2788/2912 2943/2819/2943 2942/2818/2942
f 2912/2788/2912 2913/2789/2913 2944/2820/2944 2943/2819/2943
f 2913/2789/2913 2914/2790/2914 2945/2821/2945 2944/2820/2944
f 2914/2790/2914 2915/2791/2915 2946/2822/2946 2945/2821/2945
f 2915/2791/2915 2916/2792/2916 2947/2823/2947 2946/2822/2946
f 2916/2792/2916 2917/2793/2917 2948/2824/2948 2947/2823/2947
f 2917/2793/2917 2918/2794/2918 2949/2825/2949 2948/2824/2948
f 2918/2794/2918 2919/2795/2919 2950/2826/2950 2949/2825/2949
f 2919/2795/2919 2920/2796/2920 2951/2827/2951 2950/2826/2950
f 2920/2796/2920 2921/2797/2921 2952/2828/2952 2951/2827/2951
f 2921/2797/2921 2922/2798/2922 2953/2829/2953 2952/2828/2952
f 2923/2800/2923 2924/2799/2924 2955/2830/2955 2954/2831/2954
f 2924/2799/2924 2925/2801/2925 2956/2832/2956 2955/2830/2955
f 2925/2801/2925 2926/2802/2926 2957/2833/2957 2956/2832/2956
f 2926/2802/2926 2927/2803/2927 2958/2834/2958 2957/2833/2957
f 2927/2803/2927 2928/2804/2928 2959/2835/2959 2958/2834/2958
f 2928/2804/2928 2929/2805/2929 2960/2836/2960 2959/2835/2959
f 2929/2805/2929 2930/2806/2930 2961/2837/2961 2960/2836/2960
f 2930/2806/2930 2931/2807/2931 2962/2838/2962 2961/2837/2961
f 2931/2807/2931 2932/2808/2932 2963/2839/2963 2962/2838/2962
f 2932/2808/2932 2933/2809/2933 2964/2840/2964 2963/2839/2963
f 2933/2809/2933 2934/2810/2934 2965/2841/2965 2964/2840/2964
f 2934/2810/2934 2935/2811/2935 2966/2842/2966 2965/2841/2965
f 2935/2811/2935 2936/2812/2936 2967/2843/2967 2966/2842/2966
f 2936/2812/2936 2937/2813/2937 2968/2844/2968 2967/2843/2967
f 2937/2813/2937 2938/2814/2938 2969/2845/2969 2968/2844/2968
f 2938/2814/2938 2939/2815/2939 2970/2846/2970 2969/2845/2969
f 2939/2815/2939 2940/2816/2940 2971/2847/2971 2970/2846/2970
f 2940/2816/2940 2941/2817/2941 2972/2848/2972 2971/2847/2971
f 2941/2817/2941 2942/2818/2942 2973/2849/2973 2972/2848/2972
f 2942/2818/2942 2943/2819/2943 2974/2850/2974 2973/2849/2973
f 2943/2819/2943 2944/2820/2944 2975/2851/2975 2974/2850/2974
f 2944/2820/2944 2945/2821/2945 2976/2852/2976 2975/2851/2975
f 2945/2821/2945 2946/2822/2946 2977/2853/2977 2976/2852/2976
f 2946/2822/2946 2947/2823/2947 2978/2854/2978 2977/2853/2977
f 2947/2823/2947 2948/2824/2948 2979/2855/2979 2978/2854/2978
f 2948/2824/2948 2949/2825/2949 2980/2856/2980 2979/2855/2979
f 2949/2825/2949 2950/2826/2950 2981/2857/2981 2980/2856/2980
f 2950/2826/2950 2951/2827/2951 2982/2858/2982 2981/2857/2981
f 2951/2827/2951 2952/2828/2952 2983/2859/2983 2982/2858/2982
f 2952/2828/2952 2953/2829/2953 2984/2860/2984 2983/2859/2983
f 2954/2831/2954 2955/2830/2955 2986/2861/2986 2985/2862/2985
f 2955/2830/2955 2956/2832/2956 2987/2863/2987 2986/2861/2986
f 2956/2832/2956 2957/2833/2957 2988/2864/2988 2987/2863/2987
f 2957/2833/2957 2958/2834/2958 2989/2865/2989 2988/2864/2988
f 2958/2834/2958 2959/2835/2959 2990/2866/2990 2989/2865/2989
f 2959/2835/2959 2960/2836/2960 2991/2867/2991 2990/2866/2990
f 2960/2836/2960 2961/2837/2961 2992/2868/2992 2991/2867/2991
f 2961/2837/2961 2962/2838/2962 2993/2869/2993 2992/2868/2992
f 2962/2838/2962 2963/2839/2963 2994/2870/2994 2993/2869/2993
f 2963/2839/2963 2964/2840/2964 2995/2871/2995 2994/2870/2994
f 2964/2840/2964 2965/2841/2965 2996/2872/2996 2995/2871/2995
f 2965/2841/2965 2966/2842/2966 2997/2873/2997 2996/2872/2996
f 2966/2842/2966 2967/2843/2967 2998/2874/2998 2997/2873/2997
f 2967/2843/2967 2968/2844/2968 2999/2875/2999 2998/2874/2998
f 2968/2844/2968 2969/2845/2969 3000/2876/3000 2999/2875/2999
f 2969/2845/2969 2970/2846/2970 3001/2877/3001 3000/2876/3000
f 2970/2846/2970 2971/2847/2971 3002/2878/3002 3001/2877/3001
f 2971/2847/2971 2972/2848/2972 3003/2879/3003 3002/2878/3002
f 2972/2848/2972 2973/2849/2973 3004/2880/3004 3003/2879/3003
f 2973/2849/2973 2974/2850/2974 3005/2881/3005 3004/2880/3004
f 2974/2850/2974 2975/2851/2975 3006/2882/3006 3005/2881/3005
f 2975/2851/2975 2976/2852/2976 3007/2883/3007 3006/2882/3006
f 2976/2852/2976 2977/2853/2977 3008/2884/3008 3007/2883/3007
f 2977/2853/2977 2978/2854/2978 3009/2885/3009 3008/2884/3008
f 2978/2854/2978 2979/2855/2979 3010/2886/3010 3009/2885/3009
f 2979/2855/2979 2980/2856/2980 3011/2887/3011 3010/2886/3010
f 2980/2856/2980 2981/2857/2981 3012/2888/3012 3011/2887/3011
f 2981/2857/2981 2982/2858/2982 3013/2889/3013 3012/2888/3012
f 2982/2858/2982 2983/2859/2983 3014/2890/3014 3013/2889/3013
f 2983/2859/2983 2984/2860/2984 3015/2891/3015 3014/2890/3014
f 2985/2862/2985 2986/2861/2986 3017/2892/3017 3016/2893/3016
f 2986/2861/2986 2987/2863/2987 3018/2894/3018 3017/2892/3017
f 2987/2863/2987 2988/2864/2988 3019/2895/3019 3018/2894/3018
f 2988/2864/2988 2989/2865/2989 3020/2896/3020 3019/2895/3019
f 2989/2865/2989 2990/2866/2990 3021/2897/3021 3020/2896/3020
f 2990/2866/2990 2991/2867/2991 3022/2898/3022 3021/2897/3021
f 2991/2867/2991 2992/2868/2992 3023/2899/3023 3022/2898/3022
f 2992/2868/2992 2993/2869/2993 3024/2900/3024 3023/2899/3023
f 2993/2869/2993 2994/2870/2994 3025/2901/3025 3024/2900/3024
f 2994/2870/2994 2995/2871/2995 3026/2902/3026 3025/2901/3025
f 2995/2871/2995 2996/2872/2996 3027/2903/3027 3026/2902/3026
f 2996/2872/2996 2997/2873/2997 3028/2904/3028 3027/2903/3027
f 2997/2873/2997 2998/2874/2998 3029/2905/3029 3028/2904/3028
f 2998/2874/2998 2999/2875/2999 3030/2906/3030 3029/2905/3029
f 2999/2875/2999 3000/2876/3000 3031/2907/3031 3030/2906/3030
f 3000/2876/3000 3001/2877/3001 3032/2908/3032 3031/2907/3031
f 3001/2877/3001 3002/2878/3002 3033/2909/3033 3032/2908/3032
f 3002/2878/3002 3003/2879/3003 3034/2910/3034 3033/2909/3033
f 3003/2879/3003 3004/2880/3004 3035/2911/3035 3034/2910/3034
f 3004/2880/3004 3005/2881/3005 3036/2912/3036 3035/2911/3035
f 3005/2881/3005 3006/2882/3006 3037/2913/3037 3036/2912/3036
f 3006/2882/3006 3007/2883/3007 3038/2914/3038 3037/2913/3037
f 3007/2883/3007 3008/2884/3008 3039/2915/3039 3038/2914/3038
f 3008/2884/3008 3009/2885/3009 3040/2916/3040 3039/2915/3039
f 3009/2885/3009 3010/2886/3010 3041/2917/3041 3040/2916/3040
f 3010/2886/3010 3011/2887/3011 3042/2918/3042 3041/2917/3041
f 3011/2887/3011 3012/2888/3012 3043/2919/3043 3042/2918/3042
f 3012/2888/3012 3013/2889/3013 3044/2920/3044 3043/2919/3043
f 3013/2889/3013 3014/2890/3014 3045/2921/3045 3044/2920/3044
f 3014/2890/3014 3015/2891/3015 3046/2922/3046 3045/2921/3045
f 3016/2893/3016 3017/2892/3017 3048/2923/3048 3047/2924/3047
f 3017/2892/3017 3018/2894/3018 3049/2925/3049 3048/2923/3048
f 3018/2894/3018 3019/2895/3019 3050/2926/3050 3049/2925/3049
f 3019/2895/3019 3020/2896/3020 3051/2927/3051 3050/2926/3050
f 3020/2896/3020 3021/2897/3021 3052/2928/3052 3051/2927/3051
f 3021/2897/3021 3022/2898/3022 3053/2929/3053 3052/2928/3052
f 3022/2898/3022 3023/2899/3023 3054/2930/3054 3053/2929/3053
f 3023/2899/3023 3024/2900/3024 3055/2931/3055 3054/2930/3054
f 3024/2900/3024 3025/2901/3025 3056/2932/3056 3055/2931/3055
f 3025/2901/3025 3026/2902/3026 3057/2933/3057 3056/2932/3056
f 3026/2902/3026 3027/2903/3027 3058/2934/3058 3057/2933/3057
f 3027/2903/3027 3028/2904/3028 3059/2935/3059 3058/2934/3058
f 3028/2904/3028 3029/2905/3029 3060/2936/3060 3059/2935/3059
f 3029/2905/3029 3030/2906/3030 3061/2937/3061 3060/2936/3060
f 3030/2906/3030 3031/2907/3031 3062/2938/3062 3061/2937/3061
f 3031/2907/3031 3032/2908/3032 3063/2939/3063 3062/2938/3062
f 3032/2908/3032 3033/2909/3033 3064/2940/3064 3063/2939/3063
f 3033/2909/3033 3034/2910/3034 3065/2941/3065 3064/2940/3064
f 3034/2910/3034 3035/2911/3035 3066/2942/3066 3065/2941/3065
f 3035/2911/3035 3036/2912/3036 3067/2943/3067 3066/2942/3066
f 3036/2912/3036 3037/2913/3037 3068/2944/3068 3067/2943/3067
f 3037/2913/3037 3038/2914/3038 3069/2945/3069 3068/2944/3068
f 3038/2914/3038 3039/2915/3039 3070/2946/3070 3069/2945/3069
f 3039/2915/3039 3040/2916/3040 3071/2947/3071 3070/2946/3070
f 3040/2916/3040 3041/2917/3041 3072/2948/3072 3071/2947/3071
f 3041/2917/3041 3042/2918/3042 3073/2949/3073 3072/2948/3072
f 3042/2918/3042 3043/2919/3043 3074/2950/3074 3073/2949/3073
f 3043/2919/3043 3044/2920/3044 3075/2951/3075 3074/2950/3074
f 3044/2920/3044 3045/2921/3045 3076/2952/3076 3075/2951/3075
f 3045/2921/3045 3046/2922/3046 3077/2953/3077 3076/2952/3076
f 3047/2924/3047 3048/2923/3048 3079/2954/3079 3078/2955/3078
f 3048/2923/3048 3049/2925/3049 3080/2956/3080 3079/2954/3079
f 3049/2925/3049 3050/2926/3050 3081/2957/3081 3080/2956/3080
f 3050/2926/3050 3051/2927/3051 3082/2958/3082 3081/2957/3081
f 3051/2927/3051 3052/2928/3052 3083/2959/3083 3082/2958/3082
f 3052/2928/3052 3053/2929/3053 3084/2960/3084 3083/2959/3083
f 3053/2929/3053 3054/2930/3054 3085/2961/3085 3084/2960/3084
f 3054/2930/3054 3055/2931/3055 3086/2962/3086 3085/2961/3085
f 3055/2931/3055 3056/2932/3056 3087/2963/3087 3086/2962/3086
f 3056/2932/3056 3057/2933/3057 3088/2964/3088 3087/2963/3087
f 3057/2933/3057 3058/2934/3058 3089/2965/3089 3088/2964/3088
f 3058/2934/3058 3059/2935/3059 3090/2966/3090 3089/2965/3089
f 3059/2935/3059 3060/2936/3060 3091/2967/3091 3090/2966/3090
f 3060/2936/3060 3061/2937/3061 3092/2968/3092 3091/2967/3091
f 3061/2937/3061 3062/2938/3062 3093/2969/3093 3092/2968/3092
f 3062/2938/3062 3063/2939/3063 3094/2970/3094 3093/2969/3093
f 3063/2939/3063 3064/2940/3064 3095/2971/3095 3094/2970/3094
f 3064/2940/3064 3065/2941/3065 3096/2972/3096 3095/2971/3095
f 3065/2941/3065 3066/2942/3066 3097/2973/3097 3096/2972/3096
f 3066/2942/3066 3067/2943/3067 3098/2974/3098 3097/2973/3097
f 3067/2943/3067 3068/2944/3068 3099/2975/3099 3098/2974/3098
f 3068/2944/3068 3069/2945/3069 3100/2976/3100 3099/2975/3099
f 3069/2945/3069 3070/2946/3070 3101/2977/3101 3100/2976/3100
f 3070/2946/3070 3071/2947/3071 3102/2978/3102 3101/2977/3101
f 3071/2947/3071 3072/2948/3072 3103/2979/3103 3102/2978/3102
f 3072/2948/3072 3073/2949/3073 3104/2980/3104 3103/2979/3103
f 3073/2949/3073 3074/2950/3074 3105/2981/3105 3104/2980/3104
f 3074/2950/3074 3075/2951/3075 3106/2982/3106 3105/2981/3105
f 3075/2951/3075 3076/2952/3076 3107/2983/3107 3106/2982/3106
f 3076/2952/3076 3077/2953/3077 3108/2984/3108 3107/2983/3107
f 3078/2955/3078 3079/2954/3079 3110/2985/3110 3109/2986/3109
f 3079/2954/3079 3080/2956/3080 3111/2987/3111 3110/2985/3110
f 3080/2956/3080 3081/2957/3081 3112/2988/3112 3111/2987/3111
f 3081/2957/3081 3082/2958/3082 3113/2989/3113 3112/2988/3112
f 3082/2958/3082 3083/2959/3083 3114/2990/3114 3113/2989/3113
f 3083/2959/3083 3084/2960/3084 3115/2991/3115 3114/2990/3114
f 3084/2960/3084 3085/2961/3085 3116/2992/3116 3115/2991/3115
f 3085/2961/3085 3086/2962/3086 3117/2993/3117 3116/2992/3116
f 3086/2962/3086 3087/2963/3087 3118/2994/3118 3117/2993/3117
f 3087/2963/3087 3088/2964/3088 3119/2995/3119 3118/2994/3118
f 3088/2964/3088 3089/2965/3089 3120/2996/3120 3119/2995/3119
f 3089/2965/3089 3090/2966/3090 3121/2997/3121 3120/2996/3120
f 3090/2966/3090 3091/2967/3091 3122/2998/3122 3121/2997/3121
f 3091/2967/3091 3092/2968/3092 3123/2999/3123 3122/2998/3122
f 3092/2968/3092 3093/2969/3093 3124/3000/3124 3123/2999/3123
f 3093/2969/3093 3094/2970/3094 3125/3001/3125 3124/3000/3124
f 3094/2970/3094 3095/2971/3095 3126/3002/3126 3125/3001/3125
f 3095/2971/3095 3096/2972/3096 3127/3003/3127 3126/3002/3126
f 3096/2972/3096 3097/2973/3097 3128/3004/3128 3127/3003/3127
f 3097/2973/3097 3098/2974/3098 3129/3005/3129 3128/3004/3128
f 3098/2974/3098 3099/2975/3099 3130/3006/3130 3129/3005/3129
f 3099/2975/3099 3100/2976/3100 3131/3007/3131 3130/3006/3130
f 3100/2976/3100 3101/2977/3101 3132/3008/3132 3131/3007/3131
f 3101/2977/3101 3102/2978/3102 3133/3009/3133 3132/3008/3132
f 3102/2978/3102 3103/2979/3103 3134/3010/3134 3133/3009/3133
f 3103/2979/3103 3104/2980/3104 3135/3011/3135 3134/3010/3134
f 3104/2980/3104 3105/2981/3105 3136/3012/3136 3135/3011/3135
f 3105/2981/3105 3106/2982/3106 3137/3013/3137 3136/3012/3136
f 3106/2982/3106 3107/2983/3107 3138/3014/3138 3137/3013/3137
f 3107/2983/3107 3108/2984/3108 3139/3015/3139 3138/3014/3138
f 3109/2986/3109 3110/2985/3110 3141/3016/3141 3140/3017/3140
f 3110/2985/3110 3111/2987/3111 3142/3018/3142 3141/3016/3141
f 3111/2987/3111 3112/2988/3112 3143/3019/3143 3142/3018/3142
f 3112/2988/3112 3113/2989/3113 3144/3020/3144 3143/3019/3143
f 3113/2989/3113 3114/2990/3114 3145/3021/3145 3144/3020/3144
f 3114/2990/3114 3115/2991/3115 3146/3022/3146 3145/3021/3145
f 3115/2991/3115 3116/2992/3116 3147/3023/3147 3146/3022/3146
f 3116/2992/3116 3117/2993/3117 3148/3024/3148 3147/3023/3147
f 3117/2993/3117 3118/2994/3118 3149/3025/3149 3148/3024/3148
f 3118/2994/3118 3119/2995/3119 3150/3026/3150 3149/3025/3149
f 3119/2995/3119 3120/2996/3120 3151/3027/3151 3150/3026/3150
f 3120/2996/3120 3121/2997/3121 3152/3028/3152 3151/3027/3151
f 3121/2997/3121 3122/2998/3122 3153/3029/3153 3152/3028/3152
f 3122/2998/3122 3123/2999/3123 3154/3030/3154 3153/3029/3153
f 3123/2999/3123 3124/3000/3124 3155/3031/3155 3154/3030/3154
f 3124/3000/3124 3125/3001/3125 3156/3032/3156 3155/3031/3155
f 3125/3001/3125 3126/3002/3126 3157/3033/3157 3156/3032/3156
f 3126/3002/3126 3127/3003/3127 3158/3034/3158 3157/3033/3157
f 3127/3003/3127 3128/3004/3128 3159/3035/3159 3158/3034/3158
f 3128/3004/3128 3129/3005/3129 3160/3036/3160 3159/3035/3159
f 3129/3005/3129 3130/3006/3130 3161/3037/3161 3160/3036/3160
f 3130/3006/3130 3131/3007/3131 3162/3038/3162 3161/3037/3161
f 3131/3007/3131 3132/3008/3132 3163/3039/3163 3162/3038/3162
f 3132/3008/3132 3133/3009/3133 3164/3040/3164 3163/3039/3163
f 3133/3009/3133 3134/3010/3134 3165/3041/3165 3164/3040/3164
f 3134/3010/3134 3135/3011/3135 3166/3042/3166 3165/3041/3165
f 3135/3011/3135 3136/3012/3136 3167/3043/3167 3166/3042/3166
f 3136/3012/3136 3137/3013/3137 3168/3044/3168 3167/3043/3167
f 3137/3013/3137 3138/3014/3138 3169/3045/3169 3168/3044/3168
f 3138/3014/3138 3139/3015/3139 3170/3046/3170 3169/3045/3169
f 3140/3017/3140 3141/3016/3141 3172/3047/3172 3171/3048/3171
f 3141/3016/3141 3142/3018/3142 3173/3049/3173 3172/3047/3172
f 3142/3018/3142 3143/3019/3143 3174/3050/3174 3173/3049/3173
f 3143/3019/3143 3144/3020/3144 3175/3051/3175 3174/3050/3174
f 3144/3020/3144 3145/3021/3145 3176/3052/3176 3175/3051/3175
f 3145/3021/3145 3146/3022/3146 3177/3053/3177 3176/3052/3176
f 3146/3022/3146 3147/3023/3147 3178/3054/3178 3177/3053/3177
f 3147/3023/3147 3148/3024/3148 3179/3055/3179 3178/3054/3178
f 3148/3024/3148 3149/3025/3149 3180/3056/3180 3179/3055/3179
f 3149/3025/3149 3150/3026/3150 3181/3057/3181 3180/3056/3180
f 3150/3026/3150 3151/3027/3151 3182/3058/3182 3181/3057/3181
f 3151/3027/3151 3152/3028/3152 3183/3059/3183 3182/3058/3182
f 3152/3028/3152 3153/3029/3153 3184/3060/3184 3183/3059/3183
f 3153/3029/3153 3154/3030/3154 3185/3061/3185 3184/3060/3184
f 3154/3030/3154 3155/3031/3155 3186/3062/3186 3185/3061/3185
f 3155/3031/3155 3156/3032/3156 3187/3063/3187 3186/3062/3186
f 3156/3032/3156 3157/3033/3157 3188/3064/3188 3187/3063/3187
f 3157/3033/3157 3158/3034/3158 3189/3065/3189 3188/3064/3188
f 3158/3034/3158 3159/3035/3159 3190/3066/3190 3189/3065/3189
f 3159/3035/3159 3160/3036/3160 3191/3067/3191 3190/3066/3190
f 3160/3036/3160 3161/3037/3161 3192/3068/3192 3191/3067/3191
f 3161/3037/3161 3162/3038/3162 3193/3069/3193 3192/3068/3192
f 3162/3038/3162 3163/3039/3163 3194/3070/3194 3193/3069/3193
f 3163/3039/3163 3164/3040/3164 3195/3071/3195 3194/3070/3194
f 3164/3040/3164 3165/3041/3165 3196/3072/3196 3195/3071/3195
f 3165/3041/3165 3166/3042/3166 3197/3073/3197 3196/3072/3196
f 3166/3042/3166 3167/3043/3167 3198/3074/3198 3197/3073/3197
f 3167/3043/3167 3168/3044/3168 3199/3075/3199 3198/3074/3198
f 3168/3044/3168 3169/3045/3169 3200/3076/3200 3199/3075/3199
f 3169/3045/3169 3170/3046/3170 3201/3077/3201 3200/3076/3200
f 3171/3048/3171 3172/3047/3172 3203/3078/3203 3202/3079/3202
f 3172/3047/3172 3173/3049/3173 3204/3080/3204 3203/3078/3203
f 3173/3049/3173 3174/3050/3174 3205/3081/3205 3204/3080/3204
f 3174/3050/3174 3175/3051/3175 3206/3082/3206 3205/3081/3205
f 3175/3051/3175 3176/3052/3176 3207/3083/3207 3206/3082/3206
f 3176/3052/3176 3177/3053/3177 3208/3084/3208 3207/3083/3207
f 3177/3053/3177 3178/3054/3178 3209/3085/3209 3208/3084/3208
f 3178/3054/3178 3179/3055/3179 3210/3086/3210 3209/3085/3209
f 3179/3055/3179 3180/3056/3180 3211/3087/3211 3210/3086/3210
f 3180/3056/3180 3181/3057/3181 3212/3088/3212 3211/3087/3211
f 3181/3057/3181 3182/3058/3182 3213/3089/3213 3212/3088/3212
f 3182/3058/3182 3183/3059/3183 3214/3090/3214 3213/3089/3213
f 3183/3059/3183 3184/3060/3184 3215/3091/3215 3214/3090/3214
f 3184/3060/3184 3185/3061/3185 3216/3092/3216 3215/3091/3215
f 3185/3061/3185 3186/3062/3186 3217/3093/3217 3216/3092/3216
f 3186/3062/3186 3187/3063/3187 3218/3094/3218 3217/3093/3217
f 3187/3063/3187 3188/3064/3188 3219/3095/3219 3218/3094/3218
f 3188/3064/3188 3189/3065/3189 3220/3096/3220 3219/3095/3219
f 3189/3065/3189 3190/3066/3190 3221/3097/3221 3220/3096/3220
f 3190/3066/3190 3191/3067/3191 3222/3098/3222 3221/3097/3221
f 3191/3067/3191 3192/3068/3192 3223/3099/3223 3222/3098/3222
f 3192/3068/3192 3193/3069/3193 3224/3100/3224 3223/3099/3223
f 3193/3069/3193 3194/3070/3194 3225/3101/3225 3224/3100/3224
f 3194/3070/3194 3195/3071/3195 3226/3102/3226 3225/3101/3225
f 3195/3071/3195 3196/3072/3196 3227/3103/3227 3226/3102/3226
f 3196/3072/3196 3197/3073/3197 3228/3104/3228 3227/3103/3227
f 3197/3073/3197 3198/3074/3198 3229/3105/3229 3228/3104/3228
f 3198/3074/3198 3199/3075/3199 3230/3106/3230 3229/3105/3229
f 3199/3075/3199 3200/3076/3200 3231/3107/3231 3230/3106/3230
f 3200/3076/3200 3201/3077/3201 3232/3108/3232 3231/3107/3231
f 3202/3079/3202 3203/3078/3203 3234/3109/3234 3233/3110/3233
f 3203/3078/3203 3204/3080/3204 3235/3111/3235 3234/3109/3234
f 3204/3080/3204 3205/3081/3205 3236/3112/3236 3235/3111/3235
f 3205/3081/3205 3206/3082/3206 3237/3113/3237 3236/3112/3236
f 3206/3082/3206 3207/3083/3207 3238/3114/3238 3237/3113/3237
f 3207/3083/3207 3208/3084/3208 3239/3115/3239 3238/3114/3238
f 3208/3084/3208 3209/3085/3209 3240/3116/3240 3239/3115/3239
f 3209/3085/3209 3210/3086/3210 3241/3117/3241 3240/3116/3240
f 3210/3086/3210 3211/3087/3211 3242/3118/3242 3241/3117/3241
f 3211/3087/3211 3212/3088/3212 3243/3119/3243 3242/3118/3242
f 3212/3088/3212 3213/3089/3213 3244/3120/3244 3243/3119/3243
f 3213/3089/3213 3214/3090/3214 3245/3121/3245 3244/3120/3244
f 3214/3090/3214 3215/3091/3215 3246/3122/3246 3245/3121/3245
f 3215/3091/3215 3216/3092/3216 3247/3123/3247 3246/3122/3246
f 3216/3092/3216 3217/3093/3217 3248/3124/3248 3247/3123/3247
f 3217/3093/3217 3218/3094/3218 3249/3125/3249 3248/3124/3248
f 3218/3094/3218 3219/3095/3219 3250/3126/3250 3249/3125/3249
f 3219/3095/3219 3220/3096/3220 3251/3127/3251 3250/3126/3250
f 3220/3096/3220 3221/3097/3221 3252/3128/3252 3251/3127/3251
f 3221/3097/3221 3222/3098/3222 3253/3129/3253 3252/3128/3252
f 3222/3098/3222 3223/3099/3223 3254/3130/3254 3253/3129/3253
f 3223/3099/3223 3224/3100/3224 3255/3131/3255 3254/3130/3254
f 3224/3100/3224 3225/3101/3225 3256/3132/3256 3255/3131/3255
f 3225/3101/3225 3226/3102/3226 3257/3133/3257 3256/3132/3256
f 3226/3102/3226 3227/3103/3227 3258/3134/3258 3257/3133/3257
f 3227/3103/3227 3228/3104/3228 3259/3135/3259 3258/3134/3258
f 3228/3104/3228 3229/3105/3229 3260/3136/3260 3259/3135/3259
f 3229/3105/3229 3230/3106/3230 3261/3137/3261 3260/3136/3260
f 3230/3106/3230 3231/3107/3231 3262/3138/3262 3261/3137/3261
f 3231/3107/3231 3232/3108/3232 3263/3139/3263 3262/3138/3262
f 6/2051/6 9/2053/9 2303/2179/2303 257/3140/257
f 9/2053/9 10/2178/10 2304/2180/2304 2303/2179/2303
f 10/2178/10 11/2177/11 2305/2183/2305 2304/2180/2304
f 11/2177/11 12/2176/12 2306/2185/2306 2305/2183/2305
f 12/2176/12 13/2175/13 2307/2187/2307 2306/2185/2306
f 13/2175/13 14/2174/14 2308/2189/2308 2307/2187/2307
f 14/2174/14 15/2173/15 2309/2191/2309 2308/2189/2308
f 15/2173/15 16/2172/16 2310/2193/2310 2309/2191/2309
f 16/2172/16 17/2171/17 2311/2195/2311 2310/2193/2310
f 17/2171/17 18/2170/18 2312/2197/2312 2311/2195/2311
f 18/2170/18 19/2169/19 2313/2199/2313 2312/2197/2312
f 19/2169/19 20/2168/20 2314/2201/2314 2313/2199/2313
f 20/2168/20 21/2167/21 2315/2203/2315 2314/2201/2314
f 21/2167/21 22/2166/22 2316/2205/2316 2315/2203/2315
f 22/2166/22 23/2165/23 2317/2207/2317 2316/2205/2316
f 23/2165/23 24/2164/24 2318/2209/2318 2317/2207/2317
f 24/2164/24 25/2163/25 2319/2211/2319 2318/2209/2318
f 25/2163/25 26/2162/26 2320/2213/2320 2319/2211/2319
f 26/2162/26 27/2161/27 2321/2215/2321 2320/2213/2320
f 27/2161/27 28/2160/28 2322/2217/2322 2321/2215/2321
f 28/2160/28 29/2159/29 2323/2219/2323 2322/2217/2322
f 29/2159/29 30/2158/30 2324/2221/2324 2323/2219/2323
f 30/2158/30 31/2157/31 2325/2223/2325 2324/2221/2324
f 31/2157/31 32/2156/32 2326/2225/2326 2325/2223/2325
f 32/2156/32 33/2155/33 2327/2227/2327 2326/2225/2326
f 33/2155/33 34/2154/34 2328/2229/2328 2327/2227/2327
f 34/2154/34 35/2153/35 2329/2231/2329 2328/2229/2328
f 35/2153/35 36/2152/36 2330/2233/2330 2329/2231/2329
f 36/2152/36 37/2151/37 2331/2235/2331 2330/2233/2330
f 37/2151/37 38/2150/38 2332/2237/2332 2331/2235/2331
f 38/2150/38 39/2148/39 2333/2239/2333 2332/2237/2332
f 39/2148/39 8/2149/8 288/3141/288 2333/2239/2333
f 2333/2239/2333 288/3141/288 289/3142/289 2364/2240/2364
f 2364/2240/2364 289/3142/289 290/3143/290 2395/2271/2395
f 2395/2271/2395 290/3143/290 291/3144/291 2426/2302/2426
f 2426/2302/2426 291/3144/291 292/3145/292 2457/2333/2457
f 2457/2333/2457 292/3145/292 293/3146/293 2488/2364/2488
f 2488/2364/2488 293/3146/293 294/3147/294 2519/2395/2519
f 2519/2395/2519 294/3147/294 295/3148/295 2550/2426/2550
f 2550/2426/2550 295/3148/295 296/3149/296 2581/2457/2581
f 2581/2457/2581 296/3149/296 297/3150/297 2612/2488/2612
f 2612/2488/2612 297/3150/297 298/3151/298 2643/2519/2643
f 2643/2519/2643 298/3151/298 299/3152/299 2674/2550/2674
f 2674/2550/2674 299/3152/299 300/3153/300 2705/2581/2705
f 2705/2581/2705 300/3153/300 301/3154/301 2736/2612/2736
f 2736/2612/2736 301/3154/301 302/3155/302 2767/2643/2767
f 2767/2643/2767 302/3155/302 303/3156/303 2798/2674/2798
f 2798/2674/2798 303/3156/303 304/3157/304 2829/2705/2829
f 2829/2705/2829 304/3157/304 305/3158/305 2860/2736/2860
f 2860/2736/2860 305/3158/305 306/3159/306 2891/2767/2891
f 2891/2767/2891 306/3159/306 307/3160/307 2922/2798/2922
f 2922/2798/2922 307/3160/307 308/3161/308 2953/2829/2953
f 2953/2829/2953 308/3161/308 309/3162/309 2984/2860/2984
f 2984/2860/2984 309/3162/309 310/3163/310 3015/2891/3015
f 3015/2891/3015 310/3163/310 311/3164/311 3046/2922/3046
f 3046/2922/3046 311/3164/311 312/3165/312 3077/2953/3077
f 3077/2953/3077 312/3165/312 313/3166/313 3108/2984/3108
f 3108/2984/3108 313/3166/313 314/3167/314 3139/3015/3139
f 3139/3015/3139 314/3167/314 315/3168/315 3170/3046/3170
f 3170/3046/3170 315/3168/315 316/3169/316 3201/3077/3201
f 3201/3077/3201 316/3169/316 317/3170/317 3232/3108/3232
f 3232/3108/3232 317/3170/317 318/3171/318 3263/3139/3263
f 3263/3139/3263 318/3171/318 7/1027/7 164/1026/164
f 3262/3138/3262 3263/3139/3263 164/1026/164 165/1025/165
f 3261/3137/3261 3262/3138/3262 165/1025/165 166/1024/166
f 3260/3136/3260 3261/3137/3261 166/1024/166 167/1023/167
f 3259/3135/3259 3260/3136/3260 167/1023/167 168/1022/168
f 3258/3134/3258 3259/3135/3259 168/1022/168 169/1021/169
f 3257/3133/3257 3258/3134/3258 169/1021/169 170/1020/170
f 3256/3132/3256 3257/3133/3257 170/1020/170 171/1019/171
f 3255/3131/3255 3256/3132/3256 171/1019/171 172/1018/172
f 3254/3130/3254 3255/3131/3255 172/1018/172 173/1017/173
f 3253/3129/3253 3254/3130/3254 173/1017/173 174/1016/174
f 3252/3128/3252 3253/3129/3253 174/1016/174 175/1015/175
f 3251/3127/3251 3252/3128/3252 175/1015/175 176/1014/176
f 3250/3126/3250 3251/3127/3251 176/1014/176 177/1013/177
f 3249/3125/3249 3250/3126/3250 177/1013/177 178/1012/178
f 3248/3124/3248 3249/3125/3249 178/1012/178 179/1011/179
f 3247/3123/3247 3248/3124/3248 179/1011/179 180/1010/180
f 3246/3122/3246 3247/3123/3247 180/1010/180 181/1009/181
f 3245/3121/3245 3246/3122/3246 181/1009/181 182/1008/182
f 3244/3120/3244 3245/3121/3245 182/1008/182 183/1007/183
f 3243/3119/3243 3244/3120/3244 183/1007/183 184/1006/184
f 3242/3118/3242 3243/3119/3243 184/1006/184 185/1005/185
f 3241/3117/3241 3242/3118/3242 185/1005/185 186/1004/186
f 3240/3116/3240 3241/3117/3241 186/1004/186 187/1003/187
f 3239/3115/3239 3240/3116/3240 187/1003/187 188/1002/188
f 3238/3114/3238 3239/3115/3239 188/1002/188 189/1001/189
f 3237/3113/3237 3238/3114/3238 189/1001/189 190/1000/190
f 3236/3112/3236 3237/3113/3237 190/1000/190 191/999/191
f 3235/3111/3235 3236/3112/3236 191/999/191 192/998/192
f 3234/3109/3234 3235/3111/3235 192/998/192 193/997/193
f 3233/3110/3233 3234/3109/3234 193/997/193 194/996/194
f 287/3172/287 3233/3110/3233 194/996/194 5/995/5
f 286/3173/286 3202/3079/3202 3233/3110/3233 287/3172/287
f 285/3174/285 3171/3048/3171 3202/3079/3202 286/3173/286
f 284/3175/284 3140/3017/3140 3171/3048/3171 285/3174/285
f 283/3176/283 3109/2986/3109 3140/3017/3140 284/3175/284
f 282/3177/282 3078/2955/3078 3109/2986/3109 283/3176/283
f 281/3178/281 3047/2924/3047 3078/2955/3078 282/3177/282
f 280/3179/280 3016/2893/3016 3047/2924/3047 281/3178/281
f 279/3180/279 2985/2862/2985 3016/2893/3016 280/3179/280
f 278/3181/278 2954/2831/2954 2985/2862/2985 279/3180/279
f 277/3182/277 2923/2800/2923 2954/2831/2954 278/3181/278
f 276/3183/276 2892/2769/2892 2923/2800/2923 277/3182/277
f 275/3184/275 2861/2738/2861 2892/2769/2892 276/3183/276
f 274/3185/274 2830/2707/2830 2861/2738/2861 275/3184/275
f 273/3186/273 2799/2676/2799 2830/2707/2830 274/3185/274
f 272/3187/272 2768/2645/2768 2799/2676/2799 273/3186/273
f 271/3188/271 2737/2614/2737 2768/2645/2768 272/3187/272
f 270/3189/270 2706/2583/2706 2737/2614/2737 271/3188/271
f 269/3190/269 2675/2552/2675 2706/2583/2706 270/3189/270
f 268/3191/268 2644/2521/2644 2675/2552/2675 269/3190/269
f 267/3192/267 2613/2490/2613 2644/2521/2644 268/3191/268
f 266/3193/266 2582/2459/2582 2613/2490/2613 267/3192/267
f 265/3194/265 2551/2428/2551 2582/2459/2582 266/3193/266
f 264/3195/264 2520/2397/2520 2551/2428/2551 265/3194/265
f 263/3196/263 2489/2366/2489 2520/2397/2520 264/3195/264
f 262/3197/262 2458/2335/2458 2489/2366/2489 263/3196/263
f 261/3198/261 2427/2304/2427 2458/2335/2458 262/3197/262
f 260/3199/260 2396/2273/2396 2427/2304/2427 261/3198/261
f 259/3200/259 2365/2242/2365 2396/2273/2396 260/3199/260
f 258/3201/258 2334/2182/2334 2365/2242/2365 259/3200/259
f 257/3140/257 2303/2179/2303 2334/2182/2334 258/3201/258
f 3264/3202/3264 3265/3203/3265 3296/3204/3296 3295/3205/3295
f 3265/3203/3265 3266/3206/3266 3297/3207/3297 3296/3204/3296
f 3266/3206/3266 3267/3208/3267 3298/3209/3298 3297/3207/3297
f 3267/3208/3267 3268/3210/3268 3299/3211/3299 3298/3209/3298
f 3268/3210/3268 3269/3212/3269 3300/3213/3300 3299/3211/3299
f 3269/3212/3269 3270/3214/3270 3301/3215/3301 3300/3213/3300
f 3270/3214/3270 3271/3216/3271 3302/3217/3302 3301/3215/3301
f 3271/3216/3271 3272/3218/3272 3303/3219/3303 3302/3217/3302
f 3272/3218/3272 3273/3220/3273 3304/3221/3304 3303/3219/3303
f 3273/3220/3273 3274/3222/3274 3305/3223/3305 3304/3221/3304
f 3274/3222/3274 3275/3224/3275 3306/3225/3306 3305/3223/3305
f 3275/3224/3275 3276/3226/3276 3307/3227/3307 3306/3225/3306
f 3276/3226/3276 3277/3228/3277 3308/3229/3308 3307/3227/3307
f 3277/3228/3277 3278/3230/3278 3309/3231/3309 3308/3229/3308
f 3278/3230/3278 3279/3232/3279 3310/3233/3310 3309/3231/3309
f 3279/3232/3279 3280/3234/3280 3311/3235/3311 3310/3233/3310
f 3280/3234/3280 3281/3236/3281 3312/3237/3312 3311/3235/3311
f 3281/3236/3281 3282/3238/3282 3313/3239/3313 3312/3237/3312
f 3282/3238/3282 3283/3240/3283 3314/3241/3314 3313/3239/3313
f 3283/3240/3283 3284/3242/3284 3315/3243/3315 3314/3241/3314
f 3284/3242/3284 3285/3244/3285 3316/3245/3316 3315/3243/3315
f 3285/3244/3285 3286/3246/3286 3317/3247/3317 3316/3245/3316
f 3286/3246/3286 3287/3248/3287 3318/3249/3318 3317/3247/3317
f 3287/3248/3287 3288/3250/3288 3319/3251/3319 3318/3249/3318
f 3288/3250/3288 3289/3252/3289 3320/3253/3320 3319/3251/3319
f 3289/3252/3289 3290/3254/3290 3321/3255/3321 3320/3253/3320
f 3290/3254/3290 3291/3256/3291 3322/3257/3322 3321/3255/3321
f 3291/3256/3291 3292/3258/3292 3323/3259/3323 3322/3257/3322
f 3292/3258/3292 3293/3260/3293 3324/3261/3324 3323/3259/3323
f 3293/3260/3293 3294/3262/3294 3325/3263/3325 3324/3261/3324
f 3295/3205/3295 3296/3204/3296 3327/3264/3327 3326/3265/3326
f 3296/3204/3296 3297/3207/3297 3328/3266/3328 3327/3264/3327
f 3297/3207/3297 3298/3209/3298 3329/3267/3329 3328/3266/3328
f 3298/3209/3298 3299/3211/3299 3330/3268/3330 3329/3267/3329
f 3299/3211/3299 3300/3213/3300 3331/3269/3331 3330/3268/3330
f 3300/3213/3300 3301/3215/3301 3332/3270/3332 3331/3269/3331
f 3301/3215/3301 3302/3217/3302 3333/3271/3333 3332/3270/3332
f 3302/3217/3302 3303/3219/3303 3334/3272/3334 3333/3271/3333
f 3303/3219/3303 3304/3221/3304 3335/3273/3335 3334/3272/3334
f 3304/3221/3304 3305/3223/3305 3336/3274/3336 3335/3273/3335
f 3305/3223/3305 3306/3225/3306 3337/3275/3337 3336/3274/3336
f 3306/3225/3306 3307/3227/3307 3338/3276/3338 3337/3275/3337
f 3307/3227/3307 3308/3229/3308 3339/3277/3339 3338/3276/3338
f 3308/3229/3308 3309/3231/3309 3340/3278/3340 3339/3277/3339
f 3309/3231/3309 3310/3233/3310 3341/3279/3341 3340/3278/3340
f 3310/3233/3310 3311/3235/3311 3342/3280/3342 3341/3279/3341
f 3311/3235/3311 3312/3237/3312 3343/3281/3343 3342/3280/3342
f 3312/3237/3312 3313/3239/3313 3344/3282/3344 3343/3281/3343
f 3313/3239/3313 3314/3241/3314 3345/3283/3345 3344/3282/3344
f 3314/3241/3314 3315/3243/3315 3346/3284/3346 3345/3283/3345
f 3315/3243/3315 3316/3245/3316 3347/3285/3347 3346/3284/3346
f 3316/3245/3316 3317/3247/3317 3348/3286/3348 3347/3285/3347
f 3317/3247/3317 3318/3249/3318 3349/3287/3349 3348/3286/3348
f 3318/3249/3318 3319/3251/3319 3350/3288/3350 3349/3287/3349
f 3319/3251/3319 3320/3253/3320 3351/3289/3351 3350/3288/3350
f 3320/3253/3320 3321/3255/3321 3352/3290/3352 3351/3289/3351
f 3321/3255/3321 3322/3257/3322 3353/3291/3353 3352/3290/3352
f 3322/3257/3322 3323/3259/3323 3354/3292/3354 3353/3291/3353
f 3323/3259/3323 3324/3261/3324 3355/3293/3355 3354/3292/3354
f 3324/3261/3324 3325/3263/3325 3356/3294/3356 3355/3293/3355
f 3326/3265/3326 3327/3264/3327 3358/3295/3358 3357/3296/3357
f 3327/3264/3327 3328/3266/3328 3359/3297/3359 3358/3295/3358
f 3328/3266/3328 3329/3267/3329 3360/3298/3360 3359/3297/3359
f 3329/3267/3329 3330/3268/3330 3361/3299/3361 3360/3298/3360
f 3330/3268/3330 3331/3269/3331 3362/3300/3362 3361/3299/3361
f 3331/3269/3331 3332/3270/3332 3363/3301/3363 3362/3300/3362
f 3332/3270/3332 3333/3271/3333 3364/3302/3364 3363/3301/3363
f 3333/3271/3333 3334/3272/3334 3365/3303/3365 3364/3302/3364
f 3334/3272/3334 3335/3273/3335 3366/3304/3366 3365/3303/3365
f 3335/3273/3335 3336/3274/3336 3367/3305/3367 3366/3304/3366
f 3336/3274/3336 3337/3275/3337 3368/3306/3368 3367/3305/3367
f 3337/3275/3337 3338/3276/3338 3369/3307/3369 3368/3306/3368
f 3338/3276/3338 3339/3277/3339 3370/3308/3370 3369/3307/3369
f 3339/3277/3339 3340/3278/3340 3371/3309/3371 3370/3308/3370
f 3340/3278/3340 3341/3279/3341 3372/3310/3372 3371/3309/3371
f 3341/3279/3341 3342/3280/3342 3373/3311/3373 3372/3310/3372
f 3342/3280/3342 3343/3281/3343 3374/3312/3374 3373/3311/3373
f 3343/3281/3343 3344/3282/3344 3375/3313/3375 3374/3312/3374
f 3344/3282/3344 3345/3283/3345 3376/3314/3376 3375/3313/3375
f 3345/3283/3345 3346/3284/3346 3377/3315/3377 3376/3314/3376
f 3346/3284/3346 3347/3285/3347 3378/3316/3378 3377/3315/3377
f 3347/3285/3347 3348/3286/3348 3379/3317/3379 3378/3316/3378
f 3348/3286/3348 3349/3287/3349 3380/3318/3380 3379/3317/3379
f 3349/3287/3349 3350/3288/3350 3381/3319/3381 3380/3318/3380
f 3350/3288/3350 3351/3289/3351 3382/3320/3382 3381/3319/3381
f 3351/3289/3351 3352/3290/3352 3383/3321/3383 3382/3320/3382
f 3352/3290/3352 3353/3291/3353 3384/3322/3384 3383/3321/3383
f 3353/3291/3353 3354/3292/3354 3385/3323/3385 3384/3322/3384
f 3354/3292/3354 3355/3293/3355 3386/3324/3386 3385/3323/3385
f 3355/3293/3355 3356/3294/3356 3387/3325/3387 3386/3324/3386
f 3357/3296/3357 3358/3295/3358 3389/3326/3389 3388/3327/3388
f 3358/3295/3358 3359/3297/3359 3390/3328/3390 3389/3326/3389
f 3359/3297/3359 3360/3298/3360 3391/3329/3391 3390/3328/3390
f 3360/3298/3360 3361/3299/3361 3392/3330/3392 3391/3329/3391
f 3361/3299/3361 3362/3300/3362 3393/3331/3393 3392/3330/3392
f 3362/3300/3362 3363/3301/3363 3394/3332/3394 3393/3331/3393
f 3363/3301/3363 3364/3302/3364 3395/3333/3395 3394/3332/3394
f 3364/3302/3364 3365/3303/3365 3396/3334/3396 3395/3333/3395
f 3365/3303/3365 3366/3304/3366 3397/3335/3397 3396/3334/3396
f 3366/3304/3366 3367/3305/3367 3398/3336/3398 3397/3335/3397
f 3367/3305/3367 3368/3306/3368 3399/3337/3399 3398/3336/3398
f 3368/3306/3368 3369/3307/3369 3400/3338/3400 3399/3337/3399
f 3369/3307/3369 3370/3308/3370 3401/3339/3401 3400/3338/3400
f 3370/3308/3370 3371/3309/3371 3402/3340/3402 3401/3339/3401
f 3371/3309/3371 3372/3310/3372 3403/3341/3403 3402/3340/3402
f 3372/3310/3372 3373/3311/3373 3404/3342/3404 3403/3341/3403
f 3373/3311/3373 3374/3312/3374 3405/3343/3405 3404/3342/3404
f 3374/3312/3374 3375/3313/3375 3406/3344/3406 3405/3343/3405
f 3375/3313/3375 3376/3314/3376 3407/3345/3407 3406/3344/3406
f 3376/3314/3376 3377/3315/3377 3408/3346/3408 3407/3345/3407
f 3377/3315/3377 3378/3316/3378 3409/3347/3409 3408/3346/3408
f 3378/3316/3378 3379/3317/3379 3410/3348/3410 3409/3347/3409
f 3379/3317/3379 3380/3318/3380 3411/3349/3411 3410/3348/3410
f 3380/3318/3380 3381/3319/3381 3412/3350/3412 3411/3349/3411
f 3381/3319/3381 3382/3320/3382 3413/3351/3413 3412/3350/3412
f 3382/3320/3382 3383/3321/3383 3414/3352/3414 3413/3351/3413
f 3383/3321/3383 3384/3322/3384 3415/3353/3415 3414/3352/3414
f 3384/3322/3384 3385/3323/3385 3416/3354/3416 3415/3353/3415
f 3385/3323/3385 3386/3324/3386 3417/3355/3417 3416/3354/3416
f 3386/3324/3386 3387/3325/3387 3418/3356/3418 3417/3355/3417
f 3388/3327/3388 3389/3326/3389 3420/3357/3420 3419/3358/3419
f 3389/3326/3389 3390/3328/3390 3421/3359/3421 3420/3357/3420
f 3390/3328/3390 3391/3329/3391 3422/3360/3422 3421/3359/3421
f 3391/3329/3391 3392/3330/3392 3423/3361/3423 3422/3360/3422
f 3392/3330/3392 3393/3331/3393 3424/3362/3424 3423/3361/3423
f 3393/3331/3393 3394/3332/3394 3425/3363/3425 3424/3362/3424
f 3394/3332/3394 3395/3333/3395 3426/3364/3426 3425/3363/3425
f 3395/3333/3395 3396/3334/3396 3427/3365/3427 3426/3364/3426
f 3396/3334/3396 3397/3335/3397 3428/3366/3428 3427/3365/3427
f 3397/3335/3397 3398/3336/3398 3429/3367/3429 3428/3366/3428
f 3398/3336/3398 3399/3337/3399 3430/3368/3430 3429/3367/3429
f 3399/3337/3399 3400/3338/3400 3431/3369/3431 3430/3368/3430
f 3400/3338/3400 3401/3339/3401 3432/3370/3432 3431/3369/3431
f 3401/3339/3401 3402/3340/3402 3433/3371/3433 3432/3370/3432
f 3402/3340/3402 3403/3341/3403 3434/3372/3434 3433/3371/3433
f 3403/3341/3403 3404/3342/3404 3435/3373/3435 3434/3372/3434
f 3404/3342/3404 3405/3343/3405 3436/3374/3436 3435/3373/3435
f 3405/3343/3405 3406/3344/3406 3437/3375/3437 3436/3374/3436
f 3406/3344/3406 3407/3345/3407 3438/3376/3438 3437/3375/3437
f 3407/3345/3407 3408/3346/3408 3439/3377/3439 3438/3376/3438
f 3408/3346/3408 3409/3347/3409 3440/3378/3440 3439/3377/3439
f 3409/3347/3409 3410/3348/3410 3441/3379/3441 3440/3378/3440
f 3410/3348/3410 3411/3349/3411 3442/3380/3442 3441/3379/3441
f 3411/3349/3411 3412/3350/3412 3443/3381/3443 3442/3380/3442
f 3412/3350/3412 3413/3351/3413 3444/3382/3444 3443/3381/3443
f 3413/3351/3413 3414/3352/3414 3445/3383/3445 3444/3382/3444
f 3414/3352/3414 3415/3353/3415 3446/3384/3446 3445/3383/3445
f 3415/3353/3415 3416/3354/3416 3447/3385/3447 3446/3384/3446
f 3416/3354/3416 3417/3355/3417 3448/3386/3448 3447/3385/3447
f 3417/3355/3417 3418/3356/3418 3449/3387/3449 3448/3386/3448
f 3419/3358/3419 3420/3357/3420 3451/3388/3451 3450/3389/3450
f 3420/3357/3420 3421/3359/3421 3452/3390/3452 3451/3388/3451
f 3421/3359/3421 3422/3360/3422 3453/3391/3453 3452/3390/3452
f 3422/3360/3422 3423/3361/3423 3454/3392/3454 3453/3391/3453
f 3423/3361/3423 3424/3362/3424 3455/3393/3455 3454/3392/3454
f 3424/3362/3424 3425/3363/3425 3456/3394/3456 3455/3393/3455
f 3425/3363/3425 3426/3364/3426 3457/3395/3457 3456/3394/3456
f 3426/3364/3426 3427/3365/3427 3458/3396/3458 3457/3395/3457
f 3427/3365/3427 3428/3366/3428 3459/3397/3459 3458/3396/3458
f 3428/3366/3428 3429/3367/3429 3460/3398/3460 3459/3397/3459
f 3429/3367/3429 3430/3368/3430 3461/3399/3461 3460/3398/3460
f 3430/3368/3430 3431/3369/3431 3462/3400/3462 3461/3399/3461
f 3431/3369/3431 3432/3370/3432 3463/3401/3463 3462/3400/3462
f 3432/3370/3432 3433/3371/3433 3464/3402/3464 3463/3401/3463
f 3433/3371/3433 3434/3372/3434 3465/3403/3465 3464/3402/3464
f 3434/3372/3434 3435/3373/3435 3466/3404/3466 3465/3403/3465
f 3435/3373/3435 3436/3374/3436 3467/3405/3467 3466/3404/3466
f 3436/3374/3436 3437/3375/3437 3468/3406/3468 3467/3405/3467
f 3437/3375/3437 3438/3376/3438 3469/3407/3469 3468/3406/3468
f 3438/3376/3438 3439/3377/3439 3470/3408/3470 3469/3407/3469
f 3439/3377/3439 3440/3378/3440 3471/3409/3471 3470/3408/3470
f 3440/3378/3440 3441/3379/3441 3472/3410/3472 3471/3409/3471
f 3441/3379/3441 3442/3380/3442 3473/3411/3473 3472/3410/3472
f 3442/3380/3442 3443/3381/3443 3474/3412/3474 3473/3411/3473
f 3443/3381/3443 3444/3382/3444 3475/3413/3475 3474/3412/3474
f 3444/3382/3444 3445/3383/3445 3476/3414/3476 3475/3413/3475
f 3445/3383/3445 3446/3384/3446 3477/3415/3477 3476/3414/3476
f 3446/3384/3446 3447/3385/3447 3478/3416/3478 3477/3415/3477
f 3447/3385/3447 3448/3386/3448 3479/3417/3479 3478/3416/3478
f 3448/3386/3448 3449/3387/3449 3480/3418/3480 3479/3417/3479
f 3450/3389/3450 3451/3388/3451 3482/3419/3482 3481/3420/3481
f 3451/3388/3451 3452/3390/3452 3483/3421/3483 3482/3419/3482
f 3452/3390/3452 3453/3391/3453 3484/3422/3484 3483/3421/3483
f 3453/3391/3453 3454/3392/3454 3485/3423/3485 3484/3422/3484
f 3454/3392/3454 3455/3393/3455 3486/3424/3486 3485/3423/3485
f 3455/3393/3455 3456/3394/3456 3487/3425/3487 3486/3424/3486
f 3456/3394/3456 3457/3395/3457 3488/3426/3488 3487/3425/3487
f 3457/3395/3457 3458/3396/3458 3489/3427/3489 3488/3426/3488
f 3458/3396/3458 3459/3397/3459 3490/3428/3490 3489/3427/3489
f 3459/3397/3459 3460/3398/3460 3491/3429/3491 3490/3428/3490
f 3460/3398/3460 3461/3399/3461 3492/3430/3492 3491/3429/3491
f 3461/3399/3461 3462/3400/3462 3493/3431/3493 3492/3430/3492
f 3462/3400/3462 3463/3401/3463 3494/3432/3494 3493/3431/3493
f 3463/3401/3463 3464/3402/3464 3495/3433/3495 3494/3432/3494
f 3464/3402/3464 3465/3403/3465 3496/3434/3496 3495/3433/3495
f 3465/3403/3465 3466/3404/3466 3497/3435/3497 3496/3434/3496
f 3466/3404/3466 3467/3405/3467 3498/3436/3498 3497/3435/3497
f 3467/3405/3467 3468/3406/3468 3499/3437/3499 3498/3436/3498
f 3468/3406/3468 3469/3407/3469 3500/3438/3500 3499/3437/3499
f 3469/3407/3469 3470/3408/3470 3501/3439/3501 3500/3438/3500
f 3470/3408/3470 3471/3409/3471 3502/3440/3502 3501/3439/3501
f 3471/3409/3471 3472/3410/3472 3503/3441/3503 3502/3440/3502
f 3472/3410/3472 3473/3411/3473 3504/3442/3504 3503/3441/3503
f 3473/3411/3473 3474/3412/3474 3505/3443/3505 3504/3442/3504
f 3474/3412/3474 3475/3413/3475 3506/3444/3506 3505/3443/3505
f 3475/3413/3475 3476/3414/3476 3507/3445/3507 3506/3444/3506
f 3476/3414/3476 3477/3415/3477 3508/3446/3508 3507/3445/3507
f 3477/3415/3477 3478/3416/3478 3509/3447/3509 3508/3446/3508
f 3478/3416/3478 3479/3417/3479 3510/3448/3510 3509/3447/3509
f 3479/3417/3479 3480/3418/3480 3511/3449/3511 3510/3448/3510
f 3481/3420/3481 3482/3419/3482 3513/3450/3513 3512/3451/3512
f 3482/3419/3482 3483/3421/3483 3514/3452/3514 3513/3450/3513
f 3483/3421/3483 3484/3422/3484 3515/3453/3515 3514/3452/3514
f 3484/3422/3484 3485/3423/3485 3516/3454/3516 3515/3453/3515
f 3485/3423/3485 3486/3424/3486 3517/3455/3517 3516/3454/3516
f 3486/3424/3486 3487/3425/3487 3518/3456/3518 3517/3455/3517
f 3487/3425/3487 3488/3426/3488 3519/3457/3519 3518/3456/3518
f 3488/3426/3488 3489/3427/3489 3520/3458/3520 3519/3457/3519
f 3489/3427/3489 3490/3428/3490 3521/3459/3521 3520/3458/3520
f 3490/3428/3490 3491/3429/3491 3522/3460/3522 3521/3459/3521
f 3491/3429/3491 3492/3430/3492 3523/3461/3523 3522/3460/3522
f 3492/3430/3492 3493/3431/3493 3524/3462/3524 3523/3461/3523
f 3493/3431/3493 3494/3432/3494 3525/3463/3525 3524/3462/3524
f 3494/3432/3494 3495/3433/3495 3526/3464/3526 3525/3463/3525
f 3495/3433/3495 3496/3434/3496 3527/3465/3527 3526/3464/3526
f 3496/3434/3496 3497/3435/3497 3528/3466/3528 3527/3465/3527
f 3497/3435/3497 3498/3436/3498 3529/3467/3529 3528/3466/3528
f 3498/3436/3498 3499/3437/3499 3530/3468/3530 3529/3467/3529
f 3499/3437/3499 3500/3438/3500 3531/3469/3531 3530/3468/3530
f 3500/3438/3500 3501/3439/3501 3532/3470/3532 3531/3469/3531
f 3501/3439/3501 3502/3440/3502 3533/3471/3533 3532/3470/3532
f 3502/3440/3502 3503/3441/3503 3534/3472/3534 3533/3471/3533
f 3503/3441/3503 3504/3442/3504 3535/3473/3535 3534/3472/3534
f 3504/3442/3504 3505/3443/3505 3536/3474/3536 3535/3473/3535
f 3505/3443/3505 3506/3444/3506 3537/3475/3537 3536/3474/3536
f 3506/3444/3506 3507/3445/3507 3538/3476/3538 3537/3475/3537
f 3507/3445/3507 3508/3446/3508 3539/3477/3539 3538/3476/3538
f 3508/3446/3508 3509/3447/3509 3540/3478/3540 3539/3477/3539
f 3509/3447/3509 3510/3448/3510 3541/3479/3541 3540/3478/3540
f 3510/3448/3510 3511/3449/3511 3542/3480/3542 3541/3479/3541
f 3512/3451/3512 3513/3450/3513 3544/3481/3544 3543/3482/3543
f 3513/3450/3513 3514/3452/3514 3545/3483/3545 3544/3481/3544
f 3514/3452/3514 3515/3453/3515 3546/3484/3546 3545/3483/3545
f 3515/3453/3515 3516/3454/3516 3547/3485/3547 3546/3484/3546
f 3516/3454/3516 3517/3455/3517 3548/3486/3548 3547/3485/3547
f 3517/3455/3517 3518/3456/3518 3549/3487/3549 3548/3486/3548
f 3518/3456/3518 3519/3457/3519 3550/3488/3550 3549/3487/3549
f 3519/3457/3519 3520/3458/3520 3551/3489/3551 3550/3488/3550
f 3520/3458/3520 3521/3459/3521 3552/3490/3552 3551/3489/3551
f 3521/3459/3521 3522/3460/3522 3553/3491/3553 3552/3490/3552
f 3522/3460/3522 3523/3461/3523 3554/3492/3554 3553/3491/3553
f 3523/3461/3523 3524/3462/3524 3555/3493/3555 3554/3492/3554
f 3524/3462/3524 3525/3463/3525 3556/3494/3556 3555/3493/3555
f 3525/3463/3525 3526/3464/3526 3557/3495/3557 3556/3494/3556
f 3526/3464/3526 3527/3465/3527 3558/3496/3558 3557/3495/3557
f 3527/3465/3527 3528/3466/3528 3559/3497/3559 3558/3496/3558
f 3528/3466/3528 3529/3467/3529 3560/3498/3560 3559/3497/3559
f 3529/3467/3529 3530/3468/3530 3561/3499/3561 3560/3498/3560
f 3530/3468/3530 3531/3469/3531 3562/3500/3562 3561/3499/3561
f 3531/3469/3531 3532/3470/3532 3563/3501/3563 3562/3500/3562
f 3532/3470/3532 3533/3471/3533 3564/3502/3564 3563/3501/3563
f 3533/3471/3533 3534/3472/3534 3565/3503/3565 3564/3502/3564
f 3534/3472/3534 3535/3473/3535 3566/3504/3566 3565/3503/3565
f 3535/3473/3535 3536/3474/3536 3567/3505/3567 3566/3504/3566
f 3536/3474/3536 3537/3475/3537 3568/3506/3568 3567/3505/3567
f 3537/3475/3537 3538/3476/3538 3569/3507/3569 3568/3506/3568
f 3538/3476/3538 3539/3477/3539 3570/3508/3570 3569/3507/3569
f 3539/3477/3539 3540/3478/3540 3571/3509/3571 3570/3508/3570
f 3540/3478/3540 3541/3479/3541 3572/3510/3572 3571/3509/3571
f 3541/3479/3541 3542/3480/3542 3573/3511/3573 3572/3510/3572
f 3543/3482/3543 3544/3481/3544 3575/3512/3575 3574/3513/3574
f 3544/3481/3544 3545/3483/3545 3576/3514/3576 3575/3512/3575
f 3545/3483/3545 3546/3484/3546 3577/3515/3577 3576/3514/3576
f 3546/3484/3546 3547/3485/3547 3578/3516/3578 3577/3515/3577
f 3547/3485/3547 3548/3486/3548 3579/3517/3579 3578/3516/3578
f 3548/3486/3548 3549/3487/3549 3580/3518/3580 3579/3517/3579
f 3549/3487/3549 3550/3488/3550 3581/3519/3581 3580/3518/3580
f 3550/3488/3550 3551/3489/3551 3582/3520/3582 3581/3519/3581
f 3551/3489/3551 3552/3490/3552 3583/3521/3583 3582/3520/3582
f 3552/3490/3552 3553/3491/3553 3584/3522/3584 3583/3521/3583
f 3553/3491/3553 3554/3492/3554 3585/3523/3585 3584/3522/3584
f 3554/3492/3554 3555/3493/3555 3586/3524/3586 3585/3523/3585
f 3555/3493/3555 3556/3494/3556 3587/3525/3587 3586/3524/3586
f 3556/3494/3556 3557/3495/3557 3588/3526/3588 3587/3525/3587
f 3557/3495/3557 3558/3496/3558 3589/3527/3589 3588/3526/3588
f 3558/3496/3558 3559/3497/3559 3590/3528/3590 3589/3527/3589
f 3559/3497/3559 3560/3498/3560 3591/3529/3591 3590/3528/3590
f 3560/3498/3560 3561/3499/3561 3592/3530/3592 3591/3529/3591
f 3561/3499/3561 3562/3500/3562 3593/3531/3593 3592/3530/3592
f 3562/3500/3562 3563/3501/3563 3594/3532/3594 3593/3531/3593
f 3563/3501/3563 3564/3502/3564 3595/3533/3595 3594/3532/3594
f 3564/3502/3564 3565/3503/3565 3596/3534/3596 3595/3533/3595
f 3565/3503/3565 3566/3504/3566 3597/3535/3597 3596/3534/3596
f 3566/3504/3566 3567/3505/3567 3598/3536/3598 3597/3535/3597
f 3567/3505/3567 3568/3506/3568 3599/3537/3599 3598/3536/3598
f 3568/3506/3568 3569/3507/3569 3600/3538/3600 3599/3537/3599
f 3569/3507/3569 3570/3508/3570 3601/3539/3601 3600/3538/3600
f 3570/3508/3570 3571/3509/3571 3602/3540/3602 3601/3539/3601
f 3571/3509/3571 3572/3510/3572 3603/3541/3603 3602/3540/3602
f 3572/3510/3572 3573/3511/3573 3604/3542/3604 3603/3541/3603
f 3574/3513/3574 3575/3512/3575 3606/3543/3606 3605/3544/3605
f 3575/3512/3575 3576/3514/3576 3607/3545/3607 3606/3543/3606
f 3576/3514/3576 3577/3515/3577 3608/3546/3608 3607/3545/3607
f 3577/3515/3577 3578/3516/3578 3609/3547/3609 3608/3546/3608
f 3578/3516/3578 3579/3517/3579 3610/3548/3610 3609/3547/3609
f 3579/3517/3579 3580/3518/3580 3611/3549/3611 3610/3548/3610
f 3580/3518/3580 3581/3519/3581 3612/3550/3612 3611/3549/3611
f 3581/3519/3581 3582/3520/3582 3613/3551/3613 3612/3550/3612
f 3582/3520/3582 3583/3521/3583 3614/3552/3614 3613/3551/3613
f 3583/3521/3583 3584/3522/3584 3615/3553/3615 3614/3552/3614
f 3584/3522/3584 3585/3523/3585 3616/3554/3616 3615/3553/3615
f 3585/3523/3585 3586/3524/3586 3617/3555/3617 3616/3554/3616
f 3586/3524/3586 3587/3525/3587 3618/3556/3618 3617/3555/3617
f 3587/3525/3587 3588/3526/3588 3619/3557/3619 3618/3556/3618
f 3588/3526/3588 3589/3527/3589 3620/3558/3620 3619/3557/3619
f 3589/3527/3589 3590/3528/3590 3621/3559/3621 3620/3558/3620
f 3590/3528/3590 3591/3529/3591 3622/3560/3622 3621/3559/3621
f 3591/3529/3591 3592/3530/3592 3623/3561/3623 3622/3560/3622
f 3592/3530/3592 3593/3531/3593 3624/3562/3624 3623/3561/3623
f 3593/3531/3593 3594/3532/3594 3625/3563/3625 3624/3562/3624
f 3594/3532/3594 3595/3533/3595 3626/3564/3626 3625/3563/3625
f 3595/3533/3595 3596/3534/3596 3627/3565/3627 3626/3564/3626
f 3596/3534/3596 3597/3535/3597 3628/3566/3628 3627/3565/3627
f 3597/3535/3597 3598/3536/3598 3629/3567/3629 3628/3566/3628
f 3598/3536/3598 3599/3537/3599 3630/3568/3630 3629/3567/3629
f 3599/3537/3599 3600/3538/3600 3631/3569/3631 3630/3568/3630
f 3600/3538/3600 3601/3539/3601 3632/3570/3632 3631/3569/3631
f 3601/3539/3601 3602/3540/3602 3633/3571/3633 3632/3570/3632
f 3602/3540/3602 3603/3541/3603 3634/3572/3634 3633/3571/3633
f 3603/3541/3603 3604/3542/3604 3635/3573/3635 3634/3572/3634
f 3605/3544/3605 3606/3543/3606 3637/3574/3637 3636/3575/3636
f 3606/3543/3606 3607/3545/3607 3638/3576/3638 3637/3574/3637
f 3607/3545/3607 3608/3546/3608 3639/3577/3639 3638/3576/3638
f 3608/3546/3608 3609/3547/3609 3640/3578/3640 3639/3577/3639
f 3609/3547/3609 3610/3548/3610 3641/3579/3641 3640/3578/3640
f 3610/3548/3610 3611/3549/3611 3642/3580/3642 3641/3579/3641
f 3611/3549/3611 3612/3550/3612 3643/3581/3643 3642/3580/3642
f 3612/3550/3612 3613/3551/3613 3644/3582/3644 3643/3581/3643
f 3613/3551/3613 3614/3552/3614 3645/3583/3645 3644/3582/3644
f 3614/3552/3614 3615/3553/3615 3646/3584/3646 3645/3583/3645
f 3615/3553/3615 3616/3554/3616 3647/3585/3647 3646/3584/3646
f 3616/3554/3616 3617/3555/3617 3648/3586/3648 3647/3585/3647
f 3617/3555/3617 3618/3556/3618 3649/3587/3649 3648/3586/3648
f 3618/3556/3618 3619/3557/3619 3650/3588/3650 3649/3587/3649
f 3619/3557/3619 3620/3558/3620 3651/3589/3651 3650/3588/3650
f 3620/3558/3620 3621/3559/3621 3652/3590/3652 3651/3589/3651
f 3621/3559/3621 3622/3560/3622 3653/3591/3653 3652/3590/3652
f 3622/3560/3622 3623/3561/3623 3654/3592/3654 3653/3591/3653
f 3623/3561/3623 3624/3562/3624 3655/3593/3655 3654/3592/3654
f 3624/3562/3624 3625/3563/3625 3656/3594/3656 3655/3593/3655
f 3625/3563/3625 3626/3564/3626 3657/3595/3657 3656/3594/3656
f 3626/3564/3626 3627/3565/3627 3658/3596/3658 3657/3595/3657
f 3627/3565/3627 3628/3566/3628 3659/3597/3659 3658/3596/3658
f 3628/3566/3628 3629/3567/3629 3660/3598/3660 3659/3597/3659
f 3629/3567/3629 3630/3568/3630 3661/3599/3661 3660/3598/3660
f 3630/3568/3630 3631/3569/3631 3662/3600/3662 3661/3599/3661
f 3631/3569/3631 3632/3570/3632 3663/3601/3663 3662/3600/3662
f 3632/3570/3632 3633/3571/3633 3664/3602/3664 3663/3601/3663
f 3633/3571/3633 3634/3572/3634 3665/3603/3665 3664/3602/3664
f 3634/3572/3634 3635/3573/3635 3666/3604/3666 3665/3603/3665
f 3636/3575/3636 3637/3574/3637 3668/3605/3668 3667/3606/3667
f 3637/3574/3637 3638/3576/3638 3669/3607/3669 3668/3605/3668
f 3638/3576/3638 3639/3577/3639 3670/3608/3670 3669/3607/3669
f 3639/3577/3639 3640/3578/3640 3671/3609/3671 3670/3608/3670
f 3640/3578/3640 3641/3579/3641 3672/3610/3672 3671/3609/3671
f 3641/3579/3641 3642/3580/3642 3673/3611/3673 3672/3610/3672
f 3642/3580/3642 3643/3581/3643 3674/3612/3674 3673/3611/3673
f 3643/3581/3643 3644/3582/3644 3675/3613/3675 3674/3612/3674
f 3644/3582/3644 3645/3583/3645 3676/3614/3676 3675/3613/3675
f 3645/3583/3645 3646/3584/3646 3677/3615/3677 3676/3614/3676
f 3646/3584/3646 3647/3585/3647 3678/3616/3678 3677/3615/3677
f 3647/3585/3647 3648/3586/3648 3679/3617/3679 3678/3616/3678
f 3648/3586/3648 3649/3587/3649 3680/3618/3680 3679/3617/3679
f 3649/3587/3649 3650/3588/3650 3681/3619/3681 3680/3618/3680
f 3650/3588/3650 3651/3589/3651 3682/3620/3682 3681/3619/3681
f 3651/3589/3651 3652/3590/3652 3683/3621/3683 3682/3620/3682
f 3652/3590/3652 3653/3591/3653 3684/3622/3684 3683/3621/3683
f 3653/3591/3653 3654/3592/3654 3685/3623/3685 3684/3622/3684
f 3654/3592/3654 3655/3593/3655 3686/3624/3686 3685/3623/3685
f 3655/3593/3655 3656/3594/3656 3687/3625/3687 3686/3624/3686
f 3656/3594/3656 3657/3595/3657 3688/3626/3688 3687/3625/3687
f 3657/3595/3657 3658/3596/3658 3689/3627/3689 3688/3626/3688
f 3658/3596/3658 3659/3597/3659 3690/3628/3690 3689/3627/3689
f 3659/3597/3659 3660/3598/3660 3691/3629/3691 3690/3628/3690
f 3660/3598/3660 3661/3599/3661 3692/3630/3692 3691/3629/3691
f 3661/3599/3661 3662/3600/3662 3693/3631/3693 3692/3630/3692
f 3662/3600/3662 3663/3601/3663 3694/3632/3694 3693/3631/3693
f 3663/3601/3663 3664/3602/3664 3695/3633/3695 3694/3632/3694
f 3664/3602/3664 3665/3603/3665 3696/3634/3696 3695/3633/3695
f 3665/3603/3665 3666/3604/3666 3697/3635/3697 3696/3634/3696
f 3667/3606/3667 3668/3605/3668 3699/3636/3699 3698/3637/3698
f 3668/3605/3668 3669/3607/3669 3700/3638/3700 3699/3636/3699
f 3669/3607/3669 3670/3608/3670 3701/3639/3701 3700/3638/3700
f 3670/3608/3670 3671/3609/3671 3702/3640/3702 3701/3639/3701
f 3671/3609/3671 3672/3610/3672 3703/3641/3703 3702/3640/3702
f 3672/3610/3672 3673/3611/3673 3704/3642/3704 3703/3641/3703
f 3673/3611/3673 3674/3612/3674 3705/3643/3705 3704/3642/3704
f 3674/3612/3674 3675/3613/3675 3706/3644/3706 3705/3643/3705
f 3675/3613/3675 3676/3614/3676 3707/3645/3707 3706/3644/3706
f 3676/3614/3676 3677/3615/3677 3708/3646/3708 3707/3645/3707
f 3677/3615/3677 3678/3616/3678 3709/3647/3709 3708/3646/3708
f 3678/3616/3678 3679/3617/3679 3710/3648/3710 3709/3647/3709
f 3679/3617/3679 3680/3618/3680 3711/3649/3711 3710/3648/3710
f 3680/3618/3680 3681/3619/3681 3712/3650/3712 3711/3649/3711
f 3681/3619/3681 3682/3620/3682 3713/3651/3713 3712/3650/3712
f 3682/3620/3682 3683/3621/3683 3714/3652/3714 3713/3651/3713
f 3683/3621/3683 3684/3622/3684 3715/3653/3715 3714/3652/3714
f 3684/3622/3684 3685/3623/3685 3716/3654/3716 3715/3653/3715
f 3685/3623/3685 3686/3624/3686 3717/3655/3717 3716/3654/3716
f 3686/3624/3686 3687/3625/3687 3718/3656/3718 3717/3655/3717
f 3687/3625/3687 3688/3626/3688 3719/3657/3719 3718/3656/3718
f 3688/3626/3688 3689/3627/3689 3720/3658/3720 3719/3657/3719
f 3689/3627/3689 3690/3628/3690 3721/3659/3721 3720/3658/3720
f 3690/3628/3690 3691/3629/3691 3722/3660/3722 3721/3659/3721
f 3691/3629/3691 3692/3630/3692 3723/3661/3723 3722/3660/3722
f 3692/3630/3692 3693/3631/3693 3724/3662/3724 3723/3661/3723
f 3693/3631/3693 3694/3632/3694 3725/3663/3725 3724/3662/3724
f 3694/3632/3694 3695/3633/3695 3726/3664/3726 3725/3663/3725
f 3695/3633/3695 3696/3634/3696 3727/3665/3727 3726/3664/3726
f 3696/3634/3696 3697/3635/3697 3728/3666/3728 3727/3665/3727
f 3698/3637/3698 3699/3636/3699 3730/3667/3730 3729/3668/3729
f 3699/3636/3699 3700/3638/3700 3731/3669/3731 3730/3667/3730
f 3700/3638/3700 3701/3639/3701 3732/3670/3732 3731/3669/3731
f 3701/3639/3701 3702/3640/3702 3733/3671/3733 3732/3670/3732
f 3702/3640/3702 3703/3641/3703 3734/3672/3734 3733/3671/3733
f 3703/3641/3703 3704/3642/3704 3735/3673/3735 3734/3672/3734
f 3704/3642/3704 3705/3643/3705 3736/3674/3736 3735/3673/3735
f 3705/3643/3705 3706/3644/3706 3737/3675/3737 3736/3674/3736
f 3706/3644/3706 3707/3645/3707 3738/3676/3738 3737/3675/3737
f 3707/3645/3707 3708/3646/3708 3739/3677/3739 3738/3676/3738
f 3708/3646/3708 3709/3647/3709 3740/3678/3740 3739/3677/3739
f 3709/3647/3709 3710/3648/3710 3741/3679/3741 3740/3678/3740
f 3710/3648/3710 3711/3649/3711 3742/3680/3742 3741/3679/3741
f 3711/3649/3711 3712/3650/3712 3743/3681/3743 3742/3680/3742
f 3712/3650/3712 3713/3651/3713 3744/3682/3744 3743/3681/3743
f 3713/3651/3713 3714/3652/3714 3745/3683/3745 3744/3682/3744
f 3714/3652/3714 3715/3653/3715 3746/3684/3746 3745/3683/3745
f 3715/3653/3715 3716/3654/3716 3747/3685/3747 3746/3684/3746
f 3716/3654/3716 3717/3655/3717 3748/3686/3748 3747/3685/3747
f 3717/3655/3717 3718/3656/3718 3749/3687/3749 3748/3686/3748
f 3718/3656/3718 3719/3657/3719 3750/3688/3750 3749/3687/3749
f 3719/3657/3719 3720/3658/3720 3751/3689/3751 3750/3688/3750
f 3720/3658/3720 3721/3659/3721 3752/3690/3752 3751/3689/3751
f 3721/3659/3721 3722/3660/3722 3753/3691/3753 3752/3690/3752
f 3722/3660/3722 3723/3661/3723 3754/3692/3754 3753/3691/3753
f 3723/3661/3723 3724/3662/3724 3755/3693/3755 3754/3692/3754
f 3724/3662/3724 3725/3663/3725 3756/3694/3756 3755/3693/3755
f 3725/3663/3725 3726/3664/3726 3757/3695/3757 3756/3694/3756
f 3726/3664/3726 3727/3665/3727 3758/3696/3758 3757/3695/3757
f 3727/3665/3727 3728/3666/3728 3759/3697/3759 3758/3696/3758
f 3729/3668/3729 3730/3667/3730 3761/3698/3761 3760/3699/3760
f 3730/3667/3730 3731/3669/3731 3762/3700/3762 3761/3698/3761
f 3731/3669/3731 3732/3670/3732 3763/3701/3763 3762/3700/3762
f 3732/3670/3732 3733/3671/3733 3764/3702/3764 3763/3701/3763
f 3733/3671/3733 3734/3672/3734 3765/3703/3765 3764/3702/3764
f 3734/3672/3734 3735/3673/3735 3766/3704/3766 3765/3703/3765
f 3735/3673/3735 3736/3674/3736 3767/3705/3767 3766/3704/3766
f 3736/3674/3736 3737/3675/3737 3768/3706/3768 3767/3705/3767
f 3737/3675/3737 3738/3676/3738 3769/3707/3769 3768/3706/3768
f 3738/3676/3738 3739/3677/3739 3770/3708/3770 3769/3707/3769
f 3739/3677/3739 3740/3678/3740 3771/3709/3771 3770/3708/3770
f 3740/3678/3740 3741/3679/3741 3772/3710/3772 3771/3709/3771
f 3741/3679/3741 3742/3680/3742 3773/3711/3773 3772/3710/3772
f 3742/3680/3742 3743/3681/3743 3774/3712/3774 3773/3711/3773
f 3743/3681/3743 3744/3682/3744 3775/3713/3775 3774/3712/3774
f 3744/3682/3744 3745/3683/3745 3776/3714/3776 3775/3713/3775
f 3745/3683/3745 3746/3684/3746 3777/3715/3777 3776/3714/3776
f 3746/3684/3746 3747/3685/3747 3778/3716/3778 3777/3715/3777
f 3747/3685/3747 3748/3686/3748 3779/3717/3779 3778/3716/3778
f 3748/3686/3748 3749/3687/3749 3780/3718/3780 3779/3717/3779
f 3749/3687/3749 3750/3688/3750 3781/3719/3781 3780/3718/3780
f 3750/3688/3750 3751/3689/3751 3782/3720/3782 3781/3719/3781
f 3751/3689/3751 3752/3690/3752 3783/3721/3783 3782/3720/3782
f 3752/3690/3752 3753/3691/3753 3784/3722/3784 3783/3721/3783
f 3753/3691/3753 3754/3692/3754 3785/3723/3785 3784/3722/3784
f 3754/3692/3754 3755/3693/3755 3786/3724/3786 3785/3723/3785
f 3755/3693/3755 3756/3694/3756 3787/3725/3787 3786/3724/3786
f 3756/3694/3756 3757/3695/3757 3788/3726/3788 3787/3725/3787
f 3757/3695/3757 3758/3696/3758 3789/3727/3789 3788/3726/3788
f 3758/3696/3758 3759/3697/3759 3790/3728/3790 3789/3727/3789
f 3760/3699/3760 3761/3698/3761 3792/3729/3792 3791/3730/3791
f 3761/3698/3761 3762/3700/3762 3793/3731/3793 3792/3729/3792
f 3762/3700/3762 3763/3701/3763 3794/3732/3794 3793/3731/3793
f 3763/3701/3763 3764/3702/3764 3795/3733/3795 3794/3732/3794
f 3764/3702/3764 3765/3703/3765 3796/3734/3796 3795/3733/3795
f 3765/3703/3765 3766/3704/3766 3797/3735/3797 3796/3734/3796
f 3766/3704/3766 3767/3705/3767 3798/3736/3798 3797/3735/3797
f 3767/3705/3767 3768/3706/3768 3799/3737/3799 3798/3736/3798
f 3768/3706/3768 3769/3707/3769 3800/3738/3800 3799/3737/3799
f 3769/3707/3769 3770/3708/3770 3801/3739/3801 3800/3738/3800
f 3770/3708/3770 3771/3709/3771 3802/3740/3802 3801/3739/3801
f 3771/3709/3771 3772/3710/3772 3803/3741/3803 3802/3740/3802
f 3772/3710/3772 3773/3711/3773 3804/3742/3804 3803/3741/3803
f 3773/3711/3773 3774/3712/3774 3805/3743/3805 3804/3742/3804
f 3774/3712/3774 3775/3713/3775 3806/3744/3806 3805/3743/3805
f 3775/3713/3775 3776/3714/3776 3807/3745/3807 3806/3744/3806
f 3776/3714/3776 3777/3715/3777 3808/3746/3808 3807/3745/3807
f 3777/3715/3777 3778/3716/3778 3809/3747/3809 3808/3746/3808
f 3778/3716/3778 3779/3717/3779 3810/3748/3810 3809/3747/3809
f 3779/3717/3779 3780/3718/3780 3811/3749/3811 3810/3748/3810
f 3780/3718/3780 3781/3719/3781 3812/3750/3812 3811/3749/3811
f 3781/3719/3781 3782/3720/3782 3813/3751/3813 3812/3750/3812
f 3782/3720/3782 3783/3721/3783 3814/3752/3814 3813/3751/3813
f 3783/3721/3783 3784/3722/3784 3815/3753/3815 3814/3752/3814
f 3784/3722/3784 3785/3723/3785 3816/3754/3816 3815/3753/3815
f 3785/3723/3785 3786/3724/3786 3817/3755/3817 3816/3754/3816
f 3786/3724/3786 3787/3725/3787 3818/3756/3818 3817/3755/3817
f 3787/3725/3787 3788/3726/3788 3819/3757/3819 3818/3756/3818
f 3788/3726/3788 3789/3727/3789 3820/3758/3820 3819/3757/3819
f 3789/3727/3789 3790/3728/3790 3821/3759/3821 3820/3758/3820
f 3791/3730/3791 3792/3729/3792 3823/3760/3823 3822/3761/3822
f 3792/3729/3792 3793/3731/3793 3824/3762/3824 3823/3760/3823
f 3793/3731/3793 3794/3732/3794 3825/3763/3825 3824/3762/3824
f 3794/3732/3794 3795/3733/3795 3826/3764/3826 3825/3763/3825
f 3795/3733/3795 3796/3734/3796 3827/3765/3827 3826/3764/3826
f 3796/3734/3796 3797/3735/3797 3828/3766/3828 3827/3765/3827
f 3797/3735/3797 3798/3736/3798 3829/3767/3829 3828/3766/3828
f 3798/3736/3798 3799/3737/3799 3830/3768/3830 3829/3767/3829
f 3799/3737/3799 3800/3738/3800 3831/3769/3831 3830/3768/3830
f 3800/3738/3800 3801/3739/3801 3832/3770/3832 3831/3769/3831
f 3801/3739/3801 3802/3740/3802 3833/3771/3833 3832/3770/3832
f 3802/3740/3802 3803/3741/3803 3834/3772/3834 3833/3771/3833
f 3803/3741/3803 3804/3742/3804 3835/3773/3835 3834/3772/3834
f 3804/3742/3804 3805/3743/3805 3836/3774/3836 3835/3773/3835
f 3805/3743/3805 3806/3744/3806 3837/3775/3837 3836/3774/3836
f 3806/3744/3806 3807/3745/3807 3838/3776/3838 3837/3775/3837
f 3807/3745/3807 3808/3746/3808 3839/3777/3839 3838/3776/3838
f 3808/3746/3808 3809/3747/3809 3840/3778/3840 3839/3777/3839
f 3809/3747/3809 3810/3748/3810 3841/3779/3841 3840/3778/3840
f 3810/3748/3810 3811/3749/3811 3842/3780/3842 3841/3779/3841
f 3811/3749/3811 3812/3750/3812 3843/3781/3843 3842/3780/3842
f 3812/3750/3812 3813/3751/3813 3844/3782/3844 3843/3781/3843
f 3813/3751/3813 3814/3752/3814 3845/3783/3845 3844/3782/3844
f 3814/3752/3814 3815/3753/3815 3846/3784/3846 3845/3783/3845
f 3815/3753/3815 3816/3754/3816 3847/3785/3847 3846/3784/3846
f 3816/3754/3816 3817/3755/3817 3848/3786/3848 3847/3785/3847
f 3817/3755/3817 3818/3756/3818 3849/3787/3849 3848/3786/3848
f 3818/3756/3818 3819/3757/3819 3850/3788/3850 3849/3787/3849
f 3819/3757/3819 3820/3758/3820 3851/3789/3851 3850/3788/3850
f 3820/3758/3820 3821/3759/3821 3852/3790/3852 3851/3789/3851
f 3822/3761/3822 3823/3760/3823 3854/3791/3854 3853/3792/3853
f 3823/3760/3823 3824/3762/3824 3855/3793/3855 3854/3791/3854
f 3824/3762/3824 3825/3763/3825 3856/3794/3856 3855/3793/3855
f 3825/3763/3825 3826/3764/3826 3857/3795/3857 3856/3794/3856
f 3826/3764/3826 3827/3765/3827 3858/3796/3858 3857/3795/3857
f 3827/3765/3827 3828/3766/3828 3859/3797/3859 3858/3796/3858
f 3828/3766/3828 3829/3767/3829 3860/3798/3860 3859/3797/3859
f 3829/3767/3829 3830/3768/3830 3861/3799/3861 3860/3798/3860
f 3830/3768/3830 3831/3769/3831 3862/3800/3862 3861/3799/3861
f 3831/3769/3831 3832/3770/3832 3863/3801/3863 3862/3800/3862
f 3832/3770/3832 3833/3771/3833 3864/3802/3864 3863/3801/3863
f 3833/3771/3833 3834/3772/3834 3865/3803/3865 3864/3802/3864
f 3834/3772/3834 3835/3773/3835 3866/3804/3866 3865/3803/3865
f 3835/3773/3835 3836/3774/3836 3867/3805/3867 3866/3804/3866
f 3836/3774/3836 3837/3775/3837 3868/3806/3868 3867/3805/3867
f 3837/3775/3837 3838/3776/3838 3869/3807/3869 3868/3806/3868
f 3838/3776/3838 3839/3777/3839 3870/3808/3870 3869/3807/3869
f 3839/3777/3839 3840/3778/3840 3871/3809/3871 3870/3808/3870
f 3840/3778/3840 3841/3779/3841 3872/3810/3872 3871/3809/3871
f 3841/3779/3841 3842/3780/3842 3873/3811/3873 3872/3810/3872
f 3842/3780/3842 3843/3781/3843 3874/3812/3874 3873/3811/3873
f 3843/3781/3843 3844/3782/3844 3875/3813/3875 3874/3812/3874
f 3844/3782/3844 3845/3783/3845 3876/3814/3876 3875/3813/3875
f 3845/3783/3845 3846/3784/3846 3877/3815/3877 3876/3814/3876
f 3846/3784/3846 3847/3785/3847 3878/3816/3878 3877/3815/3877
f 3847/3785/3847 3848/3786/3848 3879/3817/3879 3878/3816/3878
f 3848/3786/3848 3849/3787/3849 3880/3818/3880 3879/3817/3879
f 3849/3787/3849 3850/3788/3850 3881/3819/3881 3880/3818/3880
f 3850/3788/3850 3851/3789/3851 3882/3820/3882 3881/3819/3881
f 3851/3789/3851 3852/3790/3852 3883/3821/3883 3882/3820/3882
f 3853/3792/3853 3854/3791/3854 3885/3822/3885 3884/3823/3884
f 3854/3791/3854 3855/3793/3855 3886/3824/3886 3885/3822/3885
f 3855/3793/3855 3856/3794/3856 3887/3825/3887 3886/3824/3886
f 3856/3794/3856 3857/3795/3857 3888/3826/3888 3887/3825/3887
f 3857/3795/3857 3858/3796/3858 3889/3827/3889 3888/3826/3888
f 3858/3796/3858 3859/3797/3859 3890/3828/3890 3889/3827/3889
f 3859/3797/3859 3860/3798/3860 3891/3829/3891 3890/3828/3890
f 3860/3798/3860 3861/3799/3861 3892/3830/3892 3891/3829/3891
f 3861/3799/3861 3862/3800/3862 3893/3831/3893 3892/3830/3892
f 3862/3800/3862 3863/3801/3863 3894/3832/3894 3893/3831/3893
f 3863/3801/3863 3864/3802/3864 3895/3833/3895 3894/3832/3894
f 3864/3802/3864 3865/3803/3865 3896/3834/3896 3895/3833/3895
f 3865/3803/3865 3866/3804/3866 3897/3835/3897 3896/3834/3896
f 3866/3804/3866 3867/3805/3867 3898/3836/3898 3897/3835/3897
f 3867/3805/3867 3868/3806/3868 3899/3837/3899 3898/3836/3898
f 3868/3806/3868 3869/3807/3869 3900/3838/3900 3899/3837/3899
f 3869/3807/3869 3870/3808/3870 3901/3839/3901 3900/3838/3900
f 3870/3808/3870 3871/3809/3871 3902/3840/3902 3901/3839/3901
f 3871/3809/3871 3872/3810/3872 3903/3841/3903 3902/3840/3902
f 3872/3810/3872 3873/3811/3873 3904/3842/3904 3903/3841/3903
f 3873/3811/3873 3874/3812/3874 3905/3843/3905 3904/3842/3904
f 3874/3812/3874 3875/3813/3875 3906/3844/3906 3905/3843/3905
f 3875/3813/3875 3876/3814/3876 3907/3845/3907 3906/3844/3906
f 3876/3814/3876 3877/3815/3877 3908/3846/3908 3907/3845/3907
f 3877/3815/3877 3878/3816/3878 3909/3847/3909 3908/3846/3908
f 3878/3816/3878 3879/3817/3879 3910/3848/3910 3909/3847/3909
f 3879/3817/3879 3880/3818/3880 3911/3849/3911 3910/3848/3910
f 3880/3818/3880 3881/3819/3881 3912/3850/3912 3911/3849/3911
f 3881/3819/3881 3882/3820/3882 3913/3851/3913 3912/3850/3912
f 3882/3820/3882 3883/3821/3883 3914/3852/3914 3913/3851/3913
f 3884/3823/3884 3885/3822/3885 3916/3853/3916 3915/3854/3915
f 3885/3822/3885 3886/3824/3886 3917/3855/3917 3916/3853/3916
f 3886/3824/3886 3887/3825/3887 3918/3856/3918 3917/3855/3917
f 3887/3825/3887 3888/3826/3888 3919/3857/3919 3918/3856/3918
f 3888/3826/3888 3889/3827/3889 3920/3858/3920 3919/3857/3919
f 3889/3827/3889 3890/3828/3890 3921/3859/3921 3920/3858/3920
f 3890/3828/3890 3891/3829/3891 3922/3860/3922 3921/3859/3921
f 3891/3829/3891 3892/3830/3892 3923/3861/3923 3922/3860/3922
f 3892/3830/3892 3893/3831/3893 3924/3862/3924 3923/3861/3923
f 3893/3831/3893 3894/3832/3894 3925/3863/3925 3924/3862/3924
f 3894/3832/3894 3895/3833/3895 3926/3864/3926 3925/3863/3925
f 3895/3833/3895 3896/3834/3896 3927/3865/3927 3926/3864/3926
f 3896/3834/3896 3897/3835/3897 3928/3866/3928 3927/3865/3927
f 3897/3835/3897 3898/3836/3898 3929/3867/3929 3928/3866/3928
f 3898/3836/3898 3899/3837/3899 3930/3868/3930 3929/3867/3929
f 3899/3837/3899 3900/3838/3900 3931/3869/3931 3930/3868/3930
f 3900/3838/3900 3901/3839/3901 3932/3870/3932 3931/3869/3931
f 3901/3839/3901 3902/3840/3902 3933/3871/3933 3932/3870/3932
f 3902/3840/3902 3903/3841/3903 3934/3872/3934 3933/3871/3933
f 3903/3841/3903 3904/3842/3904 3935/3873/3935 3934/3872/3934
f 3904/3842/3904 3905/3843/3905 3936/3874/3936 3935/3873/3935
f 3905/3843/3905 3906/3844/3906 3937/3875/3937 3936/3874/3936
f 3906/3844/3906 3907/3845/3907 3938/3876/3938 3937/3875/3937
f 3907/3845/3907 3908/3846/3908 3939/3877/3939 3938/3876/3938
f 3908/3846/3908 3909/3847/3909 3940/3878/3940 3939/3877/3939
f 3909/3847/3909 3910/3848/3910 3941/3879/3941 3940/3878/3940
f 3910/3848/3910 3911/3849/3911 3942/3880/3942 3941/3879/3941
f 3911/3849/3911 3912/3850/3912 3943/3881/3943 3942/3880/3942
f 3912/3850/3912 3913/3851/3913 3944/3882/3944 3943/3881/3943
f 3913/3851/3913 3914/3852/3914 3945/3883/3945 3944/3882/3944
f 3915/3854/3915 3916/3853/3916 3947/3884/3947 3946/3885/3946
f 3916/3853/3916 3917/3855/3917 3948/3886/3948 3947/3884/3947
f 3917/3855/3917 3918/3856/3918 3949/3887/3949 3948/3886/3948
f 3918/3856/3918 3919/3857/3919 3950/3888/3950 3949/3887/3949
f 3919/3857/3919 3920/3858/3920 3951/3889/3951 3950/3888/3950
f 3920/3858/3920 3921/3859/3921 3952/3890/3952 3951/3889/3951
f 3921/3859/3921 3922/3860/3922 3953/3891/3953 3952/3890/3952
f 3922/3860/3922 3923/3861/3923 3954/3892/3954 3953/3891/3953
f 3923/3861/3923 3924/3862/3924 3955/3893/3955 3954/3892/3954
f 3924/3862/3924 3925/3863/3925 3956/3894/3956 3955/3893/3955
f 3925/3863/3925 3926/3864/3926 3957/3895/3957 3956/3894/3956
f 3926/3864/3926 3927/3865/3927 3958/3896/3958 3957/3895/3957
f 3927/3865/3927 3928/3866/3928 3959/3897/3959 3958/3896/3958
f 3928/3866/3928 3929/3867/3929 3960/3898/3960 3959/3897/3959
f 3929/3867/3929 3930/3868/3930 3961/3899/3961 3960/3898/3960
f 3930/3868/3930 3931/3869/3931 3962/3900/3962 3961/3899/3961
f 3931/3869/3931 3932/3870/3932 3963/3901/3963 3962/3900/3962
f 3932/3870/3932 3933/3871/3933 3964/3902/3964 3963/3901/3963
f 3933/3871/3933 3934/3872/3934 3965/3903/3965 3964/3902/3964
f 3934/3872/3934 3935/3873/3935 3966/3904/3966 3965/3903/3965
f 3935/3873/3935 3936/3874/3936 3967/3905/3967 3966/3904/3966
f 3936/3874/3936 3937/3875/3937 3968/3906/3968 3967/3905/3967
f 3937/3875/3937 3938/3876/3938 3969/3907/3969 3968/3906/3968
f 3938/3876/3938 3939/3877/3939 3970/3908/3970 3969/3907/3969
f 3939/3877/3939 3940/3878/3940 3971/3909/3971 3970/3908/3970
f 3940/3878/3940 3941/3879/3941 3972/3910/3972 3971/3909/3971
f 3941/3879/3941 3942/3880/3942 3973/3911/3973 3972/3910/3972
f 3942/3880/3942 3943/3881/3943 3974/3912/3974 3973/3911/3973
f 3943/3881/3943 3944/3882/3944 3975/3913/3975 3974/3912/3974
f 3944/3882/3944 3945/3883/3945 3976/3914/3976 3975/3913/3975
f 3946/3885/3946 3947/3884/3947 3978/3915/3978 3977/3916/3977
f 3947/3884/3947 3948/3886/3948 3979/3917/3979 3978/3915/3978
f 3948/3886/3948 3949/3887/3949 3980/3918/3980 3979/3917/3979
f 3949/3887/3949 3950/3888/3950 3981/3919/3981 3980/3918/3980
f 3950/3888/3950 3951/3889/3951 3982/3920/3982 3981/3919/3981
f 3951/3889/3951 3952/3890/3952 3983/3921/3983 3982/3920/3982
f 3952/3890/3952 3953/3891/3953 3984/3922/3984 3983/3921/3983
f 3953/3891/3953 3954/3892/3954 3985/3923/3985 3984/3922/3984
f 3954/3892/3954 3955/3893/3955 3986/3924/3986 3985/3923/3985
f 3955/3893/3955 3956/3894/3956 3987/3925/3987 3986/3924/3986
f 3956/3894/3956 3957/3895/3957 3988/3926/3988 3987/3925/3987
f 3957/3895/3957 3958/3896/3958 3989/3927/3989 3988/3926/3988
f 3958/3896/3958 3959/3897/3959 3990/3928/3990 3989/3927/3989
f 3959/3897/3959 3960/3898/3960 3991/3929/3991 3990/3928/3990
f 3960/3898/3960 3961/3899/3961 3992/3930/3992 3991/3929/3991
f 3961/3899/3961 3962/3900/3962 3993/3931/3993 3992/3930/3992
f 3962/3900/3962 3963/3901/3963 3994/3932/3994 3993/3931/3993
f 3963/3901/3963 3964/3902/3964 3995/3933/3995 3994/3932/3994
f 3964/3902/3964 3965/3903/3965 3996/3934/3996 3995/3933/3995
f 3965/3903/3965 3966/3904/3966 3997/3935/3997 3996/3934/3996
f 3966/3904/3966 3967/3905/3967 3998/3936/3998 3997/3935/3997
f 3967/3905/3967 3968/3906/3968 3999/3937/3999 3998/3936/3998
f 3968/3906/3968 3969/3907/3969 4000/3938/4000 3999/3937/3999
f 3969/3907/3969 3970/3908/3970 4001/3939/4001 4000/3938/4000
f 3970/3908/3970 3971/3909/3971 4002/3940/4002 4001/3939/4001
f 3971/3909/3971 3972/3910/3972 4003/3941/4003 4002/3940/4002
f 3972/3910/3972 3973/3911/3973 4004/3942/4004 4003/3941/4003
f 3973/3911/3973 3974/3912/3974 4005/3943/4005 4004/3942/4004
f 3974/3912/3974 3975/3913/3975 4006/3944/4006 4005/3943/4005
f 3975/3913/3975 3976/3914/3976 4007/3945/4007 4006/3944/4006
f 3977/3916/3977 3978/3915/3978 4009/3946/4009 4008/3947/4008
f 3978/3915/3978 3979/3917/3979 4010/3948/4010 4009/3946/4009
f 3979/3917/3979 3980/3918/3980 4011/3949/4011 4010/3948/4010
f 3980/3918/3980 3981/3919/3981 4012/3950/4012 4011/3949/4011
f 3981/3919/3981 3982/3920/3982 4013/3951/4013 4012/3950/4012
f 3982/3920/3982 3983/3921/3983 4014/3952/4014 4013/3951/4013
f 3983/3921/3983 3984/3922/3984 4015/3953/4015 4014/3952/4014
f 3984/3922/3984 3985/3923/3985 4016/3954/4016 4015/3953/4015
f 3985/3923/3985 3986/3924/3986 4017/3955/4017 4016/3954/4016
f 3986/3924/3986 3987/3925/3987 4018/3956/4018 4017/3955/4017
f 3987/3925/3987 3988/3926/3988 4019/3957/4019 4018/3956/4018
f 3988/3926/3988 3989/3927/3989 4020/3958/4020 4019/3957/4019
f 3989/3927/3989 3990/3928/3990 4021/3959/4021 4020/3958/4020
f 3990/3928/3990 3991/3929/3991 4022/3960/4022 4021/3959/4021
f 3991/3929/3991 3992/3930/3992 4023/3961/4023 4022/3960/4022
f 3992/3930/3992 3993/3931/3993 4024/3962/4024 4023/3961/4023
f 3993/3931/3993 3994/3932/3994 4025/3963/4025 4024/3962/4024
f 3994/3932/3994 3995/3933/3995 4026/3964/4026 4025/3963/4025
f 3995/3933/3995 3996/3934/3996 4027/3965/4027 4026/3964/4026
f 3996/3934/3996 3997/3935/3997 4028/3966/4028 4027/3965/4027
f 3997/3935/3997 3998/3936/3998 4029/3967/4029 4028/3966/4028
f 3998/3936/3998 3999/3937/3999 4030/3968/4030 4029/3967/4029
f 3999/3937/3999 4000/3938/4000 4031/3969/4031 4030/3968/4030
f 4000/3938/4000 4001/3939/4001 4032/3970/4032 4031/3969/4031
f 4001/3939/4001 4002/3940/4002 4033/3971/4033 4032/3970/4032
f 4002/3940/4002 4003/3941/4003 4034/3972/4034 4033/3971/4033
f 4003/3941/4003 4004/3942/4004 4035/3973/4035 4034/3972/4034
f 4004/3942/4004 4005/3943/4005 4036/3974/4036 4035/3973/4035
f 4005/3943/4005 4006/3944/4006 4037/3975/4037 4036/3974/4036
f 4006/3944/4006 4007/3945/4007 4038/3976/4038 4037/3975/4037
f 4008/3947/4008 4009/3946/4009 4040/3977/4040 4039/3978/4039
f 4009/3946/4009 4010/3948/4010 4041/3979/4041 4040/3977/4040
f 4010/3948/4010 4011/3949/4011 4042/3980/4042 4041/3979/4041
f 4011/3949/4011 4012/3950/4012 4043/3981/4043 4042/3980/4042
f 4012/3950/4012 4013/3951/4013 4044/3982/4044 4043/3981/4043
f 4013/3951/4013 4014/3952/4014 4045/3983/4045 4044/3982/4044
f 4014/3952/4014 4015/3953/4015 4046/3984/4046 4045/3983/4045
f 4015/3953/4015 4016/3954/4016 4047/3985/4047 4046/3984/4046
f 4016/3954/4016 4017/3955/4017 4048/3986/4048 4047/3985/4047
f 4017/3955/4017 4018/3956/4018 4049/3987/4049 4048/3986/4048
f 4018/3956/4018 4019/3957/4019 4050/3988/4050 4049/3987/4049
f 4019/3957/4019 4020/3958/4020 4051/3989/4051 4050/3988/4050
f 4020/3958/4020 4021/3959/4021 4052/3990/4052 4051/3989/4051
f 4021/3959/4021 4022/3960/4022 4053/3991/4053 4052/3990/4052
f 4022/3960/4022 4023/3961/4023 4054/3992/4054 4053/3991/4053
f 4023/3961/4023 4024/3962/4024 4055/3993/4055 4054/3992/4054
f 4024/3962/4024 4025/3963/4025 4056/3994/4056 4055/3993/4055
f 4025/3963/4025 4026/3964/4026 4057/3995/4057 4056/3994/4056
f 4026/3964/4026 4027/3965/4027 4058/3996/4058 4057/3995/4057
f 4027/3965/4027 4028/3966/4028 4059/3997/4059 4058/3996/4058
f 4028/3966/4028 4029/3967/4029 4060/3998/4060 4059/3997/4059
f 4029/3967/4029 4030/3968/4030 4061/3999/4061 4060/3998/4060
f 4030/3968/4030 4031/3969/4031 4062/4000/4062 4061/3999/4061
f 4031/3969/4031 4032/3970/4032 4063/4001/4063 4062/4000/4062
f 4032/3970/4032 4033/3971/4033 4064/4002/4064 4063/4001/4063
f 4033/3971/4033 4034/3972/4034 4065/4003/4065 4064/4002/4064
f 4034/3972/4034 4035/3973/4035 4066/4004/4066 4065/4003/4065
f 4035/3973/4035 4036/3974/4036 4067/4005/4067 4066/4004/4066
f 4036/3974/4036 4037/3975/4037 4068/4006/4068 4067/4005/4067
f 4037/3975/4037 4038/3976/4038 4069/4007/4069 4068/4006/4068
f 4039/3978/4039 4040/3977/4040 4071/4008/4071 4070/4009/4070
f 4040/3977/4040 4041/3979/4041 4072/4010/4072 4071/4008/4071
f 4041/3979/4041 4042/3980/4042 4073/4011/4073 4072/4010/4072
f 4042/3980/4042 4043/3981/4043 4074/4012/4074 4073/4011/4073
f 4043/3981/4043 4044/3982/4044 4075/4013/4075 4074/4012/4074
f 4044/3982/4044 4045/3983/4045 4076/4014/4076 4075/4013/4075
f 4045/3983/4045 4046/3984/4046 4077/4015/4077 4076/4014/4076
f 4046/3984/4046 4047/3985/4047 4078/4016/4078 4077/4015/4077
f 4047/3985/4047 4048/3986/4048 4079/4017/4079 4078/4016/4078
f 4048/3986/4048 4049/3987/4049 4080/4018/4080 4079/4017/4079
f 4049/3987/4049 4050/3988/4050 4081/4019/4081 4080/4018/4080
f 4050/3988/4050 4051/3989/4051 4082/4020/4082 4081/4019/4081
f 4051/3989/4051 4052/3990/4052 4083/4021/4083 4082/4020/4082
f 4052/3990/4052 4053/3991/4053 4084/4022/4084 4083/4021/4083
f 4053/3991/4053 4054/3992/4054 4085/4023/4085 4084/4022/4084
f 4054/3992/4054 4055/3993/4055 4086/4024/4086 4085/4023/4085
f 4055/3993/4055 4056/3994/4056 4087/4025/4087 4086/4024/4086
f 4056/3994/4056 4057/3995/4057 4088/4026/4088 4087/4025/4087
f 4057/3995/4057 4058/3996/4058 4089/4027/4089 4088/4026/4088
f 4058/3996/4058 4059/3997/4059 4090/4028/4090 4089/4027/4089
f 4059/3997/4059 4060/3998/4060 4091/4029/4091 4090/4028/4090
f 4060/3998/4060 4061/3999/4061 4092/4030/4092 4091/4029/4091
f 4061/3999/4061 4062/4000/4062 4093/4031/4093 4092/4030/4092
f 4062/4000/4062 4063/4001/4063 4094/4032/4094 4093/4031/4093
f 4063/4001/4063 4064/4002/4064 4095/4033/4095 4094/4032/4094
f 4064/4002/4064 4065/4003/4065 4096/4034/4096 4095/4033/4095
f 4065/4003/4065 4066/4004/4066 4097/4035/4097 4096/4034/4096
f 4066/4004/4066 4067/4005/4067 4098/4036/4098 4097/4035/4097
f 4067/4005/4067 4068/4006/4068 4099/4037/4099 4098/4036/4098
f 4068/4006/4068 4069/4007/4069 4100/4038/4100 4099/4037/4099
f 4070/4009/4070 4071/4008/4071 4102/4039/4102 4101/4040/4101
f 4071/4008/4071 4072/4010/4072 4103/4041/4103 4102/4039/4102
f 4072/4010/4072 4073/4011/4073 4104/4042/4104 4103/4041/4103
f 4073/4011/4073 4074/4012/4074 4105/4043/4105 4104/4042/4104
f 4074/4012/4074 4075/4013/4075 4106/4044/4106 4105/4043/4105
f 4075/4013/4075 4076/4014/4076 4107/4045/4107 4106/4044/4106
f 4076/4014/4076 4077/4015/4077 4108/4046/4108 4107/4045/4107
f 4077/4015/4077 4078/4016/4078 4109/4047/4109 4108/4046/4108
f 4078/4016/4078 4079/4017/4079 4110/4048/4110 4109/4047/4109
f 4079/4017/4079 4080/4018/4080 4111/4049/4111 4110/4048/4110
f 4080/4018/4080 4081/4019/4081 4112/4050/4112 4111/4049/4111
f 4081/4019/4081 4082/4020/4082 4113/4051/4113 4112/4050/4112
f 4082/4020/4082 4083/4021/4083 4114/4052/4114 4113/4051/4113
f 4083/4021/4083 4084/4022/4084 4115/4053/4115 4114/4052/4114
f 4084/4022/4084 4085/4023/4085 4116/4054/4116 4115/4053/4115
f 4085/4023/4085 4086/4024/4086 4117/4055/4117 4116/4054/4116
f 4086/4024/4086 4087/4025/4087 4118/4056/4118 4117/4055/4117
f 4087/4025/4087 4088/4026/4088 4119/4057/4119 4118/4056/4118
f 4088/4026/4088 4089/4027/4089 4120/4058/4120 4119/4057/4119
f 4089/4027/4089 4090/4028/4090 4121/4059/4121 4120/4058/4120
f 4090/4028/4090 4091/4029/4091 4122/4060/4122 4121/4059/4121
f 4091/4029/4091 4092/4030/4092 4123/4061/4123 4122/4060/4122
f 4092/4030/4092 4093/4031/4093 4124/4062/4124 4123/4061/4123
f 4093/4031/4093 4094/4032/4094 4125/4063/4125 4124/4062/4124
f 4094/4032/4094 4095/4033/4095 4126/4064/4126 4125/4063/4125
f 4095/4033/4095 4096/4034/4096 4127/4065/4127 4126/4064/4126
f 4096/4034/4096 4097/4035/4097 4128/4066/4128 4127/4065/4127
f 4097/4035/4097 4098/4036/4098 4129/4067/4129 4128/4066/4128
f 4098/4036/4098 4099/4037/4099 4130/4068/4130 4129/4067/4129
f 4099/4037/4099 4100/4038/4100 4131/4069/4131 4130/4068/4130
f 4101/4040/4101 4102/4039/4102 4133/4070/4133 4132/4071/4132
f 4102/4039/4102 4103/4041/4103 4134/4072/4134 4133/4070/4133
f 4103/4041/4103 4104/4042/4104 4135/4073/4135 4134/4072/4134
f 4104/4042/4104 4105/4043/4105 4136/4074/4136 4135/4073/4135
f 4105/4043/4105 4106/4044/4106 4137/4075/4137 4136/4074/4136
f 4106/4044/4106 4107/4045/4107 4138/4076/4138 4137/4075/4137
f 4107/4045/4107 4108/4046/4108 4139/4077/4139 4138/4076/4138
f 4108/4046/4108 4109/4047/4109 4140/4078/4140 4139/4077/4139
f 4109/4047/4109 4110/4048/4110 4141/4079/4141 4140/4078/4140
f 4110/4048/4110 4111/4049/4111 4142/4080/4142 4141/4079/4141
f 4111/4049/4111 4112/4050/4112 4143/4081/4143 4142/4080/4142
f 4112/4050/4112 4113/4051/4113 4144/4082/4144 4143/4081/4143
f 4113/4051/4113 4114/4052/4114 4145/4083/4145 4144/4082/4144
f 4114/4052/4114 4115/4053/4115 4146/4084/4146 4145/4083/4145
f 4115/4053/4115 4116/4054/4116 4147/4085/4147 4146/4084/4146
f 4116/4054/4116 4117/4055/4117 4148/4086/4148 4147/4085/4147
f 4117/4055/4117 4118/4056/4118 4149/4087/4149 4148/4086/4148
f 4118/4056/4118 4119/4057/4119 4150/4088/4150 4149/4087/4149
f 4119/4057/4119 4120/4058/4120 4151/4089/4151 4150/4088/4150
f 4120/4058/4120 4121/4059/4121 4152/4090/4152 4151/4089/4151
f 4121/4059/4121 4122/4060/4122 4153/4091/4153 4152/4090/4152
f 4122/4060/4122 4123/4061/4123 4154/4092/4154 4153/4091/4153
f 4123/4061/4123 4124/4062/4124 4155/4093/4155 4154/4092/4154
f 4124/4062/4124 4125/4063/4125 4156/4094/4156 4155/4093/4155
f 4125/4063/4125 4126/4064/4126 4157/4095/4157 4156/4094/4156
f 4126/4064/4126 4127/4065/4127 4158/4096/4158 4157/4095/4157
f 4127/4065/4127 4128/4066/4128 4159/4097/4159 4158/4096/4158
f 4128/4066/4128 4129/4067/4129 4160/4098/4160 4159/4097/4159
f 4129/4067/4129 4130/4068/4130 4161/4099/4161 4160/4098/4160
f 4130/4068/4130 4131/4069/4131 4162/4100/4162 4161/4099/4161
f 4132/4071/4132 4133/4070/4133 4164/4101/4164 4163/4102/4163
f 4133/4070/4133 4134/4072/4134 4165/4103/4165 4164/4101/4164
f 4134/4072/4134 4135/4073/4135 4166/4104/4166 4165/4103/4165
f 4135/4073/4135 4136/4074/4136 4167/4105/4167 4166/4104/4166
f 4136/4074/4136 4137/4075/4137 4168/4106/4168 4167/4105/4167
f 4137/4075/4137 4138/4076/4138 4169/4107/4169 4168/4106/4168
f 4138/4076/4138 4139/4077/4139 4170/4108/4170 4169/4107/4169
f 4139/4077/4139 4140/4078/4140 4171/4109/4171 4170/4108/4170
f 4140/4078/4140 4141/4079/4141 4172/4110/4172 4171/4109/4171
f 4141/4079/4141 4142/4080/4142 4173/4111/4173 4172/4110/4172
f 4142/4080/4142 4143/4081/4143 4174/4112/4174 4173/4111/4173
f 4143/4081/4143 4144/4082/4144 4175/4113/4175 4174/4112/4174
f 4144/4082/4144 4145/4083/4145 4176/4114/4176 4175/4113/4175
f 4145/4083/4145 4146/4084/4146 4177/4115/4177 4176/4114/4176
f 4146/4084/4146 4147/4085/4147 4178/4116/4178 4177/4115/4177
f 4147/4085/4147 4148/4086/4148 4179/4117/4179 4178/4116/4178
f 4148/4086/4148 4149/4087/4149 4180/4118/4180 4179/4117/4179
f 4149/4087/4149 4150/4088/4150 4181/4119/4181 4180/4118/4180
f 4150/4088/4150 4151/4089/4151 4182/4120/4182 4181/4119/4181
f 4151/4089/4151 4152/4090/4152 4183/4121/4183 4182/4120/4182
f 4152/4090/4152 4153/4091/4153 4184/4122/4184 4183/4121/4183
f 4153/4091/4153 4154/4092/4154 4185/4123/4185 4184/4122/4184
f 4154/4092/4154 4155/4093/4155 4186/4124/4186 4185/4123/4185
f 4155/4093/4155 4156/4094/4156 4187/4125/4187 4186/4124/4186
f 4156/4094/4156 4157/4095/4157 4188/4126/4188 4187/4125/4187
f 4157/4095/4157 4158/4096/4158 4189/4127/4189 4188/4126/4188
f 4158/4096/4158 4159/4097/4159 4190/4128/4190 4189/4127/4189
f 4159/4097/4159 4160/4098/4160 4191/4129/4191 4190/4128/4190
f 4160/4098/4160 4161/4099/4161 4192/4130/4192 4191/4129/4191
f 4161/4099/4161 4162/4100/4162 4193/4131/4193 4192/4130/4192
f 4163/4102/4163 4164/4101/4164 4195/4132/4195 4194/4133/4194
f 4164/4101/4164 4165/4103/4165 4196/4134/4196 4195/4132/4195
f 4165/4103/4165 4166/4104/4166 4197/4135/4197 4196/4134/4196
f 4166/4104/4166 4167/4105/4167 4198/4136/4198 4197/4135/4197
f 4167/4105/4167 4168/4106/4168 4199/4137/4199 4198/4136/4198
f 4168/4106/4168 4169/4107/4169 4200/4138/4200 4199/4137/4199
f 4169/4107/4169 4170/4108/4170 4201/4139/4201 4200/4138/4200
f 4170/4108/4170 4171/4109/4171 4202/4140/4202 4201/4139/4201
f 4171/4109/4171 4172/4110/4172 4203/4141/4203 4202/4140/4202
f 4172/4110/4172 4173/4111/4173 4204/4142/4204 4203/4141/4203
f 4173/4111/4173 4174/4112/4174 4205/4143/4205 4204/4142/4204
f 4174/4112/4174 4175/4113/4175 4206/4144/4206 4205/4143/4205
f 4175/4113/4175 4176/4114/4176 4207/4145/4207 4206/4144/4206
f 4176/4114/4176 4177/4115/4177 4208/4146/4208 4207/4145/4207
f 4177/4115/4177 4178/4116/4178 4209/4147/4209 4208/4146/4208
f 4178/4116/4178 4179/4117/4179 4210/4148/4210 4209/4147/4209
f 4179/4117/4179 4180/4118/4180 4211/4149/4211 4210/4148/4210
f 4180/4118/4180 4181/4119/4181 4212/4150/4212 4211/4149/4211
f 4181/4119/4181 4182/4120/4182 4213/4151/4213 4212/4150/4212
f 4182/4120/4182 4183/4121/4183 4214/4152/4214 4213/4151/4213
f 4183/4121/4183 4184/4122/4184 4215/4153/4215 4214/4152/4214
f 4184/4122/4184 4185/4123/4185 4216/4154/4216 4215/4153/4215
f 4185/4123/4185 4186/4124/4186 4217/4155/4217 4216/4154/4216
f 4186/4124/4186 4187/4125/4187 4218/4156/4218 4217/4155/4217
f 4187/4125/4187 4188/4126/4188 4219/4157/4219 4218/4156/4218
f 4188/4126/4188 4189/4127/4189 4220/4158/4220 4219/4157/4219
f 4189/4127/4189 4190/4128/4190 4221/4159/4221 4220/4158/4220
f 4190/4128/4190 4191/4129/4191 4222/4160/4222 4221/4159/4221
f 4191/4129/4191 4192/4130/4192 4223/4161/4223 4222/4160/4222
f 4192/4130/4192 4193/4131/4193 4224/4162/4224 4223/4161/4223
f 3/1060/3 71/1058/71 3264/3202/3264 319/4163/319
f 71/1058/71 72/1057/72 3265/3203/3265 3264/3202/3264
f 72/1057/72 73/1056/73 3266/3206/3266 3265/3203/3265
f 73/1056/73 74/1055/74 3267/3208/3267 3266/3206/3266
f 74/1055/74 75/1054/75 3268/3210/3268 3267/3208/3267
f 75/1054/75 76/1053/76 3269/3212/3269 3268/3210/3268
f 76/1053/76 77/1052/77 3270/3214/3270 3269/3212/3269
f 77/1052/77 78/1051/78 3271/3216/3271 3270/3214/3270
f 78/1051/78 79/1050/79 3272/3218/3272 3271/3216/3271
f 79/1050/79 80/1049/80 3273/3220/3273 3272/3218/3272
f 80/1049/80 81/1048/81 3274/3222/3274 3273/3220/3273
f 81/1048/81 82/1047/82 3275/3224/3275 3274/3222/3274
f 82/1047/82 83/1046/83 3276/3226/3276 3275/3224/3275
f 83/1046/83 84/1045/84 3277/3228/3277 3276/3226/3276
f 84/1045/84 85/1044/85 3278/3230/3278 3277/3228/3277
f 85/1044/85 86/1043/86 3279/3232/3279 3278/3230/3278
f 86/1043/86 87/1042/87 3280/3234/3280 3279/3232/3279
f 87/1042/87 88/1041/88 3281/3236/3281 3280/3234/3280
f 88/1041/88 89/1040/89 3282/3238/3282 3281/3236/3281
f 89/1040/89 90/1039/90 3283/3240/3283 3282/3238/3282
f 90/1039/90 91/1038/91 3284/3242/3284 3283/3240/3283
f 91/1038/91 92/1037/92 3285/3244/3285 3284/3242/3284
f 92/1037/92 93/1036/93 3286/3246/3286 3285/3244/3285
f 93/1036/93 94/1035/94 3287/3248/3287 3286/3246/3286
f 94/1035/94 95/1034/95 3288/3250/3288 3287/3248/3287
f 95/1034/95 96/1033/96 3289/3252/3289 3288/3250/3288
f 96/1033/96 97/1032/97 3290/3254/3290 3289/3252/3289
f 97/1032/97 98/1031/98 3291/3256/3291 3290/3254/3290
f 98/1031/98 99/1030/99 3292/3258/3292 3291/3256/3291
f 99/1030/99 100/1029/100 3293/3260/3293 3292/3258/3292
f 100/1029/100 101/1028/101 3294/3262/3294 3293/3260/3293
f 101/1028/101 7/1027/7 318/3171/318 3294/3262/3294
f 3294/3262/3294 318/3171/318 317/3170/317 3325/3263/3325
f 3325/3263/3325 317/3170/317 316/3169/316 3356/3294/3356
f 3356/3294/3356 316/3169/316 315/3168/315 3387/3325/3387
f 3387/3325/3387 315/3168/315 314/3167/314 3418/3356/3418
f 3418/3356/3418 314/3167/314 313/3166/313 3449/3387/3449
f 3449/3387/3449 313/3166/313 312/3165/312 3480/3418/3480
f 3480/3418/3480 312/3165/312 311/3164/311 3511/3449/3511
f 3511/3449/3511 311/3164/311 310/3163/310 3542/3480/3542
f 3542/3480/3542 310/3163/310 309/3162/309 3573/3511/3573
f 3573/3511/3573 309/3162/309 308/3161/308 3604/3542/3604
f 3604/3542/3604 308/3161/308 307/3160/307 3635/3573/3635
f 3635/3573/3635 307/3160/307 306/3159/306 3666/3604/3666
f 3666/3604/3666 306/3159/306 305/3158/305 3697/3635/3697
f 3697/3635/3697 305/3158/305 304/3157/304 3728/3666/3728
f 3728/3666/3728 304/3157/304 303/3156/303 3759/3697/3759
f 3759/3697/3759 303/3156/303 302/3155/302 3790/3728/3790
f 3790/3728/3790 302/3155/302 301/3154/301 3821/3759/3821
f 3821/3759/3821 301/3154/301 300/3153/300 3852/3790/3852
f 3852/3790/3852 300/3153/300 299/3152/299 3883/3821/3883
f 3883/3821/3883 299/3152/299 298/3151/298 3914/3852/3914
f 3914/3852/3914 298/3151/298 297/3150/297 3945/3883/3945
f 3945/3883/3945 297/3150/297 296/3149/296 3976/3914/3976
f 3976/3914/3976 296/3149/296 295/3148/295 4007/3945/4007
f 4007/3945/4007 295/3148/295 294/3147/294 4038/3976/4038
f 4038/3976/4038 294/3147/294 293/3146/293 4069/4007/4069
f 4069/4007/4069 293/3146/293 292/3145/292 4100/4038/4100
f 4100/4038/4100 292/3145/292 291/3144/291 4131/4069/4131
f 4131/4069/4131 291/3144/291 290/3143/290 4162/4100/4162
f 4162/4100/4162 290/3143/290 289/3142/289 4193/4131/4193
f 4193/4131/4193 289/3142/289 288/3141/288 4224/4162/4224
f 4224/4162/4224 288/3141/288 8/2149/8 133/2147/133
f 4223/4161/4223 4224/4162/4224 133/2147/133 134/2146/134
f 4222/4160/4222 4223/4161/4223 134/2146/134 135/2145/135
f 4221/4159/4221 4222/4160/4222 135/2145/135 136/2144/136
f 4220/4158/4220 4221/4159/4221 136/2144/136 137/2143/137
f 4219/4157/4219 4220/4158/4220 137/2143/137 138/2142/138
f 4218/4156/4218 4219/4157/4219 138/2142/138 139/2141/139
f 4217/4155/4217 4218/4156/4218 139/2141/139 140/2140/140
f 4216/4154/4216 4217/4155/4217 140/2140/140 141/2139/141
f 4215/4153/4215 4216/4154/4216 141/2139/141 142/2138/142
f 4214/4152/4214 4215/4153/4215 142/2138/142 143/2137/143
f 4213/4151/4213 4214/4152/4214 143/2137/143 144/2136/144
f 4212/4150/4212 4213/4151/4213 144/2136/144 145/2135/145
f 4211/4149/4211 4212/4150/4212 145/2135/145 146/2134/146
f 4210/4148/4210 4211/4149/4211 146/2134/146 147/2133/147
f 4209/4147/4209 4210/4148/4210 147/2133/147 148/2132/148
f 4208/4146/4208 4209/4147/4209 148/2132/148 149/2131/149
f 4207/4145/4207 4208/4146/4208 149/2131/149 150/2130/150
f 4206/4144/4206 4207/4145/4207 150/2130/150 151/2129/151
f 4205/4143/4205 4206/4144/4206 151/2129/151 152/2128/152
f 4204/4142/4204 4205/4143/4205 152/2128/152 153/2127/153
f 4203/4141/4203 4204/4142/4204 153/2127/153 154/2126/154
f 4202/4140/4202 4203/4141/4203 154/2126/154 155/2125/155
f 4201/4139/4201 4202/4140/4202 155/2125/155 156/2124/156
f 4200/4138/4200 4201/4139/4201 156/2124/156 157/2123/157
f 4199/4137/4199 4200/4138/4200 157/2123/157 158/2122/158
f 4198/4136/4198 4199/4137/4199 158/2122/158 159/2121/159
f 4197/4135/4197 4198/4136/4198 159/2121/159 160/2120/160
f 4196/4134/4196 4197/4135/4197 160/2120/160 161/2119/161
f 4195/4132/4195 4196/4134/4196 161/2119/161 162/2118/162
f 4194/4133/4194 4195/4132/4195 162/2118/162 163/2117/163
f 349/4164/349 4194/4133/4194 163/2117/163 4/2116/4
f 348/4165/348 4163/4102/4163 4194/4133/4194 349/4164/349
f 347/4166/347 4132/4071/4132 4163/4102/4163 348/4165/348
f 346/4167/346 4101/4040/4101 4132/4071/4132 347/4166/347
f 345/4168/345 4070/4009/4070 4101/4040/4101 346/4167/346
f 344/4169/344 4039/3978/4039 4070/4009/4070 345/4168/345
f 343/4170/343 4008/3947/4008 4039/3978/4039 344/4169/344
f 342/4171/342 3977/3916/3977 4008/3947/4008 343/4170/343
f 341/4172/341 3946/3885/3946 3977/3916/3977 342/4171/342
f 340/4173/340 3915/3854/3915 3946/3885/3946 341/4172/341
f 339/4174/339 3884/3823/3884 3915/3854/3915 340/4173/340
f 338/4175/338 3853/3792/3853 3884/3823/3884 339/4174/339
f 337/4176/337 3822/3761/3822 3853/3792/3853 338/4175/338
f 336/4177/336 3791/3730/3791 3822/3761/3822 337/4176/337
f 335/4178/335 3760/3699/3760 3791/3730/3791 336/4177/336
f 334/4179/334 3729/3668/3729 3760/3699/3760 335/4178/335
f 333/4180/333 3698/3637/3698 3729/3668/3729 334/4179/334
f 332/4181/332 3667/3606/3667 3698/3637/3698 333/4180/333
f 331/4182/331 3636/3575/3636 3667/3606/3667 332/4181/332
f 330/4183/330 3605/3544/3605 3636/3575/3636 331/4182/331
f 329/4184/329 3574/3513/3574 3605/3544/3605 330/4183/330
f 328/4185/328 3543/3482/3543 3574/3513/3574 329/4184/329
f 327/4186/327 3512/3451/3512 3543/3482/3543 328/4185/328
f 326/4187/326 3481/3420/3481 3512/3451/3512 327/4186/327
f 325/4188/325 3450/3389/3450 3481/3420/3481 326/4187/326
f 324/4189/324 3419/3358/3419 3450/3389/3450 325/4188/325
f 323/4190/323 3388/3327/3388 3419/3358/3419 324/4189/324
f 322/4191/322 3357/3296/3357 3388/3327/3388 323/4190/323
f 321/4192/321 3326/3265/3326 3357/3296/3357 322/4191/322
f 320/4193/320 3295/3205/3295 3326/3265/3326 321/4192/321
f 319/4163/319 3264/3202/3264 3295/3205/3295 320/4193/320
f 4225/4194/4225 4226/4195/4226 4257/4196/4257 4256/4197/4256
f 4226/4195/4226 4227/4198/4227 4258/4199/4258 4257/4196/4257
f 4227/4198/4227 4228/4200/4228 4259/4201/4259 4258/4199/4258
f 4228/4200/4228 4229/4202/4229 4260/4203/4260 4259/4201/4259
f 4229/4202/4229 4230/4204/4230 4261/4205/4261 4260/4203/4260
f 4230/4204/4230 4231/4206/4231 4262/4207/4262 4261/4205/4261
f 4231/4206/4231 4232/4208/4232 4263/4209/4263 4262/4207/4262
f 4232/4208/4232 4233/4210/4233 4264/4211/4264 4263/4209/4263
f 4233/4210/4233 4234/4212/4234 4265/4213/4265 4264/4211/4264
f 4234/4212/4234 4235/4214/4235 4266/4215/4266 4265/4213/4265
f 4235/4214/4235 4236/4216/4236 4267/4217/4267 4266/4215/4266
f 4236/4216/4236 4237/4218/4237 4268/4219/4268 4267/4217/4267
f 4237/4218/4237 4238/4220/4238 4269/4221/4269 4268/4219/4268
f 4238/4220/4238 4239/4222/4239 4270/4223/4270 4269/4221/4269
f 4239/4222/4239 4240/4224/4240 4271/4225/4271 4270/4223/4270
f 4240/4224/4240 4241/4226/4241 4272/4227/4272 4271/4225/4271
f 4241/4226/4241 4242/4228/4242 4273/4229/4273 4272/4227/4272
f 4242/4228/4242 4243/4230/4243 4274/4231/4274 4273/4229/4273
f 4243/4230/4243 4244/4232/4244 4275/4233/4275 4274/4231/4274
f 4244/4232/4244 4245/4234/4245 4276/4235/4276 4275/4233/4275
f 4245/4234/4245 4246/4236/4246 4277/4237/4277 4276/4235/4276
f 4246/4236/4246 4247/4238/4247 4278/4239/4278 4277/4237/4277
f 4247/4238/4247 4248/4240/4248 4279/4241/4279 4278/4239/4278
f 4248/4240/4248 4249/4242/4249 4280/4243/4280 4279/4241/4279
f 4249/4242/4249 4250/4244/4250 4281/4245/4281 4280/4243/4280
f 4250/4244/4250 4251/4246/4251 4282/4247/4282 4281/4245/4281
f 4251/4246/4251 4252/4248/4252 4283/4249/4283 4282/4247/4282
f 4252/4248/4252 4253/4250/4253 4284/4251/4284 4283/4249/4283
f 4253/4250/4253 4254/4252/4254 4285/4253/4285 4284/4251/4284
f 4254/4252/4254 4255/4254/4255 4286/4255/4286 4285/4253/4285
f 4256/4197/4256 4257/4196/4257 4288/4256/4288 4287/4257/4287
f 4257/4196/4257 4258/4199/4258 4289/4258/4289 4288/4256/4288
f 4258/4199/4258 4259/4201/4259 4290/4259/4290 4289/4258/4289
f 4259/4201/4259 4260/4203/4260 4291/4260/4291 4290/4259/4290
f 4260/4203/4260 4261/4205/4261 4292/4261/4292 4291/4260/4291
f 4261/4205/4261 4262/4207/4262 4293/4262/4293 4292/4261/4292
f 4262/4207/4262 4263/4209/4263 4294/4263/4294 4293/4262/4293
f 4263/4209/4263 4264/4211/4264 4295/4264/4295 4294/4263/4294
f 4264/4211/4264 4265/4213/4265 4296/4265/4296 4295/4264/4295
f 4265/4213/4265 4266/4215/4266 4297/4266/4297 4296/4265/4296
f 4266/4215/4266 4267/4217/4267 4298/4267/4298 4297/4266/4297
f 4267/4217/4267 4268/4219/4268 4299/4268/4299 4298/4267/4298
f 4268/4219/4268 4269/4221/4269 4300/4269/4300 4299/4268/4299
f 4269/4221/4269 4270/4223/4270 4301/4270/4301 4300/4269/4300
f 4270/4223/4270 4271/4225/4271 4302/4271/4302 4301/4270/4301
f 4271/4225/4271 4272/4227/4272 4303/4272/4303 4302/4271/4302
f 4272/4227/4272 4273/4229/4273 4304/4273/4304 4303/4272/4303
f 4273/4229/4273 4274/4231/4274 4305/4274/4305 4304/4273/4304
f 4274/4231/4274 4275/4233/4275 4306/4275/4306 4305/4274/4305
f 4275/4233/4275 4276/4235/4276 4307/4276/4307 4306/4275/4306
f 4276/4235/4276 4277/4237/4277 4308/4277/4308 4307/4276/4307
f 4277/4237/4277 4278/4239/4278 4309/4278/4309 4308/4277/4308
f 4278/4239/4278 4279/4241/4279 4310/4279/4310 4309/4278/4309
f 4279/4241/4279 4280/4243/4280 4311/4280/4311 4310/4279/4310
f 4280/4243/4280 4281/4245/4281 4312/4281/4312 4311/4280/4311
f 4281/4245/4281 4282/4247/4282 4313/4282/4313 4312/4281/4312
f 4282/4247/4282 4283/4249/4283 4314/4283/4314 4313/4282/4313
f 4283/4249/4283 4284/4251/4284 4315/4284/4315 4314/4283/4314
f 4284/4251/4284 4285/4253/4285 4316/4285/4316 4315/4284/4315
f 4285/4253/4285 4286/4255/4286 4317/4286/4317 4316/4285/4316
f 4287/4257/4287 4288/4256/4288 4319/4287/4319 4318/4288/4318
f 4288/4256/4288 4289/4258/4289 4320/4289/4320 4319/4287/4319
f 4289/4258/4289 4290/4259/4290 4321/4290/4321 4320/4289/4320
f 4290/4259/4290 4291/4260/4291 4322/4291/4322 4321/4290/4321
f 4291/4260/4291 4292/4261/4292 4323/4292/4323 4322/4291/4322
f 4292/4261/4292 4293/4262/4293 4324/4293/4324 4323/4292/4323
f 4293/4262/4293 4294/4263/4294 4325/4294/4325 4324/4293/4324
f 4294/4263/4294 4295/4264/4295 4326/4295/4326 4325/4294/4325
f 4295/4264/4295 4296/4265/4296 4327/4296/4327 4326/4295/4326
f 4296/4265/4296 4297/4266/4297 4328/4297/4328 4327/4296/4327
f 4297/4266/4297 4298/4267/4298 4329/4298/4329 4328/4297/4328
f 4298/4267/4298 4299/4268/4299 4330/4299/4330 4329/4298/4329
f 4299/4268/4299 4300/4269/4300 4331/4300/4331 4330/4299/4330
f 4300/4269/4300 4301/4270/4301 4332/4301/4332 4331/4300/4331
f 4301/4270/4301 4302/4271/4302 4333/4302/4333 4332/4301/4332
f 4302/4271/4302 4303/4272/4303 4334/4303/4334 4333/4302/4333
f 4303/4272/4303 4304/4273/4304 4335/4304/4335 4334/4303/4334
f 4304/4273/4304 4305/4274/4305 4336/4305/4336 4335/4304/4335
f 4305/4274/4305 4306/4275/4306 4337/4306/4337 4336/4305/4336
f 4306/4275/4306 4307/4276/4307 4338/4307/4338 4337/4306/4337
f 4307/4276/4307 4308/4277/4308 4339/4308/4339 4338/4307/4338
f 4308/4277/4308 4309/4278/4309 4340/4309/4340 4339/4308/4339
f 4309/4278/4309 4310/4279/4310 4341/4310/4341 4340/4309/4340
f 4310/4279/4310 4311/4280/4311 4342/4311/4342 4341/4310/4341
f 4311/4280/4311 4312/4281/4312 4343/4312/4343 4342/4311/4342
f 4312/4281/4312 4313/4282/4313 4344/4313/4344 4343/4312/4343
f 4313/4282/4313 4314/4283/4314 4345/4314/4345 4344/4313/4344
f 4314/4283/4314 4315/4284/4315 4346/4315/4346 4345/4314/4345
f 4315/4284/4315 4316/4285/4316 4347/4316/4347 4346/4315/4346
f 4316/4285/4316 4317/4286/4317 4348/4317/4348 4347/4316/4347
f 4318/4288/4318 4319/4287/4319 4350/4318/4350 4349/4319/4349
f 4319/4287/4319 4320/4289/4320 4351/4320/4351 4350/4318/4350
f 4320/4289/4320 4321/4290/4321 4352/4321/4352 4351/4320/4351
f 4321/4290/4321 4322/4291/4322 4353/4322/4353 4352/4321/4352
f 4322/4291/4322 4323/4292/4323 4354/4323/4354 4353/4322/4353
f 4323/4292/4323 4324/4293/4324 4355/4324/4355 4354/4323/4354
f 4324/4293/4324 4325/4294/4325 4356/4325/4356 4355/4324/4355
f 4325/4294/4325 4326/4295/4326 4357/4326/4357 4356/4325/4356
f 4326/4295/4326 4327/4296/4327 4358/4327/4358 4357/4326/4357
f 4327/4296/4327 4328/4297/4328 4359/4328/4359 4358/4327/4358
f 4328/4297/4328 4329/4298/4329 4360/4329/4360 4359/4328/4359
f 4329/4298/4329 4330/4299/4330 4361/4330/4361 4360/4329/4360
f 4330/4299/4330 4331/4300/4331 4362/4331/4362 4361/4330/4361
f 4331/4300/4331 4332/4301/4332 4363/4332/4363 4362/4331/4362
f 4332/4301/4332 4333/4302/4333 4364/4333/4364 4363/4332/4363
f 4333/4302/4333 4334/4303/4334 4365/4334/4365 4364/4333/4364
f 4334/4303/4334 4335/4304/4335 4366/4335/4366 4365/4334/4365
f 4335/4304/4335 4336/4305/4336 4367/4336/4367 4366/4335/4366
f 4336/4305/4336 4337/4306/4337 4368/4337/4368 4367/4336/4367
f 4337/4306/4337 4338/4307/4338 4369/4338/4369 4368/4337/4368
f 4338/4307/4338 4339/4308/4339 4370/4339/4370 4369/4338/4369
f 4339/4308/4339 4340/4309/4340 4371/4340/4371 4370/4339/4370
f 4340/4309/4340 4341/4310/4341 4372/4341/4372 4371/4340/4371
f 4341/4310/4341 4342/4311/4342 4373/4342/4373 4372/4341/4372
f 4342/4311/4342 4343/4312/4343 4374/4343/4374 4373/4342/4373
f 4343/4312/4343 4344/4313/4344 4375/4344/4375 4374/4343/4374
f 4344/4313/4344 4345/4314/4345 4376/4345/4376 4375/4344/4375
f 4345/4314/4345 4346/4315/4346 4377/4346/4377 4376/4345/4376
f 4346/4315/4346 4347/4316/4347 4378/4347/4378 4377/4346/4377
f 4347/4316/4347 4348/4317/4348 4379/4348/4379 4378/4347/4378
f 4349/4319/4349 4350/4318/4350 4381/4349/4381 4380/4350/4380
f 4350/4318/4350 4351/4320/4351 4382/4351/4382 4381/4349/4381
f 4351/4320/4351 4352/4321/4352 4383/4352/4383 4382/4351/4382
f 4352/4321/4352 4353/4322/4353 4384/4353/4384 4383/4352/4383
f 4353/4322/4353 4354/4323/4354 4385/4354/4385 4384/4353/4384
f 4354/4323/4354 4355/4324/4355 4386/4355/4386 4385/4354/4385
f 4355/4324/4355 4356/4325/4356 4387/4356/4387 4386/4355/4386
f 4356/4325/4356 4357/4326/4357 4388/4357/4388 4387/4356/4387
f 4357/4326/4357 4358/4327/4358 4389/4358/4389 4388/4357/4388
f 4358/4327/4358 4359/4328/4359 4390/4359/4390 4389/4358/4389
f 4359/4328/4359 4360/4329/4360 4391/4360/4391 4390/4359/4390
f 4360/4329/4360 4361/4330/4361 4392/4361/4392 4391/4360/4391
f 4361/4330/4361 4362/4331/4362 4393/4362/4393 4392/4361/4392
f 4362/4331/4362 4363/4332/4363 4394/4363/4394 4393/4362/4393
f 4363/4332/4363 4364/4333/4364 4395/4364/4395 4394/4363/4394
f 4364/4333/4364 4365/4334/4365 4396/4365/4396 4395/4364/4395
f 4365/4334/4365 4366/4335/4366 4397/4366/4397 4396/4365/4396
f 4366/4335/4366 4367/4336/4367 4398/4367/4398 4397/4366/4397
f 4367/4336/4367 4368/4337/4368 4399/4368/4399 4398/4367/4398
f 4368/4337/4368 4369/4338/4369 4400/4369/4400 4399/4368/4399
f 4369/4338/4369 4370/4339/4370 4401/4370/4401 4400/4369/4400
f 4370/4339/4370 4371/4340/4371 4402/4371/4402 4401/4370/4401
f 4371/4340/4371 4372/4341/4372 4403/4372/4403 4402/4371/4402
f 4372/4341/4372 4373/4342/4373 4404/4373/4404 4403/4372/4403
f 4373/4342/4373 4374/4343/4374 4405/4374/4405 4404/4373/4404
f 4374/4343/4374 4375/4344/4375 4406/4375/4406 4405/4374/4405
f 4375/4344/4375 4376/4345/4376 4407/4376/4407 4406/4375/4406
f 4376/4345/4376 4377/4346/4377 4408/4377/4408 4407/4376/4407
f 4377/4346/4377 4378/4347/4378 4409/4378/4409 4408/4377/4408
f 4378/4347/4378 4379/4348/4379 4410/4379/4410 4409/4378/4409
f 4380/4350/4380 4381/4349/4381 4412/4380/4412 4411/4381/4411
f 4381/4349/4381 4382/4351/4382 4413/4382/4413 4412/4380/4412
f 4382/4351/4382 4383/4352/4383 4414/4383/4414 4413/4382/4413
f 4383/4352/4383 4384/4353/4384 4415/4384/4415 4414/4383/4414
f 4384/4353/4384 4385/4354/4385 4416/4385/4416 4415/4384/4415
f 4385/4354/4385 4386/4355/4386 4417/4386/4417 4416/4385/4416
f 4386/4355/4386 4387/4356/4387 4418/4387/4418 4417/4386/4417
f 4387/4356/4387 4388/4357/4388 4419/4388/4419 4418/4387/4418
f 4388/4357/4388 4389/4358/4389 4420/4389/4420 4419/4388/4419
f 4389/4358/4389 4390/4359/4390 4421/4390/4421 4420/4389/4420
f 4390/4359/4390 4391/4360/4391 4422/4391/4422 4421/4390/4421
f 4391/4360/4391 4392/4361/4392 4423/4392/4423 4422/4391/4422
f 4392/4361/4392 4393/4362/4393 4424/4393/4424 4423/4392/4423
f 4393/4362/4393 4394/4363/4394 4425/4394/4425 4424/4393/4424
f 4394/4363/4394 4395/4364/4395 4426/4395/4426 4425/4394/4425
f 4395/4364/4395 4396/4365/4396 4427/4396/4427 4426/4395/4426
f 4396/4365/4396 4397/4366/4397 4428/4397/4428 4427/4396/4427
f 4397/4366/4397 4398/4367/4398 4429/4398/4429 4428/4397/4428
f 4398/4367/4398 4399/4368/4399 4430/4399/4430 4429/4398/4429
f 4399/4368/4399 4400/4369/4400 4431/4400/4431 4430/4399/4430
f 4400/4369/4400 4401/4370/4401 4432/4401/4432 4431/4400/4431
f 4401/4370/4401 4402/4371/4402 4433/4402/4433 4432/4401/4432
f 4402/4371/4402 4403/4372/4403 4434/4403/4434 4433/4402/4433
f 4403/4372/4403 4404/4373/4404 4435/4404/4435 4434/4403/4434
f 4404/4373/4404 4405/4374/4405 4436/4405/4436 4435/4404/4435
f 4405/4374/4405 4406/4375/4406 4437/4406/4437 4436/4405/4436
f 4406/4375/4406 4407/4376/4407 4438/4407/4438 4437/4406/4437
f 4407/4376/4407 4408/4377/4408 4439/4408/4439 4438/4407/4438
f 4408/4377/4408 4409/4378/4409 4440/4409/4440 4439/4408/4439
f 4409/4378/4409 4410/4379/4410 4441/4410/4441 4440/4409/4440
f 4411/4381/4411 4412/4380/4412 4443/4411/4443 4442/4412/4442
f 4412/4380/4412 4413/4382/4413 4444/4413/4444 4443/4411/4443
f 4413/4382/4413 4414/4383/4414 4445/4414/4445 4444/4413/4444
f 4414/4383/4414 4415/4384/4415 4446/4415/4446 4445/4414/4445
f 4415/4384/4415 4416/4385/4416 4447/4416/4447 4446/4415/4446
f 4416/4385/4416 4417/4386/4417 4448/4417/4448 4447/4416/4447
f 4417/4386/4417 4418/4387/4418 4449/4418/4449 4448/4417/4448
f 4418/4387/4418 4419/4388/4419 4450/4419/4450 4449/4418/4449
f 4419/4388/4419 4420/4389/4420 4451/4420/4451 4450/4419/4450
f 4420/4389/4420 4421/4390/4421 4452/4421/4452 4451/4420/4451
f 4421/4390/4421 4422/4391/4422 4453/4422/4453 4452/4421/4452
f 4422/4391/4422 4423/4392/4423 4454/4423/4454 4453/4422/4453
f 4423/4392/4423 4424/4393/4424 4455/4424/4455 4454/4423/4454
f 4424/4393/4424 4425/4394/4425 4456/4425/4456 4455/4424/4455
f 4425/4394/4425 4426/4395/4426 4457/4426/4457 4456/4425/4456
f 4426/4395/4426 4427/4396/4427 4458/4427/4458 4457/4426/4457
f 4427/4396/4427 4428/4397/4428 4459/4428/4459 4458/4427/4458
f 4428/4397/4428 4429/4398/4429 4460/4429/4460 4459/4428/4459
f 4429/4398/4429 4430/4399/4430 4461/4430/4461 4460/4429/4460
f 4430/4399/4430 4431/4400/4431 4462/4431/4462 4461/4430/4461
f 4431/4400/4431 4432/4401/4432 4463/4432/4463 4462/4431/4462
f 4432/4401/4432 4433/4402/4433 4464/4433/4464 4463/4432/4463
f 4433/4402/4433 4434/4403/4434 4465/4434/4465 4464/4433/4464
f 4434/4403/4434 4435/4404/4435 4466/4435/4466 4465/4434/4465
f 4435/4404/4435 4436/4405/4436 4467/4436/4467 4466/4435/4466
f 4436/4405/4436 4437/4406/4437 4468/4437/4468 4467/4436/4467
f 4437/4406/4437 4438/4407/4438 4469/4438/4469 4468/4437/4468
f 4438/4407/4438 4439/4408/4439 4470/4439/4470 4469/4438/4469
f 4439/4408/4439 4440/4409/4440 4471/4440/4471 4470/4439/4470
f 4440/4409/4440 4441/4410/4441 4472/4441/4472 4471/4440/4471
f 4442/4412/4442 4443/4411/4443 4474/4442/4474 4473/4443/4473
f 4443/4411/4443 4444/4413/4444 4475/4444/4475 4474/4442/4474
f 4444/4413/4444 4445/4414/4445 4476/4445/4476 4475/4444/4475
f 4445/4414/4445 4446/4415/4446 4477/4446/4477 4476/4445/4476
f 4446/4415/4446 4447/4416/4447 4478/4447/4478 4477/4446/4477
f 4447/4416/4447 4448/4417/4448 4479/4448/4479 4478/4447/4478
f 4448/4417/4448 4449/4418/4449 4480/4449/4480 4479/4448/4479
f 4449/4418/4449 4450/4419/4450 4481/4450/4481 4480/4449/4480
f 4450/4419/4450 4451/4420/4451 4482/4451/4482 4481/4450/4481
f 4451/4420/4451 4452/4421/4452 4483/4452/4483 4482/4451/4482
f 4452/4421/4452 4453/4422/4453 4484/4453/4484 4483/4452/4483
f 4453/4422/4453 4454/4423/4454 4485/4454/4485 4484/4453/4484
f 4454/4423/4454 4455/4424/4455 4486/4455/4486 4485/4454/4485
f 4455/4424/4455 4456/4425/4456 4487/4456/4487 4486/4455/4486
f 4456/4425/4456 4457/4426/4457 4488/4457/4488 4487/4456/4487
f 4457/4426/4457 4458/4427/4458 4489/4458/4489 4488/4457/4488
f 4458/4427/4458 4459/4428/4459 4490/4459/4490 4489/4458/4489
f 4459/4428/4459 4460/4429/4460 4491/4460/4491 4490/4459/4490
f 4460/4429/4460 4461/4430/4461 4492/4461/4492 4491/4460/4491
f 4461/4430/4461 4462/4431/4462 4493/4462/4493 4492/4461/4492
f 4462/4431/4462 4463/4432/4463 4494/4463/4494 4493/4462/4493
f 4463/4432/4463 4464/4433/4464 4495/4464/4495 4494/4463/4494
f 4464/4433/4464 4465/4434/4465 4496/4465/4496 4495/4464/4495
f 4465/4434/4465 4466/4435/4466 4497/4466/4497 4496/4465/4496
f 4466/4435/4466 4467/4436/4467 4498/4467/4498 4497/4466/4497
f 4467/4436/4467 4468/4437/4468 4499/4468/4499 4498/4467/4498
f 4468/4437/4468 4469/4438/4469 4500/4469/4500 4499/4468/4499
f 4469/4438/4469 4470/4439/4470 4501/4470/4501 4500/4469/4500
f 4470/4439/4470 4471/4440/4471 4502/4471/4502 4501/4470/4501
f 4471/4440/4471 4472/4441/4472 4503/4472/4503 4502/4471/4502
f 4473/4443/4473 4474/4442/4474 4505/4473/4505 4504/4474/4504
f 4474/4442/4474 4475/4444/4475 4506/4475/4506 4505/4473/4505
f 4475/4444/4475 4476/4445/4476 4507/4476/4507 4506/4475/4506
f 4476/4445/4476 4477/4446/4477 4508/4477/4508 4507/4476/4507
f 4477/4446/4477 4478/4447/4478 4509/4478/4509 4508/4477/4508
f 4478/4447/4478 4479/4448/4479 4510/4479/4510 4509/4478/4509
f 4479/4448/4479 4480/4449/4480 4511/4480/4511 4510/4479/4510
f 4480/4449/4480 4481/4450/4481 4512/4481/4512 4511/4480/4511
f 4481/4450/4481 4482/4451/4482 4513/4482/4513 4512/4481/4512
f 4482/4451/4482 4483/4452/4483 4514/4483/4514 4513/4482/4513
f 4483/4452/4483 4484/4453/4484 4515/4484/4515 4514/4483/4514
f 4484/4453/4484 4485/4454/4485 4516/4485/4516 4515/4484/4515
f 4485/4454/4485 4486/4455/4486 4517/4486/4517 4516/4485/4516
f 4486/4455/4486 4487/4456/4487 4518/4487/4518 4517/4486/4517
f 4487/4456/4487 4488/4457/4488 4519/4488/4519 4518/4487/4518
f 4488/4457/4488 4489/4458/4489 4520/4489/4520 4519/4488/4519
f 4489/4458/4489 4490/4459/4490 4521/4490/4521 4520/4489/4520
f 4490/4459/4490 4491/4460/4491 4522/4491/4522 4521/4490/4521
f 4491/4460/4491 4492/4461/4492 4523/4492/4523 4522/4491/4522
f 4492/4461/4492 4493/4462/4493 4524/4493/4524 4523/4492/4523
f 4493/4462/4493 4494/4463/4494 4525/4494/4525 4524/4493/4524
f 4494/4463/4494 4495/4464/4495 4526/4495/4526 4525/4494/4525
f 4495/4464/4495 4496/4465/4496 4527/4496/4527 4526/4495/4526
f 4496/4465/4496 4497/4466/4497 4528/4497/4528 4527/4496/4527
f 4497/4466/4497 4498/4467/4498 4529/4498/4529 4528/4497/4528
f 4498/4467/4498 4499/4468/4499 4530/4499/4530 4529/4498/4529
f 4499/4468/4499 4500/4469/4500 4531/4500/4531 4530/4499/4530
f 4500/4469/4500 4501/4470/4501 4532/4501/4532 4531/4500/4531
f 4501/4470/4501 4502/4471/4502 4533/4502/4533 4532/4501/4532
f 4502/4471/4502 4503/4472/4503 4534/4503/4534 4533/4502/4533
f 4504/4474/4504 4505/4473/4505 4536/4504/4536 4535/4505/4535
f 4505/4473/4505 4506/4475/4506 4537/4506/4537 4536/4504/4536
f 4506/4475/4506 4507/4476/4507 4538/4507/4538 4537/4506/4537
f 4507/4476/4507 4508/4477/4508 4539/4508/4539 4538/4507/4538
f 4508/4477/4508 4509/4478/4509 4540/4509/4540 4539/4508/4539
f 4509/4478/4509 4510/4479/4510 4541/4510/4541 4540/4509/4540
f 4510/4479/4510 4511/4480/4511 4542/4511/4542 4541/4510/4541
f 4511/4480/4511 4512/4481/4512 4543/4512/4543 4542/4511/4542
f 4512/4481/4512 4513/4482/4513 4544/4513/4544 4543/4512/4543
f 4513/4482/4513 4514/4483/4514 4545/4514/4545 4544/4513/4544
f 4514/4483/4514 4515/4484/4515 4546/4515/4546 4545/4514/4545
f 4515/4484/4515 4516/4485/4516 4547/4516/4547 4546/4515/4546
f 4516/4485/4516 4517/4486/4517 4548/4517/4548 4547/4516/4547
f 4517/4486/4517 4518/4487/4518 4549/4518/4549 4548/4517/4548
f 4518/4487/4518 4519/4488/4519 4550/4519/4550 4549/4518/4549
f 4519/4488/4519 4520/4489/4520 4551/4520/4551 4550/4519/4550
f 4520/4489/4520 4521/4490/4521 4552/4521/4552 4551/4520/4551
f 4521/4490/4521 4522/4491/4522 4553/4522/4553 4552/4521/4552
f 4522/4491/4522 4523/4492/4523 4554/4523/4554 4553/4522/4553
f 4523/4492/4523 4524/4493/4524 4555/4524/4555 4554/4523/4554
f 4524/4493/4524 4525/4494/4525 4556/4525/4556 4555/4524/4555
f 4525/4494/4525 4526/4495/4526 4557/4526/4557 4556/4525/4556
f 4526/4495/4526 4527/4496/4527 4558/4527/4558 4557/4526/4557
f 4527/4496/4527 4528/4497/4528 4559/4528/4559 4558/4527/4558
f 4528/4497/4528 4529/4498/4529 4560/4529/4560 4559/4528/4559
f 4529/4498/4529 4530/4499/4530 4561/4530/4561 4560/4529/4560
f 4530/4499/4530 4531/4500/4531 4562/4531/4562 4561/4530/4561
f 4531/4500/4531 4532/4501/4532 4563/4532/4563 4562/4531/4562
f 4532/4501/4532 4533/4502/4533 4564/4533/4564 4563/4532/4563
f 4533/4502/4533 4534/4503/4534 4565/4534/4565 4564/4533/4564
f 4535/4505/4535 4536/4504/4536 4567/4535/4567 4566/4536/4566
f 4536/4504/4536 4537/4506/4537 4568/4537/4568 4567/4535/4567
f 4537/4506/4537 4538/4507/4538 4569/4538/4569 4568/4537/4568
f 4538/4507/4538 4539/4508/4539 4570/4539/4570 4569/4538/4569
f 4539/4508/4539 4540/4509/4540 4571/4540/4571 4570/4539/4570
f 4540/4509/4540 4541/4510/4541 4572/4541/4572 4571/4540/4571
f 4541/4510/4541 4542/4511/4542 4573/4542/4573 4572/4541/4572
f 4542/4511/4542 4543/4512/4543 4574/4543/4574 4573/4542/4573
f 4543/4512/4543 4544/4513/4544 4575/4544/4575 4574/4543/4574
f 4544/4513/4544 4545/4514/4545 4576/4545/4576 4575/4544/4575
f 4545/4514/4545 4546/4515/4546 4577/4546/4577 4576/4545/4576
f 4546/4515/4546 4547/4516/4547 4578/4547/4578 4577/4546/4577
f 4547/4516/4547 4548/4517/4548 4579/4548/4579 4578/4547/4578
f 4548/4517/4548 4549/4518/4549 4580/4549/4580 4579/4548/4579
f 4549/4518/4549 4550/4519/4550 4581/4550/4581 4580/4549/4580
f 4550/4519/4550 4551/4520/4551 4582/4551/4582 4581/4550/4581
f 4551/4520/4551 4552/4521/4552 4583/4552/4583 4582/4551/4582
f 4552/4521/4552 4553/4522/4553 4584/4553/4584 4583/4552/4583
f 4553/4522/4553 4554/4523/4554 4585/4554/4585 4584/4553/4584
f 4554/4523/4554 4555/4524/4555 4586/4555/4586 4585/4554/4585
f 4555/4524/4555 4556/4525/4556 4587/4556/4587 4586/4555/4586
f 4556/4525/4556 4557/4526/4557 4588/4557/4588 4587/4556/4587
f 4557/4526/4557 4558/4527/4558 4589/4558/4589 4588/4557/4588
f 4558/4527/4558 4559/4528/4559 4590/4559/4590 4589/4558/4589
f 4559/4528/4559 4560/4529/4560 4591/4560/4591 4590/4559/4590
f 4560/4529/4560 4561/4530/4561 4592/4561/4592 4591/4560/4591
f 4561/4530/4561 4562/4531/4562 4593/4562/4593 4592/4561/4592
f 4562/4531/4562 4563/4532/4563 4594/4563/4594 4593/4562/4593
f 4563/4532/4563 4564/4533/4564 4595/4564/4595 4594/4563/4594
f 4564/4533/4564 4565/4534/4565 4596/4565/4596 4595/4564/4595
f 4566/4536/4566 4567/4535/4567 4598/4566/4598 4597/4567/4597
f 4567/4535/4567 4568/4537/4568 4599/4568/4599 4598/4566/4598
f 4568/4537/4568 4569/4538/4569 4600/4569/4600 4599/4568/4599
f 4569/4538/4569 4570/4539/4570 4601/4570/4601 4600/4569/4600
f 4570/4539/4570 4571/4540/4571 4602/4571/4602 4601/4570/4601
f 4571/4540/4571 4572/4541/4572 4603/4572/4603 4602/4571/4602
f 4572/4541/4572 4573/4542/4573 4604/4573/4604 4603/4572/4603
f 4573/4542/4573 4574/4543/4574 4605/4574/4605 4604/4573/4604
f 4574/4543/4574 4575/4544/4575 4606/4575/4606 4605/4574/4605
f 4575/4544/4575 4576/4545/4576 4607/4576/4607 4606/4575/4606
f 4576/4545/4576 4577/4546/4577 4608/4577/4608 4607/4576/4607
f 4577/4546/4577 4578/4547/4578 4609/4578/4609 4608/4577/4608
f 4578/4547/4578 4579/4548/4579 4610/4579/4610 4609/4578/4609
f 4579/4548/4579 4580/4549/4580 4611/4580/4611 4610/4579/4610
f 4580/4549/4580 4581/4550/4581 4612/4581/4612 4611/4580/4611
f 4581/4550/4581 4582/4551/4582 4613/4582/4613 4612/4581/4612
f 4582/4551/4582 4583/4552/4583 4614/4583/4614 4613/4582/4613
f 4583/4552/4583 4584/4553/4584 4615/4584/4615 4614/4583/4614
f 4584/4553/4584 4585/4554/4585 4616/4585/4616 4615/4584/4615
f 4585/4554/4585 4586/4555/4586 4617/4586/4617 4616/4585/4616
f 4586/4555/4586 4587/4556/4587 4618/4587/4618 4617/4586/4617
f 4587/4556/4587 4588/4557/4588 4619/4588/4619 4618/4587/4618
f 4588/4557/4588 4589/4558/4589 4620/4589/4620 4619/4588/4619
f 4589/4558/4589 4590/4559/4590 4621/4590/4621 4620/4589/4620
f 4590/4559/4590 4591/4560/4591 4622/4591/4622 4621/4590/4621
f 4591/4560/4591 4592/4561/4592 4623/4592/4623 4622/4591/4622
f 4592/4561/4592 4593/4562/4593 4624/4593/4624 4623/4592/4623
f 4593/4562/4593 4594/4563/4594 4625/4594/4625 4624/4593/4624
f 4594/4563/4594 4595/4564/4595 4626/4595/4626 4625/4594/4625
f 4595/4564/4595 4596/4565/4596 4627/4596/4627 4626/4595/4626
f 4597/4567/4597 4598/4566/4598 4629/4597/4629 4628/4598/4628
f 4598/4566/4598 4599/4568/4599 4630/4599/4630 4629/4597/4629
f 4599/4568/4599 4600/4569/4600 4631/4600/4631 4630/4599/4630
f 4600/4569/4600 4601/4570/4601 4632/4601/4632 4631/4600/4631
f 4601/4570/4601 4602/4571/4602 4633/4602/4633 4632/4601/4632
f 4602/4571/4602 4603/4572/4603 4634/4603/4634 4633/4602/4633
f 4603/4572/4603 4604/4573/4604 4635/4604/4635 4634/4603/4634
f 4604/4573/4604 4605/4574/4605 4636/4605/4636 4635/4604/4635
f 4605/4574/4605 4606/4575/4606 4637/4606/4637 4636/4605/4636
f 4606/4575/4606 4607/4576/4607 4638/4607/4638 4637/4606/4637
f 4607/4576/4607 4608/4577/4608 4639/4608/4639 4638/4607/4638
f 4608/4577/4608 4609/4578/4609 4640/4609/4640 4639/4608/4639
f 4609/4578/4609 4610/4579/4610 4641/4610/4641 4640/4609/4640
f 4610/4579/4610 4611/4580/4611 4642/4611/4642 4641/4610/4641
f 4611/4580/4611 4612/4581/4612 4643/4612/4643 4642/4611/4642
f 4612/4581/4612 4613/4582/4613 4644/4613/4644 4643/4612/4643
f 4613/4582/4613 4614/4583/4614 4645/4614/4645 4644/4613/4644
f 4614/4583/4614 4615/4584/4615 4646/4615/4646 4645/4614/4645
f 4615/4584/4615 4616/4585/4616 4647/4616/4647 4646/4615/4646
f 4616/4585/4616 4617/4586/4617 4648/4617/4648 4647/4616/4647
f 4617/4586/4617 4618/4587/4618 4649/4618/4649 4648/4617/4648
f 4618/4587/4618 4619/4588/4619 4650/4619/4650 4649/4618/4649
f 4619/4588/4619 4620/4589/4620 4651/4620/4651 4650/4619/4650
f 4620/4589/4620 4621/4590/4621 4652/4621/4652 4651/4620/4651
f 4621/4590/4621 4622/4591/4622 4653/4622/4653 4652/4621/4652
f 4622/4591/4622 4623/4592/4623 4654/4623/4654 4653/4622/4653
f 4623/4592/4623 4624/4593/4624 4655/4624/4655 4654/4623/4654
f 4624/4593/4624 4625/4594/4625 4656/4625/4656 4655/4624/4655
f 4625/4594/4625 4626/4595/4626 4657/4626/4657 4656/4625/4656
f 4626/4595/4626 4627/4596/4627 4658/4627/4658 4657/4626/4657
f 4628/4598/4628 4629/4597/4629 4660/4628/4660 4659/4629/4659
f 4629/4597/4629 4630/4599/4630 4661/4630/4661 4660/4628/4660
f 4630/4599/4630 4631/4600/4631 4662/4631/4662 4661/4630/4661
f 4631/4600/4631 4632/4601/4632 4663/4632/4663 4662/4631/4662
f 4632/4601/4632 4633/4602/4633 4664/4633/4664 4663/4632/4663
f 4633/4602/4633 4634/4603/4634 4665/4634/4665 4664/4633/4664
f 4634/4603/4634 4635/4604/4635 4666/4635/4666 4665/4634/4665
f 4635/4604/4635 4636/4605/4636 4667/4636/4667 4666/4635/4666
f 4636/4605/4636 4637/4606/4637 4668/4637/4668 4667/4636/4667
f 4637/4606/4637 4638/4607/4638 4669/4638/4669 4668/4637/4668
f 4638/4607/4638 4639/4608/4639 4670/4639/4670 4669/4638/4669
f 4639/4608/4639 4640/4609/4640 4671/4640/4671 4670/4639/4670
f 4640/4609/4640 4641/4610/4641 4672/4641/4672 4671/4640/4671
f 4641/4610/4641 4642/4611/4642 4673/4642/4673 4672/4641/4672
f 4642/4611/4642 4643/4612/4643 4674/4643/4674 4673/4642/4673
f 4643/4612/4643 4644/4613/4644 4675/4644/4675 4674/4643/4674
f 4644/4613/4644 4645/4614/4645 4676/4645/4676 4675/4644/4675
f 4645/4614/4645 4646/4615/4646 4677/4646/4677 4676/4645/4676
f 4646/4615/4646 4647/4616/4647 4678/4647/4678 4677/4646/4677
f 4647/4616/4647 4648/4617/4648 4679/4648/4679 4678/4647/4678
f 4648/4617/4648 4649/4618/4649 4680/4649/4680 4679/4648/4679
f 4649/4618/4649 4650/4619/4650 4681/4650/4681 4680/4649/4680
f 4650/4619/4650 4651/4620/4651 4682/4651/4682 4681/4650/4681
f 4651/4620/4651 4652/4621/4652 4683/4652/4683 4682/4651/4682
f 4652/4621/4652 4653/4622/4653 4684/4653/4684 4683/4652/4683
f 4653/4622/4653 4654/4623/4654 4685/4654/4685 4684/4653/4684
f 4654/4623/4654 4655/4624/4655 4686/4655/4686 4685/4654/4685
f 4655/4624/4655 4656/4625/4656 4687/4656/4687 4686/4655/4686
f 4656/4625/4656 4657/4626/4657 4688/4657/4688 4687/4656/4687
f 4657/4626/4657 4658/4627/4658 4689/4658/4689 4688/4657/4688
f 4659/4629/4659 4660/4628/4660 4691/4659/4691 4690/4660/4690
f 4660/4628/4660 4661/4630/4661 4692/4661/4692 4691/4659/4691
f 4661/4630/4661 4662/4631/4662 4693/4662/4693 4692/4661/4692
f 4662/4631/4662 4663/4632/4663 4694/4663/4694 4693/4662/4693
f 4663/4632/4663 4664/4633/4664 4695/4664/4695 4694/4663/4694
f 4664/4633/4664 4665/4634/4665 4696/4665/4696 4695/4664/4695
f 4665/4634/4665 4666/4635/4666 4697/4666/4697 4696/4665/4696
f 4666/4635/4666 4667/4636/4667 4698/4667/4698 4697/4666/4697
f 4667/4636/4667 4668/4637/4668 4699/4668/4699 4698/4667/4698
f 4668/4637/4668 4669/4638/4669 4700/4669/4700 4699/4668/4699
f 4669/4638/4669 4670/4639/4670 4701/4670/4701 4700/4669/4700
f 4670/4639/4670 4671/4640/4671 4702/4671/4702 4701/4670/4701
f 4671/4640/4671 4672/4641/4672 4703/4672/4703 4702/4671/4702
f 4672/4641/4672 4673/4642/4673 4704/4673/4704 4703/4672/4703
f 4673/4642/4673 4674/4643/4674 4705/4674/4705 4704/4673/4704
f 4674/4643/4674 4675/4644/4675 4706/4675/4706 4705/4674/4705
f 4675/4644/4675 4676/4645/4676 4707/4676/4707 4706/4675/4706
f 4676/4645/4676 4677/4646/4677 4708/4677/4708 4707/4676/4707
f 4677/4646/4677 4678/4647/4678 4709/4678/4709 4708/4677/4708
f 4678/4647/4678 4679/4648/4679 4710/4679/4710 4709/4678/4709
f 4679/4648/4679 4680/4649/4680 4711/4680/4711 4710/4679/4710
f 4680/4649/4680 4681/4650/4681 4712/4681/4712 4711/4680/4711
f 4681/4650/4681 4682/4651/4682 4713/4682/4713 4712/4681/4712
f 4682/4651/4682 4683/4652/4683 4714/4683/4714 4713/4682/4713
f 4683/4652/4683 4684/4653/4684 4715/4684/4715 4714/4683/4714
f 4684/4653/4684 4685/4654/4685 4716/4685/4716 4715/4684/4715
f 4685/4654/4685 4686/4655/4686 4717/4686/4717 4716/4685/4716
f 4686/4655/4686 4687/4656/4687 4718/4687/4718 4717/4686/4717
f 4687/4656/4687 4688/4657/4688 4719/4688/4719 4718/4687/4718
f 4688/4657/4688 4689/4658/4689 4720/4689/4720 4719/4688/4719
f 4690/4660/4690 4691/4659/4691 4722/4690/4722 4721/4691/4721
f 4691/4659/4691 4692/4661/4692 4723/4692/4723 4722/4690/4722
f 4692/4661/4692 4693/4662/4693 4724/4693/4724 4723/4692/4723
f 4693/4662/4693 4694/4663/4694 4725/4694/4725 4724/4693/4724
f 4694/4663/4694 4695/4664/4695 4726/4695/4726 4725/4694/4725
f 4695/4664/4695 4696/4665/4696 4727/4696/4727 4726/4695/4726
f 4696/4665/4696 4697/4666/4697 4728/4697/4728 4727/4696/4727
f 4697/4666/4697 4698/4667/4698 4729/4698/4729 4728/4697/4728
f 4698/4667/4698 4699/4668/4699 4730/4699/4730 4729/4698/4729
f 4699/4668/4699 4700/4669/4700 4731/4700/4731 4730/4699/4730
f 4700/4669/4700 4701/4670/4701 4732/4701/4732 4731/4700/4731
f 4701/4670/4701 4702/4671/4702 4733/4702/4733 4732/4701/4732
f 4702/4671/4702 4703/4672/4703 4734/4703/4734 4733/4702/4733
f 4703/4672/4703 4704/4673/4704 4735/4704/4735 4734/4703/4734
f 4704/4673/4704 4705/4674/4705 4736/4705/4736 4735/4704/4735
f 4705/4674/4705 4706/4675/4706 4737/4706/4737 4736/4705/4736
f 4706/4675/4706 4707/4676/4707 4738/4707/4738 4737/4706/4737
f 4707/4676/4707 4708/4677/4708 4739/4708/4739 4738/4707/4738
f 4708/4677/4708 4709/4678/4709 4740/4709/4740 4739/4708/4739
f 4709/4678/4709 4710/4679/4710 4741/4710/4741 4740/4709/4740
f 4710/4679/4710 4711/4680/4711 4742/4711/4742 4741/4710/4741
f 4711/4680/4711 4712/4681/4712 4743/4712/4743 4742/4711/4742
f 4712/4681/4712 4713/4682/4713 4744/4713/4744 4743/4712/4743
f 4713/4682/4713 4714/4683/4714 4745/4714/4745 4744/4713/4744
f 4714/4683/4714 4715/4684/4715 4746/4715/4746 4745/4714/4745
f 4715/4684/4715 4716/4685/4716 4747/4716/4747 4746/4715/4746
f 4716/4685/4716 4717/4686/4717 4748/4717/4748 4747/4716/4747
f 4717/4686/4717 4718/4687/4718 4749/4718/4749 4748/4717/4748
f 4718/4687/4718 4719/4688/4719 4750/4719/4750 4749/4718/4749
f 4719/4688/4719 4720/4689/4720 4751/4720/4751 4750/4719/4750
f 4721/4691/4721 4722/4690/4722 4753/4721/4753 4752/4722/4752
f 4722/4690/4722 4723/4692/4723 4754/4723/4754 4753/4721/4753
f 4723/4692/4723 4724/4693/4724 4755/4724/4755 4754/4723/4754
f 4724/4693/4724 4725/4694/4725 4756/4725/4756 4755/4724/4755
f 4725/4694/4725 4726/4695/4726 4757/4726/4757 4756/4725/4756
f 4726/4695/4726 4727/4696/4727 4758/4727/4758 4757/4726/4757
f 4727/4696/4727 4728/4697/4728 4759/4728/4759 4758/4727/4758
f 4728/4697/4728 4729/4698/4729 4760/4729/4760 4759/4728/4759
f 4729/4698/4729 4730/4699/4730 4761/4730/4761 4760/4729/4760
f 4730/4699/4730 4731/4700/4731 4762/4731/4762 4761/4730/4761
f 4731/4700/4731 4732/4701/4732 4763/4732/4763 4762/4731/4762
f 4732/4701/4732 4733/4702/4733 4764/4733/4764 4763/4732/4763
f 4733/4702/4733 4734/4703/4734 4765/4734/4765 4764/4733/4764
f 4734/4703/4734 4735/4704/4735 4766/4735/4766 4765/4734/4765
f 4735/4704/4735 4736/4705/4736 4767/4736/4767 4766/4735/4766
f 4736/4705/4736 4737/4706/4737 4768/4737/4768 4767/4736/4767
f 4737/4706/4737 4738/4707/4738 4769/4738/4769 4768/4737/4768
f 4738/4707/4738 4739/4708/4739 4770/4739/4770 4769/4738/4769
f 4739/4708/4739 4740/4709/4740 4771/4740/4771 4770/4739/4770
f 4740/4709/4740 4741/4710/4741 4772/4741/4772 4771/4740/4771
f 4741/4710/4741 4742/4711/4742 4773/4742/4773 4772/4741/4772
f 4742/4711/4742 4743/4712/4743 4774/4743/4774 4773/4742/4773
f 4743/4712/4743 4744/4713/4744 4775/4744/4775 4774/4743/4774
f 4744/4713/4744 4745/4714/4745 4776/4745/4776 4775/4744/4775
f 4745/4714/4745 4746/4715/4746 4777/4746/4777 4776/4745/4776
f 4746/4715/4746 4747/4716/4747 4778/4747/4778 4777/4746/4777
f 4747/4716/4747 4748/4717/4748 4779/4748/4779 4778/4747/4778
f 4748/4717/4748 4749/4718/4749 4780/4749/4780 4779/4748/4779
f 4749/4718/4749 4750/4719/4750 4781/4750/4781 4780/4749/4780
f 4750/4719/4750 4751/4720/4751 4782/4751/4782 4781/4750/4781
f 4752/4722/4752 4753/4721/4753 4784/4752/4784 4783/4753/4783
f 4753/4721/4753 4754/4723/4754 4785/4754/4785 4784/4752/4784
f 4754/4723/4754 4755/4724/4755 4786/4755/4786 4785/4754/4785
f 4755/4724/4755 4756/4725/4756 4787/4756/4787 4786/4755/4786
f 4756/4725/4756 4757/4726/4757 4788/4757/4788 4787/4756/4787
f 4757/4726/4757 4758/4727/4758 4789/4758/4789 4788/4757/4788
f 4758/4727/4758 4759/4728/4759 4790/4759/4790 4789/4758/4789
f 4759/4728/4759 4760/4729/4760 4791/4760/4791 4790/4759/4790
f 4760/4729/4760 4761/4730/4761 4792/4761/4792 4791/4760/4791
f 4761/4730/4761 4762/4731/4762 4793/4762/4793 4792/4761/4792
f 4762/4731/4762 4763/4732/4763 4794/4763/4794 4793/4762/4793
f 4763/4732/4763 4764/4733/4764 4795/4764/4795 4794/4763/4794
f 4764/4733/4764 4765/4734/4765 4796/4765/4796 4795/4764/4795
f 4765/4734/4765 4766/4735/4766 4797/4766/4797 4796/4765/4796
f 4766/4735/4766 4767/4736/4767 4798/4767/4798 4797/4766/4797
f 4767/4736/4767 4768/4737/4768 4799/4768/4799 4798/4767/4798
f 4768/4737/4768 4769/4738/4769 4800/4769/4800 4799/4768/4799
f 4769/4738/4769 4770/4739/4770 4801/4770/4801 4800/4769/4800
f 4770/4739/4770 4771/4740/4771 4802/4771/4802 4801/4770/4801
f 4771/4740/4771 4772/4741/4772 4803/4772/4803 4802/4771/4802
f 4772/4741/4772 4773/4742/4773 4804/4773/4804 4803/4772/4803
f 4773/4742/4773 4774/4743/4774 4805/4774/4805 4804/4773/4804
f 4774/4743/4774 4775/4744/4775 4806/4775/4806 4805/4774/4805
f 4775/4744/4775 4776/4745/4776 4807/4776/4807 4806/4775/4806
f 4776/4745/4776 4777/4746/4777 4808/4777/4808 4807/4776/4807
f 4777/4746/4777 4778/4747/4778 4809/4778/4809 4808/4777/4808
f 4778/4747/4778 4779/4748/4779 4810/4779/4810 4809/4778/4809
f 4779/4748/4779 4780/4749/4780 4811/4780/4811 4810/4779/4810
f 4780/4749/4780 4781/4750/4781 4812/4781/4812 4811/4780/4811
f 4781/4750/4781 4782/4751/4782 4813/4782/4813 4812/4781/4812
f 4783/4753/4783 4784/4752/4784 4815/4783/4815 4814/4784/4814
f 4784/4752/4784 4785/4754/4785 4816/4785/4816 4815/4783/4815
f 4785/4754/4785 4786/4755/4786 4817/4786/4817 4816/4785/4816
f 4786/4755/4786 4787/4756/4787 4818/4787/4818 4817/4786/4817
f 4787/4756/4787 4788/4757/4788 4819/4788/4819 4818/4787/4818
f 4788/4757/4788 4789/4758/4789 4820/4789/4820 4819/4788/4819
f 4789/4758/4789 4790/4759/4790 4821/4790/4821 4820/4789/4820
f 4790/4759/4790 4791/4760/4791 4822/4791/4822 4821/4790/4821
f 4791/4760/4791 4792/4761/4792 4823/4792/4823 4822/4791/4822
f 4792/4761/4792 4793/4762/4793 4824/4793/4824 4823/4792/4823
f 4793/4762/4793 4794/4763/4794 4825/4794/4825 4824/4793/4824
f 4794/4763/4794 4795/4764/4795 4826/4795/4826 4825/4794/4825
f 4795/4764/4795 4796/4765/4796 4827/4796/4827 4826/4795/4826
f 4796/4765/4796 4797/4766/4797 4828/4797/4828 4827/4796/4827
f 4797/4766/4797 4798/4767/4798 4829/4798/4829 4828/4797/4828
f 4798/4767/4798 4799/4768/4799 4830/4799/4830 4829/4798/4829
f 4799/4768/4799 4800/4769/4800 4831/4800/4831 4830/4799/4830
f 4800/4769/4800 4801/4770/4801 4832/4801/4832 4831/4800/4831
f 4801/4770/4801 4802/4771/4802 4833/4802/4833 4832/4801/4832
f 4802/4771/4802 4803/4772/4803 4834/4803/4834 4833/4802/4833
f 4803/4772/4803 4804/4773/4804 4835/4804/4835 4834/4803/4834
f 4804/4773/4804 4805/4774/4805 4836/4805/4836 4835/4804/4835
f 4805/4774/4805 4806/4775/4806 4837/4806/4837 4836/4805/4836
f 4806/4775/4806 4807/4776/4807 4838/4807/4838 4837/4806/4837
f 4807/4776/4807 4808/4777/4808 4839/4808/4839 4838/4807/4838
f 4808/4777/4808 4809/4778/4809 4840/4809/4840 4839/4808/4839
f 4809/4778/4809 4810/4779/4810 4841/4810/4841 4840/4809/4840
f 4810/4779/4810 4811/4780/4811 4842/4811/4842 4841/4810/4841
f 4811/4780/4811 4812/4781/4812 4843/4812/4843 4842/4811/4842
f 4812/4781/4812 4813/4782/4813 4844/4813/4844 4843/4812/4843
f 4814/4784/4814 4815/4783/4815 4846/4814/4846 4845/4815/4845
f 4815/4783/4815 4816/4785/4816 4847/4816/4847 4846/4814/4846
f 4816/4785/4816 4817/4786/4817 4848/4817/4848 4847/4816/4847
f 4817/4786/4817 4818/4787/4818 4849/4818/4849 4848/4817/4848
f 4818/4787/4818 4819/4788/4819 4850/4819/4850 4849/4818/4849
f 4819/4788/4819 4820/4789/4820 4851/4820/4851 4850/4819/4850
f 4820/4789/4820 4821/4790/4821 4852/4821/4852 4851/4820/4851
f 4821/4790/4821 4822/4791/4822 4853/4822/4853 4852/4821/4852
f 4822/4791/4822 4823/4792/4823 4854/4823/4854 4853/4822/4853
f 4823/4792/4823 4824/4793/4824 4855/4824/4855 4854/4823/4854
f 4824/4793/4824 4825/4794/4825 4856/4825/4856 4855/4824/4855
f 4825/4794/4825 4826/4795/4826 4857/4826/4857 4856/4825/4856
f 4826/4795/4826 4827/4796/4827 4858/4827/4858 4857/4826/4857
f 4827/4796/4827 4828/4797/4828 4859/4828/4859 4858/4827/4858
f 4828/4797/4828 4829/4798/4829 4860/4829/4860 4859/4828/4859
f 4829/4798/4829 4830/4799/4830 4861/4830/4861 4860/4829/4860
f 4830/4799/4830 4831/4800/4831 4862/4831/4862 4861/4830/4861
f 4831/4800/4831 4832/4801/4832 4863/4832/4863 4862/4831/4862
f 4832/4801/4832 4833/4802/4833 4864/4833/4864 4863/4832/4863
f 4833/4802/4833 4834/4803/4834 4865/4834/4865 4864/4833/4864
f 4834/4803/4834 4835/4804/4835 4866/4835/4866 4865/4834/4865
f 4835/4804/4835 4836/4805/4836 4867/4836/4867 4866/4835/4866
f 4836/4805/4836 4837/4806/4837 4868/4837/4868 4867/4836/4867
f 4837/4806/4837 4838/4807/4838 4869/4838/4869 4868/4837/4868
f 4838/4807/4838 4839/4808/4839 4870/4839/4870 4869/4838/4869
f 4839/4808/4839 4840/4809/4840 4871/4840/4871 4870/4839/4870
f 4840/4809/4840 4841/4810/4841 4872/4841/4872 4871/4840/4871
f 4841/4810/4841 4842/4811/4842 4873/4842/4873 4872/4841/4872
f 4842/4811/4842 4843/4812/4843 4874/4843/4874 4873/4842/4873
f 4843/4812/4843 4844/4813/4844 4875/4844/4875 4874/4843/4874
f 4845/4815/4845 4846/4814/4846 4877/4845/4877 4876/4846/4876
f 4846/4814/4846 4847/4816/4847 4878/4847/4878 4877/4845/4877
f 4847/4816/4847 4848/4817/4848 4879/4848/4879 4878/4847/4878
f 4848/4817/4848 4849/4818/4849 4880/4849/4880 4879/4848/4879
f 4849/4818/4849 4850/4819/4850 4881/4850/4881 4880/4849/4880
f 4850/4819/4850 4851/4820/4851 4882/4851/4882 4881/4850/4881
f 4851/4820/4851 4852/4821/4852 4883/4852/4883 4882/4851/4882
f 4852/4821/4852 4853/4822/4853 4884/4853/4884 4883/4852/4883
f 4853/4822/4853 4854/4823/4854 4885/4854/4885 4884/4853/4884
f 4854/4823/4854 4855/4824/4855 4886/4855/4886 4885/4854/4885
f 4855/4824/4855 4856/4825/4856 4887/4856/4887 4886/4855/4886
f 4856/4825/4856 4857/4826/4857 4888/4857/4888 4887/4856/4887
f 4857/4826/4857 4858/4827/4858 4889/4858/4889 4888/4857/4888
f 4858/4827/4858 4859/4828/4859 4890/4859/4890 4889/4858/4889
f 4859/4828/4859 4860/4829/4860 4891/4860/4891 4890/4859/4890
f 4860/4829/4860 4861/4830/4861 4892/4861/4892 4891/4860/4891
f 4861/4830/4861 4862/4831/4862 4893/4862/4893 4892/4861/4892
f 4862/4831/4862 4863/4832/4863 4894/4863/4894 4893/4862/4893
f 4863/4832/4863 4864/4833/4864 4895/4864/4895 4894/4863/4894
f 4864/4833/4864 4865/4834/4865 4896/4865/4896 4895/4864/4895
f 4865/4834/4865 4866/4835/4866 4897/4866/4897 4896/4865/4896
f 4866/4835/4866 4867/4836/4867 4898/4867/4898 4897/4866/4897
f 4867/4836/4867 4868/4837/4868 4899/4868/4899 4898/4867/4898
f 4868/4837/4868 4869/4838/4869 4900/4869/4900 4899/4868/4899
f 4869/4838/4869 4870/4839/4870 4901/4870/4901 4900/4869/4900
f 4870/4839/4870 4871/4840/4871 4902/4871/4902 4901/4870/4901
f 4871/4840/4871 4872/4841/4872 4903/4872/4903 4902/4871/4902
f 4872/4841/4872 4873/4842/4873 4904/4873/4904 4903/4872/4903
f 4873/4842/4873 4874/4843/4874 4905/4874/4905 4904/4873/4904
f 4874/4843/4874 4875/4844/4875 4906/4875/4906 4905/4874/4905
f 4876/4846/4876 4877/4845/4877 4908/4876/4908 4907/4877/4907
f 4877/4845/4877 4878/4847/4878 4909/4878/4909 4908/4876/4908
f 4878/4847/4878 4879/4848/4879 4910/4879/4910 4909/4878/4909
f 4879/4848/4879 4880/4849/4880 4911/4880/4911 4910/4879/4910
f 4880/4849/4880 4881/4850/4881 4912/4881/4912 4911/4880/4911
f 4881/4850/4881 4882/4851/4882 4913/4882/4913 4912/4881/4912
f 4882/4851/4882 4883/4852/4883 4914/4883/4914 4913/4882/4913
f 4883/4852/4883 4884/4853/4884 4915/4884/4915 4914/4883/4914
f 4884/4853/4884 4885/4854/4885 4916/4885/4916 4915/4884/4915
f 4885/4854/4885 4886/4855/4886 4917/4886/4917 4916/4885/4916
f 4886/4855/4886 4887/4856/4887 4918/4887/4918 4917/4886/4917
f 4887/4856/4887 4888/4857/4888 4919/4888/4919 4918/4887/4918
f 4888/4857/4888 4889/4858/4889 4920/4889/4920 4919/4888/4919
f 4889/4858/4889 4890/4859/4890 4921/4890/4921 4920/4889/4920
f 4890/4859/4890 4891/4860/4891 4922/4891/4922 4921/4890/4921
f 4891/4860/4891 4892/4861/4892 4923/4892/4923 4922/4891/4922
f 4892/4861/4892 4893/4862/4893 4924/4893/4924 4923/4892/4923
f 4893/4862/4893 4894/4863/4894 4925/4894/4925 4924/4893/4924
f 4894/4863/4894 4895/4864/4895 4926/4895/4926 4925/4894/4925
f 4895/4864/4895 4896/4865/4896 4927/4896/4927 4926/4895/4926
f 4896/4865/4896 4897/4866/4897 4928/4897/4928 4927/4896/4927
f 4897/4866/4897 4898/4867/4898 4929/4898/4929 4928/4897/4928
f 4898/4867/4898 4899/4868/4899 4930/4899/4930 4929/4898/4929
f 4899/4868/4899 4900/4869/4900 4931/4900/4931 4930/4899/4930
f 4900/4869/4900 4901/4870/4901 4932/4901/4932 4931/4900/4931
f 4901/4870/4901 4902/4871/4902 4933/4902/4933 4932/4901/4932
f 4902/4871/4902 4903/4872/4903 4934/4903/4934 4933/4902/4933
f 4903/4872/4903 4904/4873/4904 4935/4904/4935 4934/4903/4934
f 4904/4873/4904 4905/4874/4905 4936/4905/4936 4935/4904/4935
f 4905/4874/4905 4906/4875/4906 4937/4906/4937 4936/4905/4936
f 4907/4877/4907 4908/4876/4908 4939/4907/4939 4938/4908/4938
f 4908/4876/4908 4909/4878/4909 4940/4909/4940 4939/4907/4939
f 4909/4878/4909 4910/4879/4910 4941/4910/4941 4940/4909/4940
f 4910/4879/4910 4911/4880/4911 4942/4911/4942 4941/4910/4941
f 4911/4880/4911 4912/4881/4912 4943/4912/4943 4942/4911/4942
f 4912/4881/4912 4913/4882/4913 4944/4913/4944 4943/4912/4943
f 4913/4882/4913 4914/4883/4914 4945/4914/4945 4944/4913/4944
f 4914/4883/4914 4915/4884/4915 4946/4915/4946 4945/4914/4945
f 4915/4884/4915 4916/4885/4916 4947/4916/4947 4946/4915/4946
f 4916/4885/4916 4917/4886/4917 4948/4917/4948 4947/4916/4947
f 4917/4886/4917 4918/4887/4918 4949/4918/4949 4948/4917/4948
f 4918/4887/4918 4919/4888/4919 4950/4919/4950 4949/4918/4949
f 4919/4888/4919 4920/4889/4920 4951/4920/4951 4950/4919/4950
f 4920/4889/4920 4921/4890/4921 4952/4921/4952 4951/4920/4951
f 4921/4890/4921 4922/4891/4922 4953/4922/4953 4952/4921/4952
f 4922/4891/4922 4923/4892/4923 4954/4923/4954 4953/4922/4953
f 4923/4892/4923 4924/4893/4924 4955/4924/4955 4954/4923/4954
f 4924/4893/4924 4925/4894/4925 4956/4925/4956 4955/4924/4955
f 4925/4894/4925 4926/4895/4926 4957/4926/4957 4956/4925/4956
f 4926/4895/4926 4927/4896/4927 4958/4927/4958 4957/4926/4957
f 4927/4896/4927 4928/4897/4928 4959/4928/4959 4958/4927/4958
f 4928/4897/4928 4929/4898/4929 4960/4929/4960 4959/4928/4959
f 4929/4898/4929 4930/4899/4930 4961/4930/4961 4960/4929/4960
f 4930/4899/4930 4931/4900/4931 4962/4931/4962 4961/4930/4961
f 4931/4900/4931 4932/4901/4932 4963/4932/4963 4962/4931/4962
f 4932/4901/4932 4933/4902/4933 4964/4933/4964 4963/4932/4963
f 4933/4902/4933 4934/4903/4934 4965/4934/4965 4964/4933/4964
f 4934/4903/4934 4935/4904/4935 4966/4935/4966 4965/4934/4965
f 4935/4904/4935 4936/4905/4936 4967/4936/4967 4966/4935/4966
f 4936/4905/4936 4937/4906/4937 4968/4937/4968 4967/4936/4967
f 4938/4908/4938 4939/4907/4939 4970/4938/4970 4969/4939/4969
f 4939/4907/4939 4940/4909/4940 4971/4940/4971 4970/4938/4970
f 4940/4909/4940 4941/4910/4941 4972/4941/4972 4971/4940/4971
f 4941/4910/4941 4942/4911/4942 4973/4942/4973 4972/4941/4972
f 4942/4911/4942 4943/4912/4943 4974/4943/4974 4973/4942/4973
f 4943/4912/4943 4944/4913/4944 4975/4944/4975 4974/4943/4974
f 4944/4913/4944 4945/4914/4945 4976/4945/4976 4975/4944/4975
f 4945/4914/4945 4946/4915/4946 4977/4946/4977 4976/4945/4976
f 4946/4915/4946 4947/4916/4947 4978/4947/4978 4977/4946/4977
f 4947/4916/4947 4948/4917/4948 4979/4948/4979 4978/4947/4978
f 4948/4917/4948 4949/4918/4949 4980/4949/4980 4979/4948/4979
f 4949/4918/4949 4950/4919/4950 4981/4950/4981 4980/4949/4980
f 4950/4919/4950 4951/4920/4951 4982/4951/4982 4981/4950/4981
f 4951/4920/4951 4952/4921/4952 4983/4952/4983 4982/4951/4982
f 4952/4921/4952 4953/4922/4953 4984/4953/4984 4983/4952/4983
f 4953/4922/4953 4954/4923/4954 4985/4954/4985 4984/4953/4984
f 4954/4923/4954 4955/4924/4955 4986/4955/4986 4985/4954/4985
f 4955/4924/4955 4956/4925/4956 4987/4956/4987 4986/4955/4986
f 4956/4925/4956 4957/4926/4957 4988/4957/4988 4987/4956/4987
f 4957/4926/4957 4958/4927/4958 4989/4958/4989 4988/4957/4988
f 4958/4927/4958 4959/4928/4959 4990/4959/4990 4989/4958/4989
f 4959/4928/4959 4960/4929/4960 4991/4960/4991 4990/4959/4990
f 4960/4929/4960 4961/4930/4961 4992/4961/4992 4991/4960/4991
f 4961/4930/4961 4962/4931/4962 4993/4962/4993 4992/4961/4992
f 4962/4931/4962 4963/4932/4963 4994/4963/4994 4993/4962/4993
f 4963/4932/4963 4964/4933/4964 4995/4964/4995 4994/4963/4994
f 4964/4933/4964 4965/4934/4965 4996/4965/4996 4995/4964/4995
f 4965/4934/4965 4966/4935/4966 4997/4966/4997 4996/4965/4996
f 4966/4935/4966 4967/4936/4967 4998/4967/4998 4997/4966/4997
f 4967/4936/4967 4968/4937/4968 4999/4968/4999 4998/4967/4998
f 4969/4939/4969 4970/4938/4970 5001/4969/5001 5000/4970/5000
f 4970/4938/4970 4971/4940/4971 5002/4971/5002 5001/4969/5001
f 4971/4940/4971 4972/4941/4972 5003/4972/5003 5002/4971/5002
f 4972/4941/4972 4973/4942/4973 5004/4973/5004 5003/4972/5003
f 4973/4942/4973 4974/4943/4974 5005/4974/5005 5004/4973/5004
f 4974/4943/4974 4975/4944/4975 5006/4975/5006 5005/4974/5005
f 4975/4944/4975 4976/4945/4976 5007/4976/5007 5006/4975/5006
f 4976/4945/4976 4977/4946/4977 5008/4977/5008 5007/4976/5007
f 4977/4946/4977 4978/4947/4978 5009/4978/5009 5008/4977/5008
f 4978/4947/4978 4979/4948/4979 5010/4979/5010 5009/4978/5009
f 4979/4948/4979 4980/4949/4980 5011/4980/5011 5010/4979/5010
f 4980/4949/4980 4981/4950/4981 5012/4981/5012 5011/4980/5011
f 4981/4950/4981 4982/4951/4982 5013/4982/5013 5012/4981/5012
f 4982/4951/4982 4983/4952/4983 5014/4983/5014 5013/4982/5013
f 4983/4952/4983 4984/4953/4984 5015/4984/5015 5014/4983/5014
f 4984/4953/4984 4985/4954/4985 5016/4985/5016 5015/4984/5015
f 4985/4954/4985 4986/4955/4986 5017/4986/5017 5016/4985/5016
f 4986/4955/4986 4987/4956/4987 5018/4987/5018 5017/4986/5017
f 4987/4956/4987 4988/4957/4988 5019/4988/5019 5018/4987/5018
f 4988/4957/4988 4989/4958/4989 5020/4989/5020 5019/4988/5019
f 4989/4958/4989 4990/4959/4990 5021/4990/5021 5020/4989/5020
f 4990/4959/4990 4991/4960/4991 5022/4991/5022 5021/4990/5021
f 4991/4960/4991 4992/4961/4992 5023/4992/5023 5022/4991/5022
f 4992/4961/4992 4993/4962/4993 5024/4993/5024 5023/4992/5023
f 4993/4962/4993 4994/4963/4994 5025/4994/5025 5024/4993/5024
f 4994/4963/4994 4995/4964/4995 5026/4995/5026 5025/4994/5025
f 4995/4964/4995 4996/4965/4996 5027/4996/5027 5026/4995/5026
f 4996/4965/4996 4997/4966/4997 5028/4997/5028 5027/4996/5027
f 4997/4966/4997 4998/4967/4998 5029/4998/5029 5028/4997/5028
f 4998/4967/4998 4999/4968/4999 5030/4999/5030 5029/4998/5029
f 5000/4970/5000 5001/4969/5001 5032/5000/5032 5031/5001/5031
f 5001/4969/5001 5002/4971/5002 5033/5002/5033 5032/5000/5032
f 5002/4971/5002 5003/4972/5003 5034/5003/5034 5033/5002/5033
f 5003/4972/5003 5004/4973/5004 5035/5004/5035 5034/5003/5034
f 5004/4973/5004 5005/4974/5005 5036/5005/5036 5035/5004/5035
f 5005/4974/5005 5006/4975/5006 5037/5006/5037 5036/5005/5036
f 5006/4975/5006 5007/4976/5007 5038/5007/5038 5037/5006/5037
f 5007/4976/5007 5008/4977/5008 5039/5008/5039 5038/5007/5038
f 5008/4977/5008 5009/4978/5009 5040/5009/5040 5039/5008/5039
f 5009/4978/5009 5010/4979/5010 5041/5010/5041 5040/5009/5040
f 5010/4979/5010 5011/4980/5011 5042/5011/5042 5041/5010/5041
f 5011/4980/5011 5012/4981/5012 5043/5012/5043 5042/5011/5042
f 5012/4981/5012 5013/4982/5013 5044/5013/5044 5043/5012/5043
f 5013/4982/5013 5014/4983/5014 5045/5014/5045 5044/5013/5044
f 5014/4983/5014 5015/4984/5015 5046/5015/5046 5045/5014/5045
f 5015/4984/5015 5016/4985/5016 5047/5016/5047 5046/5015/5046
f 5016/4985/5016 5017/4986/5017 5048/5017/5048 5047/5016/5047
f 5017/4986/5017 5018/4987/5018 5049/5018/5049 5048/5017/5048
f 5018/4987/5018 5019/4988/5019 5050/5019/5050 5049/5018/5049
f 5019/4988/5019 5020/4989/5020 5051/5020/5051 5050/5019/5050
f 5020/4989/5020 5021/4990/5021 5052/5021/5052 5051/5020/5051
f 5021/4990/5021 5022/4991/5022 5053/5022/5053 5052/5021/5052
f 5022/4991/5022 5023/4992/5023 5054/5023/5054 5053/5022/5053
f 5023/4992/5023 5024/4993/5024 5055/5024/5055 5054/5023/5054
f 5024/4993/5024 5025/4994/5025 5056/5025/5056 5055/5024/5055
f 5025/4994/5025 5026/4995/5026 5057/5026/5057 5056/5025/5056
f 5026/4995/5026 5027/4996/5027 5058/5027/5058 5057/5026/5057
f 5027/4996/5027 5028/4997/5028 5059/5028/5059 5058/5027/5058
f 5028/4997/5028 5029/4998/5029 5060/5029/5060 5059/5028/5059
f 5029/4998/5029 5030/4999/5030 5061/5030/5061 5060/5029/5060
f 5031/5001/5031 5032/5000/5032 5063/5031/5063 5062/5032/5062
f 5032/5000/5032 5033/5002/5033 5064/5033/5064 5063/5031/5063
f 5033/5002/5033 5034/5003/5034 5065/5034/5065 5064/5033/5064
f 5034/5003/5034 5035/5004/5035 5066/5035/5066 5065/5034/5065
f 5035/5004/5035 5036/5005/5036 5067/5036/5067 5066/5035/5066
f 5036/5005/5036 5037/5006/5037 5068/5037/5068 5067/5036/5067
f 5037/5006/5037 5038/5007/5038 5069/5038/5069 5068/5037/5068
f 5038/5007/5038 5039/5008/5039 5070/5039/5070 5069/5038/5069
f 5039/5008/5039 5040/5009/5040 5071/5040/5071 5070/5039/5070
f 5040/5009/5040 5041/5010/5041 5072/5041/5072 5071/5040/5071
f 5041/5010/5041 5042/5011/5042 5073/5042/5073 5072/5041/5072
f 5042/5011/5042 5043/5012/5043 5074/5043/5074 5073/5042/5073
f 5043/5012/5043 5044/5013/5044 5075/5044/5075 5074/5043/5074
f 5044/5013/5044 5045/5014/5045 5076/5045/5076 5075/5044/5075
f 5045/5014/5045 5046/5015/5046 5077/5046/5077 5076/5045/5076
f 5046/5015/5046 5047/5016/5047 5078/5047/5078 5077/5046/5077
f 5047/5016/5047 5048/5017/5048 5079/5048/5079 5078/5047/5078
f 5048/5017/5048 5049/5018/5049 5080/5049/5080 5079/5048/5079
f 5049/5018/5049 5050/5019/5050 5081/5050/5081 5080/5049/5080
f 5050/5019/5050 5051/5020/5051 5082/5051/5082 5081/5050/5081
f 5051/5020/5051 5052/5021/5052 5083/5052/5083 5082/5051/5082
f 5052/5021/5052 5053/5022/5053 5084/5053/5084 5083/5052/5083
f 5053/5022/5053 5054/5023/5054 5085/5054/5085 5084/5053/5084
f 5054/5023/5054 5055/5024/5055 5086/5055/5086 5085/5054/5085
f 5055/5024/5055 5056/5025/5056 5087/5056/5087 5086/5055/5086
f 5056/5025/5056 5057/5026/5057 5088/5057/5088 5087/5056/5087
f 5057/5026/5057 5058/5027/5058 5089/5058/5089 5088/5057/5088
f 5058/5027/5058 5059/5028/5059 5090/5059/5090 5089/5058/5089
f 5059/5028/5059 5060/5029/5060 5091/5060/5091 5090/5059/5090
f 5060/5029/5060 5061/5030/5061 5092/5061/5092 5091/5060/5091
f 5062/5032/5062 5063/5031/5063 5094/5062/5094 5093/5063/5093
f 5063/5031/5063 5064/5033/5064 5095/5064/5095 5094/5062/5094
f 5064/5033/5064 5065/5034/5065 5096/5065/5096 5095/5064/5095
f 5065/5034/5065 5066/5035/5066 5097/5066/5097 5096/5065/5096
f 5066/5035/5066 5067/5036/5067 5098/5067/5098 5097/5066/5097
f 5067/5036/5067 5068/5037/5068 5099/5068/5099 5098/5067/5098
f 5068/5037/5068 5069/5038/5069 5100/5069/5100 5099/5068/5099
f 5069/5038/5069 5070/5039/5070 5101/5070/5101 5100/5069/5100
f 5070/5039/5070 5071/5040/5071 5102/5071/5102 5101/5070/5101
f 5071/5040/5071 5072/5041/5072 5103/5072/5103 5102/5071/5102
f 5072/5041/5072 5073/5042/5073 5104/5073/5104 5103/5072/5103
f 5073/5042/5073 5074/5043/5074 5105/5074/5105 5104/5073/5104
f 5074/5043/5074 5075/5044/5075 5106/5075/5106 5105/5074/5105
f 5075/5044/5075 5076/5045/5076 5107/5076/5107 5106/5075/5106
f 5076/5045/5076 5077/5046/5077 5108/5077/5108 5107/5076/5107
f 5077/5046/5077 5078/5047/5078 5109/5078/5109 5108/5077/5108
f 5078/5047/5078 5079/5048/5079 5110/5079/5110 5109/5078/5109
f 5079/5048/5079 5080/5049/5080 5111/5080/5111 5110/5079/5110
f 5080/5049/5080 5081/5050/5081 5112/5081/5112 5111/5080/5111
f 5081/5050/5081 5082/5051/5082 5113/5082/5113 5112/5081/5112
f 5082/5051/5082 5083/5052/5083 5114/5083/5114 5113/5082/5113
f 5083/5052/5083 5084/5053/5084 5115/5084/5115 5114/5083/5114
f 5084/5053/5084 5085/5054/5085 5116/5085/5116 5115/5084/5115
f 5085/5054/5085 5086/5055/5086 5117/5086/5117 5116/5085/5116
f 5086/5055/5086 5087/5056/5087 5118/5087/5118 5117/5086/5117
f 5087/5056/5087 5088/5057/5088 5119/5088/5119 5118/5087/5118
f 5088/5057/5088 5089/5058/5089 5120/5089/5120 5119/5088/5119
f 5089/5058/5089 5090/5059/5090 5121/5090/5121 5120/5089/5120
f 5090/5059/5090 5091/5060/5091 5122/5091/5122 5121/5090/5121
f 5091/5060/5091 5092/5061/5092 5123/5092/5123 5122/5091/5122
f 5093/5063/5093 5094/5062/5094 5125/5093/5125 5124/5094/5124
f 5094/5062/5094 5095/5064/5095 5126/5095/5126 5125/5093/5125
f 5095/5064/5095 5096/5065/5096 5127/5096/5127 5126/5095/5126
f 5096/5065/5096 5097/5066/5097 5128/5097/5128 5127/5096/5127
f 5097/5066/5097 5098/5067/5098 5129/5098/5129 5128/5097/5128
f 5098/5067/5098 5099/5068/5099 5130/5099/5130 5129/5098/5129
f 5099/5068/5099 5100/5069/5100 5131/5100/5131 5130/5099/5130
f 5100/5069/5100 5101/5070/5101 5132/5101/5132 5131/5100/5131
f 5101/5070/5101 5102/5071/5102 5133/5102/5133 5132/5101/5132
f 5102/5071/5102 5103/5072/5103 5134/5103/5134 5133/5102/5133
f 5103/5072/5103 5104/5073/5104 5135/5104/5135 5134/5103/5134
f 5104/5073/5104 5105/5074/5105 5136/5105/5136 5135/5104/5135
f 5105/5074/5105 5106/5075/5106 5137/5106/5137 5136/5105/5136
f 5106/5075/5106 5107/5076/5107 5138/5107/5138 5137/5106/5137
f 5107/5076/5107 5108/5077/5108 5139/5108/5139 5138/5107/5138
f 5108/5077/5108 5109/5078/5109 5140/5109/5140 5139/5108/5139
f 5109/5078/5109 5110/5079/5110 5141/5110/5141 5140/5109/5140
f 5110/5079/5110 5111/5080/5111 5142/5111/5142 5141/5110/5141
f 5111/5080/5111 5112/5081/5112 5143/5112/5143 5142/5111/5142
f 5112/5081/5112 5113/5082/5113 5144/5113/5144 5143/5112/5143
f 5113/5082/5113 5114/5083/5114 5145/5114/5145 5144/5113/5144
f 5114/5083/5114 5115/5084/5115 5146/5115/5146 5145/5114/5145
f 5115/5084/5115 5116/5085/5116 5147/5116/5147 5146/5115/5146
f 5116/5085/5116 5117/5086/5117 5148/5117/5148 5147/5116/5147
f 5117/5086/5117 5118/5087/5118 5149/5118/5149 5148/5117/5148
f 5118/5087/5118 5119/5088/5119 5150/5119/5150 5149/5118/5149
f 5119/5088/5119 5120/5089/5120 5151/5120/5151 5150/5119/5150
f 5120/5089/5120 5121/5090/5121 5152/5121/5152 5151/5120/5151
f 5121/5090/5121 5122/5091/5122 5153/5122/5153 5152/5121/5152
f 5122/5091/5122 5123/5092/5123 5154/5123/5154 5153/5122/5153
f 5124/5094/5124 5125/5093/5125 5156/5124/5156 5155/5125/5155
f 5125/5093/5125 5126/5095/5126 5157/5126/5157 5156/5124/5156
f 5126/5095/5126 5127/5096/5127 5158/5127/5158 5157/5126/5157
f 5127/5096/5127 5128/5097/5128 5159/5128/5159 5158/5127/5158
f 5128/5097/5128 5129/5098/5129 5160/5129/5160 5159/5128/5159
f 5129/5098/5129 5130/5099/5130 5161/5130/5161 5160/5129/5160
f 5130/5099/5130 5131/5100/5131 5162/5131/5162 5161/5130/5161
f 5131/5100/5131 5132/5101/5132 5163/5132/5163 5162/5131/5162
f 5132/5101/5132 5133/5102/5133 5164/5133/5164 5163/5132/5163
f 5133/5102/5133 5134/5103/5134 5165/5134/5165 5164/5133/5164
f 5134/5103/5134 5135/5104/5135 5166/5135/5166 5165/5134/5165
f 5135/5104/5135 5136/5105/5136 5167/5136/5167 5166/5135/5166
f 5136/5105/5136 5137/5106/5137 5168/5137/5168 5167/5136/5167
f 5137/5106/5137 5138/5107/5138 5169/5138/5169 5168/5137/5168
f 5138/5107/5138 5139/5108/5139 5170/5139/5170 5169/5138/5169
f 5139/5108/5139 5140/5109/5140 5171/5140/5171 5170/5139/5170
f 5140/5109/5140 5141/5110/5141 5172/5141/5172 5171/5140/5171
f 5141/5110/5141 5142/5111/5142 5173/5142/5173 5172/5141/5172
f 5142/5111/5142 5143/5112/5143 5174/5143/5174 5173/5142/5173
f 5143/5112/5143 5144/5113/5144 5175/5144/5175 5174/5143/5174
f 5144/5113/5144 5145/5114/5145 5176/5145/5176 5175/5144/5175
f 5145/5114/5145 5146/5115/5146 5177/5146/5177 5176/5145/5176
f 5146/5115/5146 5147/5116/5147 5178/5147/5178 5177/5146/5177
f 5147/5116/5147 5148/5117/5148 5179/5148/5179 5178/5147/5178
f 5148/5117/5148 5149/5118/5149 5180/5149/5180 5179/5148/5179
f 5149/5118/5149 5150/5119/5150 5181/5150/5181 5180/5149/5180
f 5150/5119/5150 5151/5120/5151 5182/5151/5182 5181/5150/5181
f 5151/5120/5151 5152/5121/5152 5183/5152/5183 5182/5151/5182
f 5152/5121/5152 5153/5122/5153 5184/5153/5184 5183/5152/5183
f 5153/5122/5153 5154/5123/5154 5185/5154/5185 5184/5153/5184
f 1/962/1 102/964/102 4225/4194/4225 350/5155/350
f 102/964/102 103/1089/103 4226/4195/4226 4225/4194/4225
f 103/1089/103 104/1088/104 4227/4198/4227 4226/4195/4226
f 104/1088/104 105/1087/105 4228/4200/4228 4227/4198/4227
f 105/1087/105 106/1086/106 4229/4202/4229 4228/4200/4228
f 106/1086/106 107/1085/107 4230/4204/4230 4229/4202/4229
f 107/1085/107 108/1084/108 4231/4206/4231 4230/4204/4230
f 108/1084/108 109/1083/109 4232/4208/4232 4231/4206/4231
f 109/1083/109 110/1082/110 4233/4210/4233 4232/4208/4232
f 110/1082/110 111/1081/111 4234/4212/4234 4233/4210/4233
f 111/1081/111 112/1080/112 4235/4214/4235 4234/4212/4234
f 112/1080/112 113/1079/113 4236/4216/4236 4235/4214/4235
f 113/1079/113 114/1078/114 4237/4218/4237 4236/4216/4236
f 114/1078/114 115/1077/115 4238/4220/4238 4237/4218/4237
f 115/1077/115 116/1076/116 4239/4222/4239 4238/4220/4238
f 116/1076/116 117/1075/117 4240/4224/4240 4239/4222/4239
f 117/1075/117 118/1074/118 4241/4226/4241 4240/4224/4240
f 118/1074/118 119/1073/119 4242/4228/4242 4241/4226/4241
f 119/1073/119 120/1072/120 4243/4230/4243 4242/4228/4242
f 120/1072/120 121/1071/121 4244/4232/4244 4243/4230/4243
f 121/1071/121 122/1070/122 4245/4234/4245 4244/4232/4244
f 122/1070/122 123/1069/123 4246/4236/4246 4245/4234/4245
f 123/1069/123 124/1068/124 4247/4238/4247 4246/4236/4246
f 124/1068/124 125/1067/125 4248/4240/4248 4247/4238/4247
f 125/1067/125 126/1066/126 4249/4242/4249 4248/4240/4248
f 126/1066/126 127/1065/127 4250/4244/4250 4249/4242/4249
f 127/1065/127 128/1064/128 4251/4246/4251 4250/4244/4250
f 128/1064/128 129/1063/129 4252/4248/4252 4251/4246/4251
f 129/1063/129 130/1062/130 4253/4250/4253 4252/4248/4252
f 130/1062/130 131/1061/131 4254/4252/4254 4253/4250/4253
f 131/1061/131 132/1059/132 4255/4254/4255 4254/4252/4254
f 132/1059/132 3/1060/3 319/4163/319 4255/4254/4255
f 4255/4254/4255 319/4163/319 320/4193/320 4286/4255/4286
f 4286/4255/4286 320/4193/320 321/4192/321 4317/4286/4317
f 4317/4286/4317 321/4192/321 322/4191/322 4348/4317/4348
f 4348/4317/4348 322/4191/322 323/4190/323 4379/4348/4379
f 4379/4348/4379 323/4190/323 324/4189/324 4410/4379/4410
f 4410/4379/4410 324/4189/324 325/4188/325 4441/4410/4441
f 4441/4410/4441 325/4188/325 326/4187/326 4472/4441/4472
f 4472/4441/4472 326/4187/326 327/4186/327 4503/4472/4503
f 4503/4472/4503 327/4186/327 328/4185/328 4534/4503/4534
f 4534/4503/4534 328/4185/328 329/4184/329 4565/4534/4565
f 4565/4534/4565 329/4184/329 330/4183/330 4596/4565/4596
f 4596/4565/4596 330/4183/330 331/4182/331 4627/4596/4627
f 4627/4596/4627 331/4182/331 332/4181/332 4658/4627/4658
f 4658/4627/4658 332/4181/332 333/4180/333 4689/4658/4689
f 4689/4658/4689 333/4180/333 334/4179/334 4720/4689/4720
f 4720/4689/4720 334/4179/334 335/4178/335 4751/4720/4751
f 4751/4720/4751 335/4178/335 336/4177/336 4782/4751/4782
f 4782/4751/4782 336/4177/336 337/4176/337 4813/4782/4813
f 4813/4782/4813 337/4176/337 338/4175/338 4844/4813/4844
f 4844/4813/4844 338/4175/338 339/4174/339 4875/4844/4875
f 4875/4844/4875 339/4174/339 340/4173/340 4906/4875/4906
f 4906/4875/4906 340/4173/340 341/4172/341 4937/4906/4937
f 4937/4906/4937 341/4172/341 342/4171/342 4968/4937/4968
f 4968/4937/4968 342/4171/342 343/4170/343 4999/4968/4999
f 4999/4968/4999 343/4170/343 344/4169/344 5030/4999/5030
f 5030/4999/5030 344/4169/344 345/4168/345 5061/5030/5061
f 5061/5030/5061 345/4168/345 346/4167/346 5092/5061/5092
f 5092/5061/5092 346/4167/346 347/4166/347 5123/5092/5123
f 5123/5092/5123 347/4166/347 348/4165/348 5154/5123/5154
f 5154/5123/5154 348/4165/348 349/4164/349 5185/5154/5185
f 5185/5154/5185 349/4164/349 4/2116/4 226/2115/226
f 5184/5153/5184 5185/5154/5185 226/2115/226 227/2114/227
f 5183/5152/5183 5184/5153/5184 227/2114/227 228/2113/228
f 5182/5151/5182 5183/5152/5183 228/2113/228 229/2112/229
f 5181/5150/5181 5182/5151/5182 229/2112/229 230/2111/230
f 5180/5149/5180 5181/5150/5181 230/2111/230 231/2110/231
f 5179/5148/5179 5180/5149/5180 231/2110/231 232/2109/232
f 5178/5147/5178 5179/5148/5179 232/2109/232 233/2108/233
f 5177/5146/5177 5178/5147/5178 233/2108/233 234/2107/234
f 5176/5145/5176 5177/5146/5177 234/2107/234 235/2106/235
f 5175/5144/5175 5176/5145/5176 235/2106/235 236/2105/236
f 5174/5143/5174 5175/5144/5175 236/2105/236 237/2104/237
f 5173/5142/5173 5174/5143/5174 237/2104/237 238/2103/238
f 5172/5141/5172 5173/5142/5173 238/2103/238 239/2102/239
f 5171/5140/5171 5172/5141/5172 239/2102/239 240/2101/240
f 5170/5139/5170 5171/5140/5171 240/2101/240 241/2100/241
f 5169/5138/5169 5170/5139/5170 241/2100/241 242/2099/242
f 5168/5137/5168 5169/5138/5169 242/2099/242 243/2098/243
f 5167/5136/5167 5168/5137/5168 243/2098/243 244/2097/244
f 5166/5135/5166 5167/5136/5167 244/2097/244 245/2096/245
f 5165/5134/5165 5166/5135/5166 245/2096/245 246/2095/246
f 5164/5133/5164 5165/5134/5165 246/2095/246 247/2094/247
f 5163/5132/5163 5164/5133/5164 247/2094/247 248/2093/248
f 5162/5131/5162 5163/5132/5163 248/2093/248 249/2092/249
f 5161/5130/5161 5162/5131/5162 249/2092/249 250/2091/250
f 5160/5129/5160 5161/5130/5161 250/2091/250 251/2090/251
f 5159/5128/5159 5160/5129/5160 251/2090/251 252/2089/252
f 5158/5127/5158 5159/5128/5159 252/2089/252 253/2088/253
f 5157/5126/5157 5158/5127/5158 253/2088/253 254/2087/254
f 5156/5124/5156 5157/5126/5157 254/2087/254 255/2086/255
f 5155/5125/5155 5156/5124/5156 255/2086/255 256/2085/256
f 380/5156/380 5155/5125/5155 256/2085/256 2/2084/2
f 379/5157/379 5124/5094/5124 5155/5125/5155 380/5156/380
f 378/5158/378 5093/5063/5093 5124/5094/5124 379/5157/379
f 377/5159/377 5062/5032/5062 5093/5063/5093 378/5158/378
f 376/5160/376 5031/5001/5031 5062/5032/5062 377/5159/377
f 375/5161/375 5000/4970/5000 5031/5001/5031 376/5160/376
f 374/5162/374 4969/4939/4969 5000/4970/5000 375/5161/375
f 373/5163/373 4938/4908/4938 4969/4939/4969 374/5162/374
f 372/5164/372 4907/4877/4907 4938/4908/4938 373/5163/373
f 371/5165/371 4876/4846/4876 4907/4877/4907 372/5164/372
f 370/5166/370 4845/4815/4845 4876/4846/4876 371/5165/371
f 369/5167/369 4814/4784/4814 4845/4815/4845 370/5166/370
f 368/5168/368 4783/4753/4783 4814/4784/4814 369/5167/369
f 367/5169/367 4752/4722/4752 4783/4753/4783 368/5168/368
f 366/5170/366 4721/4691/4721 4752/4722/4752 367/5169/367
f 365/5171/365 4690/4660/4690 4721/4691/4721 366/5170/366
f 364/5172/364 4659/4629/4659 4690/4660/4690 365/5171/365
f 363/5173/363 4628/4598/4628 4659/4629/4659 364/5172/364
f 362/5174/362 4597/4567/4597 4628/4598/4628 363/5173/363
f 361/5175/361 4566/4536/4566 4597/4567/4597 362/5174/362
f 360/5176/360 4535/4505/4535 4566/4536/4566 361/5175/361
f 359/5177/359 4504/4474/4504 4535/4505/4535 360/5176/360
f 358/5178/358 4473/4443/4473 4504/4474/4504 359/5177/359
f 357/5179/357 4442/4412/4442 4473/4443/4473 358/5178/358
f 356/5180/356 4411/4381/4411 4442/4412/4442 357/5179/357
f 355/5181/355 4380/4350/4380 4411/4381/4411 356/5180/356
f 354/5182/354 4349/4319/4349 4380/4350/4380 355/5181/355
f 353/5183/353 4318/4288/4318 4349/4319/4349 354/5182/354
f 352/5184/352 4287/4257/4287 4318/4288/4318 353/5183/353
f 351/5185/351 4256/4197/4256 4287/4257/4287 352/5184/352
f 350/5155/350 4225/4194/4225 4256/4197/4256 351/5185/351
f 5186/5186/5186 5187/5187/5187 5218/5188/5218 5217/5189/5217
f 5187/5187/5187 5188/5190/5188 5219/5191/5219 5218/5188/5218
f 5188/5190/5188 5189/5192/5189 5220/5193/5220 5219/5191/5219
f 5189/5192/5189 5190/5194/5190 5221/5195/5221 5220/5193/5220
f 5190/5194/5190 5191/5196/5191 5222/5197/5222 5221/5195/5221
f 5191/5196/5191 5192/5198/5192 5223/5199/5223 5222/5197/5222
f 5192/5198/5192 5193/5200/5193 5224/5201/5224 5223/5199/5223
f 5193/5200/5193 5194/5202/5194 5225/5203/5225 5224/5201/5224
f 5194/5202/5194 5195/5204/5195 5226/5205/5226 5225/5203/5225
f 5195/5204/5195 5196/5206/5196 5227/5207/5227 5226/5205/5226
f 5196/5206/5196 5197/5208/5197 5228/5209/5228 5227/5207/5227
f 5197/5208/5197 5198/5210/5198 5229/5211/5229 5228/5209/5228
f 5198/5210/5198 5199/5212/5199 5230/5213/5230 5229/5211/5229
f 5199/5212/5199 5200/5214/5200 5231/5215/5231 5230/5213/5230
f 5200/5214/5200 5201/5216/5201 5232/5217/5232 5231/5215/5231
f 5201/5216/5201 5202/5218/5202 5233/5219/5233 5232/5217/5232
f 5202/5218/5202 5203/5220/5203 5234/5221/5234 5233/5219/5233
f 5203/5220/5203 5204/5222/5204 5235/5223/5235 5234/5221/5234
f 5204/5222/5204 5205/5224/5205 5236/5225/5236 5235/5223/5235
f 5205/5224/5205 5206/5226/5206 5237/5227/5237 5236/5225/5236
f 5206/5226/5206 5207/5228/5207 5238/5229/5238 5237/5227/5237
f 5207/5228/5207 5208/5230/5208 5239/5231/5239 5238/5229/5238
f 5208/5230/5208 5209/5232/5209 5240/5233/5240 5239/5231/5239
f 5209/5232/5209 5210/5234/5210 5241/5235/5241 5240/5233/5240
f 5210/5234/5210 5211/5236/5211 5242/5237/5242 5241/5235/5241
f 5211/5236/5211 5212/5238/5212 5243/5239/5243 5242/5237/5242
f 5212/5238/5212 5213/5240/5213 5244/5241/5244 5243/5239/5243
f 5213/5240/5213 5214/5242/5214 5245/5243/5245 5244/5241/5244
f 5214/5242/5214 5215/5244/5215 5246/5245/5246 5245/5243/5245
f 5215/5244/5215 5216/5246/5216 5247/5247/5247 5246/5245/5246
f 5217/5189/5217 5218/5188/5218 5249/5248/5249 5248/5249/5248
f 5218/5188/5218 5219/5191/5219 5250/5250/5250 5249/5248/5249
f 5219/5191/5219 5220/5193/5220 5251/5251/5251 5250/5250/5250
f 5220/5193/5220 5221/5195/5221 5252/5252/5252 5251/5251/5251
f 5221/5195/5221 5222/5197/5222 5253/5253/5253 5252/5252/5252
f 5222/5197/5222 5223/5199/5223 5254/5254/5254 5253/5253/5253
f 5223/5199/5223 5224/5201/5224 5255/5255/5255 5254/5254/5254
f 5224/5201/5224 5225/5203/5225 5256/5256/5256 5255/5255/5255
f 5225/5203/5225 5226/5205/5226 5257/5257/5257 5256/5256/5256
f 5226/5205/5226 5227/5207/5227 5258/5258/5258 5257/5257/5257
f 5227/5207/5227 5228/5209/5228 5259/5259/5259 5258/5258/5258
f 5228/5209/5228 5229/5211/5229 5260/5260/5260 5259/5259/5259
f 5229/5211/5229 5230/5213/5230 5261/5261/5261 5260/5260/5260
f 5230/5213/5230 5231/5215/5231 5262/5262/5262 5261/5261/5261
f 5231/5215/5231 5232/5217/5232 5263/5263/5263 5262/5262/5262
f 5232/5217/5232 5233/5219/5233 5264/5264/5264 5263/5263/5263
f 5233/5219/5233 5234/5221/5234 5265/5265/5265 5264/5264/5264
f 5234/5221/5234 5235/5223/5235 5266/5266/5266 5265/5265/5265
f 5235/5223/5235 5236/5225/5236 5267/5267/5267 5266/5266/5266
f 5236/5225/5236 5237/5227/5237 5268/5268/5268 5267/5267/5267
f 5237/5227/5237 5238/5229/5238 5269/5269/5269 5268/5268/5268
f 5238/5229/5238 5239/5231/5239 5270/5270/5270 5269/5269/5269
f 5239/5231/5239 5240/5233/5240 5271/5271/5271 5270/5270/5270
f 5240/5233/5240 5241/5235/5241 5272/5272/5272 5271/5271/5271
f 5241/5235/5241 5242/5237/5242 5273/5273/5273 5272/5272/5272
f 5242/5237/5242 5243/5239/5243 5274/5274/5274 5273/5273/5273
f 5243/5239/5243 5244/5241/5244 5275/5275/5275 5274/5274/5274
f 5244/5241/5244 5245/5243/5245 5276/5276/5276 5275/5275/5275
f 5245/5243/5245 5246/5245/5246 5277/5277/5277 5276/5276/5276
f 5246/5245/5246 5247/5247/5247 5278/5278/5278 5277/5277/5277
f 5248/5249/5248 5249/5248/5249 5280/5279/5280 5279/5280/5279
f 5249/5248/5249 5250/5250/5250 5281/5281/5281 5280/5279/5280
f 5250/5250/5250 5251/5251/5251 5282/5282/5282 5281/5281/5281
f 5251/5251/5251 5252/5252/5252 5283/5283/5283 5282/5282/5282
f 5252/5252/5252 5253/5253/5253 5284/5284/5284 5283/5283/5283
f 5253/5253/5253 5254/5254/5254 5285/5285/5285 5284/5284/5284
f 5254/5254/5254 5255/5255/5255 5286/5286/5286 5285/5285/5285
f 5255/5255/5255 5256/5256/5256 5287/5287/5287 5286/5286/5286
f 5256/5256/5256 5257/5257/5257 5288/5288/5288 5287/5287/5287
f 5257/5257/5257 5258/5258/5258 5289/5289/5289 5288/5288/5288
f 5258/5258/5258 5259/5259/5259 5290/5290/5290 5289/5289/5289
f 5259/5259/5259 5260/5260/5260 5291/5291/5291 5290/5290/5290
f 5260/5260/5260 5261/5261/5261 5292/5292/5292 5291/5291/5291
f 5261/5261/5261 5262/5262/5262 5293/5293/5293 5292/5292/5292
f 5262/5262/5262 5263/5263/5263 5294/5294/5294 5293/5293/5293
f 5263/5263/5263 5264/5264/5264 5295/5295/5295 5294/5294/5294
f 5264/5264/5264 5265/5265/5265 5296/5296/5296 5295/5295/5295
f 5265/5265/5265 5266/5266/5266 5297/5297/5297 5296/5296/5296
f 5266/5266/5266 5267/5267/5267 5298/5298/5298 5297/5297/5297
f 5267/5267/5267 5268/5268/5268 5299/5299/5299 5298/5298/5298
f 5268/5268/5268 5269/5269/5269 5300/5300/5300 5299/5299/5299
f 5269/5269/5269 5270/5270/5270 5301/5301/5301 5300/5300/5300
f 5270/5270/5270 5271/5271/5271 5302/5302/5302 5301/5301/5301
f 5271/5271/5271 5272/5272/5272 5303/5303/5303 5302/5302/5302
f 5272/5272/5272 5273/5273/5273 5304/5304/5304 5303/5303/5303
f 5273/5273/5273 5274/5274/5274 5305/5305/5305 5304/5304/5304
f 5274/5274/5274 5275/5275/5275 5306/5306/5306 5305/5305/5305
f 5275/5275/5275 5276/5276/5276 5307/5307/5307 5306/5306/5306
f 5276/5276/5276 5277/5277/5277 5308/5308/5308 5307/5307/5307
f 5277/5277/5277 5278/5278/5278 5309/5309/5309 5308/5308/5308
f 5279/5280/5279 5280/5279/5280 5311/5310/5311 5310/5311/5310
f 5280/5279/5280 5281/5281/5281 5312/5312/5312 5311/5310/5311
f 5281/5281/5281 5282/5282/5282 5313/5313/5313 5312/5312/5312
f 5282/5282/5282 5283/5283/5283 5314/5314/5314 5313/5313/5313
f 5283/5283/5283 5284/5284/5284 5315/5315/5315 5314/5314/5314
f 5284/5284/5284 5285/5285/5285 5316/5316/5316 5315/5315/5315
f 5285/5285/5285 5286/5286/5286 5317/5317/5317 5316/5316/5316
f 5286/5286/5286 5287/5287/5287 5318/5318/5318 5317/5317/5317
f 5287/5287/5287 5288/5288/5288 5319/5319/5319 5318/5318/5318
f 5288/5288/5288 5289/5289/5289 5320/5320/5320 5319/5319/5319
f 5289/5289/5289 5290/5290/5290 5321/5321/5321 5320/5320/5320
f 5290/5290/5290 5291/5291/5291 5322/5322/5322 5321/5321/5321
f 5291/5291/5291 5292/5292/5292 5323/5323/5323 5322/5322/5322
f 5292/5292/5292 5293/5293/5293 5324/5324/5324 5323/5323/5323
f 5293/5293/5293 5294/5294/5294 5325/5325/5325 5324/5324/5324
f 5294/5294/5294 5295/5295/5295 5326/5326/5326 5325/5325/5325
f 5295/5295/5295 5296/5296/5296 5327/5327/5327 5326/5326/5326
f 5296/5296/5296 5297/5297/5297 5328/5328/5328 5327/5327/5327
f 5297/5297/5297 5298/5298/5298 5329/5329/5329 5328/5328/5328
f 5298/5298/5298 5299/5299/5299 5330/5330/5330 5329/5329/5329
f 5299/5299/5299 5300/5300/5300 5331/5331/5331 5330/5330/5330
f 5300/5300/5300 5301/5301/5301 5332/5332/5332 5331/5331/5331
f 5301/5301/5301 5302/5302/5302 5333/5333/5333 5332/5332/5332
f 5302/5302/5302 5303/5303/5303 5334/5334/5334 5333/5333/5333
f 5303/5303/5303 5304/5304/5304 5335/5335/5335 5334/5334/5334
f 5304/5304/5304 5305/5305/5305 5336/5336/5336 5335/5335/5335
f 5305/5305/5305 5306/5306/5306 5337/5337/5337 5336/5336/5336
f 5306/5306/5306 5307/5307/5307 5338/5338/5338 5337/5337/5337
f 5307/5307/5307 5308/5308/5308 5339/5339/5339 5338/5338/5338
f 5308/5308/5308 5309/5309/5309 5340/5340/5340 5339/5339/5339
f 5310/5311/5310 5311/5310/5311 5342/5341/5342 5341/5342/5341
f 5311/5310/5311 5312/5312/5312 5343/5343/5343 5342/5341/5342
f 5312/5312/5312 5313/5313/5313 5344/5344/5344 5343/5343/5343
f 5313/5313/5313 5314/5314/5314 5345/5345/5345 5344/5344/5344
f 5314/5314/5314 5315/5315/5315 5346/5346/5346 5345/5345/5345
f 5315/5315/5315 5316/5316/5316 5347/5347/5347 5346/5346/5346
f 5316/5316/5316 5317/5317/5317 5348/5348/5348 5347/5347/5347
f 5317/5317/5317 5318/5318/5318 5349/5349/5349 5348/5348/5348
f 5318/5318/5318 5319/5319/5319 5350/5350/5350 5349/5349/5349
f 5319/5319/5319 5320/5320/5320 5351/5351/5351 5350/5350/5350
f 5320/5320/5320 5321/5321/5321 5352/5352/5352 5351/5351/5351
f 5321/5321/5321 5322/5322/5322 5353/5353/5353 5352/5352/5352
f 5322/5322/5322 5323/5323/5323 5354/5354/5354 5353/5353/5353
f 5323/5323/5323 5324/5324/5324 5355/5355/5355 5354/5354/5354
f 5324/5324/5324 5325/5325/5325 5356/5356/5356 5355/5355/5355
f 5325/5325/5325 5326/5326/5326 5357/5357/5357 5356/5356/5356
f 5326/5326/5326 5327/5327/5327 5358/5358/5358 5357/5357/5357
f 5327/5327/5327 5328/5328/5328 5359/5359/5359 5358/5358/5358
f 5328/5328/5328 5329/5329/5329 5360/5360/5360 5359/5359/5359
f 5329/5329/5329 5330/5330/5330 5361/5361/5361 5360/5360/5360
f 5330/5330/5330 5331/5331/5331 5362/5362/5362 5361/5361/5361
f 5331/5331/5331 5332/5332/5332 5363/5363/5363 5362/5362/5362
f 5332/5332/5332 5333/5333/5333 5364/5364/5364 5363/5363/5363
f 5333/5333/5333 5334/5334/5334 5365/5365/5365 5364/5364/5364
f 5334/5334/5334 5335/5335/5335 5366/5366/5366 5365/5365/5365
f 5335/5335/5335 5336/5336/5336 5367/5367/5367 5366/5366/5366
f 5336/5336/5336 5337/5337/5337 5368/5368/5368 5367/5367/5367
f 5337/5337/5337 5338/5338/5338 5369/5369/5369 5368/5368/5368
f 5338/5338/5338 5339/5339/5339 5370/5370/5370 5369/5369/5369
f 5339/5339/5339 5340/5340/5340 5371/5371/5371 5370/5370/5370
f 5341/5342/5341 5342/5341/5342 5373/5372/5373 5372/5373/5372
f 5342/5341/5342 5343/5343/5343 5374/5374/5374 5373/5372/5373
f 5343/5343/5343 5344/5344/5344 5375/5375/5375 5374/5374/5374
f 5344/5344/5344 5345/5345/5345 5376/5376/5376 5375/5375/5375
f 5345/5345/5345 5346/5346/5346 5377/5377/5377 5376/5376/5376
f 5346/5346/5346 5347/5347/5347 5378/5378/5378 5377/5377/5377
f 5347/5347/5347 5348/5348/5348 5379/5379/5379 5378/5378/5378
f 5348/5348/5348 5349/5349/5349 5380/5380/5380 5379/5379/5379
f 5349/5349/5349 5350/5350/5350 5381/5381/5381 5380/5380/5380
f 5350/5350/5350 5351/5351/5351 5382/5382/5382 5381/5381/5381
f 5351/5351/5351 5352/5352/5352 5383/5383/5383 5382/5382/5382
f 5352/5352/5352 5353/5353/5353 5384/5384/5384 5383/5383/5383
f 5353/5353/5353 5354/5354/5354 5385/5385/5385 5384/5384/5384
f 5354/5354/5354 5355/5355/5355 5386/5386/5386 5385/5385/5385
f 5355/5355/5355 5356/5356/5356 5387/5387/5387 5386/5386/5386
f 5356/5356/5356 5357/5357/5357 5388/5388/5388 5387/5387/5387
f 5357/5357/5357 5358/5358/5358 5389/5389/5389 5388/5388/5388
f 5358/5358/5358 5359/5359/5359 5390/5390/5390 5389/5389/5389
f 5359/5359/5359 5360/5360/5360 5391/5391/5391 5390/5390/5390
f 5360/5360/5360 5361/5361/5361 5392/5392/5392 5391/5391/5391
f 5361/5361/5361 5362/5362/5362 5393/5393/5393 5392/5392/5392
f 5362/5362/5362 5363/5363/5363 5394/5394/5394 5393/5393/5393
f 5363/5363/5363 5364/5364/5364 5395/5395/5395 5394/5394/5394
f 5364/5364/5364 5365/5365/5365 5396/5396/5396 5395/5395/5395
f 5365/5365/5365 5366/5366/5366 5397/5397/5397 5396/5396/5396
f 5366/5366/5366 5367/5367/5367 5398/5398/5398 5397/5397/5397
f 5367/5367/5367 5368/5368/5368 5399/5399/5399 5398/5398/5398
f 5368/5368/5368 5369/5369/5369 5400/5400/5400 5399/5399/5399
f 5369/5369/5369 5370/5370/5370 5401/5401/5401 5400/5400/5400
f 5370/5370/5370 5371/5371/5371 5402/5402/5402 5401/5401/5401
f 5372/5373/5372 5373/5372/5373 5404/5403/5404 5403/5404/5403
f 5373/5372/5373 5374/5374/5374 5405/5405/5405 5404/5403/5404
f 5374/5374/5374 5375/5375/5375 5406/5406/5406 5405/5405/5405
f 5375/5375/5375 5376/5376/5376 5407/5407/5407 5406/5406/5406
f 5376/5376/5376 5377/5377/5377 5408/5408/5408 5407/5407/5407
f 5377/5377/5377 5378/5378/5378 5409/5409/5409 5408/5408/5408
f 5378/5378/5378 5379/5379/5379 5410/5410/5410 5409/5409/5409
f 5379/5379/5379 5380/5380/5380 5411/5411/5411 5410/5410/5410
f 5380/5380/5380 5381/5381/5381 5412/5412/5412 5411/5411/5411
f 5381/5381/5381 5382/5382/5382 5413/5413/5413 5412/5412/5412
f 5382/5382/5382 5383/5383/5383 5414/5414/5414 5413/5413/5413
f 5383/5383/5383 5384/5384/5384 5415/5415/5415 5414/5414/5414
f 5384/5384/5384 5385/5385/5385 5416/5416/5416 5415/5415/5415
f 5385/5385/5385 5386/5386/5386 5417/5417/5417 5416/5416/5416
f 5386/5386/5386 5387/5387/5387 5418/5418/5418 5417/5417/5417
f 5387/5387/5387 5388/5388/5388 5419/5419/5419 5418/5418/5418
f 5388/5388/5388 5389/5389/5389 5420/5420/5420 5419/5419/5419
f 5389/5389/5389 5390/5390/5390 5421/5421/5421 5420/5420/5420
f 5390/5390/5390 5391/5391/5391 5422/5422/5422 5421/5421/5421
f 5391/5391/5391 5392/5392/5392 5423/5423/5423 5422/5422/5422
f 5392/5392/5392 5393/5393/5393 5424/5424/5424 5423/5423/5423
f 5393/5393/5393 5394/5394/5394 5425/5425/5425 5424/5424/5424
f 5394/5394/5394 5395/5395/5395 5426/5426/5426 5425/5425/5425
f 5395/5395/5395 5396/5396/5396 5427/5427/5427 5426/5426/5426
f 5396/5396/5396 5397/5397/5397 5428/5428/5428 5427/5427/5427
f 5397/5397/5397 5398/5398/5398 5429/5429/5429 5428/5428/5428
f 5398/5398/5398 5399/5399/5399 5430/5430/5430 5429/5429/5429
f 5399/5399/5399 5400/5400/5400 5431/5431/5431 5430/5430/5430
f 5400/5400/5400 5401/5401/5401 5432/5432/5432 5431/5431/5431
f 5401/5401/5401 5402/5402/5402 5433/5433/5433 5432/5432/5432
f 5403/5404/5403 5404/5403/5404 5435/5434/5435 5434/5435/5434
f 5404/5403/5404 5405/5405/5405 5436/5436/5436 5435/5434/5435
f 5405/5405/5405 5406/5406/5406 5437/5437/5437 5436/5436/5436
f 5406/5406/5406 5407/5407/5407 5438/5438/5438 5437/5437/5437
f 5407/5407/5407 5408/5408/5408 5439/5439/5439 5438/5438/5438
f 5408/5408/5408 5409/5409/5409 5440/5440/5440 5439/5439/5439
f 5409/5409/5409 5410/5410/5410 5441/5441/5441 5440/5440/5440
f 5410/5410/5410 5411/5411/5411 5442/5442/5442 5441/5441/5441
f 5411/5411/5411 5412/5412/5412 5443/5443/5443 5442/5442/5442
f 5412/5412/5412 5413/5413/5413 5444/5444/5444 5443/5443/5443
f 5413/5413/5413 5414/5414/5414 5445/5445/5445 5444/5444/5444
f 5414/5414/5414 5415/5415/5415 5446/5446/5446 5445/5445/5445
f 5415/5415/5415 5416/5416/5416 5447/5447/5447 5446/5446/5446
f 5416/5416/5416 5417/5417/5417 5448/5448/5448 5447/5447/5447
f 5417/5417/5417 5418/5418/5418 5449/5449/5449 5448/5448/5448
f 5418/5418/5418 5419/5419/5419 5450/5450/5450 5449/5449/5449
f 5419/5419/5419 5420/5420/5420 5451/5451/5451 5450/5450/5450
f 5420/5420/5420 5421/5421/5421 5452/5452/5452 5451/5451/5451
f 5421/5421/5421 5422/5422/5422 5453/5453/5453 5452/5452/5452
f 5422/5422/5422 5423/5423/5423 5454/5454/5454 5453/5453/5453
f 5423/5423/5423 5424/5424/5424 5455/5455/5455 5454/5454/5454
f 5424/5424/5424 5425/5425/5425 5456/5456/5456 5455/5455/5455
f 5425/5425/5425 5426/5426/5426 5457/5457/5457 5456/5456/5456
f 5426/5426/5426 5427/5427/5427 5458/5458/5458 5457/5457/5457
f 5427/5427/5427 5428/5428/5428 5459/5459/5459 5458/5458/5458
f 5428/5428/5428 5429/5429/5429 5460/5460/5460 5459/5459/5459
f 5429/5429/5429 5430/5430/5430 5461/5461/5461 5460/5460/5460
f 5430/5430/5430 5431/5431/5431 5462/5462/5462 5461/5461/5461
f 5431/5431/5431 5432/5432/5432 5463/5463/5463 5462/5462/5462
f 5432/5432/5432 5433/5433/5433 5464/5464/5464 5463/5463/5463
f 5434/5435/5434 5435/5434/5435 5466/5465/5466 5465/5466/5465
f 5435/5434/5435 5436/5436/5436 5467/5467/5467 5466/5465/5466
f 5436/5436/5436 5437/5437/5437 5468/5468/5468 5467/5467/5467
f 5437/5437/5437 5438/5438/5438 5469/5469/5469 5468/5468/5468
f 5438/5438/5438 5439/5439/5439 5470/5470/5470 5469/5469/5469
f 5439/5439/5439 5440/5440/5440 5471/5471/5471 5470/5470/5470
f 5440/5440/5440 5441/5441/5441 5472/5472/5472 5471/5471/5471
f 5441/5441/5441 5442/5442/5442 5473/5473/5473 5472/5472/5472
f 5442/5442/5442 5443/5443/5443 5474/5474/5474 5473/5473/5473
f 5443/5443/5443 5444/5444/5444 5475/5475/5475 5474/5474/5474
f 5444/5444/5444 5445/5445/5445 5476/5476/5476 5475/5475/5475
f 5445/5445/5445 5446/5446/5446 5477/5477/5477 5476/5476/5476
f 5446/5446/5446 5447/5447/5447 5478/5478/5478 5477/5477/5477
f 5447/5447/5447 5448/5448/5448 5479/5479/5479 5478/5478/5478
f 5448/5448/5448 5449/5449/5449 5480/5480/5480 5479/5479/5479
f 5449/5449/5449 5450/5450/5450 5481/5481/5481 5480/5480/5480
f 5450/5450/5450 5451/5451/5451 5482/5482/5482 5481/5481/5481
f 5451/5451/5451 5452/5452/5452 5483/5483/5483 5482/5482/5482
f 5452/5452/5452 5453/5453/5453 5484/5484/5484 5483/5483/5483
f 5453/5453/5453 5454/5454/5454 5485/5485/5485 5484/5484/5484
f 5454/5454/5454 5455/5455/5455 5486/5486/5486 5485/5485/5485
f 5455/5455/5455 5456/5456/5456 5487/5487/5487 5486/5486/5486
f 5456/5456/5456 5457/5457/5457 5488/5488/5488 5487/5487/5487
f 5457/5457/5457 5458/5458/5458 5489/5489/5489 5488/5488/5488
f 5458/5458/5458 5459/5459/5459 5490/5490/5490 5489/5489/5489
f 5459/5459/5459 5460/5460/5460 5491/5491/5491 5490/5490/5490
f 5460/5460/5460 5461/5461/5461 5492/5492/5492 5491/5491/5491
f 5461/5461/5461 5462/5462/5462 5493/5493/5493 5492/5492/5492
f 5462/5462/5462 5463/5463/5463 5494/5494/5494 5493/5493/5493
f 5463/5463/5463 5464/5464/5464 5495/5495/5495 5494/5494/5494
f 5465/5466/5465 5466/5465/5466 5497/5496/5497 5496/5497/5496
f 5466/5465/5466 5467/5467/5467 5498/5498/5498 5497/5496/5497
f 5467/5467/5467 5468/5468/5468 5499/5499/5499 5498/5498/5498
f 5468/5468/5468 5469/5469/5469 5500/5500/5500 5499/5499/5499
f 5469/5469/5469 5470/5470/5470 5501/5501/5501 5500/5500/5500
f 5470/5470/5470 5471/5471/5471 5502/5502/5502 5501/5501/5501
f 5471/5471/5471 5472/5472/5472 5503/5503/5503 5502/5502/5502
f 5472/5472/5472 5473/5473/5473 5504/5504/5504 5503/5503/5503
f 5473/5473/5473 5474/5474/5474 5505/5505/5505 5504/5504/5504
f 5474/5474/5474 5475/5475/5475 5506/5506/5506 5505/5505/5505
f 5475/5475/5475 5476/5476/5476 5507/5507/5507 5506/5506/5506
f 5476/5476/5476 5477/5477/5477 5508/5508/5508 5507/5507/5507
f 5477/5477/5477 5478/5478/5478 5509/5509/5509 5508/5508/5508
f 5478/5478/5478 5479/5479/5479 5510/5510/5510 5509/5509/5509
f 5479/5479/5479 5480/5480/5480 5511/5511/5511 5510/5510/5510
f 5480/5480/5480 5481/5481/5481 5512/5512/5512 5511/5511/5511
f 5481/5481/5481 5482/5482/5482 5513/5513/5513 5512/5512/5512
f 5482/5482/5482 5483/5483/5483 5514/5514/5514 5513/5513/5513
f 5483/5483/5483 5484/5484/5484 5515/5515/5515 5514/5514/5514
f 5484/5484/5484 5485/5485/5485 5516/5516/5516 5515/5515/5515
f 5485/5485/5485 5486/5486/5486 5517/5517/5517 5516/5516/5516
f 5486/5486/5486 5487/5487/5487 5518/5518/5518 5517/5517/5517
f 5487/5487/5487 5488/5488/5488 5519/5519/5519 5518/5518/5518
f 5488/5488/5488 5489/5489/5489 5520/5520/5520 5519/5519/5519
f 5489/5489/5489 5490/5490/5490 5521/5521/5521 5520/5520/5520
f 5490/5490/5490 5491/5491/5491 5522/5522/5522 5521/5521/5521
f 5491/5491/5491 5492/5492/5492 5523/5523/5523 5522/5522/5522
f 5492/5492/5492 5493/5493/5493 5524/5524/5524 5523/5523/5523
f 5493/5493/5493 5494/5494/5494 5525/5525/5525 5524/5524/5524
f 5494/5494/5494 5495/5495/5495 5526/5526/5526 5525/5525/5525
f 5496/5497/5496 5497/5496/5497 5528/5527/5528 5527/5528/5527
f 5497/5496/5497 5498/5498/5498 5529/5529/5529 5528/5527/5528
f 5498/5498/5498 5499/5499/5499 5530/5530/5530 5529/5529/5529
f 5499/5499/5499 5500/5500/5500 5531/5531/5531 5530/5530/5530
f 5500/5500/5500 5501/5501/5501 5532/5532/5532 5531/5531/5531
f 5501/5501/5501 5502/5502/5502 5533/5533/5533 5532/5532/5532
f 5502/5502/5502 5503/5503/5503 5534/5534/5534 5533/5533/5533
f 5503/5503/5503 5504/5504/5504 5535/5535/5535 5534/5534/5534
f 5504/5504/5504 5505/5505/5505 5536/5536/5536 5535/5535/5535
f 5505/5505/5505 5506/5506/5506 5537/5537/5537 5536/5536/5536
f 5506/5506/5506 5507/5507/5507 5538/5538/5538 5537/5537/5537
f 5507/5507/5507 5508/5508/5508 5539/5539/5539 5538/5538/5538
f 5508/5508/5508 5509/5509/5509 5540/5540/5540 5539/5539/5539
f 5509/5509/5509 5510/5510/5510 5541/5541/5541 5540/5540/5540
f 5510/5510/5510 5511/5511/5511 5542/5542/5542 5541/5541/5541
f 5511/5511/5511 5512/5512/5512 5543/5543/5543 5542/5542/5542
f 5512/5512/5512 5513/5513/5513 5544/5544/5544 5543/5543/5543
f 5513/5513/5513 5514/5514/5514 5545/5545/5545 5544/5544/5544
f 5514/5514/5514 5515/5515/5515 5546/5546/5546 5545/5545/5545
f 5515/5515/5515 5516/5516/5516 5547/5547/5547 5546/5546/5546
f 5516/5516/5516 5517/5517/5517 5548/5548/5548 5547/5547/5547
f 5517/5517/5517 5518/5518/5518 5549/5549/5549 5548/5548/5548
f 5518/5518/5518 5519/5519/5519 5550/5550/5550 5549/5549/5549
f 5519/5519/5519 5520/5520/5520 5551/5551/5551 5550/5550/5550
f 5520/5520/5520 5521/5521/5521 5552/5552/5552 5551/5551/5551
f 5521/5521/5521 5522/5522/5522 5553/5553/5553 5552/5552/5552
f 5522/5522/5522 5523/5523/5523 5554/5554/5554 5553/5553/5553
f 5523/5523/5523 5524/5524/5524 5555/5555/5555 5554/5554/5554
f 5524/5524/5524 5525/5525/5525 5556/5556/5556 5555/5555/5555
f 5525/5525/5525 5526/5526/5526 5557/5557/5557 5556/5556/5556
f 5527/5528/5527 5528/5527/5528 5559/5558/5559 5558/5559/5558
f 5528/5527/5528 5529/5529/5529 5560/5560/5560 5559/5558/5559
f 5529/5529/5529 5530/5530/5530 5561/5561/5561 5560/5560/5560
f 5530/5530/5530 5531/5531/5531 5562/5562/5562 5561/5561/5561
f 5531/5531/5531 5532/5532/5532 5563/5563/5563 5562/5562/5562
f 5532/5532/5532 5533/5533/5533 5564/5564/5564 5563/5563/5563
f 5533/5533/5533 5534/5534/5534 5565/5565/5565 5564/5564/5564
f 5534/5534/5534 5535/5535/5535 5566/5566/5566 5565/5565/5565
f 5535/5535/5535 5536/5536/5536 5567/5567/5567 5566/5566/5566
f 5536/5536/5536 5537/5537/5537 5568/5568/5568 5567/5567/5567
f 5537/5537/5537 5538/5538/5538 5569/5569/5569 5568/5568/5568
f 5538/5538/5538 5539/5539/5539 5570/5570/5570 5569/5569/5569
f 5539/5539/5539 5540/5540/5540 5571/5571/5571 5570/5570/5570
f 5540/5540/5540 5541/5541/5541 5572/5572/5572 5571/5571/5571
f 5541/5541/5541 5542/5542/5542 5573/5573/5573 5572/5572/5572
f 5542/5542/5542 5543/5543/5543 5574/5574/5574 5573/5573/5573
f 5543/5543/5543 5544/5544/5544 5575/5575/5575 5574/5574/5574
f 5544/5544/5544 5545/5545/5545 5576/5576/5576 5575/5575/5575
f 5545/5545/5545 5546/5546/5546 5577/5577/5577 5576/5576/5576
f 5546/5546/5546 5547/5547/5547 5578/5578/5578 5577/5577/5577
f 5547/5547/5547 5548/5548/5548 5579/5579/5579 5578/5578/5578
f 5548/5548/5548 5549/5549/5549 5580/5580/5580 5579/5579/5579
f 5549/5549/5549 5550/5550/5550 5581/5581/5581 5580/5580/5580
f 5550/5550/5550 5551/5551/5551 5582/5582/5582 5581/5581/5581
f 5551/5551/5551 5552/5552/5552 5583/5583/5583 5582/5582/5582
f 5552/5552/5552 5553/5553/5553 5584/5584/5584 5583/5583/5583
f 5553/5553/5553 5554/5554/5554 5585/5585/5585 5584/5584/5584
f 5554/5554/5554 5555/5555/5555 5586/5586/5586 5585/5585/5585
f 5555/5555/5555 5556/5556/5556 5587/5587/5587 5586/5586/5586
f 5556/5556/5556 5557/5557/5557 5588/5588/5588 5587/5587/5587
f 5558/5559/5558 5559/5558/5559 5590/5589/5590 5589/5590/5589
f 5559/5558/5559 5560/5560/5560 5591/5591/5591 5590/5589/5590
f 5560/5560/5560 5561/5561/5561 5592/5592/5592 5591/5591/5591
f 5561/5561/5561 5562/5562/5562 5593/5593/5593 5592/5592/5592
f 5562/5562/5562 5563/5563/5563 5594/5594/5594 5593/5593/5593
f 5563/5563/5563 5564/5564/5564 5595/5595/5595 5594/5594/5594
f 5564/5564/5564 5565/5565/5565 5596/5596/5596 5595/5595/5595
f 5565/5565/5565 5566/5566/5566 5597/5597/5597 5596/5596/5596
f 5566/5566/5566 5567/5567/5567 5598/5598/5598 5597/5597/5597
f 5567/5567/5567 5568/5568/5568 5599/5599/5599 5598/5598/5598
f 5568/5568/5568 5569/5569/5569 5600/5600/5600 5599/5599/5599
f 5569/5569/5569 5570/5570/5570 5601/5601/5601 5600/5600/5600
f 5570/5570/5570 5571/5571/5571 5602/5602/5602 5601/5601/5601
f 5571/5571/5571 5572/5572/5572 5603/5603/5603 5602/5602/5602
f 5572/5572/5572 5573/5573/5573 5604/5604/5604 5603/5603/5603
f 5573/5573/5573 5574/5574/5574 5605/5605/5605 5604/5604/5604
f 5574/5574/5574 5575/5575/5575 5606/5606/5606 5605/5605/5605
f 5575/5575/5575 5576/5576/5576 5607/5607/5607 5606/5606/5606
f 5576/5576/5576 5577/5577/5577 5608/5608/5608 5607/5607/5607
f 5577/5577/5577 5578/5578/5578 5609/5609/5609 5608/5608/5608
f 5578/5578/5578 5579/5579/5579 5610/5610/5610 5609/5609/5609
f 5579/5579/5579 5580/5580/5580 5611/5611/5611 5610/5610/5610
f 5580/5580/5580 5581/5581/5581 5612/5612/5612 5611/5611/5611
f 5581/5581/5581 5582/5582/5582 5613/5613/5613 5612/5612/5612
f 5582/5582/5582 5583/5583/5583 5614/5614/5614 5613/5613/5613
f 5583/5583/5583 5584/5584/5584 5615/5615/5615 5614/5614/5614
f 5584/5584/5584 5585/5585/5585 5616/5616/5616 5615/5615/5615
f 5585/5585/5585 5586/5586/5586 5617/5617/5617 5616/5616/5616
f 5586/5586/5586 5587/5587/5587 5618/5618/5618 5617/5617/5617
f 5587/5587/5587 5588/5588/5588 5619/5619/5619 5618/5618/5618
f 5589/5590/5589 5590/5589/5590 5621/5620/5621 5620/5621/5620
f 5590/5589/5590 5591/5591/5591 5622/5622/5622 5621/5620/5621
f 5591/5591/5591 5592/5592/5592 5623/5623/5623 5622/5622/5622
f 5592/5592/5592 5593/5593/5593 5624/5624/5624 5623/5623/5623
f 5593/5593/5593 5594/5594/5594 5625/5625/5625 5624/5624/5624
f 5594/5594/5594 5595/5595/5595 5626/5626/5626 5625/5625/5625
f 5595/5595/5595 5596/5596/5596 5627/5627/5627 5626/5626/5626
f 5596/5596/5596 5597/5597/5597 5628/5628/5628 5627/5627/5627
f 5597/5597/5597 5598/5598/5598 5629/5629/5629 5628/5628/5628
f 5598/5598/5598 5599/5599/5599 5630/5630/5630 5629/5629/5629
f 5599/5599/5599 5600/5600/5600 5631/5631/5631 5630/5630/5630
f 5600/5600/5600 5601/5601/5601 5632/5632/5632 5631/5631/5631
f 5601/5601/5601 5602/5602/5602 5633/5633/5633 5632/5632/5632
f 5602/5602/5602 5603/5603/5603 5634/5634/5634 5633/5633/5633
f 5603/5603/5603 5604/5604/5604 5635/5635/5635 5634/5634/5634
f 5604/5604/5604 5605/5605/5605 5636/5636/5636 5635/5635/5635
f 5605/5605/5605 5606/5606/5606 5637/5637/5637 5636/5636/5636
f 5606/5606/5606 5607/5607/5607 5638/5638/5638 5637/5637/5637
f 5607/5607/5607 5608/5608/5608 5639/5639/5639 5638/5638/5638
f 5608/5608/5608 5609/5609/5609 5640/5640/5640 5639/5639/5639
f 5609/5609/5609 5610/5610/5610 5641/5641/5641 5640/5640/5640
f 5610/5610/5610 5611/5611/5611 5642/5642/5642 5641/5641/5641
f 5611/5611/5611 5612/5612/5612 5643/5643/5643 5642/5642/5642
f 5612/5612/5612 5613/5613/5613 5644/5644/5644 5643/5643/5643
f 5613/5613/5613 5614/5614/5614 5645/5645/5645 5644/5644/5644
f 5614/5614/5614 5615/5615/5615 5646/5646/5646 5645/5645/5645
f 5615/5615/5615 5616/5616/5616 5647/5647/5647 5646/5646/5646
f 5616/5616/5616 5617/5617/5617 5648/5648/5648 5647/5647/5647
f 5617/5617/5617 5618/5618/5618 5649/5649/5649 5648/5648/5648
f 5618/5618/5618 5619/5619/5619 5650/5650/5650 5649/5649/5649
f 5620/5621/5620 5621/5620/5621 5652/5651/5652 5651/5652/5651
f 5621/5620/5621 5622/5622/5622 5653/5653/5653 5652/5651/5652
f 5622/5622/5622 5623/5623/5623 5654/5654/5654 5653/5653/5653
f 5623/5623/5623 5624/5624/5624 5655/5655/5655 5654/5654/5654
f 5624/5624/5624 5625/5625/5625 5656/5656/5656 5655/5655/5655
f 5625/5625/5625 5626/5626/5626 5657/5657/5657 5656/5656/5656
f 5626/5626/5626 5627/5627/5627 5658/5658/5658 5657/5657/5657
f 5627/5627/5627 5628/5628/5628 5659/5659/5659 5658/5658/5658
f 5628/5628/5628 5629/5629/5629 5660/5660/5660 5659/5659/5659
f 5629/5629/5629 5630/5630/5630 5661/5661/5661 5660/5660/5660
f 5630/5630/5630 5631/5631/5631 5662/5662/5662 5661/5661/5661
f 5631/5631/5631 5632/5632/5632 5663/5663/5663 5662/5662/5662
f 5632/5632/5632 5633/5633/5633 5664/5664/5664 5663/5663/5663
f 5633/5633/5633 5634/5634/5634 5665/5665/5665 5664/5664/5664
f 5634/5634/5634 5635/5635/5635 5666/5666/5666 5665/5665/5665
f 5635/5635/5635 5636/5636/5636 5667/5667/5667 5666/5666/5666
f 5636/5636/5636 5637/5637/5637 5668/5668/5668 5667/5667/5667
f 5637/5637/5637 5638/5638/5638 5669/5669/5669 5668/5668/5668
f 5638/5638/5638 5639/5639/5639 5670/5670/5670 5669/5669/5669
f 5639/5639/5639 5640/5640/5640 5671/5671/5671 5670/5670/5670
f 5640/5640/5640 5641/5641/5641 5672/5672/5672 5671/5671/5671
f 5641/5641/5641 5642/5642/5642 5673/5673/5673 5672/5672/5672
f 5642/5642/5642 5643/5643/5643 5674/5674/5674 5673/5673/5673
f 5643/5643/5643 5644/5644/5644 5675/5675/5675 5674/5674/5674
f 5644/5644/5644 5645/5645/5645 5676/5676/5676 5675/5675/5675
f 5645/5645/5645 5646/5646/5646 5677/5677/5677 5676/5676/5676
f 5646/5646/5646 5647/5647/5647 5678/5678/5678 5677/5677/5677
f 5647/5647/5647 5648/5648/5648 5679/5679/5679 5678/5678/5678
f 5648/5648/5648 5649/5649/5649 5680/5680/5680 5679/5679/5679
f 5649/5649/5649 5650/5650/5650 5681/5681/5681 5680/5680/5680
f 5651/5652/5651 5652/5651/5652 5683/5682/5683 5682/5683/5682
f 5652/5651/5652 5653/5653/5653 5684/5684/5684 5683/5682/5683
f 5653/5653/5653 5654/5654/5654 5685/5685/5685 5684/5684/5684
f 5654/5654/5654 5655/5655/5655 5686/5686/5686 5685/5685/5685
f 5655/5655/5655 5656/5656/5656 5687/5687/5687 5686/5686/5686
f 5656/5656/5656 5657/5657/5657 5688/5688/5688 5687/5687/5687
f 5657/5657/5657 5658/5658/5658 5689/5689/5689 5688/5688/5688
f 5658/5658/5658 5659/5659/5659 5690/5690/5690 5689/5689/5689
f 5659/5659/5659 5660/5660/5660 5691/5691/5691 5690/5690/5690
f 5660/5660/5660 5661/5661/5661 5692/5692/5692 5691/5691/5691
f 5661/5661/5661 5662/5662/5662 5693/5693/5693 5692/5692/5692
f 5662/5662/5662 5663/5663/5663 5694/5694/5694 5693/5693/5693
f 5663/5663/5663 5664/5664/5664 5695/5695/5695 5694/5694/5694
f 5664/5664/5664 5665/5665/5665 5696/5696/5696 5695/5695/5695
f 5665/5665/5665 5666/5666/5666 5697/5697/5697 5696/5696/5696
f 5666/5666/5666 5667/5667/5667 5698/5698/5698 5697/5697/5697
f 5667/5667/5667 5668/5668/5668 5699/5699/5699 5698/5698/5698
f 5668/5668/5668 5669/5669/5669 5700/5700/5700 5699/5699/5699
f 5669/5669/5669 5670/5670/5670 5701/5701/5701 5700/5700/5700
f 5670/5670/5670 5671/5671/5671 5702/5702/5702 5701/5701/5701
f 5671/5671/5671 5672/5672/5672 5703/5703/5703 5702/5702/5702
f 5672/5672/5672 5673/5673/5673 5704/5704/5704 5703/5703/5703
f 5673/5673/5673 5674/5674/5674 5705/5705/5705 5704/5704/5704
f 5674/5674/5674 5675/5675/5675 5706/5706/5706 5705/5705/5705
f 5675/5675/5675 5676/5676/5676 5707/5707/5707 5706/5706/5706
f 5676/5676/5676 5677/5677/5677 5708/5708/5708 5707/5707/5707
f 5677/5677/5677 5678/5678/5678 5709/5709/5709 5708/5708/5708
f 5678/5678/5678 5679/5679/5679 5710/5710/5710 5709/5709/5709
f 5679/5679/5679 5680/5680/5680 5711/5711/5711 5710/5710/5710
f 5680/5680/5680 5681/5681/5681 5712/5712/5712 5711/5711/5711
f 5682/5683/5682 5683/5682/5683 5714/5713/5714 5713/5714/5713
f 5683/5682/5683 5684/5684/5684 5715/5715/5715 5714/5713/5714
f 5684/5684/5684 5685/5685/5685 5716/5716/5716 5715/5715/5715
f 5685/5685/5685 5686/5686/5686 5717/5717/5717 5716/5716/5716
f 5686/5686/5686 5687/5687/5687 5718/5718/5718 5717/5717/5717
f 5687/5687/5687 5688/5688/5688 5719/5719/5719 5718/5718/5718
f 5688/5688/5688 5689/5689/5689 5720/5720/5720 5719/5719/5719
f 5689/5689/5689 5690/5690/5690 5721/5721/5721 5720/5720/5720
f 5690/5690/5690 5691/5691/5691 5722/5722/5722 5721/5721/5721
f 5691/5691/5691 5692/5692/5692 5723/5723/5723 5722/5722/5722
f 5692/5692/5692 5693/5693/5693 5724/5724/5724 5723/5723/5723
f 5693/5693/5693 5694/5694/5694 5725/5725/5725 5724/5724/5724
f 5694/5694/5694 5695/5695/5695 5726/5726/5726 5725/5725/5725
f 5695/5695/5695 5696/5696/5696 5727/5727/5727 5726/5726/5726
f 5696/5696/5696 5697/5697/5697 5728/5728/5728 5727/5727/5727
f 5697/5697/5697 5698/5698/5698 5729/5729/5729 5728/5728/5728
f 5698/5698/5698 5699/5699/5699 5730/5730/5730 5729/5729/5729
f 5699/5699/5699 5700/5700/5700 5731/5731/5731 5730/5730/5730
f 5700/5700/5700 5701/5701/5701 5732/5732/5732 5731/5731/5731
f 5701/5701/5701 5702/5702/5702 5733/5733/5733 5732/5732/5732
f 5702/5702/5702 5703/5703/5703 5734/5734/5734 5733/5733/5733
f 5703/5703/5703 5704/5704/5704 5735/5735/5735 5734/5734/5734
f 5704/5704/5704 5705/5705/5705 5736/5736/5736 5735/5735/5735
f 5705/5705/5705 5706/5706/5706 5737/5737/5737 5736/5736/5736
f 5706/5706/5706 5707/5707/5707 5738/5738/5738 5737/5737/5737
f 5707/5707/5707 5708/5708/5708 5739/5739/5739 5738/5738/5738
f 5708/5708/5708 5709/5709/5709 5740/5740/5740 5739/5739/5739
f 5709/5709/5709 5710/5710/5710 5741/5741/5741 5740/5740/5740
f 5710/5710/5710 5711/5711/5711 5742/5742/5742 5741/5741/5741
f 5711/5711/5711 5712/5712/5712 5743/5743/5743 5742/5742/5742
f 5713/5714/5713 5714/5713/5714 5745/5744/5745 5744/5745/5744
f 5714/5713/5714 5715/5715/5715 5746/5746/5746 5745/5744/5745
f 5715/5715/5715 5716/5716/5716 5747/5747/5747 5746/5746/5746
f 5716/5716/5716 5717/5717/5717 5748/5748/5748 5747/5747/5747
f 5717/5717/5717 5718/5718/5718 5749/5749/5749 5748/5748/5748
f 5718/5718/5718 5719/5719/5719 5750/5750/5750 5749/5749/5749
f 5719/5719/5719 5720/5720/5720 5751/5751/5751 5750/5750/5750
f 5720/5720/5720 5721/5721/5721 5752/5752/5752 5751/5751/5751
f 5721/5721/5721 5722/5722/5722 5753/5753/5753 5752/5752/5752
f 5722/5722/5722 5723/5723/5723 5754/5754/5754 5753/5753/5753
f 5723/5723/5723 5724/5724/5724 5755/5755/5755 5754/5754/5754
f 5724/5724/5724 5725/5725/5725 5756/5756/5756 5755/5755/5755
f 5725/5725/5725 5726/5726/5726 5757/5757/5757 5756/5756/5756
f 5726/5726/5726 5727/5727/5727 5758/5758/5758 5757/5757/5757
f 5727/5727/5727 5728/5728/5728 5759/5759/5759 5758/5758/5758
f 5728/5728/5728 5729/5729/5729 5760/5760/5760 5759/5759/5759
f 5729/5729/5729 5730/5730/5730 5761/5761/5761 5760/5760/5760
f 5730/5730/5730 5731/5731/5731 5762/5762/5762 5761/5761/5761
f 5731/5731/5731 5732/5732/5732 5763/5763/5763 5762/5762/5762
f 5732/5732/5732 5733/5733/5733 5764/5764/5764 5763/5763/5763
f 5733/5733/5733 5734/5734/5734 5765/5765/5765 5764/5764/5764
f 5734/5734/5734 5735/5735/5735 5766/5766/5766 5765/5765/5765
f 5735/5735/5735 5736/5736/5736 5767/5767/5767 5766/5766/5766
f 5736/5736/5736 5737/5737/5737 5768/5768/5768 5767/5767/5767
f 5737/5737/5737 5738/5738/5738 5769/5769/5769 5768/5768/5768
f 5738/5738/5738 5739/5739/5739 5770/5770/5770 5769/5769/5769
f 5739/5739/5739 5740/5740/5740 5771/5771/5771 5770/5770/5770
f 5740/5740/5740 5741/5741/5741 5772/5772/5772 5771/5771/5771
f 5741/5741/5741 5742/5742/5742 5773/5773/5773 5772/5772/5772
f 5742/5742/5742 5743/5743/5743 5774/5774/5774 5773/5773/5773
f 5744/5745/5744 5745/5744/5745 5776/5775/5776 5775/5776/5775
f 5745/5744/5745 5746/5746/5746 5777/5777/5777 5776/5775/5776
f 5746/5746/5746 5747/5747/5747 5778/5778/5778 5777/5777/5777
f 5747/5747/5747 5748/5748/5748 5779/5779/5779 5778/5778/5778
f 5748/5748/5748 5749/5749/5749 5780/5780/5780 5779/5779/5779
f 5749/5749/5749 5750/5750/5750 5781/5781/5781 5780/5780/5780
f 5750/5750/5750 5751/5751/5751 5782/5782/5782 5781/5781/5781
f 5751/5751/5751 5752/5752/5752 5783/5783/5783 5782/5782/5782
f 5752/5752/5752 5753/5753/5753 5784/5784/5784 5783/5783/5783
f 5753/5753/5753 5754/5754/5754 5785/5785/5785 5784/5784/5784
f 5754/5754/5754 5755/5755/5755 5786/5786/5786 5785/5785/5785
f 5755/5755/5755 5756/5756/5756 5787/5787/5787 5786/5786/5786
f 5756/5756/5756 5757/5757/5757 5788/5788/5788 5787/5787/5787
f 5757/5757/5757 5758/5758/5758 5789/5789/5789 5788/5788/5788
f 5758/5758/5758 5759/5759/5759 5790/5790/5790 5789/5789/5789
f 5759/5759/5759 5760/5760/5760 5791/5791/5791 5790/5790/5790
f 5760/5760/5760 5761/5761/5761 5792/5792/5792 5791/5791/5791
f 5761/5761/5761 5762/5762/5762 5793/5793/5793 5792/5792/5792
f 5762/5762/5762 5763/5763/5763 5794/5794/5794 5793/5793/5793
f 5763/5763/5763 5764/5764/5764 5795/5795/5795 5794/5794/5794
f 5764/5764/5764 5765/5765/5765 5796/5796/5796 5795/5795/5795
f 5765/5765/5765 5766/5766/5766 5797/5797/5797 5796/5796/5796
f 5766/5766/5766 5767/5767/5767 5798/5798/5798 5797/5797/5797
f 5767/5767/5767 5768/5768/5768 5799/5799/5799 5798/5798/5798
f 5768/5768/5768 5769/5769/5769 5800/5800/5800 5799/5799/5799
f 5769/5769/5769 5770/5770/5770 5801/5801/5801 5800/5800/5800
f 5770/5770/5770 5771/5771/5771 5802/5802/5802 5801/5801/5801
f 5771/5771/5771 5772/5772/5772 5803/5803/5803 5802/5802/5802
f 5772/5772/5772 5773/5773/5773 5804/5804/5804 5803/5803/5803
f 5773/5773/5773 5774/5774/5774 5805/5805/5805 5804/5804/5804
f 5775/5776/5775 5776/5775/5776 5807/5806/5807 5806/5807/5806
f 5776/5775/5776 5777/5777/5777 5808/5808/5808 5807/5806/5807
f 5777/5777/5777 5778/5778/5778 5809/5809/5809 5808/5808/5808
f 5778/5778/5778 5779/5779/5779 5810/5810/5810 5809/5809/5809
f 5779/5779/5779 5780/5780/5780 5811/5811/5811 5810/5810/5810
f 5780/5780/5780 5781/5781/5781 5812/5812/5812 5811/5811/5811
f 5781/5781/5781 5782/5782/5782 5813/5813/5813 5812/5812/5812
f 5782/5782/5782 5783/5783/5783 5814/5814/5814 5813/5813/5813
f 5783/5783/5783 5784/5784/5784 5815/5815/5815 5814/5814/5814
f 5784/5784/5784 5785/5785/5785 5816/5816/5816 5815/5815/5815
f 5785/5785/5785 5786/5786/5786 5817/5817/5817 5816/5816/5816
f 5786/5786/5786 5787/5787/5787 5818/5818/5818 5817/5817/5817
f 5787/5787/5787 5788/5788/5788 5819/5819/5819 5818/5818/5818
f 5788/5788/5788 5789/5789/5789 5820/5820/5820 5819/5819/5819
f 5789/5789/5789 5790/5790/5790 5821/5821/5821 5820/5820/5820
f 5790/5790/5790 5791/5791/5791 5822/5822/5822 5821/5821/5821
f 5791/5791/5791 5792/5792/5792 5823/5823/5823 5822/5822/5822
f 5792/5792/5792 5793/5793/5793 5824/5824/5824 5823/5823/5823
f 5793/5793/5793 5794/5794/5794 5825/5825/5825 5824/5824/5824
f 5794/5794/5794 5795/5795/5795 5826/5826/5826 5825/5825/5825
f 5795/5795/5795 5796/5796/5796 5827/5827/5827 5826/5826/5826
f 5796/5796/5796 5797/5797/5797 5828/5828/5828 5827/5827/5827
f 5797/5797/5797 5798/5798/5798 5829/5829/5829 5828/5828/5828
f 5798/5798/5798 5799/5799/5799 5830/5830/5830 5829/5829/5829
f 5799/5799/5799 5800/5800/5800 5831/5831/5831 5830/5830/5830
f 5800/5800/5800 5801/5801/5801 5832/5832/5832 5831/5831/5831
f 5801/5801/5801 5802/5802/5802 5833/5833/5833 5832/5832/5832
f 5802/5802/5802 5803/5803/5803 5834/5834/5834 5833/5833/5833
f 5803/5803/5803 5804/5804/5804 5835/5835/5835 5834/5834/5834
f 5804/5804/5804 5805/5805/5805 5836/5836/5836 5835/5835/5835
f 5806/5807/5806 5807/5806/5807 5838/5837/5838 5837/5838/5837
f 5807/5806/5807 5808/5808/5808 5839/5839/5839 5838/5837/5838
f 5808/5808/5808 5809/5809/5809 5840/5840/5840 5839/5839/5839
f 5809/5809/5809 5810/5810/5810 5841/5841/5841 5840/5840/5840
f 5810/5810/5810 5811/5811/5811 5842/5842/5842 5841/5841/5841
f 5811/5811/5811 5812/5812/5812 5843/5843/5843 5842/5842/5842
f 5812/5812/5812 5813/5813/5813 5844/5844/5844 5843/5843/5843
f 5813/5813/5813 5814/5814/5814 5845/5845/5845 5844/5844/5844
f 5814/5814/5814 5815/5815/5815 5846/5846/5846 5845/5845/5845
f 5815/5815/5815 5816/5816/5816 5847/5847/5847 5846/5846/5846
f 5816/5816/5816 5817/5817/5817 5848/5848/5848 5847/5847/5847
f 5817/5817/5817 5818/5818/5818 5849/5849/5849 5848/5848/5848
f 5818/5818/5818 5819/5819/5819 5850/5850/5850 5849/5849/5849
f 5819/5819/5819 5820/5820/5820 5851/5851/5851 5850/5850/5850
f 5820/5820/5820 5821/5821/5821 5852/5852/5852 5851/5851/5851
f 5821/5821/5821 5822/5822/5822 5853/5853/5853 5852/5852/5852
f 5822/5822/5822 5823/5823/5823 5854/5854/5854 5853/5853/5853
f 5823/5823/5823 5824/5824/5824 5855/5855/5855 5854/5854/5854
f 5824/5824/5824 5825/5825/5825 5856/5856/5856 5855/5855/5855
f 5825/5825/5825 5826/5826/5826 5857/5857/5857 5856/5856/5856
f 5826/5826/5826 5827/5827/5827 5858/5858/5858 5857/5857/5857
f 5827/5827/5827 5828/5828/5828 5859/5859/5859 5858/5858/5858
f 5828/5828/5828 5829/5829/5829 5860/5860/5860 5859/5859/5859
f 5829/5829/5829 5830/5830/5830 5861/5861/5861 5860/5860/5860
f 5830/5830/5830 5831/5831/5831 5862/5862/5862 5861/5861/5861
f 5831/5831/5831 5832/5832/5832 5863/5863/5863 5862/5862/5862
f 5832/5832/5832 5833/5833/5833 5864/5864/5864 5863/5863/5863
f 5833/5833/5833 5834/5834/5834 5865/5865/5865 5864/5864/5864
f 5834/5834/5834 5835/5835/5835 5866/5866/5866 5865/5865/5865
f 5835/5835/5835 5836/5836/5836 5867/5867/5867 5866/5866/5866
f 5837/5838/5837 5838/5837/5838 5869/5868/5869 5868/5869/5868
f 5838/5837/5838 5839/5839/5839 5870/5870/5870 5869/5868/5869
f 5839/5839/5839 5840/5840/5840 5871/5871/5871 5870/5870/5870
f 5840/5840/5840 5841/5841/5841 5872/5872/5872 5871/5871/5871
f 5841/5841/5841 5842/5842/5842 5873/5873/5873 5872/5872/5872
f 5842/5842/5842 5843/5843/5843 5874/5874/5874 5873/5873/5873
f 5843/5843/5843 5844/5844/5844 5875/5875/5875 5874/5874/5874
f 5844/5844/5844 5845/5845/5845 5876/5876/5876 5875/5875/5875
f 5845/5845/5845 5846/5846/5846 5877/5877/5877 5876/5876/5876
f 5846/5846/5846 5847/5847/5847 5878/5878/5878 5877/5877/5877
f 5847/5847/5847 5848/5848/5848 5879/5879/5879 5878/5878/5878
f 5848/5848/5848 5849/5849/5849 5880/5880/5880 5879/5879/5879
f 5849/5849/5849 5850/5850/5850 5881/5881/5881 5880/5880/5880
f 5850/5850/5850 5851/5851/5851 5882/5882/5882 5881/5881/5881
f 5851/5851/5851 5852/5852/5852 5883/5883/5883 5882/5882/5882
f 5852/5852/5852 5853/5853/5853 5884/5884/5884 5883/5883/5883
f 5853/5853/5853 5854/5854/5854 5885/5885/5885 5884/5884/5884
f 5854/5854/5854 5855/5855/5855 5886/5886/5886 5885/5885/5885
f 5855/5855/5855 5856/5856/5856 5887/5887/5887 5886/5886/5886
f 5856/5856/5856 5857/5857/5857 5888/5888/5888 5887/5887/5887
f 5857/5857/5857 5858/5858/5858 5889/5889/5889 5888/5888/5888
f 5858/5858/5858 5859/5859/5859 5890/5890/5890 5889/5889/5889
f 5859/5859/5859 5860/5860/5860 5891/5891/5891 5890/5890/5890
f 5860/5860/5860 5861/5861/5861 5892/5892/5892 5891/5891/5891
f 5861/5861/5861 5862/5862/5862 5893/5893/5893 5892/5892/5892
f 5862/5862/5862 5863/5863/5863 5894/5894/5894 5893/5893/5893
f 5863/5863/5863 5864/5864/5864 5895/5895/5895 5894/5894/5894
f 5864/5864/5864 5865/5865/5865 5896/5896/5896 5895/5895/5895
f 5865/5865/5865 5866/5866/5866 5897/5897/5897 5896/5896/5896
f 5866/5866/5866 5867/5867/5867 5898/5898/5898 5897/5897/5897
f 5868/5869/5868 5869/5868/5869 5900/5899/5900 5899/5900/5899
f 5869/5868/5869 5870/5870/5870 5901/5901/5901 5900/5899/5900
f 5870/5870/5870 5871/5871/5871 5902/5902/5902 5901/5901/5901
f 5871/5871/5871 5872/5872/5872 5903/5903/5903 5902/5902/5902
f 5872/5872/5872 5873/5873/5873 5904/5904/5904 5903/5903/5903
f 5873/5873/5873 5874/5874/5874 5905/5905/5905 5904/5904/5904
f 5874/5874/5874 5875/5875/5875 5906/5906/5906 5905/5905/5905
f 5875/5875/5875 5876/5876/5876 5907/5907/5907 5906/5906/5906
f 5876/5876/5876 5877/5877/5877 5908/5908/5908 5907/5907/5907
f 5877/5877/5877 5878/5878/5878 5909/5909/5909 5908/5908/5908
f 5878/5878/5878 5879/5879/5879 5910/5910/5910 5909/5909/5909
f 5879/5879/5879 5880/5880/5880 5911/5911/5911 5910/5910/5910
f 5880/5880/5880 5881/5881/5881 5912/5912/5912 5911/5911/5911
f 5881/5881/5881 5882/5882/5882 5913/5913/5913 5912/5912/5912
f 5882/5882/5882 5883/5883/5883 5914/5914/5914 5913/5913/5913
f 5883/5883/5883 5884/5884/5884 5915/5915/5915 5914/5914/5914
f 5884/5884/5884 5885/5885/5885 5916/5916/5916 5915/5915/5915
f 5885/5885/5885 5886/5886/5886 5917/5917/5917 5916/5916/5916
f 5886/5886/5886 5887/5887/5887 5918/5918/5918 5917/5917/5917
f 5887/5887/5887 5888/5888/5888 5919/5919/5919 5918/5918/5918
f 5888/5888/5888 5889/5889/5889 5920/5920/5920 5919/5919/5919
f 5889/5889/5889 5890/5890/5890 5921/5921/5921 5920/5920/5920
f 5890/5890/5890 5891/5891/5891 5922/5922/5922 5921/5921/5921
f 5891/5891/5891 5892/5892/5892 5923/5923/5923 5922/5922/5922
f 5892/5892/5892 5893/5893/5893 5924/5924/5924 5923/5923/5923
f 5893/5893/5893 5894/5894/5894 5925/5925/5925 5924/5924/5924
f 5894/5894/5894 5895/5895/5895 5926/5926/5926 5925/5925/5925
f 5895/5895/5895 5896/5896/5896 5927/5927/5927 5926/5926/5926
f 5896/5896/5896 5897/5897/5897 5928/5928/5928 5927/5927/5927
f 5897/5897/5897 5898/5898/5898 5929/5929/5929 5928/5928/5928
f 5899/5900/5899 5900/5899/5900 5931/5930/5931 5930/5931/5930
f 5900/5899/5900 5901/5901/5901 5932/5932/5932 5931/5930/5931
f 5901/5901/5901 5902/5902/5902 5933/5933/5933 5932/5932/5932
f 5902/5902/5902 5903/5903/5903 5934/5934/5934 5933/5933/5933
f 5903/5903/5903 5904/5904/5904 5935/5935/5935 5934/5934/5934
f 5904/5904/5904 5905/5905/5905 5936/5936/5936 5935/5935/5935
f 5905/5905/5905 5906/5906/5906 5937/5937/5937 5936/5936/5936
f 5906/5906/5906 5907/5907/5907 5938/5938/5938 5937/5937/5937
f 5907/5907/5907 5908/5908/5908 5939/5939/5939 5938/5938/5938
f 5908/5908/5908 5909/5909/5909 5940/5940/5940 5939/5939/5939
f 5909/5909/5909 5910/5910/5910 5941/5941/5941 5940/5940/5940
f 5910/5910/5910 5911/5911/5911 5942/5942/5942 5941/5941/5941
f 5911/5911/5911 5912/5912/5912 5943/5943/5943 5942/5942/5942
f 5912/5912/5912 5913/5913/5913 5944/5944/5944 5943/5943/5943
f 5913/5913/5913 5914/5914/5914 5945/5945/5945 5944/5944/5944
f 5914/5914/5914 5915/5915/5915 5946/5946/5946 5945/5945/5945
f 5915/5915/5915 5916/5916/5916 5947/5947/5947 5946/5946/5946
f 5916/5916/5916 5917/5917/5917 5948/5948/5948 5947/5947/5947
f 5917/5917/5917 5918/5918/5918 5949/5949/5949 5948/5948/5948
f 5918/5918/5918 5919/5919/5919 5950/5950/5950 5949/5949/5949
f 5919/5919/5919 5920/5920/5920 5951/5951/5951 5950/5950/5950
f 5920/5920/5920 5921/5921/5921 5952/5952/5952 5951/5951/5951
f 5921/5921/5921 5922/5922/5922 5953/5953/5953 5952/5952/5952
f 5922/5922/5922 5923/5923/5923 5954/5954/5954 5953/5953/5953
f 5923/5923/5923 5924/5924/5924 5955/5955/5955 5954/5954/5954
f 5924/5924/5924 5925/5925/5925 5956/5956/5956 5955/5955/5955
f 5925/5925/5925 5926/5926/5926 5957/5957/5957 5956/5956/5956
f 5926/5926/5926 5927/5927/5927 5958/5958/5958 5957/5957/5957
f 5927/5927/5927 5928/5928/5928 5959/5959/5959 5958/5958/5958
f 5928/5928/5928 5929/5929/5929 5960/5960/5960 5959/5959/5959
f 5930/5931/5930 5931/5930/5931 5962/5961/5962 5961/5962/5961
f 5931/5930/5931 5932/5932/5932 5963/5963/5963 5962/5961/5962
f 5932/5932/5932 5933/5933/5933 5964/5964/5964 5963/5963/5963
f 5933/5933/5933 5934/5934/5934 5965/5965/5965 5964/5964/5964
f 5934/5934/5934 5935/5935/5935 5966/5966/5966 5965/5965/5965
f 5935/5935/5935 5936/5936/5936 5967/5967/5967 5966/5966/5966
f 5936/5936/5936 5937/5937/5937 5968/5968/5968 5967/5967/5967
f 5937/5937/5937 5938/5938/5938 5969/5969/5969 5968/5968/5968
f 5938/5938/5938 5939/5939/5939 5970/5970/5970 5969/5969/5969
f 5939/5939/5939 5940/5940/5940 5971/5971/5971 5970/5970/5970
f 5940/5940/5940 5941/5941/5941 5972/5972/5972 5971/5971/5971
f 5941/5941/5941 5942/5942/5942 5973/5973/5973 5972/5972/5972
f 5942/5942/5942 5943/5943/5943 5974/5974/5974 5973/5973/5973
f 5943/5943/5943 5944/5944/5944 5975/5975/5975 5974/5974/5974
f 5944/5944/5944 5945/5945/5945 5976/5976/5976 5975/5975/5975
f 5945/5945/5945 5946/5946/5946 5977/5977/5977 5976/5976/5976
f 5946/5946/5946 5947/5947/5947 5978/5978/5978 5977/5977/5977
f 5947/5947/5947 5948/5948/5948 5979/5979/5979 5978/5978/5978
f 5948/5948/5948 5949/5949/5949 5980/5980/5980 5979/5979/5979
f 5949/5949/5949 5950/5950/5950 5981/5981/5981 5980/5980/5980
f 5950/5950/5950 5951/5951/5951 5982/5982/5982 5981/5981/5981
f 5951/5951/5951 5952/5952/5952 5983/5983/5983 5982/5982/5982
f 5952/5952/5952 5953/5953/5953 5984/5984/5984 5983/5983/5983
f 5953/5953/5953 5954/5954/5954 5985/5985/5985 5984/5984/5984
f 5954/5954/5954 5955/5955/5955 5986/5986/5986 5985/5985/5985
f 5955/5955/5955 5956/5956/5956 5987/5987/5987 5986/5986/5986
f 5956/5956/5956 5957/5957/5957 5988/5988/5988 5987/5987/5987
f 5957/5957/5957 5958/5958/5958 5989/5989/5989 5988/5988/5988
f 5958/5958/5958 5959/5959/5959 5990/5990/5990 5989/5989/5989
f 5959/5959/5959 5960/5960/5960 5991/5991/5991 5990/5990/5990
f 5961/5962/5961 5962/5961/5962 5993/5992/5993 5992/5993/5992
f 5962/5961/5962 5963/5963/5963 5994/5994/5994 5993/5992/5993
f 5963/5963/5963 5964/5964/5964 5995/5995/5995 5994/5994/5994
f 5964/5964/5964 5965/5965/5965 5996/5996/5996 5995/5995/5995
f 5965/5965/5965 5966/5966/5966 5997/5997/5997 5996/5996/5996
f 5966/5966/5966 5967/5967/5967 5998/5998/5998 5997/5997/5997
f 5967/5967/5967 5968/5968/5968 5999/5999/5999 5998/5998/5998
f 5968/5968/5968 5969/5969/5969 6000/6000/6000 5999/5999/5999
f 5969/5969/5969 5970/5970/5970 6001/6001/6001 6000/6000/6000
f 5970/5970/5970 5971/5971/5971 6002/6002/6002 6001/6001/6001
f 5971/5971/5971 5972/5972/5972 6003/6003/6003 6002/6002/6002
f 5972/5972/5972 5973/5973/5973 6004/6004/6004 6003/6003/6003
f 5973/5973/5973 5974/5974/5974 6005/6005/6005 6004/6004/6004
f 5974/5974/5974 5975/5975/5975 6006/6006/6006 6005/6005/6005
f 5975/5975/5975 5976/5976/5976 6007/6007/6007 6006/6006/6006
f 5976/5976/5976 5977/5977/5977 6008/6008/6008 6007/6007/6007
f 5977/5977/5977 5978/5978/5978 6009/6009/6009 6008/6008/6008
f 5978/5978/5978 5979/5979/5979 6010/6010/6010 6009/6009/6009
f 5979/5979/5979 5980/5980/5980 6011/6011/6011 6010/6010/6010
f 5980/5980/5980 5981/5981/5981 6012/6012/6012 6011/6011/6011
f 5981/5981/5981 5982/5982/5982 6013/6013/6013 6012/6012/6012
f 5982/5982/5982 5983/5983/5983 6014/6014/6014 6013/6013/6013
f 5983/5983/5983 5984/5984/5984 6015/6015/6015 6014/6014/6014
f 5984/5984/5984 5985/5985/5985 6016/6016/6016 6015/6015/6015
f 5985/5985/5985 5986/5986/5986 6017/6017/6017 6016/6016/6016
f 5986/5986/5986 5987/5987/5987 6018/6018/6018 6017/6017/6017
f 5987/5987/5987 5988/5988/5988 6019/6019/6019 6018/6018/6018
f 5988/5988/5988 5989/5989/5989 6020/6020/6020 6019/6019/6019
f 5989/5989/5989 5990/5990/5990 6021/6021/6021 6020/6020/6020
f 5990/5990/5990 5991/5991/5991 6022/6022/6022 6021/6021/6021
f 5992/5993/5992 5993/5992/5993 6024/6023/6024 6023/6024/6023
f 5993/5992/5993 5994/5994/5994 6025/6025/6025 6024/6023/6024
f 5994/5994/5994 5995/5995/5995 6026/6026/6026 6025/6025/6025
f 5995/5995/5995 5996/5996/5996 6027/6027/6027 6026/6026/6026
f 5996/5996/5996 5997/5997/5997 6028/6028/6028 6027/6027/6027
f 5997/5997/5997 5998/5998/5998 6029/6029/6029 6028/6028/6028
f 5998/5998/5998 5999/5999/5999 6030/6030/6030 6029/6029/6029
f 5999/5999/5999 6000/6000/6000 6031/6031/6031 6030/6030/6030
f 6000/6000/6000 6001/6001/6001 6032/6032/6032 6031/6031/6031
f 6001/6001/6001 6002/6002/6002 6033/6033/6033 6032/6032/6032
f 6002/6002/6002 6003/6003/6003 6034/6034/6034 6033/6033/6033
f 6003/6003/6003 6004/6004/6004 6035/6035/6035 6034/6034/6034
f 6004/6004/6004 6005/6005/6005 6036/6036/6036 6035/6035/6035
f 6005/6005/6005 6006/6006/6006 6037/6037/6037 6036/6036/6036
f 6006/6006/6006 6007/6007/6007 6038/6038/6038 6037/6037/6037
f 6007/6007/6007 6008/6008/6008 6039/6039/6039 6038/6038/6038
f 6008/6008/6008 6009/6009/6009 6040/6040/6040 6039/6039/6039
f 6009/6009/6009 6010/6010/6010 6041/6041/6041 6040/6040/6040
f 6010/6010/6010 6011/6011/6011 6042/6042/6042 6041/6041/6041
f 6011/6011/6011 6012/6012/6012 6043/6043/6043 6042/6042/6042
f 6012/6012/6012 6013/6013/6013 6044/6044/6044 6043/6043/6043
f 6013/6013/6013 6014/6014/6014 6045/6045/6045 6044/6044/6044
f 6014/6014/6014 6015/6015/6015 6046/6046/6046 6045/6045/6045
f 6015/6015/6015 6016/6016/6016 6047/6047/6047 6046/6046/6046
f 6016/6016/6016 6017/6017/6017 6048/6048/6048 6047/6047/6047
f 6017/6017/6017 6018/6018/6018 6049/6049/6049 6048/6048/6048
f 6018/6018/6018 6019/6019/6019 6050/6050/6050 6049/6049/6049
f 6019/6019/6019 6020/6020/6020 6051/6051/6051 6050/6050/6050
f 6020/6020/6020 6021/6021/6021 6052/6052/6052 6051/6051/6051
f 6021/6021/6021 6022/6022/6022 6053/6053/6053 6052/6052/6052
f 6023/6024/6023 6024/6023/6024 6055/6054/6055 6054/6055/6054
f 6024/6023/6024 6025/6025/6025 6056/6056/6056 6055/6054/6055
f 6025/6025/6025 6026/6026/6026 6057/6057/6057 6056/6056/6056
f 6026/6026/6026 6027/6027/6027 6058/6058/6058 6057/6057/6057
f 6027/6027/6027 6028/6028/6028 6059/6059/6059 6058/6058/6058
f 6028/6028/6028 6029/6029/6029 6060/6060/6060 6059/6059/6059
f 6029/6029/6029 6030/6030/6030 6061/6061/6061 6060/6060/6060
f 6030/6030/6030 6031/6031/6031 6062/6062/6062 6061/6061/6061
f 6031/6031/6031 6032/6032/6032 6063/6063/6063 6062/6062/6062
f 6032/6032/6032 6033/6033/6033 6064/6064/6064 6063/6063/6063
f 6033/6033/6033 6034/6034/6034 6065/6065/6065 6064/6064/6064
f 6034/6034/6034 6035/6035/6035 6066/6066/6066 6065/6065/6065
f 6035/6035/6035 6036/6036/6036 6067/6067/6067 6066/6066/6066
f 6036/6036/6036 6037/6037/6037 6068/6068/6068 6067/6067/6067
f 6037/6037/6037 6038/6038/6038 6069/6069/6069 6068/6068/6068
f 6038/6038/6038 6039/6039/6039 6070/6070/6070 6069/6069/6069
f 6039/6039/6039 6040/6040/6040 6071/6071/6071 6070/6070/6070
f 6040/6040/6040 6041/6041/6041 6072/6072/6072 6071/6071/6071
f 6041/6041/6041 6042/6042/6042 6073/6073/6073 6072/6072/6072
f 6042/6042/6042 6043/6043/6043 6074/6074/6074 6073/6073/6073
f 6043/6043/6043 6044/6044/6044 6075/6075/6075 6074/6074/6074
f 6044/6044/6044 6045/6045/6045 6076/6076/6076 6075/6075/6075
f 6045/6045/6045 6046/6046/6046 6077/6077/6077 6076/6076/6076
f 6046/6046/6046 6047/6047/6047 6078/6078/6078 6077/6077/6077
f 6047/6047/6047 6048/6048/6048 6079/6079/6079 6078/6078/6078
f 6048/6048/6048 6049/6049/6049 6080/6080/6080 6079/6079/6079
f 6049/6049/6049 6050/6050/6050 6081/6081/6081 6080/6080/6080
f 6050/6050/6050 6051/6051/6051 6082/6082/6082 6081/6081/6081
f 6051/6051/6051 6052/6052/6052 6083/6083/6083 6082/6082/6082
f 6052/6052/6052 6053/6053/6053 6084/6084/6084 6083/6083/6083
f 6054/6055/6054 6055/6054/6055 6086/6085/6086 6085/6086/6085
f 6055/6054/6055 6056/6056/6056 6087/6087/6087 6086/6085/6086
f 6056/6056/6056 6057/6057/6057 6088/6088/6088 6087/6087/6087
f 6057/6057/6057 6058/6058/6058 6089/6089/6089 6088/6088/6088
f 6058/6058/6058 6059/6059/6059 6090/6090/6090 6089/6089/6089
f 6059/6059/6059 6060/6060/6060 6091/6091/6091 6090/6090/6090
f 6060/6060/6060 6061/6061/6061 6092/6092/6092 6091/6091/6091
f 6061/6061/6061 6062/6062/6062 6093/6093/6093 6092/6092/6092
f 6062/6062/6062 6063/6063/6063 6094/6094/6094 6093/6093/6093
f 6063/6063/6063 6064/6064/6064 6095/6095/6095 6094/6094/6094
f 6064/6064/6064 6065/6065/6065 6096/6096/6096 6095/6095/6095
f 6065/6065/6065 6066/6066/6066 6097/6097/6097 6096/6096/6096
f 6066/6066/6066 6067/6067/6067 6098/6098/6098 6097/6097/6097
f 6067/6067/6067 6068/6068/6068 6099/6099/6099 6098/6098/6098
f 6068/6068/6068 6069/6069/6069 6100/6100/6100 6099/6099/6099
f 6069/6069/6069 6070/6070/6070 6101/6101/6101 6100/6100/6100
f 6070/6070/6070 6071/6071/6071 6102/6102/6102 6101/6101/6101
f 6071/6071/6071 6072/6072/6072 6103/6103/6103 6102/6102/6102
f 6072/6072/6072 6073/6073/6073 6104/6104/6104 6103/6103/6103
f 6073/6073/6073 6074/6074/6074 6105/6105/6105 6104/6104/6104
f 6074/6074/6074 6075/6075/6075 6106/6106/6106 6105/6105/6105
f 6075/6075/6075 6076/6076/6076 6107/6107/6107 6106/6106/6106
f 6076/6076/6076 6077/6077/6077 6108/6108/6108 6107/6107/6107
f 6077/6077/6077 6078/6078/6078 6109/6109/6109 6108/6108/6108
f 6078/6078/6078 6079/6079/6079 6110/6110/6110 6109/6109/6109
f 6079/6079/6079 6080/6080/6080 6111/6111/6111 6110/6110/6110
f 6080/6080/6080 6081/6081/6081 6112/6112/6112 6111/6111/6111
f 6081/6081/6081 6082/6082/6082 6113/6113/6113 6112/6112/6112
f 6082/6082/6082 6083/6083/6083 6114/6114/6114 6113/6113/6113
f 6083/6083/6083 6084/6084/6084 6115/6115/6115 6114/6114/6114
f 6085/6086/6085 6086/6085/6086 6117/6116/6117 6116/6117/6116
f 6086/6085/6086 6087/6087/6087 6118/6118/6118 6117/6116/6117
f 6087/6087/6087 6088/6088/6088 6119/6119/6119 6118/6118/6118
f 6088/6088/6088 6089/6089/6089 6120/6120/6120 6119/6119/6119
f 6089/6089/6089 6090/6090/6090 6121/6121/6121 6120/6120/6120
f 6090/6090/6090 6091/6091/6091 6122/6122/6122 6121/6121/6121
f 6091/6091/6091 6092/6092/6092 6123/6123/6123 6122/6122/6122
f 6092/6092/6092 6093/6093/6093 6124/6124/6124 6123/6123/6123
f 6093/6093/6093 6094/6094/6094 6125/6125/6125 6124/6124/6124
f 6094/6094/6094 6095/6095/6095 6126/6126/6126 6125/6125/6125
f 6095/6095/6095 6096/6096/6096 6127/6127/6127 6126/6126/6126
f 6096/6096/6096 6097/6097/6097 6128/6128/6128 6127/6127/6127
f 6097/6097/6097 6098/6098/6098 6129/6129/6129 6128/6128/6128
f 6098/6098/6098 6099/6099/6099 6130/6130/6130 6129/6129/6129
f 6099/6099/6099 6100/6100/6100 6131/6131/6131 6130/6130/6130
f 6100/6100/6100 6101/6101/6101 6132/6132/6132 6131/6131/6131
f 6101/6101/6101 6102/6102/6102 6133/6133/6133 6132/6132/6132
f 6102/6102/6102 6103/6103/6103 6134/6134/6134 6133/6133/6133
f 6103/6103/6103 6104/6104/6104 6135/6135/6135 6134/6134/6134
f 6104/6104/6104 6105/6105/6105 6136/6136/6136 6135/6135/6135
f 6105/6105/6105 6106/6106/6106 6137/6137/6137 6136/6136/6136
f 6106/6106/6106 6107/6107/6107 6138/6138/6138 6137/6137/6137
f 6107/6107/6107 6108/6108/6108 6139/6139/6139 6138/6138/6138
f 6108/6108/6108 6109/6109/6109 6140/6140/6140 6139/6139/6139
f 6109/6109/6109 6110/6110/6110 6141/6141/6141 6140/6140/6140
f 6110/6110/6110 6111/6111/6111 6142/6142/6142 6141/6141/6141
f 6111/6111/6111 6112/6112/6112 6143/6143/6143 6142/6142/6142
f 6112/6112/6112 6113/6113/6113 6144/6144/6144 6143/6143/6143
f 6113/6113/6113 6114/6114/6114 6145/6145/6145 6144/6144/6144
f 6114/6114/6114 6115/6115/6115 6146/6146/6146 6145/6145/6145
f 2/2084/2 40/2083/40 5186/5186/5186 380/5156/380
f 40/2083/40 41/2082/41 5187/5187/5187 5186/5186/5186
f 41/2082/41 42/2081/42 5188/5190/5188 5187/5187/5187
f 42/2081/42 43/2080/43 5189/5192/5189 5188/5190/5188
f 43/2080/43 44/2079/44 5190/5194/5190 5189/5192/5189
f 44/2079/44 45/2078/45 5191/5196/5191 5190/5194/5190
f 45/2078/45 46/2077/46 5192/5198/5192 5191/5196/5191
f 46/2077/46 47/2076/47 5193/5200/5193 5192/5198/5192
f 47/2076/47 48/2075/48 5194/5202/5194 5193/5200/5193
f 48/2075/48 49/2074/49 5195/5204/5195 5194/5202/5194
f 49/2074/49 50/2073/50 5196/5206/5196 5195/5204/5195
f 50/2073/50 51/2072/51 5197/5208/5197 5196/5206/5196
f 51/2072/51 52/2071/52 5198/5210/5198 5197/5208/5197
f 52/2071/52 53/2070/53 5199/5212/5199 5198/5210/5198
f 53/2070/53 54/2069/54 5200/5214/5200 5199/5212/5199
f 54/2069/54 55/2068/55 5201/5216/5201 5200/5214/5200
f 55/2068/55 56/2067/56 5202/5218/5202 5201/5216/5201
f 56/2067/56 57/2066/57 5203/5220/5203 5202/5218/5202
f 57/2066/57 58/2065/58 5204/5222/5204 5203/5220/5203
f 58/2065/58 59/2064/59 5205/5224/5205 5204/5222/5204
f 59/2064/59 60/2063/60 5206/5226/5206 5205/5224/5205
f 60/2063/60 61/2062/61 5207/5228/5207 5206/5226/5206
f 61/2062/61 62/2061/62 5208/5230/5208 5207/5228/5207
f 62/2061/62 63/2060/63 5209/5232/5209 5208/5230/5208
f 63/2060/63 64/2059/64 5210/5234/5210 5209/5232/5209
f 64/2059/64 65/2058/65 5211/5236/5211 5210/5234/5210
f 65/2058/65 66/2057/66 5212/5238/5212 5211/5236/5211
f 66/2057/66 67/2056/67 5213/5240/5213 5212/5238/5212
f 67/2056/67 68/2055/68 5214/5242/5214 5213/5240/5213
f 68/2055/68 69/2054/69 5215/5244/5215 5214/5242/5214
f 69/2054/69 70/2052/70 5216/5246/5216 5215/5244/5215
f 70/2052/70 6/2051/6 257/3140/257 5216/5246/5216
f 5216/5246/5216 257/3140/257 258/3201/258 5247/5247/5247
f 5247/5247/5247 258/3201/258 259/3200/259 5278/5278/5278
f 5278/5278/5278 259/3200/259 260/3199/260 5309/5309/5309
f 5309/5309/5309 260/3199/260 261/3198/261 5340/5340/5340
f 5340/5340/5340 261/3198/261 262/3197/262 5371/5371/5371
f 5371/5371/5371 262/3197/262 263/3196/263 5402/5402/5402
f 5402/5402/5402 263/3196/263 264/3195/264 5433/5433/5433
f 5433/5433/5433 264/3195/264 265/3194/265 5464/5464/5464
f 5464/5464/5464 265/3194/265 266/3193/266 5495/5495/5495
f 5495/5495/5495 266/3193/266 267/3192/267 5526/5526/5526
f 5526/5526/5526 267/3192/267 268/3191/268 5557/5557/5557
f 5557/5557/5557 268/3191/268 269/3190/269 5588/5588/5588
f 5588/5588/5588 269/3190/269 270/3189/270 5619/5619/5619
f 5619/5619/5619 270/3189/270 271/3188/271 5650/5650/5650
f 5650/5650/5650 271/3188/271 272/3187/272 5681/5681/5681
f 5681/5681/5681 272/3187/272 273/3186/273 5712/5712/5712
f 5712/5712/5712 273/3186/273 274/3185/274 5743/5743/5743
f 5743/5743/5743 274/3185/274 275/3184/275 5774/5774/5774
f 5774/5774/5774 275/3184/275 276/3183/276 5805/5805/5805
f 5805/5805/5805 276/3183/276 277/3182/277 5836/5836/5836
f 5836/5836/5836 277/3182/277 278/3181/278 5867/5867/5867
f 5867/5867/5867 278/3181/278 279/3180/279 5898/5898/5898
f 5898/5898/5898 279/3180/279 280/3179/280 5929/5929/5929
f 5929/5929/5929 280/3179/280 281/3178/281 5960/5960/5960
f 5960/5960/5960 281/3178/281 282/3177/282 5991/5991/5991
f 5991/5991/5991 282/3177/282 283/3176/283 6022/6022/6022
f 6022/6022/6022 283/3176/283 284/3175/284 6053/6053/6053
f 6053/6053/6053 284/3175/284 285/3174/285 6084/6084/6084
f 6084/6084/6084 285/3174/285 286/3173/286 6115/6115/6115
f 6115/6115/6115 286/3173/286 287/3172/287 6146/6146/6146
f 6146/6146/6146 287/3172/287 5/995/5 195/994/195
f 6145/6145/6145 6146/6146/6146 195/994/195 196/993/196
f 6144/6144/6144 6145/6145/6145 196/993/196 197/992/197
f 6143/6143/6143 6144/6144/6144 197/992/197 198/991/198
f 6142/6142/6142 6143/6143/6143 198/991/198 199/990/199
f 6141/6141/6141 6142/6142/6142 199/990/199 200/989/200
f 6140/6140/6140 6141/6141/6141 200/989/200 201/988/201
f 6139/6139/6139 6140/6140/6140 201/988/201 202/987/202
f 6138/6138/6138 6139/6139/6139 202/987/202 203/986/203
f 6137/6137/6137 6138/6138/6138 203/986/203 204/985/204
f 6136/6136/6136 6137/6137/6137 204/985/204 205/984/205
f 6135/6135/6135 6136/6136/6136 205/984/205 206/983/206
f 6134/6134/6134 6135/6135/6135 206/983/206 207/982/207
f 6133/6133/6133 6134/6134/6134 207/982/207 208/981/208
f 6132/6132/6132 6133/6133/6133 208/981/208 209/980/209
f 6131/6131/6131 6132/6132/6132 209/980/209 210/979/210
f 6130/6130/6130 6131/6131/6131 210/979/210 211/978/211
f 6129/6129/6129 6130/6130/6130 211/978/211 212/977/212
f 6128/6128/6128 6129/6129/6129 212/977/212 213/976/213
f 6127/6127/6127 6128/6128/6128 213/976/213 214/975/214
f 6126/6126/6126 6127/6127/6127 214/975/214 215/974/215
f 6125/6125/6125 6126/6126/6126 215/974/215 216/973/216
f 6124/6124/6124 6125/6125/6125 216/973/216 217/972/217
f 6123/6123/6123 6124/6124/6124 217/972/217 218/971/218
f 6122/6122/6122 6123/6123/6123 218/971/218 219/970/219
f 6121/6121/6121 6122/6122/6122 219/970/219 220/969/220
f 6120/6120/6120 6121/6121/6121 220/969/220 221/968/221
f 6119/6119/6119 6120/6120/6120 221/968/221 222/967/222
f 6118/6118/6118 6119/6119/6119 222/967/222 223/966/223
f 6117/6116/6117 6118/6118/6118 223/966/223 224/965/224
f 6116/6117/6116 6117/6116/6117 224/965/224 225/963/225
f 350/5155/350 6116/6117/6116 225/963/225 1/962/1
f 351/5185/351 6085/6086/6085 6116/6117/6116 350/5155/350
f 352/5184/352 6054/6055/6054 6085/6086/6085 351/5185/351
f 353/5183/353 6023/6024/6023 6054/6055/6054 352/5184/352
f 354/5182/354 5992/5993/5992 6023/6024/6023 353/5183/353
f 355/5181/355 5961/5962/5961 5992/5993/5992 354/5182/354
f 356/5180/356 5930/5931/5930 5961/5962/5961 355/5181/355
f 357/5179/357 5899/5900/5899 5930/5931/5930 356/5180/356
f 358/5178/358 5868/5869/5868 5899/5900/5899 357/5179/357
f 359/5177/359 5837/5838/5837 5868/5869/5868 358/5178/358
f 360/5176/360 5806/5807/5806 5837/5838/5837 359/5177/359
f 361/5175/361 5775/5776/5775 5806/5807/5806 360/5176/360
f 362/5174/362 5744/5745/5744 5775/5776/5775 361/5175/361
f 363/5173/363 5713/5714/5713 5744/5745/5744 362/5174/362
f 364/5172/364 5682/5683/5682 5713/5714/5713 363/5173/363
f 365/5171/365 5651/5652/5651 5682/5683/5682 364/5172/364
f 366/5170/366 5620/5621/5620 5651/5652/5651 365/5171/365
f 367/5169/367 5589/5590/5589 5620/5621/5620 366/5170/366
f 368/5168/368 5558/5559/5558 5589/5590/5589 367/5169/367
f 369/5167/369 5527/5528/5527 5558/5559/5558 368/5168/368
f 370/5166/370 5496/5497/5496 5527/5528/5527 369/5167/369
f 371/5165/371 5465/5466/5465 5496/5497/5496 370/5166/370
f 372/5164/372 5434/5435/5434 5465/5466/5465 371/5165/371
f 373/5163/373 5403/5404/5403 5434/5435/5434 372/5164/372
f 374/5162/374 5372/5373/5372 5403/5404/5403 373/5163/373
f 375/5161/375 5341/5342/5341 5372/5373/5372 374/5162/374
f 376/5160/376 5310/5311/5310 5341/5342/5341 375/5161/375
f 377/5159/377 5279/5280/5279 5310/5311/5310 376/5160/376
f 378/5158/378 5248/5249/5248 5279/5280/5279 377/5159/377
f 379/5157/379 5217/5189/5217 5248/5249/5248 378/5158/378
f 380/5156/380 5186/5186/5186 5217/5189/5217 379/5157/379
