# Blender 5.1.0
# www.blender.org
mtllib Leg_L.mtl
o Cube.003
v -1.459950 0.644614 1.906318
v -1.419096 -0.269978 1.925083
v -1.385706 0.642616 3.217386
v -1.350472 -0.258815 3.183181
v -0.701633 0.617216 1.803792
v -0.743686 -0.234879 1.837794
v -0.500753 0.615663 3.033237
v -0.570430 -0.211658 2.994144
v -0.735019 -0.241734 1.853019
v -0.725505 -0.249102 1.869494
v -0.710702 -0.260863 1.886636
v -0.691326 -0.276181 1.906898
v -0.669091 -0.293501 1.930692
v -0.651524 -0.305939 1.960436
v -0.635149 -0.316771 1.993545
v -0.632326 -0.314588 2.034440
v -0.629321 -0.312162 2.076077
v -0.626031 -0.309597 2.118379
v -0.622387 -0.306986 2.161215
v -0.610967 -0.311209 2.202789
v -0.597448 -0.317051 2.244972
v -0.583170 -0.323309 2.288075
v -0.568194 -0.329955 2.332089
v -0.552602 -0.336934 2.377074
v -0.536475 -0.344171 2.423220
v -0.519863 -0.351641 2.470620
v -0.510416 -0.352404 2.518533
v -0.513620 -0.341525 2.565234
v -0.516565 -0.330875 2.611203
v -0.519234 -0.320519 2.656344
v -0.521638 -0.310501 2.700545
v -0.523810 -0.300839 2.743685
v -0.525792 -0.291539 2.785656
v -0.530019 -0.280459 2.825401
v -0.537186 -0.267062 2.862077
v -0.543802 -0.254573 2.896572
v -0.549614 -0.243518 2.927393
v -0.556696 -0.232190 2.952745
v -0.563802 -0.221509 2.974384
v -1.403664 -0.273741 1.916059
v -1.387531 -0.277176 1.906978
v -1.371538 -0.282773 1.896051
v -1.355232 -0.291557 1.882307
v -1.337090 -0.301260 1.867422
v -1.317991 -0.311348 1.852236
v -1.298004 -0.321767 1.836877
v -1.277289 -0.332382 1.821541
v -1.251254 -0.335791 1.811234
v -1.224135 -0.337015 1.802788
v -1.195289 -0.333713 1.797896
v -1.168616 -0.332914 1.791841
v -1.143059 -0.332924 1.785779
v -1.118173 -0.332640 1.780500
v -1.094032 -0.332087 1.776023
v -1.070562 -0.331295 1.772343
v -1.047207 -0.330289 1.769398
v -1.023395 -0.329095 1.767095
v -0.999605 -0.322675 1.769198
v -0.976768 -0.312002 1.775069
v -0.954625 -0.301557 1.781329
v -0.933148 -0.291414 1.787896
v -0.912342 -0.281639 1.794695
v -0.892185 -0.272275 1.801667
v -0.872488 -0.263286 1.808790
v -0.853178 -0.254676 1.815997
v -0.831836 -0.250362 1.820053
v -0.810606 -0.246516 1.823975
v -0.790982 -0.243021 1.827770
v -0.773989 -0.240199 1.831157
v -0.758730 -0.237731 1.834368
v -1.369032 0.649539 3.225660
v -1.350541 0.656689 3.233985
v -1.328860 0.663023 3.241571
v -1.303633 0.669054 3.248858
v -1.275726 0.675187 3.255995
v -1.246348 0.681048 3.262457
v -1.215763 0.686560 3.268102
v -1.184191 0.691643 3.272782
v -1.151852 0.696214 3.276359
v -1.118905 0.700254 3.278775
v -1.085811 0.705777 3.281520
v -1.052115 0.710875 3.283092
v -1.017870 0.714978 3.283028
v -0.983318 0.710801 3.275924
v -0.948996 0.711877 3.271786
v -0.914266 0.715482 3.268496
v -0.879808 0.715671 3.261698
v -0.846111 0.712991 3.251897
v -0.812925 0.709727 3.240834
v -0.780046 0.706610 3.229104
v -0.747396 0.703735 3.216843
v -0.715693 0.699589 3.203076
v -0.686364 0.692056 3.186443
v -0.657221 0.685673 3.170172
v -0.629954 0.677768 3.152528
v -0.604192 0.669413 3.134403
v -0.580082 0.660759 3.116069
v -0.557788 0.651943 3.097786
v -0.538179 0.643509 3.080587
v -0.521729 0.635552 3.064880
v -0.510592 0.625220 3.048518
v -1.461881 0.649176 1.928821
v -1.463918 0.653859 1.953191
v -1.466222 0.658940 1.980909
v -1.469006 0.664697 2.013185
v -1.472314 0.671024 2.049224
v -1.476055 0.677646 2.087459
v -1.480214 0.684526 2.127684
v -1.477804 0.685708 2.170738
v -1.475322 0.686562 2.214878
v -1.472846 0.687158 2.259988
v -1.477754 0.693983 2.305615
v -1.484762 0.702579 2.352479
v -1.491979 0.711330 2.400633
v -1.499318 0.720194 2.450000
v -1.502909 0.725634 2.500067
v -1.496561 0.721752 2.549270
v -1.490430 0.717859 2.598434
v -1.484529 0.714034 2.647597
v -1.478877 0.710357 2.696718
v -1.473476 0.706883 2.745715
v -1.468306 0.703640 2.794485
v -1.463327 0.700636 2.842908
v -1.458481 0.697854 2.890845
v -1.454453 0.696051 2.938555
v -1.444797 0.688421 2.982197
v -1.435252 0.680918 3.024319
v -1.425856 0.673582 3.064620
v -1.416637 0.666430 3.102758
v -1.408027 0.659795 3.137076
v -1.400181 0.653769 3.166887
v -1.392796 0.648091 3.193295
v -0.580407 -0.217752 3.006798
v -0.591226 -0.224045 3.020135
v -0.603951 -0.231149 3.034862
v -0.619283 -0.239437 3.051573
v -0.636796 -0.248624 3.069717
v -0.655758 -0.258221 3.088297
v -0.676119 -0.268158 3.107117
v -0.697769 -0.278311 3.125927
v -0.720703 -0.288584 3.144520
v -0.744940 -0.298925 3.162774
v -0.772533 -0.304564 3.177279
v -0.801038 -0.309520 3.190703
v -0.831432 -0.310284 3.200474
v -0.861982 -0.310438 3.209000
v -0.892526 -0.310123 3.216295
v -0.922240 -0.314819 3.226253
v -0.952625 -0.319354 3.235146
v -0.983777 -0.323010 3.242476
v -1.015521 -0.325791 3.248278
v -1.047661 -0.327705 3.252581
v -1.080005 -0.328758 3.255420
v -1.112243 -0.328415 3.256416
v -1.143857 -0.325855 3.254956
v -1.173228 -0.317675 3.248410
v -1.201425 -0.309136 3.240828
v -1.228299 -0.300366 3.232388
v -1.253660 -0.291504 3.223285
v -1.277338 -0.282663 3.213694
v -1.298321 -0.274366 3.204278
v -1.318520 -0.270144 3.198085
v -1.336334 -0.265876 3.191801
v -0.497602 0.622710 3.009511
v -0.494353 0.630239 2.983642
v -0.494554 0.635280 2.952749
v -0.494950 0.640930 2.917369
v -0.495476 0.647121 2.878317
v -0.496095 0.653587 2.837353
v -0.496735 0.660332 2.794811
v -0.497347 0.667334 2.751018
v -0.490620 0.681185 2.707954
v -0.493695 0.686258 2.661472
v -0.496833 0.691349 2.614412
v -0.498595 0.697723 2.567096
v -0.498414 0.705853 2.519542
v -0.498038 0.714096 2.471555
v -0.497513 0.722363 2.423203
v -0.496914 0.730538 2.374522
v -0.496328 0.738513 2.325490
v -0.495757 0.746259 2.276117
v -0.495197 0.753754 2.226485
v -0.497471 0.758362 2.177330
v -0.520440 0.743565 2.133911
v -0.542214 0.729510 2.092236
v -0.562743 0.716214 2.052297
v -0.582000 0.703672 2.014103
v -0.604757 0.687438 1.979806
v -0.627959 0.670312 1.948641
v -0.648535 0.655118 1.919381
v -0.663418 0.644708 1.890133
v -0.675196 0.636578 1.863527
v -0.685080 0.629561 1.841048
v -0.693670 0.623240 1.821640
v -0.711081 0.628386 1.793556
v -0.721349 0.640322 1.782758
v -0.733085 0.654533 1.770317
v -0.746571 0.672524 1.755069
v -0.762529 0.692811 1.738340
v -0.781344 0.713039 1.722161
v -0.804808 0.729454 1.709580
v -0.829781 0.746368 1.697124
v -0.855079 0.766707 1.682548
v -0.882386 0.787525 1.668258
v -0.915171 0.795803 1.664328
v -0.950319 0.794188 1.668469
v -0.984607 0.792677 1.672931
v -1.018110 0.791645 1.677464
v -1.050872 0.786275 1.685668
v -1.082355 0.779641 1.695223
v -1.112550 0.771791 1.706106
v -1.141577 0.762904 1.718172
v -1.169920 0.754421 1.730378
v -1.200762 0.753546 1.737731
v -1.231752 0.751911 1.746130
v -1.260458 0.745351 1.758339
v -1.285704 0.733635 1.774356
v -1.310026 0.722016 1.790560
v -1.333493 0.710534 1.806890
v -1.356108 0.699273 1.823211
v -1.377754 0.688349 1.839343
v -1.398333 0.677828 1.855145
v -1.416921 0.668243 1.869775
v -1.432977 0.659889 1.882765
v -1.447215 0.652360 1.894648
v -1.357699 -0.264889 3.161047
v -1.365205 -0.271232 3.136782
v -1.377485 -0.282798 3.112501
v -1.391651 -0.296097 3.083995
v -1.407474 -0.310909 3.051812
v -1.424286 -0.326570 3.017263
v -1.442029 -0.342991 2.980558
v -1.455772 -0.354961 2.939268
v -1.453798 -0.350527 2.888543
v -1.456648 -0.351343 2.839944
v -1.455340 -0.348118 2.789329
v -1.453895 -0.344983 2.738818
v -1.452388 -0.341974 2.688585
v -1.450874 -0.339105 2.638794
v -1.449393 -0.336369 2.589595
v -1.447972 -0.333736 2.541086
v -1.446668 -0.331177 2.493186
v -1.445602 -0.328733 2.445778
v -1.444861 -0.326436 2.398888
v -1.444909 -0.324667 2.352598
v -1.447188 -0.324654 2.306897
v -1.446448 -0.321761 2.262112
v -1.445742 -0.318694 2.218399
v -1.446836 -0.316948 2.175632
v -1.448165 -0.315147 2.133996
v -1.443824 -0.308401 2.095044
v -1.439134 -0.301273 2.058306
v -1.434818 -0.294393 2.023843
v -1.431046 -0.288092 1.993173
v -1.427842 -0.282539 1.967138
v -1.424976 -0.277439 1.944515
v -0.741617 -0.220543 1.830405
v -0.739529 -0.205602 1.822859
v -0.736772 -0.188418 1.814445
v -0.733043 -0.168026 1.804681
v -0.728486 -0.145301 1.793981
v -0.721270 -0.122578 1.781235
v -0.712833 -0.098791 1.767719
v -0.703657 -0.073861 1.753946
v -0.693757 -0.047744 1.740012
v -0.683131 -0.020327 1.725960
v -0.675036 0.009350 1.714683
v -0.680535 0.043398 1.715964
v -0.685513 0.076663 1.717539
v -0.690169 0.109105 1.719604
v -0.694440 0.140623 1.722129
v -0.698268 0.171238 1.725088
v -0.700899 0.201436 1.727832
v -0.700995 0.231998 1.729151
v -0.700545 0.263003 1.730767
v -0.699584 0.294403 1.732679
v -0.698152 0.326122 1.734892
v -0.696296 0.358057 1.737421
v -0.694072 0.390088 1.740286
v -0.691557 0.422114 1.743526
v -0.688867 0.454131 1.747215
v -0.690811 0.483195 1.755360
v -0.693204 0.510884 1.764238
v -0.695420 0.537366 1.773217
v -0.697346 0.561329 1.781741
v -0.698870 0.581910 1.789420
v -0.700172 0.600067 1.796610
v -0.567292 -0.195876 3.000762
v -0.564494 -0.179254 3.007521
v -0.558404 -0.162842 3.016417
v -0.546960 -0.146486 3.028666
v -0.534405 -0.127703 3.041710
v -0.521451 -0.107295 3.054764
v -0.508236 -0.085321 3.067646
v -0.494963 -0.061923 3.080141
v -0.482719 -0.036784 3.091585
v -0.472193 -0.009866 3.101576
v -0.463420 0.018505 3.110063
v -0.458159 0.048386 3.116113
v -0.453450 0.078686 3.121212
v -0.449366 0.109314 3.125276
v -0.445988 0.140182 3.128219
v -0.443405 0.171238 3.129950
v -0.441696 0.202545 3.130404
v -0.440834 0.234142 3.129627
v -0.440777 0.265937 3.127691
v -0.441484 0.297806 3.124667
v -0.442921 0.329623 3.120625
v -0.445058 0.361261 3.115629
v -0.447873 0.392589 3.109742
v -0.451357 0.423479 3.103020
v -0.455498 0.453808 3.095529
v -0.460219 0.483376 3.087407
v -0.465424 0.511924 3.078810
v -0.473033 0.537869 3.068796
v -0.480752 0.560996 3.058953
v -0.487776 0.581142 3.049923
v -0.494368 0.599086 3.041432
v -1.393268 0.627836 3.231071
v -1.398026 0.607926 3.242222
v -1.402873 0.585638 3.253896
v -1.407370 0.559723 3.265862
v -1.405683 0.526262 3.272412
v -1.403650 0.492343 3.278587
v -1.401372 0.458326 3.284327
v -1.398957 0.424522 3.289570
v -1.396524 0.391145 3.294272
v -1.396062 0.359052 3.300113
v -1.396579 0.327484 3.306089
v -1.397128 0.295997 3.311263
v -1.397741 0.264627 3.315583
v -1.398437 0.233390 3.318988
v -1.399226 0.202281 3.321410
v -1.400101 0.171238 3.322773
v -1.401043 0.140057 3.323017
v -1.400029 0.108848 3.320397
v -1.399441 0.077473 3.317091
v -1.399328 0.045839 3.313222
v -1.398968 0.014132 3.308226
v -1.400285 -0.018391 3.303908
v -1.401194 -0.051007 3.298493
v -1.402258 -0.083939 3.292574
v -1.400305 -0.115159 3.283349
v -1.392849 -0.142072 3.268608
v -1.385416 -0.167631 3.253528
v -1.378086 -0.191677 3.238330
v -1.371218 -0.213147 3.223871
v -1.363873 -0.230415 3.209546
v -1.357053 -0.245339 3.196115
v -1.461819 0.625295 1.899984
v -1.462780 0.604326 1.893939
v -1.463746 0.580947 1.887619
v -1.466065 0.554892 1.880213
v -1.472265 0.528280 1.870745
v -1.478760 0.500272 1.861327
v -1.485557 0.471047 1.852046
v -1.492605 0.440854 1.843028
v -1.499890 0.409782 1.834365
v -1.507434 0.377836 1.826090
v -1.515227 0.345088 1.818247
v -1.512720 0.309499 1.816206
v -1.507011 0.273735 1.816465
v -1.499868 0.238560 1.818173
v -1.492513 0.204369 1.820738
v -1.489307 0.171238 1.821971
v -1.483364 0.138592 1.825391
v -1.477505 0.106245 1.829529
v -1.471794 0.074144 1.834306
v -1.466278 0.042334 1.839656
v -1.460992 0.010884 1.845521
v -1.455956 -0.020116 1.851850
v -1.451182 -0.050553 1.858599
v -1.446659 -0.080333 1.865737
v -1.442333 -0.109469 1.873251
v -1.438183 -0.137878 1.881072
v -1.434242 -0.165258 1.889086
v -1.430470 -0.191419 1.897224
v -1.427081 -0.215058 1.904975
v -1.424266 -0.235303 1.911989
v -1.421770 -0.253123 1.918567
v -1.455595 0.667450 1.915628
v -1.443901 0.682470 1.903433
v -1.426690 0.694791 1.891057
v -1.407053 0.707439 1.876899
v -1.386159 0.720044 1.861981
v -1.364044 0.732748 1.846527
v -1.340827 0.745544 1.830747
v -1.316626 0.758385 1.814863
v -1.291456 0.771239 1.799063
v -1.265272 0.784075 1.783435
v -1.235932 0.792106 1.770859
v -1.203927 0.794179 1.762174
v -1.171982 0.795358 1.754490
v -1.141604 0.801373 1.744362
v -1.111405 0.810755 1.732631
v -1.079993 0.818990 1.722081
v -1.047308 0.825893 1.712857
v -1.013421 0.831408 1.704969
v -0.978553 0.835243 1.698583
v -0.943767 0.833087 1.696544
v -0.908834 0.830284 1.695352
v -0.877050 0.816659 1.701895
v -0.849590 0.794649 1.714722
v -0.823895 0.773628 1.727465
v -0.799733 0.753692 1.739969
v -0.777161 0.734515 1.752307
v -0.756153 0.716195 1.764248
v -0.738807 0.695902 1.777706
v -0.724802 0.674568 1.791747
v -0.713522 0.655174 1.803871
v -0.703337 0.638646 1.813261
v -1.456902 0.676177 1.941882
v -1.448756 0.699010 1.929478
v -1.437605 0.721501 1.915109
v -1.417467 0.736866 1.902004
v -1.395957 0.751690 1.887911
v -1.373120 0.766299 1.873146
v -1.349089 0.780732 1.857952
v -1.323962 0.795015 1.842581
v -1.297765 0.809167 1.827252
v -1.270475 0.823168 1.812076
v -1.240265 0.832634 1.799354
v -1.207097 0.835179 1.790459
v -1.173914 0.836690 1.782510
v -1.141351 0.839541 1.774339
v -1.109888 0.849382 1.762953
v -1.077175 0.857962 1.752724
v -1.043210 0.865093 1.743794
v -1.008119 0.870714 1.736163
v -0.972612 0.870470 1.732261
v -0.937252 0.866934 1.730670
v -0.901769 0.863300 1.729524
v -0.870838 0.844260 1.737859
v -0.843115 0.821095 1.749210
v -0.817533 0.798038 1.761040
v -0.794009 0.775249 1.773164
v -0.771302 0.754875 1.784012
v -0.750148 0.735207 1.794396
v -0.730533 0.716259 1.804070
v -0.715537 0.693765 1.815389
v -0.704123 0.670842 1.825833
v -0.695068 0.648864 1.834517
v -1.458656 0.684533 1.971811
v -1.449807 0.710405 1.960947
v -1.439331 0.736693 1.947474
v -1.427059 0.763516 1.931619
v -1.407018 0.783387 1.917165
v -1.383223 0.799971 1.903091
v -1.358166 0.816108 1.888524
v -1.331926 0.831889 1.873726
v -1.304531 0.847380 1.858931
v -1.275977 0.862567 1.844265
v -1.244666 0.873375 1.831595
v -1.210195 0.876411 1.822563
v -1.175652 0.878268 1.814413
v -1.141128 0.878939 1.807247
v -1.107987 0.887548 1.796961
v -1.073907 0.896430 1.787038
v -1.038600 0.903752 1.778365
v -1.002447 0.905859 1.772668
v -0.966285 0.902992 1.769858
v -0.930170 0.899154 1.767958
v -0.895428 0.889099 1.769576
v -0.863806 0.870446 1.776025
v -0.835722 0.846168 1.785896
v -0.809786 0.821913 1.796238
v -0.785933 0.797828 1.806875
v -0.763883 0.774381 1.817300
v -0.742454 0.753334 1.826210
v -0.722539 0.732815 1.834363
v -0.704729 0.711882 1.841856
v -0.693148 0.686073 1.850906
v -0.683910 0.660603 1.858165
v -1.461007 0.692742 2.005810
v -1.451561 0.720826 1.995693
v -1.440493 0.749115 1.983202
v -1.427637 0.777765 1.968736
v -1.409781 0.802820 1.954145
v -1.385775 0.821489 1.940752
v -1.361171 0.840713 1.926385
v -1.335763 0.860557 1.911321
v -1.309329 0.881048 1.895808
v -1.280530 0.899474 1.880964
v -1.247694 0.910485 1.868897
v -1.213165 0.917740 1.858400
v -1.177146 0.919943 1.850106
v -1.141096 0.920820 1.842731
v -1.105699 0.925148 1.834497
v -1.070199 0.934291 1.824866
v -1.033504 0.940297 1.817015
v -0.996392 0.938282 1.812968
v -0.959327 0.935185 1.809863
v -0.922337 0.931035 1.807606
v -0.888282 0.914095 1.811317
v -0.856008 0.895349 1.816277
v -0.827474 0.870002 1.824667
v -0.801096 0.844584 1.833520
v -0.776821 0.819236 1.842666
v -0.754596 0.794015 1.851823
v -0.733190 0.770866 1.859711
v -0.712860 0.748816 1.866484
v -0.693992 0.727042 1.872239
v -0.680408 0.700923 1.879139
v -0.670779 0.672843 1.885593
v -1.463854 0.700723 2.042094
v -1.453893 0.730526 2.032656
v -1.442251 0.760544 2.021194
v -1.427666 0.789490 2.008407
v -1.403430 0.808043 1.997422
v -1.378924 0.826983 1.985253
v -1.353940 0.846426 1.972148
v -1.326859 0.863835 1.959170
v -1.298551 0.880561 1.946169
v -1.269298 0.897225 1.933084
v -1.238993 0.913760 1.920032
v -1.207515 0.930071 1.907134
v -1.174730 0.946033 1.894518
v -1.139536 0.956006 1.884119
v -1.103042 0.962266 1.875338
v -1.066067 0.971472 1.866035
v -1.027990 0.972616 1.860022
v -0.989843 0.970437 1.855707
v -0.951772 0.967103 1.852268
v -0.914098 0.960959 1.850236
v -0.880348 0.938565 1.854707
v -0.847497 0.919111 1.858510
v -0.818432 0.892742 1.865423
v -0.791532 0.866204 1.872790
v -0.766755 0.839633 1.880449
v -0.744059 0.813075 1.888144
v -0.722464 0.788076 1.894905
v -0.701638 0.764593 1.900420
v -0.682227 0.741271 1.905002
v -0.666320 0.715488 1.909651
v -0.656316 0.685270 1.915295
v -1.467187 0.708682 2.080626
v -1.456736 0.739897 2.071822
v -1.444534 0.771349 2.061273
v -1.423298 0.794100 2.051483
v -1.397364 0.811384 2.041824
v -1.370776 0.827920 2.031354
v -1.343828 0.844384 2.020164
v -1.316337 0.860821 2.008502
v -1.288136 0.877244 1.996594
v -1.259106 0.893629 1.984573
v -1.229135 0.909920 1.972551
v -1.198099 0.926037 1.960646
v -1.165864 0.941868 1.948979
v -1.132286 0.957269 1.937675
v -1.097060 0.970575 1.927276
v -1.060368 0.982782 1.917588
v -1.022236 0.993013 1.908915
v -0.982822 1.002373 1.900864
v -0.943650 0.998795 1.897056
v -0.906164 0.985318 1.896722
v -0.871672 0.962665 1.899771
v -0.838325 0.941881 1.902632
v -0.808655 0.914544 1.908074
v -0.781164 0.886937 1.913960
v -0.755813 0.859194 1.920141
v -0.732572 0.831365 1.926392
v -0.710363 0.805181 1.931789
v -0.688971 0.780366 1.936130
v -0.668970 0.755650 1.939654
v -0.650951 0.730158 1.942486
v -0.640544 0.698087 1.947299
v -1.469741 0.715525 2.121430
v -1.457532 0.746450 2.113529
v -1.441791 0.775370 2.104588
v -1.414981 0.792066 2.096909
v -1.388264 0.808460 2.088161
v -1.361458 0.824678 2.078554
v -1.334385 0.840812 2.068295
v -1.306866 0.856922 2.057593
v -1.278739 0.873032 2.046639
v -1.249882 0.889127 2.035556
v -1.220175 0.905164 2.024451
v -1.189490 0.921073 2.013437
v -1.157691 0.936758 2.002628
v -1.124636 0.952089 1.992139
v -1.090181 0.966906 1.982085
v -1.054183 0.981011 1.972579
v -1.016608 0.992325 1.964161
v -0.977881 0.999561 1.957103
v -0.937727 1.008936 1.949747
v -0.897609 1.009548 1.944820
v -0.862301 0.986536 1.946531
v -0.828545 0.963811 1.948568
v -0.798206 0.935567 1.952547
v -0.769459 0.908422 1.956508
v -0.742082 0.882323 1.960320
v -0.716580 0.855844 1.964229
v -0.692977 0.828959 1.968051
v -0.671306 0.801639 1.971610
v -0.651607 0.773859 1.974735
v -0.634395 0.745041 1.977487
v -0.618294 0.716795 1.979007
v -1.467193 0.717183 2.164827
v -1.454744 0.748605 2.157500
v -1.434094 0.772597 2.150160
v -1.407006 0.788987 2.142936
v -1.380059 0.805055 2.134787
v -1.353083 0.820938 2.125890
v -1.325905 0.836734 2.116419
v -1.298356 0.852513 2.106543
v -1.270280 0.868306 2.096422
v -1.241551 0.884108 2.086169
v -1.212042 0.899886 2.075884
v -1.181622 0.915583 2.065675
v -1.150152 0.931113 2.055645
v -1.117493 0.946361 2.045902
v -1.083690 0.963374 2.036140
v -1.048040 0.975402 2.027685
v -1.011006 0.988825 2.019375
v -0.972388 1.001312 2.011552
v -0.932277 1.012134 2.004245
v -0.890458 1.022936 1.996981
v -0.851521 1.013513 1.994271
v -0.816841 0.989747 1.995127
v -0.783602 0.966135 1.996230
v -0.753113 0.939127 1.998404
v -0.724540 0.911616 2.000860
v -0.697893 0.883618 2.003447
v -0.673195 0.855134 2.006011
v -0.650479 0.826164 2.008402
v -0.630531 0.795733 2.010816
v -0.616765 0.760232 2.014523
v -0.599616 0.731111 2.015198
v -1.464586 0.718370 2.209327
v -1.451920 0.750139 2.202565
v -1.427072 0.769675 2.196256
v -1.399784 0.785737 2.189384
v -1.372668 0.801469 2.181721
v -1.345563 0.817011 2.173417
v -1.318304 0.832469 2.164613
v -1.290728 0.847918 2.155449
v -1.262684 0.863396 2.146058
v -1.234040 0.878907 2.136543
v -1.204667 0.894429 2.126998
v -1.174427 0.909914 2.117521
v -1.143201 0.925383 2.108194
v -1.111019 0.942145 2.098915
v -1.077585 0.961105 2.089604
v -1.042185 0.975055 2.081356
v -1.005220 0.990867 2.073198
v -0.966439 1.006007 2.065391
v -0.926100 1.018108 2.058207
v -0.885040 1.024203 2.052100
v -0.846007 1.015818 2.048666
v -0.807264 1.006160 2.045570
v -0.770259 0.991104 2.043580
v -0.736513 0.968699 2.043171
v -0.706177 0.941098 2.043977
v -0.678316 0.911676 2.045222
v -0.652453 0.881690 2.046506
v -0.629475 0.849915 2.048057
v -0.612544 0.812700 2.050939
v -0.598165 0.775811 2.053532
v -0.581076 0.744698 2.053799
v -1.461981 0.719182 2.254804
v -1.448700 0.750739 2.248627
v -1.421670 0.767914 2.242742
v -1.394838 0.784601 2.236064
v -1.368073 0.800983 2.228717
v -1.341237 0.817214 2.220822
v -1.314181 0.833418 2.212495
v -1.286755 0.849688 2.203848
v -1.258814 0.866085 2.194991
v -1.230216 0.882632 2.186013
v -1.200819 0.899325 2.176996
v -1.170473 0.916133 2.168026
v -1.139027 0.932999 2.159183
v -1.106126 0.948186 2.150708
v -1.071876 0.961677 2.142685
v -1.036523 0.982506 2.134195
v -0.999141 0.998916 2.126484
v -0.959967 1.014244 2.119113
v -0.919515 1.024644 2.112467
v -0.878195 1.030914 2.106408
v -0.838833 1.022954 2.102389
v -0.802092 1.005493 2.099931
v -0.762471 0.998308 2.095906
v -0.723317 0.988318 2.092190
v -0.688930 0.966816 2.090390
v -0.657941 0.940026 2.089517
v -0.631705 0.907214 2.089816
v -0.611373 0.868502 2.091428
v -0.593708 0.829997 2.093022
v -0.578643 0.791818 2.094483
v -0.561310 0.759031 2.094169
v -1.467381 0.727542 2.300748
v -1.451482 0.757510 2.295171
v -1.423869 0.774909 2.289376
v -1.396446 0.791805 2.282921
v -1.369084 0.808382 2.275910
v -1.341643 0.824793 2.268445
v -1.313977 0.841158 2.260621
v -1.285938 0.857569 2.252533
v -1.257380 0.874086 2.244272
v -1.228160 0.890734 2.235916
v -1.198135 0.907512 2.227539
v -1.167158 0.924392 2.219212
v -1.134349 0.936792 2.211274
v -1.100511 0.947020 2.203686
v -1.066212 0.961410 2.196105
v -1.030693 0.982351 2.188345
v -0.993065 1.002795 2.180855
v -0.953260 1.022527 2.173553
v -0.912554 1.031736 2.167224
v -0.870880 1.038122 2.161200
v -0.832281 1.025634 2.157169
v -0.796358 1.005041 2.154253
v -0.759586 0.989812 2.150873
v -0.721559 0.978296 2.146995
v -0.683954 0.964993 2.143197
v -0.646848 0.949863 2.139404
v -0.616153 0.923188 2.137272
v -0.592549 0.887336 2.136733
v -0.574078 0.847644 2.137025
v -0.558251 0.808265 2.137333
v -0.540354 0.774123 2.136300
v -1.473723 0.736740 2.348028
v -1.455073 0.764980 2.342878
v -1.426857 0.782629 2.337152
v -1.398816 0.799758 2.330895
v -1.370820 0.816552 2.324195
v -1.342730 0.833160 2.317132
v -1.314400 0.849702 2.309787
v -1.285685 0.866268 2.302236
v -1.256438 0.882915 2.294554
v -1.226518 0.899670 2.286806
v -1.195782 0.916535 2.279054
v -1.162819 0.927242 2.271489
v -1.129236 0.936993 2.264096
v -1.095171 0.947128 2.256904
v -1.060647 0.961778 2.249822
v -1.024862 0.982785 2.242758
v -0.987013 1.003345 2.235899
v -0.947024 1.023248 2.229170
v -0.905228 1.039505 2.222629
v -0.864317 1.039614 2.217027
v -0.827167 1.020777 2.212835
v -0.791445 1.000364 2.209052
v -0.757225 0.978478 2.205642
v -0.719684 0.967316 2.201343
v -0.682445 0.954601 2.197087
v -0.645658 0.940076 2.192837
v -0.615189 0.914077 2.189883
v -0.589273 0.882549 2.187689
v -0.565616 0.850056 2.185646
v -0.544268 0.816731 2.183697
v -0.520533 0.787611 2.180716
v -1.480203 0.746044 2.396614
v -1.459417 0.773194 2.391738
v -1.430564 0.791129 2.386070
v -1.401866 0.808523 2.380000
v -1.373191 0.825560 2.373596
v -1.344399 0.842389 2.366923
v -1.315347 0.859129 2.360045
v -1.285890 0.875865 2.353023
v -1.255884 0.892654 2.345913
v -1.225190 0.909525 2.338768
v -1.192001 0.919681 2.331528
v -1.158356 0.928935 2.324373
v -1.124432 0.938585 2.317369
v -1.090029 0.948634 2.310555
v -1.055134 0.962917 2.303968
v -1.018999 0.983942 2.297569
v -0.980843 1.004557 2.291310
v -0.940587 1.024556 2.285120
v -0.898167 1.043714 2.278914
v -0.858909 1.033716 2.273414
v -0.821981 1.015037 2.268440
v -0.786456 0.994821 2.263824
v -0.752410 0.973159 2.259547
v -0.717715 0.955579 2.255235
v -0.680866 0.943436 2.250587
v -0.644435 0.929509 2.245955
v -0.614371 0.903971 2.242289
v -0.588819 0.872946 2.239270
v -0.565517 0.840956 2.236479
v -0.544522 0.808132 2.233881
v -0.520790 0.779880 2.230524
v -1.486733 0.755421 2.446432
v -1.464428 0.782168 2.441764
v -1.434895 0.800434 2.436150
v -1.405490 0.818132 2.430263
v -1.376083 0.835446 2.424152
v -1.346533 0.852525 2.417868
v -1.316699 0.869484 2.411457
v -1.286437 0.886409 2.404963
v -1.255607 0.903354 2.398427
v -1.222271 0.914101 2.391560
v -1.188283 0.922913 2.384660
v -1.154207 0.932086 2.377884
v -1.119848 0.941656 2.371261
v -1.085012 0.951627 2.364816
v -1.049629 0.964929 2.358664
v -1.013075 0.985922 2.352902
v -0.974543 1.006526 2.347211
v -0.933951 1.026541 2.341530
v -0.893174 1.032411 2.335628
v -0.853461 1.027105 2.329721
v -0.816751 1.008591 2.323989
v -0.781425 0.988580 2.318567
v -0.747559 0.967154 2.313452
v -0.715230 0.944394 2.308639
v -0.679254 0.931658 2.303679
v -0.643208 0.918307 2.298718
v -0.613714 0.893017 2.294403
v -0.588555 0.862550 2.290604
v -0.565636 0.831124 2.287103
v -0.545018 0.798866 2.283883
v -0.521041 0.771829 2.280166
v -1.493194 0.764812 2.497426
v -1.469989 0.791888 2.492992
v -1.439724 0.810536 2.487434
v -1.409561 0.828583 2.481732
v -1.379367 0.846213 2.475920
v -1.349003 0.863573 2.470029
v -1.318328 0.880779 2.464091
v -1.287204 0.897914 2.458131
v -1.253933 0.910350 2.451759
v -1.219347 0.918846 2.445105
v -1.184859 0.927622 2.438571
v -1.150273 0.936747 2.432175
v -1.115399 0.946255 2.425930
v -1.080048 0.956153 2.419845
v -1.044089 0.967881 2.414015
v -1.007062 0.988787 2.408866
v -0.968099 1.009312 2.403715
v -0.928007 1.020572 2.398078
v -0.888642 1.017633 2.391842
v -0.849419 1.012749 2.385690
v -0.811512 1.001585 2.379489
v -0.776392 0.981781 2.373282
v -0.742718 0.960595 2.367352
v -0.710564 0.938102 2.361708
v -0.677659 0.919400 2.356346
v -0.642025 0.906589 2.351092
v -0.613251 0.881340 2.346140
v -0.588511 0.851470 2.341590
v -0.565995 0.820651 2.337400
v -0.545771 0.789009 2.333571
v -0.521285 0.763519 2.329541
v -1.486928 0.760864 2.547324
v -1.468022 0.792803 2.543969
v -1.441240 0.816433 2.539237
v -1.413929 0.839834 2.534482
v -1.382895 0.857823 2.528976
v -1.351666 0.875503 2.523488
v -1.320102 0.892986 2.518030
v -1.287222 0.908136 2.512331
v -1.251813 0.916511 2.505878
v -1.216677 0.925039 2.499566
v -1.181623 0.933823 2.493403
v -1.146459 0.942930 2.487389
v -1.111003 0.952396 2.481520
v -1.075072 0.962224 2.475788
v -1.038491 0.972392 2.470178
v -1.000933 0.992569 2.465561
v -0.961918 1.006058 2.460327
v -0.923042 1.005084 2.453919
v -0.884209 1.002269 2.447511
v -0.845519 0.997590 2.441116
v -0.807079 0.991018 2.434750
v -0.771401 0.974535 2.427970
v -0.737936 0.953586 2.421238
v -0.705978 0.931358 2.414778
v -0.675604 0.907917 2.408613
v -0.640949 0.894453 2.403041
v -0.613033 0.869047 2.397426
v -0.588733 0.839796 2.392137
v -0.566638 0.809612 2.387267
v -0.546817 0.778617 2.382833
v -0.521541 0.754992 2.378571
v -1.480539 0.756602 2.597134
v -1.462719 0.789668 2.594541
v -1.435856 0.813068 2.590077
v -1.408647 0.836546 2.585779
v -1.380891 0.860230 2.581637
v -1.352397 0.884202 2.577639
v -1.319340 0.900090 2.572377
v -1.285493 0.914438 2.567011
v -1.249909 0.924035 2.561042
v -1.214167 0.932651 2.555082
v -1.178489 0.941488 2.549294
v -1.142692 0.950610 2.543663
v -1.106597 0.960052 2.538167
v -1.070031 0.969817 2.532781
v -1.032824 0.979879 2.527474
v -0.994828 0.989358 2.522110
v -0.956527 0.990138 2.515724
v -0.918183 0.989179 2.509225
v -0.879893 0.986456 2.502642
v -0.841754 0.981943 2.496003
v -0.803867 0.975607 2.489336
v -0.766483 0.966933 2.482625
v -0.733250 0.946210 2.475101
v -0.701512 0.924237 2.467834
v -0.671342 0.901078 2.460861
v -0.640025 0.881987 2.454544
v -0.613094 0.856235 2.448208
v -0.589251 0.827613 2.442194
v -0.567586 0.798079 2.436655
v -0.546429 0.769770 2.431675
v -0.521817 0.746286 2.427256
v -1.474315 0.752384 2.646904
v -1.458131 0.787336 2.645363
v -1.431130 0.810561 2.641179
v -1.403758 0.833848 2.637300
v -1.375821 0.857321 2.633697
v -1.347129 0.881064 2.630339
v -1.314749 0.898623 2.625897
v -1.280711 0.912866 2.621003
v -1.246554 0.927513 2.616369
v -1.211802 0.941615 2.611773
v -1.175445 0.950549 2.606369
v -1.138956 0.959720 2.601122
v -1.102165 0.969159 2.595996
v -1.064903 0.978867 2.590948
v -1.026789 0.977139 2.584096
v -0.989002 0.973233 2.576977
v -0.951220 0.973937 2.570596
v -0.913414 0.972971 2.564001
v -0.875676 0.970312 2.557237
v -0.838099 0.965930 2.550345
v -0.800779 0.959791 2.543369
v -0.763821 0.951857 2.536350
v -0.728616 0.938539 2.528918
v -0.697116 0.916815 2.520848
v -0.667170 0.893933 2.513074
v -0.638846 0.869950 2.505650
v -0.612212 0.844928 2.498627
v -0.587333 0.818929 2.492056
v -0.564265 0.792020 2.485984
v -0.543059 0.764268 2.480457
v -0.522028 0.737515 2.475618
v -1.468287 0.748283 2.696590
v -1.454229 0.785821 2.696463
v -1.427042 0.808915 2.692582
v -1.399461 0.832051 2.689141
v -1.371293 0.855350 2.686096
v -1.342357 0.878895 2.683395
v -1.310722 0.898516 2.680005
v -1.276429 0.912713 2.675612
v -1.241995 0.927288 2.671530
v -1.207213 0.942315 2.667709
v -1.171885 0.957833 2.664093
v -1.135258 0.970159 2.659876
v -1.097402 0.976740 2.654552
v -1.058615 0.971260 2.646939
v -1.020558 0.964550 2.639189
v -0.983250 0.956924 2.631322
v -0.945983 0.957542 2.624940
v -0.908713 0.956552 2.618243
v -0.871525 0.953931 2.611289
v -0.834512 0.949649 2.604136
v -0.797769 0.943674 2.596841
v -0.761393 0.935966 2.589458
v -0.725490 0.926485 2.582044
v -0.694285 0.905452 2.573254
v -0.665554 0.881272 2.564477
v -0.638338 0.856579 2.556161
v -0.608481 0.838165 2.549219
v -0.583775 0.812511 2.541946
v -0.560851 0.785958 2.535241
v -0.539757 0.758567 2.529167
v -0.520525 0.730403 2.523783
v -1.462466 0.744343 2.746118
v -1.448747 0.782280 2.746930
v -1.423562 0.808103 2.744284
v -1.395733 0.831118 2.741318
v -1.367297 0.854270 2.738864
v -1.338075 0.877642 2.736853
v -1.307250 0.899693 2.734787
v -1.272644 0.913899 2.730936
v -1.237868 0.928451 2.727438
v -1.202722 0.943420 2.724226
v -1.166865 0.958071 2.721045
v -1.128661 0.961754 2.715349
v -1.090519 0.964316 2.709491
v -1.052091 0.959033 2.701920
v -1.014371 0.952284 2.694073
v -0.977416 0.944427 2.685974
v -0.940800 0.941012 2.678746
v -0.904054 0.939982 2.671939
v -0.867409 0.937376 2.664787
v -0.830956 0.933169 2.657362
v -0.794786 0.927329 2.649732
v -0.758996 0.919819 2.641969
v -0.723688 0.910601 2.634141
v -0.693078 0.890035 2.624621
v -0.664918 0.866408 2.615053
v -0.637407 0.843838 2.606234
v -0.604739 0.831209 2.599648
v -0.580221 0.805917 2.591663
v -0.557453 0.779740 2.584320
v -0.536476 0.752735 2.577697
v -0.517322 0.724956 2.571874
v -1.456844 0.740584 2.795391
v -1.442710 0.777946 2.796868
v -1.420645 0.808064 2.796257
v -1.392544 0.830979 2.793815
v -1.363811 0.854003 2.792006
v -1.334273 0.877218 2.790735
v -1.303767 0.900673 2.789901
v -1.269349 0.916310 2.787059
v -1.232729 0.925944 2.782790
v -1.195192 0.931659 2.777696
v -1.157668 0.936139 2.772484
v -1.120188 0.939476 2.767110
v -1.082776 0.941753 2.761526
v -1.045452 0.943035 2.755683
v -1.008223 0.940337 2.748770
v -0.971570 0.932489 2.740480
v -0.935657 0.924379 2.731996
v -0.899416 0.923295 2.725070
v -0.863298 0.920687 2.717708
v -0.827391 0.916531 2.709996
v -0.791786 0.910803 2.702017
v -0.756577 0.903469 2.693853
v -0.721866 0.894492 2.685586
v -0.691834 0.874445 2.675332
v -0.664248 0.851390 2.664960
v -0.636323 0.831153 2.655764
v -0.604057 0.819079 2.648844
v -0.576630 0.799170 2.641106
v -0.554036 0.773399 2.633106
v -0.533193 0.746809 2.625926
v -0.514126 0.719448 2.619663
v -1.451394 0.736998 2.844292
v -1.436836 0.773718 2.846426
v -1.414185 0.802736 2.846208
v -1.386487 0.825907 2.844565
v -1.357174 0.847524 2.843085
v -1.326384 0.867605 2.841677
v -1.294252 0.886177 2.840249
v -1.259370 0.898775 2.837257
v -1.222554 0.905338 2.832680
v -1.185700 0.910624 2.827999
v -1.148851 0.914737 2.823164
v -1.112042 0.917766 2.818121
v -1.075302 0.919791 2.812815
v -1.038656 0.920875 2.807185
v -1.002126 0.921071 2.801166
v -0.965725 0.920420 2.794692
v -0.930122 0.912034 2.785848
v -0.894777 0.906501 2.777605
v -0.859160 0.903873 2.770020
v -0.823779 0.899752 2.762005
v -0.788723 0.894115 2.753656
v -0.754087 0.886938 2.745068
v -0.719969 0.878189 2.736334
v -0.690503 0.858699 2.725333
v -0.663493 0.836239 2.714133
v -0.635032 0.818549 2.704695
v -0.603320 0.806802 2.697348
v -0.572979 0.792269 2.690158
v -0.550586 0.766941 2.681475
v -0.529902 0.740806 2.673720
v -0.510941 0.713904 2.667013
v -1.446075 0.733556 2.892688
v -1.424337 0.760617 2.891654
v -1.399044 0.784195 2.890220
v -1.372010 0.806246 2.889147
v -1.343377 0.826787 2.888316
v -1.313285 0.845848 2.887610
v -1.281866 0.863467 2.886910
v -1.249040 0.879092 2.885883
v -1.212881 0.885194 2.881790
v -1.176664 0.890087 2.877553
v -1.140436 0.893869 2.873115
v -1.104238 0.896625 2.868415
v -1.068106 0.898427 2.863389
v -1.032071 0.899337 2.857969
v -0.996161 0.899403 2.852080
v -0.960397 0.898662 2.845647
v -0.924790 0.897135 2.838621
v -0.889907 0.890985 2.829923
v -0.854969 0.886922 2.821681
v -0.820086 0.882819 2.813344
v -0.785558 0.877260 2.804602
v -0.751480 0.870228 2.795560
v -0.717949 0.861697 2.786324
v -0.689044 0.842789 2.774553
v -0.662613 0.820953 2.762492
v -0.633490 0.806026 2.752956
v -0.602359 0.794599 2.745113
v -0.571772 0.781647 2.737762
v -0.547106 0.760348 2.729290
v -0.526616 0.734719 2.720934
v -0.507794 0.708327 2.713774
v -1.431840 0.719541 2.935228
v -1.409074 0.743457 2.933680
v -1.384440 0.765859 2.932757
v -1.358078 0.786766 2.932309
v -1.330128 0.806209 2.932187
v -1.300729 0.824231 2.932242
v -1.270009 0.840885 2.932324
v -1.238090 0.856230 2.932282
v -1.203741 0.865497 2.930130
v -1.168109 0.870029 2.926373
v -1.132443 0.873511 2.922356
v -1.096791 0.876023 2.918011
v -1.061197 0.877631 2.913269
v -1.025699 0.878390 2.908053
v -0.990334 0.878342 2.902286
v -0.955130 0.877518 2.895883
v -0.920100 0.875938 2.888790
v -0.885239 0.873609 2.881085
v -0.850699 0.869794 2.872637
v -0.816281 0.865699 2.863957
v -0.782255 0.860208 2.854794
v -0.748716 0.853313 2.845265
v -0.715763 0.844996 2.835484
v -0.687422 0.826682 2.822907
v -0.661579 0.805505 2.809942
v -0.631668 0.793555 2.800462
v -0.601149 0.782449 2.792043
v -0.576536 0.762447 2.781951
v -0.554372 0.740088 2.772369
v -0.533944 0.716594 2.763845
v -0.515348 0.691947 2.756549
v -1.419287 0.707247 2.976994
v -1.394375 0.726554 2.974073
v -1.370417 0.747743 2.973720
v -1.344738 0.767471 2.973967
v -1.317475 0.785786 2.974626
v -1.288764 0.802746 2.975512
v -1.258729 0.818419 2.976440
v -1.227492 0.832876 2.977223
v -1.195161 0.846181 2.977690
v -1.160065 0.850399 2.974465
v -1.124897 0.853612 2.970895
v -1.089720 0.855908 2.966918
v -1.054586 0.857346 2.962461
v -1.019544 0.857974 2.957446
v -0.984639 0.857827 2.951789
v -0.949910 0.856928 2.945402
v -0.915224 0.856571 2.938704
v -0.880655 0.855180 2.931176
v -0.846326 0.852429 2.922822
v -0.812665 0.847078 2.913322
v -0.779213 0.841513 2.903664
v -0.745757 0.836142 2.894106
v -0.713371 0.828041 2.883734
v -0.685605 0.810315 2.870297
v -0.659972 0.790572 2.856628
v -0.631915 0.777011 2.845739
v -0.607631 0.758105 2.833907
v -0.584866 0.738208 2.822852
v -0.563614 0.717376 2.812812
v -0.540524 0.699374 2.805280
v -0.518247 0.680398 2.799210
v -1.410378 0.699054 3.019294
v -1.384403 0.715466 3.015699
v -1.357393 0.730275 3.013251
v -1.332112 0.748304 3.014060
v -1.305529 0.765443 3.015592
v -1.277486 0.781315 3.017387
v -1.248109 0.795995 3.019226
v -1.217515 0.809564 3.020884
v -1.185816 0.822090 3.022159
v -1.152575 0.831117 3.021833
v -1.117830 0.834088 3.018733
v -1.083047 0.836195 3.015136
v -1.048288 0.837488 3.010966
v -1.013612 0.838004 3.006145
v -0.979074 0.837877 3.000630
v -0.944552 0.839147 2.995170
v -0.910101 0.839028 2.988529
v -0.875824 0.837547 2.980811
v -0.841828 0.834741 2.972161
v -0.808216 0.830640 2.962718
v -0.775454 0.824145 2.952179
v -0.744435 0.813609 2.940038
v -0.715791 0.798841 2.926375
v -0.687253 0.785847 2.913652
v -0.658892 0.773819 2.901681
v -0.634119 0.756532 2.888341
v -0.608884 0.741325 2.876698
v -0.584601 0.725455 2.865977
v -0.561234 0.708850 2.856422
v -0.538736 0.691414 2.848291
v -0.517047 0.673036 2.841846
v -1.401786 0.690914 3.059881
v -1.376534 0.706556 3.056926
v -1.350155 0.720654 3.055358
v -1.322709 0.733352 3.054794
v -1.294414 0.745085 3.055036
v -1.267005 0.759838 3.057828
v -1.238240 0.773522 3.060640
v -1.208237 0.786213 3.063219
v -1.177111 0.797974 3.065335
v -1.144973 0.808813 3.066873
v -1.111279 0.814833 3.065866
v -1.076797 0.816777 3.062657
v -1.042318 0.817946 3.058774
v -1.007911 0.818369 3.054137
v -0.973578 0.820142 3.049618
v -0.939220 0.821292 3.044192
v -0.904958 0.821061 3.037460
v -0.870908 0.819488 3.029533
v -0.837184 0.816624 3.020563
v -0.804675 0.809796 3.009509
v -0.773027 0.801628 2.997667
v -0.740655 0.796573 2.987082
v -0.710083 0.787662 2.974860
v -0.682133 0.774348 2.960921
v -0.655297 0.760575 2.947114
v -0.629547 0.746322 2.933705
v -0.604846 0.731548 2.920985
v -0.581165 0.716200 2.909237
v -0.558465 0.700210 2.898750
v -0.536679 0.683463 2.889863
v -0.515717 0.665819 2.882932
v -1.393584 0.682803 3.098455
v -1.369221 0.697518 3.096391
v -1.343591 0.710764 3.095995
v -1.316744 0.722724 3.096718
v -1.288746 0.733560 3.098060
v -1.259694 0.743352 3.099694
v -1.229694 0.752156 3.101331
v -1.199732 0.762727 3.104168
v -1.169106 0.773745 3.107151
v -1.137450 0.783945 3.109460
v -1.104878 0.793303 3.111005
v -1.070999 0.797519 3.109464
v -1.036696 0.798586 3.105863
v -1.002458 0.799484 3.101681
v -0.968216 0.801849 3.097645
v -0.933943 0.802881 3.092237
v -0.899793 0.802540 3.085396
v -0.865897 0.800874 3.077239
v -0.834214 0.790599 3.064362
v -0.801605 0.786340 3.054008
v -0.769239 0.782004 3.043310
v -0.737292 0.777062 3.032133
v -0.705820 0.771495 3.020588
v -0.678190 0.758825 3.005771
v -0.649595 0.749489 2.992739
v -0.624309 0.735603 2.978119
v -0.600171 0.721305 2.964171
v -0.577158 0.706564 2.951206
v -0.555241 0.691317 2.939561
v -0.534325 0.675421 2.929706
v -0.514277 0.658691 2.922142
v -1.385907 0.674624 3.135027
v -1.362685 0.688147 3.134197
v -1.337942 0.700406 3.135114
v -1.311695 0.711547 3.137354
v -1.284151 0.721716 3.140204
v -1.255380 0.731016 3.143200
v -1.225521 0.739465 3.146053
v -1.194712 0.747070 3.148472
v -1.163090 0.753825 3.150195
v -1.130802 0.759805 3.151157
v -1.098410 0.767724 3.152847
v -1.065398 0.775770 3.154108
v -1.031439 0.779246 3.152205
v -0.997249 0.780611 3.148504
v -0.963001 0.782847 3.144599
v -0.928729 0.783764 3.139192
v -0.895054 0.780469 3.130682
v -0.862473 0.773582 3.119534
v -0.829446 0.770836 3.110009
v -0.796860 0.767198 3.099500
v -0.764801 0.762716 3.088151
v -0.733303 0.757544 3.076160
v -0.702232 0.752137 3.063879
v -0.672656 0.744499 3.050395
v -0.643590 0.736872 3.037021
v -0.618294 0.724147 3.021453
v -0.594741 0.710375 3.006104
v -0.572468 0.696335 2.991695
v -0.551389 0.681925 2.978683
v -0.531489 0.667039 2.967801
v -0.512639 0.651524 2.959399
v -1.379358 0.666495 3.167994
v -1.357473 0.678330 3.169535
v -1.333647 0.689326 3.172485
v -1.307866 0.699561 3.176671
v -1.280703 0.709023 3.181262
v -1.252123 0.717817 3.185778
v -1.222305 0.725915 3.189953
v -1.191420 0.733276 3.193512
v -1.159645 0.739850 3.196208
v -1.127131 0.745615 3.197938
v -1.094009 0.750554 3.198631
v -1.060409 0.754639 3.198206
v -1.026460 0.757832 3.196581
v -0.992293 0.760861 3.194140
v -0.957949 0.762970 3.190351
v -0.923836 0.761551 3.183593
v -0.889841 0.760658 3.176281
v -0.856174 0.758733 3.167556
v -0.822933 0.755859 3.157576
v -0.790210 0.752109 3.146494
v -0.758097 0.747543 3.134453
v -0.726682 0.742210 3.121591
v -0.696206 0.735851 3.107871
v -0.667755 0.726810 3.092472
v -0.639261 0.719196 3.077863
v -0.612729 0.709693 3.062442
v -0.588383 0.698483 3.046624
v -0.566865 0.685199 3.030522
v -0.546622 0.671720 3.015675
v -0.527935 0.658147 3.003095
v -0.510706 0.644387 2.992871
v -1.373899 0.658207 3.197682
v -1.353657 0.667880 3.202405
v -1.330974 0.677269 3.208094
v -1.305624 0.686474 3.214636
v -1.278672 0.695231 3.221181
v -1.250122 0.703528 3.227363
v -1.220199 0.711284 3.232954
v -1.189100 0.718411 3.237716
v -1.157035 0.724812 3.241433
v -1.124181 0.730446 3.244010
v -1.090675 0.735283 3.245380
v -1.056622 0.738997 3.245272
v -1.022112 0.739850 3.242469
v -0.987616 0.740054 3.238442
v -0.953215 0.739877 3.233317
v -0.918535 0.742727 3.229282
v -0.884197 0.742075 3.221984
v -0.850263 0.740157 3.212992
v -0.816878 0.737081 3.202477
v -0.784172 0.732944 3.190605
v -0.752267 0.727835 3.177533
v -0.721279 0.721830 3.163411
v -0.691404 0.714850 3.148293
v -0.662730 0.707051 3.132377
v -0.635034 0.699061 3.116179
v -0.608962 0.690138 3.099461
v -0.584457 0.680718 3.082742
v -0.561671 0.670889 3.066321
v -0.540758 0.660411 3.050397
v -0.523655 0.648554 3.035553
v -0.509066 0.636505 3.022547
v -0.751683 -0.246544 1.852010
v -0.768518 -0.250934 1.850975
v -0.787110 -0.255310 1.849241
v -0.807827 -0.259918 1.846732
v -0.829039 -0.264325 1.843898
v -0.848233 -0.272639 1.838052
v -0.867648 -0.281947 1.831556
v -0.887500 -0.291550 1.825051
v -0.907853 -0.301495 1.818666
v -0.928876 -0.311830 1.812459
v -0.950586 -0.322517 1.806497
v -0.972978 -0.333495 1.800860
v -0.996076 -0.344695 1.795641
v -1.020114 -0.352579 1.793182
v -1.044372 -0.353848 1.795560
v -1.068196 -0.354924 1.798629
v -1.092125 -0.355788 1.802490
v -1.116687 -0.356411 1.807182
v -1.141954 -0.356747 1.812683
v -1.167858 -0.356760 1.818952
v -1.194306 -0.356413 1.825943
v -1.222064 -0.357398 1.832606
v -1.250113 -0.357557 1.840156
v -1.277715 -0.356010 1.849023
v -1.302524 -0.349828 1.860753
v -1.322965 -0.338235 1.875517
v -1.342439 -0.326766 1.889959
v -1.360851 -0.315420 1.903867
v -1.379221 -0.305138 1.916449
v -1.398649 -0.298334 1.925682
v -1.415794 -0.291021 1.933726
v -0.743868 -0.255965 1.870677
v -0.761669 -0.262810 1.871247
v -0.780921 -0.269065 1.870882
v -0.801901 -0.274576 1.869646
v -0.822623 -0.280708 1.867036
v -0.841576 -0.290592 1.861567
v -0.861207 -0.300678 1.855806
v -0.881343 -0.310981 1.849956
v -0.902035 -0.321586 1.844197
v -0.923420 -0.332545 1.838618
v -0.945509 -0.343823 1.833293
v -0.968302 -0.355364 1.828309
v -0.991825 -0.367106 1.823768
v -1.016273 -0.376529 1.821153
v -1.041164 -0.377897 1.823645
v -1.065658 -0.379052 1.826870
v -1.090249 -0.379979 1.830933
v -1.115422 -0.380644 1.835853
v -1.141246 -0.380996 1.841580
v -1.167666 -0.380987 1.848050
v -1.194600 -0.380571 1.855203
v -1.221943 -0.379703 1.862974
v -1.250304 -0.379681 1.870634
v -1.278294 -0.377929 1.879394
v -1.306565 -0.375724 1.888499
v -1.329054 -0.364980 1.901617
v -1.349092 -0.352040 1.915326
v -1.367987 -0.338980 1.928350
v -1.390118 -0.330064 1.938218
v -1.407481 -0.317399 1.947906
v -1.418125 -0.299936 1.957901
v -0.728796 -0.271644 1.888762
v -0.747616 -0.281132 1.890267
v -0.767781 -0.289196 1.890692
v -0.789209 -0.296094 1.890152
v -0.811385 -0.302086 1.889005
v -0.833305 -0.308752 1.886773
v -0.853267 -0.319677 1.881759
v -0.873806 -0.330751 1.876603
v -0.894966 -0.342084 1.871518
v -0.916841 -0.353720 1.866609
v -0.939441 -0.365629 1.861961
v -0.962772 -0.377759 1.857667
v -0.986868 -0.390055 1.853835
v -1.011874 -0.401058 1.851258
v -1.037564 -0.402549 1.853905
v -1.062905 -0.403790 1.857316
v -1.088337 -0.404771 1.861595
v -1.114290 -0.405457 1.866742
v -1.140835 -0.405793 1.872685
v -1.167928 -0.405723 1.879344
v -1.195505 -0.405191 1.886640
v -1.223416 -0.404010 1.894553
v -1.251659 -0.402374 1.902902
v -1.280224 -0.400343 1.911566
v -1.309079 -0.397777 1.920473
v -1.336136 -0.391692 1.930590
v -1.356915 -0.377235 1.943593
v -1.379838 -0.366260 1.954232
v -1.395820 -0.348059 1.966475
v -1.408856 -0.328233 1.977347
v -1.420478 -0.308272 1.985983
v -0.710315 -0.289434 1.910332
v -0.730630 -0.300676 1.912284
v -0.752029 -0.310240 1.913080
v -0.774328 -0.318506 1.913032
v -0.797303 -0.325775 1.912401
v -0.820733 -0.332224 1.911361
v -0.843904 -0.339068 1.909573
v -0.864968 -0.350971 1.905145
v -0.886714 -0.363084 1.900776
v -0.909198 -0.375440 1.896582
v -0.932431 -0.388009 1.892651
v -0.956429 -0.400749 1.889084
v -0.981234 -0.413607 1.885994
v -1.007068 -0.424027 1.884545
v -1.033565 -0.427834 1.886482
v -1.059907 -0.429170 1.890104
v -1.086336 -0.430201 1.894609
v -1.113222 -0.430893 1.899978
v -1.140636 -0.431188 1.906123
v -1.168369 -0.430437 1.913173
v -1.196496 -0.429197 1.920796
v -1.225066 -0.427671 1.928807
v -1.254034 -0.425772 1.937133
v -1.283943 -0.424477 1.945315
v -1.313308 -0.420962 1.954237
v -1.342829 -0.416583 1.963112
v -1.365421 -0.401980 1.974953
v -1.382113 -0.380910 1.988086
v -1.397314 -0.359753 1.999930
v -1.411083 -0.338403 2.010097
v -1.423545 -0.316677 2.018196
v -0.689678 -0.308253 1.934367
v -0.711387 -0.321042 1.936696
v -0.734016 -0.332147 1.937965
v -0.757393 -0.341850 1.938419
v -0.781348 -0.350405 1.938271
v -0.805714 -0.358006 1.937689
v -0.830348 -0.364846 1.936848
v -0.854897 -0.371725 1.935696
v -0.877339 -0.384657 1.932085
v -0.900544 -0.397762 1.928648
v -0.924525 -0.411015 1.925475
v -0.949310 -0.424379 1.922674
v -0.975016 -0.437256 1.920559
v -1.001894 -0.445434 1.920723
v -1.029169 -0.453262 1.921646
v -1.056642 -0.455201 1.925330
v -1.084201 -0.456281 1.930067
v -1.112156 -0.456969 1.935650
v -1.140419 -0.456535 1.942197
v -1.168995 -0.455371 1.949450
v -1.198004 -0.453951 1.957136
v -1.227446 -0.452184 1.965170
v -1.257296 -0.449970 1.973468
v -1.287512 -0.447199 1.981954
v -1.318881 -0.445103 1.990104
v -1.347525 -0.437247 1.999604
v -1.366293 -0.415205 2.012683
v -1.383631 -0.393048 2.024785
v -1.399505 -0.370662 2.035688
v -1.413979 -0.347984 2.045107
v -1.427150 -0.324903 2.052750
v -0.672206 -0.322819 1.963725
v -0.693696 -0.338278 1.965672
v -0.715922 -0.352512 1.966528
v -0.738827 -0.365707 1.966519
v -0.763627 -0.375956 1.966686
v -0.789092 -0.384751 1.966599
v -0.814839 -0.392701 1.966261
v -0.840791 -0.400014 1.965848
v -0.866892 -0.406873 1.965520
v -0.890929 -0.420728 1.962886
v -0.915767 -0.434679 1.960513
v -0.941452 -0.448675 1.958514
v -0.968543 -0.458674 1.958246
v -0.996262 -0.467177 1.958962
v -1.024430 -0.475289 1.960418
v -1.053088 -0.481881 1.963050
v -1.081893 -0.483012 1.968022
v -1.111035 -0.483687 1.973809
v -1.140309 -0.482600 1.980645
v -1.169945 -0.481283 1.987978
v -1.199985 -0.479651 1.995713
v -1.230445 -0.477606 2.003755
v -1.261549 -0.475549 2.011885
v -1.293880 -0.474360 2.019764
v -1.325553 -0.470141 2.028247
v -1.347917 -0.449947 2.040353
v -1.367697 -0.427562 2.052306
v -1.385727 -0.404487 2.063490
v -1.402273 -0.381065 2.073593
v -1.417417 -0.357291 2.082377
v -1.431236 -0.333100 2.089609
v -0.655004 -0.336281 1.996161
v -0.677466 -0.352677 1.998445
v -0.700618 -0.367843 1.999767
v -0.724397 -0.381938 2.000317
v -0.748758 -0.395110 2.000278
v -0.773661 -0.407501 1.999827
v -0.799083 -0.419242 1.999138
v -0.825222 -0.429929 1.998549
v -0.852637 -0.437745 1.998770
v -0.880192 -0.445096 1.999144
v -0.906204 -0.459025 1.997816
v -0.933335 -0.471236 1.997307
v -0.961527 -0.480471 1.998003
v -0.990187 -0.489302 1.999298
v -1.019349 -0.497692 2.001308
v -1.049091 -0.505589 2.004151
v -1.079229 -0.508837 2.008862
v -1.109155 -0.506694 2.015471
v -1.138916 -0.502959 2.022947
v -1.168761 -0.499108 2.030836
v -1.198791 -0.495121 2.039030
v -1.230296 -0.494184 2.046734
v -1.261102 -0.489717 2.055246
v -1.292172 -0.484634 2.063820
v -1.323807 -0.479353 2.072235
v -1.346904 -0.458943 2.083366
v -1.369141 -0.438648 2.093826
v -1.385082 -0.411235 2.104916
v -1.402220 -0.387261 2.114256
v -1.418483 -0.363458 2.122318
v -1.433747 -0.339449 2.128970
v -0.642112 -0.344581 2.032893
v -0.660017 -0.367561 2.033196
v -0.684090 -0.383607 2.034959
v -0.708770 -0.398568 2.036056
v -0.734014 -0.412580 2.036645
v -0.759792 -0.425774 2.036879
v -0.786911 -0.436510 2.037393
v -0.815196 -0.444496 2.038374
v -0.843457 -0.452138 2.039308
v -0.871728 -0.459475 2.040305
v -0.899795 -0.467584 2.041225
v -0.928448 -0.473304 2.042909
v -0.956977 -0.479789 2.044737
v -0.985677 -0.485955 2.047073
v -1.014594 -0.491758 2.050035
v -1.043806 -0.497134 2.053747
v -1.073503 -0.502007 2.058296
v -1.103324 -0.502466 2.064323
v -1.132809 -0.499006 2.071567
v -1.162755 -0.496895 2.078953
v -1.193075 -0.494680 2.086632
v -1.223476 -0.491207 2.094682
v -1.254200 -0.487216 2.102861
v -1.286282 -0.484725 2.110722
v -1.322349 -0.487684 2.117496
v -1.348678 -0.471233 2.127071
v -1.371800 -0.450486 2.136765
v -1.388532 -0.422301 2.146929
v -1.402802 -0.393348 2.156324
v -1.416601 -0.365900 2.164414
v -1.432174 -0.341563 2.170726
v -0.638840 -0.342318 2.074975
v -0.649996 -0.373082 2.073138
v -0.671029 -0.393971 2.073905
v -0.700235 -0.403778 2.077109
v -0.729015 -0.412783 2.079637
v -0.757451 -0.421157 2.081653
v -0.785634 -0.429039 2.083313
v -0.813651 -0.436538 2.084772
v -0.841571 -0.443731 2.086166
v -0.869444 -0.450667 2.087602
v -0.896138 -0.462344 2.088252
v -0.923336 -0.474238 2.089165
v -0.951952 -0.480249 2.091491
v -0.980876 -0.483834 2.094635
v -1.009761 -0.487264 2.098305
v -1.038709 -0.490534 2.102613
v -1.067927 -0.493617 2.107642
v -1.097719 -0.497188 2.113236
v -1.127391 -0.496196 2.119979
v -1.157122 -0.493914 2.127274
v -1.187107 -0.491265 2.134880
v -1.217411 -0.488200 2.142694
v -1.248204 -0.484923 2.150579
v -1.283283 -0.489343 2.157445
v -1.319739 -0.492720 2.164278
v -1.351267 -0.484135 2.172244
v -1.374495 -0.461730 2.181387
v -1.392199 -0.433116 2.190632
v -1.407160 -0.403365 2.199235
v -1.420083 -0.373538 2.206937
v -1.431036 -0.343696 2.213597
v -0.635284 -0.339816 2.117728
v -0.646211 -0.370688 2.116549
v -0.669564 -0.388413 2.118554
v -0.698738 -0.397713 2.121919
v -0.727430 -0.406216 2.124704
v -0.755725 -0.414097 2.127047
v -0.783710 -0.421507 2.129079
v -0.811473 -0.428561 2.130932
v -0.839090 -0.435347 2.132723
v -0.865496 -0.445778 2.133951
v -0.891958 -0.457448 2.135185
v -0.918948 -0.469278 2.136706
v -0.946571 -0.481229 2.138619
v -0.975381 -0.487856 2.141690
v -1.004589 -0.491353 2.145645
v -1.033888 -0.494720 2.150194
v -1.063302 -0.495605 2.155653
v -1.092677 -0.494138 2.161922
v -1.122203 -0.492683 2.168651
v -1.151822 -0.490407 2.175818
v -1.181755 -0.488086 2.183246
v -1.212031 -0.485390 2.190864
v -1.245645 -0.489759 2.197925
v -1.281064 -0.494531 2.204927
v -1.317927 -0.498255 2.211881
v -1.354597 -0.497777 2.218909
v -1.377334 -0.472686 2.227544
v -1.395781 -0.443413 2.235957
v -1.411741 -0.413341 2.243760
v -1.425324 -0.382808 2.250816
v -1.436862 -0.352267 2.256974
v -0.631385 -0.337189 2.161022
v -0.642092 -0.368082 2.160489
v -0.667554 -0.382828 2.163378
v -0.696647 -0.391655 2.166828
v -0.725221 -0.399694 2.169792
v -0.753359 -0.407129 2.172386
v -0.781149 -0.414116 2.174724
v -0.808681 -0.420777 2.176916
v -0.835019 -0.430139 2.178692
v -0.860938 -0.441514 2.180324
v -0.887283 -0.453103 2.182158
v -0.914161 -0.464894 2.184289
v -0.941681 -0.476851 2.186810
v -0.969949 -0.488917 2.189811
v -0.999335 -0.494000 2.193927
v -1.028921 -0.493095 2.199036
v -1.058347 -0.491976 2.204713
v -1.087765 -0.490655 2.210916
v -1.117279 -0.489128 2.217562
v -1.147086 -0.487888 2.224534
v -1.176942 -0.485338 2.231833
v -1.209351 -0.489500 2.238945
v -1.243727 -0.495355 2.246068
v -1.279482 -0.500283 2.253242
v -1.315050 -0.500831 2.260521
v -1.351707 -0.500086 2.267638
v -1.373806 -0.473292 2.275581
v -1.392506 -0.443847 2.283164
v -1.409135 -0.414163 2.290187
v -1.423740 -0.384348 2.296553
v -1.436388 -0.354495 2.302158
v -0.622065 -0.339763 2.203586
v -0.634585 -0.368908 2.204149
v -0.663649 -0.379105 2.207999
v -0.693962 -0.385752 2.211787
v -0.722397 -0.393379 2.214878
v -0.750374 -0.400423 2.217677
v -0.777982 -0.407044 2.220282
v -0.804416 -0.415585 2.222563
v -0.829971 -0.426646 2.224637
v -0.855844 -0.437943 2.226853
v -0.882151 -0.449485 2.229297
v -0.909004 -0.461261 2.232050
v -0.936514 -0.473240 2.235191
v -0.964786 -0.485367 2.238793
v -0.994207 -0.490936 2.243210
v -1.023924 -0.490071 2.248383
v -1.053491 -0.489042 2.254060
v -1.083045 -0.487857 2.260204
v -1.112685 -0.486508 2.266747
v -1.142501 -0.484966 2.273615
v -1.173253 -0.485821 2.280685
v -1.205635 -0.489588 2.287888
v -1.239001 -0.492643 2.295215
v -1.273410 -0.494821 2.302581
v -1.308909 -0.495933 2.309902
v -1.345542 -0.495766 2.317088
v -1.370328 -0.473290 2.324201
v -1.389359 -0.443871 2.330981
v -1.406283 -0.414194 2.337293
v -1.421137 -0.384374 2.343056
v -1.433978 -0.354513 2.348187
v -0.608843 -0.346027 2.246278
v -0.621683 -0.375610 2.247518
v -0.652956 -0.383791 2.251719
v -0.683671 -0.390511 2.255549
v -0.713532 -0.396495 2.259027
v -0.742644 -0.401981 2.262242
v -0.771123 -0.407178 2.265281
v -0.798809 -0.412948 2.268190
v -0.824372 -0.423949 2.270825
v -0.850266 -0.435207 2.273644
v -0.876608 -0.446734 2.276717
v -0.903514 -0.458519 2.280112
v -0.931092 -0.470534 2.283889
v -0.959463 -0.482584 2.288107
v -0.989164 -0.484906 2.292901
v -1.018906 -0.487642 2.298121
v -1.048691 -0.486934 2.303804
v -1.078457 -0.485875 2.309893
v -1.108301 -0.484682 2.316334
v -1.139125 -0.487511 2.323120
v -1.169394 -0.485084 2.330085
v -1.200297 -0.483612 2.337234
v -1.233572 -0.487097 2.344598
v -1.267901 -0.489736 2.352013
v -1.303342 -0.491334 2.359405
v -1.339941 -0.491670 2.366698
v -1.366951 -0.472906 2.373297
v -1.386321 -0.443577 2.379297
v -1.403552 -0.413972 2.384913
v -1.418673 -0.384211 2.390083
v -1.431731 -0.354400 2.394739
v -0.594927 -0.352708 2.289924
v -0.609437 -0.381213 2.292035
v -0.641475 -0.389156 2.296218
v -0.672568 -0.396085 2.300089
v -0.702814 -0.402280 2.303719
v -0.732323 -0.407980 2.307182
v -0.761215 -0.413389 2.310554
v -0.789617 -0.418678 2.313908
v -0.817652 -0.423986 2.317315
v -0.844264 -0.433420 2.320800
v -0.870706 -0.444961 2.324529
v -0.897729 -0.456777 2.328588
v -0.925441 -0.468840 2.333020
v -0.954634 -0.474125 2.337737
v -0.984227 -0.476461 2.342744
v -1.013880 -0.479260 2.348133
v -1.043765 -0.482506 2.353934
v -1.073939 -0.484806 2.360078
v -1.104879 -0.489804 2.366666
v -1.135533 -0.489075 2.373301
v -1.166162 -0.486760 2.380082
v -1.197138 -0.484497 2.387035
v -1.228597 -0.482187 2.394112
v -1.262856 -0.485139 2.401576
v -1.298254 -0.487139 2.409051
v -1.334819 -0.487894 2.416470
v -1.363628 -0.472226 2.422784
v -1.383350 -0.443040 2.428012
v -1.400908 -0.413557 2.432937
v -1.416322 -0.383900 2.437511
v -1.429630 -0.354182 2.441686
v -0.580388 -0.359789 2.334518
v -0.596851 -0.386968 2.337423
v -0.629286 -0.395208 2.341529
v -0.660782 -0.402432 2.345458
v -0.691444 -0.408920 2.349265
v -0.721386 -0.414909 2.353011
v -0.750733 -0.420603 2.356754
v -0.779615 -0.426168 2.360552
v -0.808157 -0.431741 2.364460
v -0.836489 -0.437425 2.368529
v -0.864499 -0.444248 2.372834
v -0.891690 -0.456114 2.377583
v -0.920022 -0.465308 2.382560
v -0.949660 -0.467189 2.387501
v -0.979219 -0.469557 2.392739
v -1.008811 -0.476644 2.398562
v -1.039025 -0.484032 2.404763
v -1.069434 -0.484717 2.410840
v -1.099859 -0.483774 2.417061
v -1.131422 -0.488222 2.423928
v -1.163127 -0.489640 2.430794
v -1.194512 -0.487442 2.437550
v -1.226360 -0.485191 2.444449
v -1.258806 -0.482760 2.451456
v -1.293537 -0.483423 2.458858
v -1.330075 -0.484506 2.466407
v -1.360291 -0.471314 2.472583
v -1.380384 -0.442309 2.477036
v -1.398294 -0.412984 2.481261
v -1.414032 -0.383465 2.485230
v -1.430166 -0.356513 2.489240
v -0.565312 -0.367222 2.380119
v -0.583627 -0.393288 2.383690
v -0.616484 -0.401920 2.387739
v -0.648413 -0.409530 2.391751
v -0.679523 -0.416396 2.395769
v -0.709934 -0.422755 2.399835
v -0.739774 -0.428805 2.403991
v -0.769174 -0.434712 2.408277
v -0.798263 -0.440608 2.412729
v -0.827170 -0.446593 2.417379
v -0.856017 -0.452744 2.422255
v -0.885051 -0.458488 2.427334
v -0.914014 -0.465722 2.432764
v -0.943395 -0.472584 2.438426
v -0.973181 -0.479683 2.444371
v -1.003487 -0.486986 2.450602
v -1.034188 -0.486391 2.456339
v -1.064886 -0.485645 2.462255
v -1.095657 -0.484794 2.468352
v -1.126580 -0.483800 2.474623
v -1.158980 -0.488266 2.481697
v -1.192027 -0.491553 2.488858
v -1.224316 -0.489300 2.495557
v -1.257182 -0.486852 2.502398
v -1.290755 -0.484052 2.509358
v -1.325588 -0.481541 2.516526
v -1.356853 -0.470209 2.522640
v -1.377334 -0.441409 2.526309
v -1.395623 -0.412267 2.529822
v -1.412855 -0.384261 2.533388
v -1.431050 -0.359151 2.537309
v -0.549778 -0.374933 2.426897
v -0.569839 -0.400106 2.431020
v -0.603141 -0.409224 2.435043
v -0.635528 -0.417311 2.439173
v -0.667115 -0.424643 2.443434
v -0.698026 -0.431453 2.447852
v -0.728391 -0.437936 2.452451
v -0.758340 -0.444252 2.457253
v -0.788006 -0.450530 2.462274
v -0.818751 -0.452809 2.467161
v -0.849477 -0.453552 2.472079
v -0.878978 -0.458180 2.477551
v -0.907330 -0.470439 2.484039
v -0.936510 -0.482897 2.490817
v -0.967025 -0.489293 2.497136
v -0.998144 -0.488828 2.502794
v -1.029193 -0.488263 2.508544
v -1.060249 -0.487598 2.514397
v -1.091387 -0.486813 2.520366
v -1.122678 -0.485872 2.526461
v -1.154271 -0.485057 2.532737
v -1.187799 -0.490017 2.540060
v -1.222359 -0.494490 2.547563
v -1.255684 -0.491953 2.554220
v -1.289691 -0.489044 2.561046
v -1.324507 -0.485573 2.568033
v -1.354549 -0.471249 2.573385
v -1.374110 -0.440346 2.575861
v -1.393204 -0.411957 2.578775
v -1.413294 -0.387071 2.582384
v -1.431991 -0.361887 2.585989
v -0.535570 -0.381082 2.474823
v -0.558335 -0.404100 2.479284
v -0.589257 -0.417062 2.483547
v -0.622116 -0.425709 2.487837
v -0.654196 -0.433585 2.492380
v -0.685625 -0.440921 2.497183
v -0.716535 -0.447908 2.502252
v -0.749419 -0.449050 2.506964
v -0.781600 -0.449613 2.511816
v -0.813002 -0.450257 2.516869
v -0.843777 -0.451120 2.522125
v -0.872271 -0.460890 2.528723
v -0.900893 -0.473233 2.535900
v -0.930350 -0.485753 2.543320
v -0.961197 -0.491975 2.549997
v -0.992664 -0.491628 2.555771
v -1.024078 -0.491156 2.561542
v -1.055516 -0.490557 2.567334
v -1.087044 -0.489813 2.573176
v -1.118729 -0.488889 2.579095
v -1.150641 -0.487729 2.585114
v -1.183355 -0.488224 2.591609
v -1.218115 -0.493064 2.599149
v -1.254145 -0.497583 2.606953
v -1.288780 -0.494924 2.613704
v -1.324033 -0.491245 2.620592
v -1.354896 -0.477273 2.625681
v -1.374498 -0.445115 2.627043
v -1.393066 -0.414941 2.628885
v -1.413706 -0.390006 2.632061
v -1.432944 -0.364739 2.635357
v -0.531178 -0.376972 2.522692
v -0.553897 -0.399769 2.527424
v -0.577877 -0.421447 2.532736
v -0.608164 -0.434644 2.537688
v -0.640734 -0.443134 2.542563
v -0.675760 -0.445421 2.547048
v -0.709942 -0.446592 2.551711
v -0.743073 -0.447463 2.556622
v -0.775305 -0.448238 2.561778
v -0.806787 -0.449083 2.567170
v -0.837067 -0.452402 2.573148
v -0.865252 -0.464648 2.580765
v -0.894181 -0.477088 2.588629
v -0.923953 -0.489674 2.596688
v -0.955179 -0.495623 2.603692
v -0.987024 -0.495404 2.609587
v -1.018836 -0.495022 2.615386
v -1.050688 -0.494476 2.621121
v -1.082641 -0.493748 2.626837
v -1.114756 -0.492804 2.632578
v -1.147095 -0.491593 2.638383
v -1.179723 -0.490044 2.644286
v -1.214043 -0.492486 2.651289
v -1.250175 -0.496896 2.659071
v -1.287676 -0.500741 2.667156
v -1.323762 -0.497668 2.674102
v -1.355152 -0.483433 2.678790
v -1.375584 -0.451254 2.679270
v -1.393787 -0.419323 2.679932
v -1.414092 -0.393069 2.682329
v -1.433896 -0.367722 2.685313
v -0.528416 -0.371099 2.570272
v -0.549455 -0.395331 2.575518
v -0.573348 -0.416792 2.581224
v -0.601542 -0.432691 2.586851
v -0.633405 -0.442376 2.592151
v -0.668735 -0.444389 2.596727
v -0.702916 -0.445866 2.601634
v -0.736096 -0.447041 2.606852
v -0.768420 -0.448108 2.612358
v -0.800033 -0.449227 2.618128
v -0.829334 -0.456970 2.625361
v -0.857860 -0.469365 2.633705
v -0.887140 -0.481918 2.642263
v -0.917272 -0.494575 2.650965
v -0.948937 -0.500162 2.658258
v -0.981205 -0.500082 2.664285
v -1.013459 -0.499788 2.670118
v -1.045771 -0.499279 2.675800
v -1.078195 -0.498542 2.681391
v -1.110783 -0.497545 2.686950
v -1.143590 -0.496240 2.692529
v -1.176673 -0.494561 2.698180
v -1.210288 -0.493085 2.704113
v -1.246571 -0.497295 2.711823
v -1.284172 -0.500929 2.719863
v -1.319858 -0.496613 2.726320
v -1.350940 -0.481516 2.730317
v -1.376599 -0.457492 2.732202
v -1.395653 -0.425528 2.732070
v -1.414447 -0.396239 2.733051
v -1.434827 -0.370829 2.735714
v -0.531033 -0.359672 2.616532
v -0.547365 -0.388098 2.622933
v -0.575545 -0.403368 2.627924
v -0.604235 -0.417155 2.633509
v -0.633382 -0.429580 2.639609
v -0.662945 -0.440757 2.646144
v -0.695179 -0.446144 2.652084
v -0.728429 -0.447701 2.657679
v -0.760883 -0.449134 2.663594
v -0.792674 -0.450596 2.669790
v -0.821126 -0.462356 2.678478
v -0.850035 -0.474924 2.687567
v -0.879715 -0.487605 2.696832
v -0.910261 -0.500342 2.706186
v -0.942438 -0.505488 2.713729
v -0.975186 -0.505558 2.719901
v -1.007940 -0.505349 2.725777
v -1.040769 -0.504864 2.731411
v -1.073720 -0.504093 2.736876
v -1.106834 -0.503009 2.742244
v -1.140156 -0.501569 2.747582
v -1.173735 -0.499713 2.752952
v -1.207621 -0.497362 2.758411
v -1.241695 -0.493918 2.763869
v -1.275466 -0.488115 2.769026
v -1.309190 -0.480891 2.774233
v -1.342806 -0.472102 2.779545
v -1.372841 -0.455989 2.783177
v -1.397434 -0.431788 2.784762
v -1.415231 -0.400094 2.784299
v -1.435697 -0.374032 2.786400
v -0.533395 -0.348521 2.661955
v -0.551139 -0.374110 2.668335
v -0.578617 -0.388776 2.673458
v -0.606605 -0.402003 2.679281
v -0.635058 -0.413917 2.685703
v -0.663939 -0.424634 2.692623
v -0.693215 -0.434264 2.699941
v -0.722860 -0.442908 2.707558
v -0.752847 -0.450654 2.715378
v -0.783749 -0.455757 2.722867
v -0.812385 -0.468414 2.732503
v -0.841722 -0.481176 2.742366
v -0.871854 -0.494002 2.752359
v -0.902876 -0.506828 2.762381
v -0.935648 -0.511468 2.770133
v -0.968948 -0.511697 2.776464
v -1.002274 -0.511571 2.782395
v -1.035690 -0.511096 2.787986
v -1.069232 -0.510268 2.793323
v -1.102929 -0.509066 2.798489
v -1.136364 -0.505012 2.802823
v -1.168901 -0.496733 2.805944
v -1.200834 -0.487119 2.808777
v -1.232567 -0.477663 2.811868
v -1.265806 -0.472262 2.816613
v -1.298976 -0.465490 2.821412
v -1.332014 -0.457205 2.826343
v -1.364847 -0.447256 2.831481
v -1.393641 -0.429953 2.834830
v -1.417738 -0.406330 2.836667
v -1.436453 -0.377279 2.837200
v -0.535504 -0.337680 2.706427
v -0.554594 -0.360506 2.712665
v -0.581348 -0.374584 2.717971
v -0.608620 -0.387267 2.724092
v -0.636371 -0.398685 2.730900
v -0.664568 -0.408960 2.738269
v -0.693185 -0.418203 2.746073
v -0.722199 -0.426520 2.754187
v -0.751584 -0.434000 2.762493
v -0.779403 -0.446261 2.772474
v -0.806632 -0.462753 2.783929
v -0.835177 -0.478468 2.795354
v -0.864997 -0.493331 2.806622
v -0.896052 -0.507260 2.817605
v -0.929192 -0.511471 2.825537
v -0.962862 -0.511143 2.831793
v -0.996520 -0.509530 2.837265
v -1.030099 -0.506641 2.842005
v -1.063501 -0.502483 2.846095
v -1.096622 -0.497058 2.849615
v -1.129356 -0.490363 2.852643
v -1.161596 -0.482392 2.855254
v -1.193233 -0.473137 2.857519
v -1.224155 -0.462585 2.859509
v -1.256625 -0.456777 2.863506
v -1.289253 -0.450427 2.867824
v -1.321715 -0.442616 2.872294
v -1.353938 -0.433192 2.877020
v -1.385836 -0.421994 2.882111
v -1.413194 -0.403419 2.885345
v -1.437566 -0.381126 2.888216
v -0.537385 -0.327161 2.749827
v -0.557730 -0.347305 2.755819
v -0.583732 -0.360804 2.761365
v -0.610265 -0.372953 2.767852
v -0.637298 -0.383885 2.775120
v -0.664805 -0.393727 2.783013
v -0.692764 -0.402596 2.791376
v -0.721159 -0.410601 2.800054
v -0.749967 -0.417833 2.808900
v -0.776360 -0.432278 2.820329
v -0.803160 -0.448447 2.832555
v -0.831282 -0.463892 2.844696
v -0.860688 -0.478531 2.856615
v -0.891341 -0.492276 2.868170
v -0.924224 -0.495698 2.876077
v -0.957547 -0.495479 2.882378
v -0.990881 -0.493991 2.887779
v -1.024159 -0.491249 2.892339
v -1.057278 -0.487266 2.896148
v -1.090125 -0.482050 2.899296
v -1.122590 -0.475605 2.901867
v -1.154561 -0.467932 2.903945
v -1.185920 -0.459028 2.905609
v -1.216552 -0.448886 2.906935
v -1.247952 -0.441645 2.909667
v -1.280050 -0.435690 2.913419
v -1.311936 -0.428330 2.917334
v -1.343536 -0.419409 2.921552
v -1.374766 -0.408767 2.926215
v -1.404747 -0.395192 2.930983
v -1.428259 -0.372819 2.933156
v -0.541242 -0.314753 2.791290
v -0.561278 -0.333672 2.797419
v -0.585750 -0.347416 2.803549
v -0.611513 -0.359029 2.810475
v -0.637809 -0.369479 2.818284
v -0.664616 -0.378895 2.826785
v -0.691918 -0.387399 2.835788
v -0.719704 -0.395102 2.845103
v -0.747957 -0.402099 2.854552
v -0.773088 -0.418233 2.867477
v -0.799481 -0.434070 2.880504
v -0.827213 -0.449238 2.893387
v -0.856244 -0.463649 2.905977
v -0.886540 -0.477206 2.918121
v -0.919240 -0.479797 2.925943
v -0.952270 -0.479687 2.932302
v -0.985335 -0.478321 2.937645
v -1.018365 -0.475719 2.942033
v -1.051249 -0.471900 2.945564
v -1.083868 -0.466882 2.948334
v -1.116102 -0.460677 2.950434
v -1.147832 -0.453293 2.951953
v -1.178936 -0.444734 2.952975
v -1.209289 -0.435002 2.953581
v -1.239824 -0.426822 2.955059
v -1.271404 -0.421240 2.958147
v -1.302714 -0.414310 2.961401
v -1.333677 -0.405878 2.964999
v -1.364207 -0.395782 2.969122
v -1.390217 -0.378450 2.971238
v -1.417745 -0.362918 2.976018
v -0.548122 -0.299416 2.829945
v -0.567291 -0.317240 2.836322
v -0.587529 -0.334078 2.844290
v -0.612251 -0.345417 2.851871
v -0.637795 -0.355375 2.860322
v -0.663907 -0.364369 2.869525
v -0.690569 -0.372517 2.879257
v -0.717769 -0.379932 2.889285
v -0.744950 -0.387998 2.899900
v -0.769553 -0.404018 2.913826
v -0.795565 -0.419517 2.927692
v -0.822941 -0.434403 2.941347
v -0.851642 -0.448582 2.954633
v -0.881635 -0.461946 2.967388
v -0.914232 -0.463675 2.975063
v -0.947032 -0.463676 2.981496
v -0.979890 -0.462429 2.986792
v -1.012732 -0.459958 2.991018
v -1.045439 -0.456294 2.994276
v -1.077881 -0.451464 2.996664
v -1.109931 -0.445488 2.998279
v -1.141460 -0.438384 2.999213
v -1.172339 -0.430164 2.999553
v -1.202437 -0.420839 2.999384
v -1.232324 -0.412220 2.999675
v -1.263418 -0.406987 3.002002
v -1.294167 -0.400475 3.004478
v -1.323215 -0.390319 3.006196
v -1.350771 -0.377587 3.007914
v -1.376394 -0.362028 3.009761
v -1.401079 -0.345264 3.012898
v -0.554357 -0.284851 2.866658
v -0.572603 -0.301473 2.873366
v -0.591942 -0.317126 2.881883
v -0.612381 -0.331990 2.891902
v -0.637138 -0.341460 2.901146
v -0.662572 -0.350028 2.911169
v -0.688626 -0.357832 2.921725
v -0.715283 -0.364976 2.932548
v -0.741500 -0.373897 2.944402
v -0.765719 -0.389506 2.959273
v -0.791382 -0.404660 2.974020
v -0.818444 -0.419262 2.988482
v -0.846864 -0.433205 3.002496
v -0.878032 -0.438728 3.012485
v -0.910106 -0.440457 3.020312
v -0.942485 -0.439485 3.026308
v -0.974825 -0.437574 3.031172
v -1.007106 -0.435015 3.035098
v -1.039281 -0.431812 3.038183
v -1.071280 -0.427962 3.040519
v -1.103027 -0.423450 3.042191
v -1.134437 -0.418256 3.043279
v -1.165422 -0.412349 3.043854
v -1.195885 -0.405690 3.043985
v -1.225550 -0.397725 3.043513
v -1.254878 -0.389790 3.043395
v -1.284239 -0.382358 3.044218
v -1.313934 -0.375473 3.046373
v -1.341005 -0.363945 3.047363
v -1.363347 -0.345847 3.046341
v -1.385435 -0.328300 3.047713
v -0.559914 -0.271048 2.901206
v -0.577155 -0.286330 2.908341
v -0.595546 -0.300663 2.917558
v -0.615114 -0.314301 2.928439
v -0.635844 -0.327448 2.940584
v -0.660508 -0.335738 2.951639
v -0.686003 -0.343206 2.963127
v -0.712171 -0.350096 2.974829
v -0.737688 -0.359356 2.987834
v -0.761553 -0.374549 3.003704
v -0.786905 -0.389355 3.019377
v -0.813778 -0.403400 3.034558
v -0.844665 -0.406258 3.044078
v -0.875773 -0.408526 3.052868
v -0.907042 -0.410205 3.060804
v -0.938442 -0.411285 3.067760
v -0.970052 -0.410911 3.073228
v -1.001758 -0.408521 3.076972
v -1.033377 -0.405540 3.079792
v -1.064831 -0.401971 3.081778
v -1.096034 -0.397811 3.083012
v -1.126894 -0.393047 3.083572
v -1.157819 -0.389536 3.084544
v -1.188873 -0.386816 3.085798
v -1.219024 -0.381688 3.085717
v -1.248632 -0.375725 3.085435
v -1.278476 -0.370606 3.086244
v -1.306292 -0.361824 3.085872
v -1.329684 -0.346506 3.082868
v -1.351261 -0.329976 3.080839
v -1.370915 -0.312072 3.080276
v -0.564727 -0.257888 2.933566
v -0.580800 -0.271562 2.941265
v -0.598188 -0.284495 2.951186
v -0.616945 -0.296872 2.963082
v -0.636909 -0.308871 2.976323
v -0.658062 -0.320663 2.990504
v -0.682604 -0.328484 3.003388
v -0.708355 -0.335135 3.016055
v -0.733473 -0.344213 3.030059
v -0.757021 -0.358988 3.046985
v -0.783032 -0.370943 3.062324
v -0.812913 -0.374128 3.072800
v -0.843094 -0.376799 3.082592
v -0.873500 -0.378955 3.091578
v -0.904064 -0.380586 3.099636
v -0.934753 -0.381675 3.106639
v -0.965633 -0.382200 3.112505
v -0.996748 -0.382161 3.117294
v -1.027915 -0.379712 3.120049
v -1.059078 -0.377749 3.122465
v -1.090481 -0.377379 3.125273
v -1.121827 -0.376153 3.127167
v -1.152700 -0.373074 3.127627
v -1.183249 -0.369514 3.127522
v -1.213774 -0.366377 3.127521
v -1.242452 -0.359307 3.125247
v -1.270894 -0.352889 3.123773
v -1.296785 -0.342785 3.120686
v -1.319546 -0.328999 3.116416
v -1.340279 -0.314159 3.113335
v -1.358912 -0.298124 3.111776
v -0.568496 -0.245818 2.962065
v -0.583250 -0.257257 2.971171
v -0.599634 -0.268452 2.982381
v -0.617727 -0.279490 2.995705
v -0.636999 -0.290312 3.010244
v -0.657534 -0.301134 3.025628
v -0.679262 -0.311982 3.041578
v -0.703747 -0.319919 3.056140
v -0.728812 -0.328296 3.070923
v -0.753667 -0.339114 3.086942
v -0.782538 -0.342476 3.098430
v -0.811810 -0.345407 3.109267
v -0.841391 -0.347904 3.119341
v -0.871046 -0.350641 3.128939
v -0.900718 -0.354177 3.138293
v -0.930750 -0.357118 3.146480
v -0.961234 -0.358907 3.153103
v -0.992102 -0.356824 3.156542
v -1.022941 -0.354617 3.159122
v -1.054212 -0.356728 3.163680
v -1.085721 -0.357953 3.167097
v -1.117294 -0.358276 3.169424
v -1.148758 -0.357681 3.170707
v -1.179947 -0.356141 3.170988
v -1.209383 -0.350223 3.168106
v -1.236696 -0.340893 3.162838
v -1.262580 -0.330899 3.157211
v -1.288193 -0.322639 3.153108
v -1.310966 -0.311238 3.147757
v -1.330956 -0.298450 3.143056
v -1.348616 -0.284992 3.139626
v -0.574539 -0.231544 2.985332
v -0.586371 -0.241513 2.997080
v -0.600376 -0.251743 3.010766
v -0.617279 -0.261893 3.026210
v -0.635985 -0.271567 3.042252
v -0.656005 -0.281448 3.058979
v -0.677279 -0.291539 3.076139
v -0.699704 -0.301784 3.093457
v -0.724322 -0.310180 3.109471
v -0.751234 -0.315817 3.123471
v -0.778905 -0.321136 3.136875
v -0.807246 -0.326098 3.149560
v -0.836177 -0.330655 3.161397
v -0.865623 -0.334750 3.172252
v -0.895998 -0.335709 3.180283
v -0.926616 -0.334808 3.186190
v -0.957164 -0.334064 3.191234
v -0.987808 -0.337820 3.198379
v -1.019045 -0.340706 3.204140
v -1.050686 -0.342720 3.208560
v -1.082545 -0.343860 3.211681
v -1.114440 -0.344121 3.213546
v -1.146143 -0.343329 3.214076
v -1.177282 -0.340969 3.212948
v -1.205983 -0.333059 3.207368
v -1.232925 -0.323472 3.200182
v -1.258337 -0.313562 3.192524
v -1.282059 -0.303428 3.184647
v -1.305009 -0.294493 3.177966
v -1.325094 -0.285344 3.172011
v -1.342084 -0.275275 3.166388
v -0.727001 -0.229011 1.844440
v -0.711261 -0.237894 1.860014
v -0.696227 -0.246170 1.880573
v -0.673832 -0.260681 1.901717
v -0.650190 -0.276297 1.925662
v -0.631694 -0.287471 1.955621
v -0.626397 -0.287475 1.994115
v -0.623844 -0.285034 2.034853
v -0.621130 -0.282480 2.076292
v -0.618128 -0.279884 2.118364
v -0.613893 -0.278027 2.160711
v -0.600951 -0.283042 2.201640
v -0.587153 -0.288482 2.243492
v -0.572528 -0.294328 2.286229
v -0.557133 -0.300542 2.329842
v -0.541039 -0.307062 2.374393
v -0.524326 -0.313813 2.420087
v -0.507057 -0.320787 2.467037
v -0.497079 -0.321691 2.514617
v -0.500588 -0.311569 2.561156
v -0.503807 -0.301683 2.606983
v -0.506728 -0.292104 2.652008
v -0.509367 -0.282884 2.696121
v -0.511762 -0.274051 2.739205
v -0.513976 -0.265629 2.781166
v -0.516059 -0.257705 2.821827
v -0.521047 -0.247955 2.859829
v -0.528740 -0.236693 2.894708
v -0.539176 -0.224094 2.926190
v -0.549114 -0.213249 2.953752
v -0.558392 -0.204222 2.978026
v -0.721881 -0.212678 1.837843
v -0.702980 -0.220287 1.854352
v -0.682255 -0.229799 1.873676
v -0.659982 -0.241214 1.896264
v -0.636247 -0.254264 1.921177
v -0.620881 -0.261175 1.953349
v -0.618613 -0.258426 1.993383
v -0.616338 -0.255753 2.034197
v -0.613914 -0.253094 2.075653
v -0.611196 -0.250483 2.117687
v -0.604782 -0.250395 2.159306
v -0.591622 -0.255027 2.200104
v -0.577553 -0.260083 2.241787
v -0.562599 -0.265534 2.284322
v -0.546803 -0.271329 2.327704
v -0.530229 -0.277398 2.371997
v -0.512954 -0.283671 2.417415
v -0.501461 -0.285524 2.463972
v -0.491501 -0.286124 2.511108
v -0.489075 -0.281221 2.557954
v -0.492523 -0.272083 2.603776
v -0.495648 -0.263263 2.648832
v -0.498472 -0.254819 2.693019
v -0.501040 -0.246789 2.736229
v -0.503428 -0.239212 2.778380
v -0.505721 -0.232211 2.819341
v -0.508011 -0.225914 2.858901
v -0.518867 -0.214207 2.893631
v -0.530828 -0.202885 2.925864
v -0.542364 -0.193561 2.955294
v -0.553540 -0.186082 2.982069
v -0.716567 -0.193881 1.830039
v -0.694426 -0.200953 1.846971
v -0.669084 -0.211231 1.865336
v -0.642466 -0.223297 1.886749
v -0.620459 -0.232839 1.913975
v -0.616025 -0.230929 1.952270
v -0.611545 -0.229491 1.991530
v -0.609551 -0.226626 2.032608
v -0.606323 -0.224601 2.073884
v -0.601878 -0.223302 2.115481
v -0.596095 -0.222771 2.157381
v -0.582716 -0.227039 2.198188
v -0.568386 -0.231728 2.239846
v -0.553114 -0.236797 2.282326
v -0.536934 -0.242185 2.325630
v -0.519902 -0.247816 2.369825
v -0.506797 -0.250599 2.415266
v -0.497343 -0.250783 2.461566
v -0.487013 -0.251381 2.508415
v -0.478881 -0.250520 2.555528
v -0.482517 -0.242112 2.601460
v -0.485806 -0.234032 2.646667
v -0.488773 -0.226340 2.691062
v -0.491470 -0.219082 2.734545
v -0.493981 -0.212312 2.777044
v -0.496417 -0.206171 2.818480
v -0.498899 -0.200806 2.858714
v -0.510854 -0.190163 2.894211
v -0.523736 -0.180168 2.927338
v -0.536426 -0.171988 2.958286
v -0.549035 -0.165683 2.987183
v -0.710271 -0.172600 1.820404
v -0.683886 -0.180771 1.836608
v -0.656496 -0.190516 1.855616
v -0.627955 -0.201709 1.877451
v -0.608710 -0.207740 1.907466
v -0.606734 -0.203899 1.947774
v -0.604986 -0.200550 1.988728
v -0.598213 -0.200546 2.028308
v -0.594348 -0.198912 2.069816
v -0.589952 -0.197605 2.111832
v -0.584913 -0.196644 2.154271
v -0.574041 -0.198985 2.195916
v -0.559452 -0.203321 2.237672
v -0.543871 -0.208018 2.280227
v -0.527322 -0.213008 2.323589
v -0.512193 -0.216874 2.368001
v -0.503494 -0.216735 2.413595
v -0.493771 -0.216916 2.459732
v -0.483079 -0.217499 2.506433
v -0.471507 -0.218551 2.553668
v -0.473626 -0.211811 2.599917
v -0.477040 -0.204446 2.645375
v -0.480111 -0.197479 2.690082
v -0.482895 -0.190959 2.733951
v -0.485480 -0.184947 2.776919
v -0.487993 -0.179588 2.818947
v -0.490575 -0.175036 2.859968
v -0.504064 -0.165004 2.896132
v -0.517715 -0.156011 2.930321
v -0.531215 -0.148515 2.962697
v -0.538959 -0.146415 2.996191
v -0.701655 -0.151281 1.808478
v -0.673448 -0.158999 1.825315
v -0.644189 -0.168067 1.844909
v -0.613809 -0.178397 1.867269
v -0.602434 -0.178788 1.902663
v -0.600237 -0.174989 1.943546
v -0.598769 -0.171493 1.985143
v -0.594630 -0.169847 2.026145
v -0.584894 -0.171309 2.065943
v -0.577797 -0.171439 2.107574
v -0.572788 -0.170512 2.150476
v -0.565430 -0.170773 2.193316
v -0.550586 -0.174765 2.235277
v -0.534704 -0.179098 2.278018
v -0.517799 -0.183696 2.321557
v -0.509310 -0.183725 2.366704
v -0.500445 -0.183605 2.412271
v -0.490461 -0.183777 2.458375
v -0.479419 -0.184333 2.505050
v -0.467411 -0.185351 2.552288
v -0.465696 -0.181206 2.599036
v -0.469202 -0.174532 2.644821
v -0.472343 -0.168258 2.689917
v -0.475176 -0.162437 2.734254
v -0.477791 -0.157132 2.777776
v -0.480322 -0.152476 2.820470
v -0.483747 -0.148173 2.862065
v -0.498292 -0.138898 2.898984
v -0.512591 -0.130804 2.934236
v -0.518928 -0.128432 2.971238
v -0.525914 -0.127439 3.007155
v -0.692546 -0.128474 1.795921
v -0.662759 -0.135656 1.813325
v -0.631869 -0.144027 1.833484
v -0.607664 -0.149575 1.860791
v -0.596595 -0.149314 1.897245
v -0.593950 -0.145767 1.938627
v -0.592761 -0.142225 1.980940
v -0.591601 -0.139142 2.023562
v -0.583857 -0.139380 2.064348
v -0.573286 -0.141030 2.105133
v -0.561728 -0.143172 2.146600
v -0.554571 -0.143301 2.189939
v -0.541653 -0.145970 2.232677
v -0.525478 -0.149942 2.275702
v -0.514248 -0.151464 2.320226
v -0.506438 -0.151162 2.365563
v -0.497410 -0.151058 2.411224
v -0.487177 -0.151217 2.457406
v -0.475801 -0.151737 2.504163
v -0.463375 -0.152702 2.551504
v -0.458591 -0.150316 2.598709
v -0.462161 -0.144309 2.644874
v -0.465338 -0.138695 2.690413
v -0.468187 -0.133532 2.735270
v -0.470797 -0.128880 2.779401
v -0.473300 -0.124855 2.822801
v -0.478375 -0.120382 2.864737
v -0.493414 -0.112028 2.902488
v -0.499044 -0.109264 2.942155
v -0.505211 -0.107574 2.980874
v -0.512597 -0.106867 3.018435
v -0.682854 -0.104265 1.782891
v -0.651714 -0.110879 1.800823
v -0.619408 -0.118539 1.821538
v -0.602183 -0.119877 1.854160
v -0.590997 -0.119356 1.891387
v -0.587776 -0.116159 1.933220
v -0.586851 -0.112662 1.976287
v -0.585947 -0.109644 2.019556
v -0.582995 -0.107772 2.062405
v -0.572466 -0.109168 2.103433
v -0.560904 -0.111054 2.145084
v -0.547881 -0.113530 2.187274
v -0.534463 -0.116093 2.230258
v -0.519527 -0.119111 2.273814
v -0.511265 -0.119290 2.318993
v -0.503379 -0.119035 2.364535
v -0.494193 -0.118946 2.410389
v -0.483725 -0.119090 2.456747
v -0.472034 -0.119565 2.503675
v -0.459214 -0.120460 2.551206
v -0.452192 -0.119155 2.598834
v -0.455798 -0.113789 2.645413
v -0.458986 -0.108803 2.691421
v -0.461821 -0.104255 2.736822
v -0.464395 -0.100205 2.781579
v -0.466836 -0.096748 2.825696
v -0.473890 -0.092053 2.867877
v -0.479496 -0.088798 2.909612
v -0.484971 -0.086623 2.950677
v -0.491434 -0.085243 2.990753
v -0.499110 -0.084768 3.029770
v -0.672572 -0.078842 1.769576
v -0.640237 -0.084823 1.788018
v -0.608092 -0.091133 1.810172
v -0.596787 -0.089595 1.847352
v -0.585506 -0.088900 1.885311
v -0.581632 -0.086093 1.927542
v -0.580952 -0.082730 1.971356
v -0.580288 -0.079850 2.015276
v -0.578887 -0.077572 2.059124
v -0.566546 -0.079403 2.100002
v -0.553187 -0.081675 2.141599
v -0.538744 -0.084339 2.183917
v -0.523169 -0.087331 2.226971
v -0.514549 -0.087809 2.272039
v -0.505325 -0.088302 2.317438
v -0.495548 -0.088705 2.363194
v -0.484677 -0.089151 2.409385
v -0.472747 -0.089702 2.456163
v -0.459834 -0.090451 2.503575
v -0.446046 -0.091482 2.551641
v -0.437397 -0.090839 2.599957
v -0.441109 -0.086081 2.647240
v -0.444738 -0.081557 2.693950
v -0.448361 -0.077322 2.740029
v -0.452079 -0.073425 2.785417
v -0.456034 -0.069934 2.830072
v -0.463210 -0.065878 2.873172
v -0.465734 -0.064315 2.916913
v -0.471034 -0.062653 2.959270
v -0.477727 -0.061557 3.000579
v -0.485625 -0.061280 3.040897
v -0.661657 -0.052178 1.756119
v -0.628233 -0.057474 1.775083
v -0.602746 -0.060256 1.802675
v -0.591365 -0.058709 1.840586
v -0.580004 -0.057918 1.879216
v -0.575456 -0.055514 1.921787
v -0.575000 -0.052376 1.966306
v -0.574556 -0.049713 2.010849
v -0.569939 -0.048689 2.054116
v -0.557442 -0.050294 2.095513
v -0.543909 -0.052308 2.137604
v -0.529266 -0.054676 2.180401
v -0.516027 -0.056578 2.224411
v -0.510762 -0.056026 2.270439
v -0.500510 -0.056762 2.316054
v -0.482692 -0.059436 2.361470
v -0.470369 -0.060203 2.408208
v -0.458265 -0.060672 2.455622
v -0.445151 -0.061311 2.503652
v -0.431131 -0.062204 2.552335
v -0.422147 -0.061699 2.601315
v -0.426023 -0.057517 2.649319
v -0.429824 -0.053550 2.696776
v -0.433629 -0.049852 2.743644
v -0.437541 -0.046472 2.789873
v -0.450662 -0.040639 2.833313
v -0.457534 -0.037278 2.877173
v -0.459914 -0.036047 2.921668
v -0.462644 -0.035565 2.965726
v -0.465952 -0.035926 3.009364
v -0.472281 -0.036435 3.051582
v -0.650088 -0.024185 1.742585
v -0.618427 -0.027890 1.764022
v -0.597295 -0.028704 1.795381
v -0.585850 -0.027229 1.833954
v -0.574424 -0.026422 1.873196
v -0.569214 -0.024428 1.916059
v -0.568960 -0.021602 1.961232
v -0.568713 -0.019226 2.006359
v -0.560590 -0.019258 2.048941
v -0.547940 -0.020652 2.090869
v -0.534236 -0.022411 2.133474
v -0.519402 -0.024480 2.176779
v -0.511643 -0.024740 2.222367
v -0.506408 -0.024293 2.268775
v -0.498768 -0.024283 2.315098
v -0.480676 -0.026597 2.360791
v -0.461315 -0.028940 2.407407
v -0.443330 -0.030736 2.455146
v -0.430044 -0.031272 2.503829
v -0.415827 -0.032028 2.553158
v -0.407409 -0.031421 2.602768
v -0.411430 -0.027820 2.651477
v -0.415378 -0.024407 2.699657
v -0.419337 -0.021238 2.747276
v -0.430842 -0.016395 2.792851
v -0.447900 -0.010395 2.836025
v -0.452245 -0.008243 2.881065
v -0.454477 -0.007285 2.926217
v -0.457041 -0.006986 2.970984
v -0.460166 -0.007426 3.015384
v -0.464112 -0.008686 3.059432
v -0.650811 0.008788 1.739120
v -0.625346 0.007378 1.765048
v -0.598527 0.005202 1.792622
v -0.580221 0.004782 1.827528
v -0.568738 0.005539 1.867326
v -0.562899 0.007131 1.910444
v -0.562815 0.009575 1.956217
v -0.562644 0.011589 2.001856
v -0.550812 0.010757 2.043680
v -0.538010 0.009568 2.086145
v -0.524138 0.008067 2.129277
v -0.510471 0.006587 2.173405
v -0.506632 0.007158 2.220251
v -0.501413 0.007508 2.267066
v -0.494735 0.007701 2.313927
v -0.478373 0.006152 2.360167
v -0.458716 0.004190 2.407079
v -0.437808 0.002158 2.455020
v -0.415753 -0.000021 2.504061
v -0.400169 -0.000891 2.554051
v -0.393219 -0.000062 2.604254
v -0.397367 0.002955 2.653640
v -0.401445 0.005811 2.702508
v -0.410727 0.009574 2.750026
v -0.428471 0.014952 2.795024
v -0.445362 0.019908 2.838672
v -0.447337 0.021153 2.884754
v -0.449425 0.021889 2.930467
v -0.451830 0.022057 2.975834
v -0.454784 0.021594 3.020877
v -0.458548 0.020434 3.065613
v -0.657551 0.043148 1.740959
v -0.632236 0.041968 1.766585
v -0.605504 0.040177 1.793899
v -0.577305 0.037830 1.822991
v -0.562926 0.037920 1.861690
v -0.556512 0.039133 1.905043
v -0.556559 0.041141 1.951360
v -0.552570 0.042081 1.996054
v -0.540592 0.041396 2.038426
v -0.527635 0.040417 2.081426
v -0.513599 0.039184 2.125088
v -0.504747 0.038788 2.170845
v -0.500942 0.039224 2.218106
v -0.495724 0.039486 2.265338
v -0.489016 0.039626 2.312625
v -0.475713 0.038892 2.359586
v -0.455804 0.037314 2.406803
v -0.434602 0.035685 2.455035
v -0.412210 0.033938 2.504355
v -0.388758 0.032007 2.554837
v -0.379617 0.032326 2.605707
v -0.383882 0.034754 2.655731
v -0.390344 0.037432 2.704973
v -0.408778 0.042005 2.751711
v -0.426655 0.046345 2.797033
v -0.440954 0.049863 2.841613
v -0.442816 0.050838 2.888137
v -0.444776 0.051390 2.934318
v -0.447040 0.051472 2.980183
v -0.449842 0.051033 3.025755
v -0.453447 0.050022 3.071056
v -0.664108 0.076682 1.743330
v -0.638980 0.075748 1.768618
v -0.612377 0.074351 1.795636
v -0.584256 0.072535 1.824468
v -0.556980 0.070688 1.856390
v -0.550064 0.071553 1.899970
v -0.550196 0.073086 1.946770
v -0.542059 0.073239 1.990374
v -0.529928 0.072705 2.033278
v -0.516814 0.071946 2.076803
v -0.502615 0.070997 2.120987
v -0.498334 0.071253 2.168308
v -0.494541 0.071564 2.215977
v -0.489313 0.071746 2.263622
v -0.482572 0.071841 2.311330
v -0.472649 0.071698 2.359039
v -0.452536 0.070510 2.406554
v -0.431100 0.069287 2.455070
v -0.408441 0.067977 2.504665
v -0.384687 0.066525 2.555419
v -0.374015 0.066597 2.606665
v -0.371027 0.067527 2.657672
v -0.388836 0.070964 2.706196
v -0.407375 0.074427 2.753196
v -0.425345 0.077719 2.798777
v -0.436925 0.080018 2.844223
v -0.438697 0.080744 2.891108
v -0.440554 0.081140 2.937668
v -0.442704 0.081171 2.983931
v -0.445385 0.080797 3.029924
v -0.448865 0.079982 3.075674
v -0.670388 0.109262 1.746209
v -0.645468 0.108599 1.771142
v -0.619023 0.107623 1.797843
v -0.591017 0.106365 1.826396
v -0.561428 0.104855 1.856863
v -0.543580 0.104376 1.895346
v -0.542573 0.105302 1.942091
v -0.531130 0.105108 1.984933
v -0.518835 0.104737 2.028346
v -0.505560 0.104214 2.072374
v -0.493688 0.103770 2.117689
v -0.491224 0.104081 2.165859
v -0.487418 0.104278 2.213916
v -0.482167 0.104391 2.261952
v -0.475394 0.104449 2.310056
v -0.467052 0.104479 2.358321
v -0.448888 0.103850 2.406308
v -0.427284 0.103035 2.455086
v -0.404435 0.102163 2.504935
v -0.380469 0.101194 2.555940
v -0.373628 0.101566 2.607248
v -0.368667 0.102038 2.658572
v -0.387862 0.104459 2.707185
v -0.406470 0.106794 2.754379
v -0.424500 0.109019 2.800149
v -0.433289 0.110323 2.846389
v -0.435003 0.110810 2.893555
v -0.436792 0.111069 2.940407
v -0.438867 0.111074 2.986973
v -0.441467 0.110799 3.033286
v -0.444863 0.110221 3.079375
v -0.676297 0.140778 1.749575
v -0.651594 0.140426 1.774160
v -0.625326 0.139913 1.800545
v -0.597459 0.139258 1.828812
v -0.567981 0.138476 1.859022
v -0.541261 0.137791 1.893201
v -0.531443 0.137846 1.936527
v -0.519815 0.137744 1.979854
v -0.507345 0.137552 2.023744
v -0.493904 0.137283 2.068242
v -0.485923 0.137223 2.115046
v -0.483423 0.137373 2.163567
v -0.479583 0.137467 2.211977
v -0.474298 0.137520 2.260366
v -0.467494 0.137547 2.308826
v -0.459126 0.137562 2.357449
v -0.444854 0.137403 2.406049
v -0.423154 0.136996 2.455050
v -0.400202 0.136561 2.505116
v -0.378974 0.136192 2.556274
v -0.373953 0.136458 2.607628
v -0.368712 0.136689 2.659056
v -0.387382 0.137887 2.707840
v -0.406027 0.139067 2.755154
v -0.424089 0.140196 2.801038
v -0.430072 0.140732 2.847993
v -0.431766 0.140979 2.895362
v -0.433532 0.141108 2.942421
v -0.435580 0.141105 2.989202
v -0.438149 0.140958 3.035739
v -0.441513 0.140654 3.082064
v -0.678801 0.171238 1.751104
v -0.655920 0.171238 1.776747
v -0.631170 0.171238 1.803771
v -0.603464 0.171238 1.831764
v -0.574125 0.171238 1.861718
v -0.547496 0.171238 1.895644
v -0.520001 0.171238 1.931498
v -0.508167 0.171238 1.975267
v -0.495507 0.171238 2.019588
v -0.481894 0.171238 2.064509
v -0.477532 0.171238 2.112683
v -0.474961 0.171238 2.161506
v -0.471063 0.171238 2.210215
v -0.465734 0.171238 2.258904
v -0.458903 0.171238 2.307662
v -0.450525 0.171238 2.356585
v -0.440447 0.171238 2.405761
v -0.418732 0.171238 2.454929
v -0.395768 0.171238 2.505160
v -0.380046 0.171238 2.556365
v -0.374981 0.171238 2.607724
v -0.369691 0.171238 2.659158
v -0.387366 0.171238 2.708063
v -0.406020 0.171238 2.755415
v -0.424088 0.171238 2.801334
v -0.427307 0.171238 2.848918
v -0.429032 0.171238 2.896411
v -0.430827 0.171238 2.943596
v -0.432904 0.171238 2.990506
v -0.435503 0.171238 3.037178
v -0.438898 0.171238 3.083645
v -0.679486 0.201505 1.752078
v -0.656633 0.201763 1.777687
v -0.632196 0.202191 1.804852
v -0.606114 0.202771 1.833683
v -0.578344 0.203487 1.864263
v -0.548957 0.204319 1.896698
v -0.517650 0.205265 1.930903
v -0.496267 0.205782 1.971265
v -0.483400 0.205963 2.015962
v -0.470080 0.206201 2.061386
v -0.468570 0.205972 2.110662
v -0.465891 0.205816 2.159725
v -0.461910 0.205717 2.208671
v -0.456527 0.205660 2.257594
v -0.449673 0.205629 2.306585
v -0.441304 0.205612 2.355738
v -0.431408 0.205600 2.405153
v -0.414048 0.205838 2.454709
v -0.391173 0.206273 2.505042
v -0.381771 0.206172 2.556214
v -0.376713 0.205906 2.607486
v -0.371431 0.205675 2.658833
v -0.387802 0.204572 2.707792
v -0.406439 0.203391 2.755094
v -0.423120 0.202323 2.801214
v -0.425036 0.201974 2.849091
v -0.426845 0.201730 2.896627
v -0.428729 0.201603 2.943856
v -0.430899 0.201609 2.990813
v -0.433593 0.201760 3.037532
v -0.437087 0.202068 3.084049
v -0.679569 0.232123 1.753405
v -0.656723 0.232614 1.779018
v -0.632314 0.233437 1.806175
v -0.606277 0.234557 1.834987
v -0.578567 0.235946 1.865535
v -0.554287 0.237090 1.900215
v -0.522043 0.239049 1.933713
v -0.488181 0.241179 1.969248
v -0.473193 0.241686 2.013495
v -0.460807 0.242045 2.059480
v -0.459114 0.241570 2.108945
v -0.456289 0.241241 2.158195
v -0.452201 0.241027 2.207325
v -0.446753 0.240899 2.256428
v -0.439878 0.240829 2.305597
v -0.431535 0.240788 2.354923
v -0.421714 0.240762 2.404512
v -0.409137 0.240873 2.454419
v -0.388839 0.241554 2.504820
v -0.384133 0.240987 2.555859
v -0.379129 0.240462 2.606960
v -0.373908 0.240005 2.658136
v -0.388699 0.237946 2.707089
v -0.407291 0.235612 2.754257
v -0.421226 0.233746 2.800746
v -0.423267 0.233062 2.848586
v -0.425210 0.232582 2.896084
v -0.427237 0.232332 2.943273
v -0.429557 0.232337 2.990188
v -0.432408 0.232624 3.036862
v -0.436063 0.233217 3.083329
v -0.679088 0.263169 1.755055
v -0.656242 0.263870 1.780689
v -0.631865 0.265055 1.807852
v -0.605889 0.266678 1.836650
v -0.583086 0.267999 1.869609
v -0.559167 0.269646 1.904113
v -0.527179 0.272525 1.937364
v -0.493582 0.275667 1.972643
v -0.466321 0.278010 2.012544
v -0.451418 0.278825 2.057926
v -0.449264 0.278124 2.107470
v -0.446255 0.277609 2.156866
v -0.442036 0.277267 2.206141
v -0.436511 0.277056 2.255387
v -0.429615 0.276936 2.304695
v -0.421313 0.276865 2.354157
v -0.411595 0.276820 2.403882
v -0.400468 0.276834 2.453978
v -0.391755 0.276498 2.504563
v -0.387125 0.275656 2.555361
v -0.382212 0.274875 2.606222
v -0.377098 0.274195 2.657157
v -0.390083 0.271354 2.706050
v -0.408598 0.267892 2.753012
v -0.419806 0.265487 2.799799
v -0.422009 0.264474 2.847523
v -0.424128 0.263757 2.894898
v -0.426344 0.263373 2.941958
v -0.428863 0.263361 2.988735
v -0.431922 0.263758 3.035262
v -0.435791 0.264604 3.081569
v -0.678090 0.294599 1.757005
v -0.655250 0.295494 1.782662
v -0.630921 0.297022 1.809826
v -0.605669 0.298998 1.838966
v -0.587956 0.299749 1.874373
v -0.563640 0.302017 1.908292
v -0.531963 0.305788 1.941293
v -0.498693 0.309913 1.976310
v -0.463848 0.314348 2.013355
v -0.444583 0.316148 2.057397
v -0.439137 0.315714 2.106180
v -0.435911 0.315008 2.155694
v -0.431535 0.314530 2.205091
v -0.425920 0.314228 2.254458
v -0.419003 0.314049 2.303884
v -0.410754 0.313940 2.353462
v -0.401164 0.313873 2.403304
v -0.390885 0.313782 2.453544
v -0.395275 0.311263 2.504283
v -0.390748 0.310146 2.554786
v -0.385959 0.309109 2.605350
v -0.380990 0.308203 2.655983
v -0.391990 0.304766 2.704776
v -0.410393 0.300194 2.751464
v -0.418885 0.297493 2.798488
v -0.421280 0.296142 2.846017
v -0.423610 0.295173 2.893184
v -0.426051 0.294635 2.940020
v -0.428809 0.294577 2.986557
v -0.432117 0.295050 3.032825
v -0.436241 0.296108 3.078851
v -0.676631 0.326341 1.759243
v -0.653816 0.327423 1.784905
v -0.629560 0.329288 1.812054
v -0.610108 0.330304 1.844361
v -0.592541 0.331249 1.879394
v -0.567766 0.334216 1.912665
v -0.536458 0.338862 1.945412
v -0.503575 0.343955 1.980164
v -0.469135 0.349440 2.016935
v -0.438018 0.354234 2.057143
v -0.428874 0.354422 2.105029
v -0.425397 0.353531 2.154644
v -0.420843 0.352916 2.204151
v -0.415124 0.352516 2.253632
v -0.408185 0.352271 2.303173
v -0.399998 0.352117 2.352864
v -0.390559 0.352019 2.402822
v -0.389797 0.350019 2.453481
v -0.395429 0.346626 2.504024
v -0.395016 0.344422 2.554198
v -0.390377 0.343126 2.604422
v -0.385581 0.341987 2.654705
v -0.394470 0.338145 2.703363
v -0.412719 0.332473 2.749716
v -0.418499 0.329711 2.796923
v -0.421107 0.327998 2.844180
v -0.423671 0.326748 2.891049
v -0.426365 0.326020 2.937562
v -0.429391 0.325876 2.983749
v -0.432978 0.326382 3.029638
v -0.437389 0.327606 3.075255
v -0.674773 0.358297 1.761765
v -0.652014 0.359573 1.787404
v -0.631012 0.360821 1.816474
v -0.614277 0.361299 1.849962
v -0.596875 0.362469 1.884585
v -0.571613 0.366236 1.917154
v -0.540737 0.371760 1.949644
v -0.508308 0.377817 1.984130
v -0.474339 0.384344 2.020629
v -0.438866 0.391285 2.059150
v -0.418638 0.394328 2.103978
v -0.414881 0.393266 2.153686
v -0.410127 0.392520 2.203304
v -0.404293 0.392023 2.252908
v -0.397329 0.391706 2.302576
v -0.389213 0.391500 2.352397
v -0.383204 0.390565 2.402686
v -0.389288 0.386494 2.453549
v -0.394905 0.382426 2.503868
v -0.399954 0.378452 2.553662
v -0.395484 0.376888 2.603515
v -0.390884 0.375503 2.653410
v -0.397581 0.371448 2.701905
v -0.415631 0.364677 2.747868
v -0.418693 0.362081 2.795213
v -0.421526 0.359970 2.842117
v -0.424338 0.358396 2.888597
v -0.427300 0.357430 2.934683
v -0.430611 0.357149 2.980404
v -0.434497 0.357634 3.025787
v -0.439216 0.358973 3.070855
v -0.672584 0.390351 1.764580
v -0.650841 0.391495 1.790788
v -0.634773 0.391265 1.822687
v -0.618211 0.391917 1.855701
v -0.601000 0.393363 1.889874
v -0.575262 0.398054 1.921699
v -0.544889 0.404474 1.953921
v -0.512984 0.411509 1.988141
v -0.479558 0.419084 2.024373
v -0.444645 0.427139 2.062624
v -0.410310 0.435005 2.103431
v -0.404555 0.434309 2.152801
v -0.399583 0.433443 2.202543
v -0.393624 0.432852 2.252291
v -0.386634 0.432461 2.302115
v -0.378595 0.432197 2.352100
v -0.383458 0.427957 2.403169
v -0.389461 0.423203 2.453800
v -0.395049 0.418454 2.503885
v -0.400182 0.413794 2.553438
v -0.401310 0.410358 2.602708
v -0.396917 0.408708 2.652185
v -0.401397 0.404628 2.700495
v -0.416325 0.397627 2.746485
v -0.419524 0.394544 2.793458
v -0.422583 0.391983 2.839929
v -0.425645 0.390027 2.885925
v -0.428880 0.388762 2.931475
v -0.432482 0.388280 2.976609
v -0.436675 0.388683 3.021351
v -0.441711 0.390080 3.065724
v -0.670154 0.422406 1.767711
v -0.654198 0.421323 1.797694
v -0.638312 0.421208 1.829035
v -0.621955 0.422096 1.861521
v -0.604970 0.423881 1.895198
v -0.578803 0.429633 1.926247
v -0.549012 0.436985 1.958191
v -0.517709 0.445028 1.992140
v -0.484900 0.453670 2.028110
v -0.450622 0.462851 2.066107
v -0.414930 0.472504 2.106148
v -0.394641 0.476751 2.151978
v -0.389438 0.475787 2.201869
v -0.383347 0.475110 2.251796
v -0.376327 0.474646 2.301821
v -0.378338 0.470937 2.352895
v -0.384529 0.465585 2.403876
v -0.390433 0.460141 2.454283
v -0.395975 0.454700 2.504140
v -0.401112 0.449358 2.553452
v -0.405826 0.444207 2.602224
v -0.403715 0.441557 2.651116
v -0.405996 0.437624 2.699223
v -0.417675 0.430676 2.745233
v -0.421061 0.427034 2.791757
v -0.424334 0.423958 2.837713
v -0.427638 0.421550 2.883127
v -0.431138 0.419913 2.928029
v -0.435027 0.419160 2.972446
v -0.439524 0.419412 3.016405
v -0.444875 0.420803 3.059926
v -0.672804 0.451834 1.775172
v -0.657392 0.450612 1.804749
v -0.641724 0.450659 1.835454
v -0.625606 0.451832 1.867348
v -0.608881 0.454008 1.900483
v -0.582367 0.460950 1.930738
v -0.553235 0.469276 1.962394
v -0.522614 0.478366 1.996068
v -0.490499 0.488107 2.031785
v -0.456929 0.498435 2.069549
v -0.421963 0.509283 2.109371
v -0.386068 0.520418 2.151368
v -0.379952 0.519653 2.201291
v -0.373723 0.518904 2.251445
v -0.374420 0.515337 2.302655
v -0.380548 0.509479 2.354064
v -0.386556 0.503441 2.404849
v -0.392340 0.497295 2.455056
v -0.397816 0.491150 2.504700
v -0.402936 0.485108 2.553780
v -0.407678 0.479265 2.602289
v -0.411319 0.474002 2.650293
v -0.411475 0.470370 2.698186
v -0.419835 0.463755 2.744209
v -0.423387 0.459487 2.790226
v -0.426856 0.455825 2.835590
v -0.430383 0.452890 2.880328
v -0.434132 0.450805 2.924467
v -0.438290 0.449703 2.968034
v -0.443072 0.449726 3.011054
v -0.448719 0.451036 3.053549
v -0.675679 0.480454 1.783027
v -0.660541 0.479326 1.811796
v -0.645155 0.479608 1.841760
v -0.629324 0.481134 1.872994
v -0.612896 0.483765 1.905551
v -0.586166 0.492003 1.935043
v -0.557760 0.501345 1.966420
v -0.527888 0.511524 1.999836
v -0.496534 0.522401 2.035324
v -0.463737 0.533904 2.072890
v -0.429563 0.545968 2.112538
v -0.394093 0.558513 2.154294
v -0.371422 0.565142 2.200828
v -0.372203 0.561134 2.252360
v -0.378039 0.554776 2.304244
v -0.383893 0.548248 2.355501
v -0.389695 0.541512 2.406133
v -0.395334 0.534653 2.456176
v -0.400722 0.527785 2.505636
v -0.405801 0.521020 2.554506
v -0.410546 0.514457 2.602767
v -0.414959 0.508187 2.650392
v -0.417959 0.502794 2.697510
v -0.422927 0.496822 2.743579
v -0.426614 0.491860 2.789056
v -0.430246 0.487534 2.833784
v -0.433963 0.483986 2.877778
v -0.437923 0.481359 2.921054
v -0.442304 0.479801 2.963629
v -0.447317 0.479481 3.005530
v -0.453200 0.480599 3.046784
v -0.678466 0.508157 1.790837
v -0.663729 0.507260 1.818633
v -0.648733 0.507926 1.847737
v -0.633271 0.509945 1.878246
v -0.616654 0.513438 1.909931
v -0.590442 0.522770 1.939017
v -0.562816 0.533184 1.970146
v -0.533744 0.544501 2.003344
v -0.503205 0.556553 2.038648
v -0.471238 0.569264 2.076069
v -0.437914 0.582569 2.115604
v -0.404525 0.595770 2.157544
v -0.381138 0.603700 2.203666
v -0.382945 0.598676 2.255127
v -0.384810 0.593516 2.306288
v -0.388550 0.587226 2.357240
v -0.394121 0.579779 2.407775
v -0.399590 0.572189 2.457703
v -0.404861 0.564580 2.507025
v -0.409872 0.557066 2.555722
v -0.414589 0.549752 2.603766
v -0.419011 0.542728 2.651117
v -0.425587 0.534821 2.697338
v -0.427090 0.529842 2.743523
v -0.430873 0.524114 2.788467
v -0.434624 0.519037 2.832547
v -0.438476 0.514771 2.875755
v -0.442576 0.511471 2.918082
v -0.447093 0.509299 2.959518
v -0.452238 0.508471 3.000094
v -0.458257 0.509247 3.039849
v -0.681269 0.534765 1.798462
v -0.667073 0.534238 1.825078
v -0.652592 0.535475 1.853186
v -0.637600 0.538179 1.882905
v -0.620817 0.542797 1.913684
v -0.595438 0.553208 1.942515
v -0.568642 0.564768 1.973449
v -0.540411 0.577278 2.006490
v -0.510731 0.590551 2.041678
v -0.479642 0.604508 2.079026
v -0.448600 0.618285 2.118888
v -0.422341 0.629129 2.162158
v -0.402296 0.636231 2.208469
v -0.403892 0.630752 2.259367
v -0.405542 0.625108 2.309979
v -0.407198 0.619262 2.360242
v -0.408820 0.613197 2.410146
v -0.410328 0.607001 2.459704
v -0.411667 0.600786 2.508900
v -0.415330 0.593208 2.557521
v -0.419984 0.585109 2.605397
v -0.424377 0.577289 2.652519
v -0.434505 0.566363 2.697809
v -0.433107 0.562409 2.744102
v -0.436311 0.556206 2.788679
v -0.440119 0.550281 2.832131
v -0.444026 0.545170 2.874537
v -0.448165 0.541031 2.915837
v -0.452695 0.538041 2.955982
v -0.457837 0.536493 2.994999
v -0.463856 0.536743 3.032949
v -0.684204 0.560242 1.805684
v -0.670806 0.560319 1.830806
v -0.656956 0.562192 1.857778
v -0.642488 0.565758 1.886763
v -0.625871 0.571631 1.916778
v -0.601405 0.583256 1.945396
v -0.575486 0.596054 1.976204
v -0.548128 0.609821 2.009173
v -0.519341 0.624368 2.044333
v -0.489994 0.639077 2.081951
v -0.465834 0.650199 2.123397
v -0.440360 0.661992 2.166473
v -0.424230 0.667529 2.213191
v -0.425599 0.661579 2.263608
v -0.427014 0.655437 2.313752
v -0.428442 0.649078 2.363551
v -0.429848 0.642493 2.412993
v -0.431151 0.635778 2.462092
v -0.432288 0.629046 2.510825
v -0.433232 0.622399 2.559139
v -0.433984 0.615916 2.606972
v -0.434573 0.609662 2.654242
v -0.444865 0.597316 2.699067
v -0.444926 0.591878 2.744662
v -0.443087 0.588081 2.789919
v -0.446878 0.581207 2.832799
v -0.450739 0.575108 2.874417
v -0.454787 0.569932 2.914645
v -0.459197 0.565941 2.953473
v -0.464184 0.563571 2.990703
v -0.472041 0.561610 3.025383
v -0.687137 0.583032 1.811762
v -0.675004 0.584656 1.835177
v -0.662067 0.587822 1.861024
v -0.648201 0.592667 1.889502
v -0.632121 0.599857 1.919013
v -0.608619 0.612846 1.947499
v -0.583607 0.626983 1.978278
v -0.557144 0.642079 2.011285
v -0.529278 0.657957 2.046534
v -0.506794 0.669606 2.086082
v -0.483415 0.681673 2.127434
v -0.458750 0.694439 2.170456
v -0.446986 0.697567 2.217792
v -0.448108 0.691127 2.267827
v -0.449268 0.684469 2.317599
v -0.450442 0.677585 2.367028
v -0.451608 0.670474 2.416102
v -0.452680 0.663240 2.464837
v -0.453591 0.655998 2.513201
v -0.454307 0.648845 2.561137
v -0.454823 0.641860 2.608570
v -0.455160 0.635102 2.655408
v -0.456817 0.627557 2.701260
v -0.457885 0.620681 2.746315
v -0.455706 0.616513 2.791256
v -0.456061 0.611022 2.834534
v -0.458771 0.604523 2.875767
v -0.462595 0.598113 2.915005
v -0.467190 0.592406 2.952486
v -0.473637 0.587233 2.986902
v -0.480492 0.583763 3.018950
v -0.690254 0.603519 1.816795
v -0.679786 0.607353 1.838251
v -0.668165 0.612447 1.862745
v -0.655084 0.618959 1.890765
v -0.639905 0.627397 1.920161
v -0.617372 0.641898 1.948647
v -0.593274 0.657476 1.979530
v -0.567717 0.673976 2.012713
v -0.545418 0.687435 2.049812
v -0.524124 0.699730 2.089532
v -0.501541 0.712774 2.130952
v -0.477710 0.726541 2.174082
v -0.470619 0.726317 2.222235
v -0.471473 0.719363 2.272003
v -0.472351 0.712170 2.321513
v -0.473246 0.704747 2.370680
v -0.474143 0.697106 2.419495
v -0.474956 0.689354 2.467976
v -0.475614 0.681606 2.516086
v -0.476075 0.673959 2.563763
v -0.476329 0.666484 2.610923
v -0.476389 0.659233 2.657467
v -0.475014 0.653280 2.703558
v -0.476109 0.645511 2.748241
v -0.475916 0.639055 2.792216
v -0.475795 0.632936 2.834986
v -0.475841 0.627217 2.876256
v -0.476179 0.621941 2.915720
v -0.478453 0.615986 2.952695
v -0.483645 0.609135 2.984885
v -0.488913 0.603737 3.013908
v -1.372099 0.630350 3.242985
v -1.349814 0.633278 3.254053
v -1.325360 0.637012 3.264328
v -1.298511 0.641498 3.273884
v -1.270359 0.646194 3.282482
v -1.240893 0.650875 3.290119
v -1.210404 0.655591 3.296851
v -1.180220 0.663442 3.305317
v -1.148793 0.670674 3.312311
v -1.116314 0.677190 3.317744
v -1.082951 0.682916 3.321543
v -1.048867 0.687772 3.323631
v -1.013900 0.684637 3.318153
v -0.979483 0.678879 3.309589
v -0.945079 0.683213 3.308239
v -0.910309 0.686641 3.305065
v -0.875341 0.689076 3.299998
v -0.840354 0.690558 3.293129
v -0.806558 0.688144 3.282230
v -0.773635 0.684362 3.269394
v -0.741383 0.680156 3.255430
v -0.709864 0.675578 3.240446
v -0.680936 0.667696 3.222284
v -0.653239 0.659562 3.203366
v -0.623976 0.655186 3.186745
v -0.598344 0.647379 3.167109
v -0.574400 0.639440 3.147006
v -0.546036 0.638257 3.131485
v -0.530015 0.625925 3.107451
v -0.516342 0.615491 3.084670
v -0.504758 0.606824 3.062897
v -1.374044 0.608019 3.258110
v -1.349368 0.608656 3.272586
v -1.323191 0.610495 3.285527
v -1.295490 0.613415 3.296989
v -1.267020 0.617242 3.307402
v -1.239380 0.625073 3.320124
v -1.210141 0.632787 3.331372
v -1.179469 0.640162 3.341053
v -1.147551 0.646988 3.349070
v -1.114578 0.653155 3.355346
v -1.080718 0.658584 3.359815
v -1.045560 0.657937 3.357620
v -1.010388 0.652497 3.350011
v -0.976001 0.649823 3.343862
v -0.941451 0.653907 3.342691
v -0.906547 0.657129 3.339595
v -0.871457 0.659402 3.334508
v -0.836363 0.660771 3.327515
v -0.801418 0.661307 3.318737
v -0.766756 0.661080 3.308290
v -0.734325 0.656621 3.293273
v -0.703139 0.651099 3.276497
v -0.675109 0.641950 3.255881
v -0.651829 0.628072 3.230646
v -0.623216 0.623660 3.212588
v -0.594768 0.620246 3.194571
v -0.567370 0.616940 3.175816
v -0.541167 0.613892 3.156408
v -0.524460 0.603633 3.130112
v -0.510588 0.594497 3.103353
v -0.498615 0.587317 3.076725
v -1.376820 0.583514 3.273047
v -1.350205 0.582545 3.290178
v -1.322641 0.583068 3.305208
v -1.295718 0.587037 3.320668
v -1.269076 0.594071 3.336900
v -1.240747 0.601293 3.351383
v -1.210871 0.608473 3.364089
v -1.179591 0.615378 3.374980
v -1.147074 0.621793 3.384012
v -1.113503 0.627605 3.391122
v -1.078592 0.630227 3.393717
v -1.042593 0.625522 3.387690
v -1.007369 0.620160 3.379847
v -0.972883 0.620053 3.376109
v -0.938105 0.623884 3.375097
v -0.902983 0.626898 3.372062
v -0.867688 0.629012 3.366941
v -0.832402 0.630273 3.359814
v -0.797275 0.630757 3.350795
v -0.762441 0.630538 3.339989
v -0.729303 0.627402 3.325347
v -0.697122 0.623549 3.309018
v -0.669046 0.614780 3.287159
v -0.645841 0.601588 3.260392
v -0.621989 0.591758 3.235910
v -0.593438 0.589093 3.216902
v -0.565797 0.586681 3.196905
v -0.539159 0.584700 3.175938
v -0.517906 0.579721 3.150695
v -0.503942 0.571571 3.120688
v -0.491709 0.565503 3.090131
v -1.380350 0.556613 3.287903
v -1.352181 0.554929 3.306862
v -1.325349 0.556978 3.326061
v -1.299610 0.562895 3.346387
v -1.272134 0.569311 3.364625
v -1.243036 0.575967 3.380806
v -1.212435 0.582627 3.394937
v -1.180460 0.589061 3.407021
v -1.147258 0.595059 3.417050
v -1.112809 0.599769 3.424144
v -1.076379 0.597488 3.421965
v -1.040162 0.592822 3.415781
v -1.004800 0.587575 3.407666
v -0.970105 0.589535 3.406295
v -0.935030 0.593109 3.405424
v -0.899623 0.595913 3.402434
v -0.864054 0.597869 3.397269
v -0.828504 0.599026 3.390002
v -0.794364 0.596744 3.377834
v -0.760950 0.593812 3.363814
v -0.728202 0.590595 3.348342
v -0.696165 0.587171 3.331512
v -0.664885 0.583611 3.313405
v -0.639696 0.573755 3.287785
v -0.618632 0.561499 3.258774
v -0.591471 0.557775 3.237102
v -0.563492 0.556117 3.215933
v -0.536341 0.555002 3.193521
v -0.510561 0.554257 3.169432
v -0.496471 0.546722 3.136734
v -0.483999 0.541159 3.103258
v -1.382987 0.527473 3.300968
v -1.355583 0.527160 3.323478
v -1.330793 0.531754 3.348191
v -1.304213 0.537121 3.370541
v -1.275927 0.542982 3.390589
v -1.246041 0.549100 3.408353
v -1.214671 0.555248 3.423846
v -1.181258 0.559741 3.435248
v -1.146016 0.561532 3.441511
v -1.110475 0.563110 3.445871
v -1.074718 0.564369 3.448262
v -1.038206 0.559790 3.441881
v -1.002637 0.554698 3.433460
v -0.967647 0.558248 3.434377
v -0.932220 0.561558 3.433628
v -0.896474 0.564149 3.430670
v -0.861307 0.563727 3.422761
v -0.826885 0.561789 3.411772
v -0.793022 0.559444 3.399054
v -0.759757 0.556788 3.384715
v -0.727128 0.553912 3.368854
v -0.695174 0.550896 3.351554
v -0.663934 0.547814 3.332891
v -0.633536 0.544644 3.312826
v -0.612512 0.533180 3.282200
v -0.589063 0.526271 3.255302
v -0.560709 0.525226 3.233081
v -0.533049 0.524770 3.209419
v -0.506103 0.525103 3.184234
v -0.488616 0.520604 3.151610
v -0.476016 0.515460 3.115802
v -1.380667 0.493349 3.308258
v -1.362134 0.500674 3.342487
v -1.336605 0.504883 3.369007
v -1.309272 0.509773 3.393098
v -1.280222 0.515122 3.414755
v -1.249560 0.520717 3.433970
v -1.215044 0.522496 3.445348
v -1.179854 0.523912 3.454004
v -1.144359 0.525253 3.460625
v -1.108642 0.526449 3.465239
v -1.072791 0.527449 3.467862
v -1.036670 0.526385 3.465972
v -1.000869 0.522579 3.458725
v -0.965487 0.526185 3.460305
v -0.929807 0.528396 3.458521
v -0.894621 0.527576 3.451208
v -0.859855 0.526234 3.441911
v -0.825584 0.524449 3.430730
v -0.791852 0.522318 3.417776
v -0.758694 0.519935 3.403148
v -0.726144 0.517388 3.386933
v -0.694231 0.514758 3.369208
v -0.662990 0.512121 3.350039
v -0.632453 0.509543 3.329479
v -0.606497 0.503706 3.303347
v -0.586384 0.494573 3.271615
v -0.557645 0.494010 3.248471
v -0.529501 0.494034 3.223752
v -0.501964 0.494819 3.197375
v -0.480543 0.493200 3.165609
v -0.468640 0.487987 3.127408
v -1.379641 0.460120 3.316228
v -1.363516 0.468582 3.354367
v -1.342557 0.476461 3.388408
v -1.314554 0.480917 3.413995
v -1.284575 0.485537 3.436697
v -1.249639 0.486154 3.450238
v -1.214387 0.487025 3.461493
v -1.178861 0.488002 3.470539
v -1.143111 0.488956 3.477449
v -1.107213 0.489821 3.482259
v -1.071250 0.490546 3.484992
v -1.035301 0.491079 3.485667
v -0.999418 0.490074 3.482267
v -0.963776 0.491352 3.480893
v -0.928365 0.490980 3.475463
v -0.893300 0.490190 3.468012
v -0.858665 0.488948 3.458563
v -0.824513 0.487323 3.447206
v -0.790882 0.485409 3.434041
v -0.757804 0.483294 3.419157
v -0.725305 0.481064 3.402632
v -0.693410 0.478798 3.384535
v -0.662143 0.476568 3.364922
v -0.631531 0.474443 3.343841
v -0.601593 0.472500 3.321318
v -0.581953 0.463871 3.287772
v -0.554475 0.462480 3.262203
v -0.525883 0.462838 3.236600
v -0.497826 0.463894 3.209257
v -0.473477 0.464064 3.178010
v -0.463681 0.458175 3.137002
v -1.380648 0.428187 3.325568
v -1.364765 0.435964 3.365038
v -1.346910 0.445444 3.404329
v -1.319823 0.450625 3.433163
v -1.284941 0.450675 3.449874
v -1.249579 0.450934 3.463880
v -1.213962 0.451432 3.475521
v -1.178138 0.452050 3.484871
v -1.142160 0.452683 3.491997
v -1.106099 0.453271 3.496941
v -1.070033 0.453765 3.499735
v -1.034038 0.454116 3.500406
v -0.998189 0.454272 3.498981
v -0.962561 0.454183 3.495481
v -0.927229 0.453794 3.489928
v -0.892267 0.453050 3.482341
v -0.857739 0.451917 3.472749
v -0.823685 0.450460 3.461236
v -0.790138 0.448764 3.447889
v -0.757123 0.446912 3.432790
v -0.724662 0.444984 3.416007
v -0.692775 0.443055 3.397600
v -0.661480 0.441194 3.377618
v -0.630793 0.439468 3.356102
v -0.600729 0.437949 3.333072
v -0.576651 0.433286 3.303166
v -0.551376 0.430653 3.274373
v -0.522382 0.431227 3.248037
v -0.493876 0.432421 3.219909
v -0.468774 0.432939 3.188010
v -0.459252 0.427544 3.145702
v -1.381559 0.396080 3.334040
v -1.365957 0.403105 3.374650
v -1.348329 0.411633 3.415199
v -1.320672 0.415868 3.444316
v -1.285231 0.415552 3.461169
v -1.249532 0.415551 3.475526
v -1.213624 0.415765 3.487453
v -1.177562 0.416103 3.497016
v -1.141403 0.416482 3.504283
v -1.105217 0.416848 3.509299
v -1.069077 0.417157 3.512104
v -1.033452 0.419942 3.518086
v -0.997254 0.419726 3.516015
v -0.961638 0.417280 3.507623
v -0.926382 0.416893 3.501946
v -0.891512 0.416209 3.494228
v -0.857079 0.415196 3.484508
v -0.823113 0.413913 3.472861
v -0.789641 0.412435 3.459366
v -0.756684 0.410838 3.444096
v -0.724260 0.409195 3.427111
v -0.692385 0.407576 3.408464
v -0.661070 0.406045 3.388196
v -0.630328 0.404664 3.366342
v -0.600166 0.403497 3.342916
v -0.571878 0.401902 3.316614
v -0.548499 0.398550 3.285057
v -0.519162 0.399249 3.258120
v -0.490277 0.400487 3.229350
v -0.464687 0.401154 3.196829
v -0.455458 0.396296 3.153431
v -1.382411 0.363887 3.341625
v -1.367100 0.370102 3.383198
v -1.347175 0.376170 3.421532
v -1.321081 0.380718 3.453407
v -1.285361 0.380271 3.470557
v -1.249411 0.380090 3.485158
v -1.213290 0.380101 3.497274
v -1.177057 0.380231 3.506968
v -1.140772 0.380418 3.514305
v -1.104506 0.380616 3.519336
v -1.069064 0.382975 3.527449
v -1.033143 0.385732 3.534518
v -0.996544 0.385070 3.531342
v -0.960890 0.381306 3.518828
v -0.925806 0.380334 3.511549
v -0.891027 0.379724 3.503713
v -0.856686 0.378841 3.493881
v -0.822805 0.377736 3.482126
v -0.789408 0.376475 3.468518
v -0.756512 0.375125 3.453122
v -0.724132 0.373752 3.435992
v -0.692279 0.372416 3.417173
v -0.660962 0.371177 3.396702
v -0.630187 0.370091 3.374604
v -0.599959 0.369213 3.350893
v -0.570276 0.368615 3.325558
v -0.545916 0.366227 3.294269
v -0.516292 0.366972 3.266850
v -0.487095 0.368180 3.237564
v -0.461264 0.368853 3.204439
v -0.452331 0.364567 3.160143
v -1.383237 0.331666 3.348300
v -1.368207 0.337014 3.390672
v -1.344275 0.340210 3.424409
v -1.318841 0.344182 3.457193
v -1.285270 0.344933 3.477999
v -1.249154 0.344646 3.492748
v -1.212896 0.344524 3.504965
v -1.176559 0.344514 3.514714
v -1.140208 0.344566 3.522058
v -1.104822 0.346177 3.531547
v -1.069286 0.348624 3.541276
v -1.032985 0.350935 3.548539
v -0.996025 0.350067 3.544463
v -0.960118 0.346830 3.531564
v -0.925480 0.344177 3.518780
v -0.890801 0.343652 3.510840
v -0.856557 0.342907 3.500918
v -0.822769 0.341983 3.489081
v -0.789455 0.340938 3.475396
v -0.756630 0.339828 3.459918
v -0.724306 0.338709 3.442698
v -0.692491 0.337634 3.423774
v -0.661191 0.336654 3.403175
v -0.630410 0.335818 3.380924
v -0.600150 0.335174 3.357027
v -0.570408 0.334778 3.331477
v -0.543679 0.333747 3.301999
v -0.513821 0.334474 3.274209
v -0.484373 0.335587 3.244524
v -0.458541 0.336163 3.210805
v -0.449892 0.332485 3.165792
v -1.384064 0.299468 3.354033
v -1.365891 0.302700 3.393183
v -1.341533 0.305004 3.426296
v -1.316426 0.308198 3.459367
v -1.284900 0.309643 3.483453
v -1.248701 0.309317 3.498262
v -1.212381 0.309126 3.510504
v -1.176009 0.309033 3.520242
v -1.140410 0.309773 3.530346
v -1.105435 0.311803 3.542742
v -1.069573 0.313772 3.552670
v -1.032939 0.315629 3.560083
v -0.995665 0.314747 3.555332
v -0.959527 0.312085 3.542091
v -0.924987 0.309285 3.526685
v -0.890821 0.308049 3.515661
v -0.856692 0.307448 3.505672
v -0.823011 0.306709 3.493784
v -0.789795 0.305877 3.480056
v -0.757058 0.304999 3.464540
v -0.724809 0.304121 3.447280
v -0.693054 0.303285 3.428311
v -0.661796 0.302536 3.407657
v -0.631037 0.301913 3.385333
v -0.600779 0.301455 3.361343
v -0.571018 0.301206 3.335679
v -0.541850 0.301177 3.308228
v -0.512973 0.301500 3.279228
v -0.484681 0.302128 3.248367
v -0.456873 0.303132 3.215680
v -0.448175 0.300182 3.170327
v -1.384907 0.267325 3.358783
v -1.363051 0.268811 3.394012
v -1.338998 0.270552 3.427249
v -1.314203 0.272970 3.460499
v -1.284193 0.274512 3.486875
v -1.247990 0.274203 3.501667
v -1.211420 0.273866 3.513234
v -1.175276 0.273834 3.523335
v -1.141235 0.275490 3.538916
v -1.106002 0.277021 3.551495
v -1.069873 0.278504 3.561568
v -1.032966 0.279902 3.569089
v -0.995435 0.279150 3.563903
v -0.959096 0.277108 3.550375
v -0.924381 0.274967 3.534669
v -0.891076 0.272965 3.518231
v -0.857084 0.272513 3.508204
v -0.823534 0.271959 3.496294
v -0.790442 0.271339 3.482559
v -0.757817 0.270687 3.467047
v -0.725668 0.270037 3.449796
v -0.693998 0.269425 3.430837
v -0.662812 0.268882 3.410190
v -0.632108 0.268441 3.387866
v -0.601887 0.268131 3.363865
v -0.571044 0.268256 3.339287
v -0.542887 0.268031 3.310780
v -0.514103 0.268300 3.281640
v -0.485796 0.268823 3.250713
v -0.457966 0.269629 3.217947
v -0.447219 0.267783 3.173692
v -1.383971 0.234957 3.360696
v -1.360491 0.235650 3.394039
v -1.336714 0.236825 3.427317
v -1.312199 0.238457 3.460651
v -1.283090 0.239654 3.488216
v -1.244838 0.238795 3.498654
v -1.207920 0.238281 3.508245
v -1.173960 0.238906 3.522978
v -1.140711 0.240292 3.540618
v -1.106466 0.241927 3.557744
v -1.070138 0.242919 3.567912
v -1.033027 0.243852 3.575503
v -0.995306 0.243325 3.570131
v -0.958808 0.241940 3.556384
v -0.923952 0.240492 3.540450
v -0.890767 0.238971 3.522540
v -0.857729 0.238145 3.508576
v -0.824344 0.237777 3.496678
v -0.791406 0.237366 3.482972
v -0.758925 0.236934 3.467502
v -0.726908 0.236506 3.450304
v -0.695357 0.236104 3.431406
v -0.664265 0.235753 3.410836
v -0.632620 0.235670 3.389873
v -0.601297 0.235674 3.367117
v -0.570310 0.235783 3.342542
v -0.543132 0.235483 3.312993
v -0.515889 0.235457 3.282538
v -0.487614 0.235834 3.251641
v -0.459812 0.236402 3.218894
v -0.447067 0.235414 3.175828
v -1.381525 0.202813 3.359997
v -1.358262 0.203164 3.393288
v -1.334711 0.203759 3.426539
v -1.310429 0.204587 3.459875
v -1.279611 0.204944 3.484130
v -1.241475 0.204455 3.493792
v -1.205693 0.204302 3.504819
v -1.173062 0.204812 3.522298
v -1.139994 0.205510 3.539951
v -1.106056 0.206378 3.557781
v -1.070320 0.207125 3.571653
v -1.033086 0.207592 3.579280
v -0.995249 0.207332 3.573973
v -0.958643 0.206632 3.560087
v -0.923691 0.205901 3.544010
v -0.890417 0.205134 3.525954
v -0.858623 0.204379 3.506856
v -0.825442 0.204196 3.495003
v -0.792700 0.203991 3.481361
v -0.760402 0.203777 3.465972
v -0.728417 0.203582 3.449121
v -0.696154 0.203484 3.431692
v -0.664181 0.203409 3.412499
v -0.632513 0.203368 3.391530
v -0.601162 0.203372 3.368764
v -0.570144 0.203431 3.344173
v -0.543375 0.203249 3.314198
v -0.518372 0.203076 3.281913
v -0.490177 0.203275 3.251126
v -0.462449 0.203571 3.218481
v -0.447769 0.203199 3.176677
v -1.379506 0.171238 3.358572
v -1.356399 0.171238 3.391771
v -1.333011 0.171238 3.424942
v -1.308897 0.171238 3.458210
v -1.276526 0.171238 3.479439
v -1.238729 0.171238 3.488863
v -1.205074 0.171238 3.503939
v -1.172547 0.171238 3.521390
v -1.139583 0.171238 3.539029
v -1.105750 0.171238 3.556859
v -1.070372 0.171238 3.572749
v -1.033105 0.171238 3.580385
v -0.995236 0.171238 3.575393
v -0.958583 0.171238 3.561458
v -0.923588 0.171238 3.545331
v -0.890274 0.171238 3.527223
v -0.858638 0.171238 3.507337
v -0.826834 0.171238 3.491339
v -0.794056 0.171238 3.478493
v -0.761284 0.171238 3.464611
v -0.728776 0.171238 3.448967
v -0.696543 0.171238 3.431566
v -0.664598 0.171238 3.412401
v -0.632953 0.171238 3.391462
v -0.601623 0.171238 3.368726
v -0.570622 0.171238 3.344165
v -0.544689 0.171238 3.313477
v -0.521597 0.171238 3.279757
v -0.493526 0.171238 3.249143
v -0.465917 0.171238 3.216671
v -0.449377 0.171238 3.176175
v -1.377946 0.139961 3.356417
v -1.354924 0.139617 3.389498
v -1.331625 0.139029 3.422544
v -1.307605 0.138209 3.455682
v -1.274124 0.138235 3.474692
v -1.237402 0.138620 3.485572
v -1.204890 0.138312 3.502883
v -1.172387 0.137804 3.520301
v -1.139450 0.137108 3.537901
v -1.105648 0.136241 3.555686
v -1.070261 0.135383 3.571182
v -1.032995 0.134985 3.577774
v -0.995247 0.135118 3.574367
v -0.958615 0.135818 3.560481
v -0.923638 0.136549 3.544403
v -0.890339 0.137316 3.526342
v -0.858717 0.138121 3.506502
v -0.827602 0.138722 3.488501
v -0.794674 0.138824 3.476434
v -0.761993 0.138936 3.462600
v -0.729571 0.139045 3.447007
v -0.697420 0.139142 3.429660
v -0.665553 0.139214 3.410554
v -0.633984 0.139252 3.389677
v -0.602726 0.139245 3.367005
v -0.571793 0.139183 3.342512
v -0.547112 0.139519 3.310824
v -0.525581 0.139929 3.276076
v -0.497676 0.139718 3.245689
v -0.470226 0.139411 3.213447
v -0.451923 0.139533 3.174285
v -1.376866 0.108682 3.353582
v -1.353864 0.108018 3.386511
v -1.330585 0.106874 3.419384
v -1.306591 0.105270 3.452326
v -1.272456 0.105509 3.469946
v -1.237734 0.105745 3.484344
v -1.205172 0.105132 3.501638
v -1.172616 0.104124 3.519016
v -1.139627 0.102745 3.536551
v -1.105781 0.101025 3.554247
v -1.069634 0.100090 3.563969
v -1.032525 0.099722 3.567312
v -0.995314 0.099395 3.568305
v -0.958754 0.100432 3.557166
v -0.923848 0.101880 3.541230
v -0.890613 0.103402 3.523311
v -0.859047 0.105000 3.503612
v -0.828384 0.106353 3.484532
v -0.795598 0.106551 3.472531
v -0.763053 0.106768 3.458768
v -0.730762 0.106979 3.443254
v -0.698739 0.107165 3.425990
v -0.666995 0.107303 3.406974
v -0.635546 0.107374 3.386193
v -0.604405 0.107358 3.363626
v -0.573589 0.107237 3.339243
v -0.550560 0.108140 3.306288
v -0.530218 0.109089 3.270940
v -0.502519 0.108665 3.240835
v -0.475270 0.108053 3.208882
v -0.455325 0.108062 3.171070
v -1.376258 0.077239 3.350108
v -1.353225 0.076274 3.382841
v -1.329911 0.074601 3.415485
v -1.304967 0.072554 3.446797
v -1.270578 0.073057 3.463516
v -1.238631 0.072304 3.482860
v -1.205956 0.071374 3.500141
v -1.173275 0.069866 3.517467
v -1.140161 0.067812 3.534910
v -1.104875 0.066618 3.545798
v -1.068553 0.066035 3.551390
v -1.032057 0.065483 3.554651
v -0.995458 0.064990 3.555613
v -0.959017 0.065136 3.551535
v -0.924227 0.067278 3.535824
v -0.891095 0.069531 3.518133
v -0.859620 0.071899 3.498660
v -0.829399 0.074122 3.478703
v -0.796790 0.074412 3.466790
v -0.764416 0.074726 3.453123
v -0.732292 0.075034 3.437714
v -0.700430 0.075303 3.420564
v -0.668847 0.075505 3.401673
v -0.637555 0.075610 3.381028
v -0.606573 0.075590 3.358610
v -0.575916 0.075418 3.334391
v -0.554924 0.077198 3.299926
v -0.535386 0.078724 3.264419
v -0.507931 0.078093 3.234662
v -0.480922 0.077184 3.203065
v -0.459485 0.076884 3.166612
v -1.376096 0.045539 3.346023
v -1.352995 0.044280 3.378503
v -1.329604 0.042096 3.410848
v -1.300879 0.041033 3.436320
v -1.268667 0.040838 3.455649
v -1.238243 0.039103 3.477305
v -1.206605 0.037210 3.496719
v -1.173378 0.035567 3.512573
v -1.138129 0.035020 3.521909
v -1.103106 0.033841 3.531111
v -1.067472 0.033015 3.536750
v -1.031626 0.032282 3.539917
v -0.995678 0.031623 3.540843
v -0.959695 0.031071 3.539558
v -0.924786 0.032784 3.528199
v -0.891786 0.035737 3.510812
v -0.860425 0.038845 3.491643
v -0.830622 0.042022 3.471019
v -0.798215 0.042397 3.459215
v -0.766037 0.042805 3.445667
v -0.734103 0.043206 3.430389
v -0.702430 0.043559 3.413386
v -0.671034 0.043827 3.394657
v -0.639933 0.043974 3.374194
v -0.609143 0.043965 3.351979
v -0.578684 0.043763 3.327985
v -0.560093 0.046807 3.291791
v -0.540968 0.048864 3.256580
v -0.513797 0.048038 3.227241
v -0.487071 0.046850 3.196077
v -0.467549 0.046845 3.159119
v -1.376335 0.013522 3.341341
v -1.353145 0.011971 3.373496
v -1.329798 0.009211 3.405650
v -1.297112 0.009983 3.424997
v -1.266438 0.009049 3.445800
v -1.236281 0.006901 3.467030
v -1.204748 0.004705 3.485614
v -1.169733 0.004798 3.494955
v -1.135259 0.004136 3.503931
v -1.101013 0.002706 3.512782
v -1.066443 0.001022 3.520175
v -1.031271 0.000112 3.523231
v -0.995996 -0.000711 3.524112
v -0.960682 -0.001406 3.522844
v -0.925534 -0.001562 3.518371
v -0.892684 0.002052 3.501354
v -0.861452 0.005861 3.482556
v -0.831800 0.009806 3.462163
v -0.799838 0.010497 3.449804
v -0.767870 0.010997 3.436399
v -0.736143 0.011491 3.421280
v -0.704676 0.011932 3.404457
v -0.673489 0.012277 3.385932
v -0.642602 0.012482 3.365701
v -0.612036 0.012507 3.343751
v -0.581810 0.012304 3.320051
v -0.565958 0.017075 3.281940
v -0.546859 0.019538 3.247481
v -0.520012 0.018542 3.218642
v -0.494544 0.017386 3.187391
v -0.477679 0.018064 3.149669
v -1.377497 -0.019109 3.336654
v -1.355701 -0.021754 3.370171
v -1.327310 -0.022337 3.395769
v -1.294678 -0.021309 3.414301
v -1.263976 -0.022214 3.434061
v -1.234073 -0.024724 3.454626
v -1.201106 -0.025581 3.468495
v -1.166825 -0.025543 3.477585
v -1.133020 -0.026334 3.486222
v -1.099433 -0.028014 3.494733
v -1.065522 -0.029967 3.501777
v -1.031031 -0.031050 3.504704
v -0.996436 -0.032035 3.505527
v -0.961799 -0.032871 3.504269
v -0.927180 -0.033511 3.500954
v -0.893789 -0.031497 3.489764
v -0.862692 -0.027029 3.471394
v -0.833146 -0.022396 3.451432
v -0.801627 -0.021298 3.438552
v -0.769873 -0.020708 3.425310
v -0.738358 -0.020116 3.410379
v -0.707107 -0.019577 3.393773
v -0.676143 -0.019140 3.375499
v -0.645491 -0.018852 3.355557
v -0.615176 -0.018760 3.333938
v -0.587732 -0.017707 3.308094
v -0.572415 -0.011894 3.270430
v -0.552963 -0.009218 3.237179
v -0.526483 -0.010349 3.208928
v -0.504543 -0.010513 3.176230
v -0.487921 -0.009767 3.139418
v -1.377777 -0.051542 3.330197
v -1.353535 -0.053187 3.360417
v -1.323523 -0.052669 3.382998
v -1.292168 -0.052142 3.402124
v -1.261361 -0.052861 3.420522
v -1.229866 -0.053867 3.436535
v -1.197597 -0.054885 3.449830
v -1.164708 -0.055821 3.460429
v -1.131468 -0.056775 3.468741
v -1.098403 -0.058677 3.476834
v -1.064762 -0.059990 3.481659
v -1.030947 -0.061245 3.484436
v -0.997025 -0.062387 3.485185
v -0.963057 -0.063364 3.483928
v -0.929104 -0.064120 3.480681
v -0.895218 -0.064599 3.475458
v -0.864135 -0.059805 3.458154
v -0.834686 -0.054529 3.438671
v -0.803551 -0.053005 3.425449
v -0.772005 -0.052320 3.412393
v -0.740701 -0.051624 3.397680
v -0.709669 -0.050972 3.381329
v -0.678936 -0.050420 3.363355
v -0.648534 -0.050015 3.343764
v -0.618493 -0.049812 3.322553
v -0.594672 -0.046594 3.293852
v -0.579363 -0.039993 3.257318
v -0.559195 -0.037365 3.225725
v -0.533125 -0.038583 3.198160
v -0.514553 -0.037424 3.164243
v -0.498184 -0.036613 3.128448
v -1.377175 -0.083545 3.322024
v -1.346588 -0.081040 3.344157
v -1.317310 -0.080491 3.365871
v -1.287401 -0.080547 3.385218
v -1.257787 -0.081951 3.403767
v -1.225853 -0.082023 3.417072
v -1.194306 -0.083232 3.429720
v -1.162308 -0.084619 3.440279
v -1.129914 -0.086096 3.448812
v -1.097193 -0.087606 3.455350
v -1.064219 -0.089100 3.459911
v -1.031062 -0.090523 3.462512
v -0.997791 -0.091822 3.463171
v -0.964471 -0.092938 3.461901
v -0.931163 -0.093811 3.458715
v -0.897919 -0.094378 3.453618
v -0.865770 -0.092450 3.442829
v -0.836402 -0.086575 3.423867
v -0.805580 -0.084637 3.410482
v -0.774228 -0.083854 3.397634
v -0.743125 -0.083041 3.383169
v -0.712307 -0.082257 3.367116
v -0.681809 -0.081558 3.349496
v -0.651669 -0.080996 3.330325
v -0.621922 -0.080626 3.309602
v -0.602011 -0.074469 3.277902
v -0.586704 -0.067121 3.242662
v -0.565478 -0.064863 3.213168
v -0.541589 -0.065218 3.185137
v -0.524492 -0.063321 3.151500
v -0.508393 -0.062443 3.116834
v -1.370665 -0.111332 3.307023
v -1.340647 -0.108462 3.328025
v -1.311259 -0.107221 3.347722
v -1.283379 -0.108560 3.367967
v -1.255919 -0.111890 3.388232
v -1.224375 -0.112028 3.400718
v -1.192578 -0.112494 3.411141
v -1.160550 -0.113166 3.419595
v -1.128336 -0.113963 3.426206
v -1.096277 -0.115675 3.432342
v -1.063946 -0.117354 3.436604
v -1.031418 -0.118949 3.439005
v -0.998765 -0.120404 3.439553
v -0.966057 -0.121657 3.438257
v -0.933360 -0.122647 3.435121
v -0.900724 -0.123307 3.430142
v -0.868154 -0.123590 3.423315
v -0.838278 -0.118524 3.407004
v -0.807687 -0.116215 3.393633
v -0.776506 -0.115326 3.381013
v -0.745586 -0.114380 3.366829
v -0.714970 -0.113439 3.351117
v -0.684702 -0.112558 3.333908
v -0.654829 -0.111789 3.315227
v -0.629699 -0.107782 3.290329
v -0.609644 -0.101249 3.260277
v -0.594340 -0.093193 3.226491
v -0.571732 -0.091705 3.199524
v -0.551104 -0.090304 3.170388
v -0.534291 -0.088218 3.138047
v -0.519031 -0.086993 3.104323
v -1.364223 -0.138000 3.291305
v -1.335176 -0.135055 3.311347
v -1.306014 -0.133294 3.329228
v -1.280355 -0.136452 3.350506
v -1.253507 -0.140322 3.369815
v -1.223390 -0.141811 3.383108
v -1.192100 -0.142612 3.393002
v -1.160512 -0.143603 3.401021
v -1.128658 -0.144656 3.407251
v -1.096603 -0.145715 3.411726
v -1.064425 -0.146737 3.414462
v -1.032195 -0.147677 3.415474
v -0.999987 -0.148484 3.414771
v -0.967836 -0.149599 3.413049
v -0.935700 -0.150705 3.409949
v -0.903626 -0.151459 3.405079
v -0.871603 -0.151810 3.398421
v -0.840294 -0.150365 3.388065
v -0.809844 -0.147761 3.374875
v -0.778801 -0.146757 3.362504
v -0.748033 -0.145662 3.348629
v -0.717594 -0.144536 3.333297
v -0.687537 -0.143436 3.316548
v -0.660318 -0.140087 3.295491
v -0.637847 -0.133508 3.268985
v -0.617436 -0.126867 3.240923
v -0.602128 -0.118145 3.208740
v -0.577917 -0.117818 3.184644
v -0.560308 -0.114397 3.154773
v -0.544297 -0.111804 3.123590
v -0.531994 -0.108972 3.089802
v -1.358001 -0.163423 3.275067
v -1.330083 -0.160547 3.293944
v -1.302688 -0.159784 3.311655
v -1.277659 -0.163416 3.331573
v -1.251395 -0.167810 3.349627
v -1.222917 -0.171225 3.363923
v -1.192129 -0.172446 3.373208
v -1.160962 -0.173825 3.380730
v -1.129457 -0.175217 3.386569
v -1.097685 -0.176564 3.390751
v -1.065732 -0.177828 3.393287
v -1.033681 -0.178966 3.394178
v -1.001616 -0.179929 3.393425
v -0.969614 -0.180662 3.391023
v -0.937750 -0.181106 3.386968
v -0.906077 -0.181196 3.381243
v -0.874575 -0.180887 3.373834
v -0.843212 -0.180229 3.364790
v -0.812125 -0.179103 3.353945
v -0.781074 -0.178173 3.342073
v -0.750416 -0.176913 3.328530
v -0.720114 -0.175578 3.313608
v -0.691347 -0.172903 3.295854
v -0.667824 -0.165395 3.271382
v -0.645590 -0.158318 3.246236
v -0.625241 -0.151260 3.219774
v -0.608090 -0.143410 3.190947
v -0.586351 -0.141241 3.166450
v -0.570490 -0.136404 3.137199
v -0.556658 -0.132334 3.106635
v -0.544633 -0.129375 3.074844
v -1.352130 -0.187471 3.258478
v -1.325539 -0.184854 3.275937
v -1.299792 -0.185147 3.292889
v -1.275484 -0.189385 3.311188
v -1.249847 -0.194400 3.327798
v -1.222928 -0.199965 3.342759
v -1.192811 -0.202030 3.351731
v -1.162022 -0.203865 3.358697
v -1.130819 -0.205648 3.364095
v -1.099283 -0.207327 3.367943
v -1.067507 -0.208868 3.370240
v -1.035585 -0.210229 3.370979
v -1.003609 -0.211367 3.370151
v -0.971667 -0.212228 3.367739
v -0.939842 -0.212756 3.363726
v -0.908196 -0.212889 3.358086
v -0.876714 -0.212579 3.350796
v -0.845369 -0.211880 3.341910
v -0.816378 -0.206114 3.326440
v -0.785447 -0.205573 3.315414
v -0.754746 -0.204799 3.302961
v -0.724646 -0.203434 3.288722
v -0.699625 -0.195941 3.267044
v -0.676066 -0.188421 3.244348
v -0.654012 -0.180979 3.220726
v -0.633508 -0.173784 3.196194
v -0.614623 -0.167028 3.170761
v -0.597437 -0.160888 3.144450
v -0.582025 -0.155544 3.117255
v -0.568460 -0.151218 3.089027
v -0.556770 -0.148128 3.059563
v -1.346813 -0.210214 3.241585
v -1.321847 -0.208121 3.257221
v -1.297616 -0.209339 3.272851
v -1.274040 -0.214300 3.289345
v -1.249056 -0.220062 3.304318
v -1.222678 -0.226319 3.317891
v -1.194302 -0.231401 3.328540
v -1.163822 -0.233758 3.334895
v -1.132853 -0.235987 3.339807
v -1.101485 -0.238040 3.343278
v -1.069821 -0.239889 3.345300
v -1.037963 -0.241500 3.345855
v -1.006011 -0.242830 3.344924
v -0.974059 -0.243833 3.342480
v -0.942202 -0.244456 3.338493
v -0.910508 -0.244637 3.332924
v -0.878971 -0.244332 3.325743
v -0.847570 -0.243593 3.317014
v -0.818771 -0.236700 3.301270
v -0.789808 -0.232081 3.286705
v -0.759639 -0.230785 3.274274
v -0.733686 -0.223203 3.254939
v -0.709066 -0.215475 3.234587
v -0.685847 -0.207694 3.213347
v -0.664066 -0.199955 3.191317
v -0.641175 -0.195219 3.171035
v -0.624856 -0.185496 3.145253
v -0.608014 -0.178767 3.121002
v -0.592751 -0.173060 3.096181
v -0.579504 -0.168538 3.070524
v -0.568238 -0.165293 3.043916
v -1.342628 -0.230645 3.225100
v -1.319570 -0.229890 3.238061
v -1.296595 -0.232178 3.251448
v -1.273639 -0.238142 3.265919
v -1.249256 -0.244791 3.279124
v -1.223357 -0.251827 3.291225
v -1.196073 -0.259058 3.302155
v -1.166498 -0.263547 3.309291
v -1.135670 -0.266273 3.313673
v -1.104383 -0.268741 3.316729
v -1.072748 -0.270932 3.318439
v -1.040873 -0.272816 3.318779
v -1.008865 -0.274358 3.317716
v -0.976825 -0.275517 3.315214
v -0.944851 -0.276243 3.311232
v -0.913022 -0.276479 3.305719
v -0.881342 -0.276185 3.298637
v -0.851384 -0.270354 3.285646
v -0.822455 -0.263742 3.271017
v -0.793878 -0.258196 3.256395
v -0.767719 -0.249358 3.238086
v -0.742267 -0.241394 3.219729
v -0.717978 -0.233469 3.200663
v -0.695030 -0.225460 3.180842
v -0.669174 -0.222873 3.164811
v -0.647312 -0.216544 3.144967
v -0.631719 -0.205222 3.120392
v -0.617649 -0.195077 3.096099
v -0.602315 -0.188809 3.073791
v -0.589218 -0.183771 3.051262
v -0.577064 -0.180836 3.029234
v -1.339541 -0.249070 3.208874
v -1.318732 -0.250277 3.218433
v -1.296956 -0.253695 3.228579
v -1.274619 -0.260922 3.240751
v -1.250701 -0.268597 3.252139
v -1.225162 -0.276500 3.262734
v -1.198158 -0.284473 3.272418
v -1.169859 -0.292337 3.281053
v -1.139391 -0.296549 3.285661
v -1.108076 -0.299474 3.288263
v -1.076367 -0.302038 3.289625
v -1.044377 -0.304221 3.289715
v -1.012219 -0.305994 3.288490
v -0.980004 -0.306928 3.285582
v -0.948214 -0.303374 3.278032
v -0.917202 -0.298932 3.268783
v -0.887045 -0.293613 3.257841
v -0.857744 -0.287533 3.245344
v -0.828021 -0.284603 3.234420
v -0.797614 -0.284026 3.224451
v -0.769207 -0.279323 3.210462
v -0.744120 -0.269582 3.191896
v -0.720298 -0.259919 3.172797
v -0.696990 -0.251569 3.154161
v -0.671334 -0.248147 3.138711
v -0.653758 -0.235566 3.116021
v -0.637776 -0.223764 3.093617
v -0.620480 -0.215999 3.073898
v -0.604492 -0.209070 3.054348
v -0.590671 -0.203641 3.035887
v -0.578662 -0.199551 3.018267
v -1.466274 0.627807 1.925373
v -1.469258 0.629589 1.952771
v -1.472359 0.632457 1.983350
v -1.475776 0.636516 2.017612
v -1.479465 0.641317 2.053874
v -1.483536 0.646709 2.092186
v -1.488085 0.652634 2.132359
v -1.486764 0.654153 2.175123
v -1.484320 0.654691 2.219124
v -1.481895 0.655080 2.264063
v -1.486034 0.660426 2.309546
v -1.493636 0.668423 2.356151
v -1.501519 0.676613 2.404020
v -1.509604 0.684947 2.453080
v -1.509900 0.686908 2.502364
v -1.503708 0.683351 2.551060
v -1.497817 0.679798 2.599731
v -1.492231 0.676330 2.648441
v -1.486960 0.673034 2.697151
v -1.481993 0.669975 2.745779
v -1.477300 0.667193 2.794222
v -1.472826 0.664708 2.842361
v -1.469662 0.663587 2.890597
v -1.472324 0.668157 2.941293
v -1.469195 0.667752 2.988697
v -1.458983 0.660963 3.030973
v -1.448723 0.654441 3.071420
v -1.438387 0.648238 3.109707
v -1.427840 0.642453 3.145768
v -1.417238 0.637537 3.177892
v -1.406365 0.633431 3.206336
v -1.470375 0.605650 1.921497
v -1.474088 0.604937 1.951753
v -1.477771 0.605721 1.984366
v -1.481565 0.608082 2.019518
v -1.485540 0.611545 2.056355
v -1.489874 0.615825 2.095036
v -1.494676 0.620815 2.135406
v -1.494300 0.622485 2.178122
v -1.491827 0.622720 2.222176
v -1.489395 0.622907 2.267116
v -1.492520 0.626866 2.312609
v -1.500648 0.634276 2.359093
v -1.509129 0.641912 2.406811
v -1.517888 0.649714 2.455695
v -1.514838 0.648914 2.504370
v -1.508772 0.645664 2.552708
v -1.503100 0.642427 2.601032
v -1.497815 0.639286 2.649433
v -1.492917 0.636334 2.697876
v -1.488386 0.633647 2.746285
v -1.484176 0.631277 2.794560
v -1.480936 0.629830 2.842872
v -1.484665 0.634298 2.893854
v -1.487990 0.638953 2.944767
v -1.490719 0.643746 2.995404
v -1.481618 0.639188 3.039077
v -1.470472 0.633470 3.080051
v -1.458975 0.628182 3.118981
v -1.446843 0.623490 3.155833
v -1.433907 0.619819 3.189602
v -1.419868 0.617105 3.220095
v -1.474476 0.581251 1.916420
v -1.478630 0.578821 1.949101
v -1.482611 0.578229 1.983381
v -1.486609 0.579309 2.019436
v -1.490786 0.581642 2.057076
v -1.495313 0.584952 2.096314
v -1.500310 0.589101 2.137051
v -1.500600 0.590701 2.179929
v -1.498044 0.590654 2.224190
v -1.495559 0.590653 2.269270
v -1.497464 0.593345 2.314898
v -1.506057 0.600185 2.361377
v -1.515074 0.607275 2.409059
v -1.524444 0.614550 2.457883
v -1.518095 0.611643 2.506106
v -1.512129 0.608685 2.554221
v -1.506652 0.605743 2.602335
v -1.501650 0.602903 2.650557
v -1.497113 0.600266 2.698861
v -1.493008 0.597914 2.747178
v -1.489731 0.596226 2.795573
v -1.494370 0.600355 2.846712
v -1.498775 0.604789 2.898033
v -1.502754 0.609496 2.949369
v -1.506088 0.614452 3.000539
v -1.503008 0.615464 3.048245
v -1.489258 0.609161 3.088970
v -1.476018 0.604211 3.128388
v -1.462998 0.600852 3.166471
v -1.449859 0.599537 3.202978
v -1.427762 0.592976 3.230601
v -1.478767 0.554239 1.910136
v -1.483031 0.551127 1.944845
v -1.487074 0.549858 1.980702
v -1.491142 0.550088 2.017862
v -1.495426 0.551536 2.056400
v -1.500072 0.554041 2.096297
v -1.505208 0.557454 2.137518
v -1.505827 0.558798 2.180732
v -1.503143 0.558502 2.225317
v -1.500563 0.558336 2.270643
v -1.501086 0.559907 2.316504
v -1.510092 0.566194 2.363073
v -1.519587 0.572749 2.410815
v -1.526506 0.577799 2.459475
v -1.519994 0.575070 2.507591
v -1.514105 0.572391 2.555605
v -1.508800 0.569729 2.603631
v -1.504061 0.567169 2.651788
v -1.499867 0.564818 2.700065
v -1.496495 0.562961 2.748493
v -1.501830 0.566606 2.799626
v -1.507117 0.570611 2.851167
v -1.512176 0.574977 2.902975
v -1.516797 0.579691 2.954901
v -1.520736 0.584750 3.006792
v -1.512446 0.582528 3.052436
v -1.498412 0.577289 3.093944
v -1.484793 0.573454 3.134407
v -1.471311 0.571202 3.173776
v -1.452861 0.567177 3.208378
v -1.429794 0.561818 3.237716
v -1.485805 0.527548 1.902198
v -1.487235 0.522606 1.939709
v -1.491267 0.520787 1.976943
v -1.495341 0.520379 2.015226
v -1.499649 0.521180 2.054648
v -1.504346 0.523048 2.095239
v -1.509573 0.525836 2.137016
v -1.510126 0.526773 2.180711
v -1.507276 0.526272 2.225700
v -1.504569 0.525968 2.271351
v -1.503590 0.526584 2.317518
v -1.512959 0.532333 2.364250
v -1.522884 0.538361 2.412129
v -1.527370 0.541616 2.460723
v -1.520823 0.539151 2.508844
v -1.514989 0.536741 2.556864
v -1.509835 0.534346 2.604906
v -1.505338 0.532048 2.653100
v -1.501730 0.530098 2.701507
v -1.507504 0.533204 2.752489
v -1.513428 0.536667 2.804062
v -1.519330 0.540519 2.856115
v -1.525016 0.544778 2.908526
v -1.530261 0.549445 2.961170
v -1.534800 0.554538 3.013921
v -1.521052 0.549639 3.057649
v -1.506795 0.545309 3.100002
v -1.492903 0.542377 3.141521
v -1.477145 0.539718 3.180864
v -1.452434 0.532657 3.212502
v -1.428713 0.528069 3.242974
v -1.495157 0.500550 1.893062
v -1.495102 0.494883 1.932702
v -1.495314 0.491033 1.972517
v -1.499326 0.490223 2.011807
v -1.503598 0.490571 2.052070
v -1.508300 0.491943 2.093365
v -1.513581 0.494203 2.135746
v -1.513623 0.494623 2.180036
v -1.510580 0.493965 2.225480
v -1.507719 0.493560 2.271502
v -1.505162 0.493395 2.318026
v -1.514850 0.498623 2.364976
v -1.525158 0.504132 2.413052
v -1.527431 0.506039 2.461671
v -1.520833 0.503835 2.509881
v -1.515037 0.501684 2.557998
v -1.510015 0.499543 2.606149
v -1.505958 0.497594 2.654508
v -1.511890 0.500186 2.705241
v -1.518173 0.503080 2.756694
v -1.524646 0.506337 2.808787
v -1.531129 0.510004 2.861432
v -1.537413 0.514109 2.914532
v -1.543257 0.518671 2.967984
v -1.544161 0.521502 3.019729
v -1.529105 0.516747 3.063654
v -1.514675 0.513189 3.106880
v -1.500597 0.510977 3.149431
v -1.476290 0.504087 3.184349
v -1.451139 0.497924 3.216772
v -1.427023 0.493930 3.248140
v -1.504740 0.472197 1.883806
v -1.504471 0.466669 1.924871
v -1.503279 0.462320 1.966368
v -1.503200 0.459677 2.007857
v -1.507403 0.459712 2.048908
v -1.512082 0.460696 2.090900
v -1.517392 0.462512 2.133901
v -1.516430 0.462343 2.178875
v -1.513173 0.461584 2.224790
v -1.510139 0.461117 2.271206
v -1.507430 0.460911 2.318067
v -1.515937 0.465074 2.365318
v -1.526584 0.470070 2.413635
v -1.526901 0.471010 2.462352
v -1.520241 0.469060 2.510721
v -1.514470 0.467161 2.559010
v -1.509699 0.465320 2.607366
v -1.515503 0.467486 2.657809
v -1.521850 0.469859 2.709049
v -1.528598 0.472524 2.761033
v -1.535580 0.475551 2.813705
v -1.542604 0.478996 2.866997
v -1.549449 0.482898 2.920838
v -1.555862 0.487289 2.975148
v -1.552060 0.487818 3.025542
v -1.536847 0.483791 3.070231
v -1.522282 0.480888 3.114328
v -1.501396 0.475823 3.153818
v -1.474638 0.468676 3.187989
v -1.449217 0.463256 3.221042
v -1.424894 0.459740 3.253109
v -1.514466 0.442677 1.874651
v -1.513972 0.437430 1.916971
v -1.512559 0.433247 1.959625
v -1.510546 0.429999 2.002659
v -1.511181 0.428592 2.045415
v -1.515825 0.429269 2.088069
v -1.521147 0.430714 2.131673
v -1.518640 0.429933 2.177390
v -1.515157 0.429133 2.223760
v -1.511938 0.428648 2.270568
v -1.509087 0.428438 2.317773
v -1.516374 0.431694 2.365342
v -1.527180 0.436134 2.413925
v -1.525963 0.436469 2.462801
v -1.519236 0.434768 2.511383
v -1.513476 0.433112 2.559901
v -1.518844 0.434964 2.610089
v -1.524965 0.436918 2.661084
v -1.531684 0.439061 2.712876
v -1.538852 0.441481 2.765435
v -1.546298 0.444252 2.818721
v -1.553819 0.447435 2.872690
v -1.561183 0.451082 2.927292
v -1.568126 0.455232 2.982471
v -1.559850 0.454076 3.031707
v -1.544495 0.450695 3.077153
v -1.528044 0.447584 3.121134
v -1.499465 0.439934 3.156972
v -1.472484 0.433656 3.191607
v -1.446908 0.428889 3.225162
v -1.422498 0.425788 3.257768
v -1.523478 0.411783 1.866132
v -1.523577 0.407184 1.909234
v -1.521960 0.403262 1.952934
v -1.519754 0.400178 1.996935
v -1.517248 0.397839 2.041292
v -1.519644 0.397625 2.085073
v -1.524204 0.398552 2.129355
v -1.520329 0.397411 2.175726
v -1.516618 0.396631 2.222512
v -1.513207 0.396170 2.269686
v -1.510209 0.395984 2.317226
v -1.516297 0.398488 2.365113
v -1.522802 0.401113 2.413837
v -1.523135 0.401884 2.462953
v -1.517976 0.400899 2.511885
v -1.522377 0.402449 2.561932
v -1.528002 0.404109 2.612718
v -1.534399 0.405844 2.664296
v -1.540067 0.407327 2.716369
v -1.545933 0.408958 2.769058
v -1.552328 0.410965 2.822452
v -1.559065 0.413422 2.876548
v -1.565924 0.416392 2.931340
v -1.572651 0.419934 2.986820
v -1.559881 0.417454 3.034611
v -1.544307 0.414525 3.080378
v -1.526039 0.411244 3.123848
v -1.497243 0.404594 3.160040
v -1.470107 0.399134 3.195049
v -1.444444 0.394982 3.228998
v -1.420016 0.392270 3.262022
v -1.531490 0.379565 1.858459
v -1.533285 0.375935 1.901762
v -1.531486 0.372364 1.946411
v -1.529104 0.369534 1.991292
v -1.526436 0.367370 2.036467
v -1.523740 0.365806 2.081990
v -1.525687 0.365888 2.127199
v -1.521557 0.364832 2.173981
v -1.517638 0.364126 2.221132
v -1.516831 0.364404 2.268474
v -1.516849 0.365026 2.316323
v -1.517777 0.365941 2.364698
v -1.519677 0.367088 2.413615
v -1.522582 0.368404 2.463094
v -1.520196 0.368277 2.512579
v -1.522871 0.369166 2.562801
v -1.526615 0.370076 2.613615
v -1.531350 0.371069 2.665112
v -1.536975 0.372236 2.717322
v -1.543361 0.373664 2.770259
v -1.550347 0.375433 2.823935
v -1.557740 0.377617 2.878362
v -1.565313 0.380282 2.933551
v -1.572799 0.383488 2.989509
v -1.556815 0.380454 3.036248
v -1.541508 0.378060 3.082379
v -1.523913 0.375507 3.126478
v -1.494955 0.369816 3.162957
v -1.467716 0.365139 3.198261
v -1.442012 0.361575 3.232516
v -1.417610 0.359239 3.265858
v -1.539687 0.346544 1.851172
v -1.543057 0.343758 1.894638
v -1.541105 0.340624 1.940142
v -1.538572 0.338128 1.985821
v -1.535436 0.336144 2.031816
v -1.531162 0.334453 2.078309
v -1.530328 0.333916 2.124534
v -1.528142 0.333437 2.171517
v -1.524100 0.332846 2.219171
v -1.519858 0.332417 2.267196
v -1.516670 0.332335 2.315506
v -1.515058 0.332632 2.364152
v -1.526671 0.335568 2.413585
v -1.522147 0.335202 2.463119
v -1.515809 0.334327 2.512551
v -1.518648 0.335091 2.562986
v -1.522632 0.335865 2.614024
v -1.527683 0.336704 2.665745
v -1.533697 0.337686 2.718183
v -1.540541 0.338892 2.771362
v -1.548052 0.340395 2.825305
v -1.556030 0.342265 2.880035
v -1.564240 0.344565 2.935575
v -1.570253 0.346842 2.991113
v -1.553813 0.344207 3.037864
v -1.538754 0.342280 3.084298
v -1.521864 0.340351 3.128973
v -1.492787 0.335592 3.165680
v -1.465483 0.331676 3.201212
v -1.439770 0.328686 3.235697
v -1.415419 0.326719 3.269273
v -1.538861 0.311021 1.848376
v -1.543600 0.309017 1.891474
v -1.541854 0.306503 1.937155
v -1.539880 0.304572 1.982935
v -1.536577 0.302934 2.029257
v -1.532228 0.301562 2.076043
v -1.531882 0.301223 2.122466
v -1.525622 0.300194 2.170247
v -1.520196 0.299539 2.218177
v -1.515755 0.299217 2.266328
v -1.512420 0.299181 2.314763
v -1.514087 0.299988 2.363549
v -1.525853 0.302380 2.413236
v -1.520906 0.302054 2.463006
v -1.513906 0.301277 2.512646
v -1.514497 0.301527 2.563070
v -1.518684 0.302157 2.614320
v -1.524003 0.302833 2.666251
v -1.530349 0.303623 2.718901
v -1.537586 0.304593 2.772302
v -1.545548 0.305808 2.826483
v -1.554031 0.307331 2.881476
v -1.562795 0.309220 2.937315
v -1.567312 0.310725 2.992407
v -1.551045 0.308636 3.039377
v -1.536204 0.307128 3.086056
v -1.520066 0.305738 3.131271
v -1.490901 0.301901 3.168156
v -1.463557 0.298738 3.203860
v -1.437854 0.296319 3.238511
v -1.413564 0.294723 3.272252
v -1.531528 0.274699 1.849050
v -1.537184 0.273345 1.891491
v -1.535076 0.271416 1.937094
v -1.532763 0.269936 1.982800
v -1.532506 0.269125 2.028252
v -1.532521 0.268671 2.074187
v -1.527664 0.267876 2.121523
v -1.522898 0.267325 2.169154
v -1.518403 0.266990 2.217101
v -1.514332 0.266837 2.265375
v -1.510812 0.266831 2.313987
v -1.512986 0.267533 2.362957
v -1.524872 0.269362 2.412860
v -1.519812 0.269130 2.462848
v -1.512759 0.268561 2.512722
v -1.510515 0.268415 2.563055
v -1.514868 0.268894 2.614486
v -1.520406 0.269402 2.666597
v -1.527025 0.269993 2.719427
v -1.534586 0.270719 2.773012
v -1.542919 0.271633 2.827389
v -1.551819 0.272786 2.882594
v -1.561042 0.274228 2.938669
v -1.564779 0.275222 2.993557
v -1.548653 0.273656 3.040701
v -1.533994 0.272537 3.087569
v -1.518671 0.271612 3.133305
v -1.489442 0.268701 3.170324
v -1.462071 0.266297 3.206153
v -1.436383 0.264455 3.240920
v -1.412152 0.263238 3.274772
v -1.524078 0.239223 1.850443
v -1.530435 0.238408 1.892239
v -1.530508 0.237334 1.936848
v -1.533763 0.236859 1.980864
v -1.537480 0.236673 2.025525
v -1.532573 0.235956 2.072747
v -1.525355 0.235248 2.120587
v -1.518668 0.234752 2.168510
v -1.518034 0.234877 2.216114
v -1.513858 0.234797 2.264540
v -1.510253 0.234817 2.313309
v -1.511818 0.235263 2.362444
v -1.523790 0.236506 2.412512
v -1.518918 0.236383 2.462683
v -1.511824 0.236012 2.512744
v -1.506785 0.235699 2.562945
v -1.511264 0.236021 2.614507
v -1.516972 0.236359 2.666747
v -1.523799 0.236749 2.719706
v -1.531610 0.237228 2.773424
v -1.540229 0.237835 2.827938
v -1.549452 0.238605 2.883292
v -1.559031 0.239576 2.939529
v -1.562778 0.240223 2.994470
v -1.546759 0.239173 3.041740
v -1.532238 0.238427 3.088740
v -1.517812 0.237895 3.134997
v -1.488533 0.235927 3.172114
v -1.461141 0.234299 3.208031
v -1.435464 0.233051 3.242876
v -1.411276 0.232225 3.276800
v -1.520678 0.204929 1.850767
v -1.532705 0.204803 1.890217
v -1.535726 0.204398 1.934014
v -1.538989 0.204158 1.978328
v -1.537218 0.203824 2.024576
v -1.529826 0.203366 2.072342
v -1.522288 0.203011 2.120203
v -1.515476 0.202774 2.168117
v -1.510072 0.202660 2.216136
v -1.511001 0.202845 2.264115
v -1.509475 0.202952 2.312851
v -1.510630 0.203171 2.362083
v -1.520712 0.203728 2.412186
v -1.518260 0.203768 2.462551
v -1.511139 0.203587 2.512734
v -1.505330 0.203402 2.562974
v -1.507934 0.203486 2.614365
v -1.513757 0.203654 2.666665
v -1.520729 0.203846 2.719686
v -1.528710 0.204082 2.773465
v -1.537527 0.204382 2.828045
v -1.546970 0.204766 2.883469
v -1.556793 0.205253 2.939784
v -1.561407 0.205610 2.995047
v -1.545458 0.205080 3.042393
v -1.531026 0.204704 3.089470
v -1.517596 0.204487 3.136263
v -1.488277 0.203489 3.173447
v -1.460864 0.202663 3.209424
v -1.435184 0.202029 3.244322
v -1.411015 0.201610 3.278293
v -1.523692 0.171238 1.849030
v -1.537994 0.171238 1.887794
v -1.541075 0.171238 1.931862
v -1.541178 0.171238 1.977334
v -1.535111 0.171238 2.024714
v -1.526998 0.171238 2.072557
v -1.519392 0.171238 2.120347
v -1.512521 0.171238 2.168194
v -1.506575 0.171238 2.216194
v -1.502812 0.171238 2.264368
v -1.504809 0.171238 2.312799
v -1.508006 0.171238 2.361942
v -1.512442 0.171238 2.411832
v -1.517856 0.171238 2.462488
v -1.510727 0.171238 2.512711
v -1.504916 0.171238 2.562993
v -1.504921 0.171238 2.614043
v -1.510806 0.171238 2.666317
v -1.517854 0.171238 2.719311
v -1.525924 0.171238 2.773066
v -1.534842 0.171238 2.827622
v -1.544399 0.171238 2.883024
v -1.554347 0.171238 2.939320
v -1.560741 0.171238 2.995187
v -1.544821 0.171238 3.042554
v -1.530426 0.171238 3.089651
v -1.517320 0.171238 3.136607
v -1.488756 0.171238 3.174238
v -1.461314 0.171238 3.210255
v -1.435611 0.171238 3.245191
v -1.411476 0.171238 3.279242
v -1.517585 0.137704 1.852133
v -1.535201 0.137552 1.889263
v -1.543132 0.137729 1.931579
v -1.539860 0.138278 1.978083
v -1.532383 0.138867 2.025720
v -1.524280 0.139350 2.073430
v -1.516683 0.139702 2.121092
v -1.509819 0.139936 2.168813
v -1.503879 0.140068 2.216690
v -1.499021 0.140112 2.264804
v -1.497318 0.140006 2.313177
v -1.504325 0.139553 2.362064
v -1.504432 0.139385 2.411662
v -1.510118 0.139026 2.462055
v -1.510595 0.138911 2.512686
v -1.504790 0.139096 2.562911
v -1.502253 0.139216 2.613531
v -1.508144 0.139049 2.665677
v -1.515198 0.138857 2.718547
v -1.523273 0.138622 2.772178
v -1.532195 0.138324 2.826612
v -1.541754 0.137942 2.881892
v -1.551702 0.137457 2.938062
v -1.560815 0.136894 2.994824
v -1.544883 0.137425 3.042153
v -1.530468 0.137801 3.089212
v -1.517337 0.138004 3.136130
v -1.490001 0.138887 3.174425
v -1.462520 0.139712 3.210467
v -1.436768 0.140344 3.245434
v -1.412523 0.140761 3.279478
v -1.511496 0.104507 1.855994
v -1.528691 0.104235 1.892905
v -1.536562 0.104581 1.934857
v -1.537965 0.105239 1.979685
v -1.529720 0.106483 2.027364
v -1.521707 0.107449 2.074882
v -1.514191 0.108164 2.122359
v -1.507398 0.108652 2.169901
v -1.501517 0.108939 2.217599
v -1.496708 0.109052 2.265532
v -1.496258 0.108768 2.313688
v -1.502981 0.107909 2.362419
v -1.500797 0.107772 2.411774
v -1.502394 0.107386 2.461677
v -1.509310 0.106661 2.512519
v -1.504946 0.106923 2.562728
v -1.500442 0.107318 2.612912
v -1.505787 0.107022 2.664771
v -1.512779 0.106634 2.717428
v -1.520779 0.106158 2.770849
v -1.529611 0.105557 2.825073
v -1.539066 0.104792 2.880138
v -1.548896 0.103828 2.936089
v -1.558811 0.102629 2.992972
v -1.545614 0.103416 3.041261
v -1.531129 0.104164 3.088226
v -1.517907 0.104571 3.135046
v -1.491959 0.106159 3.174063
v -1.464432 0.107780 3.210109
v -1.438612 0.109020 3.245090
v -1.414272 0.109837 3.279157
v -1.505484 0.071605 1.860523
v -1.521961 0.071286 1.897301
v -1.529792 0.071784 1.938832
v -1.535219 0.072213 1.982110
v -1.527151 0.074047 2.029522
v -1.519302 0.075487 2.076790
v -1.511933 0.076566 2.124028
v -1.505269 0.077320 2.171339
v -1.499499 0.077782 2.218810
v -1.494777 0.077989 2.266516
v -1.495237 0.077501 2.314415
v -1.501470 0.076307 2.362928
v -1.499321 0.076130 2.412044
v -1.497962 0.075924 2.461516
v -1.501857 0.075205 2.511742
v -1.505363 0.074675 2.562442
v -1.500843 0.075269 2.612408
v -1.503737 0.075107 2.663632
v -1.510603 0.074521 2.716009
v -1.518450 0.073801 2.769151
v -1.527104 0.072895 2.823092
v -1.536354 0.071751 2.877868
v -1.545956 0.070320 2.933516
v -1.555622 0.068555 2.990078
v -1.546951 0.069071 3.039984
v -1.532345 0.070193 3.086800
v -1.516578 0.071201 3.132225
v -1.490929 0.073524 3.171174
v -1.466875 0.075321 3.209199
v -1.441054 0.077132 3.244217
v -1.416595 0.078331 3.278279
v -1.499587 0.039041 1.865638
v -1.515078 0.038771 1.902344
v -1.522879 0.039398 1.943392
v -1.530537 0.039547 1.985562
v -1.524691 0.041586 2.032081
v -1.517072 0.043471 2.079034
v -1.509912 0.044901 2.125978
v -1.503431 0.045918 2.173011
v -1.497815 0.046564 2.220215
v -1.493217 0.046880 2.267658
v -1.494225 0.046198 2.315274
v -1.499779 0.044760 2.363519
v -1.497674 0.044561 2.412342
v -1.496331 0.044317 2.461506
v -1.495774 0.044083 2.511009
v -1.502687 0.042840 2.561656
v -1.501458 0.043105 2.611746
v -1.501977 0.043255 2.662298
v -1.508656 0.042471 2.714344
v -1.516278 0.041508 2.767155
v -1.524670 0.040301 2.820758
v -1.533623 0.038788 2.875183
v -1.542895 0.036910 2.930460
v -1.552202 0.034614 2.986620
v -1.548802 0.034281 3.038425
v -1.534032 0.035791 3.085036
v -1.514636 0.037894 3.128451
v -1.489118 0.040973 3.167130
v -1.465163 0.043360 3.204884
v -1.442542 0.044981 3.241836
v -1.419398 0.046184 3.276876
v -1.493832 0.006879 1.871268
v -1.508098 0.006774 1.907939
v -1.515869 0.007498 1.948431
v -1.523492 0.007639 1.990062
v -1.522342 0.009132 2.034932
v -1.515013 0.011418 2.081505
v -1.508115 0.013167 2.128099
v -1.501865 0.014429 2.174809
v -1.496443 0.015254 2.221710
v -1.492002 0.015684 2.268859
v -1.493176 0.014861 2.316179
v -1.497885 0.013282 2.364123
v -1.495830 0.013077 2.412613
v -1.494503 0.012811 2.461428
v -1.493925 0.012549 2.510562
v -1.495728 0.012025 2.560217
v -1.502235 0.010783 2.610944
v -1.500475 0.011413 2.660805
v -1.506909 0.010435 2.712488
v -1.514238 0.009234 2.764932
v -1.522290 0.007735 2.818158
v -1.530860 0.005870 2.872185
v -1.539708 0.003575 2.927033
v -1.548559 0.000793 2.982721
v -1.551051 -0.001052 3.036680
v -1.536082 0.000877 3.083031
v -1.513207 0.004423 3.124438
v -1.487828 0.008263 3.162807
v -1.463971 0.011244 3.200242
v -1.441408 0.013280 3.236865
v -1.419858 0.014278 3.272810
v -1.488232 -0.024790 1.877350
v -1.501061 -0.024605 1.913995
v -1.508796 -0.023829 1.953856
v -1.516373 -0.023736 1.994873
v -1.520093 -0.023269 2.037978
v -1.513106 -0.020645 2.084100
v -1.506517 -0.018629 2.130288
v -1.500538 -0.017158 2.176630
v -1.495346 -0.016175 2.223196
v -1.491089 -0.015638 2.270029
v -1.492035 -0.016509 2.317050
v -1.495755 -0.018113 2.364670
v -1.493753 -0.018312 2.412801
v -1.492438 -0.018586 2.461242
v -1.491830 -0.018862 2.509981
v -1.491923 -0.019063 2.559020
v -1.497743 -0.020409 2.609197
v -1.499543 -0.020565 2.659255
v -1.505315 -0.021641 2.710493
v -1.512286 -0.023072 2.762552
v -1.519926 -0.024847 2.815377
v -1.528033 -0.027039 2.868973
v -1.536374 -0.029713 2.923345
v -1.544679 -0.032928 2.978498
v -1.552637 -0.036739 3.034437
v -1.538363 -0.034618 3.080872
v -1.512175 -0.029286 3.120269
v -1.486952 -0.024671 3.158278
v -1.463204 -0.021078 3.195340
v -1.440701 -0.018611 3.231572
v -1.419228 -0.017407 3.267155
v -1.482787 -0.055859 1.883830
v -1.494000 -0.055251 1.920433
v -1.501685 -0.054476 1.959579
v -1.509198 -0.054486 1.999905
v -1.516714 -0.055203 2.041420
v -1.511319 -0.052688 2.086730
v -1.505078 -0.050475 2.132451
v -1.499403 -0.048851 2.178380
v -1.494469 -0.047747 2.224580
v -1.490417 -0.047123 2.271081
v -1.490732 -0.047903 2.317808
v -1.493344 -0.049411 2.365094
v -1.491394 -0.049593 2.412854
v -1.490086 -0.049863 2.460910
v -1.489439 -0.050138 2.509243
v -1.489443 -0.050337 2.557852
v -1.493154 -0.051328 2.607298
v -1.500279 -0.053143 2.657905
v -1.503808 -0.053816 2.708412
v -1.510361 -0.055464 2.760084
v -1.517521 -0.057495 2.812496
v -1.525093 -0.059982 2.865638
v -1.532851 -0.062988 2.919500
v -1.540534 -0.066567 2.974065
v -1.547839 -0.070775 3.029323
v -1.538051 -0.069793 3.077345
v -1.511403 -0.063290 3.116016
v -1.486364 -0.057869 3.153611
v -1.462745 -0.053637 3.190237
v -1.440318 -0.050713 3.226006
v -1.420494 -0.050015 3.262408
v -1.477481 -0.086228 1.890664
v -1.486929 -0.085058 1.927183
v -1.494543 -0.084345 1.965523
v -1.501966 -0.084523 2.005074
v -1.509372 -0.085493 2.045848
v -1.509604 -0.084674 2.089311
v -1.503743 -0.082358 2.134505
v -1.498399 -0.080655 2.179975
v -1.493742 -0.079484 2.225779
v -1.489912 -0.078807 2.271934
v -1.489187 -0.079312 2.318381
v -1.490592 -0.080595 2.365330
v -1.488691 -0.080755 2.412718
v -1.487383 -0.081009 2.460395
v -1.486685 -0.081272 2.508327
v -1.488768 -0.082201 2.556787
v -1.492375 -0.083353 2.605892
v -1.496921 -0.084636 2.655723
v -1.502300 -0.086153 2.706295
v -1.508378 -0.088001 2.757593
v -1.514998 -0.090261 2.809595
v -1.521971 -0.093003 2.862273
v -1.529079 -0.096283 2.915597
v -1.536072 -0.100149 2.969530
v -1.542659 -0.104652 3.024040
v -1.537100 -0.105136 3.073516
v -1.510730 -0.097631 3.111743
v -1.485913 -0.091359 3.148864
v -1.462460 -0.086448 3.184980
v -1.440138 -0.083034 3.220202
v -1.421559 -0.082811 3.257003
v -1.471893 -0.115741 1.897956
v -1.479817 -0.114013 1.934153
v -1.487335 -0.113414 1.971582
v -1.494642 -0.113811 2.010267
v -1.501910 -0.115088 2.050224
v -1.506271 -0.115968 2.092066
v -1.502441 -0.114277 2.136350
v -1.497446 -0.112582 2.181320
v -1.493080 -0.111411 2.226705
v -1.489478 -0.110729 2.272507
v -1.487307 -0.110721 2.318696
v -1.487433 -0.111648 2.365314
v -1.485573 -0.111785 2.412344
v -1.484520 -0.112118 2.459675
v -1.485871 -0.113182 2.507440
v -1.488248 -0.114369 2.555638
v -1.491571 -0.115633 2.604426
v -1.495750 -0.117048 2.653944
v -1.498015 -0.117632 2.703584
v -1.505449 -0.120421 2.754938
v -1.512257 -0.123202 2.806751
v -1.518574 -0.126149 2.858968
v -1.524976 -0.129636 2.911740
v -1.531224 -0.133702 2.965009
v -1.537037 -0.138391 3.018719
v -1.533182 -0.139569 3.068397
v -1.509952 -0.132339 3.107535
v -1.485408 -0.125160 3.144113
v -1.462168 -0.119516 3.179637
v -1.439999 -0.115568 3.214213
v -1.422319 -0.115714 3.250992
v -1.464854 -0.143726 1.906044
v -1.472646 -0.142068 1.941130
v -1.480017 -0.141658 1.977515
v -1.487164 -0.142342 2.015239
v -1.494255 -0.143985 2.054318
v -1.501439 -0.146469 2.094751
v -1.498315 -0.145083 2.138269
v -1.494994 -0.144054 2.182463
v -1.491766 -0.143317 2.227298
v -1.488758 -0.142838 2.272716
v -1.486071 -0.142597 2.318636
v -1.484750 -0.142982 2.364981
v -1.484009 -0.143577 2.411745
v -1.484241 -0.144478 2.458899
v -1.485448 -0.145606 2.506434
v -1.487598 -0.146877 2.554384
v -1.490603 -0.148244 2.602918
v -1.494374 -0.149783 2.652180
v -1.497663 -0.151060 2.701890
v -1.497543 -0.150807 2.751116
v -1.506763 -0.155221 2.803316
v -1.514785 -0.159485 2.855834
v -1.520434 -0.163110 2.908068
v -1.525890 -0.167286 2.960673
v -1.530152 -0.171663 3.013230
v -1.523325 -0.171150 3.060705
v -1.508774 -0.167427 3.103569
v -1.484573 -0.159250 3.139544
v -1.461006 -0.152406 3.173963
v -1.436555 -0.146212 3.205830
v -1.415824 -0.143923 3.238832
v -1.457868 -0.170485 1.914097
v -1.465431 -0.169029 1.947866
v -1.472564 -0.168952 1.983051
v -1.479473 -0.170049 2.019714
v -1.486328 -0.172156 2.057873
v -1.493265 -0.175146 2.097497
v -1.493368 -0.175439 2.139728
v -1.490261 -0.174588 2.183337
v -1.487212 -0.173975 2.227673
v -1.484350 -0.173569 2.272671
v -1.482069 -0.173507 2.318225
v -1.484309 -0.175680 2.364264
v -1.483568 -0.176320 2.410863
v -1.483717 -0.177269 2.457864
v -1.484757 -0.178457 2.505243
v -1.486649 -0.179805 2.553025
v -1.489301 -0.181269 2.601384
v -1.492624 -0.182921 2.650464
v -1.496523 -0.184858 2.700242
v -1.493488 -0.183171 2.748582
v -1.497973 -0.185719 2.799191
v -1.506469 -0.190868 2.851581
v -1.514720 -0.196447 2.904496
v -1.519942 -0.200980 2.956709
v -1.519897 -0.203214 3.006829
v -1.512942 -0.202225 3.053411
v -1.495092 -0.195506 3.093295
v -1.472149 -0.186481 3.128474
v -1.449136 -0.178425 3.161520
v -1.425875 -0.171490 3.192298
v -1.406523 -0.169067 3.224321
v -1.450921 -0.195855 1.921919
v -1.458157 -0.194736 1.954124
v -1.464945 -0.195160 1.987932
v -1.471516 -0.196846 2.023438
v -1.478050 -0.199559 2.060644
v -1.484678 -0.203155 2.099476
v -1.487831 -0.205480 2.140476
v -1.484911 -0.204869 2.183554
v -1.482018 -0.204423 2.227441
v -1.479277 -0.204120 2.272069
v -1.478436 -0.204877 2.317272
v -1.483474 -0.208876 2.363094
v -1.482711 -0.209572 2.409606
v -1.482755 -0.210571 2.456537
v -1.483600 -0.211817 2.503850
v -1.485202 -0.213238 2.551561
v -1.487463 -0.214791 2.599842
v -1.490297 -0.216546 2.648831
v -1.493618 -0.218589 2.698492
v -1.491271 -0.217299 2.746984
v -1.488821 -0.216069 2.795382
v -1.496544 -0.221471 2.847312
v -1.503998 -0.227253 2.899668
v -1.510959 -0.233395 2.952296
v -1.508952 -0.234397 3.001012
v -1.501894 -0.232835 3.046766
v -1.480056 -0.221940 3.083157
v -1.458356 -0.211904 3.117419
v -1.436714 -0.202918 3.149435
v -1.414900 -0.195194 3.179055
v -1.396965 -0.192476 3.209791
v -1.443995 -0.219832 1.929238
v -1.450710 -0.219261 1.959492
v -1.457069 -0.220233 1.991749
v -1.463225 -0.222653 2.026136
v -1.469335 -0.226154 2.062389
v -1.475574 -0.230481 2.100468
v -1.481607 -0.235226 2.140310
v -1.478835 -0.234910 2.182945
v -1.476066 -0.234668 2.226465
v -1.473420 -0.234491 2.270802
v -1.473917 -0.236218 2.315727
v -1.482027 -0.242649 2.361404
v -1.481216 -0.243412 2.407924
v -1.481127 -0.244466 2.454884
v -1.481746 -0.245768 2.502239
v -1.483021 -0.247257 2.549993
v -1.484852 -0.248893 2.598308
v -1.487155 -0.250740 2.647314
v -1.489858 -0.252871 2.696959
v -1.487944 -0.251953 2.745656
v -1.484344 -0.249985 2.793745
v -1.486070 -0.251981 2.843565
v -1.492695 -0.257917 2.895478
v -1.498829 -0.264129 2.947550
v -1.497143 -0.265256 2.995991
v -1.484618 -0.258883 3.038026
v -1.463949 -0.246836 3.073637
v -1.443659 -0.235728 3.107036
v -1.423537 -0.225768 3.138098
v -1.403395 -0.217321 3.166466
v -1.387147 -0.214177 3.195608
v -1.437524 -0.240975 1.935274
v -1.443261 -0.241827 1.963257
v -1.448882 -0.243946 1.993913
v -1.454471 -0.247466 2.027407
v -1.460056 -0.251945 2.062809
v -1.465829 -0.257121 2.100235
v -1.471886 -0.262878 2.139503
v -1.471908 -0.264728 2.181333
v -1.469224 -0.264717 2.224603
v -1.466639 -0.264683 2.268755
v -1.468331 -0.267515 2.313503
v -1.473185 -0.272475 2.359137
v -1.473985 -0.274475 2.405599
v -1.475241 -0.276641 2.452635
v -1.476921 -0.278933 2.500171
v -1.478958 -0.281296 2.548187
v -1.481189 -0.283651 2.596799
v -1.482921 -0.285576 2.645945
v -1.484966 -0.287775 2.695693
v -1.483226 -0.287165 2.744660
v -1.479152 -0.284842 2.792775
v -1.475344 -0.282875 2.840653
v -1.480636 -0.288541 2.892083
v -1.485929 -0.294769 2.943769
v -1.484269 -0.295828 2.991982
v -1.465974 -0.283260 3.030023
v -1.446599 -0.270057 3.065033
v -1.427817 -0.257803 3.097723
v -1.409350 -0.246670 3.128114
v -1.391297 -0.237207 3.155369
v -1.377431 -0.233155 3.182923
v -1.431316 -0.259685 1.940080
v -1.435715 -0.262560 1.965443
v -1.440238 -0.266406 1.994177
v -1.445062 -0.271359 2.026798
v -1.450049 -0.276970 2.061571
v -1.455300 -0.283088 2.098519
v -1.460894 -0.289639 2.137449
v -1.460777 -0.291902 2.179016
v -1.459852 -0.293431 2.221876
v -1.458779 -0.294693 2.265813
v -1.458989 -0.296789 2.310605
v -1.459157 -0.298692 2.356226
v -1.459755 -0.300765 2.402531
v -1.460769 -0.303002 2.449425
v -1.462159 -0.305375 2.496826
v -1.463849 -0.307839 2.544712
v -1.465718 -0.310353 2.593204
v -1.467702 -0.312956 2.642390
v -1.469757 -0.315691 2.692173
v -1.471826 -0.318584 2.742405
v -1.472255 -0.320227 2.792333
v -1.467931 -0.317811 2.840315
v -1.467605 -0.319224 2.889644
v -1.472049 -0.325424 2.941153
v -1.464763 -0.321074 2.986223
v -1.445899 -0.305870 3.023024
v -1.427830 -0.291463 3.057654
v -1.410562 -0.277979 3.089902
v -1.393957 -0.265533 3.119777
v -1.378535 -0.254853 3.145836
v -1.367691 -0.249687 3.171724
v -1.403227 -0.253875 1.906021
v -1.384516 -0.254574 1.893997
v -1.368474 -0.259826 1.879335
v -1.351216 -0.267181 1.863448
v -1.333150 -0.275362 1.847555
v -1.314234 -0.284183 1.831605
v -1.294546 -0.293510 1.815660
v -1.274222 -0.303163 1.799856
v -1.253216 -0.313028 1.784246
v -1.226755 -0.315239 1.774921
v -1.199472 -0.315304 1.767812
v -1.170606 -0.310299 1.765329
v -1.144691 -0.309191 1.760383
v -1.120000 -0.308989 1.755297
v -1.096075 -0.308525 1.751002
v -1.072841 -0.307815 1.747468
v -1.049731 -0.306873 1.744615
v -1.026158 -0.305732 1.742356
v -1.002436 -0.300675 1.743909
v -0.979682 -0.290514 1.750412
v -0.957621 -0.280575 1.757282
v -0.936217 -0.270937 1.764443
v -0.915468 -0.261671 1.771831
v -0.895348 -0.252822 1.779394
v -0.875669 -0.244384 1.787137
v -0.854203 -0.239683 1.792075
v -0.832416 -0.236084 1.796651
v -0.810979 -0.232783 1.801702
v -0.790106 -0.229755 1.807453
v -0.772998 -0.225853 1.815074
v -0.757341 -0.223145 1.822624
v -1.402912 -0.233539 1.896413
v -1.382602 -0.232503 1.881429
v -1.366166 -0.236489 1.864113
v -1.348624 -0.242205 1.846855
v -1.330476 -0.249037 1.829979
v -1.311613 -0.256696 1.813263
v -1.292111 -0.265004 1.796741
v -1.272057 -0.273752 1.780471
v -1.251387 -0.282788 1.764443
v -1.229993 -0.292053 1.748646
v -1.203779 -0.294297 1.739614
v -1.175591 -0.291774 1.735548
v -1.147629 -0.286925 1.734334
v -1.122249 -0.285092 1.730990
v -1.098340 -0.284729 1.726827
v -1.075121 -0.284105 1.723396
v -1.052031 -0.283224 1.720603
v -1.028488 -0.282124 1.718369
v -1.004658 -0.278315 1.719196
v -0.981810 -0.268658 1.726318
v -0.959665 -0.259210 1.733798
v -0.938179 -0.250056 1.741568
v -0.917334 -0.241270 1.749571
v -0.897102 -0.232905 1.757764
v -0.875398 -0.228126 1.762956
v -0.853255 -0.224255 1.768028
v -0.833062 -0.218426 1.776111
v -0.813288 -0.213437 1.784515
v -0.793827 -0.209531 1.793457
v -0.775354 -0.207225 1.802794
v -0.757631 -0.206293 1.812566
v -1.403496 -0.211054 1.886953
v -1.382370 -0.209309 1.869368
v -1.365100 -0.212107 1.850419
v -1.347260 -0.216563 1.832093
v -1.328910 -0.222247 1.814290
v -1.310015 -0.228872 1.796856
v -1.290614 -0.236244 1.779783
v -1.270736 -0.244145 1.763054
v -1.250297 -0.252399 1.746606
v -1.229199 -0.260928 1.730418
v -1.207409 -0.269650 1.714537
v -1.181614 -0.272316 1.705462
v -1.152999 -0.267967 1.704435
v -1.125872 -0.263355 1.704420
v -1.100856 -0.260466 1.703165
v -1.077444 -0.259930 1.699792
v -1.054163 -0.259106 1.697029
v -1.030453 -0.258040 1.694810
v -1.006839 -0.251202 1.699450
v -0.983945 -0.242803 1.706355
v -0.961620 -0.234664 1.713529
v -0.939794 -0.226868 1.720925
v -0.918311 -0.219727 1.728225
v -0.897472 -0.212559 1.736252
v -0.876781 -0.206134 1.744206
v -0.856230 -0.200338 1.752473
v -0.835863 -0.195341 1.761126
v -0.815742 -0.191294 1.770230
v -0.795842 -0.188437 1.779960
v -0.776272 -0.187118 1.790465
v -0.756771 -0.187333 1.801955
v -1.405134 -0.185980 1.877472
v -1.383353 -0.184290 1.858134
v -1.365269 -0.186535 1.838017
v -1.346970 -0.190164 1.818763
v -1.328345 -0.194938 1.800146
v -1.309357 -0.200682 1.782078
v -1.289987 -0.207217 1.764494
v -1.270203 -0.214334 1.747316
v -1.249908 -0.221851 1.730450
v -1.229017 -0.229680 1.713872
v -1.207484 -0.237734 1.697619
v -1.185264 -0.245911 1.681743
v -1.159177 -0.247763 1.673972
v -1.131181 -0.243643 1.674098
v -1.104721 -0.239279 1.675150
v -1.079833 -0.235090 1.676442
v -1.056167 -0.234322 1.673684
v -1.032155 -0.231011 1.674380
v -1.008604 -0.223004 1.681456
v -0.985680 -0.215450 1.688444
v -0.962439 -0.210809 1.692230
v -0.939204 -0.206301 1.696478
v -0.917769 -0.198445 1.705802
v -0.896929 -0.191002 1.715377
v -0.876570 -0.184037 1.725235
v -0.856578 -0.177688 1.735495
v -0.836936 -0.172119 1.746273
v -0.816659 -0.168464 1.756382
v -0.796130 -0.166219 1.766756
v -0.775502 -0.165259 1.778022
v -0.754540 -0.165781 1.790538
v -1.407383 -0.159807 1.868461
v -1.385197 -0.158268 1.847792
v -1.366412 -0.160010 1.826674
v -1.347620 -0.163000 1.806579
v -1.328701 -0.167077 1.787287
v -1.309575 -0.172096 1.768671
v -1.290172 -0.177896 1.750612
v -1.270411 -0.184292 1.732995
v -1.250189 -0.191117 1.715715
v -1.229427 -0.198276 1.698751
v -1.208067 -0.205685 1.682129
v -1.186045 -0.213240 1.665884
v -1.163041 -0.220390 1.650664
v -1.137072 -0.222381 1.643039
v -1.109500 -0.218474 1.644192
v -1.083345 -0.214300 1.646140
v -1.058166 -0.209595 1.649084
v -1.033535 -0.205303 1.651658
v -1.009146 -0.200671 1.655055
v -0.984914 -0.196067 1.658870
v -0.961011 -0.190812 1.664227
v -0.938451 -0.183090 1.673930
v -0.916540 -0.175698 1.683951
v -0.895224 -0.168708 1.694266
v -0.874408 -0.162190 1.704899
v -0.853981 -0.156278 1.715964
v -0.833867 -0.151117 1.727598
v -0.814016 -0.146832 1.739927
v -0.794377 -0.143522 1.753082
v -0.773388 -0.142397 1.765748
v -0.751285 -0.143077 1.779030
v -1.410102 -0.132544 1.859844
v -1.387721 -0.131214 1.838068
v -1.368359 -0.132605 1.816164
v -1.349128 -0.135138 1.795391
v -1.329913 -0.138678 1.775533
v -1.310612 -0.143095 1.756423
v -1.291117 -0.148247 1.737909
v -1.271320 -0.153982 1.719859
v -1.251110 -0.160154 1.702172
v -1.230409 -0.166675 1.684827
v -1.209144 -0.173457 1.667835
v -1.186166 -0.178920 1.653527
v -1.162856 -0.184550 1.639509
v -1.139104 -0.190296 1.625686
v -1.112931 -0.191142 1.620034
v -1.085805 -0.186542 1.623527
v -1.059919 -0.181985 1.627122
v -1.034675 -0.181020 1.624904
v -1.009052 -0.179338 1.624139
v -0.984049 -0.173440 1.630889
v -0.960124 -0.165996 1.640864
v -0.936957 -0.158772 1.651236
v -0.914462 -0.151856 1.661972
v -0.892566 -0.145323 1.673050
v -0.871184 -0.139244 1.684487
v -0.850206 -0.133738 1.696383
v -0.829523 -0.128928 1.708874
v -0.809037 -0.124927 1.722101
v -0.788657 -0.121832 1.736225
v -0.768278 -0.119746 1.751442
v -0.747109 -0.119218 1.767354
v -1.413250 -0.104381 1.851614
v -1.390856 -0.103323 1.828911
v -1.371020 -0.104478 1.806398
v -1.351406 -0.106667 1.785071
v -1.331904 -0.109767 1.764713
v -1.312399 -0.113661 1.745137
v -1.292768 -0.118232 1.726180
v -1.272886 -0.123356 1.707706
v -1.252639 -0.128914 1.689621
v -1.231698 -0.134593 1.672293
v -1.208997 -0.139171 1.657747
v -1.186181 -0.144070 1.643393
v -1.163096 -0.149195 1.629197
v -1.138566 -0.152612 1.618515
v -1.112255 -0.152102 1.615412
v -1.086550 -0.151191 1.613225
v -1.061718 -0.154081 1.603755
v -1.035671 -0.153161 1.601530
v -1.009234 -0.152003 1.599995
v -0.983377 -0.146798 1.606694
v -0.958683 -0.139904 1.617296
v -0.934796 -0.133201 1.628342
v -0.911613 -0.126778 1.639801
v -0.889043 -0.120712 1.651657
v -0.866999 -0.115077 1.663920
v -0.845370 -0.109972 1.676674
v -0.824030 -0.105500 1.690039
v -0.802858 -0.101760 1.704159
v -0.781741 -0.098847 1.719195
v -0.760572 -0.096864 1.735341
v -0.739252 -0.095929 1.752815
v -1.416745 -0.075589 1.843822
v -1.394507 -0.074815 1.820288
v -1.374287 -0.075772 1.797275
v -1.354344 -0.077656 1.775467
v -1.334574 -0.080358 1.754648
v -1.314858 -0.083775 1.734627
v -1.295067 -0.087811 1.715242
v -1.275068 -0.092367 1.696360
v -1.254708 -0.097317 1.677943
v -1.232040 -0.101031 1.663048
v -1.209434 -0.105136 1.648378
v -1.186732 -0.109551 1.633868
v -1.163761 -0.114180 1.619475
v -1.137459 -0.114315 1.615031
v -1.111595 -0.113862 1.612198
v -1.086751 -0.114369 1.607318
v -1.062388 -0.118083 1.595158
v -1.036493 -0.121327 1.583878
v -1.009212 -0.122842 1.576582
v -0.982328 -0.118708 1.582289
v -0.956751 -0.112397 1.593507
v -0.932038 -0.106243 1.605226
v -0.908070 -0.100336 1.617410
v -0.884744 -0.094757 1.630046
v -0.861960 -0.089578 1.643142
v -0.839604 -0.084888 1.656767
v -0.817542 -0.080774 1.671025
v -0.795648 -0.077321 1.686046
v -0.773799 -0.074617 1.701983
v -0.751884 -0.072760 1.719018
v -0.729807 -0.071860 1.737352
v -1.420558 -0.046226 1.836465
v -1.398623 -0.045725 1.812120
v -1.378078 -0.046504 1.788665
v -1.357852 -0.048107 1.766420
v -1.337838 -0.050440 1.745173
v -1.317917 -0.053419 1.724737
v -1.297957 -0.056961 1.704951
v -1.277822 -0.060985 1.685684
v -1.255746 -0.064337 1.669273
v -1.233075 -0.067629 1.654254
v -1.210487 -0.071285 1.639437
v -1.187806 -0.075226 1.624748
v -1.162674 -0.076913 1.616181
v -1.136479 -0.076751 1.612724
v -1.110970 -0.076364 1.610125
v -1.087146 -0.078613 1.600709
v -1.062863 -0.081890 1.588247
v -1.037074 -0.084745 1.576634
v -1.009725 -0.087246 1.566038
v -0.981465 -0.087481 1.561765
v -0.954394 -0.083356 1.569520
v -0.928754 -0.077787 1.581902
v -0.903915 -0.072430 1.594805
v -0.879757 -0.067363 1.608214
v -0.856171 -0.062660 1.622137
v -0.833033 -0.058401 1.636629
v -0.810208 -0.054664 1.651780
v -0.787566 -0.051524 1.667706
v -0.764979 -0.049060 1.684546
v -0.742333 -0.047356 1.702467
v -0.719527 -0.046508 1.721657
v -1.424724 -0.016265 1.829523
v -1.403221 -0.016025 1.804356
v -1.382390 -0.016663 1.780501
v -1.361909 -0.018023 1.757859
v -1.341668 -0.020028 1.736219
v -1.321545 -0.022606 1.715396
v -1.301408 -0.025688 1.695232
v -1.280514 -0.028900 1.676392
v -1.257513 -0.031394 1.660933
v -1.234777 -0.034282 1.645760
v -1.212130 -0.037497 1.630767
v -1.188192 -0.039995 1.618654
v -1.161540 -0.039984 1.614558
v -1.135629 -0.039860 1.611364
v -1.110495 -0.039699 1.608495
v -1.087489 -0.042935 1.595056
v -1.063212 -0.045764 1.582315
v -1.037459 -0.048221 1.570401
v -1.010165 -0.050372 1.559479
v -0.981765 -0.051064 1.553479
v -0.953790 -0.048948 1.556863
v -0.925735 -0.046802 1.561293
v -0.899217 -0.042977 1.572036
v -0.874154 -0.038460 1.586212
v -0.849703 -0.034262 1.600953
v -0.825734 -0.030456 1.616302
v -0.802108 -0.027111 1.632337
v -0.778691 -0.024296 1.649159
v -0.755352 -0.022079 1.666897
v -0.731971 -0.020534 1.685705
v -0.708440 -0.019741 1.705756
v -1.429839 0.014051 1.822671
v -1.408293 0.014211 1.797004
v -1.387209 0.013684 1.772779
v -1.366493 0.012537 1.749767
v -1.346035 0.010833 1.727757
v -1.325711 0.008634 1.706565
v -1.305382 0.005999 1.686034
v -1.283108 0.003746 1.668440
v -1.259973 0.001603 1.652807
v -1.237109 -0.000882 1.637445
v -1.214269 -0.003612 1.622349
v -1.187027 -0.003647 1.617551
v -1.160595 -0.003658 1.613729
v -1.134905 -0.003576 1.610758
v -1.110849 -0.004578 1.603900
v -1.087792 -0.007304 1.590234
v -1.063465 -0.009676 1.577244
v -1.037689 -0.011728 1.565062
v -1.010393 -0.013520 1.553854
v -0.981805 -0.014514 1.546040
v -0.953719 -0.012715 1.549440
v -0.925554 -0.010893 1.553881
v -0.897255 -0.009114 1.559408
v -0.868766 -0.007437 1.566080
v -0.842634 -0.004328 1.579664
v -0.817783 -0.001010 1.595863
v -0.793317 0.001913 1.612776
v -0.769096 0.004381 1.630490
v -0.744986 0.006334 1.649124
v -0.720860 0.007708 1.668818
v -0.696604 0.008438 1.689741
v -1.435606 0.044761 1.816099
v -1.413816 0.044895 1.790082
v -1.392502 0.044462 1.765506
v -1.371567 0.043515 1.742137
v -1.350898 0.042106 1.719767
v -1.330365 0.040284 1.698212
v -1.309827 0.038102 1.677315
v -1.286395 0.036539 1.660653
v -1.263075 0.034753 1.644803
v -1.240017 0.032688 1.629210
v -1.213158 0.032214 1.621652
v -1.186079 0.032163 1.617123
v -1.159818 0.032129 1.613530
v -1.134294 0.032172 1.610741
v -1.111215 0.030515 1.600010
v -1.088066 0.028311 1.586142
v -1.063648 0.026404 1.572937
v -1.037804 0.024763 1.560527
v -1.010462 0.023335 1.549078
v -0.981644 0.022197 1.539371
v -0.953404 0.023672 1.542792
v -0.925097 0.025166 1.547251
v -0.896654 0.026623 1.552794
v -0.868016 0.027992 1.559484
v -0.839125 0.029224 1.567402
v -0.809925 0.030270 1.576648
v -0.783922 0.032446 1.593192
v -0.758866 0.034530 1.611797
v -0.733964 0.036188 1.631328
v -0.710659 0.037818 1.653677
v -0.695398 0.040997 1.684895
v -1.441760 0.075862 1.809978
v -1.419750 0.075961 1.783616
v -1.398223 0.075618 1.758690
v -1.377078 0.074873 1.734966
v -1.356196 0.073768 1.712233
v -1.335444 0.072342 1.690310
v -1.314317 0.070720 1.669472
v -1.290313 0.069570 1.652964
v -1.266754 0.068166 1.636852
v -1.240111 0.067592 1.626909
v -1.212263 0.067557 1.621547
v -1.185312 0.067493 1.617235
v -1.159181 0.067443 1.613824
v -1.133779 0.067455 1.611178
v -1.111585 0.065611 1.596743
v -1.088319 0.063943 1.582705
v -1.063783 0.062507 1.569322
v -1.037842 0.061279 1.556728
v -1.010419 0.060216 1.545086
v -0.981463 0.059277 1.534573
v -0.952912 0.060233 1.536866
v -0.924432 0.061387 1.541354
v -0.895823 0.062513 1.546926
v -0.867021 0.063570 1.553647
v -0.837960 0.064519 1.561600
v -0.808579 0.065321 1.570887
v -0.778821 0.065940 1.581629
v -0.748637 0.066337 1.593964
v -0.730622 0.069474 1.624085
v -0.714932 0.072431 1.655526
v -0.700027 0.074844 1.686627
v -1.448257 0.107306 1.804351
v -1.426044 0.107366 1.777635
v -1.404314 0.107119 1.752348
v -1.382959 0.106593 1.728256
v -1.361856 0.105816 1.705150
v -1.340867 0.104819 1.682846
v -1.319057 0.103755 1.662142
v -1.294782 0.102942 1.645329
v -1.268016 0.102509 1.633465
v -1.239287 0.102513 1.627094
v -1.211532 0.102468 1.621922
v -1.184681 0.102404 1.617775
v -1.158648 0.102351 1.614500
v -1.134211 0.102003 1.608750
v -1.111950 0.100742 1.594039
v -1.088557 0.099621 1.579868
v -1.063892 0.098662 1.566349
v -1.037837 0.097846 1.553619
v -1.010315 0.097144 1.541837
v -0.981267 0.096528 1.531179
v -0.952312 0.096993 1.531633
v -0.923636 0.097787 1.536162
v -0.894842 0.098565 1.541780
v -0.865862 0.099296 1.548549
v -0.836626 0.099951 1.556555
v -0.807069 0.100505 1.565899
v -0.777133 0.100930 1.576703
v -0.750779 0.101910 1.594931
v -0.734284 0.104245 1.626666
v -0.718931 0.106248 1.657970
v -0.704358 0.107880 1.688898
v -1.455041 0.139070 1.799275
v -1.432633 0.139095 1.772178
v -1.410698 0.138960 1.746506
v -1.389126 0.138681 1.722023
v -1.367789 0.138272 1.698521
v -1.346543 0.137749 1.675818
v -1.324301 0.137204 1.654897
v -1.296941 0.137015 1.641549
v -1.267242 0.137046 1.633947
v -1.238582 0.137036 1.627725
v -1.210904 0.137002 1.622687
v -1.184133 0.136959 1.618655
v -1.158181 0.136924 1.615475
v -1.134666 0.136577 1.606662
v -1.112296 0.135940 1.591859
v -1.088780 0.135376 1.577597
v -1.063993 0.134896 1.563991
v -1.037824 0.134490 1.551176
v -1.010196 0.134143 1.539310
v -0.981049 0.133840 1.528569
v -0.951671 0.133981 1.527081
v -0.922787 0.134390 1.531666
v -0.893796 0.134792 1.537346
v -0.864628 0.135171 1.544186
v -0.835212 0.135512 1.552267
v -0.805480 0.135800 1.561693
v -0.775375 0.136022 1.572583
v -0.753881 0.136974 1.598241
v -0.737686 0.138160 1.629818
v -0.722629 0.139178 1.660939
v -0.708349 0.140005 1.691655
v -1.462037 0.171238 1.794816
v -1.439433 0.171238 1.767301
v -1.417101 0.171238 1.741347
v -1.392571 0.171238 1.718773
v -1.368810 0.171238 1.697236
v -1.345651 0.171238 1.676491
v -1.322908 0.171238 1.656324
v -1.296162 0.171238 1.642379
v -1.266521 0.171238 1.634871
v -1.237924 0.171238 1.628736
v -1.210314 0.171238 1.623774
v -1.183614 0.171238 1.619810
v -1.157738 0.171238 1.616687
v -1.135075 0.171238 1.605036
v -1.112609 0.171238 1.590185
v -1.088992 0.171238 1.575880
v -1.064102 0.171238 1.562238
v -1.037833 0.171238 1.549395
v -1.010107 0.171238 1.537506
v -0.980866 0.171238 1.526747
v -0.951055 0.171238 1.523224
v -0.921961 0.171238 1.527878
v -0.892769 0.171238 1.533641
v -0.863410 0.171238 1.540574
v -0.833811 0.171238 1.548758
v -0.803907 0.171238 1.558295
v -0.774203 0.171238 1.570248
v -0.756779 0.171238 1.602087
v -0.740832 0.171238 1.633460
v -0.726013 0.171238 1.664363
v -0.711960 0.171238 1.694851
v -1.464417 0.203927 1.793813
v -1.438080 0.203700 1.768566
v -1.412781 0.203644 1.744942
v -1.388404 0.203748 1.722636
v -1.364810 0.203997 1.701368
v -1.341833 0.204377 1.680891
v -1.319291 0.204872 1.660990
v -1.295387 0.205327 1.643689
v -1.265803 0.205294 1.636204
v -1.237269 0.205302 1.630090
v -1.209723 0.205334 1.625151
v -1.183095 0.205376 1.621209
v -1.157294 0.205410 1.618107
v -1.135420 0.206046 1.603873
v -1.112880 0.206684 1.589020
v -1.089190 0.207248 1.574724
v -1.064226 0.207728 1.561101
v -1.037879 0.208134 1.548288
v -1.010073 0.208481 1.536440
v -0.980752 0.208783 1.525733
v -0.950500 0.208860 1.520096
v -0.921202 0.208448 1.524836
v -0.891813 0.208042 1.530702
v -0.862263 0.207659 1.537754
v -0.832484 0.207313 1.546071
v -0.802410 0.207020 1.555753
v -0.776706 0.206322 1.574807
v -0.759484 0.204999 1.606402
v -0.743720 0.203822 1.637532
v -0.729066 0.202815 1.668196
v -0.715164 0.201998 1.698450
v -1.467771 0.237301 1.793005
v -1.435476 0.236194 1.771395
v -1.408885 0.235912 1.748924
v -1.384649 0.236101 1.726827
v -1.361200 0.236570 1.705775
v -1.338377 0.237291 1.685519
v -1.316000 0.238238 1.665845
v -1.293875 0.239378 1.646574
v -1.265145 0.239426 1.637947
v -1.236665 0.239414 1.631793
v -1.209176 0.239452 1.626821
v -1.182608 0.239511 1.622853
v -1.157296 0.239693 1.618495
v -1.135716 0.241061 1.603205
v -1.113116 0.242324 1.588392
v -1.089373 0.243447 1.574153
v -1.064353 0.244406 1.560602
v -1.037941 0.245220 1.547875
v -1.010065 0.245920 1.536129
v -0.980669 0.246533 1.525539
v -0.949962 0.246936 1.517744
v -0.920461 0.246127 1.522583
v -0.890874 0.245332 1.528572
v -0.861135 0.244581 1.535766
v -0.831180 0.243903 1.544242
v -0.800943 0.243325 1.554096
v -0.779022 0.241175 1.579848
v -0.761947 0.238591 1.611145
v -0.746303 0.236298 1.641991
v -0.731748 0.234336 1.672388
v -0.717925 0.232745 1.702399
v -1.473614 0.271739 1.791514
v -1.441286 0.270164 1.769422
v -1.410047 0.268976 1.749872
v -1.381375 0.268420 1.731351
v -1.358058 0.269086 1.710470
v -1.335365 0.270117 1.690395
v -1.313121 0.271475 1.670911
v -1.291137 0.273117 1.651840
v -1.264633 0.273713 1.640143
v -1.236193 0.273658 1.633883
v -1.208742 0.273676 1.628818
v -1.182215 0.273726 1.624775
v -1.157647 0.274299 1.618324
v -1.135988 0.276318 1.603088
v -1.113326 0.278191 1.588352
v -1.089534 0.279862 1.574211
v -1.064463 0.281298 1.560780
v -1.037987 0.282522 1.548191
v -1.010034 0.283579 1.536604
v -0.980556 0.284508 1.526193
v -0.949525 0.285348 1.517146
v -0.919658 0.284300 1.521188
v -0.889870 0.283128 1.527315
v -0.859942 0.282019 1.534670
v -0.829814 0.281013 1.543325
v -0.799783 0.280033 1.554054
v -0.781082 0.275880 1.585370
v -0.764108 0.272102 1.616309
v -0.748534 0.268754 1.646824
v -0.734022 0.265894 1.676922
v -0.720224 0.263574 1.706667
v -1.479408 0.306969 1.790817
v -1.447122 0.304992 1.768241
v -1.415874 0.303516 1.748174
v -1.385673 0.302491 1.730345
v -1.356503 0.301870 1.714492
v -1.332867 0.302911 1.695560
v -1.310730 0.304655 1.676236
v -1.288849 0.306770 1.657336
v -1.264344 0.308197 1.642851
v -1.235928 0.308087 1.636422
v -1.208488 0.308068 1.631206
v -1.181969 0.308091 1.627032
v -1.158020 0.309198 1.618759
v -1.136260 0.311846 1.603600
v -1.113519 0.314312 1.588972
v -1.089668 0.316521 1.574966
v -1.064536 0.318427 1.561696
v -1.037978 0.320061 1.549293
v -1.009929 0.321475 1.537917
v -0.980352 0.322720 1.527744
v -0.949228 0.323843 1.518957
v -0.918718 0.322968 1.520734
v -0.888721 0.321419 1.527013
v -0.858603 0.319947 1.534542
v -0.828313 0.318602 1.543387
v -0.801427 0.315869 1.560528
v -0.782826 0.310449 1.591393
v -0.765915 0.305528 1.621910
v -0.750373 0.301178 1.652039
v -0.735865 0.297463 1.681791
v -0.720087 0.294968 1.709298
v -1.485108 0.342842 1.790937
v -1.452947 0.340536 1.767900
v -1.421769 0.338847 1.747330
v -1.391571 0.337704 1.728962
v -1.362335 0.337044 1.712544
v -1.334020 0.336807 1.697840
v -1.308889 0.337834 1.681885
v -1.287076 0.340406 1.663131
v -1.264348 0.342911 1.646151
v -1.235934 0.342748 1.639493
v -1.208473 0.342688 1.634065
v -1.181925 0.342673 1.629707
v -1.158447 0.344415 1.619904
v -1.136552 0.347672 1.604840
v -1.113702 0.350714 1.590343
v -1.089765 0.353450 1.576504
v -1.064544 0.355820 1.563434
v -1.037874 0.357859 1.551260
v -1.009698 0.359626 1.540144
v -0.979993 0.361180 1.530260
v -0.948755 0.362573 1.521789
v -0.917568 0.362127 1.521327
v -0.887355 0.360188 1.527763
v -0.857049 0.358332 1.535470
v -0.826609 0.356619 1.544507
v -0.802732 0.351513 1.567619
v -0.784204 0.344866 1.597954
v -0.767329 0.338843 1.627977
v -0.751791 0.333526 1.657653
v -0.737261 0.328991 1.687004
v -0.718718 0.326842 1.711494
v -1.483585 0.377005 1.795936
v -1.458719 0.376643 1.768450
v -1.427698 0.374828 1.747413
v -1.397583 0.373658 1.728532
v -1.368345 0.373048 1.711565
v -1.339940 0.372921 1.696284
v -1.312305 0.373205 1.682482
v -1.285869 0.374085 1.669312
v -1.264127 0.377563 1.650999
v -1.236267 0.377686 1.643199
v -1.208750 0.377591 1.637504
v -1.183300 0.378494 1.630147
v -1.158956 0.379972 1.621884
v -1.136879 0.383820 1.606928
v -1.113878 0.387423 1.592582
v -1.089813 0.390674 1.578937
v -1.064460 0.393499 1.566099
v -1.037635 0.395935 1.554193
v -1.009291 0.398047 1.543381
v -0.979421 0.399897 1.533833
v -0.948039 0.401539 1.525725
v -0.916144 0.401763 1.523090
v -0.885706 0.399408 1.529680
v -0.855220 0.397132 1.537559
v -0.824650 0.395004 1.546776
v -0.803654 0.386944 1.575386
v -0.785179 0.379095 1.605103
v -0.768323 0.371993 1.634548
v -0.752775 0.365732 1.663695
v -0.736986 0.360912 1.691225
v -0.716906 0.358943 1.714036
v -1.476476 0.408844 1.804792
v -1.453159 0.408894 1.777142
v -1.429893 0.409812 1.751189
v -1.403671 0.410218 1.729152
v -1.374507 0.409769 1.711673
v -1.346072 0.409862 1.695843
v -1.318297 0.410402 1.681464
v -1.291108 0.411302 1.668366
v -1.264440 0.412480 1.656411
v -1.238248 0.413870 1.645494
v -1.212481 0.415405 1.635526
v -1.187079 0.417010 1.626428
v -1.161973 0.418598 1.618136
v -1.137256 0.420310 1.610006
v -1.114045 0.424462 1.595828
v -1.089797 0.428216 1.582398
v -1.064255 0.431487 1.569821
v -1.037220 0.434309 1.558218
v -1.008654 0.436751 1.547748
v -0.978576 0.438875 1.538576
v -0.947019 0.440736 1.530872
v -0.914709 0.441369 1.527421
v -0.883721 0.439043 1.532897
v -0.853064 0.436295 1.540928
v -0.824477 0.431925 1.554731
v -0.804160 0.422123 1.583898
v -0.785726 0.413078 1.612899
v -0.768883 0.404905 1.641671
v -0.753321 0.397708 1.670198
v -0.734811 0.393481 1.694254
v -0.714695 0.391151 1.716963
v -1.469689 0.439826 1.814089
v -1.446831 0.439941 1.787066
v -1.423992 0.441050 1.761732
v -1.401127 0.443020 1.737886
v -1.378178 0.445730 1.715344
v -1.352383 0.447537 1.696667
v -1.324520 0.448458 1.681751
v -1.295893 0.448921 1.669653
v -1.266598 0.448677 1.660651
v -1.241431 0.451347 1.647430
v -1.217113 0.454880 1.633594
v -1.191073 0.456773 1.624027
v -1.165271 0.458616 1.615340
v -1.139652 0.460309 1.607497
v -1.114200 0.461849 1.600244
v -1.089697 0.466095 1.587048
v -1.063897 0.469800 1.574756
v -1.036584 0.472996 1.563486
v -1.007739 0.475748 1.553391
v -0.977402 0.478117 1.544629
v -0.946319 0.478603 1.540808
v -0.914524 0.478492 1.539305
v -0.881738 0.478525 1.538716
v -0.850543 0.475759 1.545711
v -0.824472 0.468101 1.564934
v -0.804225 0.456991 1.593241
v -0.785834 0.446745 1.621415
v -0.769007 0.437497 1.649407
v -0.752174 0.430126 1.675673
v -0.732251 0.426082 1.697789
v -0.712144 0.423366 1.720328
v -1.463216 0.469951 1.823825
v -1.440890 0.470156 1.797507
v -1.418537 0.471483 1.772861
v -1.396109 0.473776 1.749676
v -1.373547 0.476895 1.727763
v -1.350786 0.480708 1.706957
v -1.327322 0.484782 1.687590
v -1.297451 0.484599 1.676796
v -1.268189 0.484529 1.667451
v -1.241839 0.486649 1.655773
v -1.219282 0.492666 1.638366
v -1.195266 0.497801 1.623236
v -1.168712 0.499940 1.614143
v -1.142287 0.501875 1.605978
v -1.115947 0.503494 1.598731
v -1.089591 0.504681 1.592402
v -1.063352 0.508453 1.581089
v -1.035685 0.512005 1.570176
v -1.006494 0.515041 1.560482
v -0.976250 0.516107 1.555060
v -0.945405 0.515830 1.552942
v -0.913701 0.515627 1.551609
v -0.881081 0.515537 1.551188
v -0.847610 0.515461 1.552066
v -0.823999 0.503918 1.576205
v -0.803823 0.491490 1.603535
v -0.785482 0.480038 1.630769
v -0.768687 0.469720 1.657871
v -0.749228 0.463316 1.680148
v -0.729359 0.458693 1.701959
v -0.709340 0.455578 1.724236
v -1.457114 0.499145 1.833974
v -1.435422 0.499488 1.808508
v -1.413635 0.501083 1.784673
v -1.391694 0.503750 1.762240
v -1.369537 0.507325 1.741015
v -1.347109 0.511661 1.720842
v -1.324351 0.516602 1.701579
v -1.299485 0.520522 1.685205
v -1.270243 0.520720 1.675524
v -1.242809 0.522266 1.665107
v -1.220000 0.528961 1.647876
v -1.196620 0.535914 1.630901
v -1.172269 0.542582 1.614880
v -1.144962 0.544791 1.606385
v -1.117688 0.546612 1.598902
v -1.090368 0.547927 1.592448
v -1.062722 0.548655 1.587027
v -1.034477 0.551334 1.578494
v -1.004948 0.554020 1.570231
v -0.974775 0.553642 1.567590
v -0.943864 0.553255 1.565648
v -0.912162 0.552903 1.564503
v -0.879637 0.552620 1.564265
v -0.847261 0.551054 1.567362
v -0.822986 0.539321 1.588743
v -0.802879 0.525558 1.614986
v -0.784591 0.512887 1.641168
v -0.765755 0.503227 1.664473
v -0.745830 0.496440 1.685534
v -0.726128 0.491191 1.706906
v -0.706329 0.487646 1.728768
v -1.451472 0.527178 1.844481
v -1.430544 0.527756 1.820085
v -1.409417 0.529733 1.797252
v -1.388011 0.532884 1.775714
v -1.366265 0.537009 1.755261
v -1.344143 0.541940 1.735764
v -1.321617 0.547505 1.717107
v -1.298644 0.553514 1.699175
v -1.272784 0.557294 1.685099
v -1.244346 0.558270 1.675683
v -1.221212 0.565685 1.658638
v -1.197458 0.573337 1.641873
v -1.172955 0.581110 1.625425
v -1.147555 0.588869 1.609353
v -1.119331 0.591097 1.601369
v -1.090930 0.592546 1.594778
v -1.062124 0.592669 1.590277
v -1.032896 0.592440 1.586533
v -1.002989 0.593090 1.581872
v -0.972545 0.592275 1.579862
v -0.941593 0.591100 1.579032
v -0.909824 0.590456 1.578203
v -0.877310 0.589903 1.578154
v -0.847379 0.584343 1.586529
v -0.822118 0.573236 1.604245
v -0.801302 0.559110 1.627825
v -0.782031 0.546234 1.651306
v -0.761646 0.536995 1.671558
v -0.741914 0.529275 1.691988
v -0.723799 0.522317 1.714044
v -0.708224 0.515652 1.738713
v -1.446345 0.553868 1.855333
v -1.426351 0.554787 1.832271
v -1.405995 0.557303 1.810678
v -1.385174 0.561109 1.790219
v -1.363834 0.565926 1.770660
v -1.341979 0.571561 1.751900
v -1.319623 0.577824 1.733873
v -1.296765 0.584505 1.716499
v -1.273358 0.591421 1.699694
v -1.246769 0.595132 1.687311
v -1.222913 0.602901 1.670943
v -1.198691 0.611285 1.654398
v -1.173610 0.619627 1.638362
v -1.146982 0.626298 1.624746
v -1.119139 0.631155 1.613710
v -1.089902 0.631448 1.608683
v -1.060619 0.631426 1.604345
v -1.030948 0.631140 1.600656
v -1.000281 0.634584 1.592569
v -0.968344 0.637527 1.585587
v -0.936456 0.636082 1.584871
v -0.904278 0.634082 1.585597
v -0.871855 0.631747 1.587580
v -0.844870 0.619834 1.602955
v -0.820910 0.605869 1.622045
v -0.798386 0.592809 1.641278
v -0.777096 0.580918 1.660628
v -0.757938 0.569345 1.681475
v -0.740799 0.558542 1.703511
v -0.724866 0.549448 1.725996
v -0.709844 0.542309 1.749149
v -1.443083 0.580029 1.865966
v -1.423041 0.580635 1.845336
v -1.403567 0.583738 1.825175
v -1.383295 0.588367 1.805905
v -1.362339 0.594067 1.787382
v -1.340699 0.600538 1.769446
v -1.318442 0.607584 1.752081
v -1.295619 0.614990 1.735271
v -1.272473 0.622921 1.718623
v -1.249123 0.631659 1.701740
v -1.223423 0.637963 1.687892
v -1.198052 0.645591 1.673222
v -1.171995 0.653036 1.659217
v -1.145204 0.660176 1.645952
v -1.117609 0.666876 1.633519
v -1.088746 0.670979 1.624237
v -1.058833 0.670927 1.619861
v -1.028540 0.671018 1.615700
v -0.997209 0.674867 1.607715
v -0.964701 0.677841 1.601163
v -0.931195 0.679966 1.596107
v -0.897662 0.679226 1.594948
v -0.865669 0.673862 1.599818
v -0.840311 0.656984 1.618766
v -0.816933 0.640576 1.638115
v -0.795735 0.624421 1.658331
v -0.775539 0.610233 1.677684
v -0.757316 0.596826 1.697777
v -0.740561 0.584997 1.718151
v -0.725221 0.575226 1.738871
v -0.710995 0.567594 1.760062
v -1.444072 0.605830 1.874979
v -1.425473 0.607964 1.856688
v -1.406145 0.611868 1.838642
v -1.385907 0.617629 1.820708
v -1.365187 0.624588 1.803135
v -1.343820 0.632433 1.785702
v -1.321856 0.640985 1.768433
v -1.299340 0.650039 1.751374
v -1.276207 0.659432 1.734528
v -1.252354 0.669096 1.717894
v -1.224217 0.672777 1.707101
v -1.196979 0.678097 1.695386
v -1.170652 0.686049 1.681736
v -1.143573 0.693654 1.668822
v -1.115676 0.700779 1.656745
v -1.086838 0.707272 1.645623
v -1.056703 0.711273 1.637238
v -1.025628 0.711280 1.633138
v -0.993549 0.715244 1.625564
v -0.960385 0.718206 1.619413
v -0.926332 0.720185 1.614726
v -0.893040 0.717192 1.615594
v -0.863040 0.706191 1.625218
v -0.837829 0.688079 1.642824
v -0.814606 0.670423 1.660796
v -0.792555 0.654456 1.678001
v -0.773619 0.637536 1.697312
v -0.755707 0.622826 1.715640
v -0.739255 0.609632 1.734160
v -0.724592 0.598710 1.752598
v -0.711436 0.589917 1.770954
v -1.445616 0.629403 1.884476
v -1.429098 0.634025 1.869120
v -1.411125 0.640140 1.853241
v -1.391371 0.647891 1.836565
v -1.370821 0.656517 1.819856
v -1.349401 0.665821 1.803057
v -1.327184 0.675668 1.786238
v -1.304266 0.685888 1.769521
v -1.280614 0.696353 1.752974
v -1.256137 0.707010 1.736626
v -1.227827 0.712111 1.725010
v -1.197701 0.713354 1.716959
v -1.169573 0.718677 1.706172
v -1.142068 0.726746 1.693610
v -1.113724 0.734287 1.681891
v -1.084425 0.741150 1.671140
v -1.053935 0.747187 1.661471
v -1.022152 0.751928 1.653284
v -0.989245 0.755590 1.646425
v -0.955335 0.758500 1.640634
v -0.921080 0.758659 1.637697
v -0.887579 0.754553 1.639022
v -0.859540 0.737187 1.652748
v -0.834396 0.717836 1.668962
v -0.811254 0.698916 1.685512
v -0.787748 0.684114 1.699073
v -0.768836 0.665732 1.716708
v -0.752774 0.647362 1.735240
v -0.736814 0.632394 1.751746
v -0.723094 0.619953 1.767224
v -0.711284 0.609615 1.782011
vn -0.8858 0.2598 -0.3845
vn -0.7201 -0.3658 -0.5896
vn -0.5104 0.7462 0.4274
vn -0.5951 -0.6852 0.4199
vn 0.8420 0.2701 -0.4670
vn 0.3770 -0.6585 -0.6513
vn 0.8521 0.4596 0.2503
vn 0.8141 -0.3607 0.4551
vn 0.3155 -0.7516 -0.5792
vn 0.2810 -0.7234 -0.6307
vn 0.2886 -0.6422 -0.7102
vn 0.3060 -0.6045 -0.7355
vn 0.3925 -0.6504 -0.6503
vn 0.5740 -0.6482 -0.5003
vn 0.8095 -0.5127 -0.2860
vn 0.9368 -0.3386 -0.0879
vn 0.9578 -0.2823 -0.0549
vn 0.9585 -0.2779 -0.0639
vn 0.9392 -0.2951 -0.1753
vn 0.8955 -0.3261 -0.3028
vn 0.8762 -0.3469 -0.3345
vn 0.8690 -0.3556 -0.3441
vn 0.8615 -0.3663 -0.3516
vn 0.8542 -0.3788 -0.3561
vn 0.8458 -0.3999 -0.3532
vn 0.8559 -0.4539 -0.2479
vn 0.8778 -0.4790 -0.0100
vn 0.8930 -0.4284 0.1382
vn 0.9044 -0.4003 0.1479
vn 0.9043 -0.4022 0.1429
vn 0.9038 -0.4050 0.1384
vn 0.8970 -0.4173 0.1455
vn 0.8648 -0.4628 0.1949
vn 0.7992 -0.5315 0.2807
vn 0.7421 -0.5779 0.3395
vn 0.7361 -0.5719 0.3620
vn 0.7691 -0.5089 0.3866
vn 0.8036 -0.4197 0.4220
vn 0.8151 -0.3655 0.4496
vn -0.5552 -0.3833 -0.7381
vn -0.5612 -0.3863 -0.7320
vn -0.6577 -0.3702 -0.6560
vn -0.6984 -0.3687 -0.6135
vn -0.6947 -0.3789 -0.6114
vn -0.6850 -0.3896 -0.6156
vn -0.6494 -0.4390 -0.6209
vn -0.5116 -0.5846 -0.6297
vn -0.3131 -0.7306 -0.6068
vn -0.1414 -0.7994 -0.5839
vn -0.0755 -0.7991 -0.5965
vn -0.1067 -0.7670 -0.6327
vn -0.1356 -0.7404 -0.6583
vn -0.1197 -0.7365 -0.6657
vn -0.0937 -0.7369 -0.6695
vn -0.0669 -0.7369 -0.6727
vn -0.0409 -0.7366 -0.6751
vn 0.1107 -0.7302 -0.6742
vn 0.3547 -0.6829 -0.6387
vn 0.4651 -0.6424 -0.6090
vn 0.4775 -0.6340 -0.6084
vn 0.4870 -0.6269 -0.6081
vn 0.4942 -0.6211 -0.6082
vn 0.4990 -0.6168 -0.6087
vn 0.4758 -0.6428 -0.6004
vn 0.3854 -0.7245 -0.5715
vn 0.2810 -0.7999 -0.5304
vn 0.2465 -0.8220 -0.5133
vn 0.2685 -0.8065 -0.5268
vn 0.2907 -0.7721 -0.5651
vn 0.3083 -0.7234 -0.6177
vn -0.4799 0.7325 0.4828
vn -0.4403 0.7258 0.5286
vn -0.3890 0.7263 0.5667
vn -0.3504 0.7226 0.5958
vn -0.3172 0.7172 0.6204
vn -0.2831 0.7128 0.6417
vn -0.2636 0.7143 0.6483
vn -0.2418 0.7350 0.6335
vn -0.1992 0.7665 0.6105
vn -0.1765 0.7890 0.5885
vn -0.1543 0.8077 0.5690
vn -0.0675 0.8222 0.5652
vn 0.0969 0.8048 0.5856
vn 0.1128 0.7816 0.6135
vn 0.0069 0.7897 0.6134
vn 0.0376 0.8095 0.5860
vn 0.1323 0.8278 0.5452
vn 0.2033 0.8395 0.5038
vn 0.2500 0.8388 0.4837
vn 0.2754 0.8344 0.4774
vn 0.3072 0.8299 0.4657
vn 0.3873 0.8097 0.4409
vn 0.4487 0.7809 0.4347
vn 0.4556 0.7743 0.4391
vn 0.4928 0.7667 0.4116
vn 0.5389 0.7478 0.3879
vn 0.5183 0.7708 0.3703
vn 0.5702 0.7622 0.3064
vn 0.6676 0.6892 0.2817
vn 0.7541 0.5963 0.2753
vn 0.8252 0.5049 0.2532
vn -0.9563 0.2363 -0.1724
vn -0.9660 0.2277 -0.1225
vn -0.9661 0.2273 -0.1226
vn -0.9656 0.2273 -0.1259
vn -0.9649 0.2278 -0.1309
vn -0.9626 0.2361 -0.1327
vn -0.9614 0.2713 -0.0454
vn -0.9535 0.2982 0.0431
vn -0.9519 0.3026 0.0483
vn -0.9582 0.2821 -0.0473
vn -0.9532 0.2539 -0.1641
vn -0.9486 0.2545 -0.1882
vn -0.9440 0.2700 -0.1894
vn -0.9539 0.2642 -0.1423
vn -0.9717 0.2352 0.0227
vn -0.9662 0.2169 0.1391
vn -0.9656 0.2219 0.1357
vn -0.9644 0.2298 0.1309
vn -0.9626 0.2397 0.1259
vn -0.9603 0.2514 0.1210
vn -0.9572 0.2647 0.1169
vn -0.9524 0.2841 0.1102
vn -0.9174 0.3806 0.1167
vn -0.7816 0.5944 0.1893
vn -0.6146 0.7472 0.2531
vn -0.5535 0.7883 0.2689
vn -0.5469 0.7905 0.2756
vn -0.5404 0.7921 0.2838
vn -0.5339 0.7929 0.2937
vn -0.5267 0.7926 0.3072
vn -0.5216 0.7855 0.3330
vn 0.8033 -0.3757 0.4621
vn 0.7880 -0.3962 0.4712
vn 0.7669 -0.4245 0.4812
vn 0.7445 -0.4587 0.4851
vn 0.7338 -0.4957 0.4646
vn 0.7206 -0.5521 0.4194
vn 0.6567 -0.6255 0.4213
vn 0.6006 -0.6501 0.4655
vn 0.5894 -0.6625 0.4623
vn 0.5054 -0.7387 0.4460
vn 0.3981 -0.8078 0.4348
vn 0.2835 -0.8417 0.4595
vn 0.2141 -0.8394 0.4996
vn 0.1992 -0.8423 0.5009
vn 0.2049 -0.8707 0.4472
vn 0.2050 -0.9054 0.3719
vn 0.1856 -0.9270 0.3259
vn 0.1473 -0.9325 0.3299
vn 0.0911 -0.9227 0.3745
vn 0.0542 -0.9022 0.4280
vn 0.0115 -0.8784 0.4777
vn -0.0480 -0.8525 0.5205
vn -0.1622 -0.8175 0.5527
vn -0.3010 -0.7647 0.5698
vn -0.3860 -0.7196 0.5772
vn -0.4285 -0.6962 0.5759
vn -0.4630 -0.6781 0.5708
vn -0.4878 -0.6597 0.5718
vn -0.4423 -0.6723 0.5936
vn -0.3987 -0.7045 0.5872
vn -0.4882 -0.7091 0.5087
vn 0.8307 0.5076 0.2285
vn 0.7841 0.5960 0.1732
vn 0.7333 0.6678 0.1282
vn 0.7058 0.6999 0.1093
vn 0.7008 0.7062 0.1015
vn 0.7021 0.7049 0.1007
vn 0.7212 0.6831 0.1146
vn 0.7787 0.5961 0.1955
vn 0.8386 0.5277 0.1351
vn 0.8424 0.5386 0.0191
vn 0.8149 0.5782 0.0404
vn 0.7797 0.6220 0.0719
vn 0.7453 0.6593 0.0996
vn 0.7252 0.6785 0.1171
vn 0.7222 0.6806 0.1236
vn 0.7250 0.6780 0.1208
vn 0.7280 0.6756 0.1165
vn 0.7309 0.6732 0.1120
vn 0.7560 0.6518 0.0601
vn 0.7613 0.5930 -0.2623
vn 0.6927 0.4961 -0.5236
vn 0.7020 0.4816 -0.5247
vn 0.7110 0.4673 -0.5255
vn 0.7109 0.4069 -0.5736
vn 0.6967 0.3165 -0.6438
vn 0.7249 0.2543 -0.6402
vn 0.7998 0.2152 -0.5603
vn 0.8514 0.2110 -0.4801
vn 0.8537 0.2336 -0.4654
vn 0.8469 0.2570 -0.4654
vn 0.8443 0.2690 -0.4634
vn 0.8375 0.2731 -0.4732
vn 0.8358 0.2592 -0.4841
vn 0.8327 0.2363 -0.5008
vn 0.8252 0.2370 -0.5127
vn 0.7972 0.3032 -0.5220
vn 0.7177 0.4127 -0.5609
vn 0.6655 0.4625 -0.5858
vn 0.6802 0.4634 -0.5680
vn 0.6706 0.4786 -0.5668
vn 0.4613 0.5728 -0.6776
vn 0.0910 0.6292 -0.7719
vn -0.0933 0.5992 -0.7952
vn -0.1458 0.5679 -0.8101
vn -0.2288 0.5492 -0.8038
vn -0.3134 0.5365 -0.7835
vn -0.3724 0.5233 -0.7665
vn -0.4258 0.5098 -0.7476
vn -0.4463 0.4957 -0.7450
vn -0.3555 0.4874 -0.7975
vn -0.2558 0.4697 -0.8449
vn -0.3444 0.4431 -0.8277
vn -0.5248 0.3900 -0.7566
vn -0.6198 0.3443 -0.7052
vn -0.6344 0.3293 -0.6993
vn -0.6469 0.3159 -0.6941
vn -0.6573 0.3042 -0.6895
vn -0.6666 0.2935 -0.6852
vn -0.6748 0.2838 -0.6813
vn -0.6823 0.2749 -0.6774
vn -0.7052 0.2634 -0.6582
vn -0.7635 0.2670 -0.5881
vn -0.6111 -0.6908 0.3866
vn -0.5549 -0.6760 0.4848
vn -0.4981 -0.6741 0.5454
vn -0.4767 -0.6901 0.5446
vn -0.4730 -0.6910 0.5466
vn -0.4822 -0.6874 0.5431
vn -0.5672 -0.6992 0.4352
vn -0.7417 -0.6505 0.1635
vn -0.8618 -0.5072 0.0010
vn -0.8746 -0.4848 -0.0008
vn -0.8401 -0.5415 -0.0325
vn -0.8225 -0.5662 -0.0537
vn -0.8255 -0.5614 -0.0578
vn -0.8324 -0.5513 -0.0563
vn -0.8389 -0.5416 -0.0545
vn -0.8447 -0.5327 -0.0524
vn -0.8503 -0.5242 -0.0479
vn -0.8622 -0.5056 -0.0324
vn -0.8850 -0.4654 -0.0120
vn -0.9093 -0.4159 0.0124
vn -0.9269 -0.3752 0.0024
vn -0.9212 -0.3864 -0.0461
vn -0.8894 -0.4557 -0.0362
vn -0.8698 -0.4934 -0.0003
vn -0.8835 -0.4609 -0.0831
vn -0.8933 -0.4123 -0.1790
vn -0.8988 -0.3945 -0.1910
vn -0.9002 -0.3915 -0.1908
vn -0.9012 -0.3885 -0.1920
vn -0.9001 -0.3871 -0.1998
vn -0.8655 -0.3810 -0.3252
vn 0.4417 -0.4940 -0.7489
vn 0.4607 -0.4500 -0.7650
vn 0.4556 -0.4542 -0.7656
vn 0.4292 -0.4717 -0.7702
vn 0.3805 -0.5022 -0.7765
vn 0.3347 -0.5386 -0.7732
vn 0.3310 -0.5572 -0.7615
vn 0.3590 -0.5562 -0.7495
vn 0.3923 -0.5499 -0.7373
vn 0.4988 -0.4667 -0.7304
vn 0.7080 -0.1479 -0.6905
vn 0.8045 0.1266 -0.5804
vn 0.8317 0.1618 -0.5312
vn 0.8467 0.1660 -0.5054
vn 0.8568 0.1529 -0.4924
vn 0.8512 0.1223 -0.5104
vn 0.8295 0.0816 -0.5524
vn 0.7986 0.0544 -0.5994
vn 0.7686 0.0384 -0.6386
vn 0.7533 0.0188 -0.6574
vn 0.7502 0.0108 -0.6611
vn 0.7497 0.0083 -0.6617
vn 0.7491 0.0081 -0.6624
vn 0.7636 0.0319 -0.6449
vn 0.8115 0.1062 -0.5747
vn 0.8512 0.1879 -0.4900
vn 0.8597 0.2238 -0.4591
vn 0.8570 0.2306 -0.4609
vn 0.8543 0.2357 -0.4633
vn 0.8513 0.2424 -0.4652
vn 0.8471 0.2561 -0.4657
vn 0.8245 -0.3393 0.4528
vn 0.8230 -0.4052 0.3981
vn 0.7729 -0.5712 0.2764
vn 0.7451 -0.6358 0.2016
vn 0.7589 -0.6222 0.1919
vn 0.7773 -0.5986 0.1935
vn 0.7978 -0.5671 0.2046
vn 0.8168 -0.5259 0.2373
vn 0.8482 -0.4583 0.2655
vn 0.8917 -0.3758 0.2523
vn 0.9326 -0.2954 0.2076
vn 0.9616 -0.2270 0.1542
vn 0.9774 -0.1746 0.1189
vn 0.9852 -0.1319 0.1097
vn 0.9884 -0.1034 0.1108
vn 0.9910 -0.0721 0.1127
vn 0.9925 -0.0400 0.1154
vn 0.9929 -0.0093 0.1187
vn 0.9922 0.0197 0.1228
vn 0.9907 0.0475 0.1274
vn 0.9883 0.0746 0.1327
vn 0.9852 0.1014 0.1385
vn 0.9811 0.1287 0.1447
vn 0.9760 0.1567 0.1512
vn 0.9700 0.1847 0.1579
vn 0.9592 0.2251 0.1709
vn 0.9360 0.2921 0.1965
vn 0.9054 0.3606 0.2240
vn 0.8829 0.4033 0.2403
vn 0.8712 0.4253 0.2454
vn 0.8608 0.4445 0.2480
vn -0.4960 0.6411 0.5856
vn -0.4961 0.5246 0.6918
vn -0.5612 0.4241 0.7108
vn -0.6749 0.2669 0.6880
vn -0.7620 0.1117 0.6378
vn -0.7939 0.0627 0.6048
vn -0.8163 0.0610 0.5744
vn -0.8495 0.0508 0.5251
vn -0.8803 0.0507 0.4717
vn -0.9052 0.0627 0.4203
vn -0.9251 0.0588 0.3752
vn -0.9399 0.0490 0.3379
vn -0.9488 0.0344 0.3141
vn -0.9487 0.0147 0.3160
vn -0.9394 0.0062 0.3427
vn -0.9247 0.0054 0.3806
vn -0.9075 -0.0187 0.4197
vn -0.8901 -0.0396 0.4540
vn -0.8702 -0.0381 0.4913
vn -0.8517 -0.0572 0.5210
vn -0.8463 -0.0668 0.5285
vn -0.8490 -0.0630 0.5246
vn -0.8406 -0.0797 0.5358
vn -0.7929 -0.1807 0.5819
vn -0.6877 -0.3718 0.6235
vn -0.5913 -0.5141 0.6213
vn -0.5677 -0.5560 0.6072
vn -0.5667 -0.5797 0.5855
vn -0.5645 -0.6149 0.5507
vn -0.5669 -0.6483 0.5083
vn -0.5836 -0.6644 0.4668
vn -0.8670 0.2157 -0.4492
vn -0.8475 0.2004 -0.4916
vn -0.8304 0.2250 -0.5098
vn -0.8122 0.3093 -0.4947
vn -0.7921 0.3669 -0.4878
vn -0.7752 0.3701 -0.5119
vn -0.7579 0.3641 -0.5414
vn -0.7455 0.3524 -0.5657
vn -0.7423 0.3353 -0.5802
vn -0.7377 0.3004 -0.6047
vn -0.7359 0.1261 -0.6652
vn -0.7111 -0.0781 -0.6987
vn -0.7010 -0.1497 -0.6973
vn -0.7031 -0.1564 -0.6937
vn -0.6954 -0.0911 -0.7129
vn -0.6649 -0.1229 -0.7368
vn -0.6309 -0.2109 -0.7467
vn -0.6123 -0.2237 -0.7583
vn -0.5954 -0.2347 -0.7684
vn -0.5802 -0.2446 -0.7769
vn -0.5675 -0.2530 -0.7835
vn -0.5598 -0.2591 -0.7871
vn -0.5568 -0.2670 -0.7866
vn -0.5557 -0.2791 -0.7831
vn -0.5585 -0.2972 -0.7744
vn -0.5713 -0.3151 -0.7578
vn -0.5925 -0.3263 -0.7365
vn -0.6150 -0.3368 -0.7130
vn -0.6381 -0.3445 -0.6886
vn -0.6608 -0.3521 -0.6628
vn -0.6831 -0.3641 -0.6331
vn -0.8974 0.2887 -0.3335
vn -0.8091 0.2859 -0.5134
vn -0.7148 0.2969 -0.6332
vn -0.6742 0.3128 -0.6690
vn -0.6652 0.3246 -0.6724
vn -0.6549 0.3376 -0.6761
vn -0.6434 0.3518 -0.6799
vn -0.6297 0.3676 -0.6844
vn -0.6137 0.3848 -0.6894
vn -0.5301 0.4302 -0.7307
vn -0.3545 0.4902 -0.7963
vn -0.2365 0.5136 -0.8248
vn -0.2886 0.5185 -0.8049
vn -0.4034 0.5271 -0.7479
vn -0.4185 0.5457 -0.7260
vn -0.3623 0.5665 -0.7401
vn -0.3028 0.5840 -0.7532
vn -0.2150 0.5998 -0.7707
vn -0.0912 0.6215 -0.7781
vn -0.0150 0.6524 -0.7577
vn 0.2034 0.6683 -0.7155
vn 0.5392 0.5837 -0.6071
vn 0.6757 0.5078 -0.5344
vn 0.6859 0.5044 -0.5245
vn 0.6901 0.5212 -0.5021
vn 0.7171 0.5028 -0.4827
vn 0.7639 0.4193 -0.4905
vn 0.8108 0.2991 -0.5031
vn 0.8388 0.2189 -0.4985
vn 0.8463 0.2186 -0.4858
vn 0.8447 0.2529 -0.4717
vn -0.9515 0.2648 -0.1566
vn -0.9161 0.2997 -0.2663
vn -0.8341 0.3307 -0.4415
vn -0.7279 0.3471 -0.5913
vn -0.6739 0.3544 -0.6482
vn -0.6518 0.3709 -0.6615
vn -0.6388 0.3875 -0.6647
vn -0.6237 0.4054 -0.6683
vn -0.6063 0.4246 -0.6724
vn -0.5313 0.4693 -0.7054
vn -0.3599 0.5344 -0.7648
vn -0.2349 0.5632 -0.7922
vn -0.2342 0.5750 -0.7839
vn -0.3412 0.5851 -0.7357
vn -0.3992 0.5957 -0.6970
vn -0.3483 0.6178 -0.7050
vn -0.2778 0.6421 -0.7145
vn -0.1609 0.6826 -0.7128
vn -0.0263 0.7161 -0.6975
vn 0.0649 0.7361 -0.6738
vn 0.3045 0.7120 -0.6326
vn 0.5836 0.5964 -0.5512
vn 0.6767 0.5294 -0.5117
vn 0.7023 0.5091 -0.4975
vn 0.7135 0.5087 -0.4818
vn 0.7132 0.5184 -0.4717
vn 0.7282 0.4952 -0.4738
vn 0.7757 0.3999 -0.4882
vn 0.8289 0.2616 -0.4945
vn 0.8528 0.1923 -0.4855
vn 0.8515 0.2215 -0.4753
vn -0.9582 0.2562 -0.1276
vn -0.9460 0.2913 -0.1423
vn -0.9180 0.3350 -0.2122
vn -0.8379 0.4088 -0.3616
vn -0.7280 0.4816 -0.4879
vn -0.6741 0.5075 -0.5368
vn -0.6612 0.5028 -0.5568
vn -0.6455 0.4931 -0.5833
vn -0.6198 0.4904 -0.6127
vn -0.5339 0.5308 -0.6582
vn -0.3713 0.5908 -0.7163
vn -0.2425 0.6113 -0.7533
vn -0.1994 0.6169 -0.7613
vn -0.2745 0.6272 -0.7289
vn -0.3603 0.6402 -0.6784
vn -0.3301 0.6659 -0.6690
vn -0.2217 0.7048 -0.6739
vn -0.0771 0.7455 -0.6621
vn 0.0191 0.7617 -0.6477
vn 0.1471 0.7670 -0.6246
vn 0.3838 0.7293 -0.5664
vn 0.5886 0.6253 -0.5124
vn 0.6759 0.5466 -0.4943
vn 0.7047 0.5136 -0.4895
vn 0.7234 0.4941 -0.4823
vn 0.7215 0.5043 -0.4744
vn 0.7167 0.5151 -0.4702
vn 0.7406 0.4723 -0.4780
vn 0.8054 0.3387 -0.4864
vn 0.8516 0.2040 -0.4829
vn 0.8573 0.1888 -0.4789
vn -0.9575 0.2574 -0.1299
vn -0.9472 0.2908 -0.1353
vn -0.9323 0.3339 -0.1388
vn -0.8596 0.4869 -0.1550
vn -0.7244 0.6645 -0.1835
vn -0.6630 0.7194 -0.2071
vn -0.6531 0.7237 -0.2230
vn -0.6383 0.7338 -0.2324
vn -0.6103 0.7539 -0.2433
vn -0.5218 0.8026 -0.2890
vn -0.4049 0.8330 -0.3772
vn -0.3176 0.8081 -0.4962
vn -0.2479 0.7499 -0.6133
vn -0.2482 0.7047 -0.6647
vn -0.3171 0.6918 -0.6487
vn -0.2920 0.7163 -0.6337
vn -0.1438 0.7621 -0.6313
vn -0.0203 0.7841 -0.6203
vn 0.0381 0.7877 -0.6149
vn 0.2375 0.7678 -0.5950
vn 0.4497 0.7166 -0.5331
vn 0.5778 0.6487 -0.4952
vn 0.6726 0.5655 -0.4773
vn 0.7014 0.5317 -0.4747
vn 0.7265 0.4999 -0.4715
vn 0.7290 0.4964 -0.4713
vn 0.7178 0.5116 -0.4722
vn 0.7216 0.5041 -0.4745
vn 0.7785 0.4032 -0.4810
vn 0.8402 0.2451 -0.4837
vn 0.8590 0.1729 -0.4819
vn -0.9565 0.2591 -0.1339
vn -0.9459 0.2939 -0.1376
vn -0.9116 0.3924 -0.1223
vn -0.7829 0.6176 -0.0745
vn -0.6289 0.7774 -0.0102
vn -0.5785 0.8146 0.0413
vn -0.5490 0.8329 0.0696
vn -0.5085 0.8555 0.0979
vn -0.4742 0.8715 0.1251
vn -0.4306 0.8942 0.1225
vn -0.3961 0.9156 0.0689
vn -0.3829 0.9232 -0.0343
vn -0.3410 0.9227 -0.1799
vn -0.2935 0.9044 -0.3097
vn -0.3098 0.8717 -0.3798
vn -0.2641 0.8662 -0.4243
vn -0.1416 0.8572 -0.4951
vn -0.0358 0.8251 -0.5639
vn 0.0768 0.8104 -0.5808
vn 0.3219 0.7743 -0.5447
vn 0.4929 0.7148 -0.4961
vn 0.5736 0.6651 -0.4782
vn 0.6686 0.5827 -0.4620
vn 0.6975 0.5483 -0.4614
vn 0.7237 0.5137 -0.4609
vn 0.7301 0.5011 -0.4646
vn 0.7173 0.5125 -0.4720
vn 0.7145 0.5121 -0.4767
vn 0.7498 0.4475 -0.4874
vn 0.8188 0.2913 -0.4947
vn 0.8379 0.1909 -0.5113
vn -0.9527 0.2786 -0.1211
vn -0.9376 0.3335 -0.0979
vn -0.8425 0.5367 -0.0467
vn -0.6504 0.7590 0.0298
vn -0.5293 0.8443 0.0834
vn -0.5072 0.8541 0.1150
vn -0.4822 0.8646 0.1411
vn -0.4564 0.8767 0.1520
vn -0.4423 0.8837 0.1532
vn -0.4306 0.8897 0.1517
vn -0.4175 0.8964 0.1488
vn -0.4023 0.9040 0.1444
vn -0.3739 0.9188 0.1266
vn -0.3302 0.9411 0.0730
vn -0.3121 0.9501 0.0022
vn -0.2745 0.9588 -0.0724
vn -0.2065 0.9643 -0.1656
vn -0.1057 0.9548 -0.2778
vn 0.0671 0.9191 -0.3883
vn 0.3463 0.8158 -0.4632
vn 0.5064 0.7231 -0.4699
vn 0.5754 0.6750 -0.4619
vn 0.6597 0.6002 -0.4523
vn 0.6784 0.5660 -0.4684
vn 0.6942 0.5236 -0.4938
vn 0.6969 0.4933 -0.5206
vn 0.6879 0.4870 -0.5382
vn 0.6919 0.4806 -0.5387
vn 0.7202 0.4472 -0.5303
vn 0.7765 0.3315 -0.5359
vn 0.7755 0.2475 -0.5809
vn -0.9449 0.3257 -0.0324
vn -0.9019 0.4320 0.0058
vn -0.7297 0.6805 0.0669
vn -0.5250 0.8426 0.1200
vn -0.4803 0.8648 0.1460
vn -0.4670 0.8712 0.1516
vn -0.4576 0.8756 0.1546
vn -0.4484 0.8800 0.1566
vn -0.4388 0.8847 0.1575
vn -0.4284 0.8898 0.1572
vn -0.4165 0.8957 0.1556
vn -0.4027 0.9025 0.1527
vn -0.3863 0.9103 0.1484
vn -0.3723 0.9182 0.1349
vn -0.3396 0.9338 0.1127
vn -0.2976 0.9504 0.0902
vn -0.2480 0.9668 0.0608
vn -0.1942 0.9810 0.0039
vn -0.0885 0.9861 -0.1403
vn 0.2165 0.9121 -0.3481
vn 0.4712 0.7501 -0.4640
vn 0.5518 0.6712 -0.4949
vn 0.6100 0.6008 -0.5166
vn 0.6197 0.5608 -0.5491
vn 0.6277 0.5206 -0.5788
vn 0.6356 0.4808 -0.6041
vn 0.6417 0.4531 -0.6188
vn 0.6602 0.4294 -0.6162
vn 0.7124 0.3899 -0.5835
vn 0.7505 0.3555 -0.5571
vn 0.7294 0.3434 -0.5916
vn -0.9349 0.3521 0.0438
vn -0.8445 0.5313 0.0677
vn -0.6268 0.7705 0.1156
vn -0.4807 0.8659 0.1381
vn -0.4705 0.8707 0.1433
vn -0.4615 0.8748 0.1479
vn -0.4531 0.8785 0.1516
vn -0.4450 0.8821 0.1544
vn -0.4366 0.8860 0.1562
vn -0.4273 0.8904 0.1569
vn -0.4166 0.8955 0.1565
vn -0.4044 0.9014 0.1546
vn -0.3959 0.9063 0.1478
vn -0.4057 0.9047 0.1300
vn -0.3692 0.9237 0.1020
vn -0.3260 0.9422 0.0770
vn -0.3094 0.9501 0.0390
vn -0.2774 0.9606 -0.0155
vn -0.2243 0.9724 -0.0636
vn 0.0603 0.9840 -0.1677
vn 0.3759 0.8765 -0.3008
vn 0.4764 0.7640 -0.4352
vn 0.5212 0.6609 -0.5399
vn 0.5581 0.5760 -0.5974
vn 0.5824 0.5283 -0.6179
vn 0.6047 0.4931 -0.6255
vn 0.6284 0.4586 -0.6283
vn 0.6773 0.4101 -0.6108
vn 0.7538 0.3387 -0.5632
vn 0.7710 0.3553 -0.5286
vn 0.7282 0.4261 -0.5367
vn -0.9335 0.3554 0.0481
vn -0.7957 0.6024 0.0626
vn -0.5612 0.8227 0.0904
vn -0.4886 0.8663 0.1037
vn -0.4828 0.8702 0.0981
vn -0.4783 0.8733 0.0925
vn -0.4746 0.8759 0.0865
vn -0.4710 0.8785 0.0798
vn -0.4668 0.8814 0.0723
vn -0.4615 0.8849 0.0636
vn -0.4544 0.8892 0.0536
vn -0.4457 0.8942 0.0422
vn -0.4368 0.8989 0.0338
vn -0.4359 0.8991 0.0407
vn -0.4175 0.9080 0.0350
vn -0.3874 0.9219 -0.0054
vn -0.3738 0.9264 -0.0443
vn -0.3218 0.9443 -0.0689
vn -0.2341 0.9693 -0.0756
vn 0.0081 0.9961 -0.0876
vn 0.2856 0.9496 -0.1294
vn 0.3630 0.9071 -0.2129
vn 0.4060 0.8428 -0.3532
vn 0.4994 0.7098 -0.4968
vn 0.5608 0.5936 -0.5772
vn 0.5983 0.5236 -0.6065
vn 0.6549 0.4651 -0.5957
vn 0.7341 0.3952 -0.5522
vn 0.7985 0.3200 -0.5099
vn 0.7883 0.3491 -0.5067
vn 0.7298 0.4479 -0.5166
vn -0.9348 0.3514 -0.0510
vn -0.7711 0.6348 -0.0486
vn -0.5460 0.8369 -0.0397
vn -0.5252 0.8502 -0.0363
vn -0.5215 0.8522 -0.0422
vn -0.5188 0.8536 -0.0477
vn -0.5164 0.8547 -0.0531
vn -0.5136 0.8560 -0.0587
vn -0.5098 0.8578 -0.0648
vn -0.5045 0.8604 -0.0716
vn -0.4971 0.8640 -0.0793
vn -0.4717 0.8782 -0.0793
vn -0.4284 0.9020 -0.0535
vn -0.4045 0.9145 -0.0072
vn -0.4390 0.8983 0.0190
vn -0.4480 0.8940 -0.0088
vn -0.4108 0.9101 -0.0553
vn -0.3318 0.9393 -0.0877
vn -0.2152 0.9712 -0.1019
vn 0.0255 0.9924 -0.1203
vn 0.3058 0.9459 -0.1083
vn 0.3392 0.9394 -0.0501
vn 0.3073 0.9502 -0.0508
vn 0.4210 0.8940 -0.1537
vn 0.5307 0.7938 -0.2969
vn 0.6071 0.6685 -0.4296
vn 0.7033 0.5116 -0.4935
vn 0.7749 0.3920 -0.4958
vn 0.8073 0.3252 -0.4925
vn 0.7854 0.3549 -0.5071
vn 0.7274 0.4475 -0.5202
vn -0.9177 0.3611 -0.1657
vn -0.7411 0.6507 -0.1652
vn -0.5473 0.8219 -0.1579
vn -0.5425 0.8258 -0.1545
vn -0.5386 0.8290 -0.1504
vn -0.5352 0.8321 -0.1458
vn -0.5315 0.8353 -0.1408
vn -0.5270 0.8390 -0.1354
vn -0.5212 0.8435 -0.1299
vn -0.5138 0.8488 -0.1245
vn -0.4823 0.8695 -0.1068
vn -0.4154 0.9074 -0.0636
vn -0.3469 0.9379 -0.0097
vn -0.3479 0.9370 0.0301
vn -0.4371 0.8982 0.0475
vn -0.4770 0.8780 0.0413
vn -0.4405 0.8977 0.0117
vn -0.3508 0.9356 -0.0397
vn -0.2016 0.9762 -0.0800
vn 0.0952 0.9923 -0.0790
vn 0.3967 0.9169 -0.0433
vn 0.4304 0.9022 0.0285
vn 0.3360 0.9341 0.1209
vn 0.3404 0.9293 0.1432
vn 0.4228 0.9039 0.0650
vn 0.5728 0.8176 -0.0586
vn 0.7509 0.6395 -0.1646
vn 0.8329 0.4940 -0.2496
vn 0.8463 0.4133 -0.3360
vn 0.8013 0.4230 -0.4231
vn 0.7218 0.4884 -0.4904
vn -0.8971 0.4009 -0.1855
vn -0.7095 0.6804 -0.1834
vn -0.5444 0.8204 -0.1750
vn -0.5389 0.8247 -0.1718
vn -0.5344 0.8284 -0.1679
vn -0.5303 0.8319 -0.1632
vn -0.5261 0.8356 -0.1580
vn -0.5210 0.8398 -0.1524
vn -0.5148 0.8447 -0.1465
vn -0.4831 0.8663 -0.1269
vn -0.4047 0.9109 -0.0801
vn -0.3263 0.9449 -0.0270
vn -0.2905 0.9569 0.0044
vn -0.3328 0.9428 0.0185
vn -0.4417 0.8966 0.0327
vn -0.4854 0.8734 0.0390
vn -0.4558 0.8894 0.0360
vn -0.3934 0.9193 0.0086
vn -0.1656 0.9858 -0.0268
vn 0.2218 0.9750 -0.0091
vn 0.4596 0.8877 0.0275
vn 0.5014 0.8637 0.0516
vn 0.4254 0.8985 0.1086
vn 0.3382 0.9265 0.1651
vn 0.3576 0.9175 0.1738
vn 0.5220 0.8398 0.1495
vn 0.7249 0.6813 0.1021
vn 0.8152 0.5778 0.0408
vn 0.8518 0.5225 -0.0373
vn 0.8304 0.5450 -0.1162
vn 0.7705 0.6086 -0.1897
vn -0.8779 0.4384 -0.1927
vn -0.6834 0.7031 -0.1964
vn -0.5415 0.8187 -0.1909
vn -0.5351 0.8236 -0.1879
vn -0.5297 0.8280 -0.1841
vn -0.5248 0.8321 -0.1795
vn -0.5197 0.8364 -0.1742
vn -0.5140 0.8411 -0.1684
vn -0.4855 0.8613 -0.1496
vn -0.4033 0.9091 -0.1041
vn -0.3148 0.9477 -0.0525
vn -0.2792 0.9599 -0.0245
vn -0.2800 0.9598 -0.0172
vn -0.3288 0.9444 -0.0055
vn -0.4376 0.8990 0.0156
vn -0.4851 0.8740 0.0268
vn -0.4564 0.8894 0.0255
vn -0.3867 0.9213 0.0396
vn -0.0817 0.9947 0.0626
vn 0.3145 0.9472 0.0617
vn 0.4777 0.8770 0.0512
vn 0.5195 0.8534 0.0442
vn 0.4971 0.8644 0.0758
vn 0.3960 0.9061 0.1487
vn 0.3537 0.9171 0.1839
vn 0.5185 0.8394 0.1627
vn 0.7147 0.6877 0.1279
vn 0.7904 0.6023 0.1116
vn 0.8252 0.5552 0.1039
vn 0.8055 0.5830 0.1061
vn 0.7510 0.6526 0.1009
vn -0.8724 0.4529 -0.1840
vn -0.6665 0.7163 -0.2066
vn -0.5387 0.8172 -0.2048
vn -0.5311 0.8229 -0.2021
vn -0.5246 0.8279 -0.1984
vn -0.5187 0.8327 -0.1939
vn -0.5127 0.8376 -0.1887
vn -0.4903 0.8541 -0.1734
vn -0.4121 0.9013 -0.1339
vn -0.3142 0.9456 -0.0842
vn -0.2706 0.9610 -0.0564
vn -0.2727 0.9609 -0.0490
vn -0.2791 0.9592 -0.0444
vn -0.3165 0.9481 -0.0308
vn -0.4251 0.9051 -0.0032
vn -0.4828 0.8756 0.0135
vn -0.4339 0.9005 0.0281
vn -0.2698 0.9582 0.0957
vn 0.0183 0.9857 0.1677
vn 0.3053 0.9413 0.1442
vn 0.4608 0.8839 0.0795
vn 0.5192 0.8530 0.0537
vn 0.5453 0.8360 0.0617
vn 0.4706 0.8746 0.1163
vn 0.3740 0.9105 0.1763
vn 0.5182 0.8374 0.1740
vn 0.7173 0.6827 0.1392
vn 0.7908 0.5995 0.1235
vn 0.8257 0.5522 0.1151
vn 0.7982 0.5908 0.1173
vn 0.7323 0.6704 0.1195
vn -0.8935 0.4482 -0.0273
vn -0.6917 0.7156 -0.0974
vn -0.5695 0.8060 -0.1613
vn -0.5429 0.8155 -0.2005
vn -0.5193 0.8283 -0.2103
vn -0.5121 0.8338 -0.2060
vn -0.4978 0.8447 -0.1965
vn -0.4304 0.8870 -0.1670
vn -0.3247 0.9382 -0.1201
vn -0.2663 0.9598 -0.0891
vn -0.2641 0.9612 -0.0800
vn -0.2711 0.9596 -0.0756
vn -0.2771 0.9582 -0.0709
vn -0.2980 0.9528 -0.0577
vn -0.4046 0.9141 -0.0255
vn -0.4609 0.8874 0.0094
vn -0.3310 0.9408 0.0730
vn -0.0906 0.9810 0.1716
vn 0.1045 0.9672 0.2314
vn 0.2399 0.9481 0.2088
vn 0.4042 0.9057 0.1276
vn 0.5117 0.8563 0.0700
vn 0.5589 0.8275 0.0541
vn 0.5392 0.8379 0.0847
vn 0.4329 0.8874 0.1584
vn 0.5245 0.8321 0.1803
vn 0.7224 0.6752 0.1493
vn 0.7913 0.5964 0.1351
vn 0.8263 0.5489 0.1262
vn 0.7869 0.6033 0.1294
vn 0.7177 0.6845 0.1281
vn -0.9084 0.3979 0.1283
vn -0.7377 0.6710 0.0743
vn -0.6236 0.7817 0.0064
vn -0.5880 0.8071 -0.0537
vn -0.5497 0.8270 -0.1180
vn -0.5170 0.8413 -0.1579
vn -0.4660 0.8709 -0.1561
vn -0.3662 0.9206 -0.1354
vn -0.2708 0.9554 -0.1178
vn -0.2563 0.9605 -0.1082
vn -0.2626 0.9592 -0.1047
vn -0.2688 0.9579 -0.1005
vn -0.2741 0.9569 -0.0959
vn -0.2817 0.9555 -0.0873
vn -0.3577 0.9328 -0.0437
vn -0.3511 0.9348 0.0543
vn -0.1475 0.9746 0.1686
vn 0.0468 0.9693 0.2414
vn 0.1354 0.9565 0.2583
vn 0.1929 0.9508 0.2424
vn 0.3206 0.9294 0.1826
vn 0.4765 0.8735 0.1002
vn 0.5586 0.8271 0.0612
vn 0.5846 0.8084 0.0684
vn 0.5059 0.8536 0.1243
vn 0.5555 0.8141 0.1690
vn 0.7299 0.6650 0.1582
vn 0.7919 0.5928 0.1464
vn 0.8224 0.5532 0.1327
vn 0.7714 0.6230 0.1297
vn 0.7047 0.6975 0.1298
vn -0.9216 0.3635 0.1360
vn -0.7698 0.6269 0.1199
vn -0.6405 0.7606 0.1065
vn -0.6219 0.7777 0.0920
vn -0.6055 0.7945 0.0457
vn -0.5344 0.8452 -0.0032
vn -0.4301 0.9025 -0.0229
vn -0.3494 0.9362 -0.0369
vn -0.2906 0.9535 -0.0798
vn -0.2710 0.9554 -0.1176
vn -0.2608 0.9570 -0.1271
vn -0.2660 0.9561 -0.1233
vn -0.2703 0.9554 -0.1187
vn -0.2349 0.9675 -0.0941
vn -0.2029 0.9792 0.0092
vn -0.1369 0.9774 0.1613
vn 0.0023 0.9677 0.2522
vn 0.0925 0.9580 0.2713
vn 0.1367 0.9539 0.2671
vn 0.1814 0.9478 0.2623
vn 0.2528 0.9382 0.2366
vn 0.4060 0.8994 0.1619
vn 0.5420 0.8359 0.0866
vn 0.5972 0.7999 0.0597
vn 0.5752 0.8128 0.0922
vn 0.6162 0.7743 0.1440
vn 0.7312 0.6666 0.1451
vn 0.7828 0.6114 0.1158
vn 0.8072 0.5844 0.0832
vn 0.7686 0.6342 0.0843
vn 0.7130 0.6918 0.1139
vn -0.9325 0.3380 0.1273
vn -0.7901 0.6042 0.1034
vn -0.6402 0.7634 0.0861
vn -0.6358 0.7666 0.0900
vn -0.6307 0.7703 0.0940
vn -0.5522 0.8296 0.0832
vn -0.4253 0.9032 0.0574
vn -0.3696 0.9286 0.0337
vn -0.3547 0.9350 -0.0041
vn -0.3227 0.9446 -0.0607
vn -0.2855 0.9518 -0.1118
vn -0.2620 0.9561 -0.1315
vn -0.2048 0.9740 -0.0966
vn -0.0744 0.9972 0.0013
vn 0.0429 0.9906 0.1301
vn 0.0505 0.9688 0.2425
vn 0.0516 0.9583 0.2810
vn 0.0951 0.9559 0.2778
vn 0.1389 0.9516 0.2741
vn 0.1830 0.9453 0.2700
vn 0.2291 0.9369 0.2641
vn 0.3288 0.9171 0.2255
vn 0.4965 0.8554 0.1476
vn 0.6062 0.7885 0.1039
vn 0.6350 0.7628 0.1222
vn 0.6504 0.7466 0.1398
vn 0.7036 0.7028 0.1048
vn 0.7581 0.6497 0.0561
vn 0.7862 0.6173 0.0282
vn 0.7880 0.6146 0.0363
vn 0.7479 0.6584 0.0850
vn -0.9405 0.3153 0.1266
vn -0.8132 0.5725 0.1046
vn -0.6468 0.7591 0.0742
vn -0.6337 0.7705 0.0693
vn -0.6281 0.7747 0.0735
vn -0.5762 0.8149 0.0628
vn -0.4537 0.8905 0.0339
vn -0.3841 0.9231 0.0198
vn -0.3880 0.9214 0.0205
vn -0.3735 0.9276 0.0047
vn -0.3030 0.9529 -0.0134
vn -0.2030 0.9791 0.0092
vn -0.0493 0.9965 0.0672
vn 0.1161 0.9836 0.1377
vn 0.1951 0.9617 0.1925
vn 0.1370 0.9611 0.2396
vn 0.0663 0.9587 0.2765
vn 0.0983 0.9541 0.2830
vn 0.1417 0.9495 0.2798
vn 0.1854 0.9430 0.2763
vn 0.2297 0.9344 0.2722
vn 0.2851 0.9230 0.2584
vn 0.4581 0.8623 0.2161
vn 0.6217 0.7629 0.1775
vn 0.6656 0.7254 0.1752
vn 0.6128 0.7741 0.1588
vn 0.6427 0.7609 0.0893
vn 0.7430 0.6684 0.0342
vn 0.7775 0.6284 0.0245
vn 0.8061 0.5914 0.0217
vn 0.7890 0.6121 0.0527
vn -0.9418 0.3098 0.1306
vn -0.8423 0.5265 0.1157
vn -0.6761 0.7335 0.0701
vn -0.6307 0.7745 0.0498
vn -0.6245 0.7792 0.0542
vn -0.5976 0.8004 0.0472
vn -0.4840 0.8748 0.0194
vn -0.3707 0.9287 0.0087
vn -0.3393 0.9393 0.0503
vn -0.3132 0.9405 0.1316
vn -0.2079 0.9543 0.2145
vn -0.0795 0.9588 0.2726
vn 0.0471 0.9587 0.2805
vn 0.1643 0.9580 0.2351
vn 0.2151 0.9566 0.1967
vn 0.1934 0.9576 0.2135
vn 0.1101 0.9578 0.2655
vn 0.1020 0.9523 0.2876
vn 0.1452 0.9475 0.2847
vn 0.1887 0.9408 0.2816
vn 0.2325 0.9320 0.2780
vn 0.2769 0.9210 0.2739
vn 0.4505 0.8573 0.2494
vn 0.6302 0.7470 0.2118
vn 0.6626 0.7226 0.1968
vn 0.5468 0.8154 0.1900
vn 0.5709 0.8104 0.1318
vn 0.7301 0.6813 0.0530
vn 0.7756 0.6307 0.0268
vn 0.8085 0.5883 0.0165
vn 0.8200 0.5717 0.0270
vn -0.9389 0.3189 0.1296
vn -0.8617 0.4900 0.1320
vn -0.7039 0.7014 0.1122
vn -0.6200 0.7782 0.1001
vn -0.6030 0.7894 0.1150
vn -0.5798 0.8020 0.1433
vn -0.4691 0.8670 0.1682
vn -0.3058 0.9329 0.1902
vn -0.2067 0.9481 0.2417
vn -0.1498 0.9353 0.3205
vn -0.0770 0.9219 0.3798
vn -0.0113 0.9186 0.3949
vn 0.0358 0.9254 0.3774
vn 0.1000 0.9396 0.3274
vn 0.1671 0.9516 0.2581
vn 0.2199 0.9517 0.2141
vn 0.1726 0.9553 0.2402
vn 0.1191 0.9523 0.2810
vn 0.1495 0.9455 0.2893
vn 0.1927 0.9385 0.2865
vn 0.2362 0.9295 0.2832
vn 0.2801 0.9184 0.2795
vn 0.4532 0.8543 0.2544
vn 0.6331 0.7435 0.2154
vn 0.6437 0.7375 0.2041
vn 0.5056 0.8362 0.2127
vn 0.4972 0.8499 0.1748
vn 0.6866 0.7226 0.0800
vn 0.7735 0.6331 0.0286
vn 0.8061 0.5915 0.0182
vn 0.8337 0.5521 0.0129
vn -0.9195 0.3610 0.1554
vn -0.8168 0.5219 0.2458
vn -0.6652 0.6801 0.3083
vn -0.5749 0.7515 0.3236
vn -0.5383 0.7724 0.3370
vn -0.4984 0.7857 0.3664
vn -0.4031 0.8273 0.3913
vn -0.2308 0.8899 0.3934
vn -0.1074 0.9142 0.3909
vn -0.0663 0.9168 0.3939
vn -0.0367 0.9191 0.3923
vn -0.0084 0.9205 0.3906
vn 0.0188 0.9210 0.3890
vn 0.0545 0.9234 0.3800
vn 0.1008 0.9320 0.3481
vn 0.1784 0.9414 0.2862
vn 0.2075 0.9463 0.2478
vn 0.1600 0.9498 0.2690
vn 0.1585 0.9437 0.2904
vn 0.1975 0.9360 0.2913
vn 0.2406 0.9268 0.2884
vn 0.2840 0.9155 0.2849
vn 0.4561 0.8514 0.2592
vn 0.6357 0.7403 0.2186
vn 0.6203 0.7551 0.2122
vn 0.4775 0.8510 0.2188
vn 0.4355 0.8784 0.1966
vn 0.6213 0.7747 0.1176
vn 0.7635 0.6444 0.0429
vn 0.8035 0.5949 0.0199
vn 0.8342 0.5515 0.0089
vn -0.8319 0.4816 0.2756
vn -0.6972 0.5931 0.4028
vn -0.5843 0.6635 0.4673
vn -0.5219 0.7033 0.4826
vn -0.4805 0.7309 0.4847
vn -0.4395 0.7553 0.4862
vn -0.3831 0.7910 0.4770
vn -0.2411 0.8636 0.4427
vn -0.1060 0.9092 0.4026
vn -0.0634 0.9185 0.3903
vn -0.0343 0.9209 0.3883
vn -0.0063 0.9223 0.3864
vn 0.0208 0.9229 0.3844
vn 0.0475 0.9227 0.3826
vn 0.0741 0.9217 0.3809
vn 0.1214 0.9240 0.3625
vn 0.1815 0.9304 0.3184
vn 0.1860 0.9383 0.2915
vn 0.1734 0.9398 0.2946
vn 0.2030 0.9331 0.2967
vn 0.2458 0.9237 0.2939
vn 0.2887 0.9123 0.2906
vn 0.4592 0.8482 0.2641
vn 0.6383 0.7371 0.2220
vn 0.5917 0.7751 0.2217
vn 0.4451 0.8667 0.2253
vn 0.4456 0.8638 0.2351
vn 0.6137 0.7513 0.2429
vn 0.7561 0.6184 0.2143
vn 0.8067 0.5608 0.1865
vn 0.8317 0.5297 0.1663
vn -0.6774 0.6354 0.3708
vn -0.6018 0.6495 0.4647
vn -0.5586 0.6727 0.4851
vn -0.5175 0.7031 0.4877
vn -0.4766 0.7300 0.4898
vn -0.4362 0.7539 0.4913
vn -0.3947 0.7766 0.4909
vn -0.2953 0.8332 0.4676
vn -0.1467 0.8974 0.4162
vn -0.0615 0.9199 0.3873
vn -0.0326 0.9224 0.3849
vn -0.0048 0.9239 0.3826
vn 0.0224 0.9246 0.3803
vn 0.0493 0.9244 0.3782
vn 0.0763 0.9234 0.3763
vn 0.0980 0.9229 0.3723
vn 0.1315 0.9260 0.3538
vn 0.1660 0.9315 0.3237
vn 0.1864 0.9325 0.3093
vn 0.2164 0.9251 0.3120
vn 0.2486 0.9175 0.3106
vn 0.2901 0.9085 0.3009
vn 0.4630 0.8444 0.2696
vn 0.6383 0.7363 0.2246
vn 0.5765 0.7817 0.2381
vn 0.4726 0.8336 0.2858
vn 0.5509 0.7607 0.3434
vn 0.6713 0.6273 0.3948
vn 0.7272 0.5568 0.4016
vn 0.7576 0.5493 0.3525
vn 0.7838 0.5569 0.2747
vn -0.5597 0.7585 0.3338
vn -0.5504 0.7264 0.4115
vn -0.5384 0.6994 0.4701
vn -0.5119 0.7042 0.4920
vn -0.4730 0.7285 0.4955
vn -0.4332 0.7518 0.4971
vn -0.3940 0.7724 0.4982
vn -0.3403 0.8040 0.4876
vn -0.2097 0.8687 0.4487
vn -0.0789 0.9129 0.4005
vn -0.0314 0.9234 0.3825
vn -0.0037 0.9250 0.3799
vn 0.0236 0.9258 0.3773
vn 0.0503 0.9258 0.3747
vn 0.0680 0.9274 0.3678
vn 0.0783 0.9322 0.3535
vn 0.1007 0.9357 0.3382
vn 0.1393 0.9353 0.3252
vn 0.1879 0.9307 0.3138
vn 0.2322 0.9216 0.3109
vn 0.2744 0.9047 0.3260
vn 0.3472 0.8658 0.3602
vn 0.4921 0.7901 0.3654
vn 0.6131 0.7259 0.3116
vn 0.5873 0.7561 0.2888
vn 0.5599 0.7602 0.3296
vn 0.6336 0.6863 0.3573
vn 0.6934 0.6383 0.3342
vn 0.6957 0.6560 0.2927
vn 0.6943 0.6785 0.2398
vn 0.7167 0.6768 0.1681
vn -0.5177 0.8095 0.2771
vn -0.4918 0.8120 0.3143
vn -0.4920 0.7831 0.3803
vn -0.4818 0.7541 0.4463
vn -0.4546 0.7440 0.4897
vn -0.4305 0.7487 0.5040
vn -0.3919 0.7688 0.5053
vn -0.3536 0.7867 0.5060
vn -0.2700 0.8303 0.4876
vn -0.1379 0.8894 0.4358
vn -0.0431 0.9192 0.3914
vn -0.0031 0.9255 0.3787
vn 0.0244 0.9263 0.3759
vn 0.0422 0.9284 0.3692
vn 0.0421 0.9340 0.3548
vn 0.0542 0.9393 0.3387
vn 0.0922 0.9396 0.3295
vn 0.1369 0.9354 0.3260
vn 0.1986 0.9244 0.3255
vn 0.2661 0.9043 0.3338
vn 0.3142 0.8849 0.3437
vn 0.3969 0.8534 0.3380
vn 0.4956 0.8077 0.3193
vn 0.5398 0.7904 0.2898
vn 0.5666 0.7844 0.2524
vn 0.5907 0.7717 0.2355
vn 0.6121 0.7615 0.2132
vn 0.6326 0.7563 0.1667
vn 0.6397 0.7579 0.1276
vn 0.6478 0.7535 0.1122
vn 0.6750 0.7300 0.1066
vn -0.5046 0.8184 0.2749
vn -0.4620 0.8434 0.2744
vn -0.4395 0.8497 0.2913
vn -0.4178 0.8423 0.3405
vn -0.4119 0.8190 0.3995
vn -0.4031 0.7959 0.4518
vn -0.3706 0.7875 0.4924
vn -0.3474 0.7860 0.5114
vn -0.3061 0.8042 0.5095
vn -0.2133 0.8512 0.4796
vn -0.0919 0.9004 0.4253
vn -0.0120 0.9220 0.3870
vn 0.0226 0.9265 0.3755
vn 0.0216 0.9301 0.3666
vn 0.0167 0.9353 0.3535
vn 0.0486 0.9373 0.3452
vn 0.0981 0.9346 0.3419
vn 0.1817 0.9175 0.3539
vn 0.2534 0.8881 0.3834
vn 0.2954 0.8712 0.3920
vn 0.3087 0.8750 0.3730
vn 0.3436 0.8843 0.3163
vn 0.4453 0.8645 0.2332
vn 0.4812 0.8550 0.1933
vn 0.5150 0.8404 0.1688
vn 0.5596 0.8170 0.1391
vn 0.5703 0.8113 0.1287
vn 0.5956 0.7937 0.1237
vn 0.6215 0.7744 0.1184
vn 0.6479 0.7533 0.1127
vn 0.6745 0.7305 0.1071
vn -0.4992 0.8190 0.2829
vn -0.4576 0.8430 0.2827
vn -0.4168 0.8639 0.2829
vn -0.3787 0.8808 0.2841
vn -0.3611 0.8826 0.3011
vn -0.3391 0.8758 0.3435
vn -0.3226 0.8615 0.3922
vn -0.3169 0.8425 0.4355
vn -0.2875 0.8302 0.4775
vn -0.2443 0.8305 0.5007
vn -0.1635 0.8626 0.4787
vn -0.0566 0.9033 0.4253
vn 0.0067 0.9225 0.3859
vn 0.0033 0.9280 0.3725
vn 0.0074 0.9302 0.3669
vn 0.0691 0.9272 0.3681
vn 0.1477 0.9090 0.3897
vn 0.2471 0.8794 0.4070
vn 0.2840 0.8683 0.4067
vn 0.2681 0.8796 0.3930
vn 0.2744 0.8875 0.3702
vn 0.2891 0.8888 0.3556
vn 0.3944 0.8670 0.3045
vn 0.4458 0.8628 0.2384
vn 0.4773 0.8597 0.1818
vn 0.5476 0.8248 0.1404
vn 0.5737 0.8083 0.1327
vn 0.5980 0.7913 0.1274
vn 0.6228 0.7729 0.1215
vn 0.6483 0.7526 0.1153
vn 0.6741 0.7305 0.1093
vn -0.4937 0.8188 0.2931
vn -0.4533 0.8416 0.2936
vn -0.4138 0.8613 0.2949
vn -0.3762 0.8780 0.2958
vn -0.3397 0.8928 0.2959
vn -0.3040 0.9058 0.2953
vn -0.2811 0.9107 0.3026
vn -0.2617 0.9073 0.3290
vn -0.2298 0.9007 0.3688
vn -0.2156 0.8864 0.4097
vn -0.1905 0.8789 0.4374
vn -0.1042 0.8935 0.4367
vn -0.0252 0.9106 0.4125
vn -0.0099 0.9195 0.3929
vn 0.0206 0.9201 0.3912
vn 0.1000 0.9128 0.3961
vn 0.1870 0.9013 0.3908
vn 0.2335 0.8993 0.3698
vn 0.2287 0.9138 0.3358
vn 0.2250 0.9217 0.3160
vn 0.2533 0.9145 0.3155
vn 0.2816 0.9043 0.3209
vn 0.3555 0.8819 0.3096
vn 0.4008 0.8710 0.2843
vn 0.4486 0.8598 0.2440
vn 0.5380 0.8229 0.1830
vn 0.5736 0.8058 0.1476
vn 0.6016 0.7875 0.1337
vn 0.6249 0.7703 0.1272
vn 0.6492 0.7511 0.1202
vn 0.6740 0.7299 0.1135
vn -0.4889 0.8164 0.3075
vn -0.4499 0.8380 0.3087
vn -0.4121 0.8565 0.3106
vn -0.3767 0.8721 0.3122
vn -0.3418 0.8862 0.3128
vn -0.3069 0.8989 0.3127
vn -0.2718 0.9104 0.3119
vn -0.2360 0.9208 0.3107
vn -0.2002 0.9296 0.3093
vn -0.1768 0.9320 0.3165
vn -0.1539 0.9268 0.3425
vn -0.0932 0.9219 0.3759
vn -0.0313 0.9165 0.3988
vn -0.0016 0.9098 0.4151
vn 0.0363 0.9064 0.4208
vn 0.0941 0.9109 0.4018
vn 0.1529 0.9193 0.3627
vn 0.1807 0.9278 0.3264
vn 0.1959 0.9289 0.3143
vn 0.2347 0.9196 0.3151
vn 0.2724 0.9078 0.3187
vn 0.3121 0.8921 0.3267
vn 0.3750 0.8663 0.3300
vn 0.4141 0.8456 0.3369
vn 0.4545 0.8264 0.3325
vn 0.5261 0.8000 0.2885
vn 0.5705 0.7880 0.2313
vn 0.5989 0.7804 0.1800
vn 0.6236 0.7681 0.1458
vn 0.6564 0.7431 0.1306
vn 0.7032 0.6966 0.1426
vn -0.4856 0.8116 0.3249
vn -0.4436 0.8324 0.3323
vn -0.3989 0.8466 0.3523
vn -0.3650 0.8497 0.3805
vn -0.3345 0.8494 0.4081
vn -0.3023 0.8495 0.4324
vn -0.2682 0.8497 0.4539
vn -0.2316 0.8504 0.4723
vn -0.1933 0.8514 0.4876
vn -0.1639 0.8539 0.4940
vn -0.1332 0.8640 0.4856
vn -0.0735 0.8807 0.4679
vn 0.0157 0.8834 0.4684
vn 0.0586 0.8633 0.5013
vn 0.0334 0.8571 0.5141
vn 0.0638 0.8728 0.4839
vn 0.1436 0.8784 0.4559
vn 0.1997 0.8701 0.4505
vn 0.2400 0.8614 0.4477
vn 0.2716 0.8578 0.4364
vn 0.3060 0.8559 0.4170
vn 0.3612 0.8418 0.4011
vn 0.4119 0.8226 0.3921
vn 0.4436 0.8107 0.3821
vn 0.4769 0.7944 0.3761
vn 0.5256 0.7689 0.3640
vn 0.5665 0.7520 0.3369
vn 0.5983 0.7450 0.2949
vn 0.6331 0.7350 0.2430
vn 0.7007 0.6842 0.2020
vn 0.7741 0.5988 0.2053
vn 0.2628 -0.8112 -0.5224
vn 0.2507 -0.8087 -0.5321
vn 0.2448 -0.8054 -0.5398
vn 0.2505 -0.7990 -0.5467
vn 0.3473 -0.7426 -0.5726
vn 0.4613 -0.6534 -0.6002
vn 0.4984 -0.6165 -0.6096
vn 0.4959 -0.6200 -0.6080
vn 0.4907 -0.6255 -0.6066
vn 0.4831 -0.6326 -0.6054
vn 0.4733 -0.6410 -0.6042
vn 0.4607 -0.6510 -0.6033
vn 0.3757 -0.6851 -0.6241
vn 0.1370 -0.7406 -0.6579
vn -0.0378 -0.7530 -0.6569
vn -0.0643 -0.7534 -0.6544
vn -0.0916 -0.7534 -0.6511
vn -0.1177 -0.7529 -0.6475
vn -0.1427 -0.7520 -0.6436
vn -0.1583 -0.7550 -0.6363
vn -0.1345 -0.7757 -0.6166
vn -0.1415 -0.7960 -0.5885
vn -0.2125 -0.7845 -0.5826
vn -0.3667 -0.7061 -0.6057
vn -0.5593 -0.5530 -0.6175
vn -0.6720 -0.4299 -0.6030
vn -0.6912 -0.4029 -0.6000
vn -0.6699 -0.3999 -0.6255
vn -0.5980 -0.4142 -0.6862
vn -0.5944 -0.4323 -0.6781
vn -0.7413 -0.4253 -0.5192
vn 0.2560 -0.7253 -0.6391
vn 0.2451 -0.7093 -0.6609
vn 0.2330 -0.7035 -0.6714
vn 0.2423 -0.6987 -0.6732
vn 0.3456 -0.6686 -0.6584
vn 0.4674 -0.6257 -0.6245
vn 0.4953 -0.6206 -0.6079
vn 0.4920 -0.6253 -0.6058
vn 0.4861 -0.6320 -0.6036
vn 0.4779 -0.6403 -0.6013
vn 0.4676 -0.6500 -0.5990
vn 0.4546 -0.6612 -0.5968
vn 0.3925 -0.6885 -0.6099
vn 0.1601 -0.7505 -0.6412
vn -0.0347 -0.7691 -0.6382
vn -0.0617 -0.7696 -0.6356
vn -0.0893 -0.7695 -0.6324
vn -0.1157 -0.7689 -0.6289
vn -0.1407 -0.7677 -0.6252
vn -0.1646 -0.7659 -0.6215
vn -0.1761 -0.7705 -0.6126
vn -0.1759 -0.7836 -0.5958
vn -0.2011 -0.7908 -0.5781
vn -0.2672 -0.7686 -0.5813
vn -0.4395 -0.6686 -0.5999
vn -0.6235 -0.5072 -0.5949
vn -0.6723 -0.4290 -0.6033
vn -0.6376 -0.4342 -0.6363
vn -0.6610 -0.4611 -0.5920
vn -0.7653 -0.4767 -0.4325
vn -0.8630 -0.4300 -0.2654
vn 0.2574 -0.6249 -0.7371
vn 0.2394 -0.6175 -0.7492
vn 0.2246 -0.6162 -0.7549
vn 0.2204 -0.6167 -0.7557
vn 0.2637 -0.6224 -0.7369
vn 0.3742 -0.6305 -0.6800
vn 0.4646 -0.6299 -0.6224
vn 0.4873 -0.6323 -0.6023
vn 0.4805 -0.6402 -0.5994
vn 0.4716 -0.6497 -0.5962
vn 0.4607 -0.6605 -0.5929
vn 0.4470 -0.6727 -0.5896
vn 0.3977 -0.7005 -0.5925
vn 0.1820 -0.7685 -0.6134
vn -0.0199 -0.7880 -0.6154
vn -0.0590 -0.7848 -0.6170
vn -0.0869 -0.7846 -0.6139
vn -0.1134 -0.7837 -0.6106
vn -0.1407 -0.7830 -0.6059
vn -0.1666 -0.7838 -0.5982
vn -0.1885 -0.7853 -0.5897
vn -0.1992 -0.7901 -0.5797
vn -0.2115 -0.7933 -0.5709
vn -0.2332 -0.7883 -0.5694
vn -0.3404 -0.7370 -0.5839
vn -0.5430 -0.5979 -0.5896
vn -0.6662 -0.4851 -0.5664
vn -0.7160 -0.4964 -0.4908
vn -0.7985 -0.4914 -0.3478
vn -0.8578 -0.4576 -0.2339
vn -0.8888 -0.4148 -0.1950
vn 0.2821 -0.6149 -0.7364
vn 0.2610 -0.6218 -0.7384
vn 0.2423 -0.6257 -0.7415
vn 0.2266 -0.6279 -0.7446
vn 0.2201 -0.6299 -0.7448
vn 0.2566 -0.6360 -0.7277
vn 0.3620 -0.6446 -0.6734
vn 0.4521 -0.6450 -0.6161
vn 0.4741 -0.6496 -0.5943
vn 0.4644 -0.6601 -0.5904
vn 0.4527 -0.6719 -0.5862
vn 0.4366 -0.6869 -0.5810
vn 0.3757 -0.7295 -0.5716
vn 0.2059 -0.7928 -0.5737
vn 0.0265 -0.8081 -0.5884
vn -0.0537 -0.7997 -0.5980
vn -0.0843 -0.7985 -0.5960
vn -0.1134 -0.7983 -0.5915
vn -0.1470 -0.7994 -0.5825
vn -0.1743 -0.8018 -0.5716
vn -0.1913 -0.8034 -0.5639
vn -0.2060 -0.8026 -0.5598
vn -0.2107 -0.8018 -0.5592
vn -0.2264 -0.7972 -0.5597
vn -0.2867 -0.7752 -0.5629
vn -0.5246 -0.6755 -0.5181
vn -0.7365 -0.5550 -0.3867
vn -0.8084 -0.5224 -0.2712
vn -0.8504 -0.4824 -0.2098
vn -0.8720 -0.4484 -0.1965
vn -0.8874 -0.4188 -0.1929
vn 0.3550 -0.6579 -0.6642
vn 0.3214 -0.6540 -0.6848
vn 0.2908 -0.6430 -0.7085
vn 0.2557 -0.6385 -0.7259
vn 0.2273 -0.6417 -0.7325
vn 0.2163 -0.6453 -0.7327
vn 0.2445 -0.6526 -0.7171
vn 0.3447 -0.6625 -0.6651
vn 0.4342 -0.6648 -0.6078
vn 0.4563 -0.6713 -0.5841
vn 0.4439 -0.6838 -0.5791
vn 0.4124 -0.7127 -0.5675
vn 0.3271 -0.7728 -0.5439
vn 0.2246 -0.8176 -0.5302
vn 0.1007 -0.8291 -0.5499
vn -0.0239 -0.8192 -0.5730
vn -0.0816 -0.8112 -0.5790
vn -0.1184 -0.8112 -0.5727
vn -0.1576 -0.8116 -0.5625
vn -0.1794 -0.8114 -0.5562
vn -0.1930 -0.8096 -0.5543
vn -0.2047 -0.8071 -0.5538
vn -0.2063 -0.8055 -0.5556
vn -0.2161 -0.7987 -0.5616
vn -0.3333 -0.7825 -0.5259
vn -0.6253 -0.6862 -0.3716
vn -0.7950 -0.5613 -0.2302
vn -0.8319 -0.5172 -0.2012
vn -0.8518 -0.4852 -0.1975
vn -0.8698 -0.4535 -0.1945
vn -0.8855 -0.4229 -0.1924
vn 0.4548 -0.6919 -0.5608
vn 0.4120 -0.6992 -0.5844
vn 0.3836 -0.6962 -0.6068
vn 0.3384 -0.6997 -0.6292
vn 0.2879 -0.6990 -0.6546
vn 0.2581 -0.6854 -0.6809
vn 0.2357 -0.6713 -0.7027
vn 0.2382 -0.6719 -0.7013
vn 0.3253 -0.6810 -0.6561
vn 0.4110 -0.6858 -0.6006
vn 0.4241 -0.7042 -0.5694
vn 0.3650 -0.7549 -0.5449
vn 0.2792 -0.8100 -0.5157
vn 0.2287 -0.8350 -0.5004
vn 0.1647 -0.8442 -0.5102
vn 0.0370 -0.8447 -0.5340
vn -0.0756 -0.8380 -0.5405
vn -0.1383 -0.8425 -0.5206
vn -0.1722 -0.8536 -0.4916
vn -0.1809 -0.8656 -0.4669
vn -0.1772 -0.8742 -0.4521
vn -0.1806 -0.8755 -0.4481
vn -0.1915 -0.8781 -0.4384
vn -0.2020 -0.8878 -0.4134
vn -0.4354 -0.8366 -0.3325
vn -0.7114 -0.6691 -0.2149
vn -0.8004 -0.5748 -0.1701
vn -0.8362 -0.5275 -0.1502
vn -0.8450 -0.5161 -0.1401
vn -0.8630 -0.4832 -0.1476
vn -0.8788 -0.4487 -0.1622
vn 0.6224 -0.6463 -0.4415
vn 0.4867 -0.7021 -0.5198
vn 0.4324 -0.7281 -0.5318
vn 0.4031 -0.7433 -0.5339
vn 0.3670 -0.7507 -0.5493
vn 0.3328 -0.7522 -0.5687
vn 0.2930 -0.7658 -0.5725
vn 0.2456 -0.7905 -0.5611
vn 0.2441 -0.8059 -0.5394
vn 0.3391 -0.8044 -0.4878
vn 0.3771 -0.8346 -0.4016
vn 0.3181 -0.8918 -0.3216
vn 0.2679 -0.9254 -0.2679
vn 0.2464 -0.9401 -0.2357
vn 0.2222 -0.9517 -0.2120
vn 0.1357 -0.9692 -0.2057
vn -0.0002 -0.9785 -0.2063
vn -0.1062 -0.9753 -0.1939
vn -0.1396 -0.9747 -0.1743
vn -0.1361 -0.9774 -0.1615
vn -0.1173 -0.9809 -0.1554
vn -0.1270 -0.9816 -0.1424
vn -0.1450 -0.9823 -0.1182
vn -0.1339 -0.9831 -0.1246
vn -0.4124 -0.8984 -0.1509
vn -0.6961 -0.6972 -0.1710
vn -0.7978 -0.5776 -0.1729
vn -0.8573 -0.4980 -0.1305
vn -0.8551 -0.5106 -0.0898
vn -0.8573 -0.5113 -0.0609
vn -0.8638 -0.4999 -0.0639
vn 0.8368 -0.4968 -0.2302
vn 0.6455 -0.6638 -0.3777
vn 0.4631 -0.7820 -0.4171
vn 0.4064 -0.8374 -0.3654
vn 0.3995 -0.8683 -0.2941
vn 0.3726 -0.8988 -0.2309
vn 0.3218 -0.9305 -0.1749
vn 0.2764 -0.9520 -0.1314
vn 0.2535 -0.9610 -0.1106
vn 0.3039 -0.9473 -0.1015
vn 0.3305 -0.9400 -0.0843
vn 0.2696 -0.9614 -0.0547
vn 0.2245 -0.9744 -0.0156
vn 0.2072 -0.9777 0.0347
vn 0.1994 -0.9763 0.0839
vn 0.1746 -0.9773 0.1202
vn 0.0976 -0.9871 0.1266
vn -0.0154 -0.9942 0.1064
vn -0.0716 -0.9941 0.0809
vn -0.0730 -0.9954 0.0621
vn -0.0739 -0.9956 0.0582
vn -0.0915 -0.9936 0.0662
vn -0.0778 -0.9962 0.0399
vn -0.0176 -0.9988 -0.0453
vn -0.2814 -0.9488 -0.1433
vn -0.6226 -0.7564 -0.2004
vn -0.7977 -0.5676 -0.2035
vn -0.8794 -0.4451 -0.1689
vn -0.8904 -0.4369 -0.1274
vn -0.8844 -0.4617 -0.0682
vn -0.8692 -0.4941 -0.0176
vn 0.9339 -0.3481 -0.0817
vn 0.7886 -0.6008 -0.1310
vn 0.5043 -0.8553 -0.1187
vn 0.3518 -0.9351 -0.0416
vn 0.3358 -0.9412 0.0376
vn 0.3112 -0.9450 0.1008
vn 0.2791 -0.9502 0.1387
vn 0.2585 -0.9537 0.1536
vn 0.2669 -0.9524 0.1475
vn 0.3267 -0.9383 0.1135
vn 0.3630 -0.9296 0.0647
vn 0.3047 -0.9524 0.0109
vn 0.2122 -0.9769 -0.0254
vn 0.1509 -0.9881 -0.0288
vn 0.1323 -0.9912 -0.0108
vn 0.1180 -0.9929 0.0163
vn 0.0847 -0.9952 0.0488
vn 0.0115 -0.9973 0.0725
vn -0.0479 -0.9960 0.0751
vn -0.0599 -0.9955 0.0735
vn -0.0724 -0.9946 0.0743
vn -0.0653 -0.9966 0.0502
vn 0.0107 -0.9997 -0.0227
vn 0.0697 -0.9934 -0.0912
vn -0.1253 -0.9805 -0.1513
vn -0.5253 -0.8241 -0.2119
vn -0.8002 -0.5658 -0.1989
vn -0.8807 -0.4397 -0.1761
vn -0.9055 -0.3873 -0.1735
vn -0.9173 -0.3694 -0.1487
vn -0.9079 -0.4085 -0.0939
vn 0.9482 -0.3113 -0.0634
vn 0.8085 -0.5883 -0.0157
vn 0.4676 -0.8809 0.0731
vn 0.3033 -0.9459 0.1156
vn 0.2847 -0.9503 0.1259
vn 0.2697 -0.9534 0.1351
vn 0.2581 -0.9555 0.1431
vn 0.2622 -0.9548 0.1404
vn 0.3104 -0.9442 0.1098
vn 0.3752 -0.9243 0.0697
vn 0.4036 -0.9135 0.0519
vn 0.3792 -0.9245 0.0392
vn 0.2961 -0.9552 -0.0055
vn 0.1806 -0.9820 -0.0560
vn 0.0958 -0.9932 -0.0659
vn 0.0498 -0.9982 -0.0329
vn 0.0173 -0.9997 0.0170
vn -0.0143 -0.9982 0.0580
vn -0.0403 -0.9965 0.0727
vn -0.0572 -0.9959 0.0702
vn -0.0491 -0.9976 0.0495
vn 0.0197 -0.9996 -0.0181
vn 0.0921 -0.9915 -0.0915
vn 0.0845 -0.9904 -0.1091
vn -0.0253 -0.9929 -0.1160
vn -0.4543 -0.8829 -0.1185
vn -0.8049 -0.5884 -0.0766
vn -0.8712 -0.4871 -0.0610
vn -0.9019 -0.4265 -0.0683
vn -0.9253 -0.3707 -0.0805
vn -0.9345 -0.3473 -0.0778
vn 0.9355 -0.3221 -0.1449
vn 0.7584 -0.6486 -0.0645
vn 0.3875 -0.9204 0.0528
vn 0.2821 -0.9535 0.1062
vn 0.2725 -0.9546 0.1205
vn 0.2585 -0.9574 0.1290
vn 0.2579 -0.9575 0.1289
vn 0.2979 -0.9490 0.1029
vn 0.3625 -0.9299 0.0620
vn 0.3993 -0.9160 0.0388
vn 0.4040 -0.9141 0.0351
vn 0.4022 -0.9149 0.0349
vn 0.3778 -0.9256 0.0238
vn 0.2580 -0.9661 0.0041
vn 0.0868 -0.9962 0.0103
vn 0.0004 -0.9991 0.0419
vn -0.0203 -0.9978 0.0634
vn -0.0324 -0.9972 0.0675
vn -0.0365 -0.9972 0.0645
vn -0.0418 -0.9977 0.0539
vn 0.0112 -0.9998 0.0136
vn 0.1022 -0.9942 -0.0332
vn 0.1215 -0.9919 -0.0364
vn 0.0769 -0.9970 -0.0093
vn 0.0152 -0.9998 0.0150
vn -0.4040 -0.9135 0.0477
vn -0.7841 -0.6175 0.0625
vn -0.8523 -0.5203 0.0534
vn -0.8831 -0.4670 0.0457
vn -0.9100 -0.4133 0.0338
vn -0.9327 -0.3600 0.0203
vn 0.8949 -0.3526 -0.2737
vn 0.6725 -0.7118 -0.2027
vn 0.2837 -0.9562 -0.0714
vn 0.2369 -0.9713 -0.0221
vn 0.2388 -0.9711 0.0032
vn 0.2291 -0.9730 0.0277
vn 0.2464 -0.9682 0.0441
vn 0.3261 -0.9445 0.0387
vn 0.3918 -0.9198 0.0219
vn 0.4020 -0.9155 0.0158
vn 0.4028 -0.9151 0.0161
vn 0.4016 -0.9156 0.0162
vn 0.3976 -0.9174 0.0166
vn 0.2817 -0.9587 0.0385
vn 0.0879 -0.9939 0.0660
vn -0.0038 -0.9979 0.0639
vn -0.0256 -0.9982 0.0538
vn -0.0319 -0.9982 0.0511
vn -0.0218 -0.9990 0.0387
vn -0.0147 -0.9998 0.0148
vn 0.0309 -0.9995 0.0120
vn 0.1049 -0.9936 0.0415
vn 0.1147 -0.9908 0.0720
vn 0.0760 -0.9931 0.0895
vn 0.0314 -0.9953 0.0918
vn -0.3469 -0.9326 0.0991
vn -0.7488 -0.6582 0.0773
vn -0.8474 -0.5280 0.0562
vn -0.8763 -0.4788 0.0528
vn -0.9024 -0.4280 0.0498
vn -0.9224 -0.3841 0.0406
vn 0.8663 -0.3801 -0.3241
vn 0.6053 -0.7466 -0.2761
vn 0.2178 -0.9605 -0.1731
vn 0.1930 -0.9689 -0.1549
vn 0.1897 -0.9719 -0.1396
vn 0.1834 -0.9757 -0.1194
vn 0.1979 -0.9753 -0.0983
vn 0.2776 -0.9583 -0.0686
vn 0.3608 -0.9321 -0.0319
vn 0.3912 -0.9203 -0.0089
vn 0.4005 -0.9163 -0.0046
vn 0.3997 -0.9166 -0.0041
vn 0.3728 -0.9277 0.0166
vn 0.2360 -0.9688 0.0763
vn 0.1017 -0.9880 0.1159
vn 0.0519 -0.9936 0.1002
vn 0.0122 -0.9977 0.0668
vn 0.0048 -0.9997 0.0250
vn 0.0163 -0.9997 -0.0203
vn -0.0174 -0.9994 -0.0310
vn -0.0305 -0.9995 0.0015
vn 0.0316 -0.9985 0.0447
vn 0.0823 -0.9934 0.0798
vn 0.0785 -0.9930 0.0885
vn 0.0435 -0.9956 0.0835
vn -0.2817 -0.9554 0.0881
vn -0.7037 -0.7066 0.0740
vn -0.8431 -0.5348 0.0569
vn -0.8728 -0.4852 0.0525
vn -0.8998 -0.4336 0.0483
vn -0.9077 -0.4186 0.0279
vn 0.8514 -0.4097 -0.3275
vn 0.5757 -0.7717 -0.2702
vn 0.2065 -0.9621 -0.1782
vn 0.1858 -0.9668 -0.1754
vn 0.1725 -0.9692 -0.1755
vn 0.1643 -0.9705 -0.1765
vn 0.1639 -0.9705 -0.1768
vn 0.1927 -0.9675 -0.1636
vn 0.2627 -0.9569 -0.1235
vn 0.3290 -0.9416 -0.0720
vn 0.3757 -0.9260 -0.0362
vn 0.3868 -0.9220 -0.0170
vn 0.2985 -0.9537 0.0353
vn 0.1587 -0.9811 0.1108
vn 0.1246 -0.9838 0.1287
vn 0.1335 -0.9872 0.0868
vn 0.0806 -0.9961 0.0364
vn 0.0515 -0.9986 0.0075
vn 0.0548 -0.9985 -0.0003
vn -0.0029 -0.9999 -0.0103
vn -0.0605 -0.9978 -0.0289
vn -0.0490 -0.9986 -0.0211
vn 0.0109 -0.9998 0.0150
vn 0.0544 -0.9971 0.0528
vn 0.0463 -0.9965 0.0702
vn -0.2256 -0.9711 0.0776
vn -0.6623 -0.7459 0.0711
vn -0.8381 -0.5425 0.0581
vn -0.8686 -0.4927 0.0526
vn -0.8917 -0.4509 0.0388
vn -0.8816 -0.4720 0.0033
vn 0.8296 -0.4477 -0.3337
vn 0.5459 -0.7918 -0.2737
vn 0.2085 -0.9593 -0.1906
vn 0.1891 -0.9632 -0.1909
vn 0.1752 -0.9656 -0.1922
vn 0.1664 -0.9668 -0.1941
vn 0.1619 -0.9671 -0.1964
vn 0.1611 -0.9667 -0.1988
vn 0.1819 -0.9640 -0.1937
vn 0.2258 -0.9602 -0.1646
vn 0.2923 -0.9492 -0.1168
vn 0.3225 -0.9446 -0.0617
vn 0.2229 -0.9748 -0.0105
vn 0.1241 -0.9923 -0.0034
vn 0.1494 -0.9879 -0.0421
vn 0.1594 -0.9847 -0.0707
vn 0.0736 -0.9961 -0.0485
vn 0.0218 -0.9998 -0.0022
vn 0.0427 -0.9986 0.0308
vn 0.0517 -0.9983 0.0276
vn 0.0032 -0.9999 -0.0120
vn -0.0580 -0.9970 -0.0516
vn -0.0610 -0.9968 -0.0523
vn -0.0193 -0.9997 -0.0175
vn 0.0074 -0.9997 0.0244
vn -0.1964 -0.9788 0.0585
vn -0.6266 -0.7763 0.0690
vn -0.8323 -0.5510 0.0602
vn -0.8611 -0.5060 0.0498
vn -0.8687 -0.4950 0.0186
vn -0.8515 -0.5237 -0.0251
vn 0.8069 -0.4845 -0.3380
vn 0.5193 -0.8083 -0.2774
vn 0.2146 -0.9554 -0.2030
vn 0.1946 -0.9593 -0.2046
vn 0.1800 -0.9617 -0.2068
vn 0.1701 -0.9629 -0.2096
vn 0.1645 -0.9632 -0.2126
vn 0.1624 -0.9629 -0.2155
vn 0.1489 -0.9671 -0.2061
vn 0.1399 -0.9753 -0.1712
vn 0.1831 -0.9762 -0.1165
vn 0.2527 -0.9645 -0.0771
vn 0.2446 -0.9649 -0.0958
vn 0.1790 -0.9716 -0.1546
vn 0.1469 -0.9733 -0.1766
vn 0.0834 -0.9890 -0.1223
vn 0.0046 -0.9984 -0.0556
vn -0.0259 -0.9992 -0.0289
vn -0.0089 -0.9999 -0.0141
vn 0.0445 -0.9990 0.0109
vn 0.0722 -0.9973 0.0132
vn 0.0201 -0.9995 -0.0262
vn -0.0584 -0.9959 -0.0698
vn -0.0805 -0.9938 -0.0768
vn -0.0647 -0.9967 -0.0485
vn -0.2194 -0.9756 -0.0076
vn -0.6247 -0.7801 0.0358
vn -0.8305 -0.5543 0.0558
vn -0.8417 -0.5387 0.0378
vn -0.8324 -0.5541 -0.0066
vn -0.8284 -0.5587 -0.0407
vn 0.7843 -0.5324 -0.3185
vn 0.5120 -0.8206 -0.2541
vn 0.2364 -0.9492 -0.2078
vn 0.2022 -0.9552 -0.2160
vn 0.1866 -0.9577 -0.2191
vn 0.1756 -0.9590 -0.2225
vn 0.1493 -0.9665 -0.2086
vn 0.1304 -0.9773 -0.1671
vn 0.1064 -0.9885 -0.1079
vn 0.0737 -0.9961 -0.0477
vn 0.1340 -0.9907 -0.0235
vn 0.2717 -0.9606 -0.0585
vn 0.3317 -0.9366 -0.1133
vn 0.2542 -0.9574 -0.1372
vn 0.1082 -0.9880 -0.1098
vn 0.0023 -0.9981 -0.0618
vn -0.0275 -0.9987 -0.0426
vn -0.0317 -0.9985 -0.0437
vn -0.0364 -0.9983 -0.0447
vn -0.0134 -0.9994 -0.0330
vn 0.0556 -0.9984 -0.0064
vn 0.0899 -0.9960 -0.0015
vn 0.0217 -0.9990 -0.0389
vn -0.0668 -0.9943 -0.0825
vn -0.1065 -0.9895 -0.0975
vn -0.2651 -0.9608 -0.0814
vn -0.6550 -0.7546 -0.0394
vn -0.8396 -0.5432 -0.0003
vn -0.8191 -0.5736 -0.0067
vn -0.8009 -0.5980 -0.0326
vn -0.8169 -0.5748 -0.0484
vn 0.7752 -0.6074 -0.1735
vn 0.5728 -0.8082 -0.1366
vn 0.3342 -0.9258 -0.1764
vn 0.2275 -0.9487 -0.2195
vn 0.1760 -0.9615 -0.2112
vn 0.1489 -0.9744 -0.1687
vn 0.1054 -0.9888 -0.1058
vn 0.0632 -0.9971 -0.0428
vn 0.0511 -0.9987 0.0060
vn 0.0444 -0.9988 0.0222
vn 0.1692 -0.9854 -0.0213
vn 0.3321 -0.9395 -0.0845
vn 0.3689 -0.9235 -0.1049
vn 0.2745 -0.9571 -0.0929
vn 0.0790 -0.9944 -0.0700
vn -0.0238 -0.9980 -0.0588
vn -0.0281 -0.9978 -0.0602
vn -0.0327 -0.9976 -0.0612
vn -0.0380 -0.9974 -0.0617
vn -0.0429 -0.9972 -0.0609
vn -0.0074 -0.9989 -0.0463
vn 0.0714 -0.9973 -0.0166
vn 0.0926 -0.9956 -0.0114
vn 0.0116 -0.9987 -0.0491
vn -0.0805 -0.9925 -0.0918
vn -0.2771 -0.9548 -0.1074
vn -0.6656 -0.7411 -0.0884
vn -0.8500 -0.5233 -0.0607
vn -0.8167 -0.5749 -0.0508
vn -0.7888 -0.6129 -0.0468
vn -0.8097 -0.5847 -0.0498
vn 0.7800 -0.6257 0.0038
vn 0.6622 -0.7492 -0.0163
vn 0.4923 -0.8678 -0.0675
vn 0.3088 -0.9449 -0.1088
vn 0.1667 -0.9809 -0.1006
vn 0.0848 -0.9951 -0.0502
vn 0.0558 -0.9984 -0.0018
vn 0.0299 -0.9994 0.0150
vn 0.0278 -0.9995 0.0115
vn 0.0721 -0.9973 -0.0147
vn 0.2370 -0.9685 -0.0760
vn 0.3584 -0.9260 -0.1185
vn 0.3610 -0.9245 -0.1220
vn 0.2630 -0.9586 -0.1093
vn 0.0720 -0.9937 -0.0859
vn -0.0232 -0.9969 -0.0750
vn -0.0284 -0.9967 -0.0762
vn -0.0338 -0.9965 -0.0769
vn -0.0399 -0.9962 -0.0769
vn -0.0472 -0.9960 -0.0763
vn -0.0472 -0.9964 -0.0707
vn 0.0055 -0.9987 -0.0500
vn 0.0842 -0.9962 -0.0208
vn 0.0832 -0.9963 -0.0202
vn -0.0271 -0.9988 -0.0415
vn -0.2697 -0.9623 -0.0355
vn -0.6356 -0.7715 -0.0288
vn -0.8385 -0.5418 -0.0573
vn -0.8316 -0.5511 -0.0683
vn -0.7954 -0.6036 -0.0549
vn -0.8022 -0.5949 -0.0511
vn 0.8272 -0.5535 0.0967
vn 0.7120 -0.6978 0.0787
vn 0.5548 -0.8236 0.1179
vn 0.4005 -0.9055 0.1405
vn 0.2373 -0.9652 0.1096
vn 0.1080 -0.9930 0.0479
vn 0.0541 -0.9985 0.0057
vn 0.0335 -0.9994 -0.0070
vn 0.0323 -0.9994 -0.0131
vn 0.1303 -0.9901 -0.0514
vn 0.2982 -0.9476 -0.1144
vn 0.3577 -0.9234 -0.1396
vn 0.3529 -0.9256 -0.1369
vn 0.2503 -0.9603 -0.1234
vn 0.0641 -0.9930 -0.0994
vn -0.0221 -0.9958 -0.0890
vn -0.0285 -0.9955 -0.0901
vn -0.0350 -0.9953 -0.0904
vn -0.0421 -0.9951 -0.0899
vn -0.0503 -0.9948 -0.0887
vn -0.0600 -0.9944 -0.0868
vn -0.0477 -0.9960 -0.0751
vn 0.0155 -0.9991 -0.0404
vn 0.0549 -0.9981 0.0272
vn -0.0318 -0.9926 0.1169
vn -0.2373 -0.9564 0.1701
vn -0.5281 -0.8390 0.1311
vn -0.7578 -0.6523 0.0163
vn -0.8339 -0.5487 -0.0603
vn -0.8118 -0.5807 -0.0612
vn -0.7961 -0.6028 -0.0537
vn 0.8671 -0.4739 0.1536
vn 0.7060 -0.6800 0.1980
vn 0.5086 -0.8196 0.2639
vn 0.4355 -0.8519 0.2910
vn 0.3540 -0.8986 0.2594
vn 0.2555 -0.9482 0.1886
vn 0.1573 -0.9815 0.1094
vn 0.1032 -0.9941 0.0327
vn 0.0766 -0.9967 -0.0284
vn 0.1916 -0.9772 -0.0913
vn 0.3379 -0.9303 -0.1425
vn 0.3505 -0.9241 -0.1523
vn 0.3449 -0.9267 -0.1494
vn 0.2368 -0.9622 -0.1347
vn 0.0558 -0.9923 -0.1102
vn -0.0206 -0.9947 -0.1005
vn -0.0283 -0.9945 -0.1013
vn -0.0362 -0.9942 -0.1012
vn -0.0445 -0.9940 -0.1003
vn -0.0614 -0.9938 -0.0931
vn -0.0915 -0.9937 -0.0649
vn -0.1125 -0.9936 -0.0071
vn -0.0924 -0.9922 0.0841
vn -0.0628 -0.9788 0.1947
vn -0.0904 -0.9545 0.2842
vn -0.1832 -0.9303 0.3178
vn -0.3511 -0.8962 0.2714
vn -0.5849 -0.7969 0.1511
vn -0.7684 -0.6398 0.0158
vn -0.8148 -0.5770 -0.0561
vn -0.7994 -0.5977 -0.0612
vn 0.8630 -0.4746 0.1735
vn 0.6777 -0.6906 0.2525
vn 0.4753 -0.8288 0.2954
vn 0.4419 -0.8454 0.3002
vn 0.4103 -0.8597 0.3042
vn 0.3585 -0.8851 0.2967
vn 0.2945 -0.9203 0.2577
vn 0.2504 -0.9484 0.1948
vn 0.2248 -0.9669 0.1208
vn 0.3218 -0.9466 0.0186
vn 0.4114 -0.9100 -0.0521
vn 0.3908 -0.9171 -0.0790
vn 0.3707 -0.9240 -0.0939
vn 0.2447 -0.9659 -0.0848
vn 0.0581 -0.9965 -0.0602
vn -0.0152 -0.9989 -0.0451
vn -0.0295 -0.9991 -0.0309
vn -0.0428 -0.9991 -0.0074
vn -0.0555 -0.9981 0.0260
vn -0.0865 -0.9936 0.0721
vn -0.1461 -0.9809 0.1282
vn -0.1930 -0.9624 0.1910
vn -0.2063 -0.9426 0.2624
vn -0.1602 -0.9353 0.3154
vn -0.1269 -0.9344 0.3329
vn -0.1618 -0.9277 0.3363
vn -0.2300 -0.9171 0.3258
vn -0.3883 -0.8813 0.2694
vn -0.6092 -0.7784 0.1514
vn -0.7543 -0.6560 0.0250
vn -0.8052 -0.5923 -0.0296
vn 0.8408 -0.5115 0.1774
vn 0.6449 -0.7207 0.2543
vn 0.4736 -0.8310 0.2918
vn 0.4410 -0.8473 0.2960
vn 0.4101 -0.8615 0.2994
vn 0.3811 -0.8737 0.3023
vn 0.3538 -0.8844 0.3044
vn 0.3280 -0.8937 0.3060
vn 0.3660 -0.8903 0.2709
vn 0.4792 -0.8581 0.1847
vn 0.5112 -0.8506 0.1233
vn 0.4769 -0.8732 0.1008
vn 0.4436 -0.8919 0.0884
vn 0.2922 -0.9501 0.1090
vn 0.0887 -0.9861 0.1406
vn 0.0076 -0.9876 0.1569
vn -0.0242 -0.9847 0.1726
vn -0.0544 -0.9789 0.1968
vn -0.0830 -0.9696 0.2302
vn -0.1207 -0.9558 0.2681
vn -0.1750 -0.9392 0.2956
vn -0.2264 -0.9251 0.3049
vn -0.2618 -0.9141 0.3097
vn -0.2076 -0.9251 0.3179
vn -0.1377 -0.9352 0.3263
vn -0.1575 -0.9295 0.3334
vn -0.1979 -0.9209 0.3358
vn -0.2693 -0.9066 0.3249
vn -0.4281 -0.8612 0.2741
vn -0.6248 -0.7580 0.1872
vn -0.7520 -0.6524 0.0938
vn 0.8121 -0.5472 0.2028
vn 0.6201 -0.7367 0.2697
vn 0.4773 -0.8291 0.2911
vn 0.4409 -0.8487 0.2920
vn 0.4108 -0.8627 0.2949
vn 0.3825 -0.8749 0.2972
vn 0.3557 -0.8855 0.2989
vn 0.3305 -0.8949 0.3001
vn 0.4302 -0.8621 0.2679
vn 0.5565 -0.8031 0.2129
vn 0.5538 -0.8085 0.1991
vn 0.5196 -0.8295 0.2051
vn 0.4839 -0.8493 0.2111
vn 0.3192 -0.9147 0.2478
vn 0.1066 -0.9524 0.2855
vn 0.0275 -0.9548 0.2961
vn -0.0159 -0.9542 0.2986
vn -0.0585 -0.9518 0.3012
vn -0.1002 -0.9475 0.3037
vn -0.1414 -0.9414 0.3061
vn -0.1825 -0.9337 0.3082
vn -0.2238 -0.9241 0.3099
vn -0.2655 -0.9125 0.3112
vn -0.2353 -0.9191 0.3160
vn -0.1590 -0.9324 0.3245
vn -0.1544 -0.9309 0.3312
vn -0.1940 -0.9223 0.3342
vn -0.2364 -0.9113 0.3372
vn -0.3397 -0.8738 0.3480
vn -0.5036 -0.7928 0.3432
vn -0.6094 -0.7445 0.2727
vn 0.7688 -0.5754 0.2791
vn 0.6307 -0.7080 0.3177
vn 0.5096 -0.8056 0.3022
vn 0.4436 -0.8482 0.2895
vn 0.4125 -0.8632 0.2911
vn 0.3848 -0.8753 0.2929
vn 0.3586 -0.8859 0.2941
vn 0.3382 -0.8950 0.2909
vn 0.4651 -0.8493 0.2498
vn 0.5823 -0.7875 0.2018
vn 0.5575 -0.8056 0.2004
vn 0.5236 -0.8265 0.2069
vn 0.4880 -0.8463 0.2136
vn 0.3111 -0.9157 0.2543
vn 0.0983 -0.9511 0.2930
vn 0.0323 -0.9526 0.3025
vn -0.0123 -0.9522 0.3051
vn -0.0556 -0.9498 0.3078
vn -0.0978 -0.9456 0.3103
vn -0.1392 -0.9396 0.3127
vn -0.1803 -0.9319 0.3148
vn -0.2214 -0.9224 0.3165
vn -0.2629 -0.9110 0.3179
vn -0.2552 -0.9116 0.3223
vn -0.1799 -0.9276 0.3275
vn -0.1523 -0.9315 0.3303
vn -0.2001 -0.9181 0.3421
vn -0.2509 -0.8937 0.3719
vn -0.3486 -0.8360 0.4237
vn -0.4391 -0.7759 0.4529
vn -0.4722 -0.7586 0.4489
vn 0.7233 -0.5969 0.3473
vn 0.6674 -0.6533 0.3574
vn 0.5791 -0.7452 0.3306
vn 0.4756 -0.8270 0.2999
vn 0.4154 -0.8627 0.2883
vn 0.3883 -0.8748 0.2897
vn 0.3627 -0.8854 0.2906
vn 0.3576 -0.8907 0.2807
vn 0.4944 -0.8371 0.2343
vn 0.5932 -0.7805 0.1973
vn 0.5615 -0.8020 0.2036
vn 0.5278 -0.8228 0.2107
vn 0.4730 -0.8474 0.2409
vn 0.2864 -0.9021 0.3227
vn 0.1047 -0.9209 0.3755
vn 0.0442 -0.9200 0.3894
vn 0.0014 -0.9169 0.3992
vn -0.0396 -0.9137 0.4044
vn -0.0799 -0.9110 0.4046
vn -0.1197 -0.9087 0.3998
vn -0.1593 -0.9068 0.3903
vn -0.1992 -0.9050 0.3758
vn -0.2396 -0.9030 0.3565
vn -0.2548 -0.9051 0.3403
vn -0.2043 -0.9168 0.3431
vn -0.1674 -0.9157 0.3653
vn -0.2065 -0.8990 0.3861
vn -0.2803 -0.8703 0.4051
vn -0.4003 -0.8013 0.4446
vn -0.4549 -0.7431 0.4908
vn -0.4490 -0.7203 0.5287
vn 0.7068 -0.6094 0.3593
vn 0.6873 -0.6287 0.3637
vn 0.6441 -0.6767 0.3568
vn 0.5517 -0.7657 0.3307
vn 0.4507 -0.8404 0.3010
vn 0.3941 -0.8726 0.2885
vn 0.3679 -0.8839 0.2887
vn 0.3824 -0.8817 0.2764
vn 0.5176 -0.8237 0.2315
vn 0.5980 -0.7758 0.2011
vn 0.5653 -0.7977 0.2097
vn 0.5050 -0.8251 0.2534
vn 0.3906 -0.8432 0.3695
vn 0.2467 -0.8431 0.4778
vn 0.1333 -0.8467 0.5151
vn 0.0709 -0.8544 0.5147
vn 0.0210 -0.8581 0.5130
vn -0.0207 -0.8572 0.5146
vn -0.0546 -0.8557 0.5146
vn -0.0881 -0.8555 0.5102
vn -0.1215 -0.8566 0.5014
vn -0.1472 -0.8635 0.4825
vn -0.1685 -0.8802 0.4436
vn -0.2042 -0.8955 0.3953
vn -0.2145 -0.9048 0.3679
vn -0.1930 -0.9101 0.3668
vn -0.2093 -0.9044 0.3718
vn -0.3165 -0.8625 0.3949
vn -0.4670 -0.7645 0.4444
vn -0.5210 -0.6929 0.4984
vn -0.4816 -0.6935 0.5359
vn 0.7073 -0.6110 0.3556
vn 0.6884 -0.6295 0.3602
vn 0.6697 -0.6470 0.3647
vn 0.6242 -0.6942 0.3584
vn 0.5337 -0.7767 0.3343
vn 0.4371 -0.8459 0.3056
vn 0.3797 -0.8783 0.2906
vn 0.4013 -0.8733 0.2762
vn 0.5333 -0.8128 0.2344
vn 0.5975 -0.7721 0.2164
vn 0.5386 -0.7959 0.2766
vn 0.4115 -0.8132 0.4116
vn 0.2818 -0.8004 0.5291
vn 0.2165 -0.7893 0.5746
vn 0.1641 -0.7966 0.5818
vn 0.1110 -0.8120 0.5730
vn 0.0527 -0.8278 0.5586
vn -0.0028 -0.8377 0.5461
vn -0.0388 -0.8422 0.5378
vn -0.0554 -0.8513 0.5218
vn -0.0785 -0.8669 0.4922
vn -0.0995 -0.8819 0.4609
vn -0.1041 -0.8944 0.4350
vn -0.1333 -0.9038 0.4066
vn -0.1906 -0.9052 0.3799
vn -0.2011 -0.9072 0.3696
vn -0.2337 -0.8908 0.3896
vn -0.3802 -0.8112 0.4444
vn -0.5149 -0.7028 0.4910
vn -0.5599 -0.6521 0.5112
vn -0.5188 -0.6717 0.5289
vn 0.7207 -0.5914 0.3617
vn 0.6894 -0.6297 0.3581
vn 0.6715 -0.6460 0.3630
vn 0.6545 -0.6610 0.3671
vn 0.6104 -0.7045 0.3620
vn 0.5266 -0.7789 0.3406
vn 0.4339 -0.8448 0.3129
vn 0.4232 -0.8605 0.2838
vn 0.5329 -0.8070 0.2546
vn 0.5598 -0.7726 0.2994
vn 0.4373 -0.7823 0.4435
vn 0.3075 -0.7720 0.5563
vn 0.2461 -0.7722 0.5857
vn 0.2228 -0.7844 0.5789
vn 0.1928 -0.8022 0.5650
vn 0.1474 -0.8221 0.5499
vn 0.0820 -0.8366 0.5417
vn 0.0110 -0.8399 0.5426
vn -0.0051 -0.8493 0.5279
vn 0.0106 -0.8752 0.4836
vn -0.0086 -0.9025 0.4307
vn -0.0482 -0.9212 0.3862
vn -0.0749 -0.9308 0.3576
vn -0.1116 -0.9286 0.3538
vn -0.2028 -0.9024 0.3803
vn -0.2548 -0.8629 0.4364
vn -0.2872 -0.8168 0.5004
vn -0.4178 -0.7387 0.5289
vn -0.5259 -0.6725 0.5208
vn -0.5668 -0.6453 0.5122
vn -0.5550 -0.6474 0.5223
vn 0.7572 -0.5104 0.4076
vn 0.7137 -0.5822 0.3894
vn 0.6890 -0.6216 0.3728
vn 0.6632 -0.6516 0.3682
vn 0.6430 -0.6705 0.3700
vn 0.6030 -0.7085 0.3667
vn 0.5280 -0.7744 0.3486
vn 0.4773 -0.8186 0.3195
vn 0.5074 -0.8009 0.3180
vn 0.4616 -0.7885 0.4064
vn 0.3351 -0.8043 0.4908
vn 0.2737 -0.8246 0.4951
vn 0.2455 -0.8463 0.4728
vn 0.2186 -0.8618 0.4577
vn 0.1798 -0.8668 0.4652
vn 0.1399 -0.8614 0.4883
vn 0.0967 -0.8618 0.4980
vn 0.0466 -0.8805 0.4717
vn 0.0504 -0.9056 0.4211
vn 0.0710 -0.9232 0.3777
vn 0.0413 -0.9326 0.3586
vn -0.0030 -0.9381 0.3462
vn -0.0491 -0.9419 0.3324
vn -0.1425 -0.9286 0.3426
vn -0.2784 -0.8794 0.3862
vn -0.3564 -0.8231 0.4421
vn -0.3701 -0.7826 0.5006
vn -0.4238 -0.7352 0.5290
vn -0.5037 -0.6972 0.5101
vn -0.5582 -0.6766 0.4802
vn -0.5862 -0.6635 0.4650
vn 0.7880 -0.4165 0.4534
vn 0.7620 -0.4736 0.4417
vn 0.7350 -0.5239 0.4305
vn 0.7033 -0.5682 0.4272
vn 0.6783 -0.6018 0.4217
vn 0.6581 -0.6289 0.4141
vn 0.6196 -0.6724 0.4050
vn 0.5647 -0.7282 0.3885
vn 0.5080 -0.7730 0.3800
vn 0.4056 -0.8281 0.3868
vn 0.3148 -0.8707 0.3778
vn 0.2656 -0.8909 0.3685
vn 0.2250 -0.8941 0.3873
vn 0.1892 -0.8832 0.4292
vn 0.1570 -0.8738 0.4603
vn 0.1421 -0.8807 0.4518
vn 0.1348 -0.9013 0.4117
vn 0.1221 -0.9269 0.3549
vn 0.1015 -0.9442 0.3133
vn 0.0832 -0.9490 0.3040
vn 0.0427 -0.9488 0.3130
vn -0.0061 -0.9441 0.3297
vn -0.0863 -0.9233 0.3743
vn -0.2236 -0.8690 0.4414
vn -0.3521 -0.8027 0.4813
vn -0.4156 -0.7632 0.4948
vn -0.4398 -0.7393 0.5098
vn -0.4530 -0.7120 0.5366
vn -0.4619 -0.7055 0.5375
vn -0.4964 -0.7219 0.4821
vn -0.5703 -0.7092 0.4144
vn 0.4405 -0.5529 -0.7073
vn 0.3953 -0.6281 -0.6703
vn 0.3709 -0.6132 -0.6975
vn 0.3768 -0.5607 -0.7373
vn 0.5179 -0.5616 -0.6453
vn 0.7717 -0.5088 -0.3816
vn 0.9313 -0.3436 -0.1211
vn 0.9640 -0.2621 -0.0458
vn 0.9663 -0.2525 -0.0506
vn 0.9630 -0.2593 -0.0740
vn 0.9342 -0.2914 -0.2058
vn 0.8923 -0.3157 -0.3226
vn 0.8817 -0.3274 -0.3396
vn 0.8747 -0.3347 -0.3505
vn 0.8676 -0.3439 -0.3592
vn 0.8608 -0.3550 -0.3647
vn 0.8718 -0.3422 -0.3505
vn 0.9124 -0.3087 -0.2686
vn 0.9500 -0.3087 -0.0482
vn 0.9345 -0.3348 0.1206
vn 0.9226 -0.3598 0.1393
vn 0.9223 -0.3625 0.1338
vn 0.9216 -0.3661 0.1289
vn 0.9204 -0.3705 0.1249
vn 0.9125 -0.3865 0.1338
vn 0.8776 -0.4405 0.1891
vn 0.8203 -0.4914 0.2925
vn 0.8009 -0.4616 0.3813
vn 0.8227 -0.3844 0.4188
vn 0.8316 -0.3442 0.4359
vn 0.8295 -0.3371 0.4453
vn 0.4643 -0.4571 -0.7586
vn 0.4460 -0.5060 -0.7383
vn 0.3970 -0.5726 -0.7173
vn 0.4053 -0.5794 -0.7071
vn 0.6532 -0.5065 -0.5629
vn 0.9028 -0.3509 -0.2487
vn 0.9660 -0.2521 -0.0569
vn 0.9688 -0.2441 -0.0432
vn 0.9656 -0.2543 -0.0541
vn 0.9552 -0.2809 -0.0929
vn 0.9255 -0.3041 -0.2259
vn 0.8911 -0.3110 -0.3304
vn 0.8846 -0.3151 -0.3438
vn 0.8778 -0.3208 -0.3558
vn 0.8709 -0.3283 -0.3656
vn 0.8769 -0.3187 -0.3598
vn 0.9151 -0.2604 -0.3077
vn 0.9537 -0.1843 -0.2375
vn 0.9738 -0.1959 -0.1158
vn 0.9584 -0.2800 0.0553
vn 0.9372 -0.3229 0.1315
vn 0.9370 -0.3262 0.1255
vn 0.9362 -0.3304 0.1199
vn 0.9350 -0.3354 0.1155
vn 0.9333 -0.3412 0.1123
vn 0.9234 -0.3628 0.1250
vn 0.8922 -0.3748 0.2522
vn 0.8536 -0.3377 0.3966
vn 0.8490 -0.3123 0.4262
vn 0.8464 -0.3087 0.4340
vn 0.8420 -0.3266 0.4295
vn 0.4306 -0.4771 -0.7661
vn 0.3833 -0.5206 -0.7629
vn 0.3505 -0.5700 -0.7431
vn 0.4385 -0.5940 -0.6744
vn 0.7532 -0.5184 -0.4049
vn 0.9425 -0.3146 -0.1130
vn 0.9639 -0.2583 -0.0642
vn 0.9501 -0.3061 -0.0593
vn 0.9350 -0.3484 -0.0658
vn 0.9255 -0.3657 -0.0985
vn 0.9113 -0.3507 -0.2158
vn 0.8910 -0.3177 -0.3242
vn 0.8858 -0.3081 -0.3471
vn 0.8791 -0.3123 -0.3600
vn 0.8786 -0.3085 -0.3646
vn 0.9096 -0.2612 -0.3231
vn 0.9522 -0.1778 -0.2483
vn 0.9681 -0.1315 -0.2134
vn 0.9694 -0.1644 -0.1826
vn 0.9703 -0.2413 -0.0167
vn 0.9519 -0.2829 0.1181
vn 0.9487 -0.2934 0.1178
vn 0.9480 -0.2980 0.1117
vn 0.9468 -0.3035 0.1068
vn 0.9452 -0.3098 0.1032
vn 0.9431 -0.3168 0.1012
vn 0.9185 -0.3118 0.2432
vn 0.8682 -0.2887 0.4036
vn 0.8613 -0.2814 0.4230
vn 0.8570 -0.3116 0.4103
vn 0.8356 -0.4221 0.3516
vn 0.3728 -0.5124 -0.7736
vn 0.3349 -0.5460 -0.7680
vn 0.3444 -0.5563 -0.7563
vn 0.5531 -0.5344 -0.6391
vn 0.8640 -0.4136 -0.2871
vn 0.9604 -0.2759 -0.0385
vn 0.9664 -0.2459 -0.0755
vn 0.9518 -0.2861 -0.1108
vn 0.9234 -0.3692 -0.1051
vn 0.9034 -0.4168 -0.1011
vn 0.9020 -0.3944 -0.1756
vn 0.8948 -0.3336 -0.2967
vn 0.8859 -0.3052 -0.3494
vn 0.8793 -0.3080 -0.3632
vn 0.9000 -0.2754 -0.3380
vn 0.9468 -0.1891 -0.2604
vn 0.9705 -0.1207 -0.2085
vn 0.9706 -0.1104 -0.2141
vn 0.9658 -0.1323 -0.2229
vn 0.9794 -0.1858 -0.0795
vn 0.9672 -0.2383 0.0877
vn 0.9581 -0.2641 0.1108
vn 0.9575 -0.2690 0.1042
vn 0.9564 -0.2748 0.0987
vn 0.9549 -0.2815 0.0948
vn 0.9537 -0.2855 0.0950
vn 0.9276 -0.2792 0.2482
vn 0.8757 -0.2595 0.4071
vn 0.8709 -0.2914 0.3958
vn 0.8480 -0.4251 0.3164
vn 0.7864 -0.5719 0.2333
vn 0.3230 -0.5380 -0.7786
vn 0.3269 -0.5497 -0.7688
vn 0.3998 -0.5211 -0.7540
vn 0.6977 -0.4354 -0.5689
vn 0.9373 -0.2862 -0.1991
vn 0.9767 -0.2133 -0.0253
vn 0.9807 -0.1879 -0.0535
vn 0.9775 -0.1575 -0.1406
vn 0.9637 -0.1991 -0.1777
vn 0.9406 -0.3020 -0.1555
vn 0.9159 -0.3679 -0.1607
vn 0.9001 -0.3522 -0.2565
vn 0.8844 -0.3148 -0.3445
vn 0.8933 -0.2824 -0.3497
vn 0.9371 -0.2077 -0.2805
vn 0.9710 -0.1244 -0.2040
vn 0.9748 -0.0982 -0.2002
vn 0.9697 -0.1057 -0.2203
vn 0.9643 -0.1154 -0.2383
vn 0.9797 -0.1510 -0.1318
vn 0.9771 -0.2081 0.0455
vn 0.9656 -0.2382 0.1045
vn 0.9651 -0.2433 0.0973
vn 0.9641 -0.2492 0.0913
vn 0.9627 -0.2561 0.0870
vn 0.9625 -0.2532 0.0969
vn 0.9354 -0.2409 0.2588
vn 0.8838 -0.2680 0.3834
vn 0.8616 -0.4125 0.2957
vn 0.8048 -0.5583 0.2015
vn 0.7727 -0.6087 0.1800
vn 0.3086 -0.5444 -0.7800
vn 0.3368 -0.5433 -0.7690
vn 0.5044 -0.4927 -0.7091
vn 0.8044 -0.3459 -0.4830
vn 0.9601 -0.2250 -0.1660
vn 0.9783 -0.2052 -0.0278
vn 0.9816 -0.1898 -0.0208
vn 0.9856 -0.1361 -0.1003
vn 0.9760 -0.0826 -0.2013
vn 0.9664 -0.1114 -0.2318
vn 0.9542 -0.2102 -0.2130
vn 0.9269 -0.2786 -0.2515
vn 0.9016 -0.2788 -0.3307
vn 0.9251 -0.2229 -0.3075
vn 0.9656 -0.1410 -0.2184
vn 0.9781 -0.0995 -0.1826
vn 0.9738 -0.1007 -0.2040
vn 0.9683 -0.1071 -0.2256
vn 0.9626 -0.1154 -0.2450
vn 0.9746 -0.1448 -0.1706
vn 0.9814 -0.1920 0.0076
vn 0.9715 -0.2155 0.0987
vn 0.9711 -0.2207 0.0910
vn 0.9703 -0.2266 0.0845
vn 0.9691 -0.2336 0.0797
vn 0.9679 -0.2268 0.1085
vn 0.9356 -0.2496 0.2497
vn 0.8767 -0.3881 0.2842
vn 0.8258 -0.5336 0.1825
vn 0.7992 -0.5789 0.1618
vn 0.7889 -0.5889 0.1755
vn 0.3154 -0.5406 -0.7799
vn 0.3547 -0.5321 -0.7688
vn 0.6162 -0.4767 -0.6269
vn 0.8726 -0.3151 -0.3733
vn 0.9613 -0.2168 -0.1700
vn 0.9791 -0.2007 -0.0323
vn 0.9806 -0.1957 -0.0062
vn 0.9849 -0.1676 -0.0441
vn 0.9760 -0.1304 -0.1744
vn 0.9536 -0.1301 -0.2714
vn 0.9437 -0.1792 -0.2780
vn 0.9223 -0.2546 -0.2908
vn 0.9131 -0.2708 -0.3048
vn 0.9455 -0.2056 -0.2523
vn 0.9684 -0.1625 -0.1891
vn 0.9661 -0.1758 -0.1890
vn 0.9561 -0.2033 -0.2111
vn 0.9460 -0.2271 -0.2314
vn 0.9363 -0.2469 -0.2497
vn 0.9407 -0.2777 -0.1949
vn 0.9469 -0.3213 -0.0104
vn 0.9342 -0.3404 0.1069
vn 0.9345 -0.3417 0.0997
vn 0.9367 -0.3374 0.0933
vn 0.9409 -0.3269 0.0883
vn 0.9414 -0.3108 0.1311
vn 0.9115 -0.3629 0.1936
vn 0.8610 -0.4819 0.1625
vn 0.8260 -0.5447 0.1450
vn 0.8161 -0.5556 0.1589
vn 0.8068 -0.5641 0.1757
vn 0.3267 -0.5336 -0.7801
vn 0.4131 -0.5001 -0.7611
vn 0.7292 -0.3995 -0.5555
vn 0.9187 -0.2620 -0.2956
vn 0.9608 -0.2138 -0.1765
vn 0.9793 -0.1988 -0.0381
vn 0.9812 -0.1932 -0.0015
vn 0.9794 -0.2002 -0.0263
vn 0.9573 -0.2365 -0.1666
vn 0.9182 -0.2717 -0.2881
vn 0.9039 -0.2977 -0.3072
vn 0.8958 -0.3113 -0.3174
vn 0.9266 -0.2712 -0.2604
vn 0.9600 -0.1940 -0.2017
vn 0.9537 -0.2071 -0.2180
vn 0.9261 -0.3016 -0.2267
vn 0.9038 -0.3666 -0.2207
vn 0.8904 -0.3907 -0.2334
vn 0.8800 -0.4047 -0.2486
vn 0.8819 -0.4264 -0.2010
vn 0.8887 -0.4582 -0.0154
vn 0.8756 -0.4694 0.1141
vn 0.8755 -0.4705 0.1102
vn 0.8785 -0.4657 0.1071
vn 0.8963 -0.4245 0.1282
vn 0.9222 -0.3456 0.1733
vn 0.9378 -0.3199 0.1352
vn 0.9248 -0.3669 0.1006
vn 0.8956 -0.4274 0.1236
vn 0.8621 -0.4861 0.1434
vn 0.8330 -0.5253 0.1739
vn 0.3521 -0.5167 -0.7804
vn 0.5217 -0.4522 -0.7234
vn 0.8139 -0.3195 -0.4852
vn 0.9363 -0.2226 -0.2715
vn 0.9599 -0.2124 -0.1832
vn 0.9791 -0.1985 -0.0444
vn 0.9814 -0.1921 0.0024
vn 0.9733 -0.2242 -0.0498
vn 0.9361 -0.2954 -0.1909
vn 0.8972 -0.3298 -0.2939
vn 0.8915 -0.3279 -0.3126
vn 0.9089 -0.2932 -0.2964
vn 0.9564 -0.2113 -0.2019
vn 0.9762 -0.1409 -0.1647
vn 0.9527 -0.1458 -0.2666
vn 0.9229 -0.2377 -0.3029
vn 0.8987 -0.3474 -0.2677
vn 0.8742 -0.4155 -0.2513
vn 0.8654 -0.4346 -0.2494
vn 0.8750 -0.4385 -0.2051
vn 0.8915 -0.4525 -0.0211
vn 0.8823 -0.4576 0.1100
vn 0.8798 -0.4629 0.1085
vn 0.8869 -0.4442 0.1266
vn 0.9141 -0.3441 0.2146
vn 0.9501 -0.2184 0.2225
vn 0.9769 -0.1866 0.1046
vn 0.9738 -0.2166 0.0687
vn 0.9597 -0.2680 0.0845
vn 0.9341 -0.3396 0.1101
vn 0.8974 -0.4096 0.1642
vn 0.5046 -0.3039 -0.8081
vn 0.6667 -0.1909 -0.7204
vn 0.8606 -0.1652 -0.4818
vn 0.9357 -0.1954 -0.2939
vn 0.9587 -0.2119 -0.1898
vn 0.9787 -0.1991 -0.0510
vn 0.9813 -0.1925 0.0051
vn 0.9682 -0.2331 -0.0905
vn 0.9240 -0.3051 -0.2307
vn 0.8955 -0.3362 -0.2916
vn 0.8931 -0.3288 -0.3070
vn 0.9290 -0.2783 -0.2438
vn 0.9710 -0.1918 -0.1427
vn 0.9806 -0.1372 -0.1398
vn 0.9583 -0.1031 -0.2667
vn 0.9281 -0.1007 -0.3585
vn 0.9206 -0.1808 -0.3461
vn 0.9015 -0.2990 -0.3129
vn 0.8788 -0.3885 -0.2771
vn 0.8814 -0.4266 -0.2030
vn 0.9014 -0.4327 -0.0177
vn 0.8957 -0.4320 0.1050
vn 0.8997 -0.4208 0.1162
vn 0.9208 -0.3398 0.1916
vn 0.9284 -0.2043 0.3104
vn 0.9619 -0.1392 0.2354
vn 0.9840 -0.1609 0.0765
vn 0.9810 -0.1861 0.0550
vn 0.9789 -0.1947 0.0623
vn 0.9728 -0.2170 0.0812
vn 0.9510 -0.2799 0.1313
vn 0.6643 0.0273 -0.7470
vn 0.7077 0.1155 -0.6970
vn 0.8160 0.0381 -0.5767
vn 0.9142 -0.1231 -0.3861
vn 0.9575 -0.2017 -0.2060
vn 0.9781 -0.2000 -0.0577
vn 0.9774 -0.2113 -0.0044
vn 0.9534 -0.2721 -0.1307
vn 0.9083 -0.3271 -0.2608
vn 0.8941 -0.3419 -0.2892
vn 0.9050 -0.3155 -0.2853
vn 0.9505 -0.2479 -0.1873
vn 0.9769 -0.1868 -0.1039
vn 0.9779 -0.1667 -0.1259
vn 0.9614 -0.1402 -0.2369
vn 0.9285 -0.0972 -0.3585
vn 0.9169 -0.0893 -0.3891
vn 0.9126 -0.1430 -0.3830
vn 0.9048 -0.2489 -0.3455
vn 0.9098 -0.3464 -0.2286
vn 0.9175 -0.3973 -0.0185
vn 0.9106 -0.3996 0.1057
vn 0.9252 -0.3409 0.1666
vn 0.9344 -0.2091 0.2884
vn 0.9274 -0.1196 0.3545
vn 0.9691 -0.1287 0.2102
vn 0.9865 -0.1549 0.0529
vn 0.9842 -0.1698 0.0504
vn 0.9825 -0.1772 0.0578
vn 0.9801 -0.1856 0.0702
vn 0.9725 -0.2117 0.0972
vn 0.7163 0.1707 -0.6766
vn 0.7067 0.1765 -0.6851
vn 0.7353 0.1404 -0.6631
vn 0.8475 -0.0001 -0.5308
vn 0.9491 -0.1548 -0.2743
vn 0.9775 -0.2007 -0.0642
vn 0.9721 -0.2315 -0.0378
vn 0.9356 -0.3095 -0.1699
vn 0.8982 -0.3478 -0.2690
vn 0.8932 -0.3463 -0.2869
vn 0.9202 -0.3081 -0.2414
vn 0.9640 -0.2298 -0.1335
vn 0.9775 -0.1896 -0.0920
vn 0.9742 -0.1900 -0.1221
vn 0.9649 -0.1651 -0.2043
vn 0.9369 -0.1137 -0.3306
vn 0.9139 -0.0885 -0.3962
vn 0.9082 -0.0907 -0.4086
vn 0.9072 -0.1203 -0.4032
vn 0.9392 -0.1990 -0.2799
vn 0.9565 -0.2870 -0.0527
vn 0.9424 -0.3120 0.1206
vn 0.9414 -0.2148 0.2602
vn 0.9301 -0.0976 0.3540
vn 0.9351 -0.0899 0.3428
vn 0.9756 -0.1300 0.1772
vn 0.9880 -0.1479 0.0434
vn 0.9871 -0.1535 0.0466
vn 0.9857 -0.1596 0.0542
vn 0.9838 -0.1664 0.0670
vn 0.9810 -0.1739 0.0855
vn 0.7297 0.1802 -0.6596
vn 0.7026 0.1863 -0.6868
vn 0.7075 0.1816 -0.6830
vn 0.7569 0.1260 -0.6413
vn 0.9096 -0.0324 -0.4142
vn 0.9799 -0.1691 -0.1061
vn 0.9652 -0.2475 -0.0846
vn 0.9231 -0.3202 -0.2129
vn 0.8976 -0.3506 -0.2673
vn 0.8980 -0.3403 -0.2790
vn 0.9357 -0.2956 -0.1924
vn 0.9684 -0.2330 -0.0893
vn 0.9738 -0.2082 -0.0912
vn 0.9704 -0.2089 -0.1212
vn 0.9663 -0.1900 -0.1735
vn 0.9444 -0.1427 -0.2962
vn 0.9138 -0.1057 -0.3922
vn 0.9069 -0.0984 -0.4097
vn 0.9022 -0.0994 -0.4196
vn 0.9475 -0.1001 -0.3037
vn 0.9866 -0.1272 -0.1022
vn 0.9798 -0.1451 0.1379
vn 0.9364 -0.0901 0.3392
vn 0.9280 -0.0483 0.3695
vn 0.9477 -0.0713 0.3112
vn 0.9831 -0.1125 0.1445
vn 0.9903 -0.1327 0.0403
vn 0.9896 -0.1369 0.0436
vn 0.9886 -0.1414 0.0515
vn 0.9871 -0.1464 0.0647
vn 0.9848 -0.1520 0.0839
vn 0.7445 0.1890 -0.6403
vn 0.6983 0.1951 -0.6887
vn 0.7030 0.1901 -0.6853
vn 0.7131 0.1769 -0.6784
vn 0.8297 0.0860 -0.5515
vn 0.9649 -0.1063 -0.2403
vn 0.9517 -0.2719 -0.1423
vn 0.9091 -0.3389 -0.2421
vn 0.8976 -0.3514 -0.2660
vn 0.9097 -0.3277 -0.2552
vn 0.9509 -0.2717 -0.1485
vn 0.9707 -0.2308 -0.0671
vn 0.9700 -0.2255 -0.0907
vn 0.9666 -0.2264 -0.1205
vn 0.9630 -0.2204 -0.1550
vn 0.9479 -0.1846 -0.2598
vn 0.9184 -0.1305 -0.3736
vn 0.9060 -0.1065 -0.4097
vn 0.9046 -0.0969 -0.4151
vn 0.9579 -0.0637 -0.2798
vn 0.9931 -0.0273 -0.1143
vn 0.9898 -0.0255 0.1400
vn 0.9307 -0.0316 0.3644
vn 0.9294 -0.0306 0.3679
vn 0.9586 -0.0529 0.2796
vn 0.9891 -0.0951 0.1123
vn 0.9924 -0.1169 0.0382
vn 0.9920 -0.1194 0.0417
vn 0.9913 -0.1222 0.0499
vn 0.9901 -0.1252 0.0635
vn 0.9882 -0.1284 0.0832
vn 0.7608 0.1591 -0.6292
vn 0.7065 0.1767 -0.6853
vn 0.7029 0.1918 -0.6850
vn 0.7031 0.1915 -0.6848
vn 0.7621 0.1582 -0.6279
vn 0.9027 -0.0138 -0.4300
vn 0.9329 -0.2532 -0.2562
vn 0.9027 -0.3498 -0.2506
vn 0.8985 -0.3498 -0.2652
vn 0.9209 -0.3229 -0.2182
vn 0.9578 -0.2666 -0.1072
vn 0.9691 -0.2385 -0.0629
vn 0.9663 -0.2408 -0.0908
vn 0.9629 -0.2419 -0.1200
vn 0.9587 -0.2418 -0.1496
vn 0.9520 -0.2114 -0.2213
vn 0.9285 -0.1486 -0.3402
vn 0.9055 -0.1145 -0.4087
vn 0.9151 -0.0861 -0.3940
vn 0.9703 -0.0256 -0.2405
vn 0.9946 0.0126 -0.1033
vn 0.9912 0.0089 0.1318
vn 0.9324 -0.0061 0.3613
vn 0.9302 -0.0124 0.3668
vn 0.9680 -0.0345 0.2487
vn 0.9937 -0.0778 0.0813
vn 0.9943 -0.1000 0.0371
vn 0.9941 -0.1007 0.0409
vn 0.9936 -0.1013 0.0494
vn 0.9928 -0.1020 0.0634
vn 0.9912 -0.1026 0.0836
vn 0.7645 0.0930 -0.6379
vn 0.7309 0.0967 -0.6756
vn 0.7203 0.1241 -0.6824
vn 0.7125 0.1480 -0.6859
vn 0.7401 0.1529 -0.6549
vn 0.8081 0.0532 -0.5867
vn 0.8881 -0.1655 -0.4289
vn 0.9073 -0.3140 -0.2798
vn 0.9012 -0.3436 -0.2641
vn 0.9303 -0.3188 -0.1813
vn 0.9599 -0.2710 -0.0715
vn 0.9659 -0.2507 -0.0642
vn 0.9630 -0.2534 -0.0913
vn 0.9596 -0.2548 -0.1197
vn 0.9555 -0.2547 -0.1487
vn 0.9526 -0.2380 -0.1894
vn 0.9354 -0.1883 -0.2992
vn 0.9076 -0.1368 -0.3970
vn 0.9323 -0.0814 -0.3524
vn 0.9809 -0.0015 -0.1944
vn 0.9942 0.0393 -0.0999
vn 0.9920 0.0315 0.1221
vn 0.9356 0.0143 0.3528
vn 0.9317 0.0008 0.3632
vn 0.9753 -0.0274 0.2190
vn 0.9963 -0.0659 0.0557
vn 0.9960 -0.0814 0.0374
vn 0.9959 -0.0800 0.0414
vn 0.9957 -0.0783 0.0502
vn 0.9950 -0.0764 0.0645
vn 0.9936 -0.0743 0.0851
vn 0.7536 0.0452 -0.6558
vn 0.7434 0.0358 -0.6679
vn 0.7369 0.0453 -0.6744
vn 0.7319 0.0660 -0.6782
vn 0.7492 0.0921 -0.6559
vn 0.7556 0.0941 -0.6483
vn 0.8169 -0.0231 -0.5763
vn 0.8995 -0.2129 -0.3816
vn 0.9152 -0.3006 -0.2686
vn 0.9446 -0.2886 -0.1562
vn 0.9629 -0.2652 -0.0499
vn 0.9634 -0.2597 -0.0663
vn 0.9604 -0.2629 -0.0924
vn 0.9569 -0.2646 -0.1198
vn 0.9530 -0.2645 -0.1479
vn 0.9488 -0.2624 -0.1761
vn 0.9391 -0.2273 -0.2576
vn 0.9198 -0.1518 -0.3618
vn 0.9529 -0.0654 -0.2960
vn 0.9895 0.0187 -0.1430
vn 0.9933 0.0584 -0.0996
vn 0.9925 0.0523 0.1104
vn 0.9390 0.0339 0.3422
vn 0.9367 0.0084 0.3501
vn 0.9809 -0.0317 0.1919
vn 0.9973 -0.0593 0.0425
vn 0.9973 -0.0618 0.0389
vn 0.9974 -0.0583 0.0432
vn 0.9972 -0.0543 0.0523
vn 0.9965 -0.0498 0.0668
vn 0.9951 -0.0450 0.0876
vn 0.7475 0.0273 -0.6638
vn 0.7444 0.0276 -0.6671
vn 0.7421 0.0281 -0.6697
vn 0.7497 0.0474 -0.6601
vn 0.7751 0.1092 -0.6223
vn 0.7506 0.1637 -0.6401
vn 0.7374 0.1248 -0.6638
vn 0.8572 -0.0304 -0.5140
vn 0.9283 -0.1862 -0.3220
vn 0.9558 -0.2506 -0.1540
vn 0.9647 -0.2590 -0.0470
vn 0.9617 -0.2653 -0.0692
vn 0.9585 -0.2691 -0.0941
vn 0.9550 -0.2710 -0.1203
vn 0.9512 -0.2710 -0.1472
vn 0.9472 -0.2692 -0.1740
vn 0.9439 -0.2459 -0.2205
vn 0.9424 -0.1582 -0.2947
vn 0.9743 -0.0230 -0.2240
vn 0.9927 0.0586 -0.1050
vn 0.9921 0.0774 -0.0983
vn 0.9927 0.0723 0.0970
vn 0.9426 0.0528 0.3298
vn 0.9446 0.0205 0.3275
vn 0.9858 -0.0256 0.1662
vn 0.9980 -0.0472 0.0414
vn 0.9982 -0.0424 0.0418
vn 0.9982 -0.0370 0.0463
vn 0.9980 -0.0309 0.0556
vn 0.9972 -0.0242 0.0703
vn 0.9957 -0.0170 0.0911
vn 0.7477 0.0207 -0.6638
vn 0.7449 0.0213 -0.6668
vn 0.7441 0.0247 -0.6677
vn 0.7814 0.0700 -0.6202
vn 0.8093 0.1517 -0.5674
vn 0.7523 0.1886 -0.6312
vn 0.7024 0.1825 -0.6880
vn 0.7782 0.1076 -0.6188
vn 0.8969 -0.0680 -0.4370
vn 0.9604 -0.2035 -0.1900
vn 0.9659 -0.2519 -0.0601
vn 0.9608 -0.2674 -0.0728
vn 0.9576 -0.2716 -0.0963
vn 0.9541 -0.2738 -0.1212
vn 0.9505 -0.2739 -0.1467
vn 0.9468 -0.2719 -0.1722
vn 0.9444 -0.2620 -0.1988
vn 0.9674 -0.1696 -0.1883
vn 0.9920 0.0051 -0.1264
vn 0.9914 0.0935 -0.0914
vn 0.9907 0.0964 -0.0960
vn 0.9924 0.0917 0.0819
vn 0.9462 0.0711 0.3157
vn 0.9526 0.0372 0.3019
vn 0.9900 -0.0089 0.1409
vn 0.9986 -0.0295 0.0451
vn 0.9987 -0.0233 0.0458
vn 0.9986 -0.0162 0.0506
vn 0.9982 -0.0084 0.0600
vn 0.9972 0.0003 0.0747
vn 0.9954 0.0097 0.0955
vn 0.7479 0.0151 -0.6636
vn 0.7455 0.0159 -0.6663
vn 0.7595 0.0415 -0.6492
vn 0.8246 0.1150 -0.5540
vn 0.8301 0.1784 -0.5284
vn 0.7467 0.1896 -0.6376
vn 0.7007 0.1816 -0.6899
vn 0.7231 0.1509 -0.6741
vn 0.8328 0.0340 -0.5525
vn 0.9499 -0.1368 -0.2809
vn 0.9665 -0.2407 -0.0893
vn 0.9609 -0.2658 -0.0771
vn 0.9576 -0.2704 -0.0991
vn 0.9543 -0.2728 -0.1224
vn 0.9508 -0.2729 -0.1464
vn 0.9475 -0.2708 -0.1704
vn 0.9560 -0.2390 -0.1701
vn 0.9898 -0.1278 -0.0636
vn 0.9996 0.0159 -0.0215
vn 0.9920 0.0985 -0.0796
vn 0.9889 0.1160 -0.0930
vn 0.9916 0.1111 0.0655
vn 0.9498 0.0893 0.3000
vn 0.9596 0.0536 0.2763
vn 0.9932 0.0075 0.1158
vn 0.9987 -0.0114 0.0497
vn 0.9987 -0.0040 0.0508
vn 0.9984 0.0044 0.0558
vn 0.9978 0.0138 0.0654
vn 0.9965 0.0241 0.0801
vn 0.9943 0.0354 0.1006
vn 0.7481 0.0108 -0.6634
vn 0.7533 0.0238 -0.6573
vn 0.7995 0.0860 -0.5945
vn 0.8568 0.1660 -0.4883
vn 0.8299 0.1964 -0.5221
vn 0.7395 0.1878 -0.6465
vn 0.6997 0.1805 -0.6912
vn 0.7032 0.1788 -0.6881
vn 0.7613 0.1193 -0.6374
vn 0.9077 -0.0513 -0.4166
vn 0.9662 -0.2110 -0.1484
vn 0.9621 -0.2602 -0.0820
vn 0.9588 -0.2650 -0.1023
vn 0.9555 -0.2676 -0.1239
vn 0.9523 -0.2677 -0.1462
vn 0.9528 -0.2570 -0.1618
vn 0.9771 -0.1885 -0.0985
vn 0.9968 -0.0723 0.0350
vn 0.9983 0.0250 0.0535
vn 0.9941 0.0989 -0.0440
vn 0.9866 0.1364 -0.0892
vn 0.9902 0.1309 0.0480
vn 0.9531 0.1080 0.2828
vn 0.9655 0.0705 0.2506
vn 0.9956 0.0244 0.0907
vn 0.9984 0.0074 0.0552
vn 0.9983 0.0158 0.0567
vn 0.9978 0.0253 0.0619
vn 0.9968 0.0359 0.0716
vn 0.9951 0.0477 0.0863
vn 0.9925 0.0606 0.1065
vn 0.7507 0.0118 -0.6605
vn 0.7832 0.0521 -0.6195
vn 0.8453 0.1330 -0.5174
vn 0.8721 0.1864 -0.4524
vn 0.8236 0.1948 -0.5327
vn 0.7318 0.1863 -0.6556
vn 0.6994 0.1796 -0.6918
vn 0.7026 0.1792 -0.6887
vn 0.7177 0.1622 -0.6772
vn 0.8338 0.0432 -0.5504
vn 0.9530 -0.1503 -0.2632
vn 0.9650 -0.2459 -0.0911
vn 0.9610 -0.2553 -0.1058
vn 0.9580 -0.2580 -0.1256
vn 0.9550 -0.2581 -0.1460
vn 0.9683 -0.2186 -0.1208
vn 0.9935 -0.1139 -0.0005
vn 0.9950 -0.0286 0.0956
vn 0.9955 0.0137 0.0942
vn 0.9971 0.0756 0.0094
vn 0.9876 0.1392 -0.0724
vn 0.9880 0.1516 0.0297
vn 0.9599 0.1155 0.2556
vn 0.9722 0.0664 0.2245
vn 0.9969 0.0322 0.0722
vn 0.9977 0.0273 0.0615
vn 0.9973 0.0364 0.0633
vn 0.9965 0.0468 0.0688
vn 0.9952 0.0585 0.0786
vn 0.9931 0.0715 0.0932
vn 0.9899 0.0858 0.1130
vn 0.7705 0.0333 -0.6366
vn 0.8319 0.1101 -0.5438
vn 0.8698 0.1783 -0.4601
vn 0.8739 0.1951 -0.4453
vn 0.8165 0.1941 -0.5438
vn 0.7237 0.1856 -0.6647
vn 0.6995 0.1794 -0.6917
vn 0.7024 0.1803 -0.6885
vn 0.7055 0.1814 -0.6851
vn 0.7540 0.1274 -0.6444
vn 0.9126 -0.0298 -0.4077
vn 0.9715 -0.1909 -0.1406
vn 0.9643 -0.2410 -0.1095
vn 0.9615 -0.2436 -0.1274
vn 0.9680 -0.2181 -0.1239
vn 0.9917 -0.1249 -0.0310
vn 0.9964 -0.0247 0.0811
vn 0.9932 0.0146 0.1157
vn 0.9940 0.0148 0.1082
vn 0.9968 0.0487 0.0626
vn 0.9917 0.1261 -0.0270
vn 0.9859 0.1664 0.0158
vn 0.9691 0.1256 0.2121
vn 0.9781 0.0627 0.1983
vn 0.9968 0.0405 0.0694
vn 0.9965 0.0486 0.0684
vn 0.9958 0.0583 0.0706
vn 0.9947 0.0694 0.0764
vn 0.9929 0.0820 0.0863
vn 0.9903 0.0960 0.1007
vn 0.9865 0.1116 0.1201
vn 0.8184 0.1036 -0.5652
vn 0.8639 0.1769 -0.4716
vn 0.8740 0.1978 -0.4439
vn 0.8727 0.1949 -0.4476
vn 0.8087 0.1945 -0.5551
vn 0.7153 0.1862 -0.6735
vn 0.7000 0.1805 -0.6910
vn 0.7026 0.1828 -0.6877
vn 0.7054 0.1853 -0.6842
vn 0.7134 0.1816 -0.6768
vn 0.8348 0.0756 -0.5453
vn 0.9557 -0.1238 -0.2671
vn 0.9687 -0.2201 -0.1147
vn 0.9724 -0.2048 -0.1118
vn 0.9912 -0.1238 -0.0460
vn 0.9980 -0.0175 0.0613
vn 0.9924 0.0334 0.1182
vn 0.9924 0.0369 0.1173
vn 0.9931 0.0368 0.1109
vn 0.9941 0.0501 0.0964
vn 0.9934 0.1088 0.0350
vn 0.9853 0.1698 0.0212
vn 0.9759 0.1478 0.1604
vn 0.9817 0.0840 0.1710
vn 0.9951 0.0632 0.0763
vn 0.9945 0.0719 0.0759
vn 0.9935 0.0821 0.0785
vn 0.9920 0.0937 0.0846
vn 0.9898 0.1070 0.0945
vn 0.9866 0.1219 0.1088
vn 0.9821 0.1385 0.1277
vn 0.8560 0.1795 -0.4848
vn 0.8713 0.2023 -0.4471
vn 0.8721 0.1997 -0.4467
vn 0.8712 0.1964 -0.4500
vn 0.8004 0.1965 -0.5663
vn 0.7070 0.1881 -0.6818
vn 0.7007 0.1835 -0.6895
vn 0.7030 0.1871 -0.6861
vn 0.7054 0.1911 -0.6825
vn 0.7081 0.1955 -0.6785
vn 0.7526 0.1471 -0.6418
vn 0.9083 0.0058 -0.4182
vn 0.9804 -0.1324 -0.1462
vn 0.9931 -0.1085 -0.0447
vn 0.9987 -0.0069 0.0504
vn 0.9921 0.0533 0.1131
vn 0.9903 0.0641 0.1233
vn 0.9909 0.0625 0.1194
vn 0.9915 0.0623 0.1141
vn 0.9921 0.0636 0.1080
vn 0.9925 0.0889 0.0839
vn 0.9881 0.1449 0.0513
vn 0.9808 0.1553 0.1177
vn 0.9839 0.1088 0.1419
vn 0.9925 0.0887 0.0839
vn 0.9917 0.0976 0.0841
vn 0.9903 0.1080 0.0871
vn 0.9884 0.1199 0.0934
vn 0.9857 0.1334 0.1033
vn 0.9819 0.1488 0.1173
vn 0.9768 0.1659 0.1355
vn 0.8660 0.2097 -0.4539
vn 0.8693 0.2073 -0.4487
vn 0.8699 0.2030 -0.4496
vn 0.8687 0.1974 -0.4542
vn 0.7930 0.1946 -0.5773
vn 0.7016 0.1886 -0.6872
vn 0.7013 0.1886 -0.6874
vn 0.7034 0.1937 -0.6839
vn 0.7054 0.1993 -0.6802
vn 0.7076 0.2053 -0.6761
vn 0.7117 0.2142 -0.6690
vn 0.8308 0.1774 -0.5275
vn 0.9732 0.1146 -0.1996
vn 0.9946 0.0967 0.0370
vn 0.9884 0.1149 0.0991
vn 0.9872 0.1028 0.1219
vn 0.9878 0.0935 0.1249
vn 0.9883 0.0917 0.1221
vn 0.9888 0.0914 0.1179
vn 0.9893 0.0925 0.1127
vn 0.9896 0.0975 0.1057
vn 0.9868 0.1312 0.0945
vn 0.9815 0.1616 0.1030
vn 0.9843 0.1377 0.1108
vn 0.9888 0.1172 0.0922
vn 0.9877 0.1260 0.0929
vn 0.9860 0.1362 0.0962
vn 0.9837 0.1478 0.1026
vn 0.9805 0.1610 0.1123
vn 0.9763 0.1759 0.1259
vn 0.9707 0.1930 0.1435
vn 0.8641 0.2179 -0.4536
vn 0.8664 0.2125 -0.4518
vn 0.8672 0.2082 -0.4523
vn 0.8638 0.1998 -0.4625
vn 0.7860 0.1932 -0.5873
vn 0.7004 0.1912 -0.6876
vn 0.7019 0.1964 -0.6847
vn 0.7034 0.2031 -0.6811
vn 0.7051 0.2102 -0.6773
vn 0.7074 0.2223 -0.6710
vn 0.7121 0.2648 -0.6503
vn 0.7659 0.3458 -0.5421
vn 0.8906 0.4090 -0.1990
vn 0.9164 0.3924 0.0791
vn 0.9274 0.3600 0.1016
vn 0.9438 0.3084 0.1185
vn 0.9596 0.2530 0.1232
vn 0.9736 0.1973 0.1149
vn 0.9820 0.1513 0.1129
vn 0.9848 0.1297 0.1157
vn 0.9853 0.1276 0.1135
vn 0.9773 0.1573 0.1422
vn 0.9746 0.1944 0.1113
vn 0.9812 0.1767 0.0782
vn 0.9834 0.1514 0.0997
vn 0.9822 0.1573 0.1022
vn 0.9803 0.1668 0.1057
vn 0.9777 0.1776 0.1119
vn 0.9743 0.1898 0.1214
vn 0.9697 0.2039 0.1345
vn 0.9593 0.2337 0.1584
vn 0.8609 0.2246 -0.4565
vn 0.8631 0.2196 -0.4549
vn 0.8641 0.2154 -0.4549
vn 0.8563 0.2082 -0.4726
vn 0.7786 0.2007 -0.5946
vn 0.7008 0.1994 -0.6849
vn 0.7019 0.2073 -0.6814
vn 0.7030 0.2155 -0.6778
vn 0.7044 0.2271 -0.6725
vn 0.7099 0.2694 -0.6508
vn 0.7129 0.3613 -0.6010
vn 0.7369 0.4666 -0.4892
vn 0.8192 0.5501 -0.1625
vn 0.8298 0.5512 0.0870
vn 0.8316 0.5473 0.0948
vn 0.8440 0.5258 0.1058
vn 0.8669 0.4865 0.1087
vn 0.8922 0.4398 0.1031
vn 0.9145 0.3897 0.1089
vn 0.9349 0.3342 0.1198
vn 0.9540 0.2770 0.1148
vn 0.9524 0.2458 0.1800
vn 0.9545 0.2652 0.1362
vn 0.9647 0.2590 0.0469
vn 0.9736 0.2083 0.0929
vn 0.9750 0.1917 0.1120
vn 0.9729 0.2002 0.1154
vn 0.9702 0.2097 0.1213
vn 0.9667 0.2204 0.1303
vn 0.9573 0.2464 0.1514
vn 0.9350 0.3009 0.1878
vn 0.8581 0.2304 -0.4588
vn 0.8598 0.2270 -0.4574
vn 0.8608 0.2244 -0.4567
vn 0.8491 0.2206 -0.4799
vn 0.7723 0.2139 -0.5982
vn 0.7008 0.2121 -0.6811
vn 0.7012 0.2215 -0.6777
vn 0.7016 0.2313 -0.6740
vn 0.7066 0.2682 -0.6549
vn 0.7132 0.3617 -0.6004
vn 0.7080 0.4382 -0.5538
vn 0.7443 0.5047 -0.4374
vn 0.8107 0.5730 -0.1201
vn 0.8093 0.5801 0.0922
vn 0.8071 0.5825 0.0959
vn 0.8046 0.5854 0.0993
vn 0.8019 0.5888 0.1015
vn 0.7990 0.5927 0.1014
vn 0.8018 0.5882 0.1055
vn 0.8195 0.5624 0.1100
vn 0.8487 0.5186 0.1042
vn 0.8803 0.4416 0.1736
vn 0.9152 0.3739 0.1502
vn 0.9334 0.3575 0.0310
vn 0.9473 0.3141 0.0633
vn 0.9596 0.2583 0.1118
vn 0.9627 0.2412 0.1227
vn 0.9598 0.2471 0.1330
vn 0.9504 0.2724 0.1501
vn 0.9292 0.3205 0.1842
vn 0.9026 0.3704 0.2191
vn 0.8555 0.2378 -0.4600
vn 0.8566 0.2366 -0.4584
vn 0.8573 0.2365 -0.4573
vn 0.8435 0.2368 -0.4822
vn 0.7678 0.2311 -0.5976
vn 0.6996 0.2284 -0.6770
vn 0.6992 0.2393 -0.6737
vn 0.6996 0.2698 -0.6616
vn 0.7087 0.3571 -0.6085
vn 0.7102 0.4389 -0.5504
vn 0.7030 0.4662 -0.5370
vn 0.7564 0.5252 -0.3900
vn 0.7998 0.5965 -0.0669
vn 0.7862 0.6102 0.0981
vn 0.7837 0.6126 0.1021
vn 0.7811 0.6154 0.1060
vn 0.7782 0.6185 0.1085
vn 0.7753 0.6222 0.1085
vn 0.7724 0.6261 0.1066
vn 0.7695 0.6302 0.1033
vn 0.7667 0.6343 0.0993
vn 0.7935 0.5956 0.1252
vn 0.8464 0.5178 0.1244
vn 0.8627 0.5024 0.0573
vn 0.8527 0.5190 0.0590
vn 0.8665 0.4874 0.1076
vn 0.8930 0.4323 0.1252
vn 0.9120 0.3854 0.1404
vn 0.9109 0.3719 0.1785
vn 0.8931 0.3936 0.2177
vn 0.8785 0.4154 0.2361
vn 0.8506 0.2524 -0.4612
vn 0.8523 0.2517 -0.4586
vn 0.8527 0.2530 -0.4570
vn 0.8396 0.2515 -0.4816
vn 0.7695 0.2422 -0.5909
vn 0.7026 0.2439 -0.6685
vn 0.6957 0.2694 -0.6659
vn 0.7034 0.3397 -0.6244
vn 0.7111 0.4300 -0.5564
vn 0.7060 0.4701 -0.5297
vn 0.6996 0.4747 -0.5340
vn 0.7673 0.5489 -0.3316
vn 0.7845 0.6201 -0.0037
vn 0.7601 0.6414 0.1047
vn 0.7574 0.6438 0.1090
vn 0.7546 0.6464 0.1132
vn 0.7517 0.6493 0.1159
vn 0.7488 0.6526 0.1160
vn 0.7459 0.6562 0.1141
vn 0.7492 0.6542 0.1035
vn 0.7686 0.6341 0.0850
vn 0.8036 0.5915 0.0660
vn 0.8162 0.5674 0.1089
vn 0.7793 0.6151 0.1198
vn 0.7395 0.6677 0.0852
vn 0.7351 0.6703 0.1012
vn 0.7576 0.6433 0.1105
vn 0.7940 0.5947 0.1262
vn 0.8341 0.5250 0.1692
vn 0.8609 0.4587 0.2201
vn 0.8656 0.4388 0.2411
vn -0.4611 0.5804 0.6712
vn -0.4227 0.5652 0.7084
vn -0.3781 0.5717 0.7282
vn -0.3430 0.5865 0.7338
vn -0.3291 0.6112 0.7198
vn -0.3137 0.6609 0.6817
vn -0.3072 0.7124 0.6310
vn -0.2958 0.7539 0.5865
vn -0.2482 0.7956 0.5526
vn -0.2113 0.8229 0.5275
vn -0.1492 0.8311 0.5357
vn 0.0122 0.8069 0.5906
vn 0.1823 0.7531 0.6322
vn 0.1005 0.7505 0.6532
vn -0.0276 0.7646 0.6440
vn 0.0189 0.7783 0.6276
vn 0.0868 0.7955 0.5997
vn 0.1617 0.8196 0.5497
vn 0.2218 0.8407 0.4939
vn 0.2680 0.8466 0.4598
vn 0.3194 0.8303 0.4567
vn 0.4192 0.7875 0.4517
vn 0.5382 0.7080 0.4573
vn 0.5214 0.6675 0.5316
vn 0.5054 0.6713 0.5421
vn 0.5426 0.6925 0.4755
vn 0.4821 0.7491 0.4543
vn 0.5900 0.7224 0.3606
vn 0.7611 0.5957 0.2567
vn 0.8140 0.5135 0.2714
vn 0.8499 0.4600 0.2569
vn -0.4605 0.5122 0.7250
vn -0.4236 0.5279 0.7361
vn -0.3968 0.5511 0.7341
vn -0.3867 0.5977 0.7023
vn -0.4009 0.6574 0.6381
vn -0.3922 0.7161 0.5774
vn -0.3619 0.7565 0.5448
vn -0.3285 0.7758 0.5388
vn -0.2785 0.7902 0.5460
vn -0.2160 0.7992 0.5609
vn -0.0677 0.7877 0.6123
vn 0.1398 0.7342 0.6644
vn 0.2064 0.7073 0.6761
vn 0.0569 0.7363 0.6743
vn -0.0375 0.7451 0.6659
vn 0.0190 0.7469 0.6647
vn 0.0751 0.7461 0.6616
vn 0.1384 0.7491 0.6478
vn 0.1969 0.7642 0.6142
vn 0.2794 0.7765 0.5647
vn 0.3607 0.7721 0.5232
vn 0.4658 0.7405 0.4845
vn 0.6255 0.6489 0.4332
vn 0.6290 0.5828 0.5145
vn 0.5292 0.5634 0.6344
vn 0.5303 0.5721 0.6256
vn 0.5177 0.6055 0.6044
vn 0.6465 0.5689 0.5084
vn 0.8201 0.4741 0.3206
vn 0.8465 0.4599 0.2682
vn 0.8600 0.4413 0.2563
vn -0.4819 0.4800 0.7331
vn -0.4484 0.5086 0.7350
vn -0.4560 0.5615 0.6905
vn -0.4717 0.6350 0.6117
vn -0.4658 0.6873 0.5574
vn -0.4340 0.7126 0.5512
vn -0.3858 0.7306 0.5633
vn -0.3353 0.7469 0.5742
vn -0.2799 0.7601 0.5865
vn -0.1663 0.7594 0.6290
vn 0.0459 0.7231 0.6892
vn 0.2151 0.6707 0.7098
vn 0.1707 0.6766 0.7162
vn 0.0120 0.7058 0.7083
vn -0.0297 0.7159 0.6976
vn 0.0283 0.7172 0.6963
vn 0.0858 0.7161 0.6927
vn 0.1572 0.7032 0.6934
vn 0.2285 0.6686 0.7077
vn 0.3189 0.6291 0.7089
vn 0.4050 0.6081 0.6827
vn 0.4953 0.6077 0.6208
vn 0.6514 0.5822 0.4865
vn 0.7143 0.5442 0.4401
vn 0.6061 0.5326 0.5907
vn 0.5304 0.5027 0.6826
vn 0.5521 0.4832 0.6795
vn 0.6396 0.4818 0.5989
vn 0.7943 0.4656 0.3903
vn 0.8571 0.4406 0.2669
vn 0.8701 0.4224 0.2541
vn -0.5625 0.3924 0.7277
vn -0.5132 0.4971 0.6997
vn -0.5415 0.5776 0.6109
vn -0.5354 0.6321 0.5602
vn -0.4961 0.6594 0.5648
vn -0.4470 0.6795 0.5818
vn -0.3896 0.6948 0.6045
vn -0.3193 0.6927 0.6467
vn -0.2485 0.6662 0.7031
vn -0.1088 0.6475 0.7543
vn 0.1050 0.6386 0.7623
vn 0.2353 0.6271 0.7426
vn 0.1294 0.6474 0.7511
vn -0.0280 0.6710 0.7409
vn -0.0218 0.6829 0.7302
vn 0.0520 0.6763 0.7348
vn 0.1329 0.6469 0.7509
vn 0.2276 0.6000 0.7670
vn 0.3138 0.5463 0.7766
vn 0.3751 0.4998 0.7807
vn 0.4297 0.4706 0.7706
vn 0.4847 0.4670 0.7396
vn 0.6008 0.4963 0.6266
vn 0.7318 0.5021 0.4608
vn 0.6978 0.5003 0.5125
vn 0.5750 0.4816 0.6614
vn 0.5670 0.4521 0.6886
vn 0.6085 0.4507 0.6531
vn 0.7614 0.4428 0.4736
vn 0.8665 0.4122 0.2816
vn 0.8819 0.4005 0.2486
vn -0.6981 0.2641 0.6655
vn -0.6426 0.4577 0.6145
vn -0.6014 0.5694 0.5604
vn -0.5619 0.6013 0.5681
vn -0.5124 0.6228 0.5912
vn -0.4442 0.6324 0.6346
vn -0.3579 0.6078 0.7089
vn -0.2664 0.5618 0.7832
vn -0.1850 0.5169 0.8358
vn -0.0944 0.5077 0.8564
vn 0.0687 0.5477 0.8338
vn 0.2131 0.5860 0.7818
vn 0.0931 0.6224 0.7772
vn -0.0507 0.6342 0.7715
vn 0.0136 0.6243 0.7811
vn 0.1181 0.5821 0.8045
vn 0.2169 0.5263 0.8222
vn 0.2971 0.4778 0.8267
vn 0.3608 0.4511 0.8163
vn 0.4044 0.4390 0.8024
vn 0.4433 0.4273 0.7880
vn 0.4798 0.4148 0.7732
vn 0.5376 0.4200 0.7311
vn 0.6888 0.4407 0.5756
vn 0.7589 0.4422 0.4781
vn 0.6477 0.4416 0.6209
vn 0.5817 0.4196 0.6968
vn 0.6107 0.4076 0.6789
vn 0.7369 0.3989 0.5457
vn 0.8655 0.3826 0.3232
vn 0.9049 0.3555 0.2340
vn -0.8219 0.1479 0.5500
vn -0.7837 0.3460 0.5158
vn -0.6636 0.5022 0.5544
vn -0.5792 0.5613 0.5912
vn -0.5102 0.5634 0.6498
vn -0.3989 0.5247 0.7521
vn -0.2963 0.4663 0.8335
vn -0.2197 0.4353 0.8731
vn -0.1553 0.4328 0.8880
vn -0.1032 0.4383 0.8929
vn 0.0013 0.4684 0.8835
vn 0.1392 0.5298 0.8366
vn 0.0684 0.5786 0.8127
vn -0.0175 0.5619 0.8270
vn 0.0911 0.5116 0.8544
vn 0.1948 0.4588 0.8669
vn 0.2693 0.4275 0.8630
vn 0.3253 0.4143 0.8500
vn 0.3716 0.4050 0.8354
vn 0.4143 0.3948 0.8201
vn 0.4539 0.3837 0.8042
vn 0.4910 0.3719 0.7878
vn 0.5261 0.3597 0.7706
vn 0.6241 0.3730 0.6866
vn 0.7649 0.3827 0.5181
vn 0.7125 0.3984 0.5776
vn 0.6002 0.3923 0.6971
vn 0.6240 0.3734 0.6864
vn 0.7124 0.3723 0.5948
vn 0.8625 0.3481 0.3673
vn 0.9354 0.2842 0.2104
vn -0.8804 0.1111 0.4611
vn -0.8766 0.2243 0.4258
vn -0.7444 0.4030 0.5324
vn -0.5890 0.4895 0.6430
vn -0.4604 0.4510 0.7646
vn -0.3409 0.3909 0.8550
vn -0.2667 0.3749 0.8879
vn -0.2115 0.3809 0.9001
vn -0.1582 0.3872 0.9083
vn -0.1044 0.3916 0.9142
vn -0.0394 0.4037 0.9141
vn 0.0558 0.4419 0.8953
vn 0.0609 0.4709 0.8801
vn 0.0605 0.4443 0.8938
vn 0.1563 0.3996 0.9033
vn 0.2282 0.3810 0.8959
vn 0.2826 0.3741 0.8833
vn 0.3332 0.3662 0.8688
vn 0.3800 0.3576 0.8531
vn 0.4233 0.3481 0.8364
vn 0.4636 0.3379 0.8191
vn 0.5012 0.3269 0.8012
vn 0.5366 0.3154 0.7827
vn 0.5835 0.3182 0.7472
vn 0.7302 0.3312 0.5976
vn 0.7470 0.3578 0.5604
vn 0.6330 0.3664 0.6820
vn 0.6375 0.3396 0.6916
vn 0.7040 0.3319 0.6279
vn 0.8709 0.2904 0.3964
vn 0.9577 0.2167 0.1891
vn -0.9122 0.1044 0.3962
vn -0.9140 0.1673 0.3696
vn -0.8092 0.2779 0.5176
vn -0.5857 0.3499 0.7311
vn -0.4015 0.3322 0.8535
vn -0.3248 0.3180 0.8907
vn -0.2708 0.3264 0.9056
vn -0.2160 0.3334 0.9177
vn -0.1607 0.3387 0.9270
vn -0.1050 0.3424 0.9337
vn -0.0692 0.3611 0.9300
vn -0.0035 0.4028 0.9153
vn 0.0833 0.4058 0.9102
vn 0.1304 0.3620 0.9230
vn 0.1783 0.3350 0.9252
vn 0.2348 0.3294 0.9145
vn 0.2893 0.3228 0.9012
vn 0.3402 0.3156 0.8858
vn 0.3875 0.3077 0.8690
vn 0.4314 0.2991 0.8512
vn 0.4722 0.2899 0.8324
vn 0.5104 0.2801 0.8131
vn 0.5461 0.2696 0.7931
vn 0.5798 0.2588 0.7726
vn 0.6855 0.2725 0.6752
vn 0.7486 0.3121 0.5850
vn 0.6778 0.3263 0.6589
vn 0.6499 0.3043 0.6965
vn 0.7094 0.2906 0.6421
vn 0.8814 0.2406 0.4066
vn 0.9680 0.1761 0.1788
vn -0.9329 0.0928 0.3481
vn -0.9228 0.1197 0.3662
vn -0.8337 0.1549 0.5301
vn -0.5887 0.2255 0.7763
vn -0.3871 0.2626 0.8838
vn -0.3320 0.2702 0.9038
vn -0.2764 0.2774 0.9201
vn -0.2199 0.2833 0.9335
vn -0.1628 0.2875 0.9438
vn -0.1245 0.3073 0.9434
vn -0.1326 0.3637 0.9220
vn -0.0458 0.4200 0.9064
vn 0.1439 0.3992 0.9055
vn 0.1982 0.3264 0.9242
vn 0.1894 0.2852 0.9396
vn 0.2408 0.2750 0.9308
vn 0.2952 0.2690 0.9168
vn 0.3462 0.2625 0.9007
vn 0.3938 0.2555 0.8830
vn 0.4381 0.2480 0.8640
vn 0.4795 0.2399 0.8441
vn 0.5181 0.2314 0.8234
vn 0.5543 0.2223 0.8021
vn 0.5883 0.2129 0.7801
vn 0.6459 0.2246 0.7296
vn 0.7331 0.2515 0.6319
vn 0.7128 0.2684 0.6479
vn 0.6612 0.2677 0.7009
vn 0.7188 0.2543 0.6470
vn 0.8891 0.2068 0.4083
vn 0.9738 0.1468 0.1737
vn -0.9429 0.0909 0.3203
vn -0.9130 0.0890 0.3982
vn -0.8291 0.0708 0.5546
vn -0.6199 0.1270 0.7743
vn -0.4085 0.1962 0.8915
vn -0.3381 0.2200 0.9150
vn -0.2811 0.2259 0.9327
vn -0.2230 0.2304 0.9472
vn -0.1796 0.2483 0.9519
vn -0.1850 0.3027 0.9350
vn -0.2019 0.3647 0.9090
vn -0.0580 0.3936 0.9175
vn 0.2028 0.3666 0.9080
vn 0.2746 0.3042 0.9122
vn 0.2238 0.2455 0.9432
vn 0.2459 0.2183 0.9444
vn 0.3002 0.2129 0.9298
vn 0.3512 0.2072 0.9131
vn 0.3990 0.2012 0.8946
vn 0.4436 0.1949 0.8748
vn 0.4853 0.1881 0.8539
vn 0.5244 0.1809 0.8320
vn 0.5609 0.1734 0.8095
vn 0.5952 0.1655 0.7863
vn 0.6314 0.1629 0.7581
vn 0.7152 0.1748 0.6767
vn 0.7196 0.2089 0.6623
vn 0.6711 0.2302 0.7047
vn 0.7288 0.2170 0.6494
vn 0.8970 0.1722 0.4071
vn 0.9786 0.1180 0.1687
vn -0.9441 0.0689 0.3224
vn -0.8890 0.0393 0.4562
vn -0.8110 0.0027 0.5850
vn -0.6646 0.0432 0.7459
vn -0.4501 0.1297 0.8835
vn -0.3428 0.1672 0.9244
vn -0.2845 0.1717 0.9432
vn -0.2342 0.1843 0.9545
vn -0.2317 0.2305 0.9451
vn -0.2553 0.2944 0.9209
vn -0.2330 0.3294 0.9150
vn -0.0482 0.3374 0.9401
vn 0.2291 0.3209 0.9190
vn 0.3393 0.2801 0.8980
vn 0.2880 0.2185 0.9324
vn 0.2604 0.1698 0.9505
vn 0.3042 0.1549 0.9399
vn 0.3551 0.1501 0.9227
vn 0.4028 0.1452 0.9037
vn 0.4477 0.1400 0.8832
vn 0.4896 0.1346 0.8615
vn 0.5289 0.1289 0.8388
vn 0.5658 0.1229 0.8153
vn 0.6004 0.1167 0.7912
vn 0.6328 0.1103 0.7664
vn 0.6923 0.1231 0.7110
vn 0.7070 0.1598 0.6889
vn 0.6900 0.1668 0.7043
vn 0.7405 0.1485 0.6554
vn 0.9026 0.1236 0.4124
vn 0.9824 0.0881 0.1649
vn -0.9334 0.0429 0.3564
vn -0.8601 -0.0079 0.5101
vn -0.8011 -0.0322 0.5977
vn -0.7042 0.0082 0.7100
vn -0.4928 0.0786 0.8666
vn -0.3441 0.1096 0.9325
vn -0.2860 0.1091 0.9520
vn -0.2748 0.1401 0.9512
vn -0.3050 0.2104 0.9288
vn -0.2943 0.2597 0.9198
vn -0.2373 0.2715 0.9327
vn -0.0391 0.2746 0.9608
vn 0.2390 0.2611 0.9353
vn 0.3736 0.2389 0.8963
vn 0.3613 0.1929 0.9123
vn 0.3023 0.1274 0.9447
vn 0.3071 0.0955 0.9469
vn 0.3577 0.0916 0.9293
vn 0.4054 0.0876 0.9099
vn 0.4502 0.0836 0.8890
vn 0.4923 0.0795 0.8668
vn 0.5318 0.0753 0.8435
vn 0.5689 0.0709 0.8194
vn 0.6036 0.0664 0.7945
vn 0.6320 0.0682 0.7720
vn 0.6743 0.0798 0.7342
vn 0.7020 0.0886 0.7067
vn 0.7139 0.0760 0.6961
vn 0.7479 0.0596 0.6611
vn 0.8998 0.0553 0.4327
vn 0.9842 0.0503 0.1697
vn -0.9127 0.0172 0.4083
vn -0.8335 -0.0304 0.5516
vn -0.8033 -0.0476 0.5936
vn -0.7305 -0.0187 0.6826
vn -0.5099 0.0136 0.8601
vn -0.3219 -0.0035 0.9468
vn -0.2955 -0.0203 0.9551
vn -0.3491 0.0346 0.9365
vn -0.3819 0.1258 0.9156
vn -0.3189 0.1874 0.9291
vn -0.2368 0.2058 0.9495
vn -0.0335 0.2085 0.9774
vn 0.2452 0.1990 0.9488
vn 0.3831 0.1880 0.9044
vn 0.4177 0.1617 0.8941
vn 0.3661 0.1015 0.9250
vn 0.3223 0.0492 0.9454
vn 0.3592 0.0320 0.9327
vn 0.4066 0.0291 0.9131
vn 0.4513 0.0262 0.8920
vn 0.4934 0.0233 0.8695
vn 0.5329 0.0205 0.8459
vn 0.5654 0.0244 0.8245
vn 0.5959 0.0410 0.8020
vn 0.6206 0.0637 0.7816
vn 0.6705 0.0674 0.7389
vn 0.7148 0.0394 0.6982
vn 0.7282 0.0100 0.6853
vn 0.7499 -0.0006 0.6616
vn 0.8901 0.0003 0.4557
vn 0.9822 0.0131 0.1873
vn -0.8895 -0.0235 0.4564
vn -0.8179 -0.0561 0.5727
vn -0.8069 -0.0578 0.5879
vn -0.7360 -0.0565 0.6746
vn -0.4863 -0.0777 0.8704
vn -0.2801 -0.1170 0.9528
vn -0.3290 -0.1099 0.9379
vn -0.4205 -0.0476 0.9060
vn -0.4414 0.0162 0.8972
vn -0.3606 0.0779 0.9295
vn -0.2483 0.1242 0.9607
vn -0.0313 0.1396 0.9897
vn 0.2479 0.1348 0.9594
vn 0.3852 0.1283 0.9139
vn 0.4426 0.1201 0.8886
vn 0.4337 0.0775 0.8977
vn 0.3668 0.0069 0.9303
vn 0.3595 -0.0280 0.9327
vn 0.4066 -0.0300 0.9131
vn 0.4502 -0.0308 0.8924
vn 0.4874 -0.0241 0.8728
vn 0.5234 -0.0059 0.8521
vn 0.5519 0.0179 0.8337
vn 0.5784 0.0418 0.8147
vn 0.6080 0.0602 0.7916
vn 0.6778 0.0567 0.7331
vn 0.7408 0.0190 0.6715
vn 0.7428 -0.0269 0.6689
vn 0.7495 -0.0461 0.6604
vn 0.8781 -0.0387 0.4768
vn 0.9775 -0.0177 0.2103
vn -0.8668 -0.0453 0.4966
vn -0.8150 -0.0718 0.5750
vn -0.8094 -0.0666 0.5835
vn -0.7165 -0.0878 0.6921
vn -0.4400 -0.1347 0.8878
vn -0.2791 -0.1367 0.9505
vn -0.3840 -0.0857 0.9193
vn -0.4614 -0.0411 0.8862
vn -0.4652 -0.0255 0.8848
vn -0.4069 0.0016 0.9135
vn -0.2771 0.0458 0.9598
vn -0.0322 0.0687 0.9971
vn 0.2473 0.0691 0.9665
vn 0.3864 0.0672 0.9199
vn 0.4475 0.0652 0.8919
vn 0.4834 0.0428 0.8743
vn 0.4284 -0.0171 0.9034
vn 0.3711 -0.0690 0.9260
vn 0.3984 -0.0749 0.9141
vn 0.4391 -0.0551 0.8968
vn 0.4720 -0.0314 0.8810
vn 0.5045 -0.0073 0.8634
vn 0.5381 0.0112 0.8428
vn 0.5698 0.0172 0.8216
vn 0.6043 0.0167 0.7966
vn 0.6868 0.0084 0.7268
vn 0.7683 -0.0274 0.6395
vn 0.7617 -0.0747 0.6436
vn 0.7468 -0.0939 0.6583
vn 0.8640 -0.0813 0.4970
vn 0.9710 -0.0523 0.2331
vn -0.8441 -0.0497 0.5339
vn -0.8163 -0.0768 0.5725
vn -0.8109 -0.0743 0.5804
vn -0.6882 -0.0979 0.7189
vn -0.4044 -0.1344 0.9047
vn -0.3245 -0.1150 0.9389
vn -0.4344 -0.0579 0.8989
vn -0.4718 -0.0309 0.8812
vn -0.4684 -0.0301 0.8830
vn -0.4310 -0.0238 0.9020
vn -0.2962 -0.0158 0.9550
vn -0.0363 -0.0107 0.9993
vn 0.2401 -0.0013 0.9707
vn 0.3868 0.0053 0.9221
vn 0.4480 0.0054 0.8940
vn 0.5027 0.0029 0.8645
vn 0.4824 -0.0268 0.8755
vn 0.3995 -0.0733 0.9138
vn 0.3811 -0.0810 0.9210
vn 0.4202 -0.0585 0.9055
vn 0.4580 -0.0424 0.8879
vn 0.4945 -0.0372 0.8684
vn 0.5328 -0.0370 0.8454
vn 0.5693 -0.0368 0.8213
vn 0.6038 -0.0366 0.7963
vn 0.6957 -0.0470 0.7168
vn 0.7924 -0.0841 0.6042
vn 0.7761 -0.1281 0.6175
vn 0.7417 -0.1436 0.6552
vn 0.8473 -0.1269 0.5157
vn 0.9626 -0.0905 0.2554
vn -0.8257 -0.0653 0.5603
vn -0.8166 -0.0802 0.5715
vn -0.8113 -0.0805 0.5790
vn -0.6649 -0.1051 0.7395
vn -0.3973 -0.1191 0.9099
vn -0.3772 -0.0808 0.9226
vn -0.4634 -0.0397 0.8853
vn -0.4717 -0.0307 0.8812
vn -0.4684 -0.0317 0.8829
vn -0.4183 -0.0546 0.9067
vn -0.2659 -0.1147 0.9571
vn -0.0447 -0.1448 0.9885
vn 0.2064 -0.1084 0.9725
vn 0.3789 -0.0657 0.9231
vn 0.4474 -0.0544 0.8927
vn 0.5043 -0.0522 0.8619
vn 0.5136 -0.0638 0.8557
vn 0.4233 -0.0887 0.9017
vn 0.3681 -0.0969 0.9247
vn 0.4101 -0.0934 0.9072
vn 0.4524 -0.0928 0.8870
vn 0.4926 -0.0921 0.8653
vn 0.5308 -0.0913 0.8425
vn 0.5671 -0.0905 0.8187
vn 0.6015 -0.0895 0.7939
vn 0.7069 -0.1012 0.7001
vn 0.8132 -0.1376 0.5655
vn 0.7839 -0.1791 0.5945
vn 0.7343 -0.1919 0.6512
vn 0.8283 -0.1725 0.5330
vn 0.9521 -0.1294 0.2769
vn -0.8178 -0.0789 0.5700
vn -0.8160 -0.0820 0.5722
vn -0.8074 -0.0916 0.5828
vn -0.6432 -0.1314 0.7543
vn -0.4243 -0.1292 0.8962
vn -0.4304 -0.0652 0.9003
vn -0.4701 -0.0289 0.8821
vn -0.4705 -0.0308 0.8819
vn -0.4480 -0.0580 0.8922
vn -0.3485 -0.1467 0.9258
vn -0.1906 -0.2514 0.9489
vn -0.0543 -0.2914 0.9551
vn 0.1335 -0.2395 0.9617
vn 0.3409 -0.1527 0.9276
vn 0.4460 -0.1137 0.8878
vn 0.5029 -0.1094 0.8574
vn 0.5288 -0.1155 0.8409
vn 0.4370 -0.1377 0.8889
vn 0.3633 -0.1495 0.9196
vn 0.4075 -0.1482 0.9011
vn 0.4496 -0.1469 0.8811
vn 0.4895 -0.1454 0.8598
vn 0.5274 -0.1438 0.8374
vn 0.5633 -0.1421 0.8139
vn 0.5975 -0.1401 0.7896
vn 0.7203 -0.1515 0.6769
vn 0.8315 -0.1851 0.5238
vn 0.7862 -0.2254 0.5755
vn 0.7252 -0.2363 0.6467
vn 0.8076 -0.2151 0.5491
vn 0.9400 -0.1665 0.2976
vn -0.8161 -0.0787 0.5726
vn -0.8143 -0.0834 0.5744
vn -0.7853 -0.1245 0.6065
vn -0.6137 -0.2021 0.7632
vn -0.4742 -0.1926 0.8591
vn -0.4904 -0.1099 0.8645
vn -0.4718 -0.0679 0.8791
vn -0.4400 -0.1044 0.8919
vn -0.3735 -0.2045 0.9048
vn -0.2529 -0.3080 0.9171
vn -0.1324 -0.3639 0.9220
vn -0.0588 -0.3762 0.9247
vn 0.0533 -0.3441 0.9374
vn 0.2633 -0.2602 0.9290
vn 0.4314 -0.1868 0.8826
vn 0.5005 -0.1655 0.8498
vn 0.5392 -0.1683 0.8252
vn 0.4481 -0.1906 0.8734
vn 0.3600 -0.2035 0.9105
vn 0.4039 -0.2014 0.8924
vn 0.4455 -0.1992 0.8728
vn 0.4850 -0.1968 0.8521
vn 0.5225 -0.1941 0.8302
vn 0.5581 -0.1912 0.8075
vn 0.5919 -0.1880 0.7838
vn 0.7360 -0.1969 0.6477
vn 0.8476 -0.2259 0.4802
vn 0.7834 -0.2674 0.5610
vn 0.7149 -0.2768 0.6421
vn 0.7885 -0.2678 0.5536
vn 0.9214 -0.2301 0.3132
vn -0.8150 -0.0815 0.5737
vn -0.8121 -0.0842 0.5775
vn -0.7338 -0.1562 0.6612
vn -0.5719 -0.2634 0.7769
vn -0.5211 -0.2685 0.8101
vn -0.5298 -0.2204 0.8190
vn -0.4480 -0.2352 0.8625
vn -0.3466 -0.3218 0.8811
vn -0.2750 -0.4142 0.8677
vn -0.2070 -0.4465 0.8705
vn -0.1253 -0.4394 0.8895
vn -0.0596 -0.4328 0.8995
vn 0.0072 -0.4235 0.9059
vn 0.1690 -0.3674 0.9146
vn 0.3806 -0.2714 0.8840
vn 0.4972 -0.2202 0.8392
vn 0.5453 -0.2168 0.8097
vn 0.4569 -0.2360 0.8577
vn 0.3585 -0.2527 0.8987
vn 0.3991 -0.2527 0.8814
vn 0.4403 -0.2495 0.8625
vn 0.4793 -0.2460 0.8425
vn 0.5163 -0.2421 0.8215
vn 0.5514 -0.2379 0.7996
vn 0.5847 -0.2334 0.7769
vn 0.7538 -0.2369 0.6129
vn 0.8617 -0.2603 0.4356
vn 0.7759 -0.3064 0.5515
vn 0.7045 -0.3179 0.6345
vn 0.7795 -0.3319 0.5313
vn 0.8948 -0.3099 0.3213
vn -0.8200 -0.0596 0.5692
vn -0.7981 -0.0820 0.5969
vn -0.6592 -0.1954 0.7262
vn -0.5246 -0.2952 0.7986
vn -0.5413 -0.3143 0.7798
vn -0.5136 -0.3353 0.7898
vn -0.3719 -0.4112 0.8322
vn -0.2506 -0.4805 0.8404
vn -0.2313 -0.5030 0.8327
vn -0.2130 -0.4985 0.8403
vn -0.1390 -0.4899 0.8607
vn -0.0606 -0.4852 0.8723
vn -0.0056 -0.4848 0.8746
vn 0.0880 -0.4586 0.8843
vn 0.2931 -0.3803 0.8772
vn 0.4753 -0.2948 0.8289
vn 0.5451 -0.2637 0.7958
vn 0.4640 -0.2791 0.8407
vn 0.3614 -0.2994 0.8830
vn 0.3932 -0.3018 0.8685
vn 0.4338 -0.2976 0.8504
vn 0.4722 -0.2929 0.8314
vn 0.5087 -0.2878 0.8114
vn 0.5432 -0.2823 0.7907
vn 0.5831 -0.2881 0.7596
vn 0.7693 -0.2975 0.5654
vn 0.8653 -0.3050 0.3979
vn 0.7633 -0.3433 0.5473
vn 0.7000 -0.3651 0.6137
vn 0.7802 -0.3952 0.4848
vn 0.8615 -0.3809 0.3357
vn -0.8170 -0.0834 0.5705
vn -0.7494 -0.1663 0.6409
vn -0.5801 -0.2858 0.7628
vn -0.4902 -0.3435 0.8011
vn -0.5146 -0.3716 0.7727
vn -0.4509 -0.4375 0.7780
vn -0.3099 -0.4937 0.8126
vn -0.2298 -0.5024 0.8335
vn -0.2307 -0.4975 0.8362
vn -0.2115 -0.5070 0.8356
vn -0.1381 -0.5248 0.8400
vn -0.0616 -0.5333 0.8437
vn -0.0087 -0.5333 0.8459
vn 0.0488 -0.5290 0.8472
vn 0.1952 -0.4819 0.8542
vn 0.4102 -0.3807 0.8287
vn 0.5385 -0.3146 0.7817
vn 0.4685 -0.3262 0.8210
vn 0.3654 -0.3467 0.8639
vn 0.3864 -0.3486 0.8539
vn 0.4263 -0.3433 0.8369
vn 0.4640 -0.3376 0.8190
vn 0.4998 -0.3313 0.8003
vn 0.5338 -0.3244 0.7809
vn 0.6012 -0.3427 0.7219
vn 0.7876 -0.3583 0.5013
vn 0.8539 -0.3538 0.3815
vn 0.7452 -0.3792 0.5485
vn 0.7093 -0.4040 0.5776
vn 0.7888 -0.4352 0.4341
vn 0.8294 -0.4366 0.3485
vn -0.7627 -0.1916 0.6178
vn -0.6506 -0.3509 0.6735
vn -0.5100 -0.4390 0.7397
vn -0.4701 -0.4417 0.7641
vn -0.4504 -0.4633 0.7633
vn -0.3784 -0.5227 0.7640
vn -0.2967 -0.5484 0.7818
vn -0.2424 -0.5365 0.8083
vn -0.2229 -0.5314 0.8173
vn -0.1877 -0.5477 0.8153
vn -0.1213 -0.5688 0.8135
vn -0.0627 -0.5770 0.8143
vn -0.0118 -0.5775 0.8163
vn 0.0394 -0.5768 0.8159
vn 0.1166 -0.5566 0.8226
vn 0.3125 -0.4852 0.8166
vn 0.5063 -0.3887 0.7698
vn 0.4703 -0.3718 0.8003
vn 0.3670 -0.3919 0.8436
vn 0.3785 -0.3930 0.8380
vn 0.4177 -0.3867 0.8222
vn 0.4547 -0.3799 0.8056
vn 0.4898 -0.3725 0.7883
vn 0.5232 -0.3645 0.7703
vn 0.6392 -0.3772 0.6702
vn 0.8147 -0.3854 0.4334
vn 0.8344 -0.3951 0.3842
vn 0.7223 -0.4217 0.5480
vn 0.7231 -0.4428 0.5302
vn 0.7960 -0.4601 0.3933
vn 0.8112 -0.4718 0.3454
vn -0.6411 -0.3449 0.6856
vn -0.5284 -0.4846 0.6971
vn -0.4793 -0.5334 0.6970
vn -0.4825 -0.5033 0.7169
vn -0.4216 -0.4878 0.7644
vn -0.3341 -0.5150 0.7894
vn -0.2905 -0.5497 0.7832
vn -0.2383 -0.5743 0.7832
vn -0.2033 -0.5920 0.7799
vn -0.1643 -0.6066 0.7779
vn -0.1115 -0.6144 0.7811
vn -0.0636 -0.6166 0.7847
vn -0.0151 -0.6175 0.7864
vn 0.0342 -0.6171 0.7861
vn 0.0842 -0.6156 0.7835
vn 0.2145 -0.5787 0.7868
vn 0.4270 -0.4805 0.7661
vn 0.4608 -0.4244 0.7795
vn 0.3658 -0.4345 0.8230
vn 0.3698 -0.4349 0.8210
vn 0.4081 -0.4278 0.8065
vn 0.4443 -0.4200 0.7913
vn 0.4787 -0.4115 0.7755
vn 0.5256 -0.4209 0.7393
vn 0.6749 -0.4455 0.5882
vn 0.8228 -0.4312 0.3702
vn 0.8084 -0.4362 0.3952
vn 0.7025 -0.4679 0.5362
vn 0.7325 -0.4870 0.4758
vn 0.7895 -0.4921 0.3669
vn 0.8016 -0.5049 0.3202
vn -0.5151 -0.4834 0.7078
vn -0.4528 -0.5380 0.7110
vn -0.4880 -0.5396 0.6860
vn -0.5290 -0.5009 0.6850
vn -0.4418 -0.4808 0.7574
vn -0.3151 -0.4888 0.8135
vn -0.2667 -0.5131 0.8158
vn -0.2170 -0.5451 0.8098
vn -0.1815 -0.5720 0.8000
vn -0.1465 -0.5953 0.7901
vn -0.0998 -0.6159 0.7814
vn -0.0537 -0.6337 0.7717
vn -0.0110 -0.6466 0.7628
vn 0.0308 -0.6522 0.7574
vn 0.0772 -0.6521 0.7542
vn 0.1453 -0.6375 0.7566
vn 0.3221 -0.5739 0.7529
vn 0.4149 -0.4934 0.7645
vn 0.3617 -0.4747 0.8024
vn 0.3604 -0.4743 0.8032
vn 0.3978 -0.4664 0.7900
vn 0.4332 -0.4579 0.7763
vn 0.4763 -0.4589 0.7501
vn 0.5645 -0.4976 0.6586
vn 0.6980 -0.5243 0.4878
vn 0.8060 -0.4844 0.3403
vn 0.7745 -0.4804 0.4115
vn 0.6909 -0.5040 0.5183
vn 0.7488 -0.5097 0.4236
vn 0.7774 -0.5284 0.3412
vn 0.7893 -0.5507 0.2715
vn -0.4562 -0.5432 0.7049
vn -0.4320 -0.5515 0.7136
vn -0.5008 -0.5347 0.6807
vn -0.5576 -0.5080 0.6565
vn -0.4631 -0.5145 0.7217
vn -0.3188 -0.5189 0.7932
vn -0.2477 -0.5189 0.8182
vn -0.2024 -0.5270 0.8254
vn -0.1629 -0.5381 0.8270
vn -0.1231 -0.5572 0.8212
vn -0.0770 -0.5790 0.8117
vn -0.0314 -0.5977 0.8011
vn 0.0073 -0.6132 0.7899
vn 0.0429 -0.6263 0.7784
vn 0.0860 -0.6374 0.7657
vn 0.1329 -0.6466 0.7512
vn 0.2384 -0.6257 0.7428
vn 0.3345 -0.5651 0.7542
vn 0.3416 -0.5251 0.7795
vn 0.3489 -0.5124 0.7847
vn 0.3868 -0.5028 0.7730
vn 0.4266 -0.4984 0.7547
vn 0.5071 -0.5214 0.6862
vn 0.6229 -0.5613 0.5449
vn 0.7022 -0.5695 0.4273
vn 0.7844 -0.5166 0.3432
vn 0.7399 -0.5176 0.4296
vn 0.6850 -0.5480 0.4801
vn 0.7503 -0.5561 0.3576
vn 0.7553 -0.5888 0.2878
vn 0.7654 -0.6029 0.2252
vn -0.4363 -0.5691 0.6969
vn -0.4273 -0.5691 0.7025
vn -0.5077 -0.5420 0.6696
vn -0.5572 -0.5274 0.6414
vn -0.4841 -0.5415 0.6873
vn -0.3450 -0.5492 0.7612
vn -0.2415 -0.5526 0.7977
vn -0.1963 -0.5598 0.8050
vn -0.1527 -0.5668 0.8096
vn -0.1091 -0.5721 0.8129
vn -0.0652 -0.5760 0.8149
vn -0.0206 -0.5783 0.8156
vn 0.0214 -0.5812 0.8135
vn 0.0623 -0.5885 0.8061
vn 0.1073 -0.5987 0.7938
vn 0.1544 -0.6080 0.7788
vn 0.2109 -0.6079 0.7655
vn 0.2959 -0.6012 0.7423
vn 0.3239 -0.6094 0.7237
vn 0.3148 -0.6136 0.7241
vn 0.3561 -0.5970 0.7189
vn 0.4296 -0.5995 0.6753
vn 0.5534 -0.6240 0.5517
vn 0.6370 -0.6374 0.4335
vn 0.6776 -0.6235 0.3900
vn 0.7458 -0.5659 0.3514
vn 0.7112 -0.5723 0.4082
vn 0.6807 -0.6220 0.3869
vn 0.7174 -0.6379 0.2801
vn 0.7282 -0.6427 0.2381
vn 0.7445 -0.6338 0.2099
vn -0.4165 -0.5931 0.6890
vn -0.4237 -0.5927 0.6850
vn -0.5055 -0.5685 0.6491
vn -0.5422 -0.5589 0.6274
vn -0.4956 -0.5747 0.6512
vn -0.3804 -0.5879 0.7140
vn -0.2500 -0.5888 0.7686
vn -0.1909 -0.5901 0.7844
vn -0.1491 -0.5973 0.7880
vn -0.1073 -0.6030 0.7905
vn -0.0653 -0.6072 0.7918
vn -0.0227 -0.6098 0.7922
vn 0.0211 -0.6109 0.7914
vn 0.0663 -0.6105 0.7893
vn 0.1131 -0.6084 0.7855
vn 0.1614 -0.6047 0.7799
vn 0.2084 -0.5996 0.7727
vn 0.3293 -0.6031 0.7265
vn 0.3666 -0.6440 0.6715
vn 0.2993 -0.6929 0.6559
vn 0.3358 -0.7128 0.6158
vn 0.4528 -0.7334 0.5071
vn 0.5517 -0.7394 0.3859
vn 0.5935 -0.7269 0.3456
vn 0.6187 -0.7050 0.3468
vn 0.6755 -0.6545 0.3396
vn 0.6896 -0.6493 0.3206
vn 0.6658 -0.6905 0.2829
vn 0.6871 -0.6855 0.2409
vn 0.7075 -0.6704 0.2236
vn 0.7257 -0.6561 0.2070
vn -0.4006 -0.6211 0.6736
vn -0.4142 -0.6154 0.6706
vn -0.4981 -0.5941 0.6316
vn -0.5275 -0.5884 0.6128
vn -0.4898 -0.6084 0.6245
vn -0.4162 -0.6240 0.6614
vn -0.2890 -0.6265 0.7239
vn -0.1938 -0.6215 0.7591
vn -0.1460 -0.6253 0.7666
vn -0.1060 -0.6312 0.7683
vn -0.0658 -0.6357 0.7692
vn -0.0249 -0.6386 0.7691
vn 0.0173 -0.6401 0.7681
vn 0.0610 -0.6400 0.7660
vn 0.1066 -0.6382 0.7625
vn 0.1539 -0.6347 0.7573
vn 0.2213 -0.6421 0.7340
vn 0.3720 -0.6470 0.6656
vn 0.4236 -0.6646 0.6155
vn 0.3581 -0.7280 0.5846
vn 0.3932 -0.7869 0.4756
vn 0.4807 -0.8040 0.3502
vn 0.5233 -0.7955 0.3054
vn 0.5390 -0.7794 0.3194
vn 0.5514 -0.7424 0.3805
vn 0.6580 -0.6702 0.3432
vn 0.7164 -0.6491 0.2557
vn 0.6763 -0.6962 0.2406
vn 0.6657 -0.7093 0.2317
vn 0.6871 -0.6910 0.2248
vn 0.7178 -0.6558 0.2341
vn -0.4044 -0.6493 0.6441
vn -0.3959 -0.6396 0.6589
vn -0.4835 -0.6206 0.6173
vn -0.5140 -0.6156 0.5973
vn -0.4786 -0.6351 0.6063
vn -0.4350 -0.6511 0.6219
vn -0.3459 -0.6597 0.6672
vn -0.2255 -0.6562 0.7201
vn -0.1483 -0.6525 0.7431
vn -0.1052 -0.6568 0.7467
vn -0.0665 -0.6615 0.7470
vn -0.0272 -0.6647 0.7466
vn 0.0153 -0.6677 0.7443
vn 0.0769 -0.6819 0.7274
vn 0.1366 -0.7151 0.6856
vn 0.1748 -0.7571 0.6295
vn 0.2559 -0.7918 0.5546
vn 0.3563 -0.7977 0.4866
vn 0.3714 -0.7790 0.5052
vn 0.3972 -0.7520 0.5261
vn 0.5008 -0.7231 0.4758
vn 0.5616 -0.7073 0.4293
vn 0.5803 -0.7040 0.4094
vn 0.5381 -0.7064 0.4598
vn 0.5505 -0.6848 0.4775
vn 0.7167 -0.6134 0.3318
vn 0.7584 -0.6010 0.2520
vn 0.7228 -0.6257 0.2933
vn 0.7245 -0.6100 0.3211
vn 0.7556 -0.5640 0.3332
vn 0.7887 -0.4942 0.3658
vn -0.4390 -0.6697 0.5990
vn -0.3726 -0.6677 0.6444
vn -0.4600 -0.6488 0.6062
vn -0.5029 -0.6396 0.5813
vn -0.4695 -0.6585 0.5882
vn -0.4344 -0.6764 0.5948
vn -0.3848 -0.6903 0.6127
vn -0.2886 -0.6943 0.6593
vn -0.1686 -0.6934 0.7006
vn -0.0886 -0.7066 0.7020
vn -0.0408 -0.7355 0.6763
vn -0.0010 -0.7688 0.6394
vn 0.0388 -0.8020 0.5961
vn 0.1153 -0.8321 0.5425
vn 0.1894 -0.8598 0.4741
vn 0.2207 -0.8870 0.4055
vn 0.2572 -0.8929 0.3695
vn 0.2680 -0.8681 0.4179
vn 0.2575 -0.8233 0.5058
vn 0.3496 -0.7551 0.5546
vn 0.5058 -0.6626 0.5524
vn 0.5998 -0.5913 0.5390
vn 0.6371 -0.5648 0.5245
vn 0.5685 -0.6200 0.5408
vn 0.6124 -0.6452 0.4568
vn 0.7486 -0.5738 0.3322
vn 0.7718 -0.5206 0.3651
vn 0.7621 -0.4823 0.4319
vn 0.7800 -0.4369 0.4480
vn 0.8031 -0.3902 0.4503
vn 0.8151 -0.3576 0.4558
vn -0.9693 0.1922 -0.1535
vn -0.9714 0.2057 -0.1182
vn -0.9719 0.2033 -0.1189
vn -0.9717 0.2018 -0.1228
vn -0.9712 0.2008 -0.1281
vn -0.9703 0.2010 -0.1349
vn -0.9734 0.2221 -0.0567
vn -0.9680 0.2483 0.0365
vn -0.9655 0.2556 0.0504
vn -0.9710 0.2368 -0.0323
vn -0.9662 0.2083 -0.1522
vn -0.9597 0.2051 -0.1921
vn -0.9560 0.2194 -0.1946
vn -0.9708 0.2156 -0.1055
vn -0.9813 0.1825 0.0614
vn -0.9775 0.1632 0.1334
vn -0.9774 0.1688 0.1275
vn -0.9768 0.1767 0.1212
vn -0.9756 0.1869 0.1148
vn -0.9739 0.1991 0.1089
vn -0.9711 0.2158 0.1018
vn -0.9611 0.2677 0.0677
vn -0.9274 0.3740 -0.0042
vn -0.8448 0.5350 0.0126
vn -0.7081 0.6879 0.1590
vn -0.6068 0.7502 0.2626
vn -0.5881 0.7600 0.2765
vn -0.5803 0.7626 0.2857
vn -0.5719 0.7645 0.2973
vn -0.5613 0.7659 0.3136
vn -0.5449 0.7391 0.3960
vn -0.9651 0.1804 -0.1897
vn -0.9754 0.1886 -0.1144
vn -0.9760 0.1844 -0.1157
vn -0.9762 0.1811 -0.1196
vn -0.9759 0.1787 -0.1254
vn -0.9751 0.1773 -0.1332
vn -0.9795 0.1901 -0.0666
vn -0.9776 0.2084 0.0283
vn -0.9755 0.2135 0.0529
vn -0.9805 0.1961 -0.0157
vn -0.9760 0.1677 -0.1388
vn -0.9672 0.1615 -0.1961
vn -0.9642 0.1745 -0.1997
vn -0.9825 0.1725 -0.0698
vn -0.9856 0.1375 0.0982
vn -0.9849 0.1169 0.1276
vn -0.9853 0.1221 0.1198
vn -0.9852 0.1299 0.1119
vn -0.9847 0.1400 0.1041
vn -0.9834 0.1540 0.0958
vn -0.9772 0.2027 0.0627
vn -0.9510 0.3089 -0.0144
vn -0.9094 0.4078 -0.0811
vn -0.8767 0.4745 -0.0783
vn -0.8047 0.5899 0.0670
vn -0.6929 0.6821 0.2335
vn -0.6482 0.7033 0.2919
vn -0.6551 0.6943 0.2979
vn -0.6446 0.7021 0.3026
vn -0.6217 0.7004 0.3507
vn -0.5656 0.6291 0.5332
vn -0.9573 0.1853 -0.2221
vn -0.9781 0.1767 -0.1101
vn -0.9790 0.1704 -0.1116
vn -0.9794 0.1653 -0.1159
vn -0.9793 0.1615 -0.1224
vn -0.9785 0.1591 -0.1311
vn -0.9836 0.1650 -0.0728
vn -0.9844 0.1746 0.0234
vn -0.9828 0.1762 0.0557
vn -0.9872 0.1597 0.0022
vn -0.9835 0.1316 -0.1241
vn -0.9720 0.1236 -0.1998
vn -0.9727 0.1247 -0.1955
vn -0.9929 0.1136 -0.0357
vn -0.9886 0.0867 0.1234
vn -0.9894 0.0773 0.1225
vn -0.9902 0.0821 0.1128
vn -0.9906 0.0895 0.1031
vn -0.9906 0.1005 0.0930
vn -0.9874 0.1468 0.0594
vn -0.9662 0.2569 -0.0202
vn -0.9273 0.3627 -0.0923
vn -0.9081 0.4041 -0.1100
vn -0.9015 0.4202 -0.1038
vn -0.8862 0.4631 0.0107
vn -0.8345 0.5010 0.2291
vn -0.8069 0.4906 0.3289
vn -0.8127 0.4843 0.3241
vn -0.8076 0.4811 0.3411
vn -0.7638 0.4392 0.4730
vn -0.6565 0.3882 0.6467
vn -0.9468 0.2330 -0.2221
vn -0.9796 0.1781 -0.0932
vn -0.9814 0.1600 -0.1065
vn -0.9818 0.1537 -0.1115
vn -0.9817 0.1490 -0.1190
vn -0.9809 0.1457 -0.1287
vn -0.9865 0.1455 -0.0747
vn -0.9890 0.1459 0.0224
vn -0.9879 0.1433 0.0587
vn -0.9916 0.1273 0.0208
vn -0.9890 0.0999 -0.1086
vn -0.9749 0.0910 -0.2034
vn -0.9808 0.0821 -0.1767
vn -0.9983 0.0571 -0.0061
vn -0.9906 0.0432 0.1299
vn -0.9920 0.0443 0.1182
vn -0.9931 0.0486 0.1065
vn -0.9939 0.0565 0.0944
vn -0.9932 0.1006 0.0590
vn -0.9766 0.2136 -0.0237
vn -0.9407 0.3241 -0.1005
vn -0.9227 0.3658 -0.1218
vn -0.9172 0.3803 -0.1187
vn -0.9116 0.3954 -0.1122
vn -0.9195 0.3916 0.0334
vn -0.9034 0.3372 0.2648
vn -0.8924 0.3029 0.3344
vn -0.8921 0.3053 0.3332
vn -0.8763 0.2549 0.4088
vn -0.8085 0.1674 0.5642
vn -0.7488 0.1608 0.6430
vn -0.9296 0.3111 -0.1978
vn -0.9749 0.2186 -0.0426
vn -0.9823 0.1658 -0.0873
vn -0.9836 0.1455 -0.1067
vn -0.9834 0.1403 -0.1152
vn -0.9826 0.1365 -0.1259
vn -0.9888 0.1307 -0.0718
vn -0.9922 0.1217 0.0259
vn -0.9915 0.1147 0.0619
vn -0.9943 0.0988 0.0398
vn -0.9931 0.0723 -0.0926
vn -0.9763 0.0634 -0.2068
vn -0.9867 0.0554 -0.1529
vn -0.9993 0.0302 0.0200
vn -0.9916 0.0163 0.1286
vn -0.9933 0.0176 0.1146
vn -0.9947 0.0221 0.1004
vn -0.9960 0.0640 0.0625
vn -0.9835 0.1792 -0.0241
vn -0.9504 0.2928 -0.1053
vn -0.9336 0.3339 -0.1299
vn -0.9291 0.3462 -0.1297
vn -0.9246 0.3594 -0.1265
vn -0.9259 0.3614 -0.1095
vn -0.9311 0.3507 0.1002
vn -0.8979 0.3097 0.3129
vn -0.8982 0.2939 0.3268
vn -0.8918 0.2656 0.3662
vn -0.8448 0.1665 0.5084
vn -0.7908 0.0766 0.6073
vn -0.7837 0.0634 0.6179
vn -0.9156 0.3484 -0.2008
vn -0.9614 0.2744 0.0192
vn -0.9771 0.2100 -0.0348
vn -0.9840 0.1546 -0.0886
vn -0.9846 0.1349 -0.1111
vn -0.9837 0.1310 -0.1229
vn -0.9908 0.1197 -0.0639
vn -0.9943 0.1011 0.0344
vn -0.9938 0.0899 0.0653
vn -0.9953 0.0797 0.0548
vn -0.9952 0.0603 -0.0770
vn -0.9773 0.0455 -0.2069
vn -0.9908 0.0333 -0.1315
vn -0.9990 0.0092 0.0435
vn -0.9918 -0.0043 0.1275
vn -0.9938 -0.0029 0.1113
vn -0.9968 0.0366 0.0707
vn -0.9880 0.1531 -0.0203
vn -0.9574 0.2687 -0.1061
vn -0.9416 0.3087 -0.1341
vn -0.9380 0.3186 -0.1369
vn -0.9342 0.3294 -0.1368
vn -0.9306 0.3409 -0.1334
vn -0.9407 0.3291 -0.0822
vn -0.9402 0.3030 0.1554
vn -0.9009 0.2837 0.3284
vn -0.9026 0.2646 0.3394
vn -0.8735 0.1788 0.4528
vn -0.8068 0.0719 0.5865
vn -0.7879 0.0396 0.6146
vn -0.7902 0.0469 0.6111
vn -0.9071 0.3527 -0.2297
vn -0.9543 0.2948 0.0486
vn -0.9648 0.2617 0.0271
vn -0.9795 0.1974 -0.0390
vn -0.9847 0.1449 -0.0964
vn -0.9844 0.1286 -0.1199
vn -0.9924 0.1119 -0.0508
vn -0.9953 0.0838 0.0481
vn -0.9953 0.0687 0.0688
vn -0.9960 0.0640 0.0618
vn -0.9968 0.0513 -0.0618
vn -0.9795 0.0319 -0.1990
vn -0.9935 0.0140 -0.1129
vn -0.9979 -0.0077 0.0637
vn -0.9917 -0.0196 0.1268
vn -0.9963 0.0175 0.0840
vn -0.9908 0.1347 -0.0116
vn -0.9624 0.2515 -0.1025
vn -0.9475 0.2904 -0.1341
vn -0.9444 0.2975 -0.1398
vn -0.9414 0.3056 -0.1429
vn -0.9384 0.3147 -0.1428
vn -0.9355 0.3247 -0.1394
vn -0.9467 0.3198 -0.0381
vn -0.9341 0.2936 0.2033
vn -0.9042 0.2712 0.3299
vn -0.8906 0.2129 0.4018
vn -0.8283 0.0958 0.5520
vn -0.7908 0.0281 0.6115
vn -0.7927 0.0259 0.6090
vn -0.7960 0.0330 0.6043
vn -0.9020 0.3434 -0.2617
vn -0.9556 0.2902 0.0512
vn -0.9575 0.2825 0.0578
vn -0.9693 0.2447 0.0230
vn -0.9821 0.1805 -0.0545
vn -0.9851 0.1336 -0.1082
vn -0.9944 0.1007 -0.0325
vn -0.9957 0.0663 0.0651
vn -0.9961 0.0505 0.0724
vn -0.9968 0.0458 0.0647
vn -0.9983 0.0343 -0.0466
vn -0.9848 -0.0010 -0.1734
vn -0.9950 -0.0385 -0.0926
vn -0.9965 -0.0478 0.0690
vn -0.9952 0.0005 0.0976
vn -0.9924 0.1234 0.0030
vn -0.9661 0.2403 -0.0939
vn -0.9533 0.2741 -0.1266
vn -0.9558 0.2632 -0.1312
vn -0.9594 0.2466 -0.1371
vn -0.9623 0.2328 -0.1410
vn -0.9643 0.2240 -0.1414
vn -0.9657 0.2202 -0.1379
vn -0.9770 0.2125 0.0177
vn -0.9517 0.1763 0.2515
vn -0.9297 0.1390 0.3412
vn -0.8737 0.0952 0.4770
vn -0.7938 0.0324 0.6073
vn -0.7911 0.0110 0.6115
vn -0.7969 0.0151 0.6039
vn -0.8012 0.0215 0.5980
vn -0.9006 0.3235 -0.2903
vn -0.9591 0.2802 0.0413
vn -0.9568 0.2834 0.0641
vn -0.9605 0.2716 0.0598
vn -0.9747 0.2232 0.0076
vn -0.9873 0.1444 -0.0659
vn -0.9969 0.0786 -0.0082
vn -0.9959 0.0451 0.0789
vn -0.9966 0.0465 0.0684
vn -0.9957 0.0771 0.0518
vn -0.9958 0.0862 -0.0307
vn -0.9929 0.0140 -0.1180
vn -0.9956 -0.0616 -0.0704
vn -0.9979 -0.0479 0.0441
vn -0.9989 0.0318 0.0345
vn -0.9921 0.1057 -0.0673
vn -0.9869 0.1175 -0.1108
vn -0.9886 0.0955 -0.1167
vn -0.9900 0.0764 -0.1189
vn -0.9902 0.0613 -0.1254
vn -0.9901 0.0516 -0.1307
vn -0.9901 0.0472 -0.1324
vn -0.9903 0.0481 -0.1300
vn -0.9970 0.0426 0.0643
vn -0.9577 0.0066 0.2877
vn -0.9381 -0.0189 0.3458
vn -0.8640 -0.0092 0.5034
vn -0.7862 0.0025 0.6180
vn -0.7937 0.0042 0.6083
vn -0.8004 0.0077 0.5995
vn -0.8095 0.0209 0.5867
vn -0.8979 0.3100 -0.3126
vn -0.9610 0.2754 0.0229
vn -0.9580 0.2795 0.0645
vn -0.9584 0.2767 0.0699
vn -0.9661 0.2512 0.0596
vn -0.9829 0.1840 0.0010
vn -0.9924 0.1217 0.0173
vn -0.9907 0.1090 0.0808
vn -0.9917 0.1106 0.0659
vn -0.9938 0.1034 0.0400
vn -0.9974 0.0717 -0.0010
vn -0.9967 0.0332 -0.0742
vn -0.9979 0.0226 -0.0601
vn -0.9993 -0.0002 0.0368
vn -0.9994 -0.0335 0.0096
vn -0.9958 -0.0556 -0.0723
vn -0.9928 -0.0785 -0.0906
vn -0.9904 -0.0925 -0.1026
vn -0.9895 -0.0913 -0.1116
vn -0.9894 -0.0797 -0.1214
vn -0.9895 -0.0648 -0.1290
vn -0.9900 -0.0484 -0.1328
vn -0.9911 -0.0376 -0.1276
vn -0.9947 -0.0373 0.0958
vn -0.9493 -0.0506 0.3102
vn -0.9389 -0.0501 0.3404
vn -0.8656 -0.0204 0.5003
vn -0.7875 -0.0002 0.6164
vn -0.7957 0.0012 0.6057
vn -0.8032 0.0040 0.5957
vn -0.8274 0.0270 0.5609
vn -0.9226 0.1591 -0.3513
vn -0.9896 0.1435 -0.0089
vn -0.9872 0.1497 0.0555
vn -0.9861 0.1521 0.0663
vn -0.9863 0.1439 0.0802
vn -0.9911 0.1254 0.0454
vn -0.9948 0.0943 0.0398
vn -0.9944 0.0618 0.0852
vn -0.9962 0.0313 0.0818
vn -0.9981 -0.0145 0.0606
vn -0.9983 -0.0514 0.0268
vn -0.9956 -0.0213 -0.0915
vn -0.9976 0.0289 -0.0631
vn -0.9965 -0.0126 0.0826
vn -0.9959 -0.0837 0.0340
vn -0.9917 -0.1140 -0.0590
vn -0.9896 -0.1160 -0.0849
vn -0.9888 -0.1077 -0.1029
vn -0.9882 -0.0977 -0.1180
vn -0.9878 -0.0860 -0.1299
vn -0.9877 -0.0728 -0.1382
vn -0.9881 -0.0582 -0.1426
vn -0.9907 -0.0554 -0.1243
vn -0.9917 -0.0614 0.1131
vn -0.9470 -0.0597 0.3156
vn -0.9430 -0.0494 0.3292
vn -0.8702 -0.0200 0.4924
vn -0.7884 0.0003 0.6152
vn -0.7972 0.0013 0.6037
vn -0.8054 0.0035 0.5927
vn -0.8509 0.0241 0.5247
vn -0.9226 -0.0819 -0.3769
vn -0.9954 -0.0880 -0.0384
vn -0.9955 -0.0853 0.0409
vn -0.9959 -0.0760 0.0486
vn -0.9973 -0.0412 0.0607
vn -0.9985 -0.0140 0.0523
vn -0.9971 -0.0365 0.0666
vn -0.9922 -0.0741 0.1000
vn -0.9919 -0.0860 0.0937
vn -0.9931 -0.0870 0.0782
vn -0.9970 -0.0737 0.0244
vn -0.9913 -0.0432 -0.1247
vn -0.9973 -0.0289 -0.0668
vn -0.9925 -0.0362 0.1165
vn -0.9960 -0.0625 0.0640
vn -0.9939 -0.1012 -0.0439
vn -0.9893 -0.1149 -0.0894
vn -0.9882 -0.1078 -0.1084
vn -0.9873 -0.0992 -0.1245
vn -0.9865 -0.0891 -0.1372
vn -0.9862 -0.0777 -0.1463
vn -0.9864 -0.0650 -0.1512
vn -0.9912 -0.0613 -0.1176
vn -0.9903 -0.0627 0.1239
vn -0.9481 -0.0563 0.3129
vn -0.9469 -0.0449 0.3183
vn -0.8747 -0.0163 0.4844
vn -0.7890 0.0034 0.6144
vn -0.7983 0.0041 0.6022
vn -0.8071 0.0058 0.5903
vn -0.8711 0.0194 0.4906
vn -0.9065 -0.1862 -0.3789
vn -0.9814 -0.1839 -0.0555
vn -0.9886 -0.1491 0.0193
vn -0.9969 -0.0782 0.0056
vn -0.9996 -0.0137 0.0249
vn -0.9973 -0.0219 0.0700
vn -0.9917 -0.0774 0.1024
vn -0.9914 -0.0884 0.0963
vn -0.9952 -0.0527 0.0821
vn -0.9963 -0.0335 0.0790
vn -0.9993 -0.0334 0.0168
vn -0.9904 -0.0315 -0.1349
vn -0.9973 -0.0306 -0.0667
vn -0.9924 -0.0312 0.1193
vn -0.9944 -0.0528 0.0919
vn -0.9954 -0.0942 -0.0193
vn -0.9895 -0.1109 -0.0932
vn -0.9880 -0.1050 -0.1131
vn -0.9867 -0.0978 -0.1299
vn -0.9856 -0.0895 -0.1434
vn -0.9850 -0.0800 -0.1530
vn -0.9849 -0.0695 -0.1584
vn -0.9914 -0.0626 -0.1150
vn -0.9900 -0.0565 0.1290
vn -0.9496 -0.0477 0.3097
vn -0.9509 -0.0371 0.3073
vn -0.8793 -0.0099 0.4761
vn -0.7894 0.0086 0.6138
vn -0.7992 0.0092 0.6010
vn -0.8084 0.0103 0.5885
vn -0.8862 0.0188 0.4630
vn -0.9012 -0.1420 -0.4095
vn -0.9934 -0.0650 -0.0944
vn -0.9995 0.0167 -0.0255
vn -0.9971 0.0683 -0.0347
vn -0.9984 0.0488 0.0302
vn -0.9931 -0.0254 0.1141
vn -0.9877 -0.0821 0.1329
vn -0.9895 -0.1111 0.0929
vn -0.9926 -0.1066 0.0585
vn -0.9961 -0.0644 0.0611
vn -0.9993 -0.0329 0.0153
vn -0.9911 -0.0376 -0.1278
vn -0.9966 -0.0455 -0.0692
vn -0.9930 -0.0343 0.1128
vn -0.9927 -0.0383 0.1148
vn -0.9974 -0.0721 0.0069
vn -0.9910 -0.0973 -0.0917
vn -0.9881 -0.0998 -0.1168
vn -0.9865 -0.0941 -0.1343
vn -0.9851 -0.0876 -0.1483
vn -0.9841 -0.0802 -0.1584
vn -0.9838 -0.0720 -0.1642
vn -0.9910 -0.0619 -0.1184
vn -0.9906 -0.0478 0.1278
vn -0.9509 -0.0364 0.3075
vn -0.9548 -0.0265 0.2961
vn -0.8842 -0.0012 0.4671
vn -0.7897 0.0154 0.6133
vn -0.7997 0.0158 0.6002
vn -0.8093 0.0166 0.5872
vn -0.8966 0.0215 0.4423
vn -0.8671 -0.0058 -0.4981
vn -0.9818 0.1007 -0.1608
vn -0.9892 0.1375 -0.0516
vn -0.9959 0.0893 -0.0114
vn -0.9962 -0.0108 0.0870
vn -0.9861 -0.0750 0.1484
vn -0.9850 -0.0914 0.1463
vn -0.9867 -0.1153 0.1145
vn -0.9860 -0.1551 0.0606
vn -0.9880 -0.1516 0.0278
vn -0.9949 -0.1005 -0.0056
vn -0.9900 -0.0931 -0.1064
vn -0.9915 -0.1037 -0.0786
vn -0.9951 -0.0559 0.0814
vn -0.9919 -0.0197 0.1257
vn -0.9986 -0.0431 0.0322
vn -0.9938 -0.0789 -0.0784
vn -0.9885 -0.0926 -0.1195
vn -0.9865 -0.0885 -0.1374
vn -0.9848 -0.0838 -0.1519
vn -0.9836 -0.0786 -0.1624
vn -0.9830 -0.0729 -0.1685
vn -0.9899 -0.0594 -0.1284
vn -0.9921 -0.0372 0.1197
vn -0.9517 -0.0233 0.3061
vn -0.9580 -0.0169 0.2863
vn -0.8894 0.0026 0.4572
vn -0.7914 0.0195 0.6110
vn -0.8000 0.0234 0.5996
vn -0.8098 0.0242 0.5862
vn -0.9030 0.0270 0.4287
vn -0.8177 -0.0491 -0.5735
vn -0.9726 0.0338 -0.2299
vn -0.9964 0.0693 -0.0495
vn -0.9983 0.0182 0.0547
vn -0.9891 -0.0525 0.1379
vn -0.9839 -0.0801 0.1598
vn -0.9852 -0.0850 0.1488
vn -0.9874 -0.0892 0.1306
vn -0.9891 -0.1173 0.0895
vn -0.9859 -0.1651 0.0279
vn -0.9853 -0.1667 -0.0386
vn -0.9839 -0.1584 -0.0830
vn -0.9805 -0.1791 -0.0815
vn -0.9919 -0.1259 0.0182
vn -0.9933 -0.0377 0.1090
vn -0.9979 -0.0285 0.0573
vn -0.9962 -0.0669 -0.0560
vn -0.9891 -0.0840 -0.1212
vn -0.9869 -0.0815 -0.1394
vn -0.9849 -0.0787 -0.1541
vn -0.9834 -0.0757 -0.1648
vn -0.9826 -0.0726 -0.1711
vn -0.9878 -0.0551 -0.1453
vn -0.9942 -0.0249 0.1044
vn -0.9521 -0.0092 0.3056
vn -0.9595 -0.0079 0.2816
vn -0.8952 0.0033 0.4456
vn -0.7966 0.0219 0.6042
vn -0.8001 0.0309 0.5991
vn -0.8100 0.0313 0.5856
vn -0.9057 0.0322 0.4227
vn -0.7714 -0.1932 -0.6063
vn -0.9486 -0.1464 -0.2806
vn -0.9942 -0.0852 -0.0656
vn -0.9942 -0.0587 0.0899
vn -0.9848 -0.0671 0.1600
vn -0.9838 -0.0757 0.1623
vn -0.9858 -0.0765 0.1496
vn -0.9882 -0.0772 0.1324
vn -0.9907 -0.0823 0.1086
vn -0.9934 -0.1019 0.0521
vn -0.9922 -0.1117 -0.0557
vn -0.9906 -0.1188 -0.0673
vn -0.9845 -0.1680 -0.0508
vn -0.9845 -0.1690 -0.0475
vn -0.9961 -0.0708 0.0522
vn -0.9967 -0.0231 0.0777
vn -0.9981 -0.0534 -0.0314
vn -0.9900 -0.0726 -0.1208
vn -0.9874 -0.0735 -0.1402
vn -0.9852 -0.0726 -0.1550
vn -0.9835 -0.0719 -0.1657
vn -0.9825 -0.0714 -0.1721
vn -0.9849 -0.0594 -0.1628
vn -0.9961 -0.0321 0.0819
vn -0.9541 -0.0052 0.2993
vn -0.9596 0.0039 0.2815
vn -0.9017 0.0098 0.4323
vn -0.8047 0.0269 0.5931
vn -0.8000 0.0378 0.5988
vn -0.8097 0.0376 0.5857
vn -0.9020 0.0266 0.4308
vn -0.7594 -0.2214 -0.6117
vn -0.9292 -0.2187 -0.2980
vn -0.9790 -0.1765 -0.1021
vn -0.9924 -0.1019 0.0693
vn -0.9837 -0.0666 0.1671
vn -0.9845 -0.0683 0.1618
vn -0.9865 -0.0673 0.1491
vn -0.9890 -0.0666 0.1319
vn -0.9916 -0.0660 0.1110
vn -0.9968 -0.0582 0.0555
vn -0.9970 -0.0459 -0.0629
vn -0.9973 -0.0521 -0.0524
vn -0.9951 -0.0988 -0.0028
vn -0.9869 -0.1481 -0.0641
vn -0.9935 -0.1126 -0.0174
vn -0.9971 -0.0355 0.0675
vn -0.9997 -0.0253 -0.0069
vn -0.9921 -0.0540 -0.1128
vn -0.9880 -0.0652 -0.1398
vn -0.9858 -0.0662 -0.1544
vn -0.9839 -0.0678 -0.1651
vn -0.9827 -0.0699 -0.1714
vn -0.9828 -0.0695 -0.1711
vn -0.9976 -0.0522 0.0453
vn -0.9612 -0.0081 0.2757
vn -0.9569 0.0057 0.2903
vn -0.9033 -0.0186 0.4285
vn -0.8183 -0.0077 0.5747
vn -0.8061 0.0288 0.5910
vn -0.8091 0.0429 0.5861
vn -0.8886 0.0212 0.4582
vn -0.7598 -0.2343 -0.6065
vn -0.9290 -0.2293 -0.2904
vn -0.9697 -0.1975 -0.1439
vn -0.9915 -0.1277 0.0230
vn -0.9841 -0.0720 0.1625
vn -0.9852 -0.0611 0.1600
vn -0.9873 -0.0585 0.1474
vn -0.9899 -0.0563 0.1304
vn -0.9925 -0.0545 0.1096
vn -0.9978 -0.0491 0.0454
vn -0.9967 -0.0443 -0.0680
vn -0.9980 -0.0468 -0.0421
vn -0.9978 -0.0610 0.0277
vn -0.9932 -0.1126 -0.0293
vn -0.9886 -0.1379 -0.0602
vn -0.9977 -0.0668 0.0133
vn -0.9998 -0.0154 0.0087
vn -0.9949 -0.0380 -0.0938
vn -0.9888 -0.0571 -0.1382
vn -0.9865 -0.0602 -0.1526
vn -0.9846 -0.0640 -0.1630
vn -0.9832 -0.0686 -0.1691
vn -0.9826 -0.0739 -0.1704
vn -0.9984 -0.0567 -0.0016
vn -0.9721 -0.0030 0.2345
vn -0.9484 0.0006 0.3171
vn -0.8924 -0.0622 0.4469
vn -0.8291 -0.0812 0.5532
vn -0.8236 -0.0369 0.5660
vn -0.8176 0.0143 0.5756
vn -0.8704 0.0177 0.4920
vn -0.7630 -0.2453 -0.5981
vn -0.9302 -0.2378 -0.2796
vn -0.9599 -0.2235 -0.1690
vn -0.9858 -0.1666 -0.0235
vn -0.9867 -0.0862 0.1381
vn -0.9861 -0.0546 0.1569
vn -0.9882 -0.0504 0.1445
vn -0.9907 -0.0468 0.1278
vn -0.9932 -0.0438 0.1075
vn -0.9984 -0.0409 0.0385
vn -0.9968 -0.0433 -0.0675
vn -0.9980 -0.0515 -0.0360
vn -0.9979 -0.0551 0.0349
vn -0.9973 -0.0725 0.0077
vn -0.9921 -0.1130 -0.0537
vn -0.9938 -0.1004 -0.0472
vn -0.9992 -0.0391 -0.0034
vn -0.9971 -0.0310 -0.0696
vn -0.9895 -0.0499 -0.1354
vn -0.9873 -0.0549 -0.1493
vn -0.9853 -0.0610 -0.1594
vn -0.9839 -0.0680 -0.1652
vn -0.9831 -0.0760 -0.1664
vn -0.9972 -0.0532 -0.0530
vn -0.9828 0.0063 0.1846
vn -0.9341 0.0027 0.3571
vn -0.8734 -0.0707 0.4819
vn -0.8309 -0.1096 0.5455
vn -0.8364 -0.0994 0.5390
vn -0.8353 -0.0595 0.5466
vn -0.8587 -0.0317 0.5116
vn -0.7687 -0.2549 -0.5866
vn -0.9325 -0.2446 -0.2657
vn -0.9542 -0.2417 -0.1764
vn -0.9786 -0.1925 -0.0722
vn -0.9910 -0.0975 0.0918
vn -0.9871 -0.0491 0.1526
vn -0.9891 -0.0435 0.1406
vn -0.9915 -0.0386 0.1243
vn -0.9939 -0.0344 0.1045
vn -0.9988 -0.0339 0.0353
vn -0.9972 -0.0433 -0.0611
vn -0.9980 -0.0571 -0.0282
vn -0.9975 -0.0622 0.0344
vn -0.9979 -0.0621 0.0191
vn -0.9958 -0.0887 -0.0212
vn -0.9910 -0.1133 -0.0719
vn -0.9960 -0.0798 -0.0404
vn -0.9974 -0.0428 -0.0580
vn -0.9905 -0.0428 -0.1306
vn -0.9881 -0.0511 -0.1448
vn -0.9862 -0.0594 -0.1543
vn -0.9847 -0.0688 -0.1598
vn -0.9838 -0.0793 -0.1608
vn -0.9932 -0.0536 -0.1037
vn -0.9913 0.0077 0.1316
vn -0.9177 0.0031 0.3973
vn -0.8519 -0.0659 0.5195
vn -0.8302 -0.1015 0.5482
vn -0.8395 -0.1047 0.5332
vn -0.8454 -0.1017 0.5244
vn -0.8587 -0.0807 0.5061
vn -0.7767 -0.2636 -0.5721
vn -0.9356 -0.2502 -0.2490
vn -0.9519 -0.2498 -0.1776
vn -0.9703 -0.2069 -0.1251
vn -0.9930 -0.1132 0.0328
vn -0.9882 -0.0500 0.1445
vn -0.9900 -0.0382 0.1357
vn -0.9923 -0.0321 0.1200
vn -0.9945 -0.0269 0.1009
vn -0.9989 -0.0286 0.0360
vn -0.9978 -0.0448 -0.0489
vn -0.9978 -0.0642 -0.0187
vn -0.9969 -0.0707 0.0339
vn -0.9973 -0.0708 0.0194
vn -0.9969 -0.0782 0.0008
vn -0.9930 -0.1012 -0.0605
vn -0.9925 -0.0935 -0.0786
vn -0.9962 -0.0455 -0.0740
vn -0.9923 -0.0323 -0.1193
vn -0.9891 -0.0492 -0.1389
vn -0.9872 -0.0596 -0.1480
vn -0.9856 -0.0713 -0.1531
vn -0.9845 -0.0842 -0.1539
vn -0.9873 -0.0798 -0.1370
vn -0.9951 -0.0537 0.0827
vn -0.9079 -0.0436 0.4170
vn -0.8319 -0.0725 0.5502
vn -0.8290 -0.0953 0.5511
vn -0.8379 -0.0989 0.5369
vn -0.8505 -0.0931 0.5177
vn -0.8689 -0.0712 0.4898
vn -0.7865 -0.2718 -0.5545
vn -0.9393 -0.2549 -0.2296
vn -0.9493 -0.2582 -0.1791
vn -0.9575 -0.2369 -0.1646
vn -0.9861 -0.1635 -0.0281
vn -0.9905 -0.0706 0.1183
vn -0.9909 -0.0347 0.1302
vn -0.9930 -0.0277 0.1151
vn -0.9951 -0.0216 0.0968
vn -0.9988 -0.0255 0.0408
vn -0.9984 -0.0483 -0.0309
vn -0.9973 -0.0731 -0.0078
vn -0.9961 -0.0811 0.0335
vn -0.9965 -0.0813 0.0198
vn -0.9973 -0.0735 0.0005
vn -0.9967 -0.0646 -0.0486
vn -0.9936 -0.0609 -0.0947
vn -0.9942 -0.0480 -0.0964
vn -0.9933 -0.0407 -0.1085
vn -0.9900 -0.0499 -0.1319
vn -0.9881 -0.0624 -0.1403
vn -0.9865 -0.0762 -0.1450
vn -0.9851 -0.0912 -0.1456
vn -0.9841 -0.1072 -0.1417
vn -0.9933 -0.1117 0.0302
vn -0.9129 -0.0952 0.3970
vn -0.8200 -0.0850 0.5660
vn -0.8274 -0.0915 0.5542
vn -0.8356 -0.0956 0.5409
vn -0.8579 -0.0829 0.5070
vn -0.8777 -0.0579 0.4756
vn -0.7970 -0.2832 -0.5335
vn -0.9424 -0.2614 -0.2088
vn -0.9465 -0.2673 -0.1809
vn -0.9478 -0.2639 -0.1788
vn -0.9737 -0.2112 -0.0853
vn -0.9924 -0.1057 0.0625
vn -0.9920 -0.0403 0.1198
vn -0.9936 -0.0258 0.1096
vn -0.9956 -0.0190 0.0922
vn -0.9984 -0.0251 0.0500
vn -0.9985 -0.0545 -0.0071
vn -0.9964 -0.0844 0.0043
vn -0.9952 -0.0927 0.0325
vn -0.9965 -0.0820 0.0141
vn -0.9984 -0.0547 -0.0157
vn -0.9982 -0.0277 -0.0535
vn -0.9957 -0.0303 -0.0876
vn -0.9939 -0.0585 -0.0931
vn -0.9916 -0.0738 -0.1064
vn -0.9891 -0.0688 -0.1304
vn -0.9886 -0.0707 -0.1333
vn -0.9872 -0.0838 -0.1357
vn -0.9856 -0.1008 -0.1361
vn -0.9841 -0.1187 -0.1322
vn -0.9914 -0.1305 -0.0044
vn -0.9270 -0.1231 0.3543
vn -0.8192 -0.0968 0.5653
vn -0.8251 -0.0908 0.5576
vn -0.8327 -0.0955 0.5454
vn -0.8643 -0.0843 0.4959
vn -0.8759 -0.0846 0.4749
vn -0.8047 -0.3079 -0.5076
vn -0.9412 -0.2768 -0.1939
vn -0.9432 -0.2774 -0.1830
vn -0.9446 -0.2737 -0.1809
vn -0.9620 -0.2358 -0.1380
vn -0.9884 -0.1516 -0.0021
vn -0.9914 -0.0831 0.1009
vn -0.9938 -0.0519 0.0986
vn -0.9960 -0.0311 0.0843
vn -0.9978 -0.0281 0.0592
vn -0.9984 -0.0524 0.0192
vn -0.9969 -0.0777 0.0152
vn -0.9970 -0.0733 0.0247
vn -0.9988 -0.0485 -0.0005
vn -0.9992 -0.0256 -0.0321
vn -0.9982 -0.0185 -0.0576
vn -0.9968 -0.0243 -0.0765
vn -0.9963 -0.0396 -0.0757
vn -0.9930 -0.0813 -0.0855
vn -0.9842 -0.1228 -0.1274
vn -0.9831 -0.1165 -0.1415
vn -0.9860 -0.1029 -0.1311
vn -0.9856 -0.1135 -0.1254
vn -0.9834 -0.1362 -0.1200
vn -0.9831 -0.1828 -0.0090
vn -0.9337 -0.1974 0.2986
vn -0.8340 -0.1308 0.5360
vn -0.8201 -0.0974 0.5639
vn -0.8171 -0.1249 0.5628
vn -0.8432 -0.1694 0.5103
vn -0.8320 -0.2457 0.4975
vn -0.8121 -0.3291 -0.4819
vn -0.9371 -0.2925 -0.1903
vn -0.9395 -0.2882 -0.1850
vn -0.9410 -0.2847 -0.1830
vn -0.9481 -0.2669 -0.1730
vn -0.9748 -0.2167 -0.0530
vn -0.9858 -0.1516 0.0728
vn -0.9900 -0.1146 0.0819
vn -0.9927 -0.0949 0.0738
vn -0.9945 -0.0851 0.0614
vn -0.9969 -0.0742 0.0267
vn -0.9985 -0.0531 0.0108
vn -0.9994 -0.0313 0.0117
vn -0.9998 -0.0178 -0.0118
vn -0.9992 -0.0165 -0.0354
vn -0.9983 -0.0229 -0.0537
vn -0.9971 -0.0319 -0.0698
vn -0.9969 -0.0342 -0.0711
vn -0.9970 -0.0658 -0.0417
vn -0.9857 -0.1441 -0.0872
vn -0.9701 -0.1862 -0.1556
vn -0.9752 -0.1671 -0.1452
vn -0.9812 -0.1476 -0.1243
vn -0.9803 -0.1716 -0.0982
vn -0.9671 -0.2533 0.0219
vn -0.9075 -0.3269 0.2636
vn -0.8020 -0.3347 0.4947
vn -0.7500 -0.3221 0.5778
vn -0.7305 -0.3518 0.5853
vn -0.7475 -0.3953 0.5338
vn -0.7380 -0.4492 0.5036
vn -0.8241 -0.3365 -0.4558
vn -0.9330 -0.3042 -0.1921
vn -0.9354 -0.3000 -0.1870
vn -0.9368 -0.2969 -0.1849
vn -0.9375 -0.2946 -0.1854
vn -0.9608 -0.2610 -0.0938
vn -0.9800 -0.1958 0.0344
vn -0.9842 -0.1622 0.0716
vn -0.9853 -0.1573 0.0671
vn -0.9878 -0.1464 0.0538
vn -0.9947 -0.1027 -0.0020
vn -0.9989 -0.0438 -0.0160
vn -0.9998 -0.0204 0.0061
vn -0.9997 -0.0226 -0.0130
vn -0.9991 -0.0273 -0.0313
vn -0.9982 -0.0347 -0.0480
vn -0.9971 -0.0448 -0.0623
vn -0.9960 -0.0535 -0.0716
vn -0.9976 -0.0678 -0.0139
vn -0.9916 -0.1285 -0.0177
vn -0.9672 -0.2184 -0.1300
vn -0.9538 -0.2503 -0.1663
vn -0.9628 -0.2299 -0.1421
vn -0.9674 -0.2424 -0.0730
vn -0.9496 -0.3076 0.0603
vn -0.8620 -0.4112 0.2965
vn -0.7096 -0.5052 0.4912
vn -0.6242 -0.5487 0.5562
vn -0.6041 -0.5610 0.5660
vn -0.6437 -0.5623 0.5191
vn -0.6838 -0.5450 0.4851
vn -0.8368 -0.3427 -0.4270
vn -0.9284 -0.3170 -0.1937
vn -0.9307 -0.3134 -0.1888
vn -0.9320 -0.3109 -0.1866
vn -0.9324 -0.3093 -0.1869
vn -0.9505 -0.2789 -0.1366
vn -0.9756 -0.2195 -0.0096
vn -0.9801 -0.1864 0.0679
vn -0.9813 -0.1818 0.0641
vn -0.9853 -0.1662 0.0387
vn -0.9922 -0.1136 -0.0506
vn -0.9972 -0.0550 -0.0508
vn -0.9993 -0.0359 0.0072
vn -0.9992 -0.0387 -0.0102
vn -0.9987 -0.0441 -0.0268
vn -0.9978 -0.0524 -0.0415
vn -0.9965 -0.0637 -0.0541
vn -0.9949 -0.0777 -0.0648
vn -0.9960 -0.0886 -0.0093
vn -0.9925 -0.1166 0.0379
vn -0.9791 -0.1948 -0.0588
vn -0.9492 -0.2742 -0.1543
vn -0.9398 -0.3034 -0.1573
vn -0.9451 -0.3206 -0.0635
vn -0.9181 -0.3819 0.1063
vn -0.7937 -0.4896 0.3610
vn -0.6387 -0.5553 0.5326
vn -0.5926 -0.5839 0.5548
vn -0.5756 -0.5907 0.5655
vn -0.6247 -0.5901 0.5115
vn -0.6846 -0.5682 0.4567
vn -0.8504 -0.3463 -0.3962
vn -0.9236 -0.3301 -0.1948
vn -0.9253 -0.3281 -0.1900
vn -0.9262 -0.3268 -0.1879
vn -0.9264 -0.3262 -0.1880
vn -0.9351 -0.3093 -0.1727
vn -0.9614 -0.2694 -0.0558
vn -0.9725 -0.2260 0.0553
vn -0.9757 -0.2102 0.0613
vn -0.9807 -0.1943 0.0206
vn -0.9825 -0.1640 -0.0879
vn -0.9853 -0.1528 -0.0761
vn -0.9906 -0.1367 -0.0027
vn -0.9933 -0.1144 -0.0166
vn -0.9946 -0.0991 -0.0295
vn -0.9950 -0.0909 -0.0405
vn -0.9946 -0.0924 -0.0477
vn -0.9931 -0.1042 -0.0544
vn -0.9931 -0.1169 -0.0082
vn -0.9904 -0.1247 0.0592
vn -0.9839 -0.1777 0.0167
vn -0.9565 -0.2744 -0.0992
vn -0.9305 -0.3335 -0.1517
vn -0.9295 -0.3633 -0.0636
vn -0.8754 -0.4487 0.1796
vn -0.7055 -0.5618 0.4320
vn -0.5780 -0.6065 0.5460
vn -0.5644 -0.6124 0.5536
vn -0.5495 -0.6174 0.5629
vn -0.6032 -0.6184 0.5037
vn -0.6734 -0.6025 0.4283
vn -0.8628 -0.3504 -0.3645
vn -0.9180 -0.3452 -0.1951
vn -0.9190 -0.3451 -0.1906
vn -0.9192 -0.3454 -0.1889
vn -0.9190 -0.3460 -0.1890
vn -0.9194 -0.3450 -0.1891
vn -0.9366 -0.3383 -0.0914
vn -0.9507 -0.3089 0.0260
vn -0.9616 -0.2703 0.0473
vn -0.9696 -0.2446 0.0060
vn -0.9603 -0.2675 -0.0788
vn -0.9398 -0.3342 -0.0715
vn -0.9350 -0.3538 -0.0263
vn -0.9422 -0.3331 -0.0366
vn -0.9469 -0.3183 -0.0457
vn -0.9494 -0.3095 -0.0523
vn -0.9506 -0.3060 -0.0529
vn -0.9506 -0.3055 -0.0543
vn -0.9563 -0.2915 -0.0215
vn -0.9704 -0.2387 0.0377
vn -0.9759 -0.2098 0.0598
vn -0.9637 -0.2659 -0.0241
vn -0.9311 -0.3435 -0.1227
vn -0.9072 -0.4189 -0.0394
vn -0.8010 -0.5323 0.2741
vn -0.6173 -0.6036 0.5045
vn -0.5450 -0.6361 0.5462
vn -0.5333 -0.6408 0.5522
vn -0.5206 -0.6446 0.5599
vn -0.5794 -0.6486 0.4935
vn -0.6508 -0.6395 0.4093
vn -0.8722 -0.3596 -0.3316
vn -0.9107 -0.3640 -0.1954
vn -0.9111 -0.3652 -0.1910
vn -0.9107 -0.3670 -0.1898
vn -0.9099 -0.3688 -0.1900
vn -0.9074 -0.3754 -0.1891
vn -0.9093 -0.4043 -0.0990
vn -0.9070 -0.4210 0.0024
vn -0.9192 -0.3936 0.0129
vn -0.9358 -0.3522 -0.0121
vn -0.9272 -0.3732 -0.0329
vn -0.8952 -0.4445 -0.0328
vn -0.8746 -0.4836 -0.0359
vn -0.8706 -0.4898 -0.0459
vn -0.8670 -0.4955 -0.0530
vn -0.8628 -0.5023 -0.0575
vn -0.8597 -0.5074 -0.0581
vn -0.8591 -0.5085 -0.0585
vn -0.8673 -0.4953 -0.0494
vn -0.8956 -0.4445 -0.0197
vn -0.9329 -0.3590 0.0287
vn -0.9477 -0.3186 0.0194
vn -0.9262 -0.3707 -0.0686
vn -0.8656 -0.4989 0.0421
vn -0.6923 -0.6209 0.3676
vn -0.5317 -0.6545 0.5374
vn -0.5099 -0.6644 0.5463
vn -0.4996 -0.6683 0.5511
vn -0.4888 -0.6712 0.5573
vn -0.5555 -0.6787 0.4805
vn -0.6272 -0.6711 0.3953
vn -0.5251 -0.3695 -0.7666
vn -0.6036 -0.3568 -0.7130
vn -0.6991 -0.3385 -0.6299
vn -0.7068 -0.3478 -0.6160
vn -0.6982 -0.3567 -0.6207
vn -0.6888 -0.3660 -0.6258
vn -0.6786 -0.3759 -0.6311
vn -0.6317 -0.4367 -0.6405
vn -0.4820 -0.5916 -0.6463
vn -0.2599 -0.7449 -0.6144
vn -0.0647 -0.8105 -0.5821
vn -0.0186 -0.7970 -0.6037
vn -0.0787 -0.7571 -0.6485
vn -0.1078 -0.7277 -0.6774
vn -0.0958 -0.7213 -0.6860
vn -0.0693 -0.7214 -0.6890
vn -0.0437 -0.7212 -0.6913
vn 0.0819 -0.7200 -0.6891
vn 0.3299 -0.6818 -0.6529
vn 0.4677 -0.6360 -0.6138
vn 0.4801 -0.6291 -0.6114
vn 0.4895 -0.6235 -0.6096
vn 0.4965 -0.6190 -0.6086
vn 0.4769 -0.6417 -0.6007
vn 0.4005 -0.7153 -0.5726
vn 0.3225 -0.7743 -0.5444
vn 0.2993 -0.7660 -0.5689
vn 0.3098 -0.7163 -0.6253
vn 0.3589 -0.6534 -0.6665
vn 0.3990 -0.5912 -0.7009
vn 0.4065 -0.5327 -0.7423
vn -0.5376 -0.3565 -0.7642
vn -0.6381 -0.3407 -0.6905
vn -0.7162 -0.3214 -0.6195
vn -0.7102 -0.3298 -0.6219
vn -0.7015 -0.3373 -0.6278
vn -0.6923 -0.3453 -0.6336
vn -0.6824 -0.3539 -0.6395
vn -0.6709 -0.3636 -0.6463
vn -0.6190 -0.4264 -0.6595
vn -0.4644 -0.5858 -0.6642
vn -0.2069 -0.7496 -0.6287
vn 0.0076 -0.8141 -0.5807
vn 0.0270 -0.7967 -0.6038
vn -0.0390 -0.7520 -0.6580
vn -0.0755 -0.7175 -0.6925
vn -0.0716 -0.7072 -0.7034
vn -0.0461 -0.7072 -0.7056
vn 0.0810 -0.6912 -0.7181
vn 0.3229 -0.6293 -0.7069
vn 0.4551 -0.5816 -0.6743
vn 0.4682 -0.5878 -0.6598
vn 0.4760 -0.5992 -0.6437
vn 0.4841 -0.6126 -0.6247
vn 0.4427 -0.6449 -0.6230
vn 0.3606 -0.6754 -0.6433
vn 0.3621 -0.6486 -0.6695
vn 0.3992 -0.5874 -0.7040
vn 0.4040 -0.5294 -0.7460
vn 0.4243 -0.4778 -0.7692
vn 0.4477 -0.4521 -0.7715
vn 0.4518 -0.4512 -0.7696
vn -0.5575 -0.3405 -0.7572
vn -0.6595 -0.3266 -0.6770
vn -0.7209 -0.3110 -0.6194
vn -0.7129 -0.3157 -0.6262
vn -0.7045 -0.3214 -0.6328
vn -0.6955 -0.3280 -0.6393
vn -0.6858 -0.3353 -0.6459
vn -0.6748 -0.3436 -0.6532
vn -0.6619 -0.3530 -0.6613
vn -0.6109 -0.4105 -0.6770
vn -0.4469 -0.5750 -0.6853
vn -0.1577 -0.7452 -0.6479
vn 0.0614 -0.8067 -0.5877
vn 0.0692 -0.7940 -0.6039
vn 0.0104 -0.7497 -0.6617
vn -0.0400 -0.7088 -0.7043
vn -0.0309 -0.6838 -0.7290
vn 0.1460 -0.6298 -0.7629
vn 0.3566 -0.5357 -0.7654
vn 0.4066 -0.5234 -0.7488
vn 0.4008 -0.5831 -0.7066
vn 0.4349 -0.6243 -0.6490
vn 0.4704 -0.6280 -0.6200
vn 0.4545 -0.6200 -0.6396
vn 0.4245 -0.5809 -0.6945
vn 0.4406 -0.5087 -0.7397
vn 0.4541 -0.4620 -0.7618
vn 0.4450 -0.4531 -0.7725
vn 0.4441 -0.4527 -0.7731
vn 0.4468 -0.4532 -0.7713
vn 0.4520 -0.4520 -0.7690
vn -0.5752 -0.3239 -0.7511
vn -0.6734 -0.3122 -0.6701
vn -0.7220 -0.3021 -0.6224
vn -0.7146 -0.3050 -0.6295
vn -0.7067 -0.3090 -0.6364
vn -0.6981 -0.3141 -0.6434
vn -0.6888 -0.3201 -0.6505
vn -0.6781 -0.3271 -0.6582
vn -0.6658 -0.3351 -0.6666
vn -0.6516 -0.3442 -0.6760
vn -0.6029 -0.3944 -0.6936
vn -0.4145 -0.5588 -0.7183
vn -0.1188 -0.7305 -0.6725
vn 0.0848 -0.7991 -0.5952
vn 0.1185 -0.7919 -0.5990
vn 0.0583 -0.7527 -0.6558
vn 0.0545 -0.6949 -0.7170
vn 0.2206 -0.6324 -0.7426
vn 0.3561 -0.6138 -0.7046
vn 0.3397 -0.6604 -0.6697
vn 0.3358 -0.6922 -0.6388
vn 0.4193 -0.6689 -0.6138
vn 0.4825 -0.6327 -0.6058
vn 0.4894 -0.6147 -0.6186
vn 0.4912 -0.5951 -0.6361
vn 0.4947 -0.5694 -0.6566
vn 0.4824 -0.5428 -0.6875
vn 0.4659 -0.5095 -0.7235
vn 0.4570 -0.4750 -0.7521
vn 0.4494 -0.4577 -0.7671
vn 0.4524 -0.4534 -0.7679
vn -0.5886 -0.3093 -0.7469
vn -0.6842 -0.3004 -0.6645
vn -0.7226 -0.2948 -0.6252
vn -0.7157 -0.2968 -0.6323
vn -0.7082 -0.2996 -0.6393
vn -0.7001 -0.3034 -0.6464
vn -0.6912 -0.3081 -0.6537
vn -0.6810 -0.3138 -0.6617
vn -0.6692 -0.3205 -0.6704
vn -0.6555 -0.3282 -0.6802
vn -0.6298 -0.3307 -0.7028
vn -0.5612 -0.3606 -0.7451
vn -0.3807 -0.4939 -0.7818
vn -0.1019 -0.6465 -0.7561
vn 0.1169 -0.7137 -0.6906
vn 0.1635 -0.7052 -0.6899
vn 0.1325 -0.6819 -0.7194
vn 0.1721 -0.7040 -0.6891
vn 0.2675 -0.7477 -0.6078
vn 0.3171 -0.7547 -0.5744
vn 0.3775 -0.7066 -0.5985
vn 0.4575 -0.6408 -0.6165
vn 0.4936 -0.6141 -0.6159
vn 0.5001 -0.6136 -0.6110
vn 0.5043 -0.6132 -0.6079
vn 0.5067 -0.6128 -0.6064
vn 0.5015 -0.6082 -0.6153
vn 0.4965 -0.5873 -0.6392
vn 0.4865 -0.5485 -0.6801
vn 0.4705 -0.5011 -0.7263
vn 0.4449 -0.4776 -0.7576
vn -0.5997 -0.2970 -0.7430
vn -0.6938 -0.2911 -0.6587
vn -0.7230 -0.2891 -0.6274
vn -0.7162 -0.2905 -0.6345
vn -0.7092 -0.2925 -0.6415
vn -0.7015 -0.2953 -0.6486
vn -0.6930 -0.2989 -0.6560
vn -0.6833 -0.3035 -0.6641
vn -0.6703 -0.3077 -0.6753
vn -0.6457 -0.3025 -0.7011
vn -0.6017 -0.2834 -0.7468
vn -0.5648 -0.2601 -0.7832
vn -0.5022 -0.2656 -0.8229
vn -0.2776 -0.3357 -0.9001
vn 0.0040 -0.4027 -0.9153
vn 0.0913 -0.4823 -0.8712
vn 0.0402 -0.6065 -0.7940
vn 0.0416 -0.6922 -0.7205
vn 0.1858 -0.7153 -0.6736
vn 0.3631 -0.6776 -0.6396
vn 0.4460 -0.6298 -0.6359
vn 0.4798 -0.6105 -0.6301
vn 0.4902 -0.6104 -0.6222
vn 0.4979 -0.6105 -0.6159
vn 0.5034 -0.6105 -0.6114
vn 0.5071 -0.6103 -0.6086
vn 0.5096 -0.6095 -0.6073
vn 0.5117 -0.6081 -0.6070
vn 0.5080 -0.5999 -0.6181
vn 0.5009 -0.5700 -0.6513
vn 0.4365 -0.5407 -0.7191
vn -0.6100 -0.2865 -0.7388
vn -0.7027 -0.2836 -0.6525
vn -0.7233 -0.2846 -0.6292
vn -0.7166 -0.2857 -0.6363
vn -0.7098 -0.2872 -0.6432
vn -0.7026 -0.2893 -0.6502
vn -0.6944 -0.2921 -0.6576
vn -0.6848 -0.2955 -0.6661
vn -0.6577 -0.2900 -0.6952
vn -0.6094 -0.2644 -0.7474
vn -0.5684 -0.2386 -0.7874
vn -0.5500 -0.2325 -0.8022
vn -0.4667 -0.2112 -0.8588
vn -0.2648 -0.1532 -0.9521
vn -0.0898 -0.1375 -0.9864
vn -0.1561 -0.2462 -0.9566
vn -0.2036 -0.4263 -0.8814
vn -0.1095 -0.5571 -0.8232
vn 0.1175 -0.6262 -0.7707
vn 0.3775 -0.6167 -0.6907
vn 0.4589 -0.6041 -0.6516
vn 0.4741 -0.6046 -0.6401
vn 0.4860 -0.6052 -0.6305
vn 0.4951 -0.6058 -0.6228
vn 0.5020 -0.6063 -0.6168
vn 0.5071 -0.6064 -0.6125
vn 0.5109 -0.6060 -0.6097
vn 0.5141 -0.6049 -0.6081
vn 0.5174 -0.6030 -0.6072
vn 0.5191 -0.5976 -0.6111
vn 0.4439 -0.5849 -0.6788
vn -0.6203 -0.2768 -0.7339
vn -0.7116 -0.2773 -0.6455
vn -0.7235 -0.2810 -0.6305
vn -0.7169 -0.2820 -0.6376
vn -0.7103 -0.2833 -0.6444
vn -0.7032 -0.2850 -0.6513
vn -0.6953 -0.2872 -0.6588
vn -0.6765 -0.2814 -0.6805
vn -0.6241 -0.2600 -0.7368
vn -0.5721 -0.2360 -0.7855
vn -0.5569 -0.2279 -0.7987
vn -0.5254 -0.2105 -0.8244
vn -0.3642 -0.1593 -0.9176
vn -0.1637 -0.0944 -0.9820
vn -0.1597 -0.0928 -0.9828
vn -0.3295 -0.1467 -0.9327
vn -0.3895 -0.2218 -0.8939
vn -0.2836 -0.3381 -0.8974
vn -0.0315 -0.4732 -0.8804
vn 0.2921 -0.5596 -0.7756
vn 0.4363 -0.5897 -0.6796
vn 0.4675 -0.5969 -0.6520
vn 0.4811 -0.5982 -0.6408
vn 0.4918 -0.5994 -0.6315
vn 0.5002 -0.6003 -0.6240
vn 0.5068 -0.6008 -0.6182
vn 0.5120 -0.6008 -0.6139
vn 0.5165 -0.6001 -0.6108
vn 0.5208 -0.5986 -0.6086
vn 0.5253 -0.5963 -0.6070
vn 0.4697 -0.5864 -0.6599
vn -0.6312 -0.2682 -0.7278
vn -0.7209 -0.2723 -0.6373
vn -0.7238 -0.2784 -0.6313
vn -0.7172 -0.2795 -0.6384
vn -0.7106 -0.2806 -0.6452
vn -0.7037 -0.2820 -0.6522
vn -0.6930 -0.2805 -0.6641
vn -0.6497 -0.2658 -0.7123
vn -0.5865 -0.2410 -0.7733
vn -0.5599 -0.2293 -0.7962
vn -0.5459 -0.2204 -0.8083
vn -0.4405 -0.1710 -0.8813
vn -0.2417 -0.0912 -0.9661
vn -0.1213 -0.0501 -0.9914
vn -0.2400 -0.0744 -0.9679
vn -0.4174 -0.1292 -0.8995
vn -0.4436 -0.1619 -0.8815
vn -0.3834 -0.1821 -0.9054
vn -0.2062 -0.2593 -0.9435
vn 0.1213 -0.3780 -0.9178
vn 0.3483 -0.4740 -0.8087
vn 0.4224 -0.5511 -0.7196
vn 0.4663 -0.5847 -0.6639
vn 0.4880 -0.5913 -0.6421
vn 0.4981 -0.5927 -0.6329
vn 0.5063 -0.5936 -0.6255
vn 0.5131 -0.5939 -0.6197
vn 0.5190 -0.5935 -0.6152
vn 0.5245 -0.5923 -0.6116
vn 0.5302 -0.5902 -0.6088
vn 0.4974 -0.5792 -0.6458
vn -0.6417 -0.2660 -0.7193
vn -0.7283 -0.2715 -0.6292
vn -0.7242 -0.2765 -0.6317
vn -0.7175 -0.2776 -0.6388
vn -0.7109 -0.2786 -0.6458
vn -0.7039 -0.2796 -0.6530
vn -0.6810 -0.2722 -0.6798
vn -0.6165 -0.2544 -0.7451
vn -0.5649 -0.2390 -0.7898
vn -0.5592 -0.2337 -0.7954
vn -0.4882 -0.1992 -0.8497
vn -0.3085 -0.1143 -0.9443
vn -0.1577 -0.0438 -0.9865
vn -0.1363 -0.0404 -0.9898
vn -0.3216 -0.0806 -0.9434
vn -0.4759 -0.1186 -0.8714
vn -0.4495 -0.1385 -0.8825
vn -0.4018 -0.1469 -0.9039
vn -0.2934 -0.1685 -0.9410
vn -0.0159 -0.2158 -0.9763
vn 0.2131 -0.2829 -0.9352
vn 0.3088 -0.3749 -0.8741
vn 0.3982 -0.4728 -0.7860
vn 0.4536 -0.5493 -0.7018
vn 0.4900 -0.5793 -0.6514
vn 0.5057 -0.5846 -0.6344
vn 0.5142 -0.5853 -0.6269
vn 0.5216 -0.5852 -0.6208
vn 0.5286 -0.5842 -0.6159
vn 0.5356 -0.5823 -0.6117
vn 0.5430 -0.5574 -0.6281
vn -0.6513 -0.2670 -0.7103
vn -0.7318 -0.2725 -0.6246
vn -0.7248 -0.2748 -0.6317
vn -0.7179 -0.2759 -0.6392
vn -0.7111 -0.2767 -0.6464
vn -0.7039 -0.2773 -0.6539
vn -0.6597 -0.2698 -0.7014
vn -0.5884 -0.2512 -0.7686
vn -0.5589 -0.2405 -0.7936
vn -0.5249 -0.2107 -0.8247
vn -0.3725 -0.1289 -0.9190
vn -0.1932 -0.0420 -0.9803
vn -0.1293 -0.0113 -0.9915
vn -0.1958 -0.0347 -0.9800
vn -0.3989 -0.0857 -0.9130
vn -0.4962 -0.1119 -0.8609
vn -0.4540 -0.1178 -0.8832
vn -0.4077 -0.1245 -0.9046
vn -0.3251 -0.1438 -0.9347
vn -0.0695 -0.1773 -0.9817
vn 0.1474 -0.1889 -0.9709
vn 0.2077 -0.2086 -0.9557
vn 0.2776 -0.2750 -0.9205
vn 0.3647 -0.3702 -0.8544
vn 0.4410 -0.4700 -0.7646
vn 0.4813 -0.5451 -0.6864
vn 0.5121 -0.5719 -0.6409
vn 0.5245 -0.5751 -0.6279
vn 0.5427 -0.5674 -0.6193
vn 0.6133 -0.5074 -0.6054
vn 0.7148 -0.3502 -0.6053
vn -0.6622 -0.2635 -0.7015
vn -0.7335 -0.2711 -0.6233
vn -0.7257 -0.2726 -0.6317
vn -0.7184 -0.2737 -0.6395
vn -0.7113 -0.2743 -0.6472
vn -0.7024 -0.2727 -0.6574
vn -0.6393 -0.2668 -0.7212
vn -0.5679 -0.2541 -0.7829
vn -0.5337 -0.2236 -0.8156
vn -0.4212 -0.1411 -0.8959
vn -0.2459 -0.0411 -0.9684
vn -0.1506 -0.0009 -0.9886
vn -0.1224 0.0036 -0.9925
vn -0.2698 -0.0185 -0.9627
vn -0.4698 -0.0678 -0.8802
vn -0.4985 -0.0949 -0.8617
vn -0.4573 -0.0992 -0.8837
vn -0.4120 -0.1044 -0.9052
vn -0.3509 -0.1179 -0.9290
vn -0.1000 -0.1486 -0.9838
vn 0.1394 -0.1657 -0.9763
vn 0.1796 -0.1707 -0.9688
vn 0.2145 -0.1718 -0.9615
vn 0.2757 -0.1944 -0.9414
vn 0.3401 -0.2661 -0.9020
vn 0.4183 -0.3634 -0.8324
vn 0.4817 -0.4638 -0.7436
vn 0.5627 -0.4961 -0.6612
vn 0.6807 -0.3889 -0.6208
vn 0.7921 -0.2010 -0.5763
vn 0.8633 -0.0026 -0.5047
vn -0.6746 -0.2574 -0.6919
vn -0.7351 -0.2678 -0.6228
vn -0.7269 -0.2695 -0.6316
vn -0.7192 -0.2705 -0.6400
vn -0.7116 -0.2709 -0.6483
vn -0.6974 -0.2670 -0.6651
vn -0.6253 -0.2607 -0.7355
vn -0.5404 -0.2359 -0.8077
vn -0.4489 -0.1595 -0.8793
vn -0.2919 -0.0560 -0.9548
vn -0.1831 0.0004 -0.9831
vn -0.1441 0.0119 -0.9895
vn -0.1329 0.0039 -0.9911
vn -0.3354 -0.0295 -0.9416
vn -0.5189 -0.0643 -0.8524
vn -0.4998 -0.0794 -0.8625
vn -0.4594 -0.0823 -0.8844
vn -0.4150 -0.0860 -0.9058
vn -0.3649 -0.0922 -0.9265
vn -0.1325 -0.1160 -0.9844
vn 0.1186 -0.1409 -0.9829
vn 0.1774 -0.1520 -0.9723
vn 0.2124 -0.1531 -0.9651
vn 0.2478 -0.1541 -0.9565
vn 0.2837 -0.1551 -0.9463
vn 0.3451 -0.1797 -0.9212
vn 0.4311 -0.2298 -0.8725
vn 0.6606 -0.2006 -0.7234
vn 0.8395 -0.0501 -0.5411
vn 0.8733 0.0965 -0.4776
vn 0.8900 0.1448 -0.4323
vn -0.6885 -0.2501 -0.6808
vn -0.7374 -0.2630 -0.6222
vn -0.7286 -0.2648 -0.6317
vn -0.7203 -0.2657 -0.6408
vn -0.7121 -0.2659 -0.6498
vn -0.6911 -0.2630 -0.6732
vn -0.6033 -0.2431 -0.7596
vn -0.4687 -0.1709 -0.8667
vn -0.3299 -0.0655 -0.9417
vn -0.2161 0.0026 -0.9764
vn -0.1683 0.0194 -0.9856
vn -0.1390 0.0225 -0.9900
vn -0.1774 0.0020 -0.9841
vn -0.3966 -0.0419 -0.9170
vn -0.5353 -0.0634 -0.8423
vn -0.5003 -0.0651 -0.8634
vn -0.4604 -0.0666 -0.8852
vn -0.4166 -0.0688 -0.9065
vn -0.3692 -0.0714 -0.9266
vn -0.1664 -0.0910 -0.9819
vn 0.0874 -0.1198 -0.9889
vn 0.1759 -0.1334 -0.9753
vn 0.2111 -0.1342 -0.9682
vn 0.2467 -0.1350 -0.9596
vn 0.2829 -0.1357 -0.9495
vn 0.3197 -0.1363 -0.9377
vn 0.4635 -0.0801 -0.8825
vn 0.7458 0.0455 -0.6646
vn 0.8796 0.1225 -0.4597
vn 0.8894 0.1377 -0.4360
vn 0.8937 0.1465 -0.4241
vn -0.7038 -0.2409 -0.6683
vn -0.7400 -0.2547 -0.6225
vn -0.7244 -0.2421 -0.6455
vn -0.7136 -0.2048 -0.6699
vn -0.7116 -0.1583 -0.6845
vn -0.6945 -0.1220 -0.7091
vn -0.5830 -0.0917 -0.8073
vn -0.3850 -0.0435 -0.9219
vn -0.2496 0.0079 -0.9683
vn -0.1960 0.0273 -0.9802
vn -0.1644 0.0294 -0.9860
vn -0.1356 0.0313 -0.9903
vn -0.2371 0.0110 -0.9714
vn -0.4535 -0.0310 -0.8907
vn -0.5354 -0.0511 -0.8431
vn -0.4999 -0.0512 -0.8646
vn -0.4604 -0.0516 -0.8862
vn -0.4170 -0.0523 -0.9074
vn -0.3699 -0.0532 -0.9275
vn -0.1998 -0.0704 -0.9773
vn 0.0536 -0.1002 -0.9935
vn 0.1751 -0.1143 -0.9779
vn 0.2106 -0.1147 -0.9708
vn 0.2465 -0.1150 -0.9623
vn 0.2831 -0.1153 -0.9522
vn 0.3243 -0.1117 -0.9394
vn 0.5697 -0.0465 -0.8205
vn 0.8263 0.0739 -0.5583
vn 0.8852 0.1316 -0.4462
vn 0.8929 0.1392 -0.4282
vn 0.8970 0.1465 -0.4171
vn -0.7167 -0.1414 -0.6829
vn -0.7427 -0.0994 -0.6622
vn -0.7180 -0.0407 -0.6948
vn -0.6926 0.0126 -0.7212
vn -0.6852 0.0606 -0.7258
vn -0.6731 0.0963 -0.7332
vn -0.5793 0.0931 -0.8098
vn -0.3694 0.0569 -0.9275
vn -0.2281 0.0370 -0.9729
vn -0.1937 0.0377 -0.9803
vn -0.1622 0.0384 -0.9860
vn -0.1336 0.0390 -0.9903
vn -0.2919 0.0196 -0.9562
vn -0.5038 -0.0198 -0.8636
vn -0.5343 -0.0383 -0.8444
vn -0.4989 -0.0375 -0.8659
vn -0.4595 -0.0367 -0.8874
vn -0.4161 -0.0359 -0.9086
vn -0.3692 -0.0352 -0.9287
vn -0.2323 -0.0498 -0.9714
vn 0.0201 -0.0797 -0.9966
vn 0.1753 -0.0941 -0.9800
vn 0.2111 -0.0939 -0.9729
vn 0.2474 -0.0936 -0.9644
vn 0.2843 -0.0931 -0.9542
vn 0.3639 -0.0613 -0.9294
vn 0.6635 0.0255 -0.7478
vn 0.8688 0.1061 -0.4837
vn 0.8884 0.1331 -0.4394
vn 0.8960 0.1385 -0.4219
vn 0.8989 0.1404 -0.4150
vn -0.6779 -0.0529 -0.7332
vn -0.6853 0.0669 -0.7252
vn -0.6765 0.1501 -0.7210
vn -0.6632 0.1713 -0.7286
vn -0.6588 0.1723 -0.7323
vn -0.6555 0.1725 -0.7352
vn -0.6139 0.1468 -0.7756
vn -0.4205 0.0910 -0.9027
vn -0.2326 0.0532 -0.9711
vn -0.1933 0.0475 -0.9800
vn -0.1618 0.0467 -0.9857
vn -0.1394 0.0415 -0.9894
vn -0.3400 0.0182 -0.9402
vn -0.5413 -0.0136 -0.8407
vn -0.5327 -0.0251 -0.8459
vn -0.4972 -0.0233 -0.8673
vn -0.4576 -0.0214 -0.8889
vn -0.4141 -0.0192 -0.9100
vn -0.3670 -0.0169 -0.9301
vn -0.2633 -0.0290 -0.9643
vn -0.0126 -0.0584 -0.9982
vn 0.1765 -0.0729 -0.9816
vn 0.2127 -0.0721 -0.9745
vn 0.2494 -0.0710 -0.9658
vn 0.2866 -0.0698 -0.9555
vn 0.4549 -0.0163 -0.8904
vn 0.7512 0.0846 -0.6547
vn 0.8796 0.1289 -0.4579
vn 0.8910 0.1317 -0.4345
vn 0.8985 0.1346 -0.4178
vn 0.8942 0.1214 -0.4309
vn -0.6109 -0.1048 -0.7847
vn -0.6115 -0.0107 -0.7912
vn -0.6326 0.0836 -0.7699
vn -0.6489 0.1498 -0.7459
vn -0.6587 0.1707 -0.7328
vn -0.6559 0.1707 -0.7353
vn -0.6455 0.1607 -0.7467
vn -0.4795 0.1258 -0.8685
vn -0.2585 0.0775 -0.9629
vn -0.1948 0.0574 -0.9792
vn -0.1631 0.0553 -0.9851
vn -0.1631 0.0410 -0.9858
vn -0.3826 0.0105 -0.9239
vn -0.5584 -0.0099 -0.8295
vn -0.5307 -0.0112 -0.8475
vn -0.4948 -0.0084 -0.8689
vn -0.4548 -0.0052 -0.8906
vn -0.4109 -0.0017 -0.9117
vn -0.3633 0.0023 -0.9317
vn -0.2891 -0.0049 -0.9573
vn -0.0438 -0.0301 -0.9986
vn 0.1751 -0.0478 -0.9834
vn 0.2155 -0.0495 -0.9753
vn 0.2525 -0.0479 -0.9664
vn 0.2930 -0.0437 -0.9551
vn 0.5550 0.0043 -0.8318
vn 0.8206 0.0888 -0.5646
vn 0.8815 0.1277 -0.4546
vn 0.8928 0.1278 -0.4319
vn 0.9003 0.1281 -0.4160
vn 0.8756 0.1050 -0.4714
vn -0.5848 -0.1281 -0.8010
vn -0.5614 -0.1145 -0.8196
vn -0.5654 -0.0571 -0.8228
vn -0.5964 0.0422 -0.8016
vn -0.6354 0.1254 -0.7620
vn -0.6523 0.1625 -0.7403
vn -0.6542 0.1672 -0.7376
vn -0.5327 0.1457 -0.8337
vn -0.3093 0.0960 -0.9461
vn -0.1981 0.0681 -0.9778
vn -0.1662 0.0646 -0.9840
vn -0.2016 0.0469 -0.9783
vn -0.4209 0.0148 -0.9070
vn -0.5601 0.0004 -0.8284
vn -0.5281 0.0039 -0.8492
vn -0.4918 0.0078 -0.8707
vn -0.4511 0.0123 -0.8924
vn -0.4064 0.0173 -0.9135
vn -0.3583 0.0229 -0.9333
vn -0.3017 0.0245 -0.9531
vn -0.0754 0.0091 -0.9971
vn 0.1614 -0.0166 -0.9868
vn 0.2192 -0.0262 -0.9753
vn 0.2567 -0.0243 -0.9662
vn 0.3300 0.0025 -0.9440
vn 0.6376 0.0631 -0.7678
vn 0.8582 0.1092 -0.5015
vn 0.8825 0.1251 -0.4533
vn 0.8937 0.1227 -0.4315
vn 0.8976 0.1116 -0.4264
vn 0.8472 0.0794 -0.5253
vn -0.5977 -0.0940 -0.7962
vn -0.5575 -0.1103 -0.8228
vn -0.5293 -0.1136 -0.8408
vn -0.5229 -0.0855 -0.8481
vn -0.5653 -0.0013 -0.8249
vn -0.6132 0.0915 -0.7846
vn -0.6413 0.1485 -0.7528
vn -0.5829 0.1442 -0.7996
vn -0.3680 0.1043 -0.9239
vn -0.2033 0.0801 -0.9758
vn -0.1710 0.0755 -0.9824
vn -0.2412 0.0582 -0.9687
vn -0.4539 0.0284 -0.8906
vn -0.5573 0.0160 -0.8301
vn -0.5249 0.0207 -0.8509
vn -0.4879 0.0258 -0.8725
vn -0.4463 0.0316 -0.8943
vn -0.4007 0.0381 -0.9154
vn -0.3517 0.0452 -0.9350
vn -0.2996 0.0528 -0.9526
vn -0.1085 0.0440 -0.9931
vn 0.1323 0.0138 -0.9911
vn 0.2237 -0.0016 -0.9747
vn 0.2615 0.0002 -0.9652
vn 0.4141 0.0418 -0.9093
vn 0.7179 0.1088 -0.6876
vn 0.8676 0.1268 -0.4809
vn 0.8826 0.1218 -0.4540
vn 0.8937 0.1172 -0.4331
vn 0.8821 0.0934 -0.4618
vn 0.8144 0.0475 -0.5784
vn -0.6536 0.0228 -0.7565
vn -0.5855 -0.0692 -0.8077
vn -0.5359 -0.0979 -0.8386
vn -0.5042 -0.1063 -0.8570
vn -0.4946 -0.0966 -0.8637
vn -0.5269 -0.0335 -0.8493
vn -0.5788 0.0646 -0.8129
vn -0.5991 0.1218 -0.7914
vn -0.4219 0.1195 -0.8987
vn -0.2141 0.0971 -0.9720
vn -0.1915 0.0771 -0.9785
vn -0.2743 0.0500 -0.9603
vn -0.4668 0.0331 -0.8837
vn -0.5541 0.0338 -0.8318
vn -0.5211 0.0397 -0.8526
vn -0.4832 0.0461 -0.8743
vn -0.4404 0.0533 -0.8962
vn -0.3937 0.0612 -0.9172
vn -0.3438 0.0698 -0.9364
vn -0.2911 0.0788 -0.9535
vn -0.1398 0.0717 -0.9876
vn 0.0984 0.0416 -0.9943
vn 0.2288 0.0244 -0.9732
vn 0.2669 0.0259 -0.9634
vn 0.5075 0.0548 -0.8599
vn 0.7846 0.1058 -0.6109
vn 0.8669 0.1259 -0.4823
vn 0.8818 0.1186 -0.4565
vn 0.8900 0.1064 -0.4434
vn 0.8529 0.0756 -0.5166
vn 0.7799 0.0320 -0.6251
vn -0.7110 0.2260 -0.6659
vn -0.6560 0.1079 -0.7470
vn -0.5818 -0.0104 -0.8133
vn -0.5282 -0.0730 -0.8460
vn -0.4866 -0.0920 -0.8688
vn -0.4697 -0.0904 -0.8782
vn -0.4829 -0.0496 -0.8742
vn -0.5424 0.0333 -0.8394
vn -0.4393 0.0903 -0.8938
vn -0.2639 0.0715 -0.9619
vn -0.2508 0.0071 -0.9680
vn -0.2976 -0.0367 -0.9540
vn -0.4231 -0.0205 -0.9058
vn -0.5185 0.0306 -0.8546
vn -0.5166 0.0613 -0.8540
vn -0.4777 0.0691 -0.8758
vn -0.4335 0.0777 -0.8978
vn -0.3854 0.0871 -0.9186
vn -0.3345 0.0971 -0.9374
vn -0.2811 0.1073 -0.9537
vn -0.1635 0.1055 -0.9809
vn 0.0668 0.0806 -0.9945
vn 0.2295 0.0568 -0.9717
vn 0.2922 0.0677 -0.9540
vn 0.5857 0.0979 -0.8046
vn 0.8269 0.1165 -0.5501
vn 0.8653 0.1255 -0.4853
vn 0.8800 0.1161 -0.4605
vn 0.8747 0.0917 -0.4759
vn 0.8162 0.0491 -0.5757
vn 0.7566 0.0170 -0.6536
vn -0.7257 0.3297 -0.6039
vn -0.6991 0.2938 -0.6519
vn -0.6575 0.2019 -0.7259
vn -0.5998 0.0835 -0.7958
vn -0.5340 -0.0162 -0.8453
vn -0.4815 -0.0660 -0.8740
vn -0.4394 -0.0709 -0.8955
vn -0.4317 -0.0206 -0.9018
vn -0.4128 0.0461 -0.9097
vn -0.3671 0.0187 -0.9300
vn -0.3360 -0.0624 -0.9398
vn -0.3136 -0.0992 -0.9444
vn -0.3398 -0.0801 -0.9371
vn -0.4221 -0.0080 -0.9065
vn -0.4797 0.0637 -0.8751
vn -0.4713 0.0953 -0.8768
vn -0.4255 0.1054 -0.8988
vn -0.3760 0.1162 -0.9193
vn -0.3240 0.1273 -0.9375
vn -0.2577 0.1492 -0.9546
vn -0.1509 0.1840 -0.9713
vn 0.0282 0.1794 -0.9834
vn 0.1960 0.1229 -0.9729
vn 0.3553 0.1147 -0.9277
vn 0.6612 0.1424 -0.7366
vn 0.8417 0.1353 -0.5227
vn 0.8628 0.1263 -0.4894
vn 0.8738 0.1091 -0.4738
vn 0.8435 0.0753 -0.5319
vn 0.7783 0.0315 -0.6270
vn 0.7491 0.0097 -0.6623
vn -0.7242 0.3433 -0.5981
vn -0.7108 0.3459 -0.6125
vn -0.6902 0.3366 -0.6405
vn -0.6624 0.2873 -0.6919
vn -0.6195 0.1995 -0.7592
vn -0.5535 0.1030 -0.8264
vn -0.4501 0.0543 -0.8913
vn -0.3557 0.0773 -0.9314
vn -0.3814 0.1055 -0.9184
vn -0.4683 0.0751 -0.8804
vn -0.4471 0.0022 -0.8945
vn -0.3518 -0.0554 -0.9344
vn -0.3034 -0.0697 -0.9503
vn -0.3152 -0.0440 -0.9480
vn -0.3840 0.0261 -0.9230
vn -0.4299 0.0976 -0.8976
vn -0.4135 0.1347 -0.9005
vn -0.3654 0.1488 -0.9189
vn -0.3018 0.1701 -0.9381
vn -0.2009 0.2171 -0.9553
vn -0.0987 0.2717 -0.9573
vn -0.0124 0.2835 -0.9589
vn 0.1106 0.2232 -0.9685
vn 0.4103 0.1629 -0.8973
vn 0.7288 0.1490 -0.6683
vn 0.8412 0.1435 -0.5214
vn 0.8596 0.1288 -0.4945
vn 0.8542 0.1014 -0.5100
vn 0.8016 0.0571 -0.5951
vn 0.7524 0.0237 -0.6583
vn 0.7476 0.0132 -0.6640
vn -0.7210 0.3527 -0.5965
vn -0.7080 0.3554 -0.6103
vn -0.6948 0.3582 -0.6237
vn -0.6814 0.3611 -0.6367
vn -0.6581 0.3532 -0.6649
vn -0.6223 0.3098 -0.7188
vn -0.5075 0.2487 -0.8250
vn -0.3495 0.1977 -0.9158
vn -0.3562 0.1861 -0.9157
vn -0.5096 0.1720 -0.8430
vn -0.5579 0.1213 -0.8210
vn -0.4539 0.0497 -0.8897
vn -0.3395 -0.0122 -0.9405
vn -0.2792 -0.0293 -0.9598
vn -0.2817 -0.0056 -0.9595
vn -0.3327 0.0608 -0.9411
vn -0.3631 0.1340 -0.9221
vn -0.3412 0.1822 -0.9222
vn -0.2516 0.2263 -0.9410
vn -0.1290 0.2791 -0.9516
vn -0.0566 0.3119 -0.9484
vn -0.0243 0.3213 -0.9467
vn 0.0428 0.3102 -0.9497
vn 0.4223 0.2613 -0.8680
vn 0.7688 0.1733 -0.6155
vn 0.8374 0.1503 -0.5256
vn 0.8479 0.1246 -0.5153
vn 0.8160 0.0855 -0.5717
vn 0.7613 0.0445 -0.6469
vn 0.7435 0.0240 -0.6684
vn 0.7622 0.0393 -0.6461
vn -0.7179 0.3620 -0.5947
vn -0.7052 0.3649 -0.6079
vn -0.6922 0.3683 -0.6206
vn -0.6790 0.3719 -0.6330
vn -0.6653 0.3757 -0.6451
vn -0.6494 0.3780 -0.6599
vn -0.5826 0.3546 -0.7313
vn -0.4377 0.2870 -0.8521
vn -0.3527 0.2285 -0.9074
vn -0.5007 0.2065 -0.8406
vn -0.6113 0.1888 -0.7685
vn -0.5580 0.1620 -0.8139
vn -0.4482 0.1019 -0.8881
vn -0.3190 0.0399 -0.9469
vn -0.2494 0.0205 -0.9682
vn -0.2345 0.0433 -0.9712
vn -0.2589 0.1098 -0.9596
vn -0.2696 0.1931 -0.9434
vn -0.1805 0.2625 -0.9479
vn -0.0728 0.3049 -0.9496
vn -0.0378 0.3262 -0.9446
vn -0.0164 0.3351 -0.9420
vn 0.0661 0.3629 -0.9295
vn 0.4389 0.3552 -0.8254
vn 0.7621 0.2359 -0.6029
vn 0.8259 0.1619 -0.5400
vn 0.8160 0.1170 -0.5660
vn 0.7697 0.0709 -0.6345
vn 0.7448 0.0480 -0.6655
vn 0.7631 0.0683 -0.6426
vn 0.8079 0.1286 -0.5752
vn -0.7146 0.3719 -0.5925
vn -0.7021 0.3753 -0.6051
vn -0.6893 0.3792 -0.6172
vn -0.6763 0.3836 -0.6289
vn -0.6628 0.3883 -0.6402
vn -0.6488 0.3933 -0.6514
vn -0.6255 0.3918 -0.6747
vn -0.5452 0.3620 -0.7561
vn -0.4148 0.3032 -0.8579
vn -0.4923 0.2395 -0.8368
vn -0.6130 0.2114 -0.7613
vn -0.5964 0.2222 -0.7713
vn -0.5365 0.2185 -0.8151
vn -0.4013 0.2030 -0.8932
vn -0.2623 0.1839 -0.9473
vn -0.1872 0.1934 -0.9631
vn -0.1620 0.2221 -0.9615
vn -0.1914 0.2559 -0.9476
vn -0.1628 0.2598 -0.9518
vn -0.0681 0.2368 -0.9692
vn -0.0186 0.2353 -0.9717
vn 0.0042 0.2559 -0.9667
vn 0.1730 0.3005 -0.9380
vn 0.5084 0.3317 -0.7947
vn 0.7275 0.2729 -0.6295
vn 0.7875 0.1774 -0.5903
vn 0.7723 0.1132 -0.6250
vn 0.7533 0.0967 -0.6506
vn 0.7730 0.1211 -0.6228
vn 0.8088 0.1714 -0.5625
vn 0.8427 0.2140 -0.4940
vn -0.7082 0.3583 -0.6083
vn -0.6962 0.3824 -0.6075
vn -0.6861 0.3915 -0.6133
vn -0.6732 0.3968 -0.6240
vn -0.6599 0.4025 -0.6344
vn -0.6461 0.4085 -0.6447
vn -0.6314 0.4147 -0.6552
vn -0.6038 0.4100 -0.6837
vn -0.5228 0.3704 -0.7678
vn -0.5220 0.2999 -0.7985
vn -0.5895 0.2831 -0.7565
vn -0.5825 0.3218 -0.7464
vn -0.5429 0.3664 -0.7557
vn -0.4499 0.3959 -0.8006
vn -0.3047 0.3855 -0.8709
vn -0.1803 0.3599 -0.9154
vn -0.1279 0.3532 -0.9267
vn -0.1807 0.3408 -0.9226
vn -0.2152 0.3030 -0.9284
vn -0.1201 0.2533 -0.9599
vn -0.0254 0.2048 -0.9785
vn 0.0423 0.1960 -0.9797
vn 0.3154 0.2168 -0.9239
vn 0.6054 0.2417 -0.7584
vn 0.7131 0.2539 -0.6534
vn 0.7485 0.2261 -0.6234
vn 0.7611 0.2005 -0.6169
vn 0.7847 0.2028 -0.5858
vn 0.8113 0.2277 -0.5384
vn 0.8346 0.2425 -0.4947
vn 0.8503 0.2384 -0.4692
vn -0.7050 0.2726 -0.6548
vn -0.6988 0.3077 -0.6457
vn -0.6917 0.3292 -0.6428
vn -0.6781 0.3429 -0.6501
vn -0.6653 0.3505 -0.6592
vn -0.6526 0.3535 -0.6702
vn -0.6391 0.3531 -0.6833
vn -0.6277 0.3488 -0.6959
vn -0.6033 0.3294 -0.7263
vn -0.5411 0.3295 -0.7737
vn -0.5184 0.3822 -0.7650
vn -0.5338 0.4422 -0.7208
vn -0.5109 0.4800 -0.7132
vn -0.4628 0.4959 -0.7347
vn -0.3742 0.4844 -0.7908
vn -0.2430 0.4406 -0.8642
vn -0.1480 0.3952 -0.9066
vn -0.1960 0.3812 -0.9035
vn -0.2428 0.3852 -0.8903
vn -0.1677 0.3792 -0.9100
vn -0.0557 0.3538 -0.9337
vn 0.1204 0.3558 -0.9268
vn 0.4554 0.3481 -0.8194
vn 0.6889 0.2991 -0.6603
vn 0.7288 0.2950 -0.6179
vn 0.7521 0.2924 -0.5906
vn 0.7772 0.2982 -0.5542
vn 0.8032 0.2926 -0.5188
vn 0.8224 0.2748 -0.4982
vn 0.8366 0.2575 -0.4835
vn 0.8471 0.2446 -0.4717
vn -0.7005 0.2203 -0.6788
vn -0.6966 0.2279 -0.6804
vn -0.6902 0.2441 -0.6812
vn -0.6793 0.2602 -0.6862
vn -0.6691 0.2690 -0.6927
vn -0.6587 0.2729 -0.7011
vn -0.6475 0.2733 -0.7114
vn -0.6362 0.2723 -0.7219
vn -0.6266 0.2744 -0.7295
vn -0.5218 0.3258 -0.7884
vn -0.4152 0.4068 -0.8137
vn -0.4511 0.4728 -0.7569
vn -0.4833 0.5114 -0.7106
vn -0.4641 0.5299 -0.7097
vn -0.4159 0.5388 -0.7327
vn -0.3270 0.5265 -0.7848
vn -0.2164 0.4831 -0.8484
vn -0.2094 0.4419 -0.8723
vn -0.2279 0.4376 -0.8698
vn -0.1680 0.4530 -0.8755
vn -0.0407 0.4734 -0.8799
vn 0.2402 0.4916 -0.8370
vn 0.5679 0.4564 -0.6850
vn 0.7159 0.4016 -0.5712
vn 0.7230 0.3770 -0.5790
vn 0.7508 0.3242 -0.5755
vn 0.7951 0.2852 -0.5352
vn 0.8080 0.2924 -0.5115
vn 0.8177 0.2882 -0.4983
vn 0.8323 0.2690 -0.4847
vn 0.8434 0.2534 -0.4738
vn -0.7022 0.2405 -0.6702
vn -0.6915 0.2422 -0.6806
vn -0.6834 0.2486 -0.6864
vn -0.6759 0.2558 -0.6912
vn -0.6678 0.2637 -0.6960
vn -0.6591 0.2723 -0.7011
vn -0.6495 0.2819 -0.7062
vn -0.6381 0.2930 -0.7120
vn -0.6247 0.3058 -0.7185
vn -0.5156 0.3511 -0.7816
vn -0.3492 0.4060 -0.8445
vn -0.3392 0.4601 -0.8205
vn -0.4296 0.5050 -0.7486
vn -0.4607 0.5220 -0.7178
vn -0.4246 0.5312 -0.7332
vn -0.3685 0.5375 -0.7585
vn -0.2896 0.5258 -0.7998
vn -0.2298 0.5088 -0.8296
vn -0.1934 0.5232 -0.8300
vn -0.1395 0.5471 -0.8254
vn 0.0113 0.5586 -0.8294
vn 0.3621 0.5316 -0.7657
vn 0.6391 0.4572 -0.6184
vn 0.7007 0.4227 -0.5747
vn 0.6812 0.3998 -0.6132
vn 0.7232 0.3320 -0.6056
vn 0.8033 0.2519 -0.5396
vn 0.8194 0.2559 -0.5129
vn 0.8209 0.2787 -0.4985
vn 0.8305 0.2798 -0.4816
vn 0.8394 0.2692 -0.4722
vt 0.608787 0.563829
vt 0.610783 0.566367
vt 0.615096 0.565762
vt 0.612347 0.563004
vt 0.619510 0.564979
vt 0.616147 0.562029
vt 0.624058 0.564026
vt 0.620250 0.560898
vt 0.628716 0.562978
vt 0.624533 0.559703
vt 0.633546 0.561866
vt 0.629033 0.558462
vt 0.638559 0.560708
vt 0.633748 0.557192
vt 0.643760 0.559524
vt 0.638677 0.555909
vt 0.649160 0.558329
vt 0.643818 0.554624
vt 0.654769 0.557126
vt 0.649179 0.553340
vt 0.660596 0.555915
vt 0.654770 0.552057
vt 0.666654 0.554698
vt 0.660601 0.550774
vt 0.672952 0.553475
vt 0.666681 0.549491
vt 0.679501 0.552246
vt 0.673019 0.548208
vt 0.686312 0.551013
vt 0.679626 0.546925
vt 0.693396 0.549774
vt 0.686511 0.545641
vt 0.700767 0.548529
vt 0.693690 0.544352
vt 0.708460 0.547261
vt 0.701197 0.543042
vt 0.716512 0.545952
vt 0.709076 0.541691
vt 0.724963 0.544584
vt 0.717368 0.540280
vt 0.733850 0.543138
vt 0.726114 0.538788
vt 0.743212 0.541596
vt 0.735356 0.537196
vt 0.753087 0.539939
vt 0.745137 0.535483
vt 0.763514 0.538149
vt 0.755497 0.533631
vt 0.774541 0.536205
vt 0.766496 0.531613
vt 0.786259 0.534069
vt 0.778263 0.529381
vt 0.798771 0.531703
vt 0.790944 0.526879
vt 0.812178 0.529066
vt 0.804686 0.524053
vt 0.827408 0.525843
vt 0.821105 0.520357
vt 0.844138 0.522136
vt 0.840009 0.515848
vt 0.860594 0.518534
vt 0.858830 0.511382
vt 0.612673 0.569250
vt 0.617593 0.568813
vt 0.622501 0.568178
vt 0.627448 0.567375
vt 0.632477 0.566461
vt 0.637633 0.565470
vt 0.642935 0.564422
vt 0.648401 0.563337
vt 0.654049 0.562233
vt 0.659891 0.561113
vt 0.665940 0.559980
vt 0.672206 0.558834
vt 0.678702 0.557676
vt 0.685439 0.556508
vt 0.692429 0.555332
vt 0.699683 0.554148
vt 0.707217 0.552954
vt 0.715060 0.551738
vt 0.723245 0.550483
vt 0.731807 0.549172
vt 0.740778 0.547789
vt 0.750191 0.546317
vt 0.760081 0.544740
vt 0.770480 0.543042
vt 0.781423 0.541205
vt 0.792957 0.539208
vt 0.805129 0.537031
vt 0.817986 0.534653
vt 0.831808 0.531974
vt 0.846380 0.529060
vt 0.861009 0.526139
vt 0.614473 0.572517
vt 0.619842 0.572163
vt 0.625157 0.571622
vt 0.630477 0.570936
vt 0.635854 0.570142
vt 0.641318 0.569264
vt 0.646897 0.568322
vt 0.652616 0.567336
vt 0.658499 0.566324
vt 0.664561 0.565290
vt 0.670815 0.564236
vt 0.677272 0.563165
vt 0.683946 0.562078
vt 0.690849 0.560978
vt 0.697993 0.559865
vt 0.705392 0.558743
vt 0.713060 0.557610
vt 0.721021 0.556455
vt 0.729304 0.555264
vt 0.737935 0.554022
vt 0.746942 0.552716
vt 0.756352 0.551332
vt 0.766191 0.549855
vt 0.776488 0.548270
vt 0.787264 0.546567
vt 0.798526 0.544737
vt 0.810272 0.542776
vt 0.822505 0.540678
vt 0.835203 0.538445
vt 0.848266 0.536106
vt 0.861572 0.533696
vt 0.616148 0.576022
vt 0.621870 0.575732
vt 0.627538 0.575282
vt 0.633195 0.574699
vt 0.638881 0.574011
vt 0.644628 0.573237
vt 0.650466 0.572397
vt 0.656423 0.571508
vt 0.662526 0.570588
vt 0.668792 0.569641
vt 0.675233 0.568670
vt 0.681863 0.567678
vt 0.688695 0.566667
vt 0.695743 0.565639
vt 0.703020 0.564597
vt 0.710540 0.563543
vt 0.718316 0.562479
vt 0.726369 0.561393
vt 0.734718 0.560275
vt 0.743385 0.559114
vt 0.752389 0.557896
vt 0.761752 0.556612
vt 0.771493 0.555250
vt 0.781633 0.553797
vt 0.792184 0.552245
vt 0.803129 0.550595
vt 0.814439 0.548852
vt 0.826089 0.547020
vt 0.838043 0.545105
vt 0.850232 0.543126
vt 0.862577 0.541105
vt 0.617712 0.579765
vt 0.623723 0.579525
vt 0.629684 0.579147
vt 0.635626 0.578651
vt 0.641584 0.578055
vt 0.647585 0.577377
vt 0.653660 0.576634
vt 0.659838 0.575840
vt 0.666144 0.575012
vt 0.672596 0.574153
vt 0.679207 0.573267
vt 0.685992 0.572357
vt 0.692964 0.571426
vt 0.700137 0.570476
vt 0.707527 0.569510
vt 0.715145 0.568532
vt 0.723007 0.567542
vt 0.731127 0.566534
vt 0.739517 0.565497
vt 0.748192 0.564424
vt 0.757165 0.563305
vt 0.766449 0.562131
vt 0.776059 0.560893
vt 0.786008 0.559583
vt 0.796301 0.558193
vt 0.806910 0.556729
vt 0.817799 0.555199
vt 0.828931 0.553610
vt 0.840267 0.551971
vt 0.851759 0.550294
vt 0.863354 0.548591
vt 0.619153 0.583720
vt 0.625403 0.583518
vt 0.631606 0.583199
vt 0.637791 0.582776
vt 0.643984 0.582263
vt 0.650211 0.581673
vt 0.656500 0.581021
vt 0.662878 0.580320
vt 0.669368 0.579583
vt 0.675987 0.578812
vt 0.682750 0.578013
vt 0.689671 0.577188
vt 0.696765 0.576340
vt 0.704046 0.575473
vt 0.711528 0.574589
vt 0.719226 0.573692
vt 0.727154 0.572783
vt 0.735319 0.571858
vt 0.743730 0.570909
vt 0.752392 0.569931
vt 0.761314 0.568917
vt 0.770502 0.567859
vt 0.779964 0.566752
vt 0.789707 0.565589
vt 0.799731 0.564366
vt 0.810008 0.563088
vt 0.820503 0.561762
vt 0.831181 0.560396
vt 0.842006 0.558997
vt 0.852943 0.557574
vt 0.863953 0.556135
vt 0.620464 0.587860
vt 0.626911 0.587690
vt 0.633318 0.587419
vt 0.639707 0.587059
vt 0.646103 0.586620
vt 0.652528 0.586113
vt 0.659005 0.585548
vt 0.665560 0.584936
vt 0.672212 0.584287
vt 0.678979 0.583605
vt 0.685874 0.582893
vt 0.692914 0.582155
vt 0.700111 0.581394
vt 0.707482 0.580613
vt 0.715040 0.579816
vt 0.722801 0.579005
vt 0.730777 0.578183
vt 0.738971 0.577347
vt 0.747386 0.576492
vt 0.756022 0.575614
vt 0.764883 0.574708
vt 0.773969 0.573770
vt 0.783282 0.572795
vt 0.792824 0.571779
vt 0.802592 0.570719
vt 0.812561 0.569619
vt 0.822703 0.568485
vt 0.832990 0.567322
vt 0.843391 0.566137
vt 0.853880 0.564934
vt 0.864425 0.563720
vt 0.621634 0.592158
vt 0.628249 0.592016
vt 0.634828 0.591789
vt 0.641391 0.591486
vt 0.647959 0.591115
vt 0.654553 0.590684
vt 0.661193 0.590201
vt 0.667899 0.589675
vt 0.674690 0.589112
vt 0.681583 0.588517
vt 0.688592 0.587894
vt 0.695732 0.587244
vt 0.703017 0.586573
vt 0.710461 0.585882
vt 0.718080 0.585175
vt 0.725887 0.584455
vt 0.733896 0.583725
vt 0.742105 0.582983
vt 0.750513 0.582226
vt 0.759117 0.581451
vt 0.767914 0.580655
vt 0.776903 0.579836
vt 0.786080 0.578991
vt 0.795443 0.578116
vt 0.804986 0.577210
vt 0.814690 0.576277
vt 0.824531 0.575320
vt 0.834487 0.574342
vt 0.844535 0.573349
vt 0.854652 0.572343
vt 0.864814 0.571330
vt 0.622660 0.596594
vt 0.629415 0.596477
vt 0.636138 0.596291
vt 0.642847 0.596040
vt 0.649560 0.595731
vt 0.656295 0.595371
vt 0.663070 0.594966
vt 0.669903 0.594521
vt 0.676812 0.594043
vt 0.683811 0.593535
vt 0.690915 0.592999
vt 0.698138 0.592440
vt 0.705494 0.591860
vt 0.712997 0.591262
vt 0.720662 0.590649
vt 0.728504 0.590025
vt 0.736532 0.589392
vt 0.744746 0.588748
vt 0.753139 0.588092
vt 0.761706 0.587423
vt 0.770442 0.586738
vt 0.779341 0.586038
vt 0.788397 0.585318
vt 0.797606 0.584579
vt 0.806959 0.583820
vt 0.816441 0.583041
vt 0.826033 0.582246
vt 0.835716 0.581438
vt 0.845473 0.580619
vt 0.855285 0.579792
vt 0.865133 0.578960
vt 0.623538 0.601148
vt 0.630407 0.601054
vt 0.637248 0.600904
vt 0.644075 0.600701
vt 0.650907 0.600451
vt 0.657757 0.600158
vt 0.664643 0.599826
vt 0.671581 0.599460
vt 0.678585 0.599064
vt 0.685671 0.598642
vt 0.692852 0.598195
vt 0.700142 0.597727
vt 0.707554 0.597241
vt 0.715104 0.596739
vt 0.722804 0.596223
vt 0.730668 0.595698
vt 0.738707 0.595164
vt 0.746916 0.594622
vt 0.755289 0.594071
vt 0.763819 0.593509
vt 0.772496 0.592938
vt 0.781315 0.592354
vt 0.790268 0.591759
vt 0.799347 0.591151
vt 0.808543 0.590529
vt 0.817844 0.589896
vt 0.827233 0.589252
vt 0.836698 0.588599
vt 0.846221 0.587940
vt 0.855789 0.587275
vt 0.865387 0.586607
vt 0.624265 0.605800
vt 0.631223 0.605728
vt 0.638156 0.605611
vt 0.645078 0.605453
vt 0.652003 0.605257
vt 0.658944 0.605027
vt 0.665918 0.604765
vt 0.672938 0.604476
vt 0.680018 0.604161
vt 0.687172 0.603823
vt 0.694414 0.603466
vt 0.701756 0.603090
vt 0.709212 0.602699
vt 0.716796 0.602295
vt 0.724520 0.601880
vt 0.732398 0.601456
vt 0.740440 0.601025
vt 0.748640 0.600587
vt 0.756990 0.600143
vt 0.765483 0.599692
vt 0.774108 0.599234
vt 0.782858 0.598768
vt 0.791724 0.598294
vt 0.800697 0.597813
vt 0.809768 0.597323
vt 0.818927 0.596826
vt 0.828159 0.596323
vt 0.837453 0.595814
vt 0.846796 0.595302
vt 0.856177 0.594786
vt 0.865582 0.594269
vt 0.624836 0.610531
vt 0.631862 0.610478
vt 0.638864 0.610393
vt 0.645856 0.610277
vt 0.652850 0.610133
vt 0.659860 0.609962
vt 0.666900 0.609768
vt 0.673981 0.609553
vt 0.681118 0.609318
vt 0.688324 0.609065
vt 0.695611 0.608797
vt 0.702992 0.608515
vt 0.710480 0.608220
vt 0.718087 0.607915
vt 0.725827 0.607602
vt 0.733712 0.607282
vt 0.741751 0.606957
vt 0.749940 0.606626
vt 0.758268 0.606292
vt 0.766727 0.605952
vt 0.775308 0.605608
vt 0.784002 0.605258
vt 0.792799 0.604905
vt 0.801690 0.604546
vt 0.810667 0.604183
vt 0.819719 0.603816
vt 0.828834 0.603446
vt 0.838003 0.603073
vt 0.847215 0.602697
vt 0.856459 0.602320
vt 0.865724 0.601941
vt 0.625248 0.615321
vt 0.632320 0.615287
vt 0.639370 0.615231
vt 0.646410 0.615155
vt 0.653452 0.615060
vt 0.660509 0.614947
vt 0.667594 0.614819
vt 0.674718 0.614676
vt 0.681894 0.614520
vt 0.689135 0.614352
vt 0.696453 0.614173
vt 0.703860 0.613984
vt 0.711369 0.613787
vt 0.718992 0.613583
vt 0.726741 0.613374
vt 0.734628 0.613159
vt 0.742663 0.612942
vt 0.750839 0.612720
vt 0.759148 0.612496
vt 0.767581 0.612269
vt 0.776127 0.612039
vt 0.784778 0.611807
vt 0.793526 0.611572
vt 0.802359 0.611334
vt 0.811270 0.611094
vt 0.820249 0.610852
vt 0.829285 0.610609
vt 0.838370 0.610364
vt 0.847494 0.610118
vt 0.856646 0.609871
vt 0.865818 0.609623
vt 0.625498 0.620151
vt 0.632597 0.620134
vt 0.639674 0.620106
vt 0.646742 0.620068
vt 0.653812 0.620021
vt 0.660896 0.619965
vt 0.668006 0.619902
vt 0.675155 0.619830
vt 0.682354 0.619752
vt 0.689615 0.619668
vt 0.696951 0.619579
vt 0.704373 0.619485
vt 0.711894 0.619386
vt 0.719524 0.619284
vt 0.727277 0.619179
vt 0.735165 0.619071
vt 0.743195 0.618962
vt 0.751362 0.618851
vt 0.759658 0.618739
vt 0.768072 0.618625
vt 0.776596 0.618510
vt 0.785221 0.618394
vt 0.793938 0.618276
vt 0.802736 0.618158
vt 0.811609 0.618039
vt 0.820546 0.617919
vt 0.829537 0.617798
vt 0.838575 0.617676
vt 0.847649 0.617555
vt 0.856751 0.617433
vt 0.865871 0.617310
vt 0.625582 0.625000
vt 0.632690 0.625000
vt 0.639776 0.625000
vt 0.646852 0.625000
vt 0.653931 0.625000
vt 0.661024 0.625000
vt 0.668142 0.625000
vt 0.675299 0.625000
vt 0.682505 0.625000
vt 0.689773 0.625000
vt 0.697115 0.625000
vt 0.704542 0.625000
vt 0.712066 0.625000
vt 0.719699 0.625000
vt 0.727453 0.625000
vt 0.735340 0.625000
vt 0.743368 0.625000
vt 0.751531 0.625000
vt 0.759821 0.625000
vt 0.768229 0.625000
vt 0.776746 0.625000
vt 0.785361 0.625000
vt 0.794067 0.625000
vt 0.802855 0.625000
vt 0.811715 0.625000
vt 0.820638 0.625000
vt 0.829616 0.625000
vt 0.838638 0.625000
vt 0.847697 0.625000
vt 0.856783 0.625000
vt 0.865887 0.625000
vt 0.625498 0.629849
vt 0.632597 0.629866
vt 0.639674 0.629894
vt 0.646742 0.629932
vt 0.653812 0.629979
vt 0.660896 0.630035
vt 0.668006 0.630098
vt 0.675155 0.630170
vt 0.682354 0.630248
vt 0.689615 0.630332
vt 0.696951 0.630421
vt 0.704373 0.630516
vt 0.711894 0.630614
vt 0.719524 0.630716
vt 0.727277 0.630821
vt 0.735165 0.630929
vt 0.743195 0.631038
vt 0.751362 0.631149
vt 0.759658 0.631261
vt 0.768072 0.631375
vt 0.776596 0.631490
vt 0.785221 0.631606
vt 0.793937 0.631724
vt 0.802736 0.631842
vt 0.811609 0.631961
vt 0.820545 0.632081
vt 0.829537 0.632202
vt 0.838575 0.632324
vt 0.847649 0.632445
vt 0.856751 0.632568
vt 0.865871 0.632690
vt 0.625248 0.634679
vt 0.632321 0.634713
vt 0.639370 0.634769
vt 0.646410 0.634846
vt 0.653452 0.634940
vt 0.660509 0.635053
vt 0.667594 0.635181
vt 0.674718 0.635324
vt 0.681894 0.635480
vt 0.689135 0.635648
vt 0.696453 0.635827
vt 0.703861 0.636016
vt 0.711369 0.636213
vt 0.718992 0.636417
vt 0.726741 0.636626
vt 0.734628 0.636841
vt 0.742663 0.637058
vt 0.750840 0.637280
vt 0.759148 0.637504
vt 0.767581 0.637731
vt 0.776127 0.637961
vt 0.784778 0.638193
vt 0.793526 0.638428
vt 0.802359 0.638666
vt 0.811270 0.638906
vt 0.820249 0.639148
vt 0.829285 0.639391
vt 0.838370 0.639636
vt 0.847494 0.639883
vt 0.856647 0.640130
vt 0.865818 0.640377
vt 0.624836 0.639469
vt 0.631862 0.639522
vt 0.638864 0.639607
vt 0.645856 0.639723
vt 0.652850 0.639868
vt 0.659860 0.640038
vt 0.666900 0.640232
vt 0.673981 0.640447
vt 0.681118 0.640682
vt 0.688324 0.640935
vt 0.695611 0.641203
vt 0.702992 0.641486
vt 0.710480 0.641780
vt 0.718087 0.642085
vt 0.725827 0.642398
vt 0.733712 0.642718
vt 0.741751 0.643044
vt 0.749940 0.643374
vt 0.758268 0.643708
vt 0.766727 0.644048
vt 0.775308 0.644393
vt 0.784002 0.644742
vt 0.792799 0.645095
vt 0.801690 0.645454
vt 0.810667 0.645817
vt 0.819719 0.646184
vt 0.828834 0.646554
vt 0.838003 0.646927
vt 0.847215 0.647303
vt 0.856459 0.647680
vt 0.865724 0.648059
vt 0.624265 0.644200
vt 0.631223 0.644272
vt 0.638156 0.644389
vt 0.645078 0.644547
vt 0.652003 0.644743
vt 0.658944 0.644973
vt 0.665918 0.645235
vt 0.672938 0.645524
vt 0.680018 0.645839
vt 0.687172 0.646177
vt 0.694414 0.646534
vt 0.701756 0.646910
vt 0.709212 0.647301
vt 0.716796 0.647705
vt 0.724520 0.648121
vt 0.732398 0.648545
vt 0.740440 0.648975
vt 0.748640 0.649413
vt 0.756990 0.649857
vt 0.765483 0.650308
vt 0.774108 0.650766
vt 0.782858 0.651232
vt 0.791724 0.651706
vt 0.800697 0.652188
vt 0.809768 0.652677
vt 0.818927 0.653174
vt 0.828159 0.653678
vt 0.837453 0.654186
vt 0.846796 0.654698
vt 0.856177 0.655214
vt 0.865582 0.655731
vt 0.623538 0.648852
vt 0.630407 0.648946
vt 0.637247 0.649096
vt 0.644075 0.649299
vt 0.650907 0.649549
vt 0.657757 0.649842
vt 0.664643 0.650174
vt 0.671581 0.650540
vt 0.678585 0.650936
vt 0.685671 0.651359
vt 0.692852 0.651805
vt 0.700142 0.652273
vt 0.707554 0.652759
vt 0.715104 0.653262
vt 0.722804 0.653777
vt 0.730668 0.654302
vt 0.738707 0.654836
vt 0.746916 0.655378
vt 0.755289 0.655930
vt 0.763819 0.656491
vt 0.772496 0.657062
vt 0.781315 0.657646
vt 0.790268 0.658241
vt 0.799346 0.658849
vt 0.808543 0.659471
vt 0.817844 0.660105
vt 0.827233 0.660749
vt 0.836698 0.661401
vt 0.846221 0.662060
vt 0.855789 0.662725
vt 0.865387 0.663393
vt 0.622660 0.653406
vt 0.629415 0.653523
vt 0.636138 0.653710
vt 0.642847 0.653960
vt 0.649560 0.654269
vt 0.656295 0.654629
vt 0.663070 0.655034
vt 0.669903 0.655479
vt 0.676812 0.655957
vt 0.683811 0.656466
vt 0.690915 0.657001
vt 0.698138 0.657560
vt 0.705494 0.658140
vt 0.712997 0.658738
vt 0.720662 0.659351
vt 0.728504 0.659975
vt 0.736532 0.660609
vt 0.744746 0.661252
vt 0.753139 0.661908
vt 0.761706 0.662577
vt 0.770442 0.663262
vt 0.779341 0.663963
vt 0.788397 0.664682
vt 0.797606 0.665421
vt 0.806959 0.666181
vt 0.816441 0.666959
vt 0.826033 0.667754
vt 0.835716 0.668562
vt 0.845473 0.669381
vt 0.855285 0.670208
vt 0.865133 0.671040
vt 0.621634 0.657842
vt 0.628249 0.657984
vt 0.634828 0.658211
vt 0.641391 0.658514
vt 0.647959 0.658885
vt 0.654553 0.659316
vt 0.661193 0.659799
vt 0.667899 0.660325
vt 0.674690 0.660888
vt 0.681583 0.661483
vt 0.688592 0.662106
vt 0.695732 0.662756
vt 0.703017 0.663428
vt 0.710461 0.664119
vt 0.718080 0.664825
vt 0.725887 0.665545
vt 0.733896 0.666275
vt 0.742105 0.667017
vt 0.750513 0.667774
vt 0.759117 0.668549
vt 0.767914 0.669345
vt 0.776903 0.670164
vt 0.786080 0.671009
vt 0.795443 0.671884
vt 0.804986 0.672790
vt 0.814690 0.673723
vt 0.824531 0.674681
vt 0.834487 0.675658
vt 0.844535 0.676651
vt 0.854652 0.677657
vt 0.864814 0.678670
vt 0.620464 0.662140
vt 0.626911 0.662310
vt 0.633318 0.662581
vt 0.639707 0.662941
vt 0.646103 0.663380
vt 0.652528 0.663887
vt 0.659005 0.664452
vt 0.665560 0.665064
vt 0.672212 0.665713
vt 0.678979 0.666395
vt 0.685874 0.667107
vt 0.692914 0.667845
vt 0.700111 0.668606
vt 0.707482 0.669387
vt 0.715040 0.670184
vt 0.722801 0.670995
vt 0.730776 0.671817
vt 0.738971 0.672653
vt 0.747385 0.673508
vt 0.756022 0.674386
vt 0.764883 0.675292
vt 0.773969 0.676230
vt 0.783282 0.677205
vt 0.792824 0.678221
vt 0.802592 0.679281
vt 0.812561 0.680381
vt 0.822703 0.681515
vt 0.832990 0.682678
vt 0.843391 0.683864
vt 0.853880 0.685066
vt 0.864425 0.686280
vt 0.619153 0.666280
vt 0.625403 0.666482
vt 0.631606 0.666801
vt 0.637791 0.667225
vt 0.643984 0.667738
vt 0.650211 0.668327
vt 0.656500 0.668979
vt 0.662878 0.669680
vt 0.669368 0.670418
vt 0.675987 0.671188
vt 0.682750 0.671987
vt 0.689671 0.672812
vt 0.696765 0.673660
vt 0.704046 0.674528
vt 0.711528 0.675411
vt 0.719226 0.676308
vt 0.727154 0.677217
vt 0.735319 0.678142
vt 0.743730 0.679091
vt 0.752392 0.680069
vt 0.761314 0.681083
vt 0.770502 0.682141
vt 0.779964 0.683248
vt 0.789707 0.684411
vt 0.799731 0.685634
vt 0.810008 0.686912
vt 0.820503 0.688238
vt 0.831181 0.689604
vt 0.842006 0.691003
vt 0.852943 0.692426
vt 0.863953 0.693865
vt 0.617712 0.670235
vt 0.623723 0.670476
vt 0.629684 0.670853
vt 0.635626 0.671349
vt 0.641584 0.671945
vt 0.647586 0.672623
vt 0.653660 0.673367
vt 0.659838 0.674160
vt 0.666144 0.674989
vt 0.672596 0.675847
vt 0.679207 0.676733
vt 0.685992 0.677643
vt 0.692964 0.678574
vt 0.700137 0.679524
vt 0.707527 0.680490
vt 0.715145 0.681468
vt 0.723007 0.682458
vt 0.731127 0.683466
vt 0.739517 0.684503
vt 0.748192 0.685576
vt 0.757165 0.686695
vt 0.766449 0.687869
vt 0.776059 0.689107
vt 0.786008 0.690417
vt 0.796301 0.691807
vt 0.806910 0.693271
vt 0.817799 0.694801
vt 0.828931 0.696390
vt 0.840267 0.698029
vt 0.851759 0.699706
vt 0.863353 0.701409
vt 0.616148 0.673978
vt 0.621870 0.674269
vt 0.627538 0.674718
vt 0.633195 0.675301
vt 0.638881 0.675989
vt 0.644628 0.676763
vt 0.650466 0.677604
vt 0.656423 0.678492
vt 0.662526 0.679412
vt 0.668792 0.680359
vt 0.675233 0.681330
vt 0.681863 0.682322
vt 0.688695 0.683333
vt 0.695743 0.684361
vt 0.703020 0.685403
vt 0.710540 0.686457
vt 0.718316 0.687521
vt 0.726369 0.688607
vt 0.734718 0.689725
vt 0.743385 0.690887
vt 0.752389 0.692104
vt 0.761752 0.693388
vt 0.771493 0.694750
vt 0.781633 0.696203
vt 0.792184 0.697755
vt 0.803129 0.699405
vt 0.814439 0.701148
vt 0.826089 0.702980
vt 0.838043 0.704895
vt 0.850232 0.706874
vt 0.862577 0.708895
vt 0.614473 0.677483
vt 0.619842 0.677838
vt 0.625157 0.678378
vt 0.630477 0.679064
vt 0.635854 0.679858
vt 0.641318 0.680736
vt 0.646897 0.681678
vt 0.652616 0.682664
vt 0.658500 0.683676
vt 0.664561 0.684710
vt 0.670815 0.685764
vt 0.677272 0.686835
vt 0.683946 0.687922
vt 0.690849 0.689022
vt 0.697993 0.690135
vt 0.705392 0.691257
vt 0.713059 0.692390
vt 0.721021 0.693545
vt 0.729304 0.694736
vt 0.737935 0.695978
vt 0.746942 0.697284
vt 0.756352 0.698668
vt 0.766191 0.700146
vt 0.776488 0.701730
vt 0.787264 0.703433
vt 0.798526 0.705263
vt 0.810272 0.707224
vt 0.822505 0.709322
vt 0.835203 0.711555
vt 0.848266 0.713894
vt 0.861572 0.716304
vt 0.612673 0.680750
vt 0.617593 0.681187
vt 0.622501 0.681822
vt 0.627448 0.682625
vt 0.632477 0.683539
vt 0.637633 0.684530
vt 0.642935 0.685578
vt 0.648401 0.686663
vt 0.654049 0.687767
vt 0.659891 0.688887
vt 0.665940 0.690020
vt 0.672206 0.691166
vt 0.678702 0.692324
vt 0.685439 0.693492
vt 0.692429 0.694668
vt 0.699683 0.695853
vt 0.707217 0.697046
vt 0.715060 0.698262
vt 0.723245 0.699517
vt 0.731807 0.700828
vt 0.740778 0.702211
vt 0.750191 0.703683
vt 0.760081 0.705260
vt 0.770479 0.706958
vt 0.781423 0.708795
vt 0.792957 0.710792
vt 0.805129 0.712969
vt 0.817986 0.715347
vt 0.831808 0.718026
vt 0.846380 0.720940
vt 0.861009 0.723861
vt 0.610783 0.683633
vt 0.615096 0.684238
vt 0.619510 0.685020
vt 0.624058 0.685974
vt 0.628716 0.687022
vt 0.633546 0.688134
vt 0.638559 0.689292
vt 0.643760 0.690476
vt 0.649160 0.691671
vt 0.654768 0.692874
vt 0.660596 0.694085
vt 0.666654 0.695302
vt 0.672952 0.696525
vt 0.679501 0.697754
vt 0.686312 0.698987
vt 0.693396 0.700226
vt 0.700767 0.701471
vt 0.708460 0.702739
vt 0.716512 0.704048
vt 0.724963 0.705416
vt 0.733850 0.706862
vt 0.743212 0.708404
vt 0.753087 0.710061
vt 0.763514 0.711851
vt 0.774541 0.713796
vt 0.786259 0.715931
vt 0.798771 0.718298
vt 0.812178 0.720934
vt 0.827408 0.724157
vt 0.844138 0.727864
vt 0.860594 0.731466
vt 0.608787 0.686171
vt 0.612347 0.686996
vt 0.616147 0.687971
vt 0.620251 0.689102
vt 0.624533 0.690298
vt 0.629033 0.691538
vt 0.633748 0.692808
vt 0.638677 0.694091
vt 0.643818 0.695376
vt 0.649179 0.696660
vt 0.654770 0.697944
vt 0.660601 0.699226
vt 0.666681 0.700509
vt 0.673019 0.701792
vt 0.679626 0.703075
vt 0.686511 0.704360
vt 0.693690 0.705648
vt 0.701197 0.706958
vt 0.709076 0.708309
vt 0.717368 0.709720
vt 0.726114 0.711212
vt 0.735356 0.712804
vt 0.745137 0.714517
vt 0.755497 0.716369
vt 0.766496 0.718387
vt 0.778263 0.720619
vt 0.790944 0.723121
vt 0.804686 0.725947
vt 0.821105 0.729643
vt 0.840009 0.734152
vt 0.858830 0.738618
vt 0.604167 0.562500
vt 0.605310 0.564592
vt 0.606682 0.561481
vt 0.609401 0.560416
vt 0.612454 0.559269
vt 0.615969 0.558000
vt 0.619890 0.556645
vt 0.624065 0.555270
vt 0.628484 0.553886
vt 0.633134 0.552503
vt 0.638008 0.551131
vt 0.643110 0.549770
vt 0.648450 0.548418
vt 0.654036 0.547075
vt 0.659876 0.545739
vt 0.665980 0.544410
vt 0.672356 0.543085
vt 0.679012 0.541763
vt 0.685964 0.540441
vt 0.693248 0.539100
vt 0.700907 0.537721
vt 0.708984 0.536282
vt 0.717523 0.534764
vt 0.726566 0.533145
vt 0.736155 0.531406
vt 0.746335 0.529526
vt 0.757168 0.527477
vt 0.768799 0.525206
vt 0.781393 0.522650
vt 0.795115 0.519750
vt 0.812002 0.515816
vt 0.832462 0.510708
vt 0.854221 0.505184
vt 0.875000 0.507812
vt 0.875000 0.500000
vt 0.875000 0.515625
vt 0.875000 0.523438
vt 0.875000 0.531250
vt 0.875000 0.539062
vt 0.875000 0.546875
vt 0.875000 0.554688
vt 0.875000 0.562500
vt 0.875000 0.570313
vt 0.875000 0.578125
vt 0.875000 0.585938
vt 0.875000 0.593750
vt 0.875000 0.601563
vt 0.875000 0.609375
vt 0.875000 0.617188
vt 0.875000 0.625000
vt 0.875000 0.632813
vt 0.875000 0.640625
vt 0.875000 0.648438
vt 0.875000 0.656250
vt 0.875000 0.664063
vt 0.875000 0.671875
vt 0.875000 0.679688
vt 0.875000 0.687500
vt 0.875000 0.695312
vt 0.875000 0.703125
vt 0.875000 0.710938
vt 0.875000 0.718750
vt 0.875000 0.726563
vt 0.875000 0.734375
vt 0.875000 0.742188
vt 0.854221 0.744816
vt 0.875000 0.750000
vt 0.832462 0.739292
vt 0.812002 0.734184
vt 0.795115 0.730250
vt 0.781393 0.727350
vt 0.768799 0.724794
vt 0.757168 0.722523
vt 0.746335 0.720474
vt 0.736155 0.718594
vt 0.726566 0.716855
vt 0.717523 0.715236
vt 0.708984 0.713718
vt 0.700907 0.712279
vt 0.693248 0.710900
vt 0.685964 0.709559
vt 0.679012 0.708237
vt 0.672356 0.706915
vt 0.665980 0.705590
vt 0.659876 0.704261
vt 0.654036 0.702925
vt 0.648450 0.701582
vt 0.643110 0.700230
vt 0.638008 0.698869
vt 0.633134 0.697497
vt 0.628484 0.696114
vt 0.624065 0.694730
vt 0.619890 0.693355
vt 0.615969 0.692000
vt 0.612454 0.690731
vt 0.609401 0.689584
vt 0.606682 0.688519
vt 0.605310 0.685408
vt 0.604167 0.687500
vt 0.606475 0.683093
vt 0.607692 0.680447
vt 0.608994 0.677356
vt 0.610331 0.673876
vt 0.611617 0.670150
vt 0.612831 0.666210
vt 0.613952 0.662081
vt 0.614963 0.657793
vt 0.615856 0.653366
vt 0.616625 0.648820
vt 0.617266 0.644175
vt 0.617772 0.639451
vt 0.618141 0.634667
vt 0.618365 0.629843
vt 0.618441 0.625000
vt 0.618365 0.620157
vt 0.618141 0.615333
vt 0.617772 0.610549
vt 0.617265 0.605825
vt 0.616625 0.601180
vt 0.615856 0.596634
vt 0.614963 0.592207
vt 0.613952 0.587919
vt 0.612831 0.583791
vt 0.611617 0.579850
vt 0.610331 0.576125
vt 0.608994 0.572644
vt 0.607692 0.569553
vt 0.606475 0.566907
vt 0.141170 0.511382
vt 0.139406 0.518534
vt 0.155862 0.522136
vt 0.159991 0.515848
vt 0.172592 0.525843
vt 0.178895 0.520357
vt 0.187822 0.529066
vt 0.195314 0.524053
vt 0.201229 0.531703
vt 0.209056 0.526879
vt 0.213741 0.534069
vt 0.221737 0.529381
vt 0.225460 0.536205
vt 0.233504 0.531613
vt 0.236486 0.538149
vt 0.244503 0.533631
vt 0.246913 0.539939
vt 0.254863 0.535483
vt 0.256788 0.541596
vt 0.264644 0.537196
vt 0.266150 0.543138
vt 0.273886 0.538788
vt 0.275037 0.544584
vt 0.282632 0.540280
vt 0.283488 0.545952
vt 0.290924 0.541691
vt 0.291540 0.547261
vt 0.298803 0.543042
vt 0.299233 0.548529
vt 0.306310 0.544352
vt 0.306604 0.549774
vt 0.313489 0.545641
vt 0.313688 0.551013
vt 0.320374 0.546925
vt 0.320499 0.552247
vt 0.326981 0.548208
vt 0.327048 0.553475
vt 0.333319 0.549491
vt 0.333346 0.554698
vt 0.339399 0.550774
vt 0.339404 0.555915
vt 0.345230 0.552057
vt 0.345232 0.557125
vt 0.350821 0.553340
vt 0.350840 0.558329
vt 0.356182 0.554624
vt 0.356240 0.559524
vt 0.361323 0.555909
vt 0.361442 0.560708
vt 0.366252 0.557192
vt 0.366454 0.561866
vt 0.370967 0.558462
vt 0.371284 0.562978
vt 0.375467 0.559703
vt 0.375942 0.564026
vt 0.379750 0.560898
vt 0.380490 0.564979
vt 0.383853 0.562029
vt 0.384904 0.565762
vt 0.387653 0.563004
vt 0.389217 0.566367
vt 0.391213 0.563830
vt 0.138991 0.526139
vt 0.153620 0.529060
vt 0.168192 0.531974
vt 0.182015 0.534653
vt 0.194871 0.537031
vt 0.207043 0.539208
vt 0.218577 0.541205
vt 0.229521 0.543042
vt 0.239919 0.544740
vt 0.249809 0.546317
vt 0.259222 0.547789
vt 0.268193 0.549172
vt 0.276755 0.550483
vt 0.284940 0.551738
vt 0.292783 0.552954
vt 0.300317 0.554148
vt 0.307571 0.555332
vt 0.314561 0.556508
vt 0.321298 0.557676
vt 0.327794 0.558834
vt 0.334060 0.559980
vt 0.340109 0.561113
vt 0.345951 0.562233
vt 0.351599 0.563338
vt 0.357065 0.564422
vt 0.362367 0.565470
vt 0.367523 0.566461
vt 0.372552 0.567375
vt 0.377499 0.568178
vt 0.382408 0.568813
vt 0.387327 0.569250
vt 0.138428 0.533696
vt 0.151734 0.536106
vt 0.164797 0.538445
vt 0.177496 0.540678
vt 0.189728 0.542776
vt 0.201475 0.544737
vt 0.212736 0.546567
vt 0.223512 0.548270
vt 0.233809 0.549855
vt 0.243648 0.551332
vt 0.253058 0.552716
vt 0.262065 0.554022
vt 0.270696 0.555264
vt 0.278979 0.556455
vt 0.286941 0.557610
vt 0.294608 0.558743
vt 0.302007 0.559865
vt 0.309152 0.560978
vt 0.316054 0.562078
vt 0.322728 0.563165
vt 0.329185 0.564236
vt 0.335439 0.565290
vt 0.341501 0.566324
vt 0.347384 0.567336
vt 0.353103 0.568322
vt 0.358682 0.569264
vt 0.364146 0.570143
vt 0.369523 0.570936
vt 0.374843 0.571622
vt 0.380158 0.572163
vt 0.385527 0.572517
vt 0.137423 0.541105
vt 0.149768 0.543126
vt 0.161957 0.545105
vt 0.173911 0.547020
vt 0.185561 0.548852
vt 0.196871 0.550595
vt 0.207816 0.552245
vt 0.218367 0.553797
vt 0.228507 0.555250
vt 0.238248 0.556612
vt 0.247611 0.557896
vt 0.256615 0.559114
vt 0.265282 0.560275
vt 0.273631 0.561393
vt 0.281684 0.562479
vt 0.289460 0.563543
vt 0.296980 0.564597
vt 0.304257 0.565639
vt 0.311305 0.566667
vt 0.318137 0.567678
vt 0.324767 0.568670
vt 0.331208 0.569641
vt 0.337474 0.570588
vt 0.343577 0.571508
vt 0.349534 0.572397
vt 0.355372 0.573237
vt 0.361119 0.574011
vt 0.366805 0.574699
vt 0.372462 0.575282
vt 0.378130 0.575732
vt 0.383852 0.576022
vt 0.136647 0.548591
vt 0.148241 0.550294
vt 0.159733 0.551971
vt 0.171069 0.553610
vt 0.182201 0.555199
vt 0.193090 0.556729
vt 0.203699 0.558193
vt 0.213992 0.559583
vt 0.223941 0.560893
vt 0.233551 0.562131
vt 0.242835 0.563305
vt 0.251808 0.564424
vt 0.260483 0.565497
vt 0.268873 0.566534
vt 0.276993 0.567542
vt 0.284855 0.568532
vt 0.292474 0.569510
vt 0.299863 0.570476
vt 0.307036 0.571426
vt 0.314009 0.572357
vt 0.320793 0.573267
vt 0.327404 0.574153
vt 0.333856 0.575012
vt 0.340162 0.575840
vt 0.346340 0.576634
vt 0.352415 0.577377
vt 0.358416 0.578055
vt 0.364374 0.578651
vt 0.370317 0.579147
vt 0.376277 0.579525
vt 0.382288 0.579765
vt 0.136047 0.556135
vt 0.147058 0.557574
vt 0.157994 0.558997
vt 0.168819 0.560396
vt 0.179497 0.561762
vt 0.189992 0.563088
vt 0.200269 0.564366
vt 0.210293 0.565589
vt 0.220036 0.566752
vt 0.229498 0.567859
vt 0.238686 0.568917
vt 0.247608 0.569931
vt 0.256270 0.570909
vt 0.264681 0.571858
vt 0.272846 0.572783
vt 0.280774 0.573692
vt 0.288472 0.574589
vt 0.295955 0.575473
vt 0.303235 0.576340
vt 0.310329 0.577188
vt 0.317250 0.578013
vt 0.324013 0.578812
vt 0.330632 0.579582
vt 0.337122 0.580320
vt 0.343500 0.581021
vt 0.349789 0.581673
vt 0.356016 0.582262
vt 0.362209 0.582776
vt 0.368394 0.583199
vt 0.374597 0.583518
vt 0.380847 0.583720
vt 0.135575 0.563720
vt 0.146120 0.564934
vt 0.156609 0.566136
vt 0.167010 0.567322
vt 0.177297 0.568485
vt 0.187439 0.569619
vt 0.197408 0.570719
vt 0.207176 0.571779
vt 0.216718 0.572795
vt 0.226031 0.573770
vt 0.235117 0.574708
vt 0.243978 0.575614
vt 0.252615 0.576492
vt 0.261029 0.577347
vt 0.269224 0.578183
vt 0.277199 0.579005
vt 0.284960 0.579816
vt 0.292518 0.580613
vt 0.299889 0.581394
vt 0.307086 0.582155
vt 0.314126 0.582893
vt 0.321021 0.583605
vt 0.327788 0.584287
vt 0.334441 0.584936
vt 0.340995 0.585548
vt 0.347473 0.586113
vt 0.353898 0.586620
vt 0.360293 0.587059
vt 0.366682 0.587419
vt 0.373089 0.587690
vt 0.379536 0.587860
vt 0.135186 0.571330
vt 0.145348 0.572343
vt 0.155465 0.573349
vt 0.165513 0.574342
vt 0.175469 0.575319
vt 0.185310 0.576277
vt 0.195014 0.577211
vt 0.204557 0.578116
vt 0.213920 0.578991
vt 0.223097 0.579836
vt 0.232086 0.580655
vt 0.240883 0.581451
vt 0.249487 0.582226
vt 0.257895 0.582983
vt 0.266104 0.583725
vt 0.274113 0.584455
vt 0.281920 0.585175
vt 0.289539 0.585882
vt 0.296983 0.586573
vt 0.304268 0.587244
vt 0.311408 0.587894
vt 0.318417 0.588517
vt 0.325310 0.589112
vt 0.332101 0.589675
vt 0.338807 0.590201
vt 0.345447 0.590684
vt 0.352041 0.591115
vt 0.358609 0.591486
vt 0.365173 0.591789
vt 0.371751 0.592016
vt 0.378366 0.592158
vt 0.134867 0.578960
vt 0.144715 0.579792
vt 0.154527 0.580619
vt 0.164284 0.581438
vt 0.173967 0.582246
vt 0.183559 0.583041
vt 0.193041 0.583820
vt 0.202394 0.584579
vt 0.211603 0.585318
vt 0.220659 0.586037
vt 0.229558 0.586738
vt 0.238294 0.587423
vt 0.246861 0.588092
vt 0.255254 0.588748
vt 0.263468 0.589392
vt 0.271496 0.590025
vt 0.279338 0.590649
vt 0.287003 0.591262
vt 0.294507 0.591860
vt 0.301863 0.592440
vt 0.309085 0.592999
vt 0.316189 0.593535
vt 0.323188 0.594043
vt 0.330097 0.594521
vt 0.336930 0.594966
vt 0.343705 0.595371
vt 0.350440 0.595731
vt 0.357153 0.596040
vt 0.363862 0.596291
vt 0.370585 0.596477
vt 0.377340 0.596594
vt 0.134613 0.586607
vt 0.144211 0.587275
vt 0.153779 0.587940
vt 0.163303 0.588599
vt 0.172767 0.589252
vt 0.182156 0.589896
vt 0.191457 0.590529
vt 0.200654 0.591151
vt 0.209733 0.591759
vt 0.218685 0.592354
vt 0.227504 0.592938
vt 0.236182 0.593509
vt 0.244711 0.594071
vt 0.253084 0.594622
vt 0.261294 0.595164
vt 0.269332 0.595698
vt 0.277197 0.596223
vt 0.284896 0.596739
vt 0.292446 0.597241
vt 0.299858 0.597727
vt 0.307148 0.598195
vt 0.314329 0.598642
vt 0.321415 0.599064
vt 0.328419 0.599460
vt 0.335357 0.599826
vt 0.342243 0.600158
vt 0.349094 0.600451
vt 0.355925 0.600701
vt 0.362753 0.600904
vt 0.369593 0.601054
vt 0.376462 0.601148
vt 0.134418 0.594269
vt 0.143823 0.594786
vt 0.153204 0.595302
vt 0.162547 0.595814
vt 0.171841 0.596323
vt 0.181074 0.596826
vt 0.190232 0.597323
vt 0.199303 0.597812
vt 0.208276 0.598294
vt 0.217142 0.598768
vt 0.225892 0.599234
vt 0.234517 0.599692
vt 0.243010 0.600143
vt 0.251360 0.600588
vt 0.259561 0.601025
vt 0.267602 0.601456
vt 0.275480 0.601879
vt 0.283204 0.602295
vt 0.290788 0.602699
vt 0.298244 0.603090
vt 0.305586 0.603466
vt 0.312828 0.603823
vt 0.319982 0.604161
vt 0.327062 0.604476
vt 0.334082 0.604765
vt 0.341056 0.605027
vt 0.347998 0.605257
vt 0.354922 0.605453
vt 0.361844 0.605611
vt 0.368777 0.605728
vt 0.375735 0.605800
vt 0.134276 0.601942
vt 0.143541 0.602320
vt 0.152785 0.602697
vt 0.161997 0.603073
vt 0.171166 0.603446
vt 0.180281 0.603816
vt 0.189333 0.604183
vt 0.198310 0.604546
vt 0.207201 0.604905
vt 0.215999 0.605258
vt 0.224692 0.605608
vt 0.233273 0.605952
vt 0.241732 0.606292
vt 0.250060 0.606626
vt 0.258249 0.606957
vt 0.266288 0.607282
vt 0.274173 0.607602
vt 0.281913 0.607915
vt 0.289520 0.608220
vt 0.297008 0.608515
vt 0.304389 0.608797
vt 0.311676 0.609065
vt 0.318882 0.609318
vt 0.326019 0.609553
vt 0.333100 0.609768
vt 0.340140 0.609962
vt 0.347150 0.610133
vt 0.354144 0.610277
vt 0.361136 0.610393
vt 0.368138 0.610478
vt 0.375164 0.610531
vt 0.134182 0.609623
vt 0.143354 0.609871
vt 0.152506 0.610118
vt 0.161630 0.610364
vt 0.170715 0.610609
vt 0.179751 0.610852
vt 0.188730 0.611094
vt 0.197641 0.611334
vt 0.206475 0.611572
vt 0.215222 0.611807
vt 0.223873 0.612039
vt 0.232419 0.612269
vt 0.240852 0.612496
vt 0.249161 0.612720
vt 0.257337 0.612942
vt 0.265372 0.613159
vt 0.273259 0.613374
vt 0.281008 0.613583
vt 0.288631 0.613787
vt 0.296140 0.613984
vt 0.303547 0.614173
vt 0.310865 0.614352
vt 0.318106 0.614520
vt 0.325282 0.614676
vt 0.332406 0.614819
vt 0.339491 0.614947
vt 0.346548 0.615060
vt 0.353590 0.615155
vt 0.360630 0.615231
vt 0.367680 0.615287
vt 0.374752 0.615321
vt 0.134129 0.617310
vt 0.143249 0.617432
vt 0.152351 0.617555
vt 0.161425 0.617676
vt 0.170463 0.617798
vt 0.179455 0.617919
vt 0.188391 0.618039
vt 0.197264 0.618158
vt 0.206063 0.618276
vt 0.214779 0.618394
vt 0.223404 0.618510
vt 0.231928 0.618625
vt 0.240343 0.618739
vt 0.248638 0.618851
vt 0.256805 0.618962
vt 0.264835 0.619071
vt 0.272723 0.619179
vt 0.280476 0.619284
vt 0.288106 0.619386
vt 0.295627 0.619485
vt 0.303049 0.619579
vt 0.310385 0.619668
vt 0.317646 0.619752
vt 0.324845 0.619830
vt 0.331994 0.619902
vt 0.339104 0.619965
vt 0.346188 0.620021
vt 0.353258 0.620068
vt 0.360326 0.620106
vt 0.367403 0.620134
vt 0.374502 0.620151
vt 0.134113 0.625000
vt 0.143217 0.625000
vt 0.152303 0.625000
vt 0.161362 0.625000
vt 0.170385 0.625000
vt 0.179362 0.625000
vt 0.188285 0.625000
vt 0.197145 0.625000
vt 0.205933 0.625000
vt 0.214639 0.625000
vt 0.223255 0.625000
vt 0.231771 0.625000
vt 0.240179 0.625000
vt 0.248469 0.625000
vt 0.256633 0.625000
vt 0.264661 0.625000
vt 0.272547 0.625000
vt 0.280301 0.625000
vt 0.287934 0.625000
vt 0.295458 0.625000
vt 0.302885 0.625000
vt 0.310227 0.625000
vt 0.317495 0.625000
vt 0.324701 0.625000
vt 0.331858 0.625000
vt 0.338976 0.625000
vt 0.346069 0.625000
vt 0.353148 0.625000
vt 0.360224 0.625000
vt 0.367310 0.625000
vt 0.374418 0.625000
vt 0.134129 0.632690
vt 0.143249 0.632568
vt 0.152351 0.632445
vt 0.161425 0.632324
vt 0.170463 0.632202
vt 0.179455 0.632081
vt 0.188391 0.631961
vt 0.197264 0.631842
vt 0.206063 0.631724
vt 0.214779 0.631606
vt 0.223404 0.631490
vt 0.231928 0.631375
vt 0.240343 0.631261
vt 0.248638 0.631149
vt 0.256805 0.631038
vt 0.264835 0.630929
vt 0.272723 0.630821
vt 0.280476 0.630716
vt 0.288106 0.630614
vt 0.295627 0.630515
vt 0.303049 0.630421
vt 0.310385 0.630332
vt 0.317646 0.630248
vt 0.324845 0.630170
vt 0.331994 0.630098
vt 0.339104 0.630035
vt 0.346188 0.629979
vt 0.353258 0.629932
vt 0.360326 0.629894
vt 0.367403 0.629866
vt 0.374502 0.629849
vt 0.134182 0.640377
vt 0.143354 0.640130
vt 0.152506 0.639882
vt 0.161630 0.639636
vt 0.170715 0.639391
vt 0.179751 0.639148
vt 0.188730 0.638906
vt 0.197641 0.638666
vt 0.206475 0.638428
vt 0.215222 0.638193
vt 0.223873 0.637961
vt 0.232419 0.637731
vt 0.240852 0.637504
vt 0.249161 0.637280
vt 0.257337 0.637058
vt 0.265372 0.636841
vt 0.273259 0.636626
vt 0.281008 0.636416
vt 0.288631 0.636213
vt 0.296140 0.636016
vt 0.303547 0.635827
vt 0.310865 0.635648
vt 0.318106 0.635480
vt 0.325282 0.635324
vt 0.332406 0.635181
vt 0.339491 0.635053
vt 0.346548 0.634940
vt 0.353590 0.634846
vt 0.360630 0.634769
vt 0.367680 0.634713
vt 0.374752 0.634679
vt 0.134276 0.648059
vt 0.143541 0.647680
vt 0.152785 0.647303
vt 0.161997 0.646927
vt 0.171166 0.646554
vt 0.180281 0.646184
vt 0.189333 0.645817
vt 0.198310 0.645454
vt 0.207201 0.645095
vt 0.215999 0.644742
vt 0.224692 0.644392
vt 0.233273 0.644048
vt 0.241732 0.643708
vt 0.250060 0.643374
vt 0.258249 0.643043
vt 0.266288 0.642718
vt 0.274173 0.642398
vt 0.281913 0.642085
vt 0.289520 0.641780
vt 0.297008 0.641486
vt 0.304389 0.641203
vt 0.311676 0.640935
vt 0.318882 0.640682
vt 0.326019 0.640447
vt 0.333101 0.640232
vt 0.340140 0.640038
vt 0.347150 0.639868
vt 0.354144 0.639723
vt 0.361136 0.639607
vt 0.368138 0.639522
vt 0.375164 0.639469
vt 0.134418 0.655731
vt 0.143823 0.655214
vt 0.153204 0.654698
vt 0.162547 0.654186
vt 0.171841 0.653678
vt 0.181074 0.653174
vt 0.190232 0.652677
vt 0.199303 0.652188
vt 0.208276 0.651706
vt 0.217142 0.651232
vt 0.225892 0.650766
vt 0.234517 0.650308
vt 0.243010 0.649857
vt 0.251360 0.649413
vt 0.259561 0.648975
vt 0.267602 0.648544
vt 0.275480 0.648121
vt 0.283204 0.647705
vt 0.290788 0.647301
vt 0.298244 0.646910
vt 0.305586 0.646534
vt 0.312828 0.646177
vt 0.319982 0.645839
vt 0.327062 0.645525
vt 0.334082 0.645235
vt 0.341056 0.644973
vt 0.347998 0.644743
vt 0.354922 0.644547
vt 0.361844 0.644389
vt 0.368777 0.644272
vt 0.375735 0.644200
vt 0.134613 0.663393
vt 0.144211 0.662725
vt 0.153779 0.662060
vt 0.163303 0.661401
vt 0.172767 0.660748
vt 0.182156 0.660105
vt 0.191457 0.659471
vt 0.200654 0.658849
vt 0.209733 0.658241
vt 0.218685 0.657646
vt 0.227504 0.657062
vt 0.236182 0.656491
vt 0.244711 0.655930
vt 0.253084 0.655378
vt 0.261294 0.654836
vt 0.269332 0.654302
vt 0.277197 0.653777
vt 0.284896 0.653262
vt 0.292446 0.652759
vt 0.299858 0.652273
vt 0.307148 0.651805
vt 0.314329 0.651359
vt 0.321415 0.650936
vt 0.328419 0.650540
vt 0.335357 0.650174
vt 0.342243 0.649842
vt 0.349094 0.649549
vt 0.355925 0.649299
vt 0.362753 0.649096
vt 0.369593 0.648946
vt 0.376462 0.648852
vt 0.134867 0.671040
vt 0.144715 0.670208
vt 0.154527 0.669381
vt 0.164284 0.668562
vt 0.173967 0.667754
vt 0.183559 0.666959
vt 0.193041 0.666181
vt 0.202394 0.665421
vt 0.211603 0.664682
vt 0.220659 0.663963
vt 0.229558 0.663262
vt 0.238294 0.662577
vt 0.246861 0.661908
vt 0.255254 0.661252
vt 0.263468 0.660609
vt 0.271496 0.659975
vt 0.279338 0.659351
vt 0.287003 0.658738
vt 0.294507 0.658140
vt 0.301863 0.657560
vt 0.309085 0.657001
vt 0.316189 0.656466
vt 0.323188 0.655957
vt 0.330097 0.655479
vt 0.336930 0.655034
vt 0.343705 0.654629
vt 0.350440 0.654269
vt 0.357153 0.653960
vt 0.363862 0.653710
vt 0.370585 0.653523
vt 0.377340 0.653406
vt 0.135186 0.678670
vt 0.145348 0.677657
vt 0.155465 0.676651
vt 0.165513 0.675658
vt 0.175469 0.674681
vt 0.185310 0.673723
vt 0.195014 0.672790
vt 0.204557 0.671884
vt 0.213920 0.671009
vt 0.223097 0.670164
vt 0.232086 0.669345
vt 0.240883 0.668549
vt 0.249487 0.667774
vt 0.257895 0.667017
vt 0.266104 0.666275
vt 0.274113 0.665545
vt 0.281920 0.664825
vt 0.289539 0.664118
vt 0.296984 0.663428
vt 0.304268 0.662756
vt 0.311408 0.662106
vt 0.318417 0.661483
vt 0.325310 0.660888
vt 0.332102 0.660325
vt 0.338807 0.659799
vt 0.345447 0.659316
vt 0.352041 0.658885
vt 0.358609 0.658514
vt 0.365173 0.658211
vt 0.371751 0.657984
vt 0.378366 0.657842
vt 0.135575 0.686280
vt 0.146120 0.685066
vt 0.156609 0.683864
vt 0.167010 0.682678
vt 0.177297 0.681515
vt 0.187439 0.680381
vt 0.197408 0.679281
vt 0.207176 0.678221
vt 0.216718 0.677205
vt 0.226031 0.676230
vt 0.235117 0.675292
vt 0.243978 0.674386
vt 0.252615 0.673508
vt 0.261029 0.672653
vt 0.269224 0.671817
vt 0.277199 0.670995
vt 0.284960 0.670184
vt 0.292518 0.669387
vt 0.299889 0.668606
vt 0.307086 0.667845
vt 0.314126 0.667107
vt 0.321021 0.666395
vt 0.327788 0.665713
vt 0.334441 0.665064
vt 0.340995 0.664452
vt 0.347473 0.663887
vt 0.353898 0.663380
vt 0.360293 0.662941
vt 0.366682 0.662581
vt 0.373089 0.662310
vt 0.379536 0.662140
vt 0.136047 0.693865
vt 0.147058 0.692426
vt 0.157994 0.691003
vt 0.168819 0.689604
vt 0.179497 0.688238
vt 0.189992 0.686912
vt 0.200269 0.685634
vt 0.210293 0.684411
vt 0.220036 0.683248
vt 0.229498 0.682141
vt 0.238686 0.681083
vt 0.247608 0.680069
vt 0.256270 0.679091
vt 0.264681 0.678142
vt 0.272846 0.677217
vt 0.280774 0.676308
vt 0.288472 0.675411
vt 0.295955 0.674528
vt 0.303235 0.673660
vt 0.310329 0.672812
vt 0.317250 0.671987
vt 0.324013 0.671188
vt 0.330632 0.670418
vt 0.337122 0.669680
vt 0.343500 0.668979
vt 0.349789 0.668327
vt 0.356017 0.667738
vt 0.362209 0.667225
vt 0.368394 0.666801
vt 0.374597 0.666482
vt 0.380847 0.666280
vt 0.136647 0.701409
vt 0.148241 0.699706
vt 0.159733 0.698029
vt 0.171069 0.696390
vt 0.182201 0.694801
vt 0.193090 0.693271
vt 0.203699 0.691807
vt 0.213992 0.690417
vt 0.223941 0.689107
vt 0.233551 0.687869
vt 0.242835 0.686695
vt 0.251808 0.685576
vt 0.260483 0.684503
vt 0.268873 0.683466
vt 0.276993 0.682458
vt 0.284855 0.681468
vt 0.292474 0.680490
vt 0.299863 0.679524
vt 0.307036 0.678574
vt 0.314009 0.677643
vt 0.320793 0.676733
vt 0.327404 0.675847
vt 0.333856 0.674989
vt 0.340162 0.674160
vt 0.346340 0.673366
vt 0.352415 0.672623
vt 0.358416 0.671945
vt 0.364374 0.671349
vt 0.370317 0.670853
vt 0.376277 0.670476
vt 0.382288 0.670235
vt 0.137423 0.708895
vt 0.149768 0.706874
vt 0.161957 0.704895
vt 0.173911 0.702980
vt 0.185561 0.701148
vt 0.196871 0.699405
vt 0.207816 0.697755
vt 0.218367 0.696203
vt 0.228507 0.694750
vt 0.238248 0.693388
vt 0.247611 0.692104
vt 0.256615 0.690887
vt 0.265282 0.689725
vt 0.273631 0.688607
vt 0.281684 0.687521
vt 0.289460 0.686457
vt 0.296980 0.685403
vt 0.304257 0.684361
vt 0.311305 0.683333
vt 0.318137 0.682322
vt 0.324767 0.681330
vt 0.331208 0.680359
vt 0.337474 0.679412
vt 0.343577 0.678492
vt 0.349534 0.677604
vt 0.355372 0.676763
vt 0.361119 0.675989
vt 0.366805 0.675301
vt 0.372462 0.674718
vt 0.378130 0.674269
vt 0.383852 0.673978
vt 0.138428 0.716304
vt 0.151734 0.713894
vt 0.164797 0.711555
vt 0.177496 0.709322
vt 0.189728 0.707224
vt 0.201475 0.705263
vt 0.212736 0.703433
vt 0.223512 0.701730
vt 0.233809 0.700145
vt 0.243648 0.698668
vt 0.253058 0.697284
vt 0.262065 0.695978
vt 0.270696 0.694736
vt 0.278979 0.693545
vt 0.286941 0.692390
vt 0.294608 0.691257
vt 0.302007 0.690135
vt 0.309152 0.689022
vt 0.316054 0.687922
vt 0.322728 0.686835
vt 0.329185 0.685764
vt 0.335439 0.684710
vt 0.341501 0.683676
vt 0.347384 0.682664
vt 0.353103 0.681678
vt 0.358682 0.680736
vt 0.364146 0.679858
vt 0.369523 0.679064
vt 0.374843 0.678378
vt 0.380158 0.677838
vt 0.385527 0.677483
vt 0.138991 0.723861
vt 0.153620 0.720940
vt 0.168192 0.718026
vt 0.182015 0.715347
vt 0.194871 0.712969
vt 0.207043 0.710792
vt 0.218577 0.708796
vt 0.229521 0.706958
vt 0.239919 0.705260
vt 0.249809 0.703683
vt 0.259222 0.702211
vt 0.268193 0.700828
vt 0.276755 0.699517
vt 0.284940 0.698262
vt 0.292783 0.697046
vt 0.300317 0.695853
vt 0.307571 0.694668
vt 0.314561 0.693492
vt 0.321298 0.692324
vt 0.327794 0.691167
vt 0.334060 0.690020
vt 0.340109 0.688887
vt 0.345951 0.687767
vt 0.351599 0.686663
vt 0.357065 0.685578
vt 0.362367 0.684530
vt 0.367523 0.683539
vt 0.372552 0.682625
vt 0.377499 0.681822
vt 0.382408 0.681187
vt 0.387327 0.680750
vt 0.139406 0.731466
vt 0.155862 0.727864
vt 0.172592 0.724157
vt 0.187822 0.720934
vt 0.201229 0.718298
vt 0.213741 0.715931
vt 0.225459 0.713796
vt 0.236486 0.711851
vt 0.246913 0.710061
vt 0.256788 0.708404
vt 0.266150 0.706862
vt 0.275037 0.705416
vt 0.283488 0.704048
vt 0.291540 0.702739
vt 0.299233 0.701471
vt 0.306604 0.700226
vt 0.313688 0.698987
vt 0.320499 0.697754
vt 0.327048 0.696525
vt 0.333346 0.695302
vt 0.339404 0.694085
vt 0.345232 0.692875
vt 0.350840 0.691671
vt 0.356240 0.690476
vt 0.361442 0.689292
vt 0.366454 0.688134
vt 0.371284 0.687022
vt 0.375942 0.685974
vt 0.380490 0.685021
vt 0.384904 0.684238
vt 0.389217 0.683633
vt 0.141170 0.738618
vt 0.159991 0.734152
vt 0.178895 0.729643
vt 0.195314 0.725947
vt 0.209056 0.723121
vt 0.221737 0.720619
vt 0.233504 0.718387
vt 0.244503 0.716369
vt 0.254863 0.714517
vt 0.264644 0.712804
vt 0.273886 0.711212
vt 0.282633 0.709720
vt 0.290924 0.708309
vt 0.298803 0.706958
vt 0.306310 0.705648
vt 0.313489 0.704360
vt 0.320374 0.703075
vt 0.326981 0.701792
vt 0.333319 0.700509
vt 0.339399 0.699226
vt 0.345230 0.697944
vt 0.350821 0.696660
vt 0.356182 0.695377
vt 0.361323 0.694092
vt 0.366252 0.692808
vt 0.370967 0.691538
vt 0.375467 0.690298
vt 0.379750 0.689102
vt 0.383853 0.687972
vt 0.387653 0.686996
vt 0.391213 0.686171
vt 0.125000 0.500000
vt 0.125000 0.507812
vt 0.145779 0.505184
vt 0.167538 0.510708
vt 0.187998 0.515816
vt 0.204885 0.519750
vt 0.218607 0.522650
vt 0.231201 0.525206
vt 0.242832 0.527477
vt 0.253665 0.529526
vt 0.263845 0.531406
vt 0.273435 0.533145
vt 0.282477 0.534764
vt 0.291016 0.536282
vt 0.299093 0.537721
vt 0.306752 0.539100
vt 0.314036 0.540441
vt 0.320988 0.541763
vt 0.327644 0.543085
vt 0.334020 0.544410
vt 0.340124 0.545739
vt 0.345964 0.547075
vt 0.351550 0.548418
vt 0.356890 0.549770
vt 0.361992 0.551131
vt 0.366866 0.552503
vt 0.371516 0.553886
vt 0.375935 0.555270
vt 0.380110 0.556645
vt 0.384031 0.558000
vt 0.387546 0.559269
vt 0.390599 0.560416
vt 0.393318 0.561481
vt 0.394690 0.564592
vt 0.395833 0.562500
vt 0.393525 0.566907
vt 0.392308 0.569553
vt 0.391006 0.572644
vt 0.389670 0.576125
vt 0.388384 0.579850
vt 0.387169 0.583791
vt 0.386048 0.587919
vt 0.385037 0.592207
vt 0.384144 0.596634
vt 0.383375 0.601180
vt 0.382735 0.605825
vt 0.382228 0.610549
vt 0.381859 0.615333
vt 0.381635 0.620157
vt 0.381559 0.625000
vt 0.381635 0.629843
vt 0.381859 0.634667
vt 0.382228 0.639451
vt 0.382735 0.644175
vt 0.383375 0.648820
vt 0.384144 0.653366
vt 0.385037 0.657793
vt 0.386048 0.662081
vt 0.387169 0.666210
vt 0.388384 0.670150
vt 0.389670 0.673876
vt 0.391006 0.677356
vt 0.392308 0.680447
vt 0.393525 0.683093
vt 0.394690 0.685408
vt 0.393318 0.688519
vt 0.395833 0.687500
vt 0.390599 0.689584
vt 0.387546 0.690731
vt 0.384031 0.692000
vt 0.380110 0.693355
vt 0.375935 0.694730
vt 0.371516 0.696114
vt 0.366866 0.697497
vt 0.361992 0.698869
vt 0.356890 0.700230
vt 0.351550 0.701582
vt 0.345964 0.702925
vt 0.340124 0.704261
vt 0.334020 0.705590
vt 0.327644 0.706915
vt 0.320988 0.708237
vt 0.314036 0.709559
vt 0.306752 0.710900
vt 0.299093 0.712279
vt 0.291016 0.713718
vt 0.282477 0.715236
vt 0.273435 0.716855
vt 0.263845 0.718594
vt 0.253665 0.720474
vt 0.242832 0.722523
vt 0.231201 0.724794
vt 0.218607 0.727350
vt 0.204885 0.730250
vt 0.187998 0.734184
vt 0.167538 0.739292
vt 0.145779 0.744816
vt 0.125000 0.742188
vt 0.125000 0.750000
vt 0.125000 0.734375
vt 0.125000 0.726563
vt 0.125000 0.718750
vt 0.125000 0.710938
vt 0.125000 0.703125
vt 0.125000 0.695312
vt 0.125000 0.687500
vt 0.125000 0.679688
vt 0.125000 0.671875
vt 0.125000 0.664063
vt 0.125000 0.656250
vt 0.125000 0.648438
vt 0.125000 0.640625
vt 0.125000 0.632813
vt 0.125000 0.625000
vt 0.125000 0.617188
vt 0.125000 0.609375
vt 0.125000 0.601563
vt 0.125000 0.593750
vt 0.125000 0.585938
vt 0.125000 0.578125
vt 0.125000 0.570313
vt 0.125000 0.562500
vt 0.125000 0.554688
vt 0.125000 0.546875
vt 0.125000 0.539062
vt 0.125000 0.531250
vt 0.125000 0.523438
vt 0.125000 0.515625
vt 0.148438 0.507813
vt 0.171875 0.507812
vt 0.171875 0.515625
vt 0.148438 0.515625
vt 0.171875 0.523438
vt 0.148438 0.523438
vt 0.171875 0.531250
vt 0.148438 0.531250
vt 0.171875 0.539063
vt 0.148438 0.539062
vt 0.171875 0.546875
vt 0.148438 0.546875
vt 0.171875 0.554688
vt 0.148438 0.554688
vt 0.171875 0.562500
vt 0.148438 0.562500
vt 0.171875 0.570313
vt 0.148438 0.570313
vt 0.171875 0.578125
vt 0.148437 0.578125
vt 0.171875 0.585938
vt 0.148438 0.585938
vt 0.171875 0.593750
vt 0.148438 0.593750
vt 0.171875 0.601562
vt 0.148438 0.601563
vt 0.171875 0.609375
vt 0.148438 0.609375
vt 0.171875 0.617188
vt 0.148438 0.617188
vt 0.171875 0.625000
vt 0.148438 0.625000
vt 0.171875 0.632813
vt 0.148438 0.632812
vt 0.171875 0.640625
vt 0.148437 0.640625
vt 0.171875 0.648438
vt 0.148438 0.648438
vt 0.171875 0.656250
vt 0.148438 0.656250
vt 0.171875 0.664063
vt 0.148438 0.664063
vt 0.171875 0.671875
vt 0.148438 0.671875
vt 0.171875 0.679688
vt 0.148438 0.679687
vt 0.171875 0.687500
vt 0.148438 0.687500
vt 0.171875 0.695313
vt 0.148438 0.695312
vt 0.171875 0.703125
vt 0.148438 0.703125
vt 0.171875 0.710938
vt 0.148438 0.710938
vt 0.171875 0.718750
vt 0.148438 0.718750
vt 0.171875 0.726563
vt 0.148438 0.726562
vt 0.171875 0.734375
vt 0.148438 0.734375
vt 0.171875 0.742188
vt 0.148438 0.742188
vt 0.195312 0.507813
vt 0.195313 0.515625
vt 0.195312 0.523438
vt 0.195313 0.531250
vt 0.195312 0.539062
vt 0.195313 0.546875
vt 0.195312 0.554688
vt 0.195313 0.562500
vt 0.195313 0.570312
vt 0.195313 0.578125
vt 0.195313 0.585938
vt 0.195313 0.593750
vt 0.195313 0.601563
vt 0.195313 0.609375
vt 0.195313 0.617188
vt 0.195313 0.625000
vt 0.195313 0.632813
vt 0.195313 0.640625
vt 0.195313 0.648438
vt 0.195313 0.656250
vt 0.195313 0.664063
vt 0.195313 0.671875
vt 0.195313 0.679688
vt 0.195313 0.687500
vt 0.195312 0.695312
vt 0.195313 0.703125
vt 0.195312 0.710938
vt 0.195313 0.718750
vt 0.195312 0.726562
vt 0.195313 0.734375
vt 0.195312 0.742188
vt 0.218750 0.507813
vt 0.218750 0.515625
vt 0.218750 0.523438
vt 0.218750 0.531250
vt 0.218750 0.539062
vt 0.218750 0.546875
vt 0.218750 0.554688
vt 0.218750 0.562500
vt 0.218750 0.570313
vt 0.218750 0.578125
vt 0.218750 0.585938
vt 0.218750 0.593750
vt 0.218750 0.601563
vt 0.218750 0.609375
vt 0.218750 0.617188
vt 0.218750 0.625000
vt 0.218750 0.632813
vt 0.218750 0.640625
vt 0.218750 0.648438
vt 0.218750 0.656250
vt 0.218750 0.664063
vt 0.218750 0.671875
vt 0.218750 0.679688
vt 0.218750 0.687500
vt 0.218750 0.695312
vt 0.218750 0.703125
vt 0.218750 0.710938
vt 0.218750 0.718750
vt 0.218750 0.726563
vt 0.218750 0.734375
vt 0.218750 0.742188
vt 0.242188 0.507813
vt 0.242188 0.515625
vt 0.242188 0.523438
vt 0.242188 0.531250
vt 0.242188 0.539062
vt 0.242188 0.546875
vt 0.242188 0.554688
vt 0.242188 0.562500
vt 0.242188 0.570312
vt 0.242188 0.578125
vt 0.242188 0.585938
vt 0.242188 0.593750
vt 0.242188 0.601562
vt 0.242188 0.609375
vt 0.242187 0.617188
vt 0.242188 0.625000
vt 0.242188 0.632813
vt 0.242188 0.640625
vt 0.242188 0.648438
vt 0.242188 0.656250
vt 0.242188 0.664062
vt 0.242188 0.671875
vt 0.242187 0.679688
vt 0.242188 0.687500
vt 0.242188 0.695313
vt 0.242188 0.703125
vt 0.242188 0.710938
vt 0.242188 0.718750
vt 0.242188 0.726562
vt 0.242188 0.734375
vt 0.242188 0.742188
vt 0.265625 0.507813
vt 0.265625 0.515625
vt 0.265625 0.523438
vt 0.265625 0.531250
vt 0.265625 0.539062
vt 0.265625 0.546875
vt 0.265625 0.554688
vt 0.265625 0.562500
vt 0.265625 0.570313
vt 0.265625 0.578125
vt 0.265625 0.585938
vt 0.265625 0.593750
vt 0.265625 0.601563
vt 0.265625 0.609375
vt 0.265625 0.617188
vt 0.265625 0.625000
vt 0.265625 0.632813
vt 0.265625 0.640625
vt 0.265625 0.648438
vt 0.265625 0.656250
vt 0.265625 0.664063
vt 0.265625 0.671875
vt 0.265625 0.679688
vt 0.265625 0.687500
vt 0.265625 0.695313
vt 0.265625 0.703125
vt 0.265625 0.710938
vt 0.265625 0.718750
vt 0.265625 0.726563
vt 0.265625 0.734375
vt 0.265625 0.742188
vt 0.289063 0.507813
vt 0.289063 0.515625
vt 0.289062 0.523438
vt 0.289063 0.531250
vt 0.289063 0.539063
vt 0.289063 0.546875
vt 0.289062 0.554688
vt 0.289062 0.562500
vt 0.289063 0.570313
vt 0.289063 0.578125
vt 0.289062 0.585938
vt 0.289063 0.593750
vt 0.289063 0.601563
vt 0.289062 0.609375
vt 0.289063 0.617188
vt 0.289062 0.625000
vt 0.289063 0.632812
vt 0.289063 0.640625
vt 0.289062 0.648438
vt 0.289063 0.656250
vt 0.289063 0.664063
vt 0.289062 0.671875
vt 0.289063 0.679688
vt 0.289063 0.687500
vt 0.289063 0.695312
vt 0.289063 0.703125
vt 0.289062 0.710938
vt 0.289063 0.718750
vt 0.289063 0.726563
vt 0.289063 0.734375
vt 0.289062 0.742188
vt 0.312500 0.507812
vt 0.312500 0.515625
vt 0.312500 0.523438
vt 0.312500 0.531250
vt 0.312500 0.539063
vt 0.312500 0.546875
vt 0.312500 0.554688
vt 0.312500 0.562500
vt 0.312500 0.570313
vt 0.312500 0.578125
vt 0.312500 0.585938
vt 0.312500 0.593750
vt 0.312500 0.601563
vt 0.312500 0.609375
vt 0.312500 0.617188
vt 0.312500 0.625000
vt 0.312500 0.632813
vt 0.312500 0.640625
vt 0.312500 0.648438
vt 0.312500 0.656250
vt 0.312500 0.664062
vt 0.312500 0.671875
vt 0.312500 0.679688
vt 0.312500 0.687500
vt 0.312500 0.695313
vt 0.312500 0.703125
vt 0.312500 0.710938
vt 0.312500 0.718750
vt 0.312500 0.726563
vt 0.312500 0.734375
vt 0.312500 0.742188
vt 0.335938 0.507813
vt 0.335938 0.515625
vt 0.335938 0.523438
vt 0.335938 0.531250
vt 0.335938 0.539062
vt 0.335938 0.546875
vt 0.335938 0.554688
vt 0.335938 0.562500
vt 0.335937 0.570313
vt 0.335938 0.578125
vt 0.335938 0.585938
vt 0.335938 0.593750
vt 0.335938 0.601563
vt 0.335938 0.609375
vt 0.335937 0.617188
vt 0.335938 0.625000
vt 0.335937 0.632813
vt 0.335938 0.640625
vt 0.335938 0.648438
vt 0.335938 0.656250
vt 0.335938 0.664063
vt 0.335938 0.671875
vt 0.335937 0.679688
vt 0.335938 0.687500
vt 0.335938 0.695313
vt 0.335938 0.703125
vt 0.335938 0.710938
vt 0.335938 0.718750
vt 0.335938 0.726562
vt 0.335938 0.734375
vt 0.335938 0.742188
vt 0.359375 0.507813
vt 0.359375 0.515625
vt 0.359375 0.523438
vt 0.359375 0.531250
vt 0.359375 0.539062
vt 0.359375 0.546875
vt 0.359375 0.554688
vt 0.359375 0.562500
vt 0.359375 0.570313
vt 0.359375 0.578125
vt 0.359375 0.585938
vt 0.359375 0.593750
vt 0.359375 0.601562
vt 0.359375 0.609375
vt 0.359375 0.617188
vt 0.359375 0.625000
vt 0.359375 0.632813
vt 0.359375 0.640625
vt 0.359375 0.648438
vt 0.359375 0.656250
vt 0.359375 0.664063
vt 0.359375 0.671875
vt 0.359375 0.679688
vt 0.359375 0.687500
vt 0.359375 0.695313
vt 0.359375 0.703125
vt 0.359375 0.710938
vt 0.359375 0.718750
vt 0.359375 0.726563
vt 0.359375 0.734375
vt 0.359375 0.742188
vt 0.382813 0.507813
vt 0.382813 0.515625
vt 0.382813 0.523438
vt 0.382813 0.531250
vt 0.382813 0.539063
vt 0.382813 0.546875
vt 0.382812 0.554688
vt 0.382813 0.562500
vt 0.382813 0.570313
vt 0.382813 0.578125
vt 0.382813 0.585938
vt 0.382813 0.593750
vt 0.382813 0.601563
vt 0.382813 0.609375
vt 0.382812 0.617188
vt 0.382813 0.625000
vt 0.382813 0.632813
vt 0.382813 0.640625
vt 0.382813 0.648438
vt 0.382813 0.656250
vt 0.382813 0.664063
vt 0.382813 0.671875
vt 0.382812 0.679688
vt 0.382813 0.687500
vt 0.382813 0.695313
vt 0.382813 0.703125
vt 0.382813 0.710938
vt 0.382813 0.718750
vt 0.382813 0.726563
vt 0.382813 0.734375
vt 0.382813 0.742188
vt 0.406250 0.507813
vt 0.406250 0.515625
vt 0.406250 0.523438
vt 0.406250 0.531250
vt 0.406250 0.539062
vt 0.406250 0.546875
vt 0.406250 0.554688
vt 0.406250 0.562500
vt 0.406250 0.570313
vt 0.406250 0.578125
vt 0.406250 0.585938
vt 0.406250 0.593750
vt 0.406250 0.601563
vt 0.406250 0.609375
vt 0.406250 0.617188
vt 0.406250 0.625000
vt 0.406250 0.632813
vt 0.406250 0.640625
vt 0.406250 0.648438
vt 0.406250 0.656250
vt 0.406250 0.664063
vt 0.406250 0.671875
vt 0.406250 0.679688
vt 0.406250 0.687500
vt 0.406250 0.695313
vt 0.406250 0.703125
vt 0.406250 0.710938
vt 0.406250 0.718750
vt 0.406250 0.726563
vt 0.406250 0.734375
vt 0.406250 0.742188
vt 0.429688 0.507813
vt 0.429688 0.515625
vt 0.429688 0.523438
vt 0.429688 0.531250
vt 0.429688 0.539062
vt 0.429688 0.546875
vt 0.429688 0.554688
vt 0.429688 0.562500
vt 0.429688 0.570312
vt 0.429688 0.578125
vt 0.429688 0.585938
vt 0.429688 0.593750
vt 0.429688 0.601562
vt 0.429688 0.609375
vt 0.429688 0.617188
vt 0.429688 0.625000
vt 0.429688 0.632813
vt 0.429688 0.640625
vt 0.429688 0.648438
vt 0.429688 0.656250
vt 0.429688 0.664062
vt 0.429688 0.671875
vt 0.429688 0.679688
vt 0.429688 0.687500
vt 0.429688 0.695313
vt 0.429688 0.703125
vt 0.429688 0.710938
vt 0.429688 0.718750
vt 0.429688 0.726563
vt 0.429688 0.734375
vt 0.429688 0.742188
vt 0.453125 0.507812
vt 0.453125 0.515625
vt 0.453125 0.523438
vt 0.453125 0.531250
vt 0.453125 0.539062
vt 0.453125 0.546875
vt 0.453125 0.554688
vt 0.453125 0.562500
vt 0.453125 0.570313
vt 0.453125 0.578125
vt 0.453125 0.585938
vt 0.453125 0.593750
vt 0.453125 0.601563
vt 0.453125 0.609375
vt 0.453125 0.617188
vt 0.453125 0.625000
vt 0.453125 0.632813
vt 0.453125 0.640625
vt 0.453125 0.648438
vt 0.453125 0.656250
vt 0.453125 0.664062
vt 0.453125 0.671875
vt 0.453125 0.679688
vt 0.453125 0.687500
vt 0.453125 0.695313
vt 0.453125 0.703125
vt 0.453125 0.710938
vt 0.453125 0.718750
vt 0.453125 0.726563
vt 0.453125 0.734375
vt 0.453125 0.742188
vt 0.476562 0.507812
vt 0.476563 0.515625
vt 0.476563 0.523438
vt 0.476563 0.531250
vt 0.476563 0.539063
vt 0.476563 0.546875
vt 0.476562 0.554688
vt 0.476563 0.562500
vt 0.476562 0.570313
vt 0.476563 0.578125
vt 0.476563 0.585938
vt 0.476562 0.593750
vt 0.476563 0.601563
vt 0.476563 0.609375
vt 0.476562 0.617188
vt 0.476563 0.625000
vt 0.476562 0.632813
vt 0.476563 0.640625
vt 0.476563 0.648438
vt 0.476562 0.656250
vt 0.476563 0.664062
vt 0.476563 0.671875
vt 0.476562 0.679688
vt 0.476563 0.687500
vt 0.476562 0.695312
vt 0.476563 0.703125
vt 0.476563 0.710938
vt 0.476563 0.718750
vt 0.476563 0.726563
vt 0.476563 0.734375
vt 0.476563 0.742188
vt 0.500000 0.507812
vt 0.500000 0.515625
vt 0.500000 0.523438
vt 0.500000 0.531250
vt 0.500000 0.539063
vt 0.500000 0.546875
vt 0.500000 0.554688
vt 0.500000 0.562500
vt 0.500000 0.570313
vt 0.500000 0.578125
vt 0.500000 0.585938
vt 0.500000 0.593750
vt 0.500000 0.601563
vt 0.500000 0.609375
vt 0.500000 0.617188
vt 0.500000 0.625000
vt 0.500000 0.632813
vt 0.500000 0.640625
vt 0.500000 0.648438
vt 0.500000 0.656250
vt 0.500000 0.664062
vt 0.500000 0.671875
vt 0.500000 0.679688
vt 0.500000 0.687500
vt 0.500000 0.695313
vt 0.500000 0.703125
vt 0.500000 0.710938
vt 0.500000 0.718750
vt 0.500000 0.726563
vt 0.500000 0.734375
vt 0.500000 0.742188
vt 0.523438 0.507813
vt 0.523438 0.515625
vt 0.523438 0.523438
vt 0.523438 0.531250
vt 0.523438 0.539062
vt 0.523438 0.546875
vt 0.523438 0.554688
vt 0.523438 0.562500
vt 0.523438 0.570313
vt 0.523438 0.578125
vt 0.523438 0.585938
vt 0.523438 0.593750
vt 0.523438 0.601563
vt 0.523437 0.609375
vt 0.523438 0.617188
vt 0.523438 0.625000
vt 0.523438 0.632813
vt 0.523438 0.640625
vt 0.523438 0.648438
vt 0.523438 0.656250
vt 0.523438 0.664063
vt 0.523437 0.671875
vt 0.523438 0.679688
vt 0.523438 0.687500
vt 0.523438 0.695313
vt 0.523438 0.703125
vt 0.523438 0.710938
vt 0.523438 0.718750
vt 0.523438 0.726562
vt 0.523438 0.734375
vt 0.523438 0.742188
vt 0.546875 0.507813
vt 0.546875 0.515625
vt 0.546875 0.523438
vt 0.546875 0.531250
vt 0.546875 0.539062
vt 0.546875 0.546875
vt 0.546875 0.554688
vt 0.546875 0.562500
vt 0.546875 0.570313
vt 0.546875 0.578125
vt 0.546875 0.585938
vt 0.546875 0.593750
vt 0.546875 0.601562
vt 0.546875 0.609375
vt 0.546875 0.617188
vt 0.546875 0.625000
vt 0.546875 0.632813
vt 0.546875 0.640625
vt 0.546875 0.648438
vt 0.546875 0.656250
vt 0.546875 0.664063
vt 0.546875 0.671875
vt 0.546875 0.679688
vt 0.546875 0.687500
vt 0.546875 0.695313
vt 0.546875 0.703125
vt 0.546875 0.710938
vt 0.546875 0.718750
vt 0.546875 0.726563
vt 0.546875 0.734375
vt 0.546875 0.742188
vt 0.570313 0.507813
vt 0.570312 0.515625
vt 0.570313 0.523438
vt 0.570313 0.531250
vt 0.570313 0.539063
vt 0.570313 0.546875
vt 0.570313 0.554688
vt 0.570313 0.562500
vt 0.570313 0.570313
vt 0.570312 0.578125
vt 0.570312 0.585938
vt 0.570313 0.593750
vt 0.570313 0.601563
vt 0.570312 0.609375
vt 0.570313 0.617188
vt 0.570313 0.625000
vt 0.570313 0.632813
vt 0.570312 0.640625
vt 0.570312 0.648438
vt 0.570313 0.656250
vt 0.570313 0.664063
vt 0.570312 0.671875
vt 0.570313 0.679688
vt 0.570313 0.687500
vt 0.570313 0.695313
vt 0.570312 0.703125
vt 0.570312 0.710938
vt 0.570313 0.718750
vt 0.570313 0.726563
vt 0.570312 0.734375
vt 0.570313 0.742188
vt 0.593750 0.507813
vt 0.593750 0.515625
vt 0.593750 0.523438
vt 0.593750 0.531250
vt 0.593750 0.539062
vt 0.593750 0.546875
vt 0.593750 0.554688
vt 0.593750 0.562500
vt 0.593750 0.570313
vt 0.593750 0.578125
vt 0.593750 0.585938
vt 0.593750 0.593750
vt 0.593750 0.601563
vt 0.593750 0.609375
vt 0.593750 0.617188
vt 0.593750 0.625000
vt 0.593750 0.632813
vt 0.593750 0.640625
vt 0.593750 0.648438
vt 0.593750 0.656250
vt 0.593750 0.664063
vt 0.593750 0.671875
vt 0.593750 0.679688
vt 0.593750 0.687500
vt 0.593750 0.695313
vt 0.593750 0.703125
vt 0.593750 0.710938
vt 0.593750 0.718750
vt 0.593750 0.726563
vt 0.593750 0.734375
vt 0.593750 0.742188
vt 0.617188 0.507813
vt 0.617188 0.515625
vt 0.617188 0.523438
vt 0.617188 0.531250
vt 0.617188 0.539062
vt 0.617188 0.546875
vt 0.617188 0.554688
vt 0.617188 0.562500
vt 0.617187 0.570312
vt 0.617188 0.578125
vt 0.617188 0.585938
vt 0.617187 0.593750
vt 0.617188 0.601562
vt 0.617188 0.609375
vt 0.617187 0.617188
vt 0.617188 0.625000
vt 0.617187 0.632813
vt 0.617188 0.640625
vt 0.617188 0.648438
vt 0.617187 0.656250
vt 0.617188 0.664062
vt 0.617188 0.671875
vt 0.617187 0.679688
vt 0.617188 0.687500
vt 0.617188 0.695313
vt 0.617188 0.703125
vt 0.617188 0.710938
vt 0.617188 0.718750
vt 0.617188 0.726563
vt 0.617188 0.734375
vt 0.617188 0.742188
vt 0.640625 0.507812
vt 0.640625 0.515625
vt 0.640625 0.523438
vt 0.640625 0.531250
vt 0.640625 0.539062
vt 0.640625 0.546875
vt 0.640625 0.554688
vt 0.640625 0.562500
vt 0.640625 0.570313
vt 0.640625 0.578125
vt 0.640625 0.585938
vt 0.640625 0.593750
vt 0.640625 0.601563
vt 0.640625 0.609375
vt 0.640625 0.617188
vt 0.640625 0.625000
vt 0.640625 0.632813
vt 0.640625 0.640625
vt 0.640625 0.648438
vt 0.640625 0.656250
vt 0.640625 0.664062
vt 0.640625 0.671875
vt 0.640625 0.679688
vt 0.640625 0.687500
vt 0.640625 0.695313
vt 0.640625 0.703125
vt 0.640625 0.710938
vt 0.640625 0.718750
vt 0.640625 0.726563
vt 0.640625 0.734375
vt 0.640625 0.742188
vt 0.664062 0.507812
vt 0.664062 0.515625
vt 0.664063 0.523438
vt 0.664063 0.531250
vt 0.664062 0.539063
vt 0.664063 0.546875
vt 0.664063 0.554688
vt 0.664062 0.562500
vt 0.664063 0.570313
vt 0.664062 0.578125
vt 0.664062 0.585938
vt 0.664063 0.593750
vt 0.664062 0.601563
vt 0.664062 0.609375
vt 0.664063 0.617188
vt 0.664062 0.625000
vt 0.664063 0.632813
vt 0.664062 0.640625
vt 0.664062 0.648438
vt 0.664063 0.656250
vt 0.664062 0.664062
vt 0.664062 0.671875
vt 0.664063 0.679688
vt 0.664062 0.687500
vt 0.664063 0.695312
vt 0.664063 0.703125
vt 0.664062 0.710938
vt 0.664063 0.718750
vt 0.664063 0.726563
vt 0.664062 0.734375
vt 0.664063 0.742188
vt 0.687500 0.507813
vt 0.687500 0.515625
vt 0.687500 0.523438
vt 0.687500 0.531250
vt 0.687500 0.539062
vt 0.687500 0.546875
vt 0.687500 0.554688
vt 0.687500 0.562500
vt 0.687500 0.570313
vt 0.687500 0.578125
vt 0.687500 0.585938
vt 0.687500 0.593750
vt 0.687500 0.601563
vt 0.687500 0.609375
vt 0.687500 0.617188
vt 0.687500 0.625000
vt 0.687500 0.632813
vt 0.687500 0.640625
vt 0.687500 0.648438
vt 0.687500 0.656250
vt 0.687500 0.664062
vt 0.687500 0.671875
vt 0.687500 0.679688
vt 0.687500 0.687500
vt 0.687500 0.695312
vt 0.687500 0.703125
vt 0.687500 0.710938
vt 0.687500 0.718750
vt 0.687500 0.726563
vt 0.687500 0.734375
vt 0.687500 0.742188
vt 0.710938 0.507813
vt 0.710938 0.515625
vt 0.710938 0.523438
vt 0.710938 0.531250
vt 0.710938 0.539062
vt 0.710937 0.546875
vt 0.710938 0.554688
vt 0.710938 0.562500
vt 0.710938 0.570313
vt 0.710938 0.578125
vt 0.710938 0.585938
vt 0.710938 0.593750
vt 0.710938 0.601562
vt 0.710938 0.609375
vt 0.710938 0.617188
vt 0.710938 0.625000
vt 0.710938 0.632813
vt 0.710938 0.640625
vt 0.710938 0.648438
vt 0.710938 0.656250
vt 0.710938 0.664063
vt 0.710938 0.671875
vt 0.710938 0.679688
vt 0.710938 0.687500
vt 0.710938 0.695313
vt 0.710937 0.703125
vt 0.710938 0.710938
vt 0.710938 0.718750
vt 0.710938 0.726562
vt 0.710938 0.734375
vt 0.710938 0.742188
vt 0.734375 0.507813
vt 0.734375 0.515625
vt 0.734375 0.523438
vt 0.734375 0.531250
vt 0.734375 0.539062
vt 0.734375 0.546875
vt 0.734375 0.554688
vt 0.734375 0.562500
vt 0.734375 0.570313
vt 0.734375 0.578125
vt 0.734375 0.585938
vt 0.734375 0.593750
vt 0.734375 0.601562
vt 0.734375 0.609375
vt 0.734375 0.617188
vt 0.734375 0.625000
vt 0.734375 0.632812
vt 0.734375 0.640625
vt 0.734375 0.648438
vt 0.734375 0.656250
vt 0.734375 0.664063
vt 0.734375 0.671875
vt 0.734375 0.679688
vt 0.734375 0.687500
vt 0.734375 0.695313
vt 0.734375 0.703125
vt 0.734375 0.710938
vt 0.734375 0.718750
vt 0.734375 0.726563
vt 0.734375 0.734375
vt 0.734375 0.742188
vt 0.757813 0.507813
vt 0.757813 0.515625
vt 0.757812 0.523438
vt 0.757813 0.531250
vt 0.757813 0.539063
vt 0.757813 0.546875
vt 0.757813 0.554688
vt 0.757813 0.562500
vt 0.757812 0.570313
vt 0.757813 0.578125
vt 0.757813 0.585938
vt 0.757813 0.593750
vt 0.757813 0.601563
vt 0.757813 0.609375
vt 0.757813 0.617188
vt 0.757813 0.625000
vt 0.757812 0.632813
vt 0.757813 0.640625
vt 0.757813 0.648438
vt 0.757813 0.656250
vt 0.757813 0.664063
vt 0.757813 0.671875
vt 0.757813 0.679688
vt 0.757813 0.687500
vt 0.757813 0.695312
vt 0.757813 0.703125
vt 0.757813 0.710938
vt 0.757813 0.718750
vt 0.757813 0.726563
vt 0.757813 0.734375
vt 0.757813 0.742188
vt 0.781250 0.507813
vt 0.781250 0.515625
vt 0.781250 0.523438
vt 0.781250 0.531250
vt 0.781250 0.539062
vt 0.781250 0.546875
vt 0.781250 0.554688
vt 0.781250 0.562500
vt 0.781250 0.570313
vt 0.781250 0.578125
vt 0.781250 0.585938
vt 0.781250 0.593750
vt 0.781250 0.601562
vt 0.781250 0.609375
vt 0.781250 0.617188
vt 0.781250 0.625000
vt 0.781250 0.632813
vt 0.781250 0.640625
vt 0.781250 0.648438
vt 0.781250 0.656250
vt 0.781250 0.664063
vt 0.781250 0.671875
vt 0.781250 0.679688
vt 0.781250 0.687500
vt 0.781250 0.695312
vt 0.781250 0.703125
vt 0.781250 0.710938
vt 0.781250 0.718750
vt 0.781250 0.726563
vt 0.781250 0.734375
vt 0.781250 0.742188
vt 0.804688 0.507813
vt 0.804688 0.515625
vt 0.804688 0.523438
vt 0.804688 0.531250
vt 0.804688 0.539063
vt 0.804688 0.546875
vt 0.804688 0.554688
vt 0.804688 0.562500
vt 0.804688 0.570313
vt 0.804688 0.578125
vt 0.804688 0.585938
vt 0.804688 0.593750
vt 0.804688 0.601562
vt 0.804688 0.609375
vt 0.804688 0.617188
vt 0.804688 0.625000
vt 0.804688 0.632812
vt 0.804688 0.640625
vt 0.804688 0.648438
vt 0.804688 0.656250
vt 0.804688 0.664063
vt 0.804688 0.671875
vt 0.804688 0.679688
vt 0.804688 0.687500
vt 0.804688 0.695313
vt 0.804688 0.703125
vt 0.804688 0.710938
vt 0.804688 0.718750
vt 0.804688 0.726562
vt 0.804688 0.734375
vt 0.804688 0.742188
vt 0.828125 0.507813
vt 0.828125 0.515625
vt 0.828125 0.523438
vt 0.828125 0.531250
vt 0.828125 0.539063
vt 0.828125 0.546875
vt 0.828125 0.554688
vt 0.828125 0.562500
vt 0.828125 0.570313
vt 0.828125 0.578125
vt 0.828125 0.585938
vt 0.828125 0.593750
vt 0.828125 0.601563
vt 0.828125 0.609375
vt 0.828125 0.617188
vt 0.828125 0.625000
vt 0.828125 0.632813
vt 0.828125 0.640625
vt 0.828125 0.648438
vt 0.828125 0.656250
vt 0.828125 0.664062
vt 0.828125 0.671875
vt 0.828125 0.679688
vt 0.828125 0.687500
vt 0.828125 0.695313
vt 0.828125 0.703125
vt 0.828125 0.710938
vt 0.828125 0.718750
vt 0.828125 0.726563
vt 0.828125 0.734375
vt 0.828125 0.742188
vt 0.851563 0.507812
vt 0.851563 0.515625
vt 0.851563 0.523438
vt 0.851563 0.531250
vt 0.851563 0.539063
vt 0.851563 0.546875
vt 0.851563 0.554688
vt 0.851563 0.562500
vt 0.851562 0.570313
vt 0.851563 0.578125
vt 0.851563 0.585938
vt 0.851563 0.593750
vt 0.851563 0.601562
vt 0.851562 0.609375
vt 0.851563 0.617188
vt 0.851563 0.625000
vt 0.851562 0.632812
vt 0.851563 0.640625
vt 0.851563 0.648438
vt 0.851563 0.656250
vt 0.851563 0.664063
vt 0.851562 0.671875
vt 0.851563 0.679688
vt 0.851563 0.687500
vt 0.851563 0.695312
vt 0.851563 0.703125
vt 0.851563 0.710938
vt 0.851563 0.718750
vt 0.851563 0.726562
vt 0.851563 0.734375
vt 0.851563 0.742188
vt 0.148438 0.500000
vt 0.148438 0.750000
vt 0.171875 0.750000
vt 0.195313 0.750000
vt 0.218750 0.750000
vt 0.242188 0.750000
vt 0.265625 0.750000
vt 0.289062 0.750000
vt 0.312500 0.750000
vt 0.335938 0.750000
vt 0.359375 0.750000
vt 0.382813 0.750000
vt 0.406250 0.750000
vt 0.429688 0.750000
vt 0.453125 0.750000
vt 0.476563 0.750000
vt 0.500000 0.750000
vt 0.523438 0.750000
vt 0.546875 0.750000
vt 0.570313 0.750000
vt 0.593750 0.750000
vt 0.617188 0.750000
vt 0.640625 0.750000
vt 0.664063 0.750000
vt 0.687500 0.750000
vt 0.710938 0.750000
vt 0.734375 0.750000
vt 0.757813 0.750000
vt 0.781250 0.750000
vt 0.804688 0.750000
vt 0.828125 0.750000
vt 0.851563 0.750000
vt 0.851563 0.500000
vt 0.828125 0.500000
vt 0.804688 0.500000
vt 0.781250 0.500000
vt 0.757813 0.500000
vt 0.734375 0.500000
vt 0.710938 0.500000
vt 0.687500 0.500000
vt 0.664063 0.500000
vt 0.640625 0.500000
vt 0.617188 0.500000
vt 0.593750 0.500000
vt 0.570313 0.500000
vt 0.546875 0.500000
vt 0.523438 0.500000
vt 0.500000 0.500000
vt 0.476563 0.500000
vt 0.453125 0.500000
vt 0.429688 0.500000
vt 0.406250 0.500000
vt 0.382813 0.500000
vt 0.359375 0.500000
vt 0.335938 0.500000
vt 0.312500 0.500000
vt 0.289062 0.500000
vt 0.265625 0.500000
vt 0.242188 0.500000
vt 0.218750 0.500000
vt 0.195313 0.500000
vt 0.171875 0.500000
vt 0.602651 0.690073
vt 0.598301 0.691582
vt 0.600390 0.693501
vt 0.605045 0.691592
vt 0.602914 0.695339
vt 0.607872 0.693116
vt 0.605885 0.697108
vt 0.611173 0.694663
vt 0.609168 0.698805
vt 0.614761 0.696188
vt 0.612739 0.700460
vt 0.618627 0.697703
vt 0.616578 0.702073
vt 0.622753 0.699202
vt 0.620665 0.703647
vt 0.627123 0.700682
vt 0.624984 0.705185
vt 0.631722 0.702138
vt 0.629538 0.706689
vt 0.636555 0.703573
vt 0.634334 0.708162
vt 0.641630 0.704988
vt 0.639378 0.709608
vt 0.646953 0.706386
vt 0.644677 0.711030
vt 0.652533 0.707768
vt 0.650238 0.712431
vt 0.658377 0.709137
vt 0.656068 0.713814
vt 0.664494 0.710495
vt 0.662174 0.715183
vt 0.670890 0.711844
vt 0.668569 0.716544
vt 0.677580 0.713191
vt 0.675284 0.717913
vt 0.684599 0.714551
vt 0.682359 0.719310
vt 0.691989 0.715945
vt 0.689832 0.720753
vt 0.699793 0.717394
vt 0.697741 0.722263
vt 0.708050 0.718917
vt 0.706125 0.723859
vt 0.716804 0.720536
vt 0.715022 0.725560
vt 0.726096 0.722270
vt 0.724470 0.727385
vt 0.735968 0.724140
vt 0.734518 0.729358
vt 0.746478 0.726171
vt 0.745258 0.731515
vt 0.757757 0.728414
vt 0.756791 0.733896
vt 0.769949 0.730923
vt 0.769219 0.736544
vt 0.783203 0.733754
vt 0.783470 0.739774
vt 0.799133 0.737453
vt 0.799221 0.743485
vt 0.817549 0.741963
vt 0.814698 0.747089
vt 0.835881 0.746430
vt 0.593354 0.693072
vt 0.595193 0.695306
vt 0.597463 0.697392
vt 0.600141 0.699354
vt 0.603143 0.701218
vt 0.606432 0.703008
vt 0.609988 0.704732
vt 0.613791 0.706397
vt 0.617824 0.708011
vt 0.622090 0.709579
vt 0.626594 0.711105
vt 0.631343 0.712594
vt 0.636342 0.714050
vt 0.641598 0.715476
vt 0.647117 0.716878
vt 0.652905 0.718259
vt 0.658972 0.719626
vt 0.665348 0.720995
vt 0.672065 0.722383
vt 0.679158 0.723808
vt 0.686660 0.725289
vt 0.694603 0.726843
vt 0.703022 0.728488
vt 0.711949 0.730241
vt 0.721421 0.732122
vt 0.731483 0.734153
vt 0.742182 0.736355
vt 0.753566 0.738752
vt 0.765915 0.741445
vt 0.779015 0.744367
vt 0.792170 0.747294
vt 0.587749 0.694553
vt 0.589450 0.697009
vt 0.591542 0.699288
vt 0.593979 0.701422
vt 0.596718 0.703440
vt 0.599735 0.705355
vt 0.603012 0.707182
vt 0.606529 0.708933
vt 0.610271 0.710619
vt 0.614241 0.712246
vt 0.618442 0.713820
vt 0.622881 0.715346
vt 0.627563 0.716830
vt 0.632493 0.718275
vt 0.637677 0.719689
vt 0.643121 0.721075
vt 0.648832 0.722442
vt 0.654835 0.723803
vt 0.661158 0.725173
vt 0.667826 0.726570
vt 0.674869 0.728010
vt 0.682313 0.729507
vt 0.690185 0.731078
vt 0.698514 0.732740
vt 0.707321 0.734506
vt 0.716611 0.736385
vt 0.726387 0.738385
vt 0.736647 0.740511
vt 0.747373 0.742766
vt 0.758463 0.745121
vt 0.769796 0.747544
vt 0.581753 0.695971
vt 0.583322 0.698598
vt 0.585226 0.701043
vt 0.587436 0.703330
vt 0.589927 0.705480
vt 0.592680 0.707508
vt 0.595680 0.709430
vt 0.598909 0.711260
vt 0.602356 0.713012
vt 0.606021 0.714692
vt 0.609910 0.716309
vt 0.614025 0.717867
vt 0.618374 0.719373
vt 0.622960 0.720832
vt 0.627788 0.722252
vt 0.632862 0.723638
vt 0.638191 0.724998
vt 0.643791 0.726344
vt 0.649685 0.727691
vt 0.655892 0.729051
vt 0.662433 0.730440
vt 0.669330 0.731870
vt 0.676602 0.733356
vt 0.684271 0.734912
vt 0.692349 0.736548
vt 0.700818 0.738266
vt 0.709652 0.740063
vt 0.718823 0.741939
vt 0.728298 0.743888
vt 0.738006 0.745894
vt 0.747870 0.747937
vt 0.575381 0.697326
vt 0.576821 0.700090
vt 0.578549 0.702670
vt 0.580547 0.705082
vt 0.582801 0.707344
vt 0.585297 0.709471
vt 0.588022 0.711478
vt 0.590962 0.713380
vt 0.594109 0.715191
vt 0.597463 0.716920
vt 0.601028 0.718573
vt 0.604809 0.720158
vt 0.608809 0.721681
vt 0.613033 0.723150
vt 0.617485 0.724572
vt 0.622168 0.725952
vt 0.627090 0.727301
vt 0.632261 0.728627
vt 0.637696 0.729944
vt 0.643410 0.731263
vt 0.649416 0.732594
vt 0.655728 0.733952
vt 0.662361 0.735345
vt 0.669329 0.736788
vt 0.676637 0.738288
vt 0.684258 0.739843
vt 0.692156 0.741448
vt 0.700294 0.743099
vt 0.708635 0.744789
vt 0.717130 0.746509
vt 0.725727 0.748250
vt 0.568680 0.698603
vt 0.569993 0.701478
vt 0.571552 0.704166
vt 0.573349 0.706681
vt 0.575373 0.709037
vt 0.577615 0.711249
vt 0.580066 0.713331
vt 0.582717 0.715297
vt 0.585559 0.717161
vt 0.588596 0.718931
vt 0.591829 0.720616
vt 0.595264 0.722222
vt 0.598902 0.723758
vt 0.602749 0.725232
vt 0.606806 0.726651
vt 0.611079 0.728023
vt 0.615571 0.729356
vt 0.620289 0.730659
vt 0.625241 0.731943
vt 0.630436 0.733216
vt 0.635881 0.734488
vt 0.641584 0.735770
vt 0.647553 0.737071
vt 0.653796 0.738399
vt 0.660314 0.739764
vt 0.667080 0.741162
vt 0.674060 0.742589
vt 0.681218 0.744041
vt 0.688521 0.745513
vt 0.695933 0.747000
vt 0.703417 0.748498
vt 0.561701 0.699786
vt 0.562884 0.702753
vt 0.564277 0.705529
vt 0.565876 0.708128
vt 0.567675 0.710563
vt 0.569666 0.712847
vt 0.571844 0.714993
vt 0.574203 0.717014
vt 0.576738 0.718923
vt 0.579451 0.720728
vt 0.582345 0.722438
vt 0.585423 0.724061
vt 0.588688 0.725606
vt 0.592143 0.727081
vt 0.595790 0.728494
vt 0.599634 0.729854
vt 0.603676 0.731169
vt 0.607920 0.732447
vt 0.612369 0.733695
vt 0.617025 0.734923
vt 0.621891 0.736137
vt 0.626971 0.737345
vt 0.632266 0.738557
vt 0.637780 0.739778
vt 0.643510 0.741016
vt 0.649434 0.742270
vt 0.655525 0.743537
vt 0.661754 0.744816
vt 0.668093 0.746104
vt 0.674516 0.747399
vt 0.680994 0.748698
vt 0.554489 0.700863
vt 0.555537 0.703905
vt 0.556763 0.706755
vt 0.558164 0.709424
vt 0.559737 0.711925
vt 0.561478 0.714268
vt 0.563383 0.716468
vt 0.565450 0.718534
vt 0.567675 0.720479
vt 0.570060 0.722313
vt 0.572607 0.724042
vt 0.575320 0.725678
vt 0.578200 0.727228
vt 0.581250 0.728701
vt 0.584473 0.730106
vt 0.587872 0.731451
vt 0.591447 0.732746
vt 0.595199 0.733997
vt 0.599128 0.735211
vt 0.603231 0.736394
vt 0.607509 0.737553
vt 0.611960 0.738695
vt 0.616583 0.739825
vt 0.621378 0.740951
vt 0.626340 0.742077
vt 0.631452 0.743206
vt 0.636692 0.744336
vt 0.642038 0.745467
vt 0.647469 0.746599
vt 0.652965 0.747733
vt 0.658503 0.748866
vt 0.547077 0.701822
vt 0.547984 0.704927
vt 0.549040 0.707838
vt 0.550243 0.710565
vt 0.551591 0.713119
vt 0.553082 0.715511
vt 0.554715 0.717753
vt 0.556488 0.719856
vt 0.558400 0.721830
vt 0.560453 0.723685
vt 0.562647 0.725430
vt 0.564987 0.727073
vt 0.567473 0.728625
vt 0.570108 0.730094
vt 0.572894 0.731489
vt 0.575833 0.732820
vt 0.578926 0.734094
vt 0.582171 0.735319
vt 0.585565 0.736499
vt 0.589104 0.737640
vt 0.592785 0.738749
vt 0.596605 0.739830
vt 0.600560 0.740889
vt 0.604648 0.741932
vt 0.608863 0.742964
vt 0.613191 0.743986
vt 0.617615 0.745001
vt 0.622120 0.746008
vt 0.626690 0.747011
vt 0.631308 0.748010
vt 0.635959 0.749005
vt 0.539494 0.702657
vt 0.540256 0.705813
vt 0.541139 0.708772
vt 0.542143 0.711545
vt 0.543266 0.714141
vt 0.544508 0.716572
vt 0.545868 0.718848
vt 0.547347 0.720978
vt 0.548944 0.722974
vt 0.550660 0.724846
vt 0.552497 0.726601
vt 0.554457 0.728249
vt 0.556541 0.729801
vt 0.558751 0.731264
vt 0.561089 0.732649
vt 0.563557 0.733964
vt 0.566154 0.735218
vt 0.568879 0.736417
vt 0.571726 0.737566
vt 0.574690 0.738670
vt 0.577768 0.739733
vt 0.580955 0.740762
vt 0.584246 0.741760
vt 0.587637 0.742733
vt 0.591122 0.743685
vt 0.594691 0.744620
vt 0.598331 0.745540
vt 0.602031 0.746447
vt 0.605778 0.747344
vt 0.609561 0.748234
vt 0.613368 0.749118
vt 0.531767 0.703359
vt 0.532381 0.706554
vt 0.533090 0.709551
vt 0.533893 0.712359
vt 0.534791 0.714988
vt 0.535785 0.717448
vt 0.536873 0.719748
vt 0.538057 0.721900
vt 0.539337 0.723912
vt 0.540713 0.725795
vt 0.542188 0.727557
vt 0.543762 0.729208
vt 0.545438 0.730758
vt 0.547215 0.732215
vt 0.549097 0.733589
vt 0.551083 0.734889
vt 0.553174 0.736124
vt 0.555367 0.737300
vt 0.557657 0.738421
vt 0.560038 0.739492
vt 0.562507 0.740517
vt 0.565059 0.741500
vt 0.567688 0.742448
vt 0.570391 0.743364
vt 0.573161 0.744253
vt 0.575991 0.745118
vt 0.578873 0.745962
vt 0.581797 0.746790
vt 0.584755 0.747604
vt 0.587739 0.748409
vt 0.590740 0.749206
vt 0.523925 0.703919
vt 0.524388 0.707144
vt 0.524921 0.710168
vt 0.525524 0.713001
vt 0.526198 0.715654
vt 0.526943 0.718134
vt 0.527759 0.720453
vt 0.528647 0.722619
vt 0.529608 0.724642
vt 0.530643 0.726533
vt 0.531752 0.728299
vt 0.532937 0.729951
vt 0.534198 0.731497
vt 0.535537 0.732948
vt 0.536954 0.734312
vt 0.538451 0.735600
vt 0.540027 0.736819
vt 0.541679 0.737975
vt 0.543404 0.739072
vt 0.545196 0.740115
vt 0.547051 0.741109
vt 0.548966 0.742057
vt 0.550936 0.742965
vt 0.552957 0.743836
vt 0.555025 0.744676
vt 0.557133 0.745488
vt 0.559276 0.746276
vt 0.561448 0.747045
vt 0.563644 0.747797
vt 0.565857 0.748538
vt 0.568082 0.749271
vt 0.515998 0.704329
vt 0.516308 0.707574
vt 0.516664 0.710617
vt 0.517066 0.713467
vt 0.517515 0.716135
vt 0.518011 0.718629
vt 0.518555 0.720959
vt 0.519148 0.723134
vt 0.519789 0.725165
vt 0.520480 0.727060
vt 0.521221 0.728828
vt 0.522013 0.730479
vt 0.522856 0.732023
vt 0.523751 0.733468
vt 0.524698 0.734825
vt 0.525700 0.736102
vt 0.526754 0.737308
vt 0.527859 0.738448
vt 0.529012 0.739527
vt 0.530210 0.740549
vt 0.531449 0.741519
vt 0.532726 0.742441
vt 0.534039 0.743320
vt 0.535383 0.744160
vt 0.536756 0.744965
vt 0.538155 0.745740
vt 0.539575 0.746490
vt 0.541013 0.747218
vt 0.542466 0.747928
vt 0.543930 0.748626
vt 0.545401 0.749315
vt 0.508013 0.704582
vt 0.508169 0.707837
vt 0.508347 0.710891
vt 0.508548 0.713750
vt 0.508772 0.716427
vt 0.509021 0.718928
vt 0.509293 0.721264
vt 0.509589 0.723445
vt 0.509910 0.725479
vt 0.510255 0.727375
vt 0.510626 0.729144
vt 0.511023 0.730795
vt 0.511445 0.732336
vt 0.511893 0.733778
vt 0.512368 0.735129
vt 0.512870 0.736399
vt 0.513398 0.737596
vt 0.513952 0.738726
vt 0.514529 0.739794
vt 0.515129 0.740803
vt 0.515749 0.741758
vt 0.516388 0.742664
vt 0.517044 0.743525
vt 0.517715 0.744346
vt 0.518400 0.745131
vt 0.519097 0.745885
vt 0.519805 0.746612
vt 0.520521 0.747316
vt 0.521244 0.748003
vt 0.521972 0.748676
vt 0.522704 0.749340
vt 0.500000 0.704668
vt 0.500000 0.707927
vt 0.500000 0.710983
vt 0.500000 0.713846
vt 0.500000 0.716525
vt 0.500000 0.719029
vt 0.500000 0.721367
vt 0.500000 0.723548
vt 0.500000 0.725583
vt 0.500000 0.727481
vt 0.500000 0.729250
vt 0.500000 0.730900
vt 0.500000 0.732440
vt 0.500000 0.733880
vt 0.500000 0.735230
vt 0.500000 0.736497
vt 0.500000 0.737691
vt 0.500000 0.738818
vt 0.500000 0.739881
vt 0.500000 0.740886
vt 0.500000 0.741836
vt 0.500000 0.742736
vt 0.500000 0.743591
vt 0.500000 0.744406
vt 0.500000 0.745184
vt 0.500000 0.745931
vt 0.500000 0.746651
vt 0.500000 0.747348
vt 0.500000 0.748027
vt 0.500000 0.748692
vt 0.500000 0.749348
vt 0.491987 0.704582
vt 0.491831 0.707837
vt 0.491653 0.710891
vt 0.491452 0.713750
vt 0.491228 0.716426
vt 0.490980 0.718928
vt 0.490707 0.721264
vt 0.490411 0.723445
vt 0.490090 0.725479
vt 0.489745 0.727375
vt 0.489374 0.729144
vt 0.488977 0.730795
vt 0.488555 0.732336
vt 0.488107 0.733778
vt 0.487632 0.735129
vt 0.487130 0.736399
vt 0.486602 0.737596
vt 0.486048 0.738726
vt 0.485471 0.739794
vt 0.484871 0.740803
vt 0.484251 0.741758
vt 0.483612 0.742664
vt 0.482956 0.743525
vt 0.482285 0.744346
vt 0.481600 0.745131
vt 0.480903 0.745885
vt 0.480195 0.746612
vt 0.479479 0.747316
vt 0.478756 0.748003
vt 0.478028 0.748676
vt 0.477296 0.749340
vt 0.484002 0.704329
vt 0.483692 0.707574
vt 0.483336 0.710617
vt 0.482934 0.713467
vt 0.482485 0.716135
vt 0.481989 0.718629
vt 0.481445 0.720959
vt 0.480852 0.723134
vt 0.480211 0.725165
vt 0.479520 0.727060
vt 0.478779 0.728828
vt 0.477988 0.730479
vt 0.477144 0.732023
vt 0.476249 0.733468
vt 0.475302 0.734825
vt 0.474300 0.736102
vt 0.473246 0.737308
vt 0.472141 0.738448
vt 0.470988 0.739527
vt 0.469790 0.740549
vt 0.468551 0.741519
vt 0.467274 0.742441
vt 0.465961 0.743320
vt 0.464617 0.744160
vt 0.463244 0.744965
vt 0.461845 0.745740
vt 0.460425 0.746490
vt 0.458987 0.747218
vt 0.457534 0.747928
vt 0.456070 0.748626
vt 0.454599 0.749315
vt 0.476075 0.703919
vt 0.475612 0.707144
vt 0.475079 0.710168
vt 0.474476 0.713001
vt 0.473802 0.715654
vt 0.473058 0.718134
vt 0.472241 0.720453
vt 0.471353 0.722619
vt 0.470392 0.724643
vt 0.469357 0.726533
vt 0.468248 0.728299
vt 0.467063 0.729951
vt 0.465802 0.731497
vt 0.464463 0.732948
vt 0.463046 0.734312
vt 0.461550 0.735600
vt 0.459973 0.736819
vt 0.458321 0.737975
vt 0.456597 0.739072
vt 0.454804 0.740115
vt 0.452949 0.741109
vt 0.451034 0.742057
vt 0.449064 0.742965
vt 0.447043 0.743836
vt 0.444975 0.744676
vt 0.442867 0.745488
vt 0.440724 0.746276
vt 0.438552 0.747045
vt 0.436356 0.747797
vt 0.434143 0.748538
vt 0.431918 0.749271
vt 0.468234 0.703359
vt 0.467619 0.706554
vt 0.466910 0.709551
vt 0.466107 0.712359
vt 0.465209 0.714988
vt 0.464216 0.717447
vt 0.463127 0.719748
vt 0.461943 0.721900
vt 0.460664 0.723912
vt 0.459287 0.725795
vt 0.457812 0.727557
vt 0.456238 0.729208
vt 0.454562 0.730757
vt 0.452785 0.732214
vt 0.450904 0.733589
vt 0.448917 0.734889
vt 0.446826 0.736124
vt 0.444633 0.737300
vt 0.442343 0.738421
vt 0.439962 0.739492
vt 0.437493 0.740517
vt 0.434941 0.741500
vt 0.432312 0.742448
vt 0.429609 0.743364
vt 0.426839 0.744253
vt 0.424009 0.745118
vt 0.421127 0.745962
vt 0.418203 0.746790
vt 0.415245 0.747604
vt 0.412261 0.748409
vt 0.409260 0.749206
vt 0.460507 0.702657
vt 0.459744 0.705813
vt 0.458861 0.708772
vt 0.457858 0.711545
vt 0.456735 0.714141
vt 0.455492 0.716572
vt 0.454132 0.718848
vt 0.452653 0.720978
vt 0.451056 0.722975
vt 0.449340 0.724846
vt 0.447503 0.726601
vt 0.445543 0.728249
vt 0.443459 0.729801
vt 0.441249 0.731264
vt 0.438911 0.732649
vt 0.436443 0.733964
vt 0.433846 0.735218
vt 0.431121 0.736417
vt 0.428274 0.737566
vt 0.425310 0.738670
vt 0.422232 0.739733
vt 0.419045 0.740762
vt 0.415754 0.741760
vt 0.412363 0.742733
vt 0.408878 0.743685
vt 0.405310 0.744620
vt 0.401669 0.745540
vt 0.397970 0.746447
vt 0.394222 0.747344
vt 0.390439 0.748234
vt 0.386632 0.749118
vt 0.452923 0.701822
vt 0.452016 0.704928
vt 0.450960 0.707838
vt 0.449757 0.710565
vt 0.448409 0.713119
vt 0.446918 0.715511
vt 0.445285 0.717753
vt 0.443512 0.719856
vt 0.441600 0.721830
vt 0.439548 0.723685
vt 0.437353 0.725430
vt 0.435013 0.727073
vt 0.432527 0.728625
vt 0.429892 0.730094
vt 0.427106 0.731489
vt 0.424167 0.732820
vt 0.421074 0.734094
vt 0.417829 0.735319
vt 0.414435 0.736499
vt 0.410896 0.737640
vt 0.407215 0.738749
vt 0.403395 0.739830
vt 0.399440 0.740889
vt 0.395352 0.741932
vt 0.391137 0.742964
vt 0.386809 0.743986
vt 0.382385 0.745001
vt 0.377880 0.746009
vt 0.373310 0.747011
vt 0.368692 0.748010
vt 0.364042 0.749005
vt 0.445511 0.700863
vt 0.444463 0.703905
vt 0.443237 0.706755
vt 0.441836 0.709424
vt 0.440263 0.711925
vt 0.438522 0.714268
vt 0.436617 0.716468
vt 0.434550 0.718534
vt 0.432325 0.720479
vt 0.429940 0.722312
vt 0.427393 0.724042
vt 0.424680 0.725678
vt 0.421800 0.727228
vt 0.418750 0.728701
vt 0.415527 0.730106
vt 0.412128 0.731451
vt 0.408553 0.732746
vt 0.404801 0.733997
vt 0.400872 0.735211
vt 0.396769 0.736394
vt 0.392491 0.737553
vt 0.388040 0.738695
vt 0.383417 0.739825
vt 0.378622 0.740951
vt 0.373660 0.742077
vt 0.368548 0.743206
vt 0.363309 0.744336
vt 0.357962 0.745467
vt 0.352531 0.746599
vt 0.347035 0.747733
vt 0.341497 0.748866
vt 0.438299 0.699786
vt 0.437117 0.702753
vt 0.435723 0.705529
vt 0.434124 0.708128
vt 0.432326 0.710563
vt 0.430335 0.712847
vt 0.428156 0.714993
vt 0.425797 0.717014
vt 0.423262 0.718923
vt 0.420549 0.720728
vt 0.417655 0.722438
vt 0.414577 0.724061
vt 0.411312 0.725606
vt 0.407858 0.727081
vt 0.404210 0.728494
vt 0.400367 0.729854
vt 0.396324 0.731169
vt 0.392080 0.732447
vt 0.387631 0.733695
vt 0.382975 0.734923
vt 0.378109 0.736137
vt 0.373030 0.737345
vt 0.367734 0.738556
vt 0.362220 0.739778
vt 0.356490 0.741016
vt 0.350566 0.742270
vt 0.344475 0.743537
vt 0.338246 0.744816
vt 0.331907 0.746104
vt 0.325484 0.747399
vt 0.319006 0.748698
vt 0.431320 0.698603
vt 0.430007 0.701478
vt 0.428448 0.704166
vt 0.426651 0.706681
vt 0.424627 0.709037
vt 0.422385 0.711249
vt 0.419934 0.713331
vt 0.417283 0.715297
vt 0.414441 0.717161
vt 0.411404 0.718931
vt 0.408171 0.720616
vt 0.404736 0.722222
vt 0.401098 0.723758
vt 0.397251 0.725232
vt 0.393194 0.726651
vt 0.388921 0.728023
vt 0.384429 0.729356
vt 0.379711 0.730659
vt 0.374759 0.731943
vt 0.369564 0.733216
vt 0.364120 0.734488
vt 0.358417 0.735770
vt 0.352447 0.737071
vt 0.346204 0.738399
vt 0.339686 0.739764
vt 0.332920 0.741162
vt 0.325940 0.742589
vt 0.318782 0.744041
vt 0.311479 0.745513
vt 0.304067 0.747000
vt 0.296583 0.748498
vt 0.424619 0.697326
vt 0.423179 0.700090
vt 0.421451 0.702670
vt 0.419453 0.705082
vt 0.417199 0.707344
vt 0.414703 0.709471
vt 0.411979 0.711478
vt 0.409038 0.713380
vt 0.405891 0.715191
vt 0.402537 0.716920
vt 0.398972 0.718573
vt 0.395191 0.720158
vt 0.391191 0.721681
vt 0.386967 0.723150
vt 0.382515 0.724571
vt 0.377832 0.725952
vt 0.372911 0.727301
vt 0.367739 0.728627
vt 0.362304 0.729944
vt 0.356590 0.731263
vt 0.350584 0.732594
vt 0.344272 0.733951
vt 0.337639 0.735345
vt 0.330671 0.736788
vt 0.323363 0.738288
vt 0.315742 0.739843
vt 0.307844 0.741448
vt 0.299706 0.743099
vt 0.291365 0.744789
vt 0.282870 0.746509
vt 0.274273 0.748249
vt 0.418247 0.695971
vt 0.416678 0.698598
vt 0.414775 0.701043
vt 0.412564 0.703330
vt 0.410073 0.705480
vt 0.407320 0.707508
vt 0.404320 0.709430
vt 0.401091 0.711260
vt 0.397644 0.713012
vt 0.393979 0.714693
vt 0.390091 0.716309
vt 0.385975 0.717867
vt 0.381626 0.719373
vt 0.377040 0.720832
vt 0.372212 0.722252
vt 0.367138 0.723638
vt 0.361810 0.724998
vt 0.356209 0.726344
vt 0.350315 0.727691
vt 0.344108 0.729051
vt 0.337567 0.730440
vt 0.330670 0.731870
vt 0.323398 0.733356
vt 0.315729 0.734912
vt 0.307651 0.736548
vt 0.299182 0.738266
vt 0.290348 0.740063
vt 0.281177 0.741939
vt 0.271702 0.743888
vt 0.261994 0.745893
vt 0.252130 0.747937
vt 0.412251 0.694553
vt 0.410550 0.697008
vt 0.408458 0.699288
vt 0.406021 0.701422
vt 0.403282 0.703440
vt 0.400265 0.705355
vt 0.396988 0.707182
vt 0.393471 0.708933
vt 0.389729 0.710619
vt 0.385760 0.712246
vt 0.381558 0.713820
vt 0.377119 0.715346
vt 0.372437 0.716830
vt 0.367507 0.718275
vt 0.362323 0.719689
vt 0.356879 0.721075
vt 0.351168 0.722442
vt 0.345165 0.723803
vt 0.338843 0.725173
vt 0.332174 0.726570
vt 0.325131 0.728010
vt 0.317687 0.729507
vt 0.309815 0.731078
vt 0.301487 0.732740
vt 0.292680 0.734506
vt 0.283389 0.736385
vt 0.273614 0.738385
vt 0.263353 0.740511
vt 0.252627 0.742766
vt 0.241537 0.745121
vt 0.230204 0.747544
vt 0.406646 0.693072
vt 0.404807 0.695306
vt 0.402537 0.697392
vt 0.399859 0.699354
vt 0.396858 0.701218
vt 0.393569 0.703008
vt 0.390012 0.704732
vt 0.386210 0.706397
vt 0.382176 0.708011
vt 0.377910 0.709579
vt 0.373406 0.711105
vt 0.368657 0.712594
vt 0.363658 0.714050
vt 0.358402 0.715476
vt 0.352883 0.716878
vt 0.347095 0.718259
vt 0.341028 0.719626
vt 0.334652 0.720995
vt 0.327935 0.722383
vt 0.320842 0.723808
vt 0.313340 0.725289
vt 0.305397 0.726843
vt 0.296978 0.728488
vt 0.288051 0.730241
vt 0.278579 0.732122
vt 0.268517 0.734153
vt 0.257818 0.736355
vt 0.246434 0.738752
vt 0.234085 0.741445
vt 0.220985 0.744367
vt 0.207830 0.747294
vt 0.401699 0.691582
vt 0.399610 0.693501
vt 0.397086 0.695339
vt 0.394115 0.697108
vt 0.390832 0.698805
vt 0.387261 0.700460
vt 0.383422 0.702073
vt 0.379335 0.703647
vt 0.375016 0.705185
vt 0.370462 0.706689
vt 0.365666 0.708162
vt 0.360623 0.709608
vt 0.355324 0.711030
vt 0.349762 0.712431
vt 0.343932 0.713814
vt 0.337826 0.715183
vt 0.331432 0.716544
vt 0.324716 0.717913
vt 0.317641 0.719310
vt 0.310168 0.720753
vt 0.302259 0.722263
vt 0.293875 0.723859
vt 0.284978 0.725560
vt 0.275530 0.727385
vt 0.265482 0.729358
vt 0.254742 0.731515
vt 0.243209 0.733896
vt 0.230781 0.736544
vt 0.216530 0.739774
vt 0.200779 0.743485
vt 0.185302 0.747089
vt 0.397350 0.690073
vt 0.394955 0.691592
vt 0.392129 0.693116
vt 0.388827 0.694663
vt 0.385239 0.696188
vt 0.381373 0.697703
vt 0.377247 0.699202
vt 0.372877 0.700682
vt 0.368278 0.702138
vt 0.363445 0.703573
vt 0.358370 0.704988
vt 0.353047 0.706386
vt 0.347467 0.707768
vt 0.341623 0.709137
vt 0.335507 0.710495
vt 0.329110 0.711844
vt 0.322420 0.713191
vt 0.315401 0.714551
vt 0.308011 0.715945
vt 0.300207 0.717394
vt 0.291950 0.718917
vt 0.283196 0.720536
vt 0.273904 0.722270
vt 0.264032 0.724140
vt 0.253522 0.726171
vt 0.242243 0.728414
vt 0.230051 0.730923
vt 0.216797 0.733754
vt 0.200867 0.737453
vt 0.182451 0.741963
vt 0.164119 0.746430
vt 0.600455 0.688518
vt 0.399545 0.688518
vt 0.403604 0.689570
vt 0.408198 0.690685
vt 0.413514 0.691890
vt 0.419452 0.693140
vt 0.425756 0.694359
vt 0.432376 0.695525
vt 0.439264 0.696617
vt 0.446376 0.697616
vt 0.453679 0.698511
vt 0.461148 0.699294
vt 0.468754 0.699955
vt 0.476469 0.700484
vt 0.484267 0.700874
vt 0.492120 0.701114
vt 0.500000 0.701196
vt 0.507880 0.701114
vt 0.515733 0.700873
vt 0.523531 0.700484
vt 0.531246 0.699954
vt 0.538852 0.699294
vt 0.546321 0.698511
vt 0.553624 0.697616
vt 0.560736 0.696617
vt 0.567624 0.695525
vt 0.574244 0.694359
vt 0.580548 0.693140
vt 0.586486 0.691890
vt 0.591802 0.690685
vt 0.596396 0.689570
vt 0.600979 0.563830
vt 0.596404 0.563016
vt 0.596524 0.565774
vt 0.601586 0.566368
vt 0.596911 0.568825
vt 0.602381 0.569251
vt 0.597540 0.572174
vt 0.603354 0.572518
vt 0.598289 0.575743
vt 0.604381 0.576023
vt 0.599087 0.579535
vt 0.605410 0.579767
vt 0.599896 0.583528
vt 0.606413 0.583722
vt 0.600678 0.587698
vt 0.607358 0.587861
vt 0.601402 0.592024
vt 0.608220 0.592159
vt 0.602054 0.596484
vt 0.608987 0.596595
vt 0.602626 0.601060
vt 0.609654 0.601148
vt 0.603112 0.605732
vt 0.610214 0.605801
vt 0.603503 0.610482
vt 0.610661 0.610532
vt 0.603792 0.615289
vt 0.610988 0.615322
vt 0.603971 0.620135
vt 0.611189 0.620151
vt 0.604032 0.625000
vt 0.611258 0.625000
vt 0.603971 0.629865
vt 0.611189 0.629849
vt 0.603792 0.634711
vt 0.610988 0.634678
vt 0.603503 0.639518
vt 0.610661 0.639468
vt 0.603112 0.644268
vt 0.610214 0.644199
vt 0.602626 0.648940
vt 0.609654 0.648852
vt 0.602054 0.653516
vt 0.608987 0.653406
vt 0.601402 0.657977
vt 0.608220 0.657841
vt 0.600678 0.662302
vt 0.607358 0.662139
vt 0.599896 0.666472
vt 0.606413 0.666279
vt 0.599087 0.670465
vt 0.605410 0.670234
vt 0.598290 0.674258
vt 0.604381 0.673977
vt 0.597540 0.677826
vt 0.603354 0.677482
vt 0.596910 0.681175
vt 0.602381 0.680749
vt 0.596524 0.684226
vt 0.601586 0.683632
vt 0.596404 0.686984
vt 0.600979 0.686170
vt 0.591330 0.562072
vt 0.591097 0.565022
vt 0.591190 0.568220
vt 0.591546 0.571662
vt 0.592055 0.575319
vt 0.592648 0.579181
vt 0.593282 0.583231
vt 0.593916 0.587448
vt 0.594512 0.591815
vt 0.595058 0.596313
vt 0.595543 0.600923
vt 0.595960 0.605626
vt 0.596300 0.610404
vt 0.596553 0.615238
vt 0.596712 0.620110
vt 0.596766 0.625000
vt 0.596712 0.629890
vt 0.596553 0.634762
vt 0.596300 0.639596
vt 0.595960 0.644374
vt 0.595543 0.649078
vt 0.595058 0.653687
vt 0.594512 0.658185
vt 0.593916 0.662552
vt 0.593282 0.666770
vt 0.592648 0.670819
vt 0.592055 0.674681
vt 0.591546 0.678338
vt 0.591190 0.681780
vt 0.591097 0.684978
vt 0.591330 0.687928
vt 0.585688 0.561005
vt 0.585291 0.564129
vt 0.585211 0.567474
vt 0.585366 0.571030
vt 0.585676 0.574788
vt 0.586093 0.578733
vt 0.586572 0.582851
vt 0.587072 0.587127
vt 0.587554 0.591547
vt 0.588003 0.596092
vt 0.588409 0.600746
vt 0.588763 0.605489
vt 0.589055 0.610304
vt 0.589276 0.615173
vt 0.589415 0.620077
vt 0.589464 0.625000
vt 0.589415 0.629923
vt 0.589276 0.634828
vt 0.589055 0.639697
vt 0.588763 0.644511
vt 0.588409 0.649255
vt 0.588003 0.653908
vt 0.587554 0.658453
vt 0.587072 0.662873
vt 0.586572 0.667149
vt 0.586093 0.671267
vt 0.585676 0.675213
vt 0.585366 0.678970
vt 0.585211 0.682526
vt 0.585291 0.685871
vt 0.585688 0.688995
vt 0.579719 0.559912
vt 0.579223 0.563180
vt 0.579001 0.566655
vt 0.578996 0.570326
vt 0.579150 0.574183
vt 0.579422 0.578215
vt 0.579769 0.582409
vt 0.580150 0.586753
vt 0.580529 0.591233
vt 0.580892 0.595834
vt 0.581226 0.600537
vt 0.581524 0.605327
vt 0.581773 0.610185
vt 0.581963 0.615095
vt 0.582085 0.620039
vt 0.582128 0.625000
vt 0.582085 0.629961
vt 0.581963 0.634905
vt 0.581773 0.639815
vt 0.581524 0.644673
vt 0.581227 0.649463
vt 0.580892 0.654166
vt 0.580529 0.658767
vt 0.580150 0.663247
vt 0.579769 0.667591
vt 0.579422 0.671785
vt 0.579150 0.675817
vt 0.578996 0.679674
vt 0.579001 0.683346
vt 0.579223 0.686820
vt 0.579719 0.690089
vt 0.573418 0.558823
vt 0.572871 0.562215
vt 0.572560 0.565804
vt 0.572444 0.569581
vt 0.572483 0.573535
vt 0.572638 0.577654
vt 0.572873 0.581927
vt 0.573151 0.586342
vt 0.573441 0.590888
vt 0.573727 0.595548
vt 0.573998 0.600307
vt 0.574244 0.605147
vt 0.574454 0.610053
vt 0.574617 0.615008
vt 0.574723 0.619996
vt 0.574761 0.625000
vt 0.574723 0.630004
vt 0.574617 0.634992
vt 0.574454 0.639947
vt 0.574244 0.644853
vt 0.573998 0.649693
vt 0.573727 0.654452
vt 0.573441 0.659112
vt 0.573151 0.663658
vt 0.572873 0.668073
vt 0.572638 0.672346
vt 0.572483 0.676465
vt 0.572444 0.680419
vt 0.572560 0.684196
vt 0.572871 0.687786
vt 0.573418 0.691177
vt 0.566828 0.557766
vt 0.566266 0.561262
vt 0.565908 0.564953
vt 0.565722 0.568825
vt 0.565677 0.572869
vt 0.565742 0.577073
vt 0.565886 0.581424
vt 0.566078 0.585913
vt 0.566292 0.590525
vt 0.566511 0.595247
vt 0.566727 0.600063
vt 0.566928 0.604956
vt 0.567103 0.609913
vt 0.567241 0.614916
vt 0.567332 0.619950
vt 0.567365 0.625000
vt 0.567332 0.630050
vt 0.567241 0.635084
vt 0.567103 0.640088
vt 0.566928 0.645044
vt 0.566727 0.649938
vt 0.566511 0.654753
vt 0.566292 0.659475
vt 0.566078 0.664088
vt 0.565886 0.668576
vt 0.565742 0.672927
vt 0.565677 0.677131
vt 0.565722 0.681175
vt 0.565908 0.685048
vt 0.566266 0.688738
vt 0.566828 0.692234
vt 0.559989 0.556765
vt 0.559441 0.560351
vt 0.559066 0.564129
vt 0.558841 0.568087
vt 0.558740 0.572214
vt 0.558738 0.576496
vt 0.558811 0.580922
vt 0.558933 0.585480
vt 0.559084 0.590158
vt 0.559248 0.594941
vt 0.559417 0.599813
vt 0.559578 0.604761
vt 0.559722 0.609768
vt 0.559839 0.614820
vt 0.559916 0.619903
vt 0.559944 0.625000
vt 0.559916 0.630097
vt 0.559839 0.635180
vt 0.559722 0.640232
vt 0.559578 0.645240
vt 0.559417 0.650187
vt 0.559248 0.655059
vt 0.559084 0.659842
vt 0.558933 0.664520
vt 0.558811 0.669078
vt 0.558738 0.673504
vt 0.558740 0.677787
vt 0.558841 0.681913
vt 0.559066 0.685871
vt 0.559441 0.689649
vt 0.559989 0.693235
vt 0.552941 0.555843
vt 0.552424 0.559506
vt 0.552054 0.563360
vt 0.551811 0.567393
vt 0.551676 0.571592
vt 0.551629 0.575945
vt 0.551650 0.580439
vt 0.551720 0.585062
vt 0.551820 0.589800
vt 0.551941 0.594640
vt 0.552070 0.599567
vt 0.552198 0.604567
vt 0.552315 0.609624
vt 0.552411 0.614725
vt 0.552477 0.619855
vt 0.552501 0.625000
vt 0.552477 0.630145
vt 0.552411 0.635275
vt 0.552315 0.640376
vt 0.552198 0.645433
vt 0.552070 0.650433
vt 0.551941 0.655360
vt 0.551820 0.660200
vt 0.551720 0.664938
vt 0.551650 0.669561
vt 0.551629 0.674055
vt 0.551676 0.678408
vt 0.551811 0.682607
vt 0.552054 0.686640
vt 0.552424 0.690494
vt 0.552941 0.694157
vt 0.545713 0.555013
vt 0.545243 0.558741
vt 0.544894 0.562660
vt 0.544652 0.566757
vt 0.544501 0.571019
vt 0.544426 0.575434
vt 0.544413 0.579987
vt 0.544445 0.584668
vt 0.544508 0.589461
vt 0.544593 0.594354
vt 0.544691 0.599332
vt 0.544791 0.604380
vt 0.544885 0.609485
vt 0.544963 0.614633
vt 0.545017 0.619810
vt 0.545037 0.625000
vt 0.545017 0.630190
vt 0.544963 0.635367
vt 0.544885 0.640515
vt 0.544791 0.645620
vt 0.544691 0.650669
vt 0.544593 0.655646
vt 0.544508 0.660539
vt 0.544445 0.665332
vt 0.544413 0.670013
vt 0.544426 0.674567
vt 0.544501 0.678981
vt 0.544652 0.683243
vt 0.544894 0.687340
vt 0.545243 0.691259
vt 0.545713 0.694987
vt 0.538331 0.554283
vt 0.537919 0.558065
vt 0.537606 0.562038
vt 0.537381 0.566189
vt 0.537230 0.570505
vt 0.537144 0.574972
vt 0.537110 0.579577
vt 0.537117 0.584308
vt 0.537154 0.589150
vt 0.537213 0.594090
vt 0.537284 0.599113
vt 0.537361 0.604207
vt 0.537435 0.609356
vt 0.537497 0.614548
vt 0.537541 0.619767
vt 0.537557 0.625000
vt 0.537541 0.630233
vt 0.537497 0.635453
vt 0.537435 0.640644
vt 0.537361 0.645793
vt 0.537284 0.650887
vt 0.537213 0.655910
vt 0.537154 0.660851
vt 0.537117 0.665693
vt 0.537110 0.670423
vt 0.537144 0.675029
vt 0.537230 0.679496
vt 0.537381 0.683811
vt 0.537606 0.687962
vt 0.537919 0.691935
vt 0.538331 0.695717
vt 0.530819 0.553665
vt 0.530477 0.557489
vt 0.530212 0.561506
vt 0.530016 0.565700
vt 0.529880 0.570059
vt 0.529795 0.574570
vt 0.529753 0.579219
vt 0.529746 0.583991
vt 0.529765 0.588875
vt 0.529804 0.593856
vt 0.529855 0.598919
vt 0.529912 0.604052
vt 0.529968 0.609241
vt 0.530016 0.614471
vt 0.530050 0.619729
vt 0.530062 0.625000
vt 0.530050 0.630272
vt 0.530016 0.635529
vt 0.529968 0.640759
vt 0.529912 0.645948
vt 0.529855 0.651081
vt 0.529804 0.656145
vt 0.529765 0.661125
vt 0.529746 0.666009
vt 0.529753 0.670782
vt 0.529795 0.675430
vt 0.529880 0.679941
vt 0.530016 0.684300
vt 0.530212 0.688495
vt 0.530477 0.692511
vt 0.530819 0.696335
vt 0.523205 0.553167
vt 0.522941 0.557024
vt 0.522734 0.561073
vt 0.522577 0.565301
vt 0.522466 0.569694
vt 0.522393 0.574239
vt 0.522353 0.578922
vt 0.522340 0.583729
vt 0.522349 0.588646
vt 0.522373 0.593660
vt 0.522407 0.598756
vt 0.522447 0.603922
vt 0.522487 0.609143
vt 0.522522 0.614406
vt 0.522547 0.619696
vt 0.522557 0.625000
vt 0.522547 0.630304
vt 0.522522 0.635594
vt 0.522487 0.640857
vt 0.522447 0.646078
vt 0.522407 0.651244
vt 0.522373 0.656340
vt 0.522349 0.661354
vt 0.522340 0.666272
vt 0.522353 0.671078
vt 0.522393 0.675761
vt 0.522466 0.680306
vt 0.522577 0.684699
vt 0.522734 0.688927
vt 0.522941 0.692976
vt 0.523205 0.696833
vt 0.515513 0.552799
vt 0.515333 0.556679
vt 0.515191 0.560751
vt 0.515083 0.565003
vt 0.515004 0.569421
vt 0.514951 0.573990
vt 0.514920 0.578697
vt 0.514908 0.583529
vt 0.514911 0.588471
vt 0.514924 0.593510
vt 0.514946 0.598632
vt 0.514971 0.603822
vt 0.514997 0.609068
vt 0.515020 0.614356
vt 0.515036 0.619671
vt 0.515043 0.625000
vt 0.515036 0.630329
vt 0.515020 0.635644
vt 0.514997 0.640932
vt 0.514971 0.646178
vt 0.514946 0.651368
vt 0.514924 0.656490
vt 0.514911 0.661529
vt 0.514908 0.666471
vt 0.514920 0.671303
vt 0.514951 0.676010
vt 0.515004 0.680580
vt 0.515082 0.684997
vt 0.515191 0.689249
vt 0.515333 0.693322
vt 0.515513 0.697201
vt 0.507769 0.552571
vt 0.507679 0.556464
vt 0.507606 0.560550
vt 0.507551 0.564816
vt 0.507510 0.569248
vt 0.507482 0.573832
vt 0.507466 0.578555
vt 0.507458 0.583402
vt 0.507459 0.588360
vt 0.507465 0.593414
vt 0.507475 0.598552
vt 0.507488 0.603758
vt 0.507500 0.609020
vt 0.507511 0.614324
vt 0.507520 0.619655
vt 0.507523 0.625000
vt 0.507520 0.630345
vt 0.507512 0.635676
vt 0.507500 0.640980
vt 0.507488 0.646242
vt 0.507475 0.651448
vt 0.507465 0.656586
vt 0.507459 0.661640
vt 0.507458 0.666598
vt 0.507466 0.671445
vt 0.507482 0.676168
vt 0.507510 0.680752
vt 0.507551 0.685184
vt 0.507606 0.689450
vt 0.507678 0.693536
vt 0.507769 0.697429
vt 0.500000 0.552493
vt 0.500000 0.556390
vt 0.500000 0.560481
vt 0.500000 0.564752
vt 0.500000 0.569188
vt 0.500000 0.573778
vt 0.500000 0.578505
vt 0.500000 0.583357
vt 0.500000 0.588320
vt 0.500000 0.593380
vt 0.500000 0.598523
vt 0.500000 0.603736
vt 0.500000 0.609003
vt 0.500000 0.614312
vt 0.500000 0.619649
vt 0.500000 0.625000
vt 0.500000 0.630351
vt 0.500000 0.635688
vt 0.500000 0.640997
vt 0.500000 0.646264
vt 0.500000 0.651477
vt 0.500000 0.656620
vt 0.500000 0.661680
vt 0.500000 0.666643
vt 0.500000 0.671495
vt 0.500000 0.676222
vt 0.500000 0.680812
vt 0.500000 0.685249
vt 0.500000 0.689519
vt 0.500000 0.693610
vt 0.500000 0.697507
vt 0.492231 0.552571
vt 0.492322 0.556464
vt 0.492394 0.560550
vt 0.492449 0.564816
vt 0.492490 0.569248
vt 0.492518 0.573832
vt 0.492534 0.578555
vt 0.492542 0.583402
vt 0.492541 0.588360
vt 0.492535 0.593414
vt 0.492525 0.598552
vt 0.492513 0.603758
vt 0.492500 0.609020
vt 0.492489 0.614324
vt 0.492480 0.619655
vt 0.492477 0.625000
vt 0.492480 0.630345
vt 0.492489 0.635676
vt 0.492500 0.640980
vt 0.492513 0.646242
vt 0.492525 0.651448
vt 0.492535 0.656586
vt 0.492541 0.661641
vt 0.492542 0.666598
vt 0.492534 0.671445
vt 0.492518 0.676168
vt 0.492490 0.680752
vt 0.492449 0.685184
vt 0.492394 0.689450
vt 0.492322 0.693536
vt 0.492231 0.697429
vt 0.484487 0.552799
vt 0.484667 0.556678
vt 0.484809 0.560751
vt 0.484918 0.565003
vt 0.484996 0.569420
vt 0.485049 0.573990
vt 0.485080 0.578697
vt 0.485092 0.583529
vt 0.485089 0.588471
vt 0.485076 0.593510
vt 0.485054 0.598632
vt 0.485029 0.603822
vt 0.485003 0.609068
vt 0.484980 0.614356
vt 0.484964 0.619671
vt 0.484957 0.625000
vt 0.484964 0.630329
vt 0.484980 0.635644
vt 0.485003 0.640932
vt 0.485029 0.646178
vt 0.485054 0.651368
vt 0.485076 0.656490
vt 0.485089 0.661529
vt 0.485092 0.666471
vt 0.485080 0.671303
vt 0.485049 0.676010
vt 0.484996 0.680580
vt 0.484918 0.684997
vt 0.484809 0.689249
vt 0.484667 0.693322
vt 0.484487 0.697201
vt 0.476795 0.553167
vt 0.477059 0.557024
vt 0.477266 0.561073
vt 0.477423 0.565301
vt 0.477534 0.569694
vt 0.477607 0.574239
vt 0.477647 0.578922
vt 0.477660 0.583729
vt 0.477652 0.588646
vt 0.477628 0.593660
vt 0.477593 0.598756
vt 0.477553 0.603922
vt 0.477513 0.609143
vt 0.477478 0.614406
vt 0.477453 0.619696
vt 0.477443 0.625000
vt 0.477453 0.630304
vt 0.477478 0.635594
vt 0.477513 0.640857
vt 0.477553 0.646078
vt 0.477593 0.651244
vt 0.477628 0.656340
vt 0.477652 0.661354
vt 0.477660 0.666272
vt 0.477647 0.671078
vt 0.477607 0.675761
vt 0.477534 0.680306
vt 0.477423 0.684699
vt 0.477266 0.688927
vt 0.477059 0.692976
vt 0.476795 0.696833
vt 0.469181 0.553665
vt 0.469523 0.557489
vt 0.469788 0.561506
vt 0.469984 0.565700
vt 0.470120 0.570059
vt 0.470205 0.574570
vt 0.470247 0.579219
vt 0.470254 0.583991
vt 0.470235 0.588875
vt 0.470196 0.593856
vt 0.470145 0.598919
vt 0.470088 0.604052
vt 0.470033 0.609241
vt 0.469984 0.614471
vt 0.469950 0.619729
vt 0.469938 0.625000
vt 0.469950 0.630272
vt 0.469984 0.635529
vt 0.470033 0.640759
vt 0.470088 0.645948
vt 0.470145 0.651081
vt 0.470196 0.656145
vt 0.470235 0.661125
vt 0.470254 0.666009
vt 0.470247 0.670782
vt 0.470205 0.675430
vt 0.470120 0.679941
vt 0.469984 0.684300
vt 0.469788 0.688495
vt 0.469523 0.692511
vt 0.469181 0.696335
vt 0.461669 0.554283
vt 0.462081 0.558065
vt 0.462394 0.562038
vt 0.462620 0.566189
vt 0.462770 0.570504
vt 0.462856 0.574972
vt 0.462890 0.579577
vt 0.462883 0.584308
vt 0.462846 0.589150
vt 0.462787 0.594089
vt 0.462716 0.599113
vt 0.462639 0.604207
vt 0.462566 0.609356
vt 0.462503 0.614548
vt 0.462459 0.619767
vt 0.462443 0.625000
vt 0.462459 0.630233
vt 0.462503 0.635452
vt 0.462566 0.640644
vt 0.462639 0.645793
vt 0.462716 0.650887
vt 0.462787 0.655911
vt 0.462846 0.660850
vt 0.462883 0.665693
vt 0.462890 0.670423
vt 0.462856 0.675028
vt 0.462770 0.679496
vt 0.462620 0.683811
vt 0.462394 0.687962
vt 0.462081 0.691935
vt 0.461670 0.695717
vt 0.454287 0.555013
vt 0.454757 0.558741
vt 0.455106 0.562660
vt 0.455348 0.566757
vt 0.455499 0.571019
vt 0.455574 0.575434
vt 0.455587 0.579987
vt 0.455555 0.584668
vt 0.455492 0.589461
vt 0.455407 0.594354
vt 0.455309 0.599331
vt 0.455209 0.604380
vt 0.455115 0.609486
vt 0.455037 0.614633
vt 0.454983 0.619810
vt 0.454963 0.625000
vt 0.454983 0.630190
vt 0.455037 0.635367
vt 0.455115 0.640515
vt 0.455209 0.645620
vt 0.455309 0.650669
vt 0.455407 0.655646
vt 0.455492 0.660539
vt 0.455555 0.665332
vt 0.455588 0.670013
vt 0.455574 0.674567
vt 0.455499 0.678981
vt 0.455348 0.683243
vt 0.455106 0.687340
vt 0.454757 0.691259
vt 0.454287 0.694987
vt 0.447059 0.555843
vt 0.447576 0.559506
vt 0.447946 0.563360
vt 0.448189 0.567393
vt 0.448324 0.571592
vt 0.448371 0.575945
vt 0.448350 0.580439
vt 0.448280 0.585062
vt 0.448180 0.589800
vt 0.448060 0.594640
vt 0.447930 0.599567
vt 0.447802 0.604567
vt 0.447685 0.609624
vt 0.447589 0.614725
vt 0.447523 0.619855
vt 0.447499 0.625000
vt 0.447523 0.630145
vt 0.447589 0.635275
vt 0.447685 0.640376
vt 0.447802 0.645433
vt 0.447930 0.650433
vt 0.448060 0.655360
vt 0.448180 0.660200
vt 0.448280 0.664938
vt 0.448350 0.669561
vt 0.448371 0.674055
vt 0.448324 0.678408
vt 0.448189 0.682607
vt 0.447946 0.686640
vt 0.447576 0.690494
vt 0.447059 0.694157
vt 0.440011 0.556765
vt 0.440559 0.560351
vt 0.440934 0.564129
vt 0.441159 0.568087
vt 0.441261 0.572214
vt 0.441262 0.576496
vt 0.441189 0.580922
vt 0.441067 0.585480
vt 0.440917 0.590158
vt 0.440752 0.594941
vt 0.440584 0.599813
vt 0.440422 0.604761
vt 0.440278 0.609768
vt 0.440162 0.614820
vt 0.440084 0.619903
vt 0.440056 0.625000
vt 0.440084 0.630097
vt 0.440162 0.635180
vt 0.440278 0.640232
vt 0.440422 0.645239
vt 0.440584 0.650187
vt 0.440752 0.655059
vt 0.440917 0.659842
vt 0.441067 0.664520
vt 0.441189 0.669078
vt 0.441262 0.673504
vt 0.441261 0.677787
vt 0.441159 0.681913
vt 0.440934 0.685871
vt 0.440559 0.689649
vt 0.440011 0.693235
vt 0.433172 0.557766
vt 0.433734 0.561262
vt 0.434092 0.564952
vt 0.434278 0.568825
vt 0.434323 0.572869
vt 0.434258 0.577073
vt 0.434114 0.581425
vt 0.433922 0.585913
vt 0.433709 0.590525
vt 0.433489 0.595247
vt 0.433273 0.600063
vt 0.433072 0.604956
vt 0.432897 0.609913
vt 0.432759 0.614916
vt 0.432668 0.619950
vt 0.432635 0.625000
vt 0.432668 0.630050
vt 0.432759 0.635084
vt 0.432897 0.640088
vt 0.433072 0.645044
vt 0.433273 0.649938
vt 0.433489 0.654753
vt 0.433709 0.659475
vt 0.433922 0.664087
vt 0.434114 0.668576
vt 0.434258 0.672927
vt 0.434323 0.677131
vt 0.434278 0.681175
vt 0.434092 0.685048
vt 0.433734 0.688738
vt 0.433172 0.692234
vt 0.426582 0.558823
vt 0.427129 0.562215
vt 0.427440 0.565804
vt 0.427556 0.569581
vt 0.427517 0.573535
vt 0.427362 0.577654
vt 0.427127 0.581927
vt 0.426849 0.586342
vt 0.426559 0.590888
vt 0.426273 0.595548
vt 0.426002 0.600307
vt 0.425756 0.605147
vt 0.425546 0.610053
vt 0.425383 0.615008
vt 0.425277 0.619996
vt 0.425239 0.625000
vt 0.425277 0.630004
vt 0.425383 0.634992
vt 0.425546 0.639947
vt 0.425756 0.644853
vt 0.426002 0.649693
vt 0.426273 0.654452
vt 0.426559 0.659112
vt 0.426849 0.663658
vt 0.427127 0.668073
vt 0.427362 0.672346
vt 0.427518 0.676465
vt 0.427556 0.680419
vt 0.427440 0.684196
vt 0.427129 0.687786
vt 0.426582 0.691177
vt 0.420281 0.559912
vt 0.420777 0.563180
vt 0.420999 0.566655
vt 0.421004 0.570326
vt 0.420850 0.574183
vt 0.420578 0.578215
vt 0.420231 0.582409
vt 0.419850 0.586753
vt 0.419471 0.591233
vt 0.419108 0.595834
vt 0.418774 0.600538
vt 0.418477 0.605327
vt 0.418228 0.610185
vt 0.418037 0.615095
vt 0.417915 0.620039
vt 0.417872 0.625000
vt 0.417915 0.629961
vt 0.418037 0.634905
vt 0.418228 0.639815
vt 0.418477 0.644673
vt 0.418774 0.649463
vt 0.419108 0.654166
vt 0.419471 0.658767
vt 0.419850 0.663247
vt 0.420231 0.667591
vt 0.420578 0.671785
vt 0.420850 0.675817
vt 0.421005 0.679674
vt 0.420999 0.683346
vt 0.420777 0.686820
vt 0.420281 0.690089
vt 0.414312 0.561005
vt 0.414709 0.564129
vt 0.414789 0.567474
vt 0.414635 0.571030
vt 0.414324 0.574788
vt 0.413907 0.578733
vt 0.413428 0.582851
vt 0.412928 0.587127
vt 0.412446 0.591547
vt 0.411997 0.596092
vt 0.411591 0.600746
vt 0.411237 0.605489
vt 0.410945 0.610304
vt 0.410724 0.615173
vt 0.410585 0.620077
vt 0.410536 0.625000
vt 0.410585 0.629923
vt 0.410724 0.634828
vt 0.410945 0.639697
vt 0.411237 0.644511
vt 0.411591 0.649255
vt 0.411997 0.653908
vt 0.412446 0.658453
vt 0.412928 0.662873
vt 0.413428 0.667149
vt 0.413907 0.671268
vt 0.414324 0.675213
vt 0.414634 0.678970
vt 0.414789 0.682526
vt 0.414709 0.685871
vt 0.414312 0.688995
vt 0.408670 0.562072
vt 0.408903 0.565022
vt 0.408810 0.568220
vt 0.408454 0.571662
vt 0.407945 0.575319
vt 0.407352 0.579181
vt 0.406718 0.583231
vt 0.406084 0.587448
vt 0.405488 0.591815
vt 0.404942 0.596313
vt 0.404457 0.600923
vt 0.404040 0.605626
vt 0.403700 0.610404
vt 0.403447 0.615238
vt 0.403289 0.620110
vt 0.403234 0.625000
vt 0.403288 0.629890
vt 0.403447 0.634762
vt 0.403700 0.639596
vt 0.404040 0.644374
vt 0.404457 0.649077
vt 0.404942 0.653687
vt 0.405488 0.658185
vt 0.406084 0.662552
vt 0.406718 0.666770
vt 0.407352 0.670819
vt 0.407945 0.674681
vt 0.408454 0.678338
vt 0.408810 0.681780
vt 0.408903 0.684978
vt 0.408670 0.687928
vt 0.403596 0.563016
vt 0.403476 0.565774
vt 0.403090 0.568825
vt 0.402460 0.572174
vt 0.401711 0.575743
vt 0.400913 0.579535
vt 0.400104 0.583528
vt 0.399322 0.587698
vt 0.398598 0.592024
vt 0.397947 0.596484
vt 0.397374 0.601060
vt 0.396888 0.605732
vt 0.396497 0.610482
vt 0.396208 0.615289
vt 0.396030 0.620135
vt 0.395968 0.625000
vt 0.396030 0.629865
vt 0.396208 0.634711
vt 0.396497 0.639518
vt 0.396888 0.644268
vt 0.397374 0.648940
vt 0.397947 0.653516
vt 0.398598 0.657977
vt 0.399322 0.662302
vt 0.400104 0.666472
vt 0.400913 0.670465
vt 0.401711 0.674258
vt 0.402460 0.677826
vt 0.403090 0.681175
vt 0.403476 0.684226
vt 0.403596 0.686984
vt 0.399021 0.563830
vt 0.398414 0.566368
vt 0.397619 0.569251
vt 0.396646 0.572518
vt 0.395620 0.576023
vt 0.394590 0.579767
vt 0.393587 0.583722
vt 0.392642 0.587861
vt 0.391780 0.592159
vt 0.391013 0.596595
vt 0.390346 0.601148
vt 0.389786 0.605801
vt 0.389339 0.610532
vt 0.389012 0.615322
vt 0.388811 0.620151
vt 0.388742 0.625000
vt 0.388811 0.629849
vt 0.389012 0.634678
vt 0.389339 0.639468
vt 0.389786 0.644199
vt 0.390346 0.648852
vt 0.391013 0.653406
vt 0.391780 0.657841
vt 0.392642 0.662139
vt 0.393587 0.666279
vt 0.394590 0.670234
vt 0.395620 0.673977
vt 0.396646 0.677482
vt 0.397619 0.680749
vt 0.398414 0.683632
vt 0.399021 0.686170
vt 0.600455 0.561483
vt 0.399545 0.561483
vt 0.403604 0.560430
vt 0.408198 0.559315
vt 0.413514 0.558110
vt 0.419452 0.556860
vt 0.425756 0.555641
vt 0.432376 0.554475
vt 0.439264 0.553383
vt 0.446376 0.552384
vt 0.453679 0.551489
vt 0.461148 0.550706
vt 0.468754 0.550046
vt 0.476469 0.549516
vt 0.484267 0.549127
vt 0.492120 0.548886
vt 0.500000 0.548804
vt 0.507880 0.548886
vt 0.515733 0.549127
vt 0.523531 0.549516
vt 0.531246 0.550046
vt 0.538852 0.550706
vt 0.546321 0.551489
vt 0.553624 0.552384
vt 0.560736 0.553384
vt 0.567624 0.554475
vt 0.574244 0.555641
vt 0.580548 0.556860
vt 0.586486 0.558110
vt 0.591802 0.559315
vt 0.596396 0.560430
vt 0.397350 0.559927
vt 0.401699 0.558419
vt 0.399610 0.556499
vt 0.394955 0.558408
vt 0.397086 0.554661
vt 0.392129 0.556884
vt 0.394115 0.552892
vt 0.388827 0.555337
vt 0.390832 0.551195
vt 0.385239 0.553812
vt 0.387261 0.549541
vt 0.381373 0.552298
vt 0.383422 0.547927
vt 0.377247 0.550798
vt 0.379335 0.546353
vt 0.372877 0.549318
vt 0.375016 0.544815
vt 0.368278 0.547862
vt 0.370462 0.543311
vt 0.363445 0.546427
vt 0.365666 0.541838
vt 0.358370 0.545012
vt 0.360623 0.540392
vt 0.353047 0.543615
vt 0.355324 0.538970
vt 0.347467 0.542232
vt 0.349762 0.537569
vt 0.341623 0.540863
vt 0.343932 0.536186
vt 0.335507 0.539505
vt 0.337826 0.534817
vt 0.329110 0.538156
vt 0.331431 0.533456
vt 0.322420 0.536809
vt 0.324716 0.532087
vt 0.315401 0.535449
vt 0.317641 0.530690
vt 0.308011 0.534055
vt 0.310168 0.529247
vt 0.300208 0.532606
vt 0.302259 0.527737
vt 0.291950 0.531083
vt 0.293875 0.526141
vt 0.283196 0.529464
vt 0.284978 0.524440
vt 0.273904 0.527730
vt 0.275530 0.522615
vt 0.264032 0.525860
vt 0.265482 0.520643
vt 0.253522 0.523829
vt 0.254742 0.518486
vt 0.242243 0.521586
vt 0.243209 0.516104
vt 0.230051 0.519077
vt 0.230781 0.513456
vt 0.216797 0.516247
vt 0.216530 0.510226
vt 0.200867 0.512547
vt 0.200779 0.506515
vt 0.182451 0.508037
vt 0.185302 0.502911
vt 0.164119 0.503570
vt 0.406646 0.556928
vt 0.404807 0.554694
vt 0.402537 0.552608
vt 0.399859 0.550646
vt 0.396858 0.548782
vt 0.393569 0.546992
vt 0.390012 0.545268
vt 0.386209 0.543603
vt 0.382176 0.541989
vt 0.377910 0.540421
vt 0.373406 0.538895
vt 0.368657 0.537406
vt 0.363658 0.535950
vt 0.358402 0.534524
vt 0.352883 0.533122
vt 0.347095 0.531741
vt 0.341028 0.530374
vt 0.334652 0.529006
vt 0.327935 0.527617
vt 0.320842 0.526192
vt 0.313340 0.524711
vt 0.305397 0.523157
vt 0.296978 0.521513
vt 0.288051 0.519759
vt 0.278579 0.517878
vt 0.268517 0.515847
vt 0.257818 0.513645
vt 0.246434 0.511248
vt 0.234085 0.508555
vt 0.220985 0.505633
vt 0.207830 0.502706
vt 0.412251 0.555447
vt 0.410550 0.552992
vt 0.408458 0.550712
vt 0.406021 0.548578
vt 0.403282 0.546561
vt 0.400265 0.544645
vt 0.396988 0.542818
vt 0.393471 0.541067
vt 0.389729 0.539381
vt 0.385760 0.537754
vt 0.381558 0.536180
vt 0.377119 0.534654
vt 0.372437 0.533171
vt 0.367507 0.531725
vt 0.362323 0.530311
vt 0.356879 0.528925
vt 0.351168 0.527558
vt 0.345165 0.526198
vt 0.338843 0.524827
vt 0.332174 0.523430
vt 0.325131 0.521991
vt 0.317687 0.520493
vt 0.309815 0.518922
vt 0.301487 0.517260
vt 0.292680 0.515494
vt 0.283389 0.513615
vt 0.273614 0.511615
vt 0.263353 0.509489
vt 0.252627 0.507234
vt 0.241537 0.504879
vt 0.230204 0.502456
vt 0.418247 0.554029
vt 0.416678 0.551403
vt 0.414775 0.548957
vt 0.412564 0.546670
vt 0.410073 0.544521
vt 0.407320 0.542492
vt 0.404320 0.540570
vt 0.401091 0.538740
vt 0.397644 0.536988
vt 0.393979 0.535308
vt 0.390091 0.533691
vt 0.385975 0.532133
vt 0.381626 0.530627
vt 0.377040 0.529168
vt 0.372212 0.527748
vt 0.367138 0.526362
vt 0.361809 0.525002
vt 0.356209 0.523656
vt 0.350315 0.522309
vt 0.344108 0.520949
vt 0.337567 0.519560
vt 0.330670 0.518130
vt 0.323398 0.516644
vt 0.315729 0.515089
vt 0.307651 0.513452
vt 0.299182 0.511734
vt 0.290348 0.509937
vt 0.281177 0.508061
vt 0.271702 0.506112
vt 0.261994 0.504107
vt 0.252130 0.502063
vt 0.424619 0.552674
vt 0.423179 0.549910
vt 0.421451 0.547330
vt 0.419453 0.544918
vt 0.417199 0.542656
vt 0.414703 0.540529
vt 0.411979 0.538522
vt 0.409038 0.536620
vt 0.405891 0.534809
vt 0.402537 0.533080
vt 0.398972 0.531427
vt 0.395191 0.529842
vt 0.391191 0.528319
vt 0.386967 0.526850
vt 0.382515 0.525429
vt 0.377832 0.524048
vt 0.372911 0.522699
vt 0.367739 0.521373
vt 0.362304 0.520056
vt 0.356590 0.518738
vt 0.350584 0.517406
vt 0.344272 0.516049
vt 0.337639 0.514655
vt 0.330671 0.513212
vt 0.323363 0.511713
vt 0.315742 0.510158
vt 0.307844 0.508552
vt 0.299706 0.506901
vt 0.291365 0.505211
vt 0.282870 0.503491
vt 0.274273 0.501751
vt 0.431320 0.551398
vt 0.430007 0.548522
vt 0.428448 0.545834
vt 0.426651 0.543319
vt 0.424627 0.540963
vt 0.422385 0.538751
vt 0.419934 0.536669
vt 0.417283 0.534703
vt 0.414441 0.532839
vt 0.411404 0.531069
vt 0.408171 0.529384
vt 0.404736 0.527778
vt 0.401098 0.526242
vt 0.397251 0.524768
vt 0.393194 0.523349
vt 0.388921 0.521977
vt 0.384429 0.520644
vt 0.379711 0.519341
vt 0.374759 0.518058
vt 0.369564 0.516784
vt 0.364120 0.515512
vt 0.358417 0.514230
vt 0.352447 0.512929
vt 0.346204 0.511601
vt 0.339686 0.510236
vt 0.332920 0.508838
vt 0.325940 0.507411
vt 0.318782 0.505959
vt 0.311479 0.504487
vt 0.304067 0.503000
vt 0.296583 0.501503
vt 0.438299 0.550214
vt 0.437117 0.547247
vt 0.435723 0.544471
vt 0.434124 0.541872
vt 0.432326 0.539437
vt 0.430334 0.537153
vt 0.428156 0.535007
vt 0.425797 0.532986
vt 0.423262 0.531077
vt 0.420549 0.529272
vt 0.417655 0.527562
vt 0.414577 0.525939
vt 0.411312 0.524394
vt 0.407858 0.522919
vt 0.404210 0.521506
vt 0.400367 0.520146
vt 0.396324 0.518831
vt 0.392080 0.517554
vt 0.387631 0.516305
vt 0.382975 0.515077
vt 0.378109 0.513863
vt 0.373030 0.512655
vt 0.367734 0.511444
vt 0.362220 0.510222
vt 0.356490 0.508984
vt 0.350566 0.507731
vt 0.344475 0.506463
vt 0.338246 0.505184
vt 0.331907 0.503896
vt 0.325484 0.502601
vt 0.319006 0.501302
vt 0.445511 0.549137
vt 0.444463 0.546095
vt 0.443237 0.543245
vt 0.441836 0.540576
vt 0.440263 0.538075
vt 0.438522 0.535732
vt 0.436617 0.533532
vt 0.434550 0.531466
vt 0.432325 0.529521
vt 0.429940 0.527688
vt 0.427393 0.525958
vt 0.424680 0.524322
vt 0.421800 0.522772
vt 0.418750 0.521299
vt 0.415527 0.519894
vt 0.412128 0.518549
vt 0.408553 0.517254
vt 0.404801 0.516003
vt 0.400872 0.514789
vt 0.396769 0.513606
vt 0.392491 0.512447
vt 0.388040 0.511306
vt 0.383417 0.510175
vt 0.378622 0.509049
vt 0.373660 0.507923
vt 0.368548 0.506794
vt 0.363309 0.505664
vt 0.357962 0.504533
vt 0.352531 0.503401
vt 0.347035 0.502267
vt 0.341497 0.501134
vt 0.452923 0.548178
vt 0.452016 0.545072
vt 0.450960 0.542162
vt 0.449757 0.539435
vt 0.448409 0.536881
vt 0.446918 0.534489
vt 0.445285 0.532247
vt 0.443512 0.530144
vt 0.441600 0.528170
vt 0.439548 0.526315
vt 0.437353 0.524571
vt 0.435013 0.522927
vt 0.432527 0.521375
vt 0.429892 0.519906
vt 0.427106 0.518511
vt 0.424167 0.517181
vt 0.421074 0.515906
vt 0.417829 0.514682
vt 0.414435 0.513501
vt 0.410896 0.512360
vt 0.407215 0.511251
vt 0.403395 0.510170
vt 0.399440 0.509111
vt 0.395352 0.508068
vt 0.391137 0.507036
vt 0.386809 0.506014
vt 0.382385 0.504999
vt 0.377880 0.503992
vt 0.373310 0.502989
vt 0.368692 0.501991
vt 0.364042 0.500995
vt 0.460507 0.547343
vt 0.459744 0.544187
vt 0.458861 0.541228
vt 0.457858 0.538455
vt 0.456735 0.535859
vt 0.455492 0.533428
vt 0.454132 0.531152
vt 0.452653 0.529022
vt 0.451056 0.527026
vt 0.449340 0.525155
vt 0.447503 0.523399
vt 0.445543 0.521751
vt 0.443459 0.520199
vt 0.441249 0.518736
vt 0.438911 0.517351
vt 0.436443 0.516036
vt 0.433846 0.514782
vt 0.431121 0.513583
vt 0.428274 0.512434
vt 0.425310 0.511330
vt 0.422232 0.510267
vt 0.419045 0.509238
vt 0.415754 0.508240
vt 0.412363 0.507267
vt 0.408878 0.506315
vt 0.405310 0.505380
vt 0.401669 0.504460
vt 0.397970 0.503553
vt 0.394222 0.502656
vt 0.390439 0.501766
vt 0.386632 0.500882
vt 0.468234 0.546641
vt 0.467619 0.543446
vt 0.466910 0.540449
vt 0.466107 0.537641
vt 0.465209 0.535012
vt 0.464216 0.532553
vt 0.463127 0.530252
vt 0.461943 0.528100
vt 0.460664 0.526088
vt 0.459287 0.524205
vt 0.457812 0.522443
vt 0.456238 0.520792
vt 0.454562 0.519243
vt 0.452785 0.517786
vt 0.450904 0.516412
vt 0.448917 0.515111
vt 0.446826 0.513876
vt 0.444633 0.512700
vt 0.442344 0.511579
vt 0.439962 0.510509
vt 0.437493 0.509484
vt 0.434941 0.508500
vt 0.432312 0.507552
vt 0.429609 0.506636
vt 0.426839 0.505747
vt 0.424009 0.504883
vt 0.421127 0.504038
vt 0.418203 0.503210
vt 0.415245 0.502396
vt 0.412261 0.501592
vt 0.409260 0.500794
vt 0.476075 0.546081
vt 0.475612 0.542856
vt 0.475079 0.539832
vt 0.474476 0.536999
vt 0.473802 0.534347
vt 0.473058 0.531866
vt 0.472241 0.529547
vt 0.471353 0.527381
vt 0.470392 0.525358
vt 0.469357 0.523467
vt 0.468248 0.521701
vt 0.467063 0.520049
vt 0.465802 0.518503
vt 0.464463 0.517052
vt 0.463046 0.515688
vt 0.461550 0.514400
vt 0.459973 0.513181
vt 0.458321 0.512025
vt 0.456597 0.510928
vt 0.454805 0.509885
vt 0.452949 0.508892
vt 0.451034 0.507943
vt 0.449064 0.507036
vt 0.447043 0.506164
vt 0.444975 0.505324
vt 0.442867 0.504512
vt 0.440724 0.503724
vt 0.438552 0.502955
vt 0.436356 0.502203
vt 0.434143 0.501462
vt 0.431918 0.500729
vt 0.484002 0.545671
vt 0.483692 0.542426
vt 0.483336 0.539383
vt 0.482934 0.536533
vt 0.482485 0.533865
vt 0.481989 0.531371
vt 0.481445 0.529041
vt 0.480852 0.526866
vt 0.480211 0.524835
vt 0.479520 0.522941
vt 0.478779 0.521172
vt 0.477988 0.519521
vt 0.477145 0.517977
vt 0.476249 0.516532
vt 0.475302 0.515175
vt 0.474301 0.513899
vt 0.473246 0.512693
vt 0.472141 0.511552
vt 0.470988 0.510473
vt 0.469790 0.509451
vt 0.468551 0.508481
vt 0.467274 0.507559
vt 0.465961 0.506680
vt 0.464617 0.505840
vt 0.463244 0.505035
vt 0.461845 0.504260
vt 0.460425 0.503510
vt 0.458987 0.502782
vt 0.457534 0.502072
vt 0.456070 0.501374
vt 0.454599 0.500685
vt 0.491987 0.545418
vt 0.491831 0.542163
vt 0.491653 0.539110
vt 0.491452 0.536250
vt 0.491228 0.533574
vt 0.490980 0.531072
vt 0.490708 0.528736
vt 0.490411 0.526555
vt 0.490090 0.524521
vt 0.489745 0.522625
vt 0.489374 0.520856
vt 0.488977 0.519205
vt 0.488555 0.517664
vt 0.488107 0.516222
vt 0.487632 0.514871
vt 0.487130 0.513601
vt 0.486602 0.512404
vt 0.486048 0.511274
vt 0.485471 0.510206
vt 0.484871 0.509197
vt 0.484251 0.508242
vt 0.483612 0.507336
vt 0.482956 0.506475
vt 0.482285 0.505654
vt 0.481600 0.504869
vt 0.480903 0.504115
vt 0.480195 0.503388
vt 0.479479 0.502684
vt 0.478756 0.501997
vt 0.478028 0.501324
vt 0.477296 0.500660
vt 0.500000 0.545333
vt 0.500000 0.542073
vt 0.500000 0.539017
vt 0.500000 0.536154
vt 0.500000 0.533475
vt 0.500000 0.530972
vt 0.500000 0.528634
vt 0.500000 0.526452
vt 0.500000 0.524417
vt 0.500000 0.522519
vt 0.500000 0.520750
vt 0.500000 0.519100
vt 0.500000 0.517560
vt 0.500000 0.516120
vt 0.500000 0.514771
vt 0.500000 0.513503
vt 0.500000 0.512309
vt 0.500000 0.511182
vt 0.500000 0.510119
vt 0.500000 0.509115
vt 0.500000 0.508164
vt 0.500000 0.507264
vt 0.500000 0.506409
vt 0.500000 0.505594
vt 0.500000 0.504816
vt 0.500000 0.504069
vt 0.500000 0.503349
vt 0.500000 0.502652
vt 0.500000 0.501974
vt 0.500000 0.501308
vt 0.500000 0.500652
vt 0.508013 0.545419
vt 0.508169 0.542163
vt 0.508347 0.539110
vt 0.508548 0.536250
vt 0.508772 0.533574
vt 0.509021 0.531072
vt 0.509293 0.528736
vt 0.509589 0.526555
vt 0.509910 0.524521
vt 0.510255 0.522625
vt 0.510626 0.520856
vt 0.511023 0.519205
vt 0.511445 0.517664
vt 0.511893 0.516222
vt 0.512368 0.514871
vt 0.512870 0.513601
vt 0.513398 0.512404
vt 0.513952 0.511274
vt 0.514529 0.510206
vt 0.515129 0.509197
vt 0.515749 0.508242
vt 0.516388 0.507336
vt 0.517044 0.506475
vt 0.517715 0.505654
vt 0.518400 0.504869
vt 0.519097 0.504115
vt 0.519805 0.503388
vt 0.520521 0.502684
vt 0.521244 0.501997
vt 0.521972 0.501324
vt 0.522704 0.500660
vt 0.515998 0.545671
vt 0.516308 0.542426
vt 0.516664 0.539383
vt 0.517066 0.536533
vt 0.517515 0.533865
vt 0.518011 0.531371
vt 0.518555 0.529041
vt 0.519148 0.526866
vt 0.519789 0.524835
vt 0.520480 0.522941
vt 0.521221 0.521172
vt 0.522013 0.519521
vt 0.522856 0.517977
vt 0.523751 0.516532
vt 0.524699 0.515175
vt 0.525700 0.513899
vt 0.526754 0.512693
vt 0.527859 0.511552
vt 0.529012 0.510473
vt 0.530210 0.509451
vt 0.531449 0.508481
vt 0.532726 0.507559
vt 0.534039 0.506680
vt 0.535383 0.505840
vt 0.536756 0.505035
vt 0.538155 0.504260
vt 0.539575 0.503510
vt 0.541013 0.502782
vt 0.542466 0.502072
vt 0.543930 0.501374
vt 0.545401 0.500685
vt 0.523925 0.546081
vt 0.524388 0.542856
vt 0.524921 0.539832
vt 0.525524 0.536999
vt 0.526198 0.534346
vt 0.526942 0.531866
vt 0.527759 0.529547
vt 0.528647 0.527381
vt 0.529608 0.525358
vt 0.530643 0.523467
vt 0.531752 0.521701
vt 0.532937 0.520049
vt 0.534198 0.518503
vt 0.535537 0.517052
vt 0.536954 0.515688
vt 0.538451 0.514400
vt 0.540027 0.513181
vt 0.541679 0.512025
vt 0.543404 0.510928
vt 0.545196 0.509885
vt 0.547051 0.508892
vt 0.548966 0.507943
vt 0.550936 0.507036
vt 0.552957 0.506164
vt 0.555025 0.505324
vt 0.557133 0.504512
vt 0.559276 0.503724
vt 0.561448 0.502955
vt 0.563644 0.502203
vt 0.565857 0.501462
vt 0.568082 0.500729
vt 0.531767 0.546641
vt 0.532381 0.543446
vt 0.533090 0.540449
vt 0.533893 0.537641
vt 0.534791 0.535013
vt 0.535785 0.532553
vt 0.536873 0.530252
vt 0.538057 0.528100
vt 0.539336 0.526088
vt 0.540713 0.524205
vt 0.542188 0.522443
vt 0.543762 0.520792
vt 0.545438 0.519243
vt 0.547215 0.517786
vt 0.549097 0.516412
vt 0.551083 0.515111
vt 0.553174 0.513876
vt 0.555367 0.512700
vt 0.557657 0.511579
vt 0.560038 0.510508
vt 0.562507 0.509484
vt 0.565059 0.508500
vt 0.567688 0.507552
vt 0.570391 0.506636
vt 0.573161 0.505747
vt 0.575991 0.504883
vt 0.578873 0.504038
vt 0.581797 0.503210
vt 0.584755 0.502396
vt 0.587739 0.501592
vt 0.590740 0.500794
vt 0.539494 0.547343
vt 0.540256 0.544187
vt 0.541139 0.541228
vt 0.542143 0.538455
vt 0.543266 0.535859
vt 0.544508 0.533428
vt 0.545868 0.531152
vt 0.547347 0.529022
vt 0.548944 0.527026
vt 0.550660 0.525154
vt 0.552497 0.523399
vt 0.554457 0.521751
vt 0.556541 0.520199
vt 0.558751 0.518736
vt 0.561089 0.517351
vt 0.563557 0.516036
vt 0.566154 0.514782
vt 0.568879 0.513583
vt 0.571726 0.512434
vt 0.574690 0.511330
vt 0.577768 0.510267
vt 0.580955 0.509238
vt 0.584246 0.508240
vt 0.587637 0.507267
vt 0.591122 0.506315
vt 0.594691 0.505380
vt 0.598331 0.504460
vt 0.602031 0.503553
vt 0.605778 0.502656
vt 0.609561 0.501766
vt 0.613369 0.500882
vt 0.547077 0.548178
vt 0.547984 0.545072
vt 0.549040 0.542162
vt 0.550243 0.539435
vt 0.551591 0.536881
vt 0.553082 0.534489
vt 0.554715 0.532247
vt 0.556488 0.530144
vt 0.558400 0.528170
vt 0.560452 0.526315
vt 0.562647 0.524571
vt 0.564987 0.522927
vt 0.567473 0.521375
vt 0.570108 0.519906
vt 0.572894 0.518511
vt 0.575833 0.517181
vt 0.578926 0.515906
vt 0.582171 0.514682
vt 0.585565 0.513501
vt 0.589104 0.512360
vt 0.592785 0.511251
vt 0.596605 0.510170
vt 0.600560 0.509111
vt 0.604648 0.508068
vt 0.608863 0.507036
vt 0.613191 0.506014
vt 0.617615 0.504999
vt 0.622120 0.503992
vt 0.626690 0.502989
vt 0.631308 0.501991
vt 0.635959 0.500995
vt 0.554489 0.549137
vt 0.555537 0.546095
vt 0.556763 0.543245
vt 0.558164 0.540576
vt 0.559737 0.538076
vt 0.561478 0.535732
vt 0.563383 0.533532
vt 0.565450 0.531466
vt 0.567675 0.529521
vt 0.570060 0.527688
vt 0.572607 0.525958
vt 0.575320 0.524322
vt 0.578200 0.522773
vt 0.581250 0.521300
vt 0.584473 0.519895
vt 0.587872 0.518549
vt 0.591447 0.517254
vt 0.595199 0.516003
vt 0.599128 0.514789
vt 0.603231 0.513606
vt 0.607509 0.512447
vt 0.611960 0.511305
vt 0.616583 0.510175
vt 0.621378 0.509049
vt 0.626340 0.507923
vt 0.631452 0.506794
vt 0.636692 0.505664
vt 0.642038 0.504533
vt 0.647469 0.503401
vt 0.652965 0.502268
vt 0.658503 0.501134
vt 0.561701 0.550214
vt 0.562884 0.547248
vt 0.564277 0.544471
vt 0.565876 0.541872
vt 0.567674 0.539437
vt 0.569666 0.537153
vt 0.571844 0.535007
vt 0.574203 0.532986
vt 0.576738 0.531077
vt 0.579451 0.529272
vt 0.582345 0.527562
vt 0.585423 0.525939
vt 0.588688 0.524394
vt 0.592143 0.522919
vt 0.595790 0.521506
vt 0.599634 0.520146
vt 0.603676 0.518831
vt 0.607920 0.517554
vt 0.612369 0.516305
vt 0.617025 0.515077
vt 0.621891 0.513863
vt 0.626971 0.512655
vt 0.632266 0.511444
vt 0.637780 0.510222
vt 0.643510 0.508984
vt 0.649434 0.507731
vt 0.655525 0.506463
vt 0.661754 0.505184
vt 0.668093 0.503896
vt 0.674516 0.502601
vt 0.680994 0.501302
vt 0.568680 0.551397
vt 0.569993 0.548522
vt 0.571552 0.545834
vt 0.573349 0.543319
vt 0.575373 0.540963
vt 0.577615 0.538751
vt 0.580066 0.536669
vt 0.582717 0.534703
vt 0.585559 0.532839
vt 0.588596 0.531069
vt 0.591829 0.529384
vt 0.595264 0.527778
vt 0.598902 0.526242
vt 0.602749 0.524768
vt 0.606806 0.523349
vt 0.611079 0.521977
vt 0.615571 0.520644
vt 0.620289 0.519341
vt 0.625241 0.518058
vt 0.630436 0.516784
vt 0.635880 0.515512
vt 0.641584 0.514230
vt 0.647553 0.512929
vt 0.653796 0.511601
vt 0.660314 0.510236
vt 0.667080 0.508838
vt 0.674060 0.507411
vt 0.681218 0.505959
vt 0.688521 0.504487
vt 0.695933 0.503000
vt 0.703417 0.501503
vt 0.575381 0.552674
vt 0.576821 0.549910
vt 0.578549 0.547330
vt 0.580547 0.544918
vt 0.582801 0.542656
vt 0.585297 0.540529
vt 0.588022 0.538522
vt 0.590962 0.536620
vt 0.594109 0.534809
vt 0.597463 0.533080
vt 0.601028 0.531427
vt 0.604809 0.529842
vt 0.608809 0.528319
vt 0.613033 0.526850
vt 0.617485 0.525429
vt 0.622168 0.524048
vt 0.627090 0.522699
vt 0.632261 0.521373
vt 0.637696 0.520056
vt 0.643410 0.518738
vt 0.649416 0.517406
vt 0.655728 0.516049
vt 0.662361 0.514655
vt 0.669329 0.513212
vt 0.676637 0.511713
vt 0.684258 0.510158
vt 0.692156 0.508552
vt 0.700294 0.506902
vt 0.708635 0.505211
vt 0.717130 0.503491
vt 0.725727 0.501751
vt 0.581753 0.554029
vt 0.583322 0.551402
vt 0.585226 0.548957
vt 0.587436 0.546670
vt 0.589927 0.544521
vt 0.592680 0.542492
vt 0.595680 0.540570
vt 0.598909 0.538740
vt 0.602356 0.536988
vt 0.606021 0.535308
vt 0.609909 0.533691
vt 0.614026 0.532133
vt 0.618374 0.530627
vt 0.622960 0.529168
vt 0.627788 0.527748
vt 0.632862 0.526362
vt 0.638191 0.525002
vt 0.643791 0.523656
vt 0.649685 0.522309
vt 0.655892 0.520949
vt 0.662433 0.519560
vt 0.669330 0.518130
vt 0.676602 0.516644
vt 0.684271 0.515089
vt 0.692349 0.513452
vt 0.700818 0.511734
vt 0.709652 0.509937
vt 0.718823 0.508061
vt 0.728298 0.506112
vt 0.738006 0.504107
vt 0.747870 0.502063
vt 0.587749 0.555447
vt 0.589450 0.552992
vt 0.591542 0.550712
vt 0.593979 0.548578
vt 0.596718 0.546561
vt 0.599735 0.544645
vt 0.603012 0.542818
vt 0.606529 0.541067
vt 0.610271 0.539381
vt 0.614240 0.537754
vt 0.618442 0.536180
vt 0.622881 0.534654
vt 0.627563 0.533170
vt 0.632493 0.531725
vt 0.637678 0.530311
vt 0.643121 0.528925
vt 0.648832 0.527558
vt 0.654835 0.526197
vt 0.661158 0.524827
vt 0.667826 0.523430
vt 0.674869 0.521991
vt 0.682313 0.520493
vt 0.690185 0.518922
vt 0.698514 0.517260
vt 0.707321 0.515494
vt 0.716611 0.513615
vt 0.726387 0.511615
vt 0.736647 0.509489
vt 0.747373 0.507234
vt 0.758463 0.504879
vt 0.769796 0.502456
vt 0.593354 0.556928
vt 0.595193 0.554694
vt 0.597463 0.552608
vt 0.600141 0.550646
vt 0.603142 0.548782
vt 0.606432 0.546992
vt 0.609988 0.545268
vt 0.613791 0.543603
vt 0.617824 0.541989
vt 0.622090 0.540421
vt 0.626594 0.538895
vt 0.631343 0.537406
vt 0.636342 0.535950
vt 0.641598 0.534524
vt 0.647117 0.533122
vt 0.652905 0.531741
vt 0.658972 0.530374
vt 0.665348 0.529006
vt 0.672065 0.527617
vt 0.679158 0.526192
vt 0.686660 0.524711
vt 0.694603 0.523157
vt 0.703022 0.521512
vt 0.711949 0.519759
vt 0.721421 0.517878
vt 0.731483 0.515847
vt 0.742182 0.513645
vt 0.753566 0.511248
vt 0.765915 0.508555
vt 0.779015 0.505633
vt 0.792170 0.502706
vt 0.598301 0.558419
vt 0.600390 0.556499
vt 0.602914 0.554661
vt 0.605885 0.552892
vt 0.609168 0.551195
vt 0.612739 0.549541
vt 0.616578 0.547927
vt 0.620665 0.546353
vt 0.624984 0.544815
vt 0.629538 0.543311
vt 0.634334 0.541838
vt 0.639377 0.540392
vt 0.644676 0.538970
vt 0.650238 0.537569
vt 0.656068 0.536186
vt 0.662174 0.534817
vt 0.668568 0.533456
vt 0.675284 0.532087
vt 0.682359 0.530690
vt 0.689832 0.529247
vt 0.697741 0.527737
vt 0.706125 0.526141
vt 0.715022 0.524440
vt 0.724470 0.522615
vt 0.734518 0.520643
vt 0.745258 0.518485
vt 0.756791 0.516104
vt 0.769219 0.513456
vt 0.783470 0.510226
vt 0.799221 0.506515
vt 0.814698 0.502911
vt 0.602651 0.559927
vt 0.605045 0.558408
vt 0.607872 0.556884
vt 0.611174 0.555337
vt 0.614761 0.553812
vt 0.618627 0.552298
vt 0.622753 0.550798
vt 0.627123 0.549318
vt 0.631722 0.547862
vt 0.636555 0.546427
vt 0.641630 0.545012
vt 0.646953 0.543615
vt 0.652533 0.542232
vt 0.658377 0.540863
vt 0.664494 0.539505
vt 0.670890 0.538156
vt 0.677580 0.536809
vt 0.684599 0.535449
vt 0.691989 0.534055
vt 0.699793 0.532606
vt 0.708050 0.531083
vt 0.716804 0.529464
vt 0.726096 0.527730
vt 0.735968 0.525860
vt 0.746478 0.523829
vt 0.757757 0.521586
vt 0.769949 0.519077
vt 0.783203 0.516246
vt 0.799133 0.512547
vt 0.817549 0.508037
vt 0.835881 0.503570
s 1
usemtl Material.003
f 381/1/381 412/2/412 413/3/413 382/4/382
f 382/4/382 413/3/413 414/5/414 383/6/383
f 383/6/383 414/5/414 415/7/415 384/8/384
f 384/8/384 415/7/415 416/9/416 385/10/385
f 385/10/385 416/9/416 417/11/417 386/12/386
f 386/12/386 417/11/417 418/13/418 387/14/387
f 387/14/387 418/13/418 419/15/419 388/16/388
f 388/16/388 419/15/419 420/17/420 389/18/389
f 389/18/389 420/17/420 421/19/421 390/20/390
f 390/20/390 421/19/421 422/21/422 391/22/391
f 391/22/391 422/21/422 423/23/423 392/24/392
f 392/24/392 423/23/423 424/25/424 393/26/393
f 393/26/393 424/25/424 425/27/425 394/28/394
f 394/28/394 425/27/425 426/29/426 395/30/395
f 395/30/395 426/29/426 427/31/427 396/32/396
f 396/32/396 427/31/427 428/33/428 397/34/397
f 397/34/397 428/33/428 429/35/429 398/36/398
f 398/36/398 429/35/429 430/37/430 399/38/399
f 399/38/399 430/37/430 431/39/431 400/40/400
f 400/40/400 431/39/431 432/41/432 401/42/401
f 401/42/401 432/41/432 433/43/433 402/44/402
f 402/44/402 433/43/433 434/45/434 403/46/403
f 403/46/403 434/45/434 435/47/435 404/48/404
f 404/48/404 435/47/435 436/49/436 405/50/405
f 405/50/405 436/49/436 437/51/437 406/52/406
f 406/52/406 437/51/437 438/53/438 407/54/407
f 407/54/407 438/53/438 439/55/439 408/56/408
f 408/56/408 439/55/439 440/57/440 409/58/409
f 409/58/409 440/57/440 441/59/441 410/60/410
f 410/60/410 441/59/441 442/61/442 411/62/411
f 412/2/412 443/63/443 444/64/444 413/3/413
f 413/3/413 444/64/444 445/65/445 414/5/414
f 414/5/414 445/65/445 446/66/446 415/7/415
f 415/7/415 446/66/446 447/67/447 416/9/416
f 416/9/416 447/67/447 448/68/448 417/11/417
f 417/11/417 448/68/448 449/69/449 418/13/418
f 418/13/418 449/69/449 450/70/450 419/15/419
f 419/15/419 450/70/450 451/71/451 420/17/420
f 420/17/420 451/71/451 452/72/452 421/19/421
f 421/19/421 452/72/452 453/73/453 422/21/422
f 422/21/422 453/73/453 454/74/454 423/23/423
f 423/23/423 454/74/454 455/75/455 424/25/424
f 424/25/424 455/75/455 456/76/456 425/27/425
f 425/27/425 456/76/456 457/77/457 426/29/426
f 426/29/426 457/77/457 458/78/458 427/31/427
f 427/31/427 458/78/458 459/79/459 428/33/428
f 428/33/428 459/79/459 460/80/460 429/35/429
f 429/35/429 460/80/460 461/81/461 430/37/430
f 430/37/430 461/81/461 462/82/462 431/39/431
f 431/39/431 462/82/462 463/83/463 432/41/432
f 432/41/432 463/83/463 464/84/464 433/43/433
f 433/43/433 464/84/464 465/85/465 434/45/434
f 434/45/434 465/85/465 466/86/466 435/47/435
f 435/47/435 466/86/466 467/87/467 436/49/436
f 436/49/436 467/87/467 468/88/468 437/51/437
f 437/51/437 468/88/468 469/89/469 438/53/438
f 438/53/438 469/89/469 470/90/470 439/55/439
f 439/55/439 470/90/470 471/91/471 440/57/440
f 440/57/440 471/91/471 472/92/472 441/59/441
f 441/59/441 472/92/472 473/93/473 442/61/442
f 443/63/443 474/94/474 475/95/475 444/64/444
f 444/64/444 475/95/475 476/96/476 445/65/445
f 445/65/445 476/96/476 477/97/477 446/66/446
f 446/66/446 477/97/477 478/98/478 447/67/447
f 447/67/447 478/98/478 479/99/479 448/68/448
f 448/68/448 479/99/479 480/100/480 449/69/449
f 449/69/449 480/100/480 481/101/481 450/70/450
f 450/70/450 481/101/481 482/102/482 451/71/451
f 451/71/451 482/102/482 483/103/483 452/72/452
f 452/72/452 483/103/483 484/104/484 453/73/453
f 453/73/453 484/104/484 485/105/485 454/74/454
f 454/74/454 485/105/485 486/106/486 455/75/455
f 455/75/455 486/106/486 487/107/487 456/76/456
f 456/76/456 487/107/487 488/108/488 457/77/457
f 457/77/457 488/108/488 489/109/489 458/78/458
f 458/78/458 489/109/489 490/110/490 459/79/459
f 459/79/459 490/110/490 491/111/491 460/80/460
f 460/80/460 491/111/491 492/112/492 461/81/461
f 461/81/461 492/112/492 493/113/493 462/82/462
f 462/82/462 493/113/493 494/114/494 463/83/463
f 463/83/463 494/114/494 495/115/495 464/84/464
f 464/84/464 495/115/495 496/116/496 465/85/465
f 465/85/465 496/116/496 497/117/497 466/86/466
f 466/86/466 497/117/497 498/118/498 467/87/467
f 467/87/467 498/118/498 499/119/499 468/88/468
f 468/88/468 499/119/499 500/120/500 469/89/469
f 469/89/469 500/120/500 501/121/501 470/90/470
f 470/90/470 501/121/501 502/122/502 471/91/471
f 471/91/471 502/122/502 503/123/503 472/92/472
f 472/92/472 503/123/503 504/124/504 473/93/473
f 474/94/474 505/125/505 506/126/506 475/95/475
f 475/95/475 506/126/506 507/127/507 476/96/476
f 476/96/476 507/127/507 508/128/508 477/97/477
f 477/97/477 508/128/508 509/129/509 478/98/478
f 478/98/478 509/129/509 510/130/510 479/99/479
f 479/99/479 510/130/510 511/131/511 480/100/480
f 480/100/480 511/131/511 512/132/512 481/101/481
f 481/101/481 512/132/512 513/133/513 482/102/482
f 482/102/482 513/133/513 514/134/514 483/103/483
f 483/103/483 514/134/514 515/135/515 484/104/484
f 484/104/484 515/135/515 516/136/516 485/105/485
f 485/105/485 516/136/516 517/137/517 486/106/486
f 486/106/486 517/137/517 518/138/518 487/107/487
f 487/107/487 518/138/518 519/139/519 488/108/488
f 488/108/488 519/139/519 520/140/520 489/109/489
f 489/109/489 520/140/520 521/141/521 490/110/490
f 490/110/490 521/141/521 522/142/522 491/111/491
f 491/111/491 522/142/522 523/143/523 492/112/492
f 492/112/492 523/143/523 524/144/524 493/113/493
f 493/113/493 524/144/524 525/145/525 494/114/494
f 494/114/494 525/145/525 526/146/526 495/115/495
f 495/115/495 526/146/526 527/147/527 496/116/496
f 496/116/496 527/147/527 528/148/528 497/117/497
f 497/117/497 528/148/528 529/149/529 498/118/498
f 498/118/498 529/149/529 530/150/530 499/119/499
f 499/119/499 530/150/530 531/151/531 500/120/500
f 500/120/500 531/151/531 532/152/532 501/121/501
f 501/121/501 532/152/532 533/153/533 502/122/502
f 502/122/502 533/153/533 534/154/534 503/123/503
f 503/123/503 534/154/534 535/155/535 504/124/504
f 505/125/505 536/156/536 537/157/537 506/126/506
f 506/126/506 537/157/537 538/158/538 507/127/507
f 507/127/507 538/158/538 539/159/539 508/128/508
f 508/128/508 539/159/539 540/160/540 509/129/509
f 509/129/509 540/160/540 541/161/541 510/130/510
f 510/130/510 541/161/541 542/162/542 511/131/511
f 511/131/511 542/162/542 543/163/543 512/132/512
f 512/132/512 543/163/543 544/164/544 513/133/513
f 513/133/513 544/164/544 545/165/545 514/134/514
f 514/134/514 545/165/545 546/166/546 515/135/515
f 515/135/515 546/166/546 547/167/547 516/136/516
f 516/136/516 547/167/547 548/168/548 517/137/517
f 517/137/517 548/168/548 549/169/549 518/138/518
f 518/138/518 549/169/549 550/170/550 519/139/519
f 519/139/519 550/170/550 551/171/551 520/140/520
f 520/140/520 551/171/551 552/172/552 521/141/521
f 521/141/521 552/172/552 553/173/553 522/142/522
f 522/142/522 553/173/553 554/174/554 523/143/523
f 523/143/523 554/174/554 555/175/555 524/144/524
f 524/144/524 555/175/555 556/176/556 525/145/525
f 525/145/525 556/176/556 557/177/557 526/146/526
f 526/146/526 557/177/557 558/178/558 527/147/527
f 527/147/527 558/178/558 559/179/559 528/148/528
f 528/148/528 559/179/559 560/180/560 529/149/529
f 529/149/529 560/180/560 561/181/561 530/150/530
f 530/150/530 561/181/561 562/182/562 531/151/531
f 531/151/531 562/182/562 563/183/563 532/152/532
f 532/152/532 563/183/563 564/184/564 533/153/533
f 533/153/533 564/184/564 565/185/565 534/154/534
f 534/154/534 565/185/565 566/186/566 535/155/535
f 536/156/536 567/187/567 568/188/568 537/157/537
f 537/157/537 568/188/568 569/189/569 538/158/538
f 538/158/538 569/189/569 570/190/570 539/159/539
f 539/159/539 570/190/570 571/191/571 540/160/540
f 540/160/540 571/191/571 572/192/572 541/161/541
f 541/161/541 572/192/572 573/193/573 542/162/542
f 542/162/542 573/193/573 574/194/574 543/163/543
f 543/163/543 574/194/574 575/195/575 544/164/544
f 544/164/544 575/195/575 576/196/576 545/165/545
f 545/165/545 576/196/576 577/197/577 546/166/546
f 546/166/546 577/197/577 578/198/578 547/167/547
f 547/167/547 578/198/578 579/199/579 548/168/548
f 548/168/548 579/199/579 580/200/580 549/169/549
f 549/169/549 580/200/580 581/201/581 550/170/550
f 550/170/550 581/201/581 582/202/582 551/171/551
f 551/171/551 582/202/582 583/203/583 552/172/552
f 552/172/552 583/203/583 584/204/584 553/173/553
f 553/173/553 584/204/584 585/205/585 554/174/554
f 554/174/554 585/205/585 586/206/586 555/175/555
f 555/175/555 586/206/586 587/207/587 556/176/556
f 556/176/556 587/207/587 588/208/588 557/177/557
f 557/177/557 588/208/588 589/209/589 558/178/558
f 558/178/558 589/209/589 590/210/590 559/179/559
f 559/179/559 590/210/590 591/211/591 560/180/560
f 560/180/560 591/211/591 592/212/592 561/181/561
f 561/181/561 592/212/592 593/213/593 562/182/562
f 562/182/562 593/213/593 594/214/594 563/183/563
f 563/183/563 594/214/594 595/215/595 564/184/564
f 564/184/564 595/215/595 596/216/596 565/185/565
f 565/185/565 596/216/596 597/217/597 566/186/566
f 567/187/567 598/218/598 599/219/599 568/188/568
f 568/188/568 599/219/599 600/220/600 569/189/569
f 569/189/569 600/220/600 601/221/601 570/190/570
f 570/190/570 601/221/601 602/222/602 571/191/571
f 571/191/571 602/222/602 603/223/603 572/192/572
f 572/192/572 603/223/603 604/224/604 573/193/573
f 573/193/573 604/224/604 605/225/605 574/194/574
f 574/194/574 605/225/605 606/226/606 575/195/575
f 575/195/575 606/226/606 607/227/607 576/196/576
f 576/196/576 607/227/607 608/228/608 577/197/577
f 577/197/577 608/228/608 609/229/609 578/198/578
f 578/198/578 609/229/609 610/230/610 579/199/579
f 579/199/579 610/230/610 611/231/611 580/200/580
f 580/200/580 611/231/611 612/232/612 581/201/581
f 581/201/581 612/232/612 613/233/613 582/202/582
f 582/202/582 613/233/613 614/234/614 583/203/583
f 583/203/583 614/234/614 615/235/615 584/204/584
f 584/204/584 615/235/615 616/236/616 585/205/585
f 585/205/585 616/236/616 617/237/617 586/206/586
f 586/206/586 617/237/617 618/238/618 587/207/587
f 587/207/587 618/238/618 619/239/619 588/208/588
f 588/208/588 619/239/619 620/240/620 589/209/589
f 589/209/589 620/240/620 621/241/621 590/210/590
f 590/210/590 621/241/621 622/242/622 591/211/591
f 591/211/591 622/242/622 623/243/623 592/212/592
f 592/212/592 623/243/623 624/244/624 593/213/593
f 593/213/593 624/244/624 625/245/625 594/214/594
f 594/214/594 625/245/625 626/246/626 595/215/595
f 595/215/595 626/246/626 627/247/627 596/216/596
f 596/216/596 627/247/627 628/248/628 597/217/597
f 598/218/598 629/249/629 630/250/630 599/219/599
f 599/219/599 630/250/630 631/251/631 600/220/600
f 600/220/600 631/251/631 632/252/632 601/221/601
f 601/221/601 632/252/632 633/253/633 602/222/602
f 602/222/602 633/253/633 634/254/634 603/223/603
f 603/223/603 634/254/634 635/255/635 604/224/604
f 604/224/604 635/255/635 636/256/636 605/225/605
f 605/225/605 636/256/636 637/257/637 606/226/606
f 606/226/606 637/257/637 638/258/638 607/227/607
f 607/227/607 638/258/638 639/259/639 608/228/608
f 608/228/608 639/259/639 640/260/640 609/229/609
f 609/229/609 640/260/640 641/261/641 610/230/610
f 610/230/610 641/261/641 642/262/642 611/231/611
f 611/231/611 642/262/642 643/263/643 612/232/612
f 612/232/612 643/263/643 644/264/644 613/233/613
f 613/233/613 644/264/644 645/265/645 614/234/614
f 614/234/614 645/265/645 646/266/646 615/235/615
f 615/235/615 646/266/646 647/267/647 616/236/616
f 616/236/616 647/267/647 648/268/648 617/237/617
f 617/237/617 648/268/648 649/269/649 618/238/618
f 618/238/618 649/269/649 650/270/650 619/239/619
f 619/239/619 650/270/650 651/271/651 620/240/620
f 620/240/620 651/271/651 652/272/652 621/241/621
f 621/241/621 652/272/652 653/273/653 622/242/622
f 622/242/622 653/273/653 654/274/654 623/243/623
f 623/243/623 654/274/654 655/275/655 624/244/624
f 624/244/624 655/275/655 656/276/656 625/245/625
f 625/245/625 656/276/656 657/277/657 626/246/626
f 626/246/626 657/277/657 658/278/658 627/247/627
f 627/247/627 658/278/658 659/279/659 628/248/628
f 629/249/629 660/280/660 661/281/661 630/250/630
f 630/250/630 661/281/661 662/282/662 631/251/631
f 631/251/631 662/282/662 663/283/663 632/252/632
f 632/252/632 663/283/663 664/284/664 633/253/633
f 633/253/633 664/284/664 665/285/665 634/254/634
f 634/254/634 665/285/665 666/286/666 635/255/635
f 635/255/635 666/286/666 667/287/667 636/256/636
f 636/256/636 667/287/667 668/288/668 637/257/637
f 637/257/637 668/288/668 669/289/669 638/258/638
f 638/258/638 669/289/669 670/290/670 639/259/639
f 639/259/639 670/290/670 671/291/671 640/260/640
f 640/260/640 671/291/671 672/292/672 641/261/641
f 641/261/641 672/292/672 673/293/673 642/262/642
f 642/262/642 673/293/673 674/294/674 643/263/643
f 643/263/643 674/294/674 675/295/675 644/264/644
f 644/264/644 675/295/675 676/296/676 645/265/645
f 645/265/645 676/296/676 677/297/677 646/266/646
f 646/266/646 677/297/677 678/298/678 647/267/647
f 647/267/647 678/298/678 679/299/679 648/268/648
f 648/268/648 679/299/679 680/300/680 649/269/649
f 649/269/649 680/300/680 681/301/681 650/270/650
f 650/270/650 681/301/681 682/302/682 651/271/651
f 651/271/651 682/302/682 683/303/683 652/272/652
f 652/272/652 683/303/683 684/304/684 653/273/653
f 653/273/653 684/304/684 685/305/685 654/274/654
f 654/274/654 685/305/685 686/306/686 655/275/655
f 655/275/655 686/306/686 687/307/687 656/276/656
f 656/276/656 687/307/687 688/308/688 657/277/657
f 657/277/657 688/308/688 689/309/689 658/278/658
f 658/278/658 689/309/689 690/310/690 659/279/659
f 660/280/660 691/311/691 692/312/692 661/281/661
f 661/281/661 692/312/692 693/313/693 662/282/662
f 662/282/662 693/313/693 694/314/694 663/283/663
f 663/283/663 694/314/694 695/315/695 664/284/664
f 664/284/664 695/315/695 696/316/696 665/285/665
f 665/285/665 696/316/696 697/317/697 666/286/666
f 666/286/666 697/317/697 698/318/698 667/287/667
f 667/287/667 698/318/698 699/319/699 668/288/668
f 668/288/668 699/319/699 700/320/700 669/289/669
f 669/289/669 700/320/700 701/321/701 670/290/670
f 670/290/670 701/321/701 702/322/702 671/291/671
f 671/291/671 702/322/702 703/323/703 672/292/672
f 672/292/672 703/323/703 704/324/704 673/293/673
f 673/293/673 704/324/704 705/325/705 674/294/674
f 674/294/674 705/325/705 706/326/706 675/295/675
f 675/295/675 706/326/706 707/327/707 676/296/676
f 676/296/676 707/327/707 708/328/708 677/297/677
f 677/297/677 708/328/708 709/329/709 678/298/678
f 678/298/678 709/329/709 710/330/710 679/299/679
f 679/299/679 710/330/710 711/331/711 680/300/680
f 680/300/680 711/331/711 712/332/712 681/301/681
f 681/301/681 712/332/712 713/333/713 682/302/682
f 682/302/682 713/333/713 714/334/714 683/303/683
f 683/303/683 714/334/714 715/335/715 684/304/684
f 684/304/684 715/335/715 716/336/716 685/305/685
f 685/305/685 716/336/716 717/337/717 686/306/686
f 686/306/686 717/337/717 718/338/718 687/307/687
f 687/307/687 718/338/718 719/339/719 688/308/688
f 688/308/688 719/339/719 720/340/720 689/309/689
f 689/309/689 720/340/720 721/341/721 690/310/690
f 691/311/691 722/342/722 723/343/723 692/312/692
f 692/312/692 723/343/723 724/344/724 693/313/693
f 693/313/693 724/344/724 725/345/725 694/314/694
f 694/314/694 725/345/725 726/346/726 695/315/695
f 695/315/695 726/346/726 727/347/727 696/316/696
f 696/316/696 727/347/727 728/348/728 697/317/697
f 697/317/697 728/348/728 729/349/729 698/318/698
f 698/318/698 729/349/729 730/350/730 699/319/699
f 699/319/699 730/350/730 731/351/731 700/320/700
f 700/320/700 731/351/731 732/352/732 701/321/701
f 701/321/701 732/352/732 733/353/733 702/322/702
f 702/322/702 733/353/733 734/354/734 703/323/703
f 703/323/703 734/354/734 735/355/735 704/324/704
f 704/324/704 735/355/735 736/356/736 705/325/705
f 705/325/705 736/356/736 737/357/737 706/326/706
f 706/326/706 737/357/737 738/358/738 707/327/707
f 707/327/707 738/358/738 739/359/739 708/328/708
f 708/328/708 739/359/739 740/360/740 709/329/709
f 709/329/709 740/360/740 741/361/741 710/330/710
f 710/330/710 741/361/741 742/362/742 711/331/711
f 711/331/711 742/362/742 743/363/743 712/332/712
f 712/332/712 743/363/743 744/364/744 713/333/713
f 713/333/713 744/364/744 745/365/745 714/334/714
f 714/334/714 745/365/745 746/366/746 715/335/715
f 715/335/715 746/366/746 747/367/747 716/336/716
f 716/336/716 747/367/747 748/368/748 717/337/717
f 717/337/717 748/368/748 749/369/749 718/338/718
f 718/338/718 749/369/749 750/370/750 719/339/719
f 719/339/719 750/370/750 751/371/751 720/340/720
f 720/340/720 751/371/751 752/372/752 721/341/721
f 722/342/722 753/373/753 754/374/754 723/343/723
f 723/343/723 754/374/754 755/375/755 724/344/724
f 724/344/724 755/375/755 756/376/756 725/345/725
f 725/345/725 756/376/756 757/377/757 726/346/726
f 726/346/726 757/377/757 758/378/758 727/347/727
f 727/347/727 758/378/758 759/379/759 728/348/728
f 728/348/728 759/379/759 760/380/760 729/349/729
f 729/349/729 760/380/760 761/381/761 730/350/730
f 730/350/730 761/381/761 762/382/762 731/351/731
f 731/351/731 762/382/762 763/383/763 732/352/732
f 732/352/732 763/383/763 764/384/764 733/353/733
f 733/353/733 764/384/764 765/385/765 734/354/734
f 734/354/734 765/385/765 766/386/766 735/355/735
f 735/355/735 766/386/766 767/387/767 736/356/736
f 736/356/736 767/387/767 768/388/768 737/357/737
f 737/357/737 768/388/768 769/389/769 738/358/738
f 738/358/738 769/389/769 770/390/770 739/359/739
f 739/359/739 770/390/770 771/391/771 740/360/740
f 740/360/740 771/391/771 772/392/772 741/361/741
f 741/361/741 772/392/772 773/393/773 742/362/742
f 742/362/742 773/393/773 774/394/774 743/363/743
f 743/363/743 774/394/774 775/395/775 744/364/744
f 744/364/744 775/395/775 776/396/776 745/365/745
f 745/365/745 776/396/776 777/397/777 746/366/746
f 746/366/746 777/397/777 778/398/778 747/367/747
f 747/367/747 778/398/778 779/399/779 748/368/748
f 748/368/748 779/399/779 780/400/780 749/369/749
f 749/369/749 780/400/780 781/401/781 750/370/750
f 750/370/750 781/401/781 782/402/782 751/371/751
f 751/371/751 782/402/782 783/403/783 752/372/752
f 753/373/753 784/404/784 785/405/785 754/374/754
f 754/374/754 785/405/785 786/406/786 755/375/755
f 755/375/755 786/406/786 787/407/787 756/376/756
f 756/376/756 787/407/787 788/408/788 757/377/757
f 757/377/757 788/408/788 789/409/789 758/378/758
f 758/378/758 789/409/789 790/410/790 759/379/759
f 759/379/759 790/410/790 791/411/791 760/380/760
f 760/380/760 791/411/791 792/412/792 761/381/761
f 761/381/761 792/412/792 793/413/793 762/382/762
f 762/382/762 793/413/793 794/414/794 763/383/763
f 763/383/763 794/414/794 795/415/795 764/384/764
f 764/384/764 795/415/795 796/416/796 765/385/765
f 765/385/765 796/416/796 797/417/797 766/386/766
f 766/386/766 797/417/797 798/418/798 767/387/767
f 767/387/767 798/418/798 799/419/799 768/388/768
f 768/388/768 799/419/799 800/420/800 769/389/769
f 769/389/769 800/420/800 801/421/801 770/390/770
f 770/390/770 801/421/801 802/422/802 771/391/771
f 771/391/771 802/422/802 803/423/803 772/392/772
f 772/392/772 803/423/803 804/424/804 773/393/773
f 773/393/773 804/424/804 805/425/805 774/394/774
f 774/394/774 805/425/805 806/426/806 775/395/775
f 775/395/775 806/426/806 807/427/807 776/396/776
f 776/396/776 807/427/807 808/428/808 777/397/777
f 777/397/777 808/428/808 809/429/809 778/398/778
f 778/398/778 809/429/809 810/430/810 779/399/779
f 779/399/779 810/430/810 811/431/811 780/400/780
f 780/400/780 811/431/811 812/432/812 781/401/781
f 781/401/781 812/432/812 813/433/813 782/402/782
f 782/402/782 813/433/813 814/434/814 783/403/783
f 784/404/784 815/435/815 816/436/816 785/405/785
f 785/405/785 816/436/816 817/437/817 786/406/786
f 786/406/786 817/437/817 818/438/818 787/407/787
f 787/407/787 818/438/818 819/439/819 788/408/788
f 788/408/788 819/439/819 820/440/820 789/409/789
f 789/409/789 820/440/820 821/441/821 790/410/790
f 790/410/790 821/441/821 822/442/822 791/411/791
f 791/411/791 822/442/822 823/443/823 792/412/792
f 792/412/792 823/443/823 824/444/824 793/413/793
f 793/413/793 824/444/824 825/445/825 794/414/794
f 794/414/794 825/445/825 826/446/826 795/415/795
f 795/415/795 826/446/826 827/447/827 796/416/796
f 796/416/796 827/447/827 828/448/828 797/417/797
f 797/417/797 828/448/828 829/449/829 798/418/798
f 798/418/798 829/449/829 830/450/830 799/419/799
f 799/419/799 830/450/830 831/451/831 800/420/800
f 800/420/800 831/451/831 832/452/832 801/421/801
f 801/421/801 832/452/832 833/453/833 802/422/802
f 802/422/802 833/453/833 834/454/834 803/423/803
f 803/423/803 834/454/834 835/455/835 804/424/804
f 804/424/804 835/455/835 836/456/836 805/425/805
f 805/425/805 836/456/836 837/457/837 806/426/806
f 806/426/806 837/457/837 838/458/838 807/427/807
f 807/427/807 838/458/838 839/459/839 808/428/808
f 808/428/808 839/459/839 840/460/840 809/429/809
f 809/429/809 840/460/840 841/461/841 810/430/810
f 810/430/810 841/461/841 842/462/842 811/431/811
f 811/431/811 842/462/842 843/463/843 812/432/812
f 812/432/812 843/463/843 844/464/844 813/433/813
f 813/433/813 844/464/844 845/465/845 814/434/814
f 815/435/815 846/466/846 847/467/847 816/436/816
f 816/436/816 847/467/847 848/468/848 817/437/817
f 817/437/817 848/468/848 849/469/849 818/438/818
f 818/438/818 849/469/849 850/470/850 819/439/819
f 819/439/819 850/470/850 851/471/851 820/440/820
f 820/440/820 851/471/851 852/472/852 821/441/821
f 821/441/821 852/472/852 853/473/853 822/442/822
f 822/442/822 853/473/853 854/474/854 823/443/823
f 823/443/823 854/474/854 855/475/855 824/444/824
f 824/444/824 855/475/855 856/476/856 825/445/825
f 825/445/825 856/476/856 857/477/857 826/446/826
f 826/446/826 857/477/857 858/478/858 827/447/827
f 827/447/827 858/478/858 859/479/859 828/448/828
f 828/448/828 859/479/859 860/480/860 829/449/829
f 829/449/829 860/480/860 861/481/861 830/450/830
f 830/450/830 861/481/861 862/482/862 831/451/831
f 831/451/831 862/482/862 863/483/863 832/452/832
f 832/452/832 863/483/863 864/484/864 833/453/833
f 833/453/833 864/484/864 865/485/865 834/454/834
f 834/454/834 865/485/865 866/486/866 835/455/835
f 835/455/835 866/486/866 867/487/867 836/456/836
f 836/456/836 867/487/867 868/488/868 837/457/837
f 837/457/837 868/488/868 869/489/869 838/458/838
f 838/458/838 869/489/869 870/490/870 839/459/839
f 839/459/839 870/490/870 871/491/871 840/460/840
f 840/460/840 871/491/871 872/492/872 841/461/841
f 841/461/841 872/492/872 873/493/873 842/462/842
f 842/462/842 873/493/873 874/494/874 843/463/843
f 843/463/843 874/494/874 875/495/875 844/464/844
f 844/464/844 875/495/875 876/496/876 845/465/845
f 846/466/846 877/497/877 878/498/878 847/467/847
f 847/467/847 878/498/878 879/499/879 848/468/848
f 848/468/848 879/499/879 880/500/880 849/469/849
f 849/469/849 880/500/880 881/501/881 850/470/850
f 850/470/850 881/501/881 882/502/882 851/471/851
f 851/471/851 882/502/882 883/503/883 852/472/852
f 852/472/852 883/503/883 884/504/884 853/473/853
f 853/473/853 884/504/884 885/505/885 854/474/854
f 854/474/854 885/505/885 886/506/886 855/475/855
f 855/475/855 886/506/886 887/507/887 856/476/856
f 856/476/856 887/507/887 888/508/888 857/477/857
f 857/477/857 888/508/888 889/509/889 858/478/858
f 858/478/858 889/509/889 890/510/890 859/479/859
f 859/479/859 890/510/890 891/511/891 860/480/860
f 860/480/860 891/511/891 892/512/892 861/481/861
f 861/481/861 892/512/892 893/513/893 862/482/862
f 862/482/862 893/513/893 894/514/894 863/483/863
f 863/483/863 894/514/894 895/515/895 864/484/864
f 864/484/864 895/515/895 896/516/896 865/485/865
f 865/485/865 896/516/896 897/517/897 866/486/866
f 866/486/866 897/517/897 898/518/898 867/487/867
f 867/487/867 898/518/898 899/519/899 868/488/868
f 868/488/868 899/519/899 900/520/900 869/489/869
f 869/489/869 900/520/900 901/521/901 870/490/870
f 870/490/870 901/521/901 902/522/902 871/491/871
f 871/491/871 902/522/902 903/523/903 872/492/872
f 872/492/872 903/523/903 904/524/904 873/493/873
f 873/493/873 904/524/904 905/525/905 874/494/874
f 874/494/874 905/525/905 906/526/906 875/495/875
f 875/495/875 906/526/906 907/527/907 876/496/876
f 877/497/877 908/528/908 909/529/909 878/498/878
f 878/498/878 909/529/909 910/530/910 879/499/879
f 879/499/879 910/530/910 911/531/911 880/500/880
f 880/500/880 911/531/911 912/532/912 881/501/881
f 881/501/881 912/532/912 913/533/913 882/502/882
f 882/502/882 913/533/913 914/534/914 883/503/883
f 883/503/883 914/534/914 915/535/915 884/504/884
f 884/504/884 915/535/915 916/536/916 885/505/885
f 885/505/885 916/536/916 917/537/917 886/506/886
f 886/506/886 917/537/917 918/538/918 887/507/887
f 887/507/887 918/538/918 919/539/919 888/508/888
f 888/508/888 919/539/919 920/540/920 889/509/889
f 889/509/889 920/540/920 921/541/921 890/510/890
f 890/510/890 921/541/921 922/542/922 891/511/891
f 891/511/891 922/542/922 923/543/923 892/512/892
f 892/512/892 923/543/923 924/544/924 893/513/893
f 893/513/893 924/544/924 925/545/925 894/514/894
f 894/514/894 925/545/925 926/546/926 895/515/895
f 895/515/895 926/546/926 927/547/927 896/516/896
f 896/516/896 927/547/927 928/548/928 897/517/897
f 897/517/897 928/548/928 929/549/929 898/518/898
f 898/518/898 929/549/929 930/550/930 899/519/899
f 899/519/899 930/550/930 931/551/931 900/520/900
f 900/520/900 931/551/931 932/552/932 901/521/901
f 901/521/901 932/552/932 933/553/933 902/522/902
f 902/522/902 933/553/933 934/554/934 903/523/903
f 903/523/903 934/554/934 935/555/935 904/524/904
f 904/524/904 935/555/935 936/556/936 905/525/905
f 905/525/905 936/556/936 937/557/937 906/526/906
f 906/526/906 937/557/937 938/558/938 907/527/907
f 908/528/908 939/559/939 940/560/940 909/529/909
f 909/529/909 940/560/940 941/561/941 910/530/910
f 910/530/910 941/561/941 942/562/942 911/531/911
f 911/531/911 942/562/942 943/563/943 912/532/912
f 912/532/912 943/563/943 944/564/944 913/533/913
f 913/533/913 944/564/944 945/565/945 914/534/914
f 914/534/914 945/565/945 946/566/946 915/535/915
f 915/535/915 946/566/946 947/567/947 916/536/916
f 916/536/916 947/567/947 948/568/948 917/537/917
f 917/537/917 948/568/948 949/569/949 918/538/918
f 918/538/918 949/569/949 950/570/950 919/539/919
f 919/539/919 950/570/950 951/571/951 920/540/920
f 920/540/920 951/571/951 952/572/952 921/541/921
f 921/541/921 952/572/952 953/573/953 922/542/922
f 922/542/922 953/573/953 954/574/954 923/543/923
f 923/543/923 954/574/954 955/575/955 924/544/924
f 924/544/924 955/575/955 956/576/956 925/545/925
f 925/545/925 956/576/956 957/577/957 926/546/926
f 926/546/926 957/577/957 958/578/958 927/547/927
f 927/547/927 958/578/958 959/579/959 928/548/928
f 928/548/928 959/579/959 960/580/960 929/549/929
f 929/549/929 960/580/960 961/581/961 930/550/930
f 930/550/930 961/581/961 962/582/962 931/551/931
f 931/551/931 962/582/962 963/583/963 932/552/932
f 932/552/932 963/583/963 964/584/964 933/553/933
f 933/553/933 964/584/964 965/585/965 934/554/934
f 934/554/934 965/585/965 966/586/966 935/555/935
f 935/555/935 966/586/966 967/587/967 936/556/936
f 936/556/936 967/587/967 968/588/968 937/557/937
f 937/557/937 968/588/968 969/589/969 938/558/938
f 939/559/939 970/590/970 971/591/971 940/560/940
f 940/560/940 971/591/971 972/592/972 941/561/941
f 941/561/941 972/592/972 973/593/973 942/562/942
f 942/562/942 973/593/973 974/594/974 943/563/943
f 943/563/943 974/594/974 975/595/975 944/564/944
f 944/564/944 975/595/975 976/596/976 945/565/945
f 945/565/945 976/596/976 977/597/977 946/566/946
f 946/566/946 977/597/977 978/598/978 947/567/947
f 947/567/947 978/598/978 979/599/979 948/568/948
f 948/568/948 979/599/979 980/600/980 949/569/949
f 949/569/949 980/600/980 981/601/981 950/570/950
f 950/570/950 981/601/981 982/602/982 951/571/951
f 951/571/951 982/602/982 983/603/983 952/572/952
f 952/572/952 983/603/983 984/604/984 953/573/953
f 953/573/953 984/604/984 985/605/985 954/574/954
f 954/574/954 985/605/985 986/606/986 955/575/955
f 955/575/955 986/606/986 987/607/987 956/576/956
f 956/576/956 987/607/987 988/608/988 957/577/957
f 957/577/957 988/608/988 989/609/989 958/578/958
f 958/578/958 989/609/989 990/610/990 959/579/959
f 959/579/959 990/610/990 991/611/991 960/580/960
f 960/580/960 991/611/991 992/612/992 961/581/961
f 961/581/961 992/612/992 993/613/993 962/582/962
f 962/582/962 993/613/993 994/614/994 963/583/963
f 963/583/963 994/614/994 995/615/995 964/584/964
f 964/584/964 995/615/995 996/616/996 965/585/965
f 965/585/965 996/616/996 997/617/997 966/586/966
f 966/586/966 997/617/997 998/618/998 967/587/967
f 967/587/967 998/618/998 999/619/999 968/588/968
f 968/588/968 999/619/999 1000/620/1000 969/589/969
f 970/590/970 1001/621/1001 1002/622/1002 971/591/971
f 971/591/971 1002/622/1002 1003/623/1003 972/592/972
f 972/592/972 1003/623/1003 1004/624/1004 973/593/973
f 973/593/973 1004/624/1004 1005/625/1005 974/594/974
f 974/594/974 1005/625/1005 1006/626/1006 975/595/975
f 975/595/975 1006/626/1006 1007/627/1007 976/596/976
f 976/596/976 1007/627/1007 1008/628/1008 977/597/977
f 977/597/977 1008/628/1008 1009/629/1009 978/598/978
f 978/598/978 1009/629/1009 1010/630/1010 979/599/979
f 979/599/979 1010/630/1010 1011/631/1011 980/600/980
f 980/600/980 1011/631/1011 1012/632/1012 981/601/981
f 981/601/981 1012/632/1012 1013/633/1013 982/602/982
f 982/602/982 1013/633/1013 1014/634/1014 983/603/983
f 983/603/983 1014/634/1014 1015/635/1015 984/604/984
f 984/604/984 1015/635/1015 1016/636/1016 985/605/985
f 985/605/985 1016/636/1016 1017/637/1017 986/606/986
f 986/606/986 1017/637/1017 1018/638/1018 987/607/987
f 987/607/987 1018/638/1018 1019/639/1019 988/608/988
f 988/608/988 1019/639/1019 1020/640/1020 989/609/989
f 989/609/989 1020/640/1020 1021/641/1021 990/610/990
f 990/610/990 1021/641/1021 1022/642/1022 991/611/991
f 991/611/991 1022/642/1022 1023/643/1023 992/612/992
f 992/612/992 1023/643/1023 1024/644/1024 993/613/993
f 993/613/993 1024/644/1024 1025/645/1025 994/614/994
f 994/614/994 1025/645/1025 1026/646/1026 995/615/995
f 995/615/995 1026/646/1026 1027/647/1027 996/616/996
f 996/616/996 1027/647/1027 1028/648/1028 997/617/997
f 997/617/997 1028/648/1028 1029/649/1029 998/618/998
f 998/618/998 1029/649/1029 1030/650/1030 999/619/999
f 999/619/999 1030/650/1030 1031/651/1031 1000/620/1000
f 1001/621/1001 1032/652/1032 1033/653/1033 1002/622/1002
f 1002/622/1002 1033/653/1033 1034/654/1034 1003/623/1003
f 1003/623/1003 1034/654/1034 1035/655/1035 1004/624/1004
f 1004/624/1004 1035/655/1035 1036/656/1036 1005/625/1005
f 1005/625/1005 1036/656/1036 1037/657/1037 1006/626/1006
f 1006/626/1006 1037/657/1037 1038/658/1038 1007/627/1007
f 1007/627/1007 1038/658/1038 1039/659/1039 1008/628/1008
f 1008/628/1008 1039/659/1039 1040/660/1040 1009/629/1009
f 1009/629/1009 1040/660/1040 1041/661/1041 1010/630/1010
f 1010/630/1010 1041/661/1041 1042/662/1042 1011/631/1011
f 1011/631/1011 1042/662/1042 1043/663/1043 1012/632/1012
f 1012/632/1012 1043/663/1043 1044/664/1044 1013/633/1013
f 1013/633/1013 1044/664/1044 1045/665/1045 1014/634/1014
f 1014/634/1014 1045/665/1045 1046/666/1046 1015/635/1015
f 1015/635/1015 1046/666/1046 1047/667/1047 1016/636/1016
f 1016/636/1016 1047/667/1047 1048/668/1048 1017/637/1017
f 1017/637/1017 1048/668/1048 1049/669/1049 1018/638/1018
f 1018/638/1018 1049/669/1049 1050/670/1050 1019/639/1019
f 1019/639/1019 1050/670/1050 1051/671/1051 1020/640/1020
f 1020/640/1020 1051/671/1051 1052/672/1052 1021/641/1021
f 1021/641/1021 1052/672/1052 1053/673/1053 1022/642/1022
f 1022/642/1022 1053/673/1053 1054/674/1054 1023/643/1023
f 1023/643/1023 1054/674/1054 1055/675/1055 1024/644/1024
f 1024/644/1024 1055/675/1055 1056/676/1056 1025/645/1025
f 1025/645/1025 1056/676/1056 1057/677/1057 1026/646/1026
f 1026/646/1026 1057/677/1057 1058/678/1058 1027/647/1027
f 1027/647/1027 1058/678/1058 1059/679/1059 1028/648/1028
f 1028/648/1028 1059/679/1059 1060/680/1060 1029/649/1029
f 1029/649/1029 1060/680/1060 1061/681/1061 1030/650/1030
f 1030/650/1030 1061/681/1061 1062/682/1062 1031/651/1031
f 1032/652/1032 1063/683/1063 1064/684/1064 1033/653/1033
f 1033/653/1033 1064/684/1064 1065/685/1065 1034/654/1034
f 1034/654/1034 1065/685/1065 1066/686/1066 1035/655/1035
f 1035/655/1035 1066/686/1066 1067/687/1067 1036/656/1036
f 1036/656/1036 1067/687/1067 1068/688/1068 1037/657/1037
f 1037/657/1037 1068/688/1068 1069/689/1069 1038/658/1038
f 1038/658/1038 1069/689/1069 1070/690/1070 1039/659/1039
f 1039/659/1039 1070/690/1070 1071/691/1071 1040/660/1040
f 1040/660/1040 1071/691/1071 1072/692/1072 1041/661/1041
f 1041/661/1041 1072/692/1072 1073/693/1073 1042/662/1042
f 1042/662/1042 1073/693/1073 1074/694/1074 1043/663/1043
f 1043/663/1043 1074/694/1074 1075/695/1075 1044/664/1044
f 1044/664/1044 1075/695/1075 1076/696/1076 1045/665/1045
f 1045/665/1045 1076/696/1076 1077/697/1077 1046/666/1046
f 1046/666/1046 1077/697/1077 1078/698/1078 1047/667/1047
f 1047/667/1047 1078/698/1078 1079/699/1079 1048/668/1048
f 1048/668/1048 1079/699/1079 1080/700/1080 1049/669/1049
f 1049/669/1049 1080/700/1080 1081/701/1081 1050/670/1050
f 1050/670/1050 1081/701/1081 1082/702/1082 1051/671/1051
f 1051/671/1051 1082/702/1082 1083/703/1083 1052/672/1052
f 1052/672/1052 1083/703/1083 1084/704/1084 1053/673/1053
f 1053/673/1053 1084/704/1084 1085/705/1085 1054/674/1054
f 1054/674/1054 1085/705/1085 1086/706/1086 1055/675/1055
f 1055/675/1055 1086/706/1086 1087/707/1087 1056/676/1056
f 1056/676/1056 1087/707/1087 1088/708/1088 1057/677/1057
f 1057/677/1057 1088/708/1088 1089/709/1089 1058/678/1058
f 1058/678/1058 1089/709/1089 1090/710/1090 1059/679/1059
f 1059/679/1059 1090/710/1090 1091/711/1091 1060/680/1060
f 1060/680/1060 1091/711/1091 1092/712/1092 1061/681/1061
f 1061/681/1061 1092/712/1092 1093/713/1093 1062/682/1062
f 1063/683/1063 1094/714/1094 1095/715/1095 1064/684/1064
f 1064/684/1064 1095/715/1095 1096/716/1096 1065/685/1065
f 1065/685/1065 1096/716/1096 1097/717/1097 1066/686/1066
f 1066/686/1066 1097/717/1097 1098/718/1098 1067/687/1067
f 1067/687/1067 1098/718/1098 1099/719/1099 1068/688/1068
f 1068/688/1068 1099/719/1099 1100/720/1100 1069/689/1069
f 1069/689/1069 1100/720/1100 1101/721/1101 1070/690/1070
f 1070/690/1070 1101/721/1101 1102/722/1102 1071/691/1071
f 1071/691/1071 1102/722/1102 1103/723/1103 1072/692/1072
f 1072/692/1072 1103/723/1103 1104/724/1104 1073/693/1073
f 1073/693/1073 1104/724/1104 1105/725/1105 1074/694/1074
f 1074/694/1074 1105/725/1105 1106/726/1106 1075/695/1075
f 1075/695/1075 1106/726/1106 1107/727/1107 1076/696/1076
f 1076/696/1076 1107/727/1107 1108/728/1108 1077/697/1077
f 1077/697/1077 1108/728/1108 1109/729/1109 1078/698/1078
f 1078/698/1078 1109/729/1109 1110/730/1110 1079/699/1079
f 1079/699/1079 1110/730/1110 1111/731/1111 1080/700/1080
f 1080/700/1080 1111/731/1111 1112/732/1112 1081/701/1081
f 1081/701/1081 1112/732/1112 1113/733/1113 1082/702/1082
f 1082/702/1082 1113/733/1113 1114/734/1114 1083/703/1083
f 1083/703/1083 1114/734/1114 1115/735/1115 1084/704/1084
f 1084/704/1084 1115/735/1115 1116/736/1116 1085/705/1085
f 1085/705/1085 1116/736/1116 1117/737/1117 1086/706/1086
f 1086/706/1086 1117/737/1117 1118/738/1118 1087/707/1087
f 1087/707/1087 1118/738/1118 1119/739/1119 1088/708/1088
f 1088/708/1088 1119/739/1119 1120/740/1120 1089/709/1089
f 1089/709/1089 1120/740/1120 1121/741/1121 1090/710/1090
f 1090/710/1090 1121/741/1121 1122/742/1122 1091/711/1091
f 1091/711/1091 1122/742/1122 1123/743/1123 1092/712/1092
f 1092/712/1092 1123/743/1123 1124/744/1124 1093/713/1093
f 1094/714/1094 1125/745/1125 1126/746/1126 1095/715/1095
f 1095/715/1095 1126/746/1126 1127/747/1127 1096/716/1096
f 1096/716/1096 1127/747/1127 1128/748/1128 1097/717/1097
f 1097/717/1097 1128/748/1128 1129/749/1129 1098/718/1098
f 1098/718/1098 1129/749/1129 1130/750/1130 1099/719/1099
f 1099/719/1099 1130/750/1130 1131/751/1131 1100/720/1100
f 1100/720/1100 1131/751/1131 1132/752/1132 1101/721/1101
f 1101/721/1101 1132/752/1132 1133/753/1133 1102/722/1102
f 1102/722/1102 1133/753/1133 1134/754/1134 1103/723/1103
f 1103/723/1103 1134/754/1134 1135/755/1135 1104/724/1104
f 1104/724/1104 1135/755/1135 1136/756/1136 1105/725/1105
f 1105/725/1105 1136/756/1136 1137/757/1137 1106/726/1106
f 1106/726/1106 1137/757/1137 1138/758/1138 1107/727/1107
f 1107/727/1107 1138/758/1138 1139/759/1139 1108/728/1108
f 1108/728/1108 1139/759/1139 1140/760/1140 1109/729/1109
f 1109/729/1109 1140/760/1140 1141/761/1141 1110/730/1110
f 1110/730/1110 1141/761/1141 1142/762/1142 1111/731/1111
f 1111/731/1111 1142/762/1142 1143/763/1143 1112/732/1112
f 1112/732/1112 1143/763/1143 1144/764/1144 1113/733/1113
f 1113/733/1113 1144/764/1144 1145/765/1145 1114/734/1114
f 1114/734/1114 1145/765/1145 1146/766/1146 1115/735/1115
f 1115/735/1115 1146/766/1146 1147/767/1147 1116/736/1116
f 1116/736/1116 1147/767/1147 1148/768/1148 1117/737/1117
f 1117/737/1117 1148/768/1148 1149/769/1149 1118/738/1118
f 1118/738/1118 1149/769/1149 1150/770/1150 1119/739/1119
f 1119/739/1119 1150/770/1150 1151/771/1151 1120/740/1120
f 1120/740/1120 1151/771/1151 1152/772/1152 1121/741/1121
f 1121/741/1121 1152/772/1152 1153/773/1153 1122/742/1122
f 1122/742/1122 1153/773/1153 1154/774/1154 1123/743/1123
f 1123/743/1123 1154/774/1154 1155/775/1155 1124/744/1124
f 1125/745/1125 1156/776/1156 1157/777/1157 1126/746/1126
f 1126/746/1126 1157/777/1157 1158/778/1158 1127/747/1127
f 1127/747/1127 1158/778/1158 1159/779/1159 1128/748/1128
f 1128/748/1128 1159/779/1159 1160/780/1160 1129/749/1129
f 1129/749/1129 1160/780/1160 1161/781/1161 1130/750/1130
f 1130/750/1130 1161/781/1161 1162/782/1162 1131/751/1131
f 1131/751/1131 1162/782/1162 1163/783/1163 1132/752/1132
f 1132/752/1132 1163/783/1163 1164/784/1164 1133/753/1133
f 1133/753/1133 1164/784/1164 1165/785/1165 1134/754/1134
f 1134/754/1134 1165/785/1165 1166/786/1166 1135/755/1135
f 1135/755/1135 1166/786/1166 1167/787/1167 1136/756/1136
f 1136/756/1136 1167/787/1167 1168/788/1168 1137/757/1137
f 1137/757/1137 1168/788/1168 1169/789/1169 1138/758/1138
f 1138/758/1138 1169/789/1169 1170/790/1170 1139/759/1139
f 1139/759/1139 1170/790/1170 1171/791/1171 1140/760/1140
f 1140/760/1140 1171/791/1171 1172/792/1172 1141/761/1141
f 1141/761/1141 1172/792/1172 1173/793/1173 1142/762/1142
f 1142/762/1142 1173/793/1173 1174/794/1174 1143/763/1143
f 1143/763/1143 1174/794/1174 1175/795/1175 1144/764/1144
f 1144/764/1144 1175/795/1175 1176/796/1176 1145/765/1145
f 1145/765/1145 1176/796/1176 1177/797/1177 1146/766/1146
f 1146/766/1146 1177/797/1177 1178/798/1178 1147/767/1147
f 1147/767/1147 1178/798/1178 1179/799/1179 1148/768/1148
f 1148/768/1148 1179/799/1179 1180/800/1180 1149/769/1149
f 1149/769/1149 1180/800/1180 1181/801/1181 1150/770/1150
f 1150/770/1150 1181/801/1181 1182/802/1182 1151/771/1151
f 1151/771/1151 1182/802/1182 1183/803/1183 1152/772/1152
f 1152/772/1152 1183/803/1183 1184/804/1184 1153/773/1153
f 1153/773/1153 1184/804/1184 1185/805/1185 1154/774/1154
f 1154/774/1154 1185/805/1185 1186/806/1186 1155/775/1155
f 1156/776/1156 1187/807/1187 1188/808/1188 1157/777/1157
f 1157/777/1157 1188/808/1188 1189/809/1189 1158/778/1158
f 1158/778/1158 1189/809/1189 1190/810/1190 1159/779/1159
f 1159/779/1159 1190/810/1190 1191/811/1191 1160/780/1160
f 1160/780/1160 1191/811/1191 1192/812/1192 1161/781/1161
f 1161/781/1161 1192/812/1192 1193/813/1193 1162/782/1162
f 1162/782/1162 1193/813/1193 1194/814/1194 1163/783/1163
f 1163/783/1163 1194/814/1194 1195/815/1195 1164/784/1164
f 1164/784/1164 1195/815/1195 1196/816/1196 1165/785/1165
f 1165/785/1165 1196/816/1196 1197/817/1197 1166/786/1166
f 1166/786/1166 1197/817/1197 1198/818/1198 1167/787/1167
f 1167/787/1167 1198/818/1198 1199/819/1199 1168/788/1168
f 1168/788/1168 1199/819/1199 1200/820/1200 1169/789/1169
f 1169/789/1169 1200/820/1200 1201/821/1201 1170/790/1170
f 1170/790/1170 1201/821/1201 1202/822/1202 1171/791/1171
f 1171/791/1171 1202/822/1202 1203/823/1203 1172/792/1172
f 1172/792/1172 1203/823/1203 1204/824/1204 1173/793/1173
f 1173/793/1173 1204/824/1204 1205/825/1205 1174/794/1174
f 1174/794/1174 1205/825/1205 1206/826/1206 1175/795/1175
f 1175/795/1175 1206/826/1206 1207/827/1207 1176/796/1176
f 1176/796/1176 1207/827/1207 1208/828/1208 1177/797/1177
f 1177/797/1177 1208/828/1208 1209/829/1209 1178/798/1178
f 1178/798/1178 1209/829/1209 1210/830/1210 1179/799/1179
f 1179/799/1179 1210/830/1210 1211/831/1211 1180/800/1180
f 1180/800/1180 1211/831/1211 1212/832/1212 1181/801/1181
f 1181/801/1181 1212/832/1212 1213/833/1213 1182/802/1182
f 1182/802/1182 1213/833/1213 1214/834/1214 1183/803/1183
f 1183/803/1183 1214/834/1214 1215/835/1215 1184/804/1184
f 1184/804/1184 1215/835/1215 1216/836/1216 1185/805/1185
f 1185/805/1185 1216/836/1216 1217/837/1217 1186/806/1186
f 1187/807/1187 1218/838/1218 1219/839/1219 1188/808/1188
f 1188/808/1188 1219/839/1219 1220/840/1220 1189/809/1189
f 1189/809/1189 1220/840/1220 1221/841/1221 1190/810/1190
f 1190/810/1190 1221/841/1221 1222/842/1222 1191/811/1191
f 1191/811/1191 1222/842/1222 1223/843/1223 1192/812/1192
f 1192/812/1192 1223/843/1223 1224/844/1224 1193/813/1193
f 1193/813/1193 1224/844/1224 1225/845/1225 1194/814/1194
f 1194/814/1194 1225/845/1225 1226/846/1226 1195/815/1195
f 1195/815/1195 1226/846/1226 1227/847/1227 1196/816/1196
f 1196/816/1196 1227/847/1227 1228/848/1228 1197/817/1197
f 1197/817/1197 1228/848/1228 1229/849/1229 1198/818/1198
f 1198/818/1198 1229/849/1229 1230/850/1230 1199/819/1199
f 1199/819/1199 1230/850/1230 1231/851/1231 1200/820/1200
f 1200/820/1200 1231/851/1231 1232/852/1232 1201/821/1201
f 1201/821/1201 1232/852/1232 1233/853/1233 1202/822/1202
f 1202/822/1202 1233/853/1233 1234/854/1234 1203/823/1203
f 1203/823/1203 1234/854/1234 1235/855/1235 1204/824/1204
f 1204/824/1204 1235/855/1235 1236/856/1236 1205/825/1205
f 1205/825/1205 1236/856/1236 1237/857/1237 1206/826/1206
f 1206/826/1206 1237/857/1237 1238/858/1238 1207/827/1207
f 1207/827/1207 1238/858/1238 1239/859/1239 1208/828/1208
f 1208/828/1208 1239/859/1239 1240/860/1240 1209/829/1209
f 1209/829/1209 1240/860/1240 1241/861/1241 1210/830/1210
f 1210/830/1210 1241/861/1241 1242/862/1242 1211/831/1211
f 1211/831/1211 1242/862/1242 1243/863/1243 1212/832/1212
f 1212/832/1212 1243/863/1243 1244/864/1244 1213/833/1213
f 1213/833/1213 1244/864/1244 1245/865/1245 1214/834/1214
f 1214/834/1214 1245/865/1245 1246/866/1246 1215/835/1215
f 1215/835/1215 1246/866/1246 1247/867/1247 1216/836/1216
f 1216/836/1216 1247/867/1247 1248/868/1248 1217/837/1217
f 1218/838/1218 1249/869/1249 1250/870/1250 1219/839/1219
f 1219/839/1219 1250/870/1250 1251/871/1251 1220/840/1220
f 1220/840/1220 1251/871/1251 1252/872/1252 1221/841/1221
f 1221/841/1221 1252/872/1252 1253/873/1253 1222/842/1222
f 1222/842/1222 1253/873/1253 1254/874/1254 1223/843/1223
f 1223/843/1223 1254/874/1254 1255/875/1255 1224/844/1224
f 1224/844/1224 1255/875/1255 1256/876/1256 1225/845/1225
f 1225/845/1225 1256/876/1256 1257/877/1257 1226/846/1226
f 1226/846/1226 1257/877/1257 1258/878/1258 1227/847/1227
f 1227/847/1227 1258/878/1258 1259/879/1259 1228/848/1228
f 1228/848/1228 1259/879/1259 1260/880/1260 1229/849/1229
f 1229/849/1229 1260/880/1260 1261/881/1261 1230/850/1230
f 1230/850/1230 1261/881/1261 1262/882/1262 1231/851/1231
f 1231/851/1231 1262/882/1262 1263/883/1263 1232/852/1232
f 1232/852/1232 1263/883/1263 1264/884/1264 1233/853/1233
f 1233/853/1233 1264/884/1264 1265/885/1265 1234/854/1234
f 1234/854/1234 1265/885/1265 1266/886/1266 1235/855/1235
f 1235/855/1235 1266/886/1266 1267/887/1267 1236/856/1236
f 1236/856/1236 1267/887/1267 1268/888/1268 1237/857/1237
f 1237/857/1237 1268/888/1268 1269/889/1269 1238/858/1238
f 1238/858/1238 1269/889/1269 1270/890/1270 1239/859/1239
f 1239/859/1239 1270/890/1270 1271/891/1271 1240/860/1240
f 1240/860/1240 1271/891/1271 1272/892/1272 1241/861/1241
f 1241/861/1241 1272/892/1272 1273/893/1273 1242/862/1242
f 1242/862/1242 1273/893/1273 1274/894/1274 1243/863/1243
f 1243/863/1243 1274/894/1274 1275/895/1275 1244/864/1244
f 1244/864/1244 1275/895/1275 1276/896/1276 1245/865/1245
f 1245/865/1245 1276/896/1276 1277/897/1277 1246/866/1246
f 1246/866/1246 1277/897/1277 1278/898/1278 1247/867/1247
f 1247/867/1247 1278/898/1278 1279/899/1279 1248/868/1248
f 1249/869/1249 1280/900/1280 1281/901/1281 1250/870/1250
f 1250/870/1250 1281/901/1281 1282/902/1282 1251/871/1251
f 1251/871/1251 1282/902/1282 1283/903/1283 1252/872/1252
f 1252/872/1252 1283/903/1283 1284/904/1284 1253/873/1253
f 1253/873/1253 1284/904/1284 1285/905/1285 1254/874/1254
f 1254/874/1254 1285/905/1285 1286/906/1286 1255/875/1255
f 1255/875/1255 1286/906/1286 1287/907/1287 1256/876/1256
f 1256/876/1256 1287/907/1287 1288/908/1288 1257/877/1257
f 1257/877/1257 1288/908/1288 1289/909/1289 1258/878/1258
f 1258/878/1258 1289/909/1289 1290/910/1290 1259/879/1259
f 1259/879/1259 1290/910/1290 1291/911/1291 1260/880/1260
f 1260/880/1260 1291/911/1291 1292/912/1292 1261/881/1261
f 1261/881/1261 1292/912/1292 1293/913/1293 1262/882/1262
f 1262/882/1262 1293/913/1293 1294/914/1294 1263/883/1263
f 1263/883/1263 1294/914/1294 1295/915/1295 1264/884/1264
f 1264/884/1264 1295/915/1295 1296/916/1296 1265/885/1265
f 1265/885/1265 1296/916/1296 1297/917/1297 1266/886/1266
f 1266/886/1266 1297/917/1297 1298/918/1298 1267/887/1267
f 1267/887/1267 1298/918/1298 1299/919/1299 1268/888/1268
f 1268/888/1268 1299/919/1299 1300/920/1300 1269/889/1269
f 1269/889/1269 1300/920/1300 1301/921/1301 1270/890/1270
f 1270/890/1270 1301/921/1301 1302/922/1302 1271/891/1271
f 1271/891/1271 1302/922/1302 1303/923/1303 1272/892/1272
f 1272/892/1272 1303/923/1303 1304/924/1304 1273/893/1273
f 1273/893/1273 1304/924/1304 1305/925/1305 1274/894/1274
f 1274/894/1274 1305/925/1305 1306/926/1306 1275/895/1275
f 1275/895/1275 1306/926/1306 1307/927/1307 1276/896/1276
f 1276/896/1276 1307/927/1307 1308/928/1308 1277/897/1277
f 1277/897/1277 1308/928/1308 1309/929/1309 1278/898/1278
f 1278/898/1278 1309/929/1309 1310/930/1310 1279/899/1279
f 1280/900/1280 1311/931/1311 1312/932/1312 1281/901/1281
f 1281/901/1281 1312/932/1312 1313/933/1313 1282/902/1282
f 1282/902/1282 1313/933/1313 1314/934/1314 1283/903/1283
f 1283/903/1283 1314/934/1314 1315/935/1315 1284/904/1284
f 1284/904/1284 1315/935/1315 1316/936/1316 1285/905/1285
f 1285/905/1285 1316/936/1316 1317/937/1317 1286/906/1286
f 1286/906/1286 1317/937/1317 1318/938/1318 1287/907/1287
f 1287/907/1287 1318/938/1318 1319/939/1319 1288/908/1288
f 1288/908/1288 1319/939/1319 1320/940/1320 1289/909/1289
f 1289/909/1289 1320/940/1320 1321/941/1321 1290/910/1290
f 1290/910/1290 1321/941/1321 1322/942/1322 1291/911/1291
f 1291/911/1291 1322/942/1322 1323/943/1323 1292/912/1292
f 1292/912/1292 1323/943/1323 1324/944/1324 1293/913/1293
f 1293/913/1293 1324/944/1324 1325/945/1325 1294/914/1294
f 1294/914/1294 1325/945/1325 1326/946/1326 1295/915/1295
f 1295/915/1295 1326/946/1326 1327/947/1327 1296/916/1296
f 1296/916/1296 1327/947/1327 1328/948/1328 1297/917/1297
f 1297/917/1297 1328/948/1328 1329/949/1329 1298/918/1298
f 1298/918/1298 1329/949/1329 1330/950/1330 1299/919/1299
f 1299/919/1299 1330/950/1330 1331/951/1331 1300/920/1300
f 1300/920/1300 1331/951/1331 1332/952/1332 1301/921/1301
f 1301/921/1301 1332/952/1332 1333/953/1333 1302/922/1302
f 1302/922/1302 1333/953/1333 1334/954/1334 1303/923/1303
f 1303/923/1303 1334/954/1334 1335/955/1335 1304/924/1304
f 1304/924/1304 1335/955/1335 1336/956/1336 1305/925/1305
f 1305/925/1305 1336/956/1336 1337/957/1337 1306/926/1306
f 1306/926/1306 1337/957/1337 1338/958/1338 1307/927/1307
f 1307/927/1307 1338/958/1338 1339/959/1339 1308/928/1308
f 1308/928/1308 1339/959/1339 1340/960/1340 1309/929/1309
f 1309/929/1309 1340/960/1340 1341/961/1341 1310/930/1310
f 1/962/1 102/963/102 381/1/381 225/964/225
f 225/964/225 381/1/381 382/4/382 224/965/224
f 224/965/224 382/4/382 383/6/383 223/966/223
f 223/966/223 383/6/383 384/8/384 222/967/222
f 222/967/222 384/8/384 385/10/385 221/968/221
f 221/968/221 385/10/385 386/12/386 220/969/220
f 220/969/220 386/12/386 387/14/387 219/970/219
f 219/970/219 387/14/387 388/16/388 218/971/218
f 218/971/218 388/16/388 389/18/389 217/972/217
f 217/972/217 389/18/389 390/20/390 216/973/216
f 216/973/216 390/20/390 391/22/391 215/974/215
f 215/974/215 391/22/391 392/24/392 214/975/214
f 214/975/214 392/24/392 393/26/393 213/976/213
f 213/976/213 393/26/393 394/28/394 212/977/212
f 212/977/212 394/28/394 395/30/395 211/978/211
f 211/978/211 395/30/395 396/32/396 210/979/210
f 210/979/210 396/32/396 397/34/397 209/980/209
f 209/980/209 397/34/397 398/36/398 208/981/208
f 208/981/208 398/36/398 399/38/399 207/982/207
f 207/982/207 399/38/399 400/40/400 206/983/206
f 206/983/206 400/40/400 401/42/401 205/984/205
f 205/984/205 401/42/401 402/44/402 204/985/204
f 204/985/204 402/44/402 403/46/403 203/986/203
f 203/986/203 403/46/403 404/48/404 202/987/202
f 202/987/202 404/48/404 405/50/405 201/988/201
f 201/988/201 405/50/405 406/52/406 200/989/200
f 200/989/200 406/52/406 407/54/407 199/990/199
f 199/990/199 407/54/407 408/56/408 198/991/198
f 198/991/198 408/56/408 409/58/409 197/992/197
f 197/992/197 409/58/409 410/60/410 196/993/196
f 196/993/196 410/60/410 411/62/411 195/994/195
f 195/994/195 411/62/411 194/995/194 5/996/5
f 411/62/411 442/61/442 193/997/193 194/995/194
f 442/61/442 473/93/473 192/998/192 193/997/193
f 473/93/473 504/124/504 191/999/191 192/998/192
f 504/124/504 535/155/535 190/1000/190 191/999/191
f 535/155/535 566/186/566 189/1001/189 190/1000/190
f 566/186/566 597/217/597 188/1002/188 189/1001/189
f 597/217/597 628/248/628 187/1003/187 188/1002/188
f 628/248/628 659/279/659 186/1004/186 187/1003/187
f 659/279/659 690/310/690 185/1005/185 186/1004/186
f 690/310/690 721/341/721 184/1006/184 185/1005/185
f 721/341/721 752/372/752 183/1007/183 184/1006/184
f 752/372/752 783/403/783 182/1008/182 183/1007/183
f 783/403/783 814/434/814 181/1009/181 182/1008/182
f 814/434/814 845/465/845 180/1010/180 181/1009/181
f 845/465/845 876/496/876 179/1011/179 180/1010/180
f 876/496/876 907/527/907 178/1012/178 179/1011/179
f 907/527/907 938/558/938 177/1013/177 178/1012/178
f 938/558/938 969/589/969 176/1014/176 177/1013/177
f 969/589/969 1000/620/1000 175/1015/175 176/1014/176
f 1000/620/1000 1031/651/1031 174/1016/174 175/1015/175
f 1031/651/1031 1062/682/1062 173/1017/173 174/1016/174
f 1062/682/1062 1093/713/1093 172/1018/172 173/1017/173
f 1093/713/1093 1124/744/1124 171/1019/171 172/1018/172
f 1124/744/1124 1155/775/1155 170/1020/170 171/1019/171
f 1155/775/1155 1186/806/1186 169/1021/169 170/1020/170
f 1186/806/1186 1217/837/1217 168/1022/168 169/1021/169
f 1217/837/1217 1248/868/1248 167/1023/167 168/1022/168
f 1248/868/1248 1279/899/1279 166/1024/166 167/1023/167
f 1279/899/1279 1310/930/1310 165/1025/165 166/1024/166
f 1310/930/1310 1341/961/1341 164/1026/164 165/1025/165
f 1341/961/1341 101/1027/101 7/1028/7 164/1026/164
f 1340/960/1340 100/1029/100 101/1027/101 1341/961/1341
f 1339/959/1339 99/1030/99 100/1029/100 1340/960/1340
f 1338/958/1338 98/1031/98 99/1030/99 1339/959/1339
f 1337/957/1337 97/1032/97 98/1031/98 1338/958/1338
f 1336/956/1336 96/1033/96 97/1032/97 1337/957/1337
f 1335/955/1335 95/1034/95 96/1033/96 1336/956/1336
f 1334/954/1334 94/1035/94 95/1034/95 1335/955/1335
f 1333/953/1333 93/1036/93 94/1035/94 1334/954/1334
f 1332/952/1332 92/1037/92 93/1036/93 1333/953/1333
f 1331/951/1331 91/1038/91 92/1037/92 1332/952/1332
f 1330/950/1330 90/1039/90 91/1038/91 1331/951/1331
f 1329/949/1329 89/1040/89 90/1039/90 1330/950/1330
f 1328/948/1328 88/1041/88 89/1040/89 1329/949/1329
f 1327/947/1327 87/1042/87 88/1041/88 1328/948/1328
f 1326/946/1326 86/1043/86 87/1042/87 1327/947/1327
f 1325/945/1325 85/1044/85 86/1043/86 1326/946/1326
f 1324/944/1324 84/1045/84 85/1044/85 1325/945/1325
f 1323/943/1323 83/1046/83 84/1045/84 1324/944/1324
f 1322/942/1322 82/1047/82 83/1046/83 1323/943/1323
f 1321/941/1321 81/1048/81 82/1047/82 1322/942/1322
f 1320/940/1320 80/1049/80 81/1048/81 1321/941/1321
f 1319/939/1319 79/1050/79 80/1049/80 1320/940/1320
f 1318/938/1318 78/1051/78 79/1050/79 1319/939/1319
f 1317/937/1317 77/1052/77 78/1051/78 1318/938/1318
f 1316/936/1316 76/1053/76 77/1052/77 1317/937/1317
f 1315/935/1315 75/1054/75 76/1053/76 1316/936/1316
f 1314/934/1314 74/1055/74 75/1054/75 1315/935/1315
f 1313/933/1313 73/1056/73 74/1055/74 1314/934/1314
f 1312/932/1312 72/1057/72 73/1056/73 1313/933/1313
f 1311/931/1311 71/1058/71 72/1057/72 1312/932/1312
f 132/1059/132 3/1060/3 71/1058/71 1311/931/1311
f 131/1061/131 132/1059/132 1311/931/1311 1280/900/1280
f 130/1062/130 131/1061/131 1280/900/1280 1249/869/1249
f 129/1063/129 130/1062/130 1249/869/1249 1218/838/1218
f 128/1064/128 129/1063/129 1218/838/1218 1187/807/1187
f 127/1065/127 128/1064/128 1187/807/1187 1156/776/1156
f 126/1066/126 127/1065/127 1156/776/1156 1125/745/1125
f 125/1067/125 126/1066/126 1125/745/1125 1094/714/1094
f 124/1068/124 125/1067/125 1094/714/1094 1063/683/1063
f 123/1069/123 124/1068/124 1063/683/1063 1032/652/1032
f 122/1070/122 123/1069/123 1032/652/1032 1001/621/1001
f 121/1071/121 122/1070/122 1001/621/1001 970/590/970
f 120/1072/120 121/1071/121 970/590/970 939/559/939
f 119/1073/119 120/1072/120 939/559/939 908/528/908
f 118/1074/118 119/1073/119 908/528/908 877/497/877
f 117/1075/117 118/1074/118 877/497/877 846/466/846
f 116/1076/116 117/1075/117 846/466/846 815/435/815
f 115/1077/115 116/1076/116 815/435/815 784/404/784
f 114/1078/114 115/1077/115 784/404/784 753/373/753
f 113/1079/113 114/1078/114 753/373/753 722/342/722
f 112/1080/112 113/1079/113 722/342/722 691/311/691
f 111/1081/111 112/1080/112 691/311/691 660/280/660
f 110/1082/110 111/1081/111 660/280/660 629/249/629
f 109/1083/109 110/1082/110 629/249/629 598/218/598
f 108/1084/108 109/1083/109 598/218/598 567/187/567
f 107/1085/107 108/1084/108 567/187/567 536/156/536
f 106/1086/106 107/1085/107 536/156/536 505/125/505
f 105/1087/105 106/1086/106 505/125/505 474/94/474
f 104/1088/104 105/1087/105 474/94/474 443/63/443
f 103/1089/103 104/1088/104 443/63/443 412/2/412
f 102/963/102 103/1089/103 412/2/412 381/1/381
f 1342/1090/1342 1373/1091/1373 1374/1092/1374 1343/1093/1343
f 1343/1093/1343 1374/1092/1374 1375/1094/1375 1344/1095/1344
f 1344/1095/1344 1375/1094/1375 1376/1096/1376 1345/1097/1345
f 1345/1097/1345 1376/1096/1376 1377/1098/1377 1346/1099/1346
f 1346/1099/1346 1377/1098/1377 1378/1100/1378 1347/1101/1347
f 1347/1101/1347 1378/1100/1378 1379/1102/1379 1348/1103/1348
f 1348/1103/1348 1379/1102/1379 1380/1104/1380 1349/1105/1349
f 1349/1105/1349 1380/1104/1380 1381/1106/1381 1350/1107/1350
f 1350/1107/1350 1381/1106/1381 1382/1108/1382 1351/1109/1351
f 1351/1109/1351 1382/1108/1382 1383/1110/1383 1352/1111/1352
f 1352/1111/1352 1383/1110/1383 1384/1112/1384 1353/1113/1353
f 1353/1113/1353 1384/1112/1384 1385/1114/1385 1354/1115/1354
f 1354/1115/1354 1385/1114/1385 1386/1116/1386 1355/1117/1355
f 1355/1117/1355 1386/1116/1386 1387/1118/1387 1356/1119/1356
f 1356/1119/1356 1387/1118/1387 1388/1120/1388 1357/1121/1357
f 1357/1121/1357 1388/1120/1388 1389/1122/1389 1358/1123/1358
f 1358/1123/1358 1389/1122/1389 1390/1124/1390 1359/1125/1359
f 1359/1125/1359 1390/1124/1390 1391/1126/1391 1360/1127/1360
f 1360/1127/1360 1391/1126/1391 1392/1128/1392 1361/1129/1361
f 1361/1129/1361 1392/1128/1392 1393/1130/1393 1362/1131/1362
f 1362/1131/1362 1393/1130/1393 1394/1132/1394 1363/1133/1363
f 1363/1133/1363 1394/1132/1394 1395/1134/1395 1364/1135/1364
f 1364/1135/1364 1395/1134/1395 1396/1136/1396 1365/1137/1365
f 1365/1137/1365 1396/1136/1396 1397/1138/1397 1366/1139/1366
f 1366/1139/1366 1397/1138/1397 1398/1140/1398 1367/1141/1367
f 1367/1141/1367 1398/1140/1398 1399/1142/1399 1368/1143/1368
f 1368/1143/1368 1399/1142/1399 1400/1144/1400 1369/1145/1369
f 1369/1145/1369 1400/1144/1400 1401/1146/1401 1370/1147/1370
f 1370/1147/1370 1401/1146/1401 1402/1148/1402 1371/1149/1371
f 1371/1149/1371 1402/1148/1402 1403/1150/1403 1372/1151/1372
f 1373/1091/1373 1404/1152/1404 1405/1153/1405 1374/1092/1374
f 1374/1092/1374 1405/1153/1405 1406/1154/1406 1375/1094/1375
f 1375/1094/1375 1406/1154/1406 1407/1155/1407 1376/1096/1376
f 1376/1096/1376 1407/1155/1407 1408/1156/1408 1377/1098/1377
f 1377/1098/1377 1408/1156/1408 1409/1157/1409 1378/1100/1378
f 1378/1100/1378 1409/1157/1409 1410/1158/1410 1379/1102/1379
f 1379/1102/1379 1410/1158/1410 1411/1159/1411 1380/1104/1380
f 1380/1104/1380 1411/1159/1411 1412/1160/1412 1381/1106/1381
f 1381/1106/1381 1412/1160/1412 1413/1161/1413 1382/1108/1382
f 1382/1108/1382 1413/1161/1413 1414/1162/1414 1383/1110/1383
f 1383/1110/1383 1414/1162/1414 1415/1163/1415 1384/1112/1384
f 1384/1112/1384 1415/1163/1415 1416/1164/1416 1385/1114/1385
f 1385/1114/1385 1416/1164/1416 1417/1165/1417 1386/1116/1386
f 1386/1116/1386 1417/1165/1417 1418/1166/1418 1387/1118/1387
f 1387/1118/1387 1418/1166/1418 1419/1167/1419 1388/1120/1388
f 1388/1120/1388 1419/1167/1419 1420/1168/1420 1389/1122/1389
f 1389/1122/1389 1420/1168/1420 1421/1169/1421 1390/1124/1390
f 1390/1124/1390 1421/1169/1421 1422/1170/1422 1391/1126/1391
f 1391/1126/1391 1422/1170/1422 1423/1171/1423 1392/1128/1392
f 1392/1128/1392 1423/1171/1423 1424/1172/1424 1393/1130/1393
f 1393/1130/1393 1424/1172/1424 1425/1173/1425 1394/1132/1394
f 1394/1132/1394 1425/1173/1425 1426/1174/1426 1395/1134/1395
f 1395/1134/1395 1426/1174/1426 1427/1175/1427 1396/1136/1396
f 1396/1136/1396 1427/1175/1427 1428/1176/1428 1397/1138/1397
f 1397/1138/1397 1428/1176/1428 1429/1177/1429 1398/1140/1398
f 1398/1140/1398 1429/1177/1429 1430/1178/1430 1399/1142/1399
f 1399/1142/1399 1430/1178/1430 1431/1179/1431 1400/1144/1400
f 1400/1144/1400 1431/1179/1431 1432/1180/1432 1401/1146/1401
f 1401/1146/1401 1432/1180/1432 1433/1181/1433 1402/1148/1402
f 1402/1148/1402 1433/1181/1433 1434/1182/1434 1403/1150/1403
f 1404/1152/1404 1435/1183/1435 1436/1184/1436 1405/1153/1405
f 1405/1153/1405 1436/1184/1436 1437/1185/1437 1406/1154/1406
f 1406/1154/1406 1437/1185/1437 1438/1186/1438 1407/1155/1407
f 1407/1155/1407 1438/1186/1438 1439/1187/1439 1408/1156/1408
f 1408/1156/1408 1439/1187/1439 1440/1188/1440 1409/1157/1409
f 1409/1157/1409 1440/1188/1440 1441/1189/1441 1410/1158/1410
f 1410/1158/1410 1441/1189/1441 1442/1190/1442 1411/1159/1411
f 1411/1159/1411 1442/1190/1442 1443/1191/1443 1412/1160/1412
f 1412/1160/1412 1443/1191/1443 1444/1192/1444 1413/1161/1413
f 1413/1161/1413 1444/1192/1444 1445/1193/1445 1414/1162/1414
f 1414/1162/1414 1445/1193/1445 1446/1194/1446 1415/1163/1415
f 1415/1163/1415 1446/1194/1446 1447/1195/1447 1416/1164/1416
f 1416/1164/1416 1447/1195/1447 1448/1196/1448 1417/1165/1417
f 1417/1165/1417 1448/1196/1448 1449/1197/1449 1418/1166/1418
f 1418/1166/1418 1449/1197/1449 1450/1198/1450 1419/1167/1419
f 1419/1167/1419 1450/1198/1450 1451/1199/1451 1420/1168/1420
f 1420/1168/1420 1451/1199/1451 1452/1200/1452 1421/1169/1421
f 1421/1169/1421 1452/1200/1452 1453/1201/1453 1422/1170/1422
f 1422/1170/1422 1453/1201/1453 1454/1202/1454 1423/1171/1423
f 1423/1171/1423 1454/1202/1454 1455/1203/1455 1424/1172/1424
f 1424/1172/1424 1455/1203/1455 1456/1204/1456 1425/1173/1425
f 1425/1173/1425 1456/1204/1456 1457/1205/1457 1426/1174/1426
f 1426/1174/1426 1457/1205/1457 1458/1206/1458 1427/1175/1427
f 1427/1175/1427 1458/1206/1458 1459/1207/1459 1428/1176/1428
f 1428/1176/1428 1459/1207/1459 1460/1208/1460 1429/1177/1429
f 1429/1177/1429 1460/1208/1460 1461/1209/1461 1430/1178/1430
f 1430/1178/1430 1461/1209/1461 1462/1210/1462 1431/1179/1431
f 1431/1179/1431 1462/1210/1462 1463/1211/1463 1432/1180/1432
f 1432/1180/1432 1463/1211/1463 1464/1212/1464 1433/1181/1433
f 1433/1181/1433 1464/1212/1464 1465/1213/1465 1434/1182/1434
f 1435/1183/1435 1466/1214/1466 1467/1215/1467 1436/1184/1436
f 1436/1184/1436 1467/1215/1467 1468/1216/1468 1437/1185/1437
f 1437/1185/1437 1468/1216/1468 1469/1217/1469 1438/1186/1438
f 1438/1186/1438 1469/1217/1469 1470/1218/1470 1439/1187/1439
f 1439/1187/1439 1470/1218/1470 1471/1219/1471 1440/1188/1440
f 1440/1188/1440 1471/1219/1471 1472/1220/1472 1441/1189/1441
f 1441/1189/1441 1472/1220/1472 1473/1221/1473 1442/1190/1442
f 1442/1190/1442 1473/1221/1473 1474/1222/1474 1443/1191/1443
f 1443/1191/1443 1474/1222/1474 1475/1223/1475 1444/1192/1444
f 1444/1192/1444 1475/1223/1475 1476/1224/1476 1445/1193/1445
f 1445/1193/1445 1476/1224/1476 1477/1225/1477 1446/1194/1446
f 1446/1194/1446 1477/1225/1477 1478/1226/1478 1447/1195/1447
f 1447/1195/1447 1478/1226/1478 1479/1227/1479 1448/1196/1448
f 1448/1196/1448 1479/1227/1479 1480/1228/1480 1449/1197/1449
f 1449/1197/1449 1480/1228/1480 1481/1229/1481 1450/1198/1450
f 1450/1198/1450 1481/1229/1481 1482/1230/1482 1451/1199/1451
f 1451/1199/1451 1482/1230/1482 1483/1231/1483 1452/1200/1452
f 1452/1200/1452 1483/1231/1483 1484/1232/1484 1453/1201/1453
f 1453/1201/1453 1484/1232/1484 1485/1233/1485 1454/1202/1454
f 1454/1202/1454 1485/1233/1485 1486/1234/1486 1455/1203/1455
f 1455/1203/1455 1486/1234/1486 1487/1235/1487 1456/1204/1456
f 1456/1204/1456 1487/1235/1487 1488/1236/1488 1457/1205/1457
f 1457/1205/1457 1488/1236/1488 1489/1237/1489 1458/1206/1458
f 1458/1206/1458 1489/1237/1489 1490/1238/1490 1459/1207/1459
f 1459/1207/1459 1490/1238/1490 1491/1239/1491 1460/1208/1460
f 1460/1208/1460 1491/1239/1491 1492/1240/1492 1461/1209/1461
f 1461/1209/1461 1492/1240/1492 1493/1241/1493 1462/1210/1462
f 1462/1210/1462 1493/1241/1493 1494/1242/1494 1463/1211/1463
f 1463/1211/1463 1494/1242/1494 1495/1243/1495 1464/1212/1464
f 1464/1212/1464 1495/1243/1495 1496/1244/1496 1465/1213/1465
f 1466/1214/1466 1497/1245/1497 1498/1246/1498 1467/1215/1467
f 1467/1215/1467 1498/1246/1498 1499/1247/1499 1468/1216/1468
f 1468/1216/1468 1499/1247/1499 1500/1248/1500 1469/1217/1469
f 1469/1217/1469 1500/1248/1500 1501/1249/1501 1470/1218/1470
f 1470/1218/1470 1501/1249/1501 1502/1250/1502 1471/1219/1471
f 1471/1219/1471 1502/1250/1502 1503/1251/1503 1472/1220/1472
f 1472/1220/1472 1503/1251/1503 1504/1252/1504 1473/1221/1473
f 1473/1221/1473 1504/1252/1504 1505/1253/1505 1474/1222/1474
f 1474/1222/1474 1505/1253/1505 1506/1254/1506 1475/1223/1475
f 1475/1223/1475 1506/1254/1506 1507/1255/1507 1476/1224/1476
f 1476/1224/1476 1507/1255/1507 1508/1256/1508 1477/1225/1477
f 1477/1225/1477 1508/1256/1508 1509/1257/1509 1478/1226/1478
f 1478/1226/1478 1509/1257/1509 1510/1258/1510 1479/1227/1479
f 1479/1227/1479 1510/1258/1510 1511/1259/1511 1480/1228/1480
f 1480/1228/1480 1511/1259/1511 1512/1260/1512 1481/1229/1481
f 1481/1229/1481 1512/1260/1512 1513/1261/1513 1482/1230/1482
f 1482/1230/1482 1513/1261/1513 1514/1262/1514 1483/1231/1483
f 1483/1231/1483 1514/1262/1514 1515/1263/1515 1484/1232/1484
f 1484/1232/1484 1515/1263/1515 1516/1264/1516 1485/1233/1485
f 1485/1233/1485 1516/1264/1516 1517/1265/1517 1486/1234/1486
f 1486/1234/1486 1517/1265/1517 1518/1266/1518 1487/1235/1487
f 1487/1235/1487 1518/1266/1518 1519/1267/1519 1488/1236/1488
f 1488/1236/1488 1519/1267/1519 1520/1268/1520 1489/1237/1489
f 1489/1237/1489 1520/1268/1520 1521/1269/1521 1490/1238/1490
f 1490/1238/1490 1521/1269/1521 1522/1270/1522 1491/1239/1491
f 1491/1239/1491 1522/1270/1522 1523/1271/1523 1492/1240/1492
f 1492/1240/1492 1523/1271/1523 1524/1272/1524 1493/1241/1493
f 1493/1241/1493 1524/1272/1524 1525/1273/1525 1494/1242/1494
f 1494/1242/1494 1525/1273/1525 1526/1274/1526 1495/1243/1495
f 1495/1243/1495 1526/1274/1526 1527/1275/1527 1496/1244/1496
f 1497/1245/1497 1528/1276/1528 1529/1277/1529 1498/1246/1498
f 1498/1246/1498 1529/1277/1529 1530/1278/1530 1499/1247/1499
f 1499/1247/1499 1530/1278/1530 1531/1279/1531 1500/1248/1500
f 1500/1248/1500 1531/1279/1531 1532/1280/1532 1501/1249/1501
f 1501/1249/1501 1532/1280/1532 1533/1281/1533 1502/1250/1502
f 1502/1250/1502 1533/1281/1533 1534/1282/1534 1503/1251/1503
f 1503/1251/1503 1534/1282/1534 1535/1283/1535 1504/1252/1504
f 1504/1252/1504 1535/1283/1535 1536/1284/1536 1505/1253/1505
f 1505/1253/1505 1536/1284/1536 1537/1285/1537 1506/1254/1506
f 1506/1254/1506 1537/1285/1537 1538/1286/1538 1507/1255/1507
f 1507/1255/1507 1538/1286/1538 1539/1287/1539 1508/1256/1508
f 1508/1256/1508 1539/1287/1539 1540/1288/1540 1509/1257/1509
f 1509/1257/1509 1540/1288/1540 1541/1289/1541 1510/1258/1510
f 1510/1258/1510 1541/1289/1541 1542/1290/1542 1511/1259/1511
f 1511/1259/1511 1542/1290/1542 1543/1291/1543 1512/1260/1512
f 1512/1260/1512 1543/1291/1543 1544/1292/1544 1513/1261/1513
f 1513/1261/1513 1544/1292/1544 1545/1293/1545 1514/1262/1514
f 1514/1262/1514 1545/1293/1545 1546/1294/1546 1515/1263/1515
f 1515/1263/1515 1546/1294/1546 1547/1295/1547 1516/1264/1516
f 1516/1264/1516 1547/1295/1547 1548/1296/1548 1517/1265/1517
f 1517/1265/1517 1548/1296/1548 1549/1297/1549 1518/1266/1518
f 1518/1266/1518 1549/1297/1549 1550/1298/1550 1519/1267/1519
f 1519/1267/1519 1550/1298/1550 1551/1299/1551 1520/1268/1520
f 1520/1268/1520 1551/1299/1551 1552/1300/1552 1521/1269/1521
f 1521/1269/1521 1552/1300/1552 1553/1301/1553 1522/1270/1522
f 1522/1270/1522 1553/1301/1553 1554/1302/1554 1523/1271/1523
f 1523/1271/1523 1554/1302/1554 1555/1303/1555 1524/1272/1524
f 1524/1272/1524 1555/1303/1555 1556/1304/1556 1525/1273/1525
f 1525/1273/1525 1556/1304/1556 1557/1305/1557 1526/1274/1526
f 1526/1274/1526 1557/1305/1557 1558/1306/1558 1527/1275/1527
f 1528/1276/1528 1559/1307/1559 1560/1308/1560 1529/1277/1529
f 1529/1277/1529 1560/1308/1560 1561/1309/1561 1530/1278/1530
f 1530/1278/1530 1561/1309/1561 1562/1310/1562 1531/1279/1531
f 1531/1279/1531 1562/1310/1562 1563/1311/1563 1532/1280/1532
f 1532/1280/1532 1563/1311/1563 1564/1312/1564 1533/1281/1533
f 1533/1281/1533 1564/1312/1564 1565/1313/1565 1534/1282/1534
f 1534/1282/1534 1565/1313/1565 1566/1314/1566 1535/1283/1535
f 1535/1283/1535 1566/1314/1566 1567/1315/1567 1536/1284/1536
f 1536/1284/1536 1567/1315/1567 1568/1316/1568 1537/1285/1537
f 1537/1285/1537 1568/1316/1568 1569/1317/1569 1538/1286/1538
f 1538/1286/1538 1569/1317/1569 1570/1318/1570 1539/1287/1539
f 1539/1287/1539 1570/1318/1570 1571/1319/1571 1540/1288/1540
f 1540/1288/1540 1571/1319/1571 1572/1320/1572 1541/1289/1541
f 1541/1289/1541 1572/1320/1572 1573/1321/1573 1542/1290/1542
f 1542/1290/1542 1573/1321/1573 1574/1322/1574 1543/1291/1543
f 1543/1291/1543 1574/1322/1574 1575/1323/1575 1544/1292/1544
f 1544/1292/1544 1575/1323/1575 1576/1324/1576 1545/1293/1545
f 1545/1293/1545 1576/1324/1576 1577/1325/1577 1546/1294/1546
f 1546/1294/1546 1577/1325/1577 1578/1326/1578 1547/1295/1547
f 1547/1295/1547 1578/1326/1578 1579/1327/1579 1548/1296/1548
f 1548/1296/1548 1579/1327/1579 1580/1328/1580 1549/1297/1549
f 1549/1297/1549 1580/1328/1580 1581/1329/1581 1550/1298/1550
f 1550/1298/1550 1581/1329/1581 1582/1330/1582 1551/1299/1551
f 1551/1299/1551 1582/1330/1582 1583/1331/1583 1552/1300/1552
f 1552/1300/1552 1583/1331/1583 1584/1332/1584 1553/1301/1553
f 1553/1301/1553 1584/1332/1584 1585/1333/1585 1554/1302/1554
f 1554/1302/1554 1585/1333/1585 1586/1334/1586 1555/1303/1555
f 1555/1303/1555 1586/1334/1586 1587/1335/1587 1556/1304/1556
f 1556/1304/1556 1587/1335/1587 1588/1336/1588 1557/1305/1557
f 1557/1305/1557 1588/1336/1588 1589/1337/1589 1558/1306/1558
f 1559/1307/1559 1590/1338/1590 1591/1339/1591 1560/1308/1560
f 1560/1308/1560 1591/1339/1591 1592/1340/1592 1561/1309/1561
f 1561/1309/1561 1592/1340/1592 1593/1341/1593 1562/1310/1562
f 1562/1310/1562 1593/1341/1593 1594/1342/1594 1563/1311/1563
f 1563/1311/1563 1594/1342/1594 1595/1343/1595 1564/1312/1564
f 1564/1312/1564 1595/1343/1595 1596/1344/1596 1565/1313/1565
f 1565/1313/1565 1596/1344/1596 1597/1345/1597 1566/1314/1566
f 1566/1314/1566 1597/1345/1597 1598/1346/1598 1567/1315/1567
f 1567/1315/1567 1598/1346/1598 1599/1347/1599 1568/1316/1568
f 1568/1316/1568 1599/1347/1599 1600/1348/1600 1569/1317/1569
f 1569/1317/1569 1600/1348/1600 1601/1349/1601 1570/1318/1570
f 1570/1318/1570 1601/1349/1601 1602/1350/1602 1571/1319/1571
f 1571/1319/1571 1602/1350/1602 1603/1351/1603 1572/1320/1572
f 1572/1320/1572 1603/1351/1603 1604/1352/1604 1573/1321/1573
f 1573/1321/1573 1604/1352/1604 1605/1353/1605 1574/1322/1574
f 1574/1322/1574 1605/1353/1605 1606/1354/1606 1575/1323/1575
f 1575/1323/1575 1606/1354/1606 1607/1355/1607 1576/1324/1576
f 1576/1324/1576 1607/1355/1607 1608/1356/1608 1577/1325/1577
f 1577/1325/1577 1608/1356/1608 1609/1357/1609 1578/1326/1578
f 1578/1326/1578 1609/1357/1609 1610/1358/1610 1579/1327/1579
f 1579/1327/1579 1610/1358/1610 1611/1359/1611 1580/1328/1580
f 1580/1328/1580 1611/1359/1611 1612/1360/1612 1581/1329/1581
f 1581/1329/1581 1612/1360/1612 1613/1361/1613 1582/1330/1582
f 1582/1330/1582 1613/1361/1613 1614/1362/1614 1583/1331/1583
f 1583/1331/1583 1614/1362/1614 1615/1363/1615 1584/1332/1584
f 1584/1332/1584 1615/1363/1615 1616/1364/1616 1585/1333/1585
f 1585/1333/1585 1616/1364/1616 1617/1365/1617 1586/1334/1586
f 1586/1334/1586 1617/1365/1617 1618/1366/1618 1587/1335/1587
f 1587/1335/1587 1618/1366/1618 1619/1367/1619 1588/1336/1588
f 1588/1336/1588 1619/1367/1619 1620/1368/1620 1589/1337/1589
f 1590/1338/1590 1621/1369/1621 1622/1370/1622 1591/1339/1591
f 1591/1339/1591 1622/1370/1622 1623/1371/1623 1592/1340/1592
f 1592/1340/1592 1623/1371/1623 1624/1372/1624 1593/1341/1593
f 1593/1341/1593 1624/1372/1624 1625/1373/1625 1594/1342/1594
f 1594/1342/1594 1625/1373/1625 1626/1374/1626 1595/1343/1595
f 1595/1343/1595 1626/1374/1626 1627/1375/1627 1596/1344/1596
f 1596/1344/1596 1627/1375/1627 1628/1376/1628 1597/1345/1597
f 1597/1345/1597 1628/1376/1628 1629/1377/1629 1598/1346/1598
f 1598/1346/1598 1629/1377/1629 1630/1378/1630 1599/1347/1599
f 1599/1347/1599 1630/1378/1630 1631/1379/1631 1600/1348/1600
f 1600/1348/1600 1631/1379/1631 1632/1380/1632 1601/1349/1601
f 1601/1349/1601 1632/1380/1632 1633/1381/1633 1602/1350/1602
f 1602/1350/1602 1633/1381/1633 1634/1382/1634 1603/1351/1603
f 1603/1351/1603 1634/1382/1634 1635/1383/1635 1604/1352/1604
f 1604/1352/1604 1635/1383/1635 1636/1384/1636 1605/1353/1605
f 1605/1353/1605 1636/1384/1636 1637/1385/1637 1606/1354/1606
f 1606/1354/1606 1637/1385/1637 1638/1386/1638 1607/1355/1607
f 1607/1355/1607 1638/1386/1638 1639/1387/1639 1608/1356/1608
f 1608/1356/1608 1639/1387/1639 1640/1388/1640 1609/1357/1609
f 1609/1357/1609 1640/1388/1640 1641/1389/1641 1610/1358/1610
f 1610/1358/1610 1641/1389/1641 1642/1390/1642 1611/1359/1611
f 1611/1359/1611 1642/1390/1642 1643/1391/1643 1612/1360/1612
f 1612/1360/1612 1643/1391/1643 1644/1392/1644 1613/1361/1613
f 1613/1361/1613 1644/1392/1644 1645/1393/1645 1614/1362/1614
f 1614/1362/1614 1645/1393/1645 1646/1394/1646 1615/1363/1615
f 1615/1363/1615 1646/1394/1646 1647/1395/1647 1616/1364/1616
f 1616/1364/1616 1647/1395/1647 1648/1396/1648 1617/1365/1617
f 1617/1365/1617 1648/1396/1648 1649/1397/1649 1618/1366/1618
f 1618/1366/1618 1649/1397/1649 1650/1398/1650 1619/1367/1619
f 1619/1367/1619 1650/1398/1650 1651/1399/1651 1620/1368/1620
f 1621/1369/1621 1652/1400/1652 1653/1401/1653 1622/1370/1622
f 1622/1370/1622 1653/1401/1653 1654/1402/1654 1623/1371/1623
f 1623/1371/1623 1654/1402/1654 1655/1403/1655 1624/1372/1624
f 1624/1372/1624 1655/1403/1655 1656/1404/1656 1625/1373/1625
f 1625/1373/1625 1656/1404/1656 1657/1405/1657 1626/1374/1626
f 1626/1374/1626 1657/1405/1657 1658/1406/1658 1627/1375/1627
f 1627/1375/1627 1658/1406/1658 1659/1407/1659 1628/1376/1628
f 1628/1376/1628 1659/1407/1659 1660/1408/1660 1629/1377/1629
f 1629/1377/1629 1660/1408/1660 1661/1409/1661 1630/1378/1630
f 1630/1378/1630 1661/1409/1661 1662/1410/1662 1631/1379/1631
f 1631/1379/1631 1662/1410/1662 1663/1411/1663 1632/1380/1632
f 1632/1380/1632 1663/1411/1663 1664/1412/1664 1633/1381/1633
f 1633/1381/1633 1664/1412/1664 1665/1413/1665 1634/1382/1634
f 1634/1382/1634 1665/1413/1665 1666/1414/1666 1635/1383/1635
f 1635/1383/1635 1666/1414/1666 1667/1415/1667 1636/1384/1636
f 1636/1384/1636 1667/1415/1667 1668/1416/1668 1637/1385/1637
f 1637/1385/1637 1668/1416/1668 1669/1417/1669 1638/1386/1638
f 1638/1386/1638 1669/1417/1669 1670/1418/1670 1639/1387/1639
f 1639/1387/1639 1670/1418/1670 1671/1419/1671 1640/1388/1640
f 1640/1388/1640 1671/1419/1671 1672/1420/1672 1641/1389/1641
f 1641/1389/1641 1672/1420/1672 1673/1421/1673 1642/1390/1642
f 1642/1390/1642 1673/1421/1673 1674/1422/1674 1643/1391/1643
f 1643/1391/1643 1674/1422/1674 1675/1423/1675 1644/1392/1644
f 1644/1392/1644 1675/1423/1675 1676/1424/1676 1645/1393/1645
f 1645/1393/1645 1676/1424/1676 1677/1425/1677 1646/1394/1646
f 1646/1394/1646 1677/1425/1677 1678/1426/1678 1647/1395/1647
f 1647/1395/1647 1678/1426/1678 1679/1427/1679 1648/1396/1648
f 1648/1396/1648 1679/1427/1679 1680/1428/1680 1649/1397/1649
f 1649/1397/1649 1680/1428/1680 1681/1429/1681 1650/1398/1650
f 1650/1398/1650 1681/1429/1681 1682/1430/1682 1651/1399/1651
f 1652/1400/1652 1683/1431/1683 1684/1432/1684 1653/1401/1653
f 1653/1401/1653 1684/1432/1684 1685/1433/1685 1654/1402/1654
f 1654/1402/1654 1685/1433/1685 1686/1434/1686 1655/1403/1655
f 1655/1403/1655 1686/1434/1686 1687/1435/1687 1656/1404/1656
f 1656/1404/1656 1687/1435/1687 1688/1436/1688 1657/1405/1657
f 1657/1405/1657 1688/1436/1688 1689/1437/1689 1658/1406/1658
f 1658/1406/1658 1689/1437/1689 1690/1438/1690 1659/1407/1659
f 1659/1407/1659 1690/1438/1690 1691/1439/1691 1660/1408/1660
f 1660/1408/1660 1691/1439/1691 1692/1440/1692 1661/1409/1661
f 1661/1409/1661 1692/1440/1692 1693/1441/1693 1662/1410/1662
f 1662/1410/1662 1693/1441/1693 1694/1442/1694 1663/1411/1663
f 1663/1411/1663 1694/1442/1694 1695/1443/1695 1664/1412/1664
f 1664/1412/1664 1695/1443/1695 1696/1444/1696 1665/1413/1665
f 1665/1413/1665 1696/1444/1696 1697/1445/1697 1666/1414/1666
f 1666/1414/1666 1697/1445/1697 1698/1446/1698 1667/1415/1667
f 1667/1415/1667 1698/1446/1698 1699/1447/1699 1668/1416/1668
f 1668/1416/1668 1699/1447/1699 1700/1448/1700 1669/1417/1669
f 1669/1417/1669 1700/1448/1700 1701/1449/1701 1670/1418/1670
f 1670/1418/1670 1701/1449/1701 1702/1450/1702 1671/1419/1671
f 1671/1419/1671 1702/1450/1702 1703/1451/1703 1672/1420/1672
f 1672/1420/1672 1703/1451/1703 1704/1452/1704 1673/1421/1673
f 1673/1421/1673 1704/1452/1704 1705/1453/1705 1674/1422/1674
f 1674/1422/1674 1705/1453/1705 1706/1454/1706 1675/1423/1675
f 1675/1423/1675 1706/1454/1706 1707/1455/1707 1676/1424/1676
f 1676/1424/1676 1707/1455/1707 1708/1456/1708 1677/1425/1677
f 1677/1425/1677 1708/1456/1708 1709/1457/1709 1678/1426/1678
f 1678/1426/1678 1709/1457/1709 1710/1458/1710 1679/1427/1679
f 1679/1427/1679 1710/1458/1710 1711/1459/1711 1680/1428/1680
f 1680/1428/1680 1711/1459/1711 1712/1460/1712 1681/1429/1681
f 1681/1429/1681 1712/1460/1712 1713/1461/1713 1682/1430/1682
f 1683/1431/1683 1714/1462/1714 1715/1463/1715 1684/1432/1684
f 1684/1432/1684 1715/1463/1715 1716/1464/1716 1685/1433/1685
f 1685/1433/1685 1716/1464/1716 1717/1465/1717 1686/1434/1686
f 1686/1434/1686 1717/1465/1717 1718/1466/1718 1687/1435/1687
f 1687/1435/1687 1718/1466/1718 1719/1467/1719 1688/1436/1688
f 1688/1436/1688 1719/1467/1719 1720/1468/1720 1689/1437/1689
f 1689/1437/1689 1720/1468/1720 1721/1469/1721 1690/1438/1690
f 1690/1438/1690 1721/1469/1721 1722/1470/1722 1691/1439/1691
f 1691/1439/1691 1722/1470/1722 1723/1471/1723 1692/1440/1692
f 1692/1440/1692 1723/1471/1723 1724/1472/1724 1693/1441/1693
f 1693/1441/1693 1724/1472/1724 1725/1473/1725 1694/1442/1694
f 1694/1442/1694 1725/1473/1725 1726/1474/1726 1695/1443/1695
f 1695/1443/1695 1726/1474/1726 1727/1475/1727 1696/1444/1696
f 1696/1444/1696 1727/1475/1727 1728/1476/1728 1697/1445/1697
f 1697/1445/1697 1728/1476/1728 1729/1477/1729 1698/1446/1698
f 1698/1446/1698 1729/1477/1729 1730/1478/1730 1699/1447/1699
f 1699/1447/1699 1730/1478/1730 1731/1479/1731 1700/1448/1700
f 1700/1448/1700 1731/1479/1731 1732/1480/1732 1701/1449/1701
f 1701/1449/1701 1732/1480/1732 1733/1481/1733 1702/1450/1702
f 1702/1450/1702 1733/1481/1733 1734/1482/1734 1703/1451/1703
f 1703/1451/1703 1734/1482/1734 1735/1483/1735 1704/1452/1704
f 1704/1452/1704 1735/1483/1735 1736/1484/1736 1705/1453/1705
f 1705/1453/1705 1736/1484/1736 1737/1485/1737 1706/1454/1706
f 1706/1454/1706 1737/1485/1737 1738/1486/1738 1707/1455/1707
f 1707/1455/1707 1738/1486/1738 1739/1487/1739 1708/1456/1708
f 1708/1456/1708 1739/1487/1739 1740/1488/1740 1709/1457/1709
f 1709/1457/1709 1740/1488/1740 1741/1489/1741 1710/1458/1710
f 1710/1458/1710 1741/1489/1741 1742/1490/1742 1711/1459/1711
f 1711/1459/1711 1742/1490/1742 1743/1491/1743 1712/1460/1712
f 1712/1460/1712 1743/1491/1743 1744/1492/1744 1713/1461/1713
f 1714/1462/1714 1745/1493/1745 1746/1494/1746 1715/1463/1715
f 1715/1463/1715 1746/1494/1746 1747/1495/1747 1716/1464/1716
f 1716/1464/1716 1747/1495/1747 1748/1496/1748 1717/1465/1717
f 1717/1465/1717 1748/1496/1748 1749/1497/1749 1718/1466/1718
f 1718/1466/1718 1749/1497/1749 1750/1498/1750 1719/1467/1719
f 1719/1467/1719 1750/1498/1750 1751/1499/1751 1720/1468/1720
f 1720/1468/1720 1751/1499/1751 1752/1500/1752 1721/1469/1721
f 1721/1469/1721 1752/1500/1752 1753/1501/1753 1722/1470/1722
f 1722/1470/1722 1753/1501/1753 1754/1502/1754 1723/1471/1723
f 1723/1471/1723 1754/1502/1754 1755/1503/1755 1724/1472/1724
f 1724/1472/1724 1755/1503/1755 1756/1504/1756 1725/1473/1725
f 1725/1473/1725 1756/1504/1756 1757/1505/1757 1726/1474/1726
f 1726/1474/1726 1757/1505/1757 1758/1506/1758 1727/1475/1727
f 1727/1475/1727 1758/1506/1758 1759/1507/1759 1728/1476/1728
f 1728/1476/1728 1759/1507/1759 1760/1508/1760 1729/1477/1729
f 1729/1477/1729 1760/1508/1760 1761/1509/1761 1730/1478/1730
f 1730/1478/1730 1761/1509/1761 1762/1510/1762 1731/1479/1731
f 1731/1479/1731 1762/1510/1762 1763/1511/1763 1732/1480/1732
f 1732/1480/1732 1763/1511/1763 1764/1512/1764 1733/1481/1733
f 1733/1481/1733 1764/1512/1764 1765/1513/1765 1734/1482/1734
f 1734/1482/1734 1765/1513/1765 1766/1514/1766 1735/1483/1735
f 1735/1483/1735 1766/1514/1766 1767/1515/1767 1736/1484/1736
f 1736/1484/1736 1767/1515/1767 1768/1516/1768 1737/1485/1737
f 1737/1485/1737 1768/1516/1768 1769/1517/1769 1738/1486/1738
f 1738/1486/1738 1769/1517/1769 1770/1518/1770 1739/1487/1739
f 1739/1487/1739 1770/1518/1770 1771/1519/1771 1740/1488/1740
f 1740/1488/1740 1771/1519/1771 1772/1520/1772 1741/1489/1741
f 1741/1489/1741 1772/1520/1772 1773/1521/1773 1742/1490/1742
f 1742/1490/1742 1773/1521/1773 1774/1522/1774 1743/1491/1743
f 1743/1491/1743 1774/1522/1774 1775/1523/1775 1744/1492/1744
f 1745/1493/1745 1776/1524/1776 1777/1525/1777 1746/1494/1746
f 1746/1494/1746 1777/1525/1777 1778/1526/1778 1747/1495/1747
f 1747/1495/1747 1778/1526/1778 1779/1527/1779 1748/1496/1748
f 1748/1496/1748 1779/1527/1779 1780/1528/1780 1749/1497/1749
f 1749/1497/1749 1780/1528/1780 1781/1529/1781 1750/1498/1750
f 1750/1498/1750 1781/1529/1781 1782/1530/1782 1751/1499/1751
f 1751/1499/1751 1782/1530/1782 1783/1531/1783 1752/1500/1752
f 1752/1500/1752 1783/1531/1783 1784/1532/1784 1753/1501/1753
f 1753/1501/1753 1784/1532/1784 1785/1533/1785 1754/1502/1754
f 1754/1502/1754 1785/1533/1785 1786/1534/1786 1755/1503/1755
f 1755/1503/1755 1786/1534/1786 1787/1535/1787 1756/1504/1756
f 1756/1504/1756 1787/1535/1787 1788/1536/1788 1757/1505/1757
f 1757/1505/1757 1788/1536/1788 1789/1537/1789 1758/1506/1758
f 1758/1506/1758 1789/1537/1789 1790/1538/1790 1759/1507/1759
f 1759/1507/1759 1790/1538/1790 1791/1539/1791 1760/1508/1760
f 1760/1508/1760 1791/1539/1791 1792/1540/1792 1761/1509/1761
f 1761/1509/1761 1792/1540/1792 1793/1541/1793 1762/1510/1762
f 1762/1510/1762 1793/1541/1793 1794/1542/1794 1763/1511/1763
f 1763/1511/1763 1794/1542/1794 1795/1543/1795 1764/1512/1764
f 1764/1512/1764 1795/1543/1795 1796/1544/1796 1765/1513/1765
f 1765/1513/1765 1796/1544/1796 1797/1545/1797 1766/1514/1766
f 1766/1514/1766 1797/1545/1797 1798/1546/1798 1767/1515/1767
f 1767/1515/1767 1798/1546/1798 1799/1547/1799 1768/1516/1768
f 1768/1516/1768 1799/1547/1799 1800/1548/1800 1769/1517/1769
f 1769/1517/1769 1800/1548/1800 1801/1549/1801 1770/1518/1770
f 1770/1518/1770 1801/1549/1801 1802/1550/1802 1771/1519/1771
f 1771/1519/1771 1802/1550/1802 1803/1551/1803 1772/1520/1772
f 1772/1520/1772 1803/1551/1803 1804/1552/1804 1773/1521/1773
f 1773/1521/1773 1804/1552/1804 1805/1553/1805 1774/1522/1774
f 1774/1522/1774 1805/1553/1805 1806/1554/1806 1775/1523/1775
f 1776/1524/1776 1807/1555/1807 1808/1556/1808 1777/1525/1777
f 1777/1525/1777 1808/1556/1808 1809/1557/1809 1778/1526/1778
f 1778/1526/1778 1809/1557/1809 1810/1558/1810 1779/1527/1779
f 1779/1527/1779 1810/1558/1810 1811/1559/1811 1780/1528/1780
f 1780/1528/1780 1811/1559/1811 1812/1560/1812 1781/1529/1781
f 1781/1529/1781 1812/1560/1812 1813/1561/1813 1782/1530/1782
f 1782/1530/1782 1813/1561/1813 1814/1562/1814 1783/1531/1783
f 1783/1531/1783 1814/1562/1814 1815/1563/1815 1784/1532/1784
f 1784/1532/1784 1815/1563/1815 1816/1564/1816 1785/1533/1785
f 1785/1533/1785 1816/1564/1816 1817/1565/1817 1786/1534/1786
f 1786/1534/1786 1817/1565/1817 1818/1566/1818 1787/1535/1787
f 1787/1535/1787 1818/1566/1818 1819/1567/1819 1788/1536/1788
f 1788/1536/1788 1819/1567/1819 1820/1568/1820 1789/1537/1789
f 1789/1537/1789 1820/1568/1820 1821/1569/1821 1790/1538/1790
f 1790/1538/1790 1821/1569/1821 1822/1570/1822 1791/1539/1791
f 1791/1539/1791 1822/1570/1822 1823/1571/1823 1792/1540/1792
f 1792/1540/1792 1823/1571/1823 1824/1572/1824 1793/1541/1793
f 1793/1541/1793 1824/1572/1824 1825/1573/1825 1794/1542/1794
f 1794/1542/1794 1825/1573/1825 1826/1574/1826 1795/1543/1795
f 1795/1543/1795 1826/1574/1826 1827/1575/1827 1796/1544/1796
f 1796/1544/1796 1827/1575/1827 1828/1576/1828 1797/1545/1797
f 1797/1545/1797 1828/1576/1828 1829/1577/1829 1798/1546/1798
f 1798/1546/1798 1829/1577/1829 1830/1578/1830 1799/1547/1799
f 1799/1547/1799 1830/1578/1830 1831/1579/1831 1800/1548/1800
f 1800/1548/1800 1831/1579/1831 1832/1580/1832 1801/1549/1801
f 1801/1549/1801 1832/1580/1832 1833/1581/1833 1802/1550/1802
f 1802/1550/1802 1833/1581/1833 1834/1582/1834 1803/1551/1803
f 1803/1551/1803 1834/1582/1834 1835/1583/1835 1804/1552/1804
f 1804/1552/1804 1835/1583/1835 1836/1584/1836 1805/1553/1805
f 1805/1553/1805 1836/1584/1836 1837/1585/1837 1806/1554/1806
f 1807/1555/1807 1838/1586/1838 1839/1587/1839 1808/1556/1808
f 1808/1556/1808 1839/1587/1839 1840/1588/1840 1809/1557/1809
f 1809/1557/1809 1840/1588/1840 1841/1589/1841 1810/1558/1810
f 1810/1558/1810 1841/1589/1841 1842/1590/1842 1811/1559/1811
f 1811/1559/1811 1842/1590/1842 1843/1591/1843 1812/1560/1812
f 1812/1560/1812 1843/1591/1843 1844/1592/1844 1813/1561/1813
f 1813/1561/1813 1844/1592/1844 1845/1593/1845 1814/1562/1814
f 1814/1562/1814 1845/1593/1845 1846/1594/1846 1815/1563/1815
f 1815/1563/1815 1846/1594/1846 1847/1595/1847 1816/1564/1816
f 1816/1564/1816 1847/1595/1847 1848/1596/1848 1817/1565/1817
f 1817/1565/1817 1848/1596/1848 1849/1597/1849 1818/1566/1818
f 1818/1566/1818 1849/1597/1849 1850/1598/1850 1819/1567/1819
f 1819/1567/1819 1850/1598/1850 1851/1599/1851 1820/1568/1820
f 1820/1568/1820 1851/1599/1851 1852/1600/1852 1821/1569/1821
f 1821/1569/1821 1852/1600/1852 1853/1601/1853 1822/1570/1822
f 1822/1570/1822 1853/1601/1853 1854/1602/1854 1823/1571/1823
f 1823/1571/1823 1854/1602/1854 1855/1603/1855 1824/1572/1824
f 1824/1572/1824 1855/1603/1855 1856/1604/1856 1825/1573/1825
f 1825/1573/1825 1856/1604/1856 1857/1605/1857 1826/1574/1826
f 1826/1574/1826 1857/1605/1857 1858/1606/1858 1827/1575/1827
f 1827/1575/1827 1858/1606/1858 1859/1607/1859 1828/1576/1828
f 1828/1576/1828 1859/1607/1859 1860/1608/1860 1829/1577/1829
f 1829/1577/1829 1860/1608/1860 1861/1609/1861 1830/1578/1830
f 1830/1578/1830 1861/1609/1861 1862/1610/1862 1831/1579/1831
f 1831/1579/1831 1862/1610/1862 1863/1611/1863 1832/1580/1832
f 1832/1580/1832 1863/1611/1863 1864/1612/1864 1833/1581/1833
f 1833/1581/1833 1864/1612/1864 1865/1613/1865 1834/1582/1834
f 1834/1582/1834 1865/1613/1865 1866/1614/1866 1835/1583/1835
f 1835/1583/1835 1866/1614/1866 1867/1615/1867 1836/1584/1836
f 1836/1584/1836 1867/1615/1867 1868/1616/1868 1837/1585/1837
f 1838/1586/1838 1869/1617/1869 1870/1618/1870 1839/1587/1839
f 1839/1587/1839 1870/1618/1870 1871/1619/1871 1840/1588/1840
f 1840/1588/1840 1871/1619/1871 1872/1620/1872 1841/1589/1841
f 1841/1589/1841 1872/1620/1872 1873/1621/1873 1842/1590/1842
f 1842/1590/1842 1873/1621/1873 1874/1622/1874 1843/1591/1843
f 1843/1591/1843 1874/1622/1874 1875/1623/1875 1844/1592/1844
f 1844/1592/1844 1875/1623/1875 1876/1624/1876 1845/1593/1845
f 1845/1593/1845 1876/1624/1876 1877/1625/1877 1846/1594/1846
f 1846/1594/1846 1877/1625/1877 1878/1626/1878 1847/1595/1847
f 1847/1595/1847 1878/1626/1878 1879/1627/1879 1848/1596/1848
f 1848/1596/1848 1879/1627/1879 1880/1628/1880 1849/1597/1849
f 1849/1597/1849 1880/1628/1880 1881/1629/1881 1850/1598/1850
f 1850/1598/1850 1881/1629/1881 1882/1630/1882 1851/1599/1851
f 1851/1599/1851 1882/1630/1882 1883/1631/1883 1852/1600/1852
f 1852/1600/1852 1883/1631/1883 1884/1632/1884 1853/1601/1853
f 1853/1601/1853 1884/1632/1884 1885/1633/1885 1854/1602/1854
f 1854/1602/1854 1885/1633/1885 1886/1634/1886 1855/1603/1855
f 1855/1603/1855 1886/1634/1886 1887/1635/1887 1856/1604/1856
f 1856/1604/1856 1887/1635/1887 1888/1636/1888 1857/1605/1857
f 1857/1605/1857 1888/1636/1888 1889/1637/1889 1858/1606/1858
f 1858/1606/1858 1889/1637/1889 1890/1638/1890 1859/1607/1859
f 1859/1607/1859 1890/1638/1890 1891/1639/1891 1860/1608/1860
f 1860/1608/1860 1891/1639/1891 1892/1640/1892 1861/1609/1861
f 1861/1609/1861 1892/1640/1892 1893/1641/1893 1862/1610/1862
f 1862/1610/1862 1893/1641/1893 1894/1642/1894 1863/1611/1863
f 1863/1611/1863 1894/1642/1894 1895/1643/1895 1864/1612/1864
f 1864/1612/1864 1895/1643/1895 1896/1644/1896 1865/1613/1865
f 1865/1613/1865 1896/1644/1896 1897/1645/1897 1866/1614/1866
f 1866/1614/1866 1897/1645/1897 1898/1646/1898 1867/1615/1867
f 1867/1615/1867 1898/1646/1898 1899/1647/1899 1868/1616/1868
f 1869/1617/1869 1900/1648/1900 1901/1649/1901 1870/1618/1870
f 1870/1618/1870 1901/1649/1901 1902/1650/1902 1871/1619/1871
f 1871/1619/1871 1902/1650/1902 1903/1651/1903 1872/1620/1872
f 1872/1620/1872 1903/1651/1903 1904/1652/1904 1873/1621/1873
f 1873/1621/1873 1904/1652/1904 1905/1653/1905 1874/1622/1874
f 1874/1622/1874 1905/1653/1905 1906/1654/1906 1875/1623/1875
f 1875/1623/1875 1906/1654/1906 1907/1655/1907 1876/1624/1876
f 1876/1624/1876 1907/1655/1907 1908/1656/1908 1877/1625/1877
f 1877/1625/1877 1908/1656/1908 1909/1657/1909 1878/1626/1878
f 1878/1626/1878 1909/1657/1909 1910/1658/1910 1879/1627/1879
f 1879/1627/1879 1910/1658/1910 1911/1659/1911 1880/1628/1880
f 1880/1628/1880 1911/1659/1911 1912/1660/1912 1881/1629/1881
f 1881/1629/1881 1912/1660/1912 1913/1661/1913 1882/1630/1882
f 1882/1630/1882 1913/1661/1913 1914/1662/1914 1883/1631/1883
f 1883/1631/1883 1914/1662/1914 1915/1663/1915 1884/1632/1884
f 1884/1632/1884 1915/1663/1915 1916/1664/1916 1885/1633/1885
f 1885/1633/1885 1916/1664/1916 1917/1665/1917 1886/1634/1886
f 1886/1634/1886 1917/1665/1917 1918/1666/1918 1887/1635/1887
f 1887/1635/1887 1918/1666/1918 1919/1667/1919 1888/1636/1888
f 1888/1636/1888 1919/1667/1919 1920/1668/1920 1889/1637/1889
f 1889/1637/1889 1920/1668/1920 1921/1669/1921 1890/1638/1890
f 1890/1638/1890 1921/1669/1921 1922/1670/1922 1891/1639/1891
f 1891/1639/1891 1922/1670/1922 1923/1671/1923 1892/1640/1892
f 1892/1640/1892 1923/1671/1923 1924/1672/1924 1893/1641/1893
f 1893/1641/1893 1924/1672/1924 1925/1673/1925 1894/1642/1894
f 1894/1642/1894 1925/1673/1925 1926/1674/1926 1895/1643/1895
f 1895/1643/1895 1926/1674/1926 1927/1675/1927 1896/1644/1896
f 1896/1644/1896 1927/1675/1927 1928/1676/1928 1897/1645/1897
f 1897/1645/1897 1928/1676/1928 1929/1677/1929 1898/1646/1898
f 1898/1646/1898 1929/1677/1929 1930/1678/1930 1899/1647/1899
f 1900/1648/1900 1931/1679/1931 1932/1680/1932 1901/1649/1901
f 1901/1649/1901 1932/1680/1932 1933/1681/1933 1902/1650/1902
f 1902/1650/1902 1933/1681/1933 1934/1682/1934 1903/1651/1903
f 1903/1651/1903 1934/1682/1934 1935/1683/1935 1904/1652/1904
f 1904/1652/1904 1935/1683/1935 1936/1684/1936 1905/1653/1905
f 1905/1653/1905 1936/1684/1936 1937/1685/1937 1906/1654/1906
f 1906/1654/1906 1937/1685/1937 1938/1686/1938 1907/1655/1907
f 1907/1655/1907 1938/1686/1938 1939/1687/1939 1908/1656/1908
f 1908/1656/1908 1939/1687/1939 1940/1688/1940 1909/1657/1909
f 1909/1657/1909 1940/1688/1940 1941/1689/1941 1910/1658/1910
f 1910/1658/1910 1941/1689/1941 1942/1690/1942 1911/1659/1911
f 1911/1659/1911 1942/1690/1942 1943/1691/1943 1912/1660/1912
f 1912/1660/1912 1943/1691/1943 1944/1692/1944 1913/1661/1913
f 1913/1661/1913 1944/1692/1944 1945/1693/1945 1914/1662/1914
f 1914/1662/1914 1945/1693/1945 1946/1694/1946 1915/1663/1915
f 1915/1663/1915 1946/1694/1946 1947/1695/1947 1916/1664/1916
f 1916/1664/1916 1947/1695/1947 1948/1696/1948 1917/1665/1917
f 1917/1665/1917 1948/1696/1948 1949/1697/1949 1918/1666/1918
f 1918/1666/1918 1949/1697/1949 1950/1698/1950 1919/1667/1919
f 1919/1667/1919 1950/1698/1950 1951/1699/1951 1920/1668/1920
f 1920/1668/1920 1951/1699/1951 1952/1700/1952 1921/1669/1921
f 1921/1669/1921 1952/1700/1952 1953/1701/1953 1922/1670/1922
f 1922/1670/1922 1953/1701/1953 1954/1702/1954 1923/1671/1923
f 1923/1671/1923 1954/1702/1954 1955/1703/1955 1924/1672/1924
f 1924/1672/1924 1955/1703/1955 1956/1704/1956 1925/1673/1925
f 1925/1673/1925 1956/1704/1956 1957/1705/1957 1926/1674/1926
f 1926/1674/1926 1957/1705/1957 1958/1706/1958 1927/1675/1927
f 1927/1675/1927 1958/1706/1958 1959/1707/1959 1928/1676/1928
f 1928/1676/1928 1959/1707/1959 1960/1708/1960 1929/1677/1929
f 1929/1677/1929 1960/1708/1960 1961/1709/1961 1930/1678/1930
f 1931/1679/1931 1962/1710/1962 1963/1711/1963 1932/1680/1932
f 1932/1680/1932 1963/1711/1963 1964/1712/1964 1933/1681/1933
f 1933/1681/1933 1964/1712/1964 1965/1713/1965 1934/1682/1934
f 1934/1682/1934 1965/1713/1965 1966/1714/1966 1935/1683/1935
f 1935/1683/1935 1966/1714/1966 1967/1715/1967 1936/1684/1936
f 1936/1684/1936 1967/1715/1967 1968/1716/1968 1937/1685/1937
f 1937/1685/1937 1968/1716/1968 1969/1717/1969 1938/1686/1938
f 1938/1686/1938 1969/1717/1969 1970/1718/1970 1939/1687/1939
f 1939/1687/1939 1970/1718/1970 1971/1719/1971 1940/1688/1940
f 1940/1688/1940 1971/1719/1971 1972/1720/1972 1941/1689/1941
f 1941/1689/1941 1972/1720/1972 1973/1721/1973 1942/1690/1942
f 1942/1690/1942 1973/1721/1973 1974/1722/1974 1943/1691/1943
f 1943/1691/1943 1974/1722/1974 1975/1723/1975 1944/1692/1944
f 1944/1692/1944 1975/1723/1975 1976/1724/1976 1945/1693/1945
f 1945/1693/1945 1976/1724/1976 1977/1725/1977 1946/1694/1946
f 1946/1694/1946 1977/1725/1977 1978/1726/1978 1947/1695/1947
f 1947/1695/1947 1978/1726/1978 1979/1727/1979 1948/1696/1948
f 1948/1696/1948 1979/1727/1979 1980/1728/1980 1949/1697/1949
f 1949/1697/1949 1980/1728/1980 1981/1729/1981 1950/1698/1950
f 1950/1698/1950 1981/1729/1981 1982/1730/1982 1951/1699/1951
f 1951/1699/1951 1982/1730/1982 1983/1731/1983 1952/1700/1952
f 1952/1700/1952 1983/1731/1983 1984/1732/1984 1953/1701/1953
f 1953/1701/1953 1984/1732/1984 1985/1733/1985 1954/1702/1954
f 1954/1702/1954 1985/1733/1985 1986/1734/1986 1955/1703/1955
f 1955/1703/1955 1986/1734/1986 1987/1735/1987 1956/1704/1956
f 1956/1704/1956 1987/1735/1987 1988/1736/1988 1957/1705/1957
f 1957/1705/1957 1988/1736/1988 1989/1737/1989 1958/1706/1958
f 1958/1706/1958 1989/1737/1989 1990/1738/1990 1959/1707/1959
f 1959/1707/1959 1990/1738/1990 1991/1739/1991 1960/1708/1960
f 1960/1708/1960 1991/1739/1991 1992/1740/1992 1961/1709/1961
f 1962/1710/1962 1993/1741/1993 1994/1742/1994 1963/1711/1963
f 1963/1711/1963 1994/1742/1994 1995/1743/1995 1964/1712/1964
f 1964/1712/1964 1995/1743/1995 1996/1744/1996 1965/1713/1965
f 1965/1713/1965 1996/1744/1996 1997/1745/1997 1966/1714/1966
f 1966/1714/1966 1997/1745/1997 1998/1746/1998 1967/1715/1967
f 1967/1715/1967 1998/1746/1998 1999/1747/1999 1968/1716/1968
f 1968/1716/1968 1999/1747/1999 2000/1748/2000 1969/1717/1969
f 1969/1717/1969 2000/1748/2000 2001/1749/2001 1970/1718/1970
f 1970/1718/1970 2001/1749/2001 2002/1750/2002 1971/1719/1971
f 1971/1719/1971 2002/1750/2002 2003/1751/2003 1972/1720/1972
f 1972/1720/1972 2003/1751/2003 2004/1752/2004 1973/1721/1973
f 1973/1721/1973 2004/1752/2004 2005/1753/2005 1974/1722/1974
f 1974/1722/1974 2005/1753/2005 2006/1754/2006 1975/1723/1975
f 1975/1723/1975 2006/1754/2006 2007/1755/2007 1976/1724/1976
f 1976/1724/1976 2007/1755/2007 2008/1756/2008 1977/1725/1977
f 1977/1725/1977 2008/1756/2008 2009/1757/2009 1978/1726/1978
f 1978/1726/1978 2009/1757/2009 2010/1758/2010 1979/1727/1979
f 1979/1727/1979 2010/1758/2010 2011/1759/2011 1980/1728/1980
f 1980/1728/1980 2011/1759/2011 2012/1760/2012 1981/1729/1981
f 1981/1729/1981 2012/1760/2012 2013/1761/2013 1982/1730/1982
f 1982/1730/1982 2013/1761/2013 2014/1762/2014 1983/1731/1983
f 1983/1731/1983 2014/1762/2014 2015/1763/2015 1984/1732/1984
f 1984/1732/1984 2015/1763/2015 2016/1764/2016 1985/1733/1985
f 1985/1733/1985 2016/1764/2016 2017/1765/2017 1986/1734/1986
f 1986/1734/1986 2017/1765/2017 2018/1766/2018 1987/1735/1987
f 1987/1735/1987 2018/1766/2018 2019/1767/2019 1988/1736/1988
f 1988/1736/1988 2019/1767/2019 2020/1768/2020 1989/1737/1989
f 1989/1737/1989 2020/1768/2020 2021/1769/2021 1990/1738/1990
f 1990/1738/1990 2021/1769/2021 2022/1770/2022 1991/1739/1991
f 1991/1739/1991 2022/1770/2022 2023/1771/2023 1992/1740/1992
f 1993/1741/1993 2024/1772/2024 2025/1773/2025 1994/1742/1994
f 1994/1742/1994 2025/1773/2025 2026/1774/2026 1995/1743/1995
f 1995/1743/1995 2026/1774/2026 2027/1775/2027 1996/1744/1996
f 1996/1744/1996 2027/1775/2027 2028/1776/2028 1997/1745/1997
f 1997/1745/1997 2028/1776/2028 2029/1777/2029 1998/1746/1998
f 1998/1746/1998 2029/1777/2029 2030/1778/2030 1999/1747/1999
f 1999/1747/1999 2030/1778/2030 2031/1779/2031 2000/1748/2000
f 2000/1748/2000 2031/1779/2031 2032/1780/2032 2001/1749/2001
f 2001/1749/2001 2032/1780/2032 2033/1781/2033 2002/1750/2002
f 2002/1750/2002 2033/1781/2033 2034/1782/2034 2003/1751/2003
f 2003/1751/2003 2034/1782/2034 2035/1783/2035 2004/1752/2004
f 2004/1752/2004 2035/1783/2035 2036/1784/2036 2005/1753/2005
f 2005/1753/2005 2036/1784/2036 2037/1785/2037 2006/1754/2006
f 2006/1754/2006 2037/1785/2037 2038/1786/2038 2007/1755/2007
f 2007/1755/2007 2038/1786/2038 2039/1787/2039 2008/1756/2008
f 2008/1756/2008 2039/1787/2039 2040/1788/2040 2009/1757/2009
f 2009/1757/2009 2040/1788/2040 2041/1789/2041 2010/1758/2010
f 2010/1758/2010 2041/1789/2041 2042/1790/2042 2011/1759/2011
f 2011/1759/2011 2042/1790/2042 2043/1791/2043 2012/1760/2012
f 2012/1760/2012 2043/1791/2043 2044/1792/2044 2013/1761/2013
f 2013/1761/2013 2044/1792/2044 2045/1793/2045 2014/1762/2014
f 2014/1762/2014 2045/1793/2045 2046/1794/2046 2015/1763/2015
f 2015/1763/2015 2046/1794/2046 2047/1795/2047 2016/1764/2016
f 2016/1764/2016 2047/1795/2047 2048/1796/2048 2017/1765/2017
f 2017/1765/2017 2048/1796/2048 2049/1797/2049 2018/1766/2018
f 2018/1766/2018 2049/1797/2049 2050/1798/2050 2019/1767/2019
f 2019/1767/2019 2050/1798/2050 2051/1799/2051 2020/1768/2020
f 2020/1768/2020 2051/1799/2051 2052/1800/2052 2021/1769/2021
f 2021/1769/2021 2052/1800/2052 2053/1801/2053 2022/1770/2022
f 2022/1770/2022 2053/1801/2053 2054/1802/2054 2023/1771/2023
f 2024/1772/2024 2055/1803/2055 2056/1804/2056 2025/1773/2025
f 2025/1773/2025 2056/1804/2056 2057/1805/2057 2026/1774/2026
f 2026/1774/2026 2057/1805/2057 2058/1806/2058 2027/1775/2027
f 2027/1775/2027 2058/1806/2058 2059/1807/2059 2028/1776/2028
f 2028/1776/2028 2059/1807/2059 2060/1808/2060 2029/1777/2029
f 2029/1777/2029 2060/1808/2060 2061/1809/2061 2030/1778/2030
f 2030/1778/2030 2061/1809/2061 2062/1810/2062 2031/1779/2031
f 2031/1779/2031 2062/1810/2062 2063/1811/2063 2032/1780/2032
f 2032/1780/2032 2063/1811/2063 2064/1812/2064 2033/1781/2033
f 2033/1781/2033 2064/1812/2064 2065/1813/2065 2034/1782/2034
f 2034/1782/2034 2065/1813/2065 2066/1814/2066 2035/1783/2035
f 2035/1783/2035 2066/1814/2066 2067/1815/2067 2036/1784/2036
f 2036/1784/2036 2067/1815/2067 2068/1816/2068 2037/1785/2037
f 2037/1785/2037 2068/1816/2068 2069/1817/2069 2038/1786/2038
f 2038/1786/2038 2069/1817/2069 2070/1818/2070 2039/1787/2039
f 2039/1787/2039 2070/1818/2070 2071/1819/2071 2040/1788/2040
f 2040/1788/2040 2071/1819/2071 2072/1820/2072 2041/1789/2041
f 2041/1789/2041 2072/1820/2072 2073/1821/2073 2042/1790/2042
f 2042/1790/2042 2073/1821/2073 2074/1822/2074 2043/1791/2043
f 2043/1791/2043 2074/1822/2074 2075/1823/2075 2044/1792/2044
f 2044/1792/2044 2075/1823/2075 2076/1824/2076 2045/1793/2045
f 2045/1793/2045 2076/1824/2076 2077/1825/2077 2046/1794/2046
f 2046/1794/2046 2077/1825/2077 2078/1826/2078 2047/1795/2047
f 2047/1795/2047 2078/1826/2078 2079/1827/2079 2048/1796/2048
f 2048/1796/2048 2079/1827/2079 2080/1828/2080 2049/1797/2049
f 2049/1797/2049 2080/1828/2080 2081/1829/2081 2050/1798/2050
f 2050/1798/2050 2081/1829/2081 2082/1830/2082 2051/1799/2051
f 2051/1799/2051 2082/1830/2082 2083/1831/2083 2052/1800/2052
f 2052/1800/2052 2083/1831/2083 2084/1832/2084 2053/1801/2053
f 2053/1801/2053 2084/1832/2084 2085/1833/2085 2054/1802/2054
f 2055/1803/2055 2086/1834/2086 2087/1835/2087 2056/1804/2056
f 2056/1804/2056 2087/1835/2087 2088/1836/2088 2057/1805/2057
f 2057/1805/2057 2088/1836/2088 2089/1837/2089 2058/1806/2058
f 2058/1806/2058 2089/1837/2089 2090/1838/2090 2059/1807/2059
f 2059/1807/2059 2090/1838/2090 2091/1839/2091 2060/1808/2060
f 2060/1808/2060 2091/1839/2091 2092/1840/2092 2061/1809/2061
f 2061/1809/2061 2092/1840/2092 2093/1841/2093 2062/1810/2062
f 2062/1810/2062 2093/1841/2093 2094/1842/2094 2063/1811/2063
f 2063/1811/2063 2094/1842/2094 2095/1843/2095 2064/1812/2064
f 2064/1812/2064 2095/1843/2095 2096/1844/2096 2065/1813/2065
f 2065/1813/2065 2096/1844/2096 2097/1845/2097 2066/1814/2066
f 2066/1814/2066 2097/1845/2097 2098/1846/2098 2067/1815/2067
f 2067/1815/2067 2098/1846/2098 2099/1847/2099 2068/1816/2068
f 2068/1816/2068 2099/1847/2099 2100/1848/2100 2069/1817/2069
f 2069/1817/2069 2100/1848/2100 2101/1849/2101 2070/1818/2070
f 2070/1818/2070 2101/1849/2101 2102/1850/2102 2071/1819/2071
f 2071/1819/2071 2102/1850/2102 2103/1851/2103 2072/1820/2072
f 2072/1820/2072 2103/1851/2103 2104/1852/2104 2073/1821/2073
f 2073/1821/2073 2104/1852/2104 2105/1853/2105 2074/1822/2074
f 2074/1822/2074 2105/1853/2105 2106/1854/2106 2075/1823/2075
f 2075/1823/2075 2106/1854/2106 2107/1855/2107 2076/1824/2076
f 2076/1824/2076 2107/1855/2107 2108/1856/2108 2077/1825/2077
f 2077/1825/2077 2108/1856/2108 2109/1857/2109 2078/1826/2078
f 2078/1826/2078 2109/1857/2109 2110/1858/2110 2079/1827/2079
f 2079/1827/2079 2110/1858/2110 2111/1859/2111 2080/1828/2080
f 2080/1828/2080 2111/1859/2111 2112/1860/2112 2081/1829/2081
f 2081/1829/2081 2112/1860/2112 2113/1861/2113 2082/1830/2082
f 2082/1830/2082 2113/1861/2113 2114/1862/2114 2083/1831/2083
f 2083/1831/2083 2114/1862/2114 2115/1863/2115 2084/1832/2084
f 2084/1832/2084 2115/1863/2115 2116/1864/2116 2085/1833/2085
f 2086/1834/2086 2117/1865/2117 2118/1866/2118 2087/1835/2087
f 2087/1835/2087 2118/1866/2118 2119/1867/2119 2088/1836/2088
f 2088/1836/2088 2119/1867/2119 2120/1868/2120 2089/1837/2089
f 2089/1837/2089 2120/1868/2120 2121/1869/2121 2090/1838/2090
f 2090/1838/2090 2121/1869/2121 2122/1870/2122 2091/1839/2091
f 2091/1839/2091 2122/1870/2122 2123/1871/2123 2092/1840/2092
f 2092/1840/2092 2123/1871/2123 2124/1872/2124 2093/1841/2093
f 2093/1841/2093 2124/1872/2124 2125/1873/2125 2094/1842/2094
f 2094/1842/2094 2125/1873/2125 2126/1874/2126 2095/1843/2095
f 2095/1843/2095 2126/1874/2126 2127/1875/2127 2096/1844/2096
f 2096/1844/2096 2127/1875/2127 2128/1876/2128 2097/1845/2097
f 2097/1845/2097 2128/1876/2128 2129/1877/2129 2098/1846/2098
f 2098/1846/2098 2129/1877/2129 2130/1878/2130 2099/1847/2099
f 2099/1847/2099 2130/1878/2130 2131/1879/2131 2100/1848/2100
f 2100/1848/2100 2131/1879/2131 2132/1880/2132 2101/1849/2101
f 2101/1849/2101 2132/1880/2132 2133/1881/2133 2102/1850/2102
f 2102/1850/2102 2133/1881/2133 2134/1882/2134 2103/1851/2103
f 2103/1851/2103 2134/1882/2134 2135/1883/2135 2104/1852/2104
f 2104/1852/2104 2135/1883/2135 2136/1884/2136 2105/1853/2105
f 2105/1853/2105 2136/1884/2136 2137/1885/2137 2106/1854/2106
f 2106/1854/2106 2137/1885/2137 2138/1886/2138 2107/1855/2107
f 2107/1855/2107 2138/1886/2138 2139/1887/2139 2108/1856/2108
f 2108/1856/2108 2139/1887/2139 2140/1888/2140 2109/1857/2109
f 2109/1857/2109 2140/1888/2140 2141/1889/2141 2110/1858/2110
f 2110/1858/2110 2141/1889/2141 2142/1890/2142 2111/1859/2111
f 2111/1859/2111 2142/1890/2142 2143/1891/2143 2112/1860/2112
f 2112/1860/2112 2143/1891/2143 2144/1892/2144 2113/1861/2113
f 2113/1861/2113 2144/1892/2144 2145/1893/2145 2114/1862/2114
f 2114/1862/2114 2145/1893/2145 2146/1894/2146 2115/1863/2115
f 2115/1863/2115 2146/1894/2146 2147/1895/2147 2116/1864/2116
f 2117/1865/2117 2148/1896/2148 2149/1897/2149 2118/1866/2118
f 2118/1866/2118 2149/1897/2149 2150/1898/2150 2119/1867/2119
f 2119/1867/2119 2150/1898/2150 2151/1899/2151 2120/1868/2120
f 2120/1868/2120 2151/1899/2151 2152/1900/2152 2121/1869/2121
f 2121/1869/2121 2152/1900/2152 2153/1901/2153 2122/1870/2122
f 2122/1870/2122 2153/1901/2153 2154/1902/2154 2123/1871/2123
f 2123/1871/2123 2154/1902/2154 2155/1903/2155 2124/1872/2124
f 2124/1872/2124 2155/1903/2155 2156/1904/2156 2125/1873/2125
f 2125/1873/2125 2156/1904/2156 2157/1905/2157 2126/1874/2126
f 2126/1874/2126 2157/1905/2157 2158/1906/2158 2127/1875/2127
f 2127/1875/2127 2158/1906/2158 2159/1907/2159 2128/1876/2128
f 2128/1876/2128 2159/1907/2159 2160/1908/2160 2129/1877/2129
f 2129/1877/2129 2160/1908/2160 2161/1909/2161 2130/1878/2130
f 2130/1878/2130 2161/1909/2161 2162/1910/2162 2131/1879/2131
f 2131/1879/2131 2162/1910/2162 2163/1911/2163 2132/1880/2132
f 2132/1880/2132 2163/1911/2163 2164/1912/2164 2133/1881/2133
f 2133/1881/2133 2164/1912/2164 2165/1913/2165 2134/1882/2134
f 2134/1882/2134 2165/1913/2165 2166/1914/2166 2135/1883/2135
f 2135/1883/2135 2166/1914/2166 2167/1915/2167 2136/1884/2136
f 2136/1884/2136 2167/1915/2167 2168/1916/2168 2137/1885/2137
f 2137/1885/2137 2168/1916/2168 2169/1917/2169 2138/1886/2138
f 2138/1886/2138 2169/1917/2169 2170/1918/2170 2139/1887/2139
f 2139/1887/2139 2170/1918/2170 2171/1919/2171 2140/1888/2140
f 2140/1888/2140 2171/1919/2171 2172/1920/2172 2141/1889/2141
f 2141/1889/2141 2172/1920/2172 2173/1921/2173 2142/1890/2142
f 2142/1890/2142 2173/1921/2173 2174/1922/2174 2143/1891/2143
f 2143/1891/2143 2174/1922/2174 2175/1923/2175 2144/1892/2144
f 2144/1892/2144 2175/1923/2175 2176/1924/2176 2145/1893/2145
f 2145/1893/2145 2176/1924/2176 2177/1925/2177 2146/1894/2146
f 2146/1894/2146 2177/1925/2177 2178/1926/2178 2147/1895/2147
f 2148/1896/2148 2179/1927/2179 2180/1928/2180 2149/1897/2149
f 2149/1897/2149 2180/1928/2180 2181/1929/2181 2150/1898/2150
f 2150/1898/2150 2181/1929/2181 2182/1930/2182 2151/1899/2151
f 2151/1899/2151 2182/1930/2182 2183/1931/2183 2152/1900/2152
f 2152/1900/2152 2183/1931/2183 2184/1932/2184 2153/1901/2153
f 2153/1901/2153 2184/1932/2184 2185/1933/2185 2154/1902/2154
f 2154/1902/2154 2185/1933/2185 2186/1934/2186 2155/1903/2155
f 2155/1903/2155 2186/1934/2186 2187/1935/2187 2156/1904/2156
f 2156/1904/2156 2187/1935/2187 2188/1936/2188 2157/1905/2157
f 2157/1905/2157 2188/1936/2188 2189/1937/2189 2158/1906/2158
f 2158/1906/2158 2189/1937/2189 2190/1938/2190 2159/1907/2159
f 2159/1907/2159 2190/1938/2190 2191/1939/2191 2160/1908/2160
f 2160/1908/2160 2191/1939/2191 2192/1940/2192 2161/1909/2161
f 2161/1909/2161 2192/1940/2192 2193/1941/2193 2162/1910/2162
f 2162/1910/2162 2193/1941/2193 2194/1942/2194 2163/1911/2163
f 2163/1911/2163 2194/1942/2194 2195/1943/2195 2164/1912/2164
f 2164/1912/2164 2195/1943/2195 2196/1944/2196 2165/1913/2165
f 2165/1913/2165 2196/1944/2196 2197/1945/2197 2166/1914/2166
f 2166/1914/2166 2197/1945/2197 2198/1946/2198 2167/1915/2167
f 2167/1915/2167 2198/1946/2198 2199/1947/2199 2168/1916/2168
f 2168/1916/2168 2199/1947/2199 2200/1948/2200 2169/1917/2169
f 2169/1917/2169 2200/1948/2200 2201/1949/2201 2170/1918/2170
f 2170/1918/2170 2201/1949/2201 2202/1950/2202 2171/1919/2171
f 2171/1919/2171 2202/1950/2202 2203/1951/2203 2172/1920/2172
f 2172/1920/2172 2203/1951/2203 2204/1952/2204 2173/1921/2173
f 2173/1921/2173 2204/1952/2204 2205/1953/2205 2174/1922/2174
f 2174/1922/2174 2205/1953/2205 2206/1954/2206 2175/1923/2175
f 2175/1923/2175 2206/1954/2206 2207/1955/2207 2176/1924/2176
f 2176/1924/2176 2207/1955/2207 2208/1956/2208 2177/1925/2177
f 2177/1925/2177 2208/1956/2208 2209/1957/2209 2178/1926/2178
f 2179/1927/2179 2210/1958/2210 2211/1959/2211 2180/1928/2180
f 2180/1928/2180 2211/1959/2211 2212/1960/2212 2181/1929/2181
f 2181/1929/2181 2212/1960/2212 2213/1961/2213 2182/1930/2182
f 2182/1930/2182 2213/1961/2213 2214/1962/2214 2183/1931/2183
f 2183/1931/2183 2214/1962/2214 2215/1963/2215 2184/1932/2184
f 2184/1932/2184 2215/1963/2215 2216/1964/2216 2185/1933/2185
f 2185/1933/2185 2216/1964/2216 2217/1965/2217 2186/1934/2186
f 2186/1934/2186 2217/1965/2217 2218/1966/2218 2187/1935/2187
f 2187/1935/2187 2218/1966/2218 2219/1967/2219 2188/1936/2188
f 2188/1936/2188 2219/1967/2219 2220/1968/2220 2189/1937/2189
f 2189/1937/2189 2220/1968/2220 2221/1969/2221 2190/1938/2190
f 2190/1938/2190 2221/1969/2221 2222/1970/2222 2191/1939/2191
f 2191/1939/2191 2222/1970/2222 2223/1971/2223 2192/1940/2192
f 2192/1940/2192 2223/1971/2223 2224/1972/2224 2193/1941/2193
f 2193/1941/2193 2224/1972/2224 2225/1973/2225 2194/1942/2194
f 2194/1942/2194 2225/1973/2225 2226/1974/2226 2195/1943/2195
f 2195/1943/2195 2226/1974/2226 2227/1975/2227 2196/1944/2196
f 2196/1944/2196 2227/1975/2227 2228/1976/2228 2197/1945/2197
f 2197/1945/2197 2228/1976/2228 2229/1977/2229 2198/1946/2198
f 2198/1946/2198 2229/1977/2229 2230/1978/2230 2199/1947/2199
f 2199/1947/2199 2230/1978/2230 2231/1979/2231 2200/1948/2200
f 2200/1948/2200 2231/1979/2231 2232/1980/2232 2201/1949/2201
f 2201/1949/2201 2232/1980/2232 2233/1981/2233 2202/1950/2202
f 2202/1950/2202 2233/1981/2233 2234/1982/2234 2203/1951/2203
f 2203/1951/2203 2234/1982/2234 2235/1983/2235 2204/1952/2204
f 2204/1952/2204 2235/1983/2235 2236/1984/2236 2205/1953/2205
f 2205/1953/2205 2236/1984/2236 2237/1985/2237 2206/1954/2206
f 2206/1954/2206 2237/1985/2237 2238/1986/2238 2207/1955/2207
f 2207/1955/2207 2238/1986/2238 2239/1987/2239 2208/1956/2208
f 2208/1956/2208 2239/1987/2239 2240/1988/2240 2209/1957/2209
f 2210/1958/2210 2241/1989/2241 2242/1990/2242 2211/1959/2211
f 2211/1959/2211 2242/1990/2242 2243/1991/2243 2212/1960/2212
f 2212/1960/2212 2243/1991/2243 2244/1992/2244 2213/1961/2213
f 2213/1961/2213 2244/1992/2244 2245/1993/2245 2214/1962/2214
f 2214/1962/2214 2245/1993/2245 2246/1994/2246 2215/1963/2215
f 2215/1963/2215 2246/1994/2246 2247/1995/2247 2216/1964/2216
f 2216/1964/2216 2247/1995/2247 2248/1996/2248 2217/1965/2217
f 2217/1965/2217 2248/1996/2248 2249/1997/2249 2218/1966/2218
f 2218/1966/2218 2249/1997/2249 2250/1998/2250 2219/1967/2219
f 2219/1967/2219 2250/1998/2250 2251/1999/2251 2220/1968/2220
f 2220/1968/2220 2251/1999/2251 2252/2000/2252 2221/1969/2221
f 2221/1969/2221 2252/2000/2252 2253/2001/2253 2222/1970/2222
f 2222/1970/2222 2253/2001/2253 2254/2002/2254 2223/1971/2223
f 2223/1971/2223 2254/2002/2254 2255/2003/2255 2224/1972/2224
f 2224/1972/2224 2255/2003/2255 2256/2004/2256 2225/1973/2225
f 2225/1973/2225 2256/2004/2256 2257/2005/2257 2226/1974/2226
f 2226/1974/2226 2257/2005/2257 2258/2006/2258 2227/1975/2227
f 2227/1975/2227 2258/2006/2258 2259/2007/2259 2228/1976/2228
f 2228/1976/2228 2259/2007/2259 2260/2008/2260 2229/1977/2229
f 2229/1977/2229 2260/2008/2260 2261/2009/2261 2230/1978/2230
f 2230/1978/2230 2261/2009/2261 2262/2010/2262 2231/1979/2231
f 2231/1979/2231 2262/2010/2262 2263/2011/2263 2232/1980/2232
f 2232/1980/2232 2263/2011/2263 2264/2012/2264 2233/1981/2233
f 2233/1981/2233 2264/2012/2264 2265/2013/2265 2234/1982/2234
f 2234/1982/2234 2265/2013/2265 2266/2014/2266 2235/1983/2235
f 2235/1983/2235 2266/2014/2266 2267/2015/2267 2236/1984/2236
f 2236/1984/2236 2267/2015/2267 2268/2016/2268 2237/1985/2237
f 2237/1985/2237 2268/2016/2268 2269/2017/2269 2238/1986/2238
f 2238/1986/2238 2269/2017/2269 2270/2018/2270 2239/1987/2239
f 2239/1987/2239 2270/2018/2270 2271/2019/2271 2240/1988/2240
f 2241/1989/2241 2272/2020/2272 2273/2021/2273 2242/1990/2242
f 2242/1990/2242 2273/2021/2273 2274/2022/2274 2243/1991/2243
f 2243/1991/2243 2274/2022/2274 2275/2023/2275 2244/1992/2244
f 2244/1992/2244 2275/2023/2275 2276/2024/2276 2245/1993/2245
f 2245/1993/2245 2276/2024/2276 2277/2025/2277 2246/1994/2246
f 2246/1994/2246 2277/2025/2277 2278/2026/2278 2247/1995/2247
f 2247/1995/2247 2278/2026/2278 2279/2027/2279 2248/1996/2248
f 2248/1996/2248 2279/2027/2279 2280/2028/2280 2249/1997/2249
f 2249/1997/2249 2280/2028/2280 2281/2029/2281 2250/1998/2250
f 2250/1998/2250 2281/2029/2281 2282/2030/2282 2251/1999/2251
f 2251/1999/2251 2282/2030/2282 2283/2031/2283 2252/2000/2252
f 2252/2000/2252 2283/2031/2283 2284/2032/2284 2253/2001/2253
f 2253/2001/2253 2284/2032/2284 2285/2033/2285 2254/2002/2254
f 2254/2002/2254 2285/2033/2285 2286/2034/2286 2255/2003/2255
f 2255/2003/2255 2286/2034/2286 2287/2035/2287 2256/2004/2256
f 2256/2004/2256 2287/2035/2287 2288/2036/2288 2257/2005/2257
f 2257/2005/2257 2288/2036/2288 2289/2037/2289 2258/2006/2258
f 2258/2006/2258 2289/2037/2289 2290/2038/2290 2259/2007/2259
f 2259/2007/2259 2290/2038/2290 2291/2039/2291 2260/2008/2260
f 2260/2008/2260 2291/2039/2291 2292/2040/2292 2261/2009/2261
f 2261/2009/2261 2292/2040/2292 2293/2041/2293 2262/2010/2262
f 2262/2010/2262 2293/2041/2293 2294/2042/2294 2263/2011/2263
f 2263/2011/2263 2294/2042/2294 2295/2043/2295 2264/2012/2264
f 2264/2012/2264 2295/2043/2295 2296/2044/2296 2265/2013/2265
f 2265/2013/2265 2296/2044/2296 2297/2045/2297 2266/2014/2266
f 2266/2014/2266 2297/2045/2297 2298/2046/2298 2267/2015/2267
f 2267/2015/2267 2298/2046/2298 2299/2047/2299 2268/2016/2268
f 2268/2016/2268 2299/2047/2299 2300/2048/2300 2269/2017/2269
f 2269/2017/2269 2300/2048/2300 2301/2049/2301 2270/2018/2270
f 2270/2018/2270 2301/2049/2301 2302/2050/2302 2271/2019/2271
f 6/2051/6 9/2052/9 1342/1090/1342 70/2053/70
f 70/2053/70 1342/1090/1342 1343/1093/1343 69/2054/69
f 69/2054/69 1343/1093/1343 1344/1095/1344 68/2055/68
f 68/2055/68 1344/1095/1344 1345/1097/1345 67/2056/67
f 67/2056/67 1345/1097/1345 1346/1099/1346 66/2057/66
f 66/2057/66 1346/1099/1346 1347/1101/1347 65/2058/65
f 65/2058/65 1347/1101/1347 1348/1103/1348 64/2059/64
f 64/2059/64 1348/1103/1348 1349/1105/1349 63/2060/63
f 63/2060/63 1349/1105/1349 1350/1107/1350 62/2061/62
f 62/2061/62 1350/1107/1350 1351/1109/1351 61/2062/61
f 61/2062/61 1351/1109/1351 1352/1111/1352 60/2063/60
f 60/2063/60 1352/1111/1352 1353/1113/1353 59/2064/59
f 59/2064/59 1353/1113/1353 1354/1115/1354 58/2065/58
f 58/2065/58 1354/1115/1354 1355/1117/1355 57/2066/57
f 57/2066/57 1355/1117/1355 1356/1119/1356 56/2067/56
f 56/2067/56 1356/1119/1356 1357/1121/1357 55/2068/55
f 55/2068/55 1357/1121/1357 1358/1123/1358 54/2069/54
f 54/2069/54 1358/1123/1358 1359/1125/1359 53/2070/53
f 53/2070/53 1359/1125/1359 1360/1127/1360 52/2071/52
f 52/2071/52 1360/1127/1360 1361/1129/1361 51/2072/51
f 51/2072/51 1361/1129/1361 1362/1131/1362 50/2073/50
f 50/2073/50 1362/1131/1362 1363/1133/1363 49/2074/49
f 49/2074/49 1363/1133/1363 1364/1135/1364 48/2075/48
f 48/2075/48 1364/1135/1364 1365/1137/1365 47/2076/47
f 47/2076/47 1365/1137/1365 1366/1139/1366 46/2077/46
f 46/2077/46 1366/1139/1366 1367/1141/1367 45/2078/45
f 45/2078/45 1367/1141/1367 1368/1143/1368 44/2079/44
f 44/2079/44 1368/1143/1368 1369/1145/1369 43/2080/43
f 43/2080/43 1369/1145/1369 1370/1147/1370 42/2081/42
f 42/2081/42 1370/1147/1370 1371/1149/1371 41/2082/41
f 41/2082/41 1371/1149/1371 1372/1151/1372 40/2083/40
f 40/2083/40 1372/1151/1372 256/2084/256 2/2085/2
f 1372/1151/1372 1403/1150/1403 255/2086/255 256/2084/256
f 1403/1150/1403 1434/1182/1434 254/2087/254 255/2086/255
f 1434/1182/1434 1465/1213/1465 253/2088/253 254/2087/254
f 1465/1213/1465 1496/1244/1496 252/2089/252 253/2088/253
f 1496/1244/1496 1527/1275/1527 251/2090/251 252/2089/252
f 1527/1275/1527 1558/1306/1558 250/2091/250 251/2090/251
f 1558/1306/1558 1589/1337/1589 249/2092/249 250/2091/250
f 1589/1337/1589 1620/1368/1620 248/2093/248 249/2092/249
f 1620/1368/1620 1651/1399/1651 247/2094/247 248/2093/248
f 1651/1399/1651 1682/1430/1682 246/2095/246 247/2094/247
f 1682/1430/1682 1713/1461/1713 245/2096/245 246/2095/246
f 1713/1461/1713 1744/1492/1744 244/2097/244 245/2096/245
f 1744/1492/1744 1775/1523/1775 243/2098/243 244/2097/244
f 1775/1523/1775 1806/1554/1806 242/2099/242 243/2098/243
f 1806/1554/1806 1837/1585/1837 241/2100/241 242/2099/242
f 1837/1585/1837 1868/1616/1868 240/2101/240 241/2100/241
f 1868/1616/1868 1899/1647/1899 239/2102/239 240/2101/240
f 1899/1647/1899 1930/1678/1930 238/2103/238 239/2102/239
f 1930/1678/1930 1961/1709/1961 237/2104/237 238/2103/238
f 1961/1709/1961 1992/1740/1992 236/2105/236 237/2104/237
f 1992/1740/1992 2023/1771/2023 235/2106/235 236/2105/236
f 2023/1771/2023 2054/1802/2054 234/2107/234 235/2106/235
f 2054/1802/2054 2085/1833/2085 233/2108/233 234/2107/234
f 2085/1833/2085 2116/1864/2116 232/2109/232 233/2108/233
f 2116/1864/2116 2147/1895/2147 231/2110/231 232/2109/232
f 2147/1895/2147 2178/1926/2178 230/2111/230 231/2110/231
f 2178/1926/2178 2209/1957/2209 229/2112/229 230/2111/230
f 2209/1957/2209 2240/1988/2240 228/2113/228 229/2112/229
f 2240/1988/2240 2271/2019/2271 227/2114/227 228/2113/228
f 2271/2019/2271 2302/2050/2302 226/2115/226 227/2114/227
f 2302/2050/2302 163/2116/163 4/2117/4 226/2115/226
f 2301/2049/2301 162/2118/162 163/2116/163 2302/2050/2302
f 2300/2048/2300 161/2119/161 162/2118/162 2301/2049/2301
f 2299/2047/2299 160/2120/160 161/2119/161 2300/2048/2300
f 2298/2046/2298 159/2121/159 160/2120/160 2299/2047/2299
f 2297/2045/2297 158/2122/158 159/2121/159 2298/2046/2298
f 2296/2044/2296 157/2123/157 158/2122/158 2297/2045/2297
f 2295/2043/2295 156/2124/156 157/2123/157 2296/2044/2296
f 2294/2042/2294 155/2125/155 156/2124/156 2295/2043/2295
f 2293/2041/2293 154/2126/154 155/2125/155 2294/2042/2294
f 2292/2040/2292 153/2127/153 154/2126/154 2293/2041/2293
f 2291/2039/2291 152/2128/152 153/2127/153 2292/2040/2292
f 2290/2038/2290 151/2129/151 152/2128/152 2291/2039/2291
f 2289/2037/2289 150/2130/150 151/2129/151 2290/2038/2290
f 2288/2036/2288 149/2131/149 150/2130/150 2289/2037/2289
f 2287/2035/2287 148/2132/148 149/2131/149 2288/2036/2288
f 2286/2034/2286 147/2133/147 148/2132/148 2287/2035/2287
f 2285/2033/2285 146/2134/146 147/2133/147 2286/2034/2286
f 2284/2032/2284 145/2135/145 146/2134/146 2285/2033/2285
f 2283/2031/2283 144/2136/144 145/2135/145 2284/2032/2284
f 2282/2030/2282 143/2137/143 144/2136/144 2283/2031/2283
f 2281/2029/2281 142/2138/142 143/2137/143 2282/2030/2282
f 2280/2028/2280 141/2139/141 142/2138/142 2281/2029/2281
f 2279/2027/2279 140/2140/140 141/2139/141 2280/2028/2280
f 2278/2026/2278 139/2141/139 140/2140/140 2279/2027/2279
f 2277/2025/2277 138/2142/138 139/2141/139 2278/2026/2278
f 2276/2024/2276 137/2143/137 138/2142/138 2277/2025/2277
f 2275/2023/2275 136/2144/136 137/2143/137 2276/2024/2276
f 2274/2022/2274 135/2145/135 136/2144/136 2275/2023/2275
f 2273/2021/2273 134/2146/134 135/2145/135 2274/2022/2274
f 2272/2020/2272 133/2147/133 134/2146/134 2273/2021/2273
f 39/2148/39 8/2149/8 133/2147/133 2272/2020/2272
f 38/2150/38 39/2148/39 2272/2020/2272 2241/1989/2241
f 37/2151/37 38/2150/38 2241/1989/2241 2210/1958/2210
f 36/2152/36 37/2151/37 2210/1958/2210 2179/1927/2179
f 35/2153/35 36/2152/36 2179/1927/2179 2148/1896/2148
f 34/2154/34 35/2153/35 2148/1896/2148 2117/1865/2117
f 33/2155/33 34/2154/34 2117/1865/2117 2086/1834/2086
f 32/2156/32 33/2155/33 2086/1834/2086 2055/1803/2055
f 31/2157/31 32/2156/32 2055/1803/2055 2024/1772/2024
f 30/2158/30 31/2157/31 2024/1772/2024 1993/1741/1993
f 29/2159/29 30/2158/30 1993/1741/1993 1962/1710/1962
f 28/2160/28 29/2159/29 1962/1710/1962 1931/1679/1931
f 27/2161/27 28/2160/28 1931/1679/1931 1900/1648/1900
f 26/2162/26 27/2161/27 1900/1648/1900 1869/1617/1869
f 25/2163/25 26/2162/26 1869/1617/1869 1838/1586/1838
f 24/2164/24 25/2163/25 1838/1586/1838 1807/1555/1807
f 23/2165/23 24/2164/24 1807/1555/1807 1776/1524/1776
f 22/2166/22 23/2165/23 1776/1524/1776 1745/1493/1745
f 21/2167/21 22/2166/22 1745/1493/1745 1714/1462/1714
f 20/2168/20 21/2167/21 1714/1462/1714 1683/1431/1683
f 19/2169/19 20/2168/20 1683/1431/1683 1652/1400/1652
f 18/2170/18 19/2169/19 1652/1400/1652 1621/1369/1621
f 17/2171/17 18/2170/18 1621/1369/1621 1590/1338/1590
f 16/2172/16 17/2171/17 1590/1338/1590 1559/1307/1559
f 15/2173/15 16/2172/16 1559/1307/1559 1528/1276/1528
f 14/2174/14 15/2173/15 1528/1276/1528 1497/1245/1497
f 13/2175/13 14/2174/14 1497/1245/1497 1466/1214/1466
f 12/2176/12 13/2175/13 1466/1214/1466 1435/1183/1435
f 11/2177/11 12/2176/12 1435/1183/1435 1404/1152/1404
f 10/2178/10 11/2177/11 1404/1152/1404 1373/1091/1373
f 9/2052/9 10/2178/10 1373/1091/1373 1342/1090/1342
f 2303/2179/2303 2334/2180/2334 2335/2181/2335 2304/2182/2304
f 2304/2182/2304 2335/2181/2335 2336/2183/2336 2305/2184/2305
f 2305/2184/2305 2336/2183/2336 2337/2185/2337 2306/2186/2306
f 2306/2186/2306 2337/2185/2337 2338/2187/2338 2307/2188/2307
f 2307/2188/2307 2338/2187/2338 2339/2189/2339 2308/2190/2308
f 2308/2190/2308 2339/2189/2339 2340/2191/2340 2309/2192/2309
f 2309/2192/2309 2340/2191/2340 2341/2193/2341 2310/2194/2310
f 2310/2194/2310 2341/2193/2341 2342/2195/2342 2311/2196/2311
f 2311/2196/2311 2342/2195/2342 2343/2197/2343 2312/2198/2312
f 2312/2198/2312 2343/2197/2343 2344/2199/2344 2313/2200/2313
f 2313/2200/2313 2344/2199/2344 2345/2201/2345 2314/2202/2314
f 2314/2202/2314 2345/2201/2345 2346/2203/2346 2315/2204/2315
f 2315/2204/2315 2346/2203/2346 2347/2205/2347 2316/2206/2316
f 2316/2206/2316 2347/2205/2347 2348/2207/2348 2317/2208/2317
f 2317/2208/2317 2348/2207/2348 2349/2209/2349 2318/2210/2318
f 2318/2210/2318 2349/2209/2349 2350/2211/2350 2319/2212/2319
f 2319/2212/2319 2350/2211/2350 2351/2213/2351 2320/2214/2320
f 2320/2214/2320 2351/2213/2351 2352/2215/2352 2321/2216/2321
f 2321/2216/2321 2352/2215/2352 2353/2217/2353 2322/2218/2322
f 2322/2218/2322 2353/2217/2353 2354/2219/2354 2323/2220/2323
f 2323/2220/2323 2354/2219/2354 2355/2221/2355 2324/2222/2324
f 2324/2222/2324 2355/2221/2355 2356/2223/2356 2325/2224/2325
f 2325/2224/2325 2356/2223/2356 2357/2225/2357 2326/2226/2326
f 2326/2226/2326 2357/2225/2357 2358/2227/2358 2327/2228/2327
f 2327/2228/2327 2358/2227/2358 2359/2229/2359 2328/2230/2328
f 2328/2230/2328 2359/2229/2359 2360/2231/2360 2329/2232/2329
f 2329/2232/2329 2360/2231/2360 2361/2233/2361 2330/2234/2330
f 2330/2234/2330 2361/2233/2361 2362/2235/2362 2331/2236/2331
f 2331/2236/2331 2362/2235/2362 2363/2237/2363 2332/2238/2332
f 2332/2238/2332 2363/2237/2363 2364/2239/2364 2333/2240/2333
f 2334/2180/2334 2365/2241/2365 2366/2242/2366 2335/2181/2335
f 2335/2181/2335 2366/2242/2366 2367/2243/2367 2336/2183/2336
f 2336/2183/2336 2367/2243/2367 2368/2244/2368 2337/2185/2337
f 2337/2185/2337 2368/2244/2368 2369/2245/2369 2338/2187/2338
f 2338/2187/2338 2369/2245/2369 2370/2246/2370 2339/2189/2339
f 2339/2189/2339 2370/2246/2370 2371/2247/2371 2340/2191/2340
f 2340/2191/2340 2371/2247/2371 2372/2248/2372 2341/2193/2341
f 2341/2193/2341 2372/2248/2372 2373/2249/2373 2342/2195/2342
f 2342/2195/2342 2373/2249/2373 2374/2250/2374 2343/2197/2343
f 2343/2197/2343 2374/2250/2374 2375/2251/2375 2344/2199/2344
f 2344/2199/2344 2375/2251/2375 2376/2252/2376 2345/2201/2345
f 2345/2201/2345 2376/2252/2376 2377/2253/2377 2346/2203/2346
f 2346/2203/2346 2377/2253/2377 2378/2254/2378 2347/2205/2347
f 2347/2205/2347 2378/2254/2378 2379/2255/2379 2348/2207/2348
f 2348/2207/2348 2379/2255/2379 2380/2256/2380 2349/2209/2349
f 2349/2209/2349 2380/2256/2380 2381/2257/2381 2350/2211/2350
f 2350/2211/2350 2381/2257/2381 2382/2258/2382 2351/2213/2351
f 2351/2213/2351 2382/2258/2382 2383/2259/2383 2352/2215/2352
f 2352/2215/2352 2383/2259/2383 2384/2260/2384 2353/2217/2353
f 2353/2217/2353 2384/2260/2384 2385/2261/2385 2354/2219/2354
f 2354/2219/2354 2385/2261/2385 2386/2262/2386 2355/2221/2355
f 2355/2221/2355 2386/2262/2386 2387/2263/2387 2356/2223/2356
f 2356/2223/2356 2387/2263/2387 2388/2264/2388 2357/2225/2357
f 2357/2225/2357 2388/2264/2388 2389/2265/2389 2358/2227/2358
f 2358/2227/2358 2389/2265/2389 2390/2266/2390 2359/2229/2359
f 2359/2229/2359 2390/2266/2390 2391/2267/2391 2360/2231/2360
f 2360/2231/2360 2391/2267/2391 2392/2268/2392 2361/2233/2361
f 2361/2233/2361 2392/2268/2392 2393/2269/2393 2362/2235/2362
f 2362/2235/2362 2393/2269/2393 2394/2270/2394 2363/2237/2363
f 2363/2237/2363 2394/2270/2394 2395/2271/2395 2364/2239/2364
f 2365/2241/2365 2396/2272/2396 2397/2273/2397 2366/2242/2366
f 2366/2242/2366 2397/2273/2397 2398/2274/2398 2367/2243/2367
f 2367/2243/2367 2398/2274/2398 2399/2275/2399 2368/2244/2368
f 2368/2244/2368 2399/2275/2399 2400/2276/2400 2369/2245/2369
f 2369/2245/2369 2400/2276/2400 2401/2277/2401 2370/2246/2370
f 2370/2246/2370 2401/2277/2401 2402/2278/2402 2371/2247/2371
f 2371/2247/2371 2402/2278/2402 2403/2279/2403 2372/2248/2372
f 2372/2248/2372 2403/2279/2403 2404/2280/2404 2373/2249/2373
f 2373/2249/2373 2404/2280/2404 2405/2281/2405 2374/2250/2374
f 2374/2250/2374 2405/2281/2405 2406/2282/2406 2375/2251/2375
f 2375/2251/2375 2406/2282/2406 2407/2283/2407 2376/2252/2376
f 2376/2252/2376 2407/2283/2407 2408/2284/2408 2377/2253/2377
f 2377/2253/2377 2408/2284/2408 2409/2285/2409 2378/2254/2378
f 2378/2254/2378 2409/2285/2409 2410/2286/2410 2379/2255/2379
f 2379/2255/2379 2410/2286/2410 2411/2287/2411 2380/2256/2380
f 2380/2256/2380 2411/2287/2411 2412/2288/2412 2381/2257/2381
f 2381/2257/2381 2412/2288/2412 2413/2289/2413 2382/2258/2382
f 2382/2258/2382 2413/2289/2413 2414/2290/2414 2383/2259/2383
f 2383/2259/2383 2414/2290/2414 2415/2291/2415 2384/2260/2384
f 2384/2260/2384 2415/2291/2415 2416/2292/2416 2385/2261/2385
f 2385/2261/2385 2416/2292/2416 2417/2293/2417 2386/2262/2386
f 2386/2262/2386 2417/2293/2417 2418/2294/2418 2387/2263/2387
f 2387/2263/2387 2418/2294/2418 2419/2295/2419 2388/2264/2388
f 2388/2264/2388 2419/2295/2419 2420/2296/2420 2389/2265/2389
f 2389/2265/2389 2420/2296/2420 2421/2297/2421 2390/2266/2390
f 2390/2266/2390 2421/2297/2421 2422/2298/2422 2391/2267/2391
f 2391/2267/2391 2422/2298/2422 2423/2299/2423 2392/2268/2392
f 2392/2268/2392 2423/2299/2423 2424/2300/2424 2393/2269/2393
f 2393/2269/2393 2424/2300/2424 2425/2301/2425 2394/2270/2394
f 2394/2270/2394 2425/2301/2425 2426/2302/2426 2395/2271/2395
f 2396/2272/2396 2427/2303/2427 2428/2304/2428 2397/2273/2397
f 2397/2273/2397 2428/2304/2428 2429/2305/2429 2398/2274/2398
f 2398/2274/2398 2429/2305/2429 2430/2306/2430 2399/2275/2399
f 2399/2275/2399 2430/2306/2430 2431/2307/2431 2400/2276/2400
f 2400/2276/2400 2431/2307/2431 2432/2308/2432 2401/2277/2401
f 2401/2277/2401 2432/2308/2432 2433/2309/2433 2402/2278/2402
f 2402/2278/2402 2433/2309/2433 2434/2310/2434 2403/2279/2403
f 2403/2279/2403 2434/2310/2434 2435/2311/2435 2404/2280/2404
f 2404/2280/2404 2435/2311/2435 2436/2312/2436 2405/2281/2405
f 2405/2281/2405 2436/2312/2436 2437/2313/2437 2406/2282/2406
f 2406/2282/2406 2437/2313/2437 2438/2314/2438 2407/2283/2407
f 2407/2283/2407 2438/2314/2438 2439/2315/2439 2408/2284/2408
f 2408/2284/2408 2439/2315/2439 2440/2316/2440 2409/2285/2409
f 2409/2285/2409 2440/2316/2440 2441/2317/2441 2410/2286/2410
f 2410/2286/2410 2441/2317/2441 2442/2318/2442 2411/2287/2411
f 2411/2287/2411 2442/2318/2442 2443/2319/2443 2412/2288/2412
f 2412/2288/2412 2443/2319/2443 2444/2320/2444 2413/2289/2413
f 2413/2289/2413 2444/2320/2444 2445/2321/2445 2414/2290/2414
f 2414/2290/2414 2445/2321/2445 2446/2322/2446 2415/2291/2415
f 2415/2291/2415 2446/2322/2446 2447/2323/2447 2416/2292/2416
f 2416/2292/2416 2447/2323/2447 2448/2324/2448 2417/2293/2417
f 2417/2293/2417 2448/2324/2448 2449/2325/2449 2418/2294/2418
f 2418/2294/2418 2449/2325/2449 2450/2326/2450 2419/2295/2419
f 2419/2295/2419 2450/2326/2450 2451/2327/2451 2420/2296/2420
f 2420/2296/2420 2451/2327/2451 2452/2328/2452 2421/2297/2421
f 2421/2297/2421 2452/2328/2452 2453/2329/2453 2422/2298/2422
f 2422/2298/2422 2453/2329/2453 2454/2330/2454 2423/2299/2423
f 2423/2299/2423 2454/2330/2454 2455/2331/2455 2424/2300/2424
f 2424/2300/2424 2455/2331/2455 2456/2332/2456 2425/2301/2425
f 2425/2301/2425 2456/2332/2456 2457/2333/2457 2426/2302/2426
f 2427/2303/2427 2458/2334/2458 2459/2335/2459 2428/2304/2428
f 2428/2304/2428 2459/2335/2459 2460/2336/2460 2429/2305/2429
f 2429/2305/2429 2460/2336/2460 2461/2337/2461 2430/2306/2430
f 2430/2306/2430 2461/2337/2461 2462/2338/2462 2431/2307/2431
f 2431/2307/2431 2462/2338/2462 2463/2339/2463 2432/2308/2432
f 2432/2308/2432 2463/2339/2463 2464/2340/2464 2433/2309/2433
f 2433/2309/2433 2464/2340/2464 2465/2341/2465 2434/2310/2434
f 2434/2310/2434 2465/2341/2465 2466/2342/2466 2435/2311/2435
f 2435/2311/2435 2466/2342/2466 2467/2343/2467 2436/2312/2436
f 2436/2312/2436 2467/2343/2467 2468/2344/2468 2437/2313/2437
f 2437/2313/2437 2468/2344/2468 2469/2345/2469 2438/2314/2438
f 2438/2314/2438 2469/2345/2469 2470/2346/2470 2439/2315/2439
f 2439/2315/2439 2470/2346/2470 2471/2347/2471 2440/2316/2440
f 2440/2316/2440 2471/2347/2471 2472/2348/2472 2441/2317/2441
f 2441/2317/2441 2472/2348/2472 2473/2349/2473 2442/2318/2442
f 2442/2318/2442 2473/2349/2473 2474/2350/2474 2443/2319/2443
f 2443/2319/2443 2474/2350/2474 2475/2351/2475 2444/2320/2444
f 2444/2320/2444 2475/2351/2475 2476/2352/2476 2445/2321/2445
f 2445/2321/2445 2476/2352/2476 2477/2353/2477 2446/2322/2446
f 2446/2322/2446 2477/2353/2477 2478/2354/2478 2447/2323/2447
f 2447/2323/2447 2478/2354/2478 2479/2355/2479 2448/2324/2448
f 2448/2324/2448 2479/2355/2479 2480/2356/2480 2449/2325/2449
f 2449/2325/2449 2480/2356/2480 2481/2357/2481 2450/2326/2450
f 2450/2326/2450 2481/2357/2481 2482/2358/2482 2451/2327/2451
f 2451/2327/2451 2482/2358/2482 2483/2359/2483 2452/2328/2452
f 2452/2328/2452 2483/2359/2483 2484/2360/2484 2453/2329/2453
f 2453/2329/2453 2484/2360/2484 2485/2361/2485 2454/2330/2454
f 2454/2330/2454 2485/2361/2485 2486/2362/2486 2455/2331/2455
f 2455/2331/2455 2486/2362/2486 2487/2363/2487 2456/2332/2456
f 2456/2332/2456 2487/2363/2487 2488/2364/2488 2457/2333/2457
f 2458/2334/2458 2489/2365/2489 2490/2366/2490 2459/2335/2459
f 2459/2335/2459 2490/2366/2490 2491/2367/2491 2460/2336/2460
f 2460/2336/2460 2491/2367/2491 2492/2368/2492 2461/2337/2461
f 2461/2337/2461 2492/2368/2492 2493/2369/2493 2462/2338/2462
f 2462/2338/2462 2493/2369/2493 2494/2370/2494 2463/2339/2463
f 2463/2339/2463 2494/2370/2494 2495/2371/2495 2464/2340/2464
f 2464/2340/2464 2495/2371/2495 2496/2372/2496 2465/2341/2465
f 2465/2341/2465 2496/2372/2496 2497/2373/2497 2466/2342/2466
f 2466/2342/2466 2497/2373/2497 2498/2374/2498 2467/2343/2467
f 2467/2343/2467 2498/2374/2498 2499/2375/2499 2468/2344/2468
f 2468/2344/2468 2499/2375/2499 2500/2376/2500 2469/2345/2469
f 2469/2345/2469 2500/2376/2500 2501/2377/2501 2470/2346/2470
f 2470/2346/2470 2501/2377/2501 2502/2378/2502 2471/2347/2471
f 2471/2347/2471 2502/2378/2502 2503/2379/2503 2472/2348/2472
f 2472/2348/2472 2503/2379/2503 2504/2380/2504 2473/2349/2473
f 2473/2349/2473 2504/2380/2504 2505/2381/2505 2474/2350/2474
f 2474/2350/2474 2505/2381/2505 2506/2382/2506 2475/2351/2475
f 2475/2351/2475 2506/2382/2506 2507/2383/2507 2476/2352/2476
f 2476/2352/2476 2507/2383/2507 2508/2384/2508 2477/2353/2477
f 2477/2353/2477 2508/2384/2508 2509/2385/2509 2478/2354/2478
f 2478/2354/2478 2509/2385/2509 2510/2386/2510 2479/2355/2479
f 2479/2355/2479 2510/2386/2510 2511/2387/2511 2480/2356/2480
f 2480/2356/2480 2511/2387/2511 2512/2388/2512 2481/2357/2481
f 2481/2357/2481 2512/2388/2512 2513/2389/2513 2482/2358/2482
f 2482/2358/2482 2513/2389/2513 2514/2390/2514 2483/2359/2483
f 2483/2359/2483 2514/2390/2514 2515/2391/2515 2484/2360/2484
f 2484/2360/2484 2515/2391/2515 2516/2392/2516 2485/2361/2485
f 2485/2361/2485 2516/2392/2516 2517/2393/2517 2486/2362/2486
f 2486/2362/2486 2517/2393/2517 2518/2394/2518 2487/2363/2487
f 2487/2363/2487 2518/2394/2518 2519/2395/2519 2488/2364/2488
f 2489/2365/2489 2520/2396/2520 2521/2397/2521 2490/2366/2490
f 2490/2366/2490 2521/2397/2521 2522/2398/2522 2491/2367/2491
f 2491/2367/2491 2522/2398/2522 2523/2399/2523 2492/2368/2492
f 2492/2368/2492 2523/2399/2523 2524/2400/2524 2493/2369/2493
f 2493/2369/2493 2524/2400/2524 2525/2401/2525 2494/2370/2494
f 2494/2370/2494 2525/2401/2525 2526/2402/2526 2495/2371/2495
f 2495/2371/2495 2526/2402/2526 2527/2403/2527 2496/2372/2496
f 2496/2372/2496 2527/2403/2527 2528/2404/2528 2497/2373/2497
f 2497/2373/2497 2528/2404/2528 2529/2405/2529 2498/2374/2498
f 2498/2374/2498 2529/2405/2529 2530/2406/2530 2499/2375/2499
f 2499/2375/2499 2530/2406/2530 2531/2407/2531 2500/2376/2500
f 2500/2376/2500 2531/2407/2531 2532/2408/2532 2501/2377/2501
f 2501/2377/2501 2532/2408/2532 2533/2409/2533 2502/2378/2502
f 2502/2378/2502 2533/2409/2533 2534/2410/2534 2503/2379/2503
f 2503/2379/2503 2534/2410/2534 2535/2411/2535 2504/2380/2504
f 2504/2380/2504 2535/2411/2535 2536/2412/2536 2505/2381/2505
f 2505/2381/2505 2536/2412/2536 2537/2413/2537 2506/2382/2506
f 2506/2382/2506 2537/2413/2537 2538/2414/2538 2507/2383/2507
f 2507/2383/2507 2538/2414/2538 2539/2415/2539 2508/2384/2508
f 2508/2384/2508 2539/2415/2539 2540/2416/2540 2509/2385/2509
f 2509/2385/2509 2540/2416/2540 2541/2417/2541 2510/2386/2510
f 2510/2386/2510 2541/2417/2541 2542/2418/2542 2511/2387/2511
f 2511/2387/2511 2542/2418/2542 2543/2419/2543 2512/2388/2512
f 2512/2388/2512 2543/2419/2543 2544/2420/2544 2513/2389/2513
f 2513/2389/2513 2544/2420/2544 2545/2421/2545 2514/2390/2514
f 2514/2390/2514 2545/2421/2545 2546/2422/2546 2515/2391/2515
f 2515/2391/2515 2546/2422/2546 2547/2423/2547 2516/2392/2516
f 2516/2392/2516 2547/2423/2547 2548/2424/2548 2517/2393/2517
f 2517/2393/2517 2548/2424/2548 2549/2425/2549 2518/2394/2518
f 2518/2394/2518 2549/2425/2549 2550/2426/2550 2519/2395/2519
f 2520/2396/2520 2551/2427/2551 2552/2428/2552 2521/2397/2521
f 2521/2397/2521 2552/2428/2552 2553/2429/2553 2522/2398/2522
f 2522/2398/2522 2553/2429/2553 2554/2430/2554 2523/2399/2523
f 2523/2399/2523 2554/2430/2554 2555/2431/2555 2524/2400/2524
f 2524/2400/2524 2555/2431/2555 2556/2432/2556 2525/2401/2525
f 2525/2401/2525 2556/2432/2556 2557/2433/2557 2526/2402/2526
f 2526/2402/2526 2557/2433/2557 2558/2434/2558 2527/2403/2527
f 2527/2403/2527 2558/2434/2558 2559/2435/2559 2528/2404/2528
f 2528/2404/2528 2559/2435/2559 2560/2436/2560 2529/2405/2529
f 2529/2405/2529 2560/2436/2560 2561/2437/2561 2530/2406/2530
f 2530/2406/2530 2561/2437/2561 2562/2438/2562 2531/2407/2531
f 2531/2407/2531 2562/2438/2562 2563/2439/2563 2532/2408/2532
f 2532/2408/2532 2563/2439/2563 2564/2440/2564 2533/2409/2533
f 2533/2409/2533 2564/2440/2564 2565/2441/2565 2534/2410/2534
f 2534/2410/2534 2565/2441/2565 2566/2442/2566 2535/2411/2535
f 2535/2411/2535 2566/2442/2566 2567/2443/2567 2536/2412/2536
f 2536/2412/2536 2567/2443/2567 2568/2444/2568 2537/2413/2537
f 2537/2413/2537 2568/2444/2568 2569/2445/2569 2538/2414/2538
f 2538/2414/2538 2569/2445/2569 2570/2446/2570 2539/2415/2539
f 2539/2415/2539 2570/2446/2570 2571/2447/2571 2540/2416/2540
f 2540/2416/2540 2571/2447/2571 2572/2448/2572 2541/2417/2541
f 2541/2417/2541 2572/2448/2572 2573/2449/2573 2542/2418/2542
f 2542/2418/2542 2573/2449/2573 2574/2450/2574 2543/2419/2543
f 2543/2419/2543 2574/2450/2574 2575/2451/2575 2544/2420/2544
f 2544/2420/2544 2575/2451/2575 2576/2452/2576 2545/2421/2545
f 2545/2421/2545 2576/2452/2576 2577/2453/2577 2546/2422/2546
f 2546/2422/2546 2577/2453/2577 2578/2454/2578 2547/2423/2547
f 2547/2423/2547 2578/2454/2578 2579/2455/2579 2548/2424/2548
f 2548/2424/2548 2579/2455/2579 2580/2456/2580 2549/2425/2549
f 2549/2425/2549 2580/2456/2580 2581/2457/2581 2550/2426/2550
f 2551/2427/2551 2582/2458/2582 2583/2459/2583 2552/2428/2552
f 2552/2428/2552 2583/2459/2583 2584/2460/2584 2553/2429/2553
f 2553/2429/2553 2584/2460/2584 2585/2461/2585 2554/2430/2554
f 2554/2430/2554 2585/2461/2585 2586/2462/2586 2555/2431/2555
f 2555/2431/2555 2586/2462/2586 2587/2463/2587 2556/2432/2556
f 2556/2432/2556 2587/2463/2587 2588/2464/2588 2557/2433/2557
f 2557/2433/2557 2588/2464/2588 2589/2465/2589 2558/2434/2558
f 2558/2434/2558 2589/2465/2589 2590/2466/2590 2559/2435/2559
f 2559/2435/2559 2590/2466/2590 2591/2467/2591 2560/2436/2560
f 2560/2436/2560 2591/2467/2591 2592/2468/2592 2561/2437/2561
f 2561/2437/2561 2592/2468/2592 2593/2469/2593 2562/2438/2562
f 2562/2438/2562 2593/2469/2593 2594/2470/2594 2563/2439/2563
f 2563/2439/2563 2594/2470/2594 2595/2471/2595 2564/2440/2564
f 2564/2440/2564 2595/2471/2595 2596/2472/2596 2565/2441/2565
f 2565/2441/2565 2596/2472/2596 2597/2473/2597 2566/2442/2566
f 2566/2442/2566 2597/2473/2597 2598/2474/2598 2567/2443/2567
f 2567/2443/2567 2598/2474/2598 2599/2475/2599 2568/2444/2568
f 2568/2444/2568 2599/2475/2599 2600/2476/2600 2569/2445/2569
f 2569/2445/2569 2600/2476/2600 2601/2477/2601 2570/2446/2570
f 2570/2446/2570 2601/2477/2601 2602/2478/2602 2571/2447/2571
f 2571/2447/2571 2602/2478/2602 2603/2479/2603 2572/2448/2572
f 2572/2448/2572 2603/2479/2603 2604/2480/2604 2573/2449/2573
f 2573/2449/2573 2604/2480/2604 2605/2481/2605 2574/2450/2574
f 2574/2450/2574 2605/2481/2605 2606/2482/2606 2575/2451/2575
f 2575/2451/2575 2606/2482/2606 2607/2483/2607 2576/2452/2576
f 2576/2452/2576 2607/2483/2607 2608/2484/2608 2577/2453/2577
f 2577/2453/2577 2608/2484/2608 2609/2485/2609 2578/2454/2578
f 2578/2454/2578 2609/2485/2609 2610/2486/2610 2579/2455/2579
f 2579/2455/2579 2610/2486/2610 2611/2487/2611 2580/2456/2580
f 2580/2456/2580 2611/2487/2611 2612/2488/2612 2581/2457/2581
f 2582/2458/2582 2613/2489/2613 2614/2490/2614 2583/2459/2583
f 2583/2459/2583 2614/2490/2614 2615/2491/2615 2584/2460/2584
f 2584/2460/2584 2615/2491/2615 2616/2492/2616 2585/2461/2585
f 2585/2461/2585 2616/2492/2616 2617/2493/2617 2586/2462/2586
f 2586/2462/2586 2617/2493/2617 2618/2494/2618 2587/2463/2587
f 2587/2463/2587 2618/2494/2618 2619/2495/2619 2588/2464/2588
f 2588/2464/2588 2619/2495/2619 2620/2496/2620 2589/2465/2589
f 2589/2465/2589 2620/2496/2620 2621/2497/2621 2590/2466/2590
f 2590/2466/2590 2621/2497/2621 2622/2498/2622 2591/2467/2591
f 2591/2467/2591 2622/2498/2622 2623/2499/2623 2592/2468/2592
f 2592/2468/2592 2623/2499/2623 2624/2500/2624 2593/2469/2593
f 2593/2469/2593 2624/2500/2624 2625/2501/2625 2594/2470/2594
f 2594/2470/2594 2625/2501/2625 2626/2502/2626 2595/2471/2595
f 2595/2471/2595 2626/2502/2626 2627/2503/2627 2596/2472/2596
f 2596/2472/2596 2627/2503/2627 2628/2504/2628 2597/2473/2597
f 2597/2473/2597 2628/2504/2628 2629/2505/2629 2598/2474/2598
f 2598/2474/2598 2629/2505/2629 2630/2506/2630 2599/2475/2599
f 2599/2475/2599 2630/2506/2630 2631/2507/2631 2600/2476/2600
f 2600/2476/2600 2631/2507/2631 2632/2508/2632 2601/2477/2601
f 2601/2477/2601 2632/2508/2632 2633/2509/2633 2602/2478/2602
f 2602/2478/2602 2633/2509/2633 2634/2510/2634 2603/2479/2603
f 2603/2479/2603 2634/2510/2634 2635/2511/2635 2604/2480/2604
f 2604/2480/2604 2635/2511/2635 2636/2512/2636 2605/2481/2605
f 2605/2481/2605 2636/2512/2636 2637/2513/2637 2606/2482/2606
f 2606/2482/2606 2637/2513/2637 2638/2514/2638 2607/2483/2607
f 2607/2483/2607 2638/2514/2638 2639/2515/2639 2608/2484/2608
f 2608/2484/2608 2639/2515/2639 2640/2516/2640 2609/2485/2609
f 2609/2485/2609 2640/2516/2640 2641/2517/2641 2610/2486/2610
f 2610/2486/2610 2641/2517/2641 2642/2518/2642 2611/2487/2611
f 2611/2487/2611 2642/2518/2642 2643/2519/2643 2612/2488/2612
f 2613/2489/2613 2644/2520/2644 2645/2521/2645 2614/2490/2614
f 2614/2490/2614 2645/2521/2645 2646/2522/2646 2615/2491/2615
f 2615/2491/2615 2646/2522/2646 2647/2523/2647 2616/2492/2616
f 2616/2492/2616 2647/2523/2647 2648/2524/2648 2617/2493/2617
f 2617/2493/2617 2648/2524/2648 2649/2525/2649 2618/2494/2618
f 2618/2494/2618 2649/2525/2649 2650/2526/2650 2619/2495/2619
f 2619/2495/2619 2650/2526/2650 2651/2527/2651 2620/2496/2620
f 2620/2496/2620 2651/2527/2651 2652/2528/2652 2621/2497/2621
f 2621/2497/2621 2652/2528/2652 2653/2529/2653 2622/2498/2622
f 2622/2498/2622 2653/2529/2653 2654/2530/2654 2623/2499/2623
f 2623/2499/2623 2654/2530/2654 2655/2531/2655 2624/2500/2624
f 2624/2500/2624 2655/2531/2655 2656/2532/2656 2625/2501/2625
f 2625/2501/2625 2656/2532/2656 2657/2533/2657 2626/2502/2626
f 2626/2502/2626 2657/2533/2657 2658/2534/2658 2627/2503/2627
f 2627/2503/2627 2658/2534/2658 2659/2535/2659 2628/2504/2628
f 2628/2504/2628 2659/2535/2659 2660/2536/2660 2629/2505/2629
f 2629/2505/2629 2660/2536/2660 2661/2537/2661 2630/2506/2630
f 2630/2506/2630 2661/2537/2661 2662/2538/2662 2631/2507/2631
f 2631/2507/2631 2662/2538/2662 2663/2539/2663 2632/2508/2632
f 2632/2508/2632 2663/2539/2663 2664/2540/2664 2633/2509/2633
f 2633/2509/2633 2664/2540/2664 2665/2541/2665 2634/2510/2634
f 2634/2510/2634 2665/2541/2665 2666/2542/2666 2635/2511/2635
f 2635/2511/2635 2666/2542/2666 2667/2543/2667 2636/2512/2636
f 2636/2512/2636 2667/2543/2667 2668/2544/2668 2637/2513/2637
f 2637/2513/2637 2668/2544/2668 2669/2545/2669 2638/2514/2638
f 2638/2514/2638 2669/2545/2669 2670/2546/2670 2639/2515/2639
f 2639/2515/2639 2670/2546/2670 2671/2547/2671 2640/2516/2640
f 2640/2516/2640 2671/2547/2671 2672/2548/2672 2641/2517/2641
f 2641/2517/2641 2672/2548/2672 2673/2549/2673 2642/2518/2642
f 2642/2518/2642 2673/2549/2673 2674/2550/2674 2643/2519/2643
f 2644/2520/2644 2675/2551/2675 2676/2552/2676 2645/2521/2645
f 2645/2521/2645 2676/2552/2676 2677/2553/2677 2646/2522/2646
f 2646/2522/2646 2677/2553/2677 2678/2554/2678 2647/2523/2647
f 2647/2523/2647 2678/2554/2678 2679/2555/2679 2648/2524/2648
f 2648/2524/2648 2679/2555/2679 2680/2556/2680 2649/2525/2649
f 2649/2525/2649 2680/2556/2680 2681/2557/2681 2650/2526/2650
f 2650/2526/2650 2681/2557/2681 2682/2558/2682 2651/2527/2651
f 2651/2527/2651 2682/2558/2682 2683/2559/2683 2652/2528/2652
f 2652/2528/2652 2683/2559/2683 2684/2560/2684 2653/2529/2653
f 2653/2529/2653 2684/2560/2684 2685/2561/2685 2654/2530/2654
f 2654/2530/2654 2685/2561/2685 2686/2562/2686 2655/2531/2655
f 2655/2531/2655 2686/2562/2686 2687/2563/2687 2656/2532/2656
f 2656/2532/2656 2687/2563/2687 2688/2564/2688 2657/2533/2657
f 2657/2533/2657 2688/2564/2688 2689/2565/2689 2658/2534/2658
f 2658/2534/2658 2689/2565/2689 2690/2566/2690 2659/2535/2659
f 2659/2535/2659 2690/2566/2690 2691/2567/2691 2660/2536/2660
f 2660/2536/2660 2691/2567/2691 2692/2568/2692 2661/2537/2661
f 2661/2537/2661 2692/2568/2692 2693/2569/2693 2662/2538/2662
f 2662/2538/2662 2693/2569/2693 2694/2570/2694 2663/2539/2663
f 2663/2539/2663 2694/2570/2694 2695/2571/2695 2664/2540/2664
f 2664/2540/2664 2695/2571/2695 2696/2572/2696 2665/2541/2665
f 2665/2541/2665 2696/2572/2696 2697/2573/2697 2666/2542/2666
f 2666/2542/2666 2697/2573/2697 2698/2574/2698 2667/2543/2667
f 2667/2543/2667 2698/2574/2698 2699/2575/2699 2668/2544/2668
f 2668/2544/2668 2699/2575/2699 2700/2576/2700 2669/2545/2669
f 2669/2545/2669 2700/2576/2700 2701/2577/2701 2670/2546/2670
f 2670/2546/2670 2701/2577/2701 2702/2578/2702 2671/2547/2671
f 2671/2547/2671 2702/2578/2702 2703/2579/2703 2672/2548/2672
f 2672/2548/2672 2703/2579/2703 2704/2580/2704 2673/2549/2673
f 2673/2549/2673 2704/2580/2704 2705/2581/2705 2674/2550/2674
f 2675/2551/2675 2706/2582/2706 2707/2583/2707 2676/2552/2676
f 2676/2552/2676 2707/2583/2707 2708/2584/2708 2677/2553/2677
f 2677/2553/2677 2708/2584/2708 2709/2585/2709 2678/2554/2678
f 2678/2554/2678 2709/2585/2709 2710/2586/2710 2679/2555/2679
f 2679/2555/2679 2710/2586/2710 2711/2587/2711 2680/2556/2680
f 2680/2556/2680 2711/2587/2711 2712/2588/2712 2681/2557/2681
f 2681/2557/2681 2712/2588/2712 2713/2589/2713 2682/2558/2682
f 2682/2558/2682 2713/2589/2713 2714/2590/2714 2683/2559/2683
f 2683/2559/2683 2714/2590/2714 2715/2591/2715 2684/2560/2684
f 2684/2560/2684 2715/2591/2715 2716/2592/2716 2685/2561/2685
f 2685/2561/2685 2716/2592/2716 2717/2593/2717 2686/2562/2686
f 2686/2562/2686 2717/2593/2717 2718/2594/2718 2687/2563/2687
f 2687/2563/2687 2718/2594/2718 2719/2595/2719 2688/2564/2688
f 2688/2564/2688 2719/2595/2719 2720/2596/2720 2689/2565/2689
f 2689/2565/2689 2720/2596/2720 2721/2597/2721 2690/2566/2690
f 2690/2566/2690 2721/2597/2721 2722/2598/2722 2691/2567/2691
f 2691/2567/2691 2722/2598/2722 2723/2599/2723 2692/2568/2692
f 2692/2568/2692 2723/2599/2723 2724/2600/2724 2693/2569/2693
f 2693/2569/2693 2724/2600/2724 2725/2601/2725 2694/2570/2694
f 2694/2570/2694 2725/2601/2725 2726/2602/2726 2695/2571/2695
f 2695/2571/2695 2726/2602/2726 2727/2603/2727 2696/2572/2696
f 2696/2572/2696 2727/2603/2727 2728/2604/2728 2697/2573/2697
f 2697/2573/2697 2728/2604/2728 2729/2605/2729 2698/2574/2698
f 2698/2574/2698 2729/2605/2729 2730/2606/2730 2699/2575/2699
f 2699/2575/2699 2730/2606/2730 2731/2607/2731 2700/2576/2700
f 2700/2576/2700 2731/2607/2731 2732/2608/2732 2701/2577/2701
f 2701/2577/2701 2732/2608/2732 2733/2609/2733 2702/2578/2702
f 2702/2578/2702 2733/2609/2733 2734/2610/2734 2703/2579/2703
f 2703/2579/2703 2734/2610/2734 2735/2611/2735 2704/2580/2704
f 2704/2580/2704 2735/2611/2735 2736/2612/2736 2705/2581/2705
f 2706/2582/2706 2737/2613/2737 2738/2614/2738 2707/2583/2707
f 2707/2583/2707 2738/2614/2738 2739/2615/2739 2708/2584/2708
f 2708/2584/2708 2739/2615/2739 2740/2616/2740 2709/2585/2709
f 2709/2585/2709 2740/2616/2740 2741/2617/2741 2710/2586/2710
f 2710/2586/2710 2741/2617/2741 2742/2618/2742 2711/2587/2711
f 2711/2587/2711 2742/2618/2742 2743/2619/2743 2712/2588/2712
f 2712/2588/2712 2743/2619/2743 2744/2620/2744 2713/2589/2713
f 2713/2589/2713 2744/2620/2744 2745/2621/2745 2714/2590/2714
f 2714/2590/2714 2745/2621/2745 2746/2622/2746 2715/2591/2715
f 2715/2591/2715 2746/2622/2746 2747/2623/2747 2716/2592/2716
f 2716/2592/2716 2747/2623/2747 2748/2624/2748 2717/2593/2717
f 2717/2593/2717 2748/2624/2748 2749/2625/2749 2718/2594/2718
f 2718/2594/2718 2749/2625/2749 2750/2626/2750 2719/2595/2719
f 2719/2595/2719 2750/2626/2750 2751/2627/2751 2720/2596/2720
f 2720/2596/2720 2751/2627/2751 2752/2628/2752 2721/2597/2721
f 2721/2597/2721 2752/2628/2752 2753/2629/2753 2722/2598/2722
f 2722/2598/2722 2753/2629/2753 2754/2630/2754 2723/2599/2723
f 2723/2599/2723 2754/2630/2754 2755/2631/2755 2724/2600/2724
f 2724/2600/2724 2755/2631/2755 2756/2632/2756 2725/2601/2725
f 2725/2601/2725 2756/2632/2756 2757/2633/2757 2726/2602/2726
f 2726/2602/2726 2757/2633/2757 2758/2634/2758 2727/2603/2727
f 2727/2603/2727 2758/2634/2758 2759/2635/2759 2728/2604/2728
f 2728/2604/2728 2759/2635/2759 2760/2636/2760 2729/2605/2729
f 2729/2605/2729 2760/2636/2760 2761/2637/2761 2730/2606/2730
f 2730/2606/2730 2761/2637/2761 2762/2638/2762 2731/2607/2731
f 2731/2607/2731 2762/2638/2762 2763/2639/2763 2732/2608/2732
f 2732/2608/2732 2763/2639/2763 2764/2640/2764 2733/2609/2733
f 2733/2609/2733 2764/2640/2764 2765/2641/2765 2734/2610/2734
f 2734/2610/2734 2765/2641/2765 2766/2642/2766 2735/2611/2735
f 2735/2611/2735 2766/2642/2766 2767/2643/2767 2736/2612/2736
f 2737/2613/2737 2768/2644/2768 2769/2645/2769 2738/2614/2738
f 2738/2614/2738 2769/2645/2769 2770/2646/2770 2739/2615/2739
f 2739/2615/2739 2770/2646/2770 2771/2647/2771 2740/2616/2740
f 2740/2616/2740 2771/2647/2771 2772/2648/2772 2741/2617/2741
f 2741/2617/2741 2772/2648/2772 2773/2649/2773 2742/2618/2742
f 2742/2618/2742 2773/2649/2773 2774/2650/2774 2743/2619/2743
f 2743/2619/2743 2774/2650/2774 2775/2651/2775 2744/2620/2744
f 2744/2620/2744 2775/2651/2775 2776/2652/2776 2745/2621/2745
f 2745/2621/2745 2776/2652/2776 2777/2653/2777 2746/2622/2746
f 2746/2622/2746 2777/2653/2777 2778/2654/2778 2747/2623/2747
f 2747/2623/2747 2778/2654/2778 2779/2655/2779 2748/2624/2748
f 2748/2624/2748 2779/2655/2779 2780/2656/2780 2749/2625/2749
f 2749/2625/2749 2780/2656/2780 2781/2657/2781 2750/2626/2750
f 2750/2626/2750 2781/2657/2781 2782/2658/2782 2751/2627/2751
f 2751/2627/2751 2782/2658/2782 2783/2659/2783 2752/2628/2752
f 2752/2628/2752 2783/2659/2783 2784/2660/2784 2753/2629/2753
f 2753/2629/2753 2784/2660/2784 2785/2661/2785 2754/2630/2754
f 2754/2630/2754 2785/2661/2785 2786/2662/2786 2755/2631/2755
f 2755/2631/2755 2786/2662/2786 2787/2663/2787 2756/2632/2756
f 2756/2632/2756 2787/2663/2787 2788/2664/2788 2757/2633/2757
f 2757/2633/2757 2788/2664/2788 2789/2665/2789 2758/2634/2758
f 2758/2634/2758 2789/2665/2789 2790/2666/2790 2759/2635/2759
f 2759/2635/2759 2790/2666/2790 2791/2667/2791 2760/2636/2760
f 2760/2636/2760 2791/2667/2791 2792/2668/2792 2761/2637/2761
f 2761/2637/2761 2792/2668/2792 2793/2669/2793 2762/2638/2762
f 2762/2638/2762 2793/2669/2793 2794/2670/2794 2763/2639/2763
f 2763/2639/2763 2794/2670/2794 2795/2671/2795 2764/2640/2764
f 2764/2640/2764 2795/2671/2795 2796/2672/2796 2765/2641/2765
f 2765/2641/2765 2796/2672/2796 2797/2673/2797 2766/2642/2766
f 2766/2642/2766 2797/2673/2797 2798/2674/2798 2767/2643/2767
f 2768/2644/2768 2799/2675/2799 2800/2676/2800 2769/2645/2769
f 2769/2645/2769 2800/2676/2800 2801/2677/2801 2770/2646/2770
f 2770/2646/2770 2801/2677/2801 2802/2678/2802 2771/2647/2771
f 2771/2647/2771 2802/2678/2802 2803/2679/2803 2772/2648/2772
f 2772/2648/2772 2803/2679/2803 2804/2680/2804 2773/2649/2773
f 2773/2649/2773 2804/2680/2804 2805/2681/2805 2774/2650/2774
f 2774/2650/2774 2805/2681/2805 2806/2682/2806 2775/2651/2775
f 2775/2651/2775 2806/2682/2806 2807/2683/2807 2776/2652/2776
f 2776/2652/2776 2807/2683/2807 2808/2684/2808 2777/2653/2777
f 2777/2653/2777 2808/2684/2808 2809/2685/2809 2778/2654/2778
f 2778/2654/2778 2809/2685/2809 2810/2686/2810 2779/2655/2779
f 2779/2655/2779 2810/2686/2810 2811/2687/2811 2780/2656/2780
f 2780/2656/2780 2811/2687/2811 2812/2688/2812 2781/2657/2781
f 2781/2657/2781 2812/2688/2812 2813/2689/2813 2782/2658/2782
f 2782/2658/2782 2813/2689/2813 2814/2690/2814 2783/2659/2783
f 2783/2659/2783 2814/2690/2814 2815/2691/2815 2784/2660/2784
f 2784/2660/2784 2815/2691/2815 2816/2692/2816 2785/2661/2785
f 2785/2661/2785 2816/2692/2816 2817/2693/2817 2786/2662/2786
f 2786/2662/2786 2817/2693/2817 2818/2694/2818 2787/2663/2787
f 2787/2663/2787 2818/2694/2818 2819/2695/2819 2788/2664/2788
f 2788/2664/2788 2819/2695/2819 2820/2696/2820 2789/2665/2789
f 2789/2665/2789 2820/2696/2820 2821/2697/2821 2790/2666/2790
f 2790/2666/2790 2821/2697/2821 2822/2698/2822 2791/2667/2791
f 2791/2667/2791 2822/2698/2822 2823/2699/2823 2792/2668/2792
f 2792/2668/2792 2823/2699/2823 2824/2700/2824 2793/2669/2793
f 2793/2669/2793 2824/2700/2824 2825/2701/2825 2794/2670/2794
f 2794/2670/2794 2825/2701/2825 2826/2702/2826 2795/2671/2795
f 2795/2671/2795 2826/2702/2826 2827/2703/2827 2796/2672/2796
f 2796/2672/2796 2827/2703/2827 2828/2704/2828 2797/2673/2797
f 2797/2673/2797 2828/2704/2828 2829/2705/2829 2798/2674/2798
f 2799/2675/2799 2830/2706/2830 2831/2707/2831 2800/2676/2800
f 2800/2676/2800 2831/2707/2831 2832/2708/2832 2801/2677/2801
f 2801/2677/2801 2832/2708/2832 2833/2709/2833 2802/2678/2802
f 2802/2678/2802 2833/2709/2833 2834/2710/2834 2803/2679/2803
f 2803/2679/2803 2834/2710/2834 2835/2711/2835 2804/2680/2804
f 2804/2680/2804 2835/2711/2835 2836/2712/2836 2805/2681/2805
f 2805/2681/2805 2836/2712/2836 2837/2713/2837 2806/2682/2806
f 2806/2682/2806 2837/2713/2837 2838/2714/2838 2807/2683/2807
f 2807/2683/2807 2838/2714/2838 2839/2715/2839 2808/2684/2808
f 2808/2684/2808 2839/2715/2839 2840/2716/2840 2809/2685/2809
f 2809/2685/2809 2840/2716/2840 2841/2717/2841 2810/2686/2810
f 2810/2686/2810 2841/2717/2841 2842/2718/2842 2811/2687/2811
f 2811/2687/2811 2842/2718/2842 2843/2719/2843 2812/2688/2812
f 2812/2688/2812 2843/2719/2843 2844/2720/2844 2813/2689/2813
f 2813/2689/2813 2844/2720/2844 2845/2721/2845 2814/2690/2814
f 2814/2690/2814 2845/2721/2845 2846/2722/2846 2815/2691/2815
f 2815/2691/2815 2846/2722/2846 2847/2723/2847 2816/2692/2816
f 2816/2692/2816 2847/2723/2847 2848/2724/2848 2817/2693/2817
f 2817/2693/2817 2848/2724/2848 2849/2725/2849 2818/2694/2818
f 2818/2694/2818 2849/2725/2849 2850/2726/2850 2819/2695/2819
f 2819/2695/2819 2850/2726/2850 2851/2727/2851 2820/2696/2820
f 2820/2696/2820 2851/2727/2851 2852/2728/2852 2821/2697/2821
f 2821/2697/2821 2852/2728/2852 2853/2729/2853 2822/2698/2822
f 2822/2698/2822 2853/2729/2853 2854/2730/2854 2823/2699/2823
f 2823/2699/2823 2854/2730/2854 2855/2731/2855 2824/2700/2824
f 2824/2700/2824 2855/2731/2855 2856/2732/2856 2825/2701/2825
f 2825/2701/2825 2856/2732/2856 2857/2733/2857 2826/2702/2826
f 2826/2702/2826 2857/2733/2857 2858/2734/2858 2827/2703/2827
f 2827/2703/2827 2858/2734/2858 2859/2735/2859 2828/2704/2828
f 2828/2704/2828 2859/2735/2859 2860/2736/2860 2829/2705/2829
f 2830/2706/2830 2861/2737/2861 2862/2738/2862 2831/2707/2831
f 2831/2707/2831 2862/2738/2862 2863/2739/2863 2832/2708/2832
f 2832/2708/2832 2863/2739/2863 2864/2740/2864 2833/2709/2833
f 2833/2709/2833 2864/2740/2864 2865/2741/2865 2834/2710/2834
f 2834/2710/2834 2865/2741/2865 2866/2742/2866 2835/2711/2835
f 2835/2711/2835 2866/2742/2866 2867/2743/2867 2836/2712/2836
f 2836/2712/2836 2867/2743/2867 2868/2744/2868 2837/2713/2837
f 2837/2713/2837 2868/2744/2868 2869/2745/2869 2838/2714/2838
f 2838/2714/2838 2869/2745/2869 2870/2746/2870 2839/2715/2839
f 2839/2715/2839 2870/2746/2870 2871/2747/2871 2840/2716/2840
f 2840/2716/2840 2871/2747/2871 2872/2748/2872 2841/2717/2841
f 2841/2717/2841 2872/2748/2872 2873/2749/2873 2842/2718/2842
f 2842/2718/2842 2873/2749/2873 2874/2750/2874 2843/2719/2843
f 2843/2719/2843 2874/2750/2874 2875/2751/2875 2844/2720/2844
f 2844/2720/2844 2875/2751/2875 2876/2752/2876 2845/2721/2845
f 2845/2721/2845 2876/2752/2876 2877/2753/2877 2846/2722/2846
f 2846/2722/2846 2877/2753/2877 2878/2754/2878 2847/2723/2847
f 2847/2723/2847 2878/2754/2878 2879/2755/2879 2848/2724/2848
f 2848/2724/2848 2879/2755/2879 2880/2756/2880 2849/2725/2849
f 2849/2725/2849 2880/2756/2880 2881/2757/2881 2850/2726/2850
f 2850/2726/2850 2881/2757/2881 2882/2758/2882 2851/2727/2851
f 2851/2727/2851 2882/2758/2882 2883/2759/2883 2852/2728/2852
f 2852/2728/2852 2883/2759/2883 2884/2760/2884 2853/2729/2853
f 2853/2729/2853 2884/2760/2884 2885/2761/2885 2854/2730/2854
f 2854/2730/2854 2885/2761/2885 2886/2762/2886 2855/2731/2855
f 2855/2731/2855 2886/2762/2886 2887/2763/2887 2856/2732/2856
f 2856/2732/2856 2887/2763/2887 2888/2764/2888 2857/2733/2857
f 2857/2733/2857 2888/2764/2888 2889/2765/2889 2858/2734/2858
f 2858/2734/2858 2889/2765/2889 2890/2766/2890 2859/2735/2859
f 2859/2735/2859 2890/2766/2890 2891/2767/2891 2860/2736/2860
f 2861/2737/2861 2892/2768/2892 2893/2769/2893 2862/2738/2862
f 2862/2738/2862 2893/2769/2893 2894/2770/2894 2863/2739/2863
f 2863/2739/2863 2894/2770/2894 2895/2771/2895 2864/2740/2864
f 2864/2740/2864 2895/2771/2895 2896/2772/2896 2865/2741/2865
f 2865/2741/2865 2896/2772/2896 2897/2773/2897 2866/2742/2866
f 2866/2742/2866 2897/2773/2897 2898/2774/2898 2867/2743/2867
f 2867/2743/2867 2898/2774/2898 2899/2775/2899 2868/2744/2868
f 2868/2744/2868 2899/2775/2899 2900/2776/2900 2869/2745/2869
f 2869/2745/2869 2900/2776/2900 2901/2777/2901 2870/2746/2870
f 2870/2746/2870 2901/2777/2901 2902/2778/2902 2871/2747/2871
f 2871/2747/2871 2902/2778/2902 2903/2779/2903 2872/2748/2872
f 2872/2748/2872 2903/2779/2903 2904/2780/2904 2873/2749/2873
f 2873/2749/2873 2904/2780/2904 2905/2781/2905 2874/2750/2874
f 2874/2750/2874 2905/2781/2905 2906/2782/2906 2875/2751/2875
f 2875/2751/2875 2906/2782/2906 2907/2783/2907 2876/2752/2876
f 2876/2752/2876 2907/2783/2907 2908/2784/2908 2877/2753/2877
f 2877/2753/2877 2908/2784/2908 2909/2785/2909 2878/2754/2878
f 2878/2754/2878 2909/2785/2909 2910/2786/2910 2879/2755/2879
f 2879/2755/2879 2910/2786/2910 2911/2787/2911 2880/2756/2880
f 2880/2756/2880 2911/2787/2911 2912/2788/2912 2881/2757/2881
f 2881/2757/2881 2912/2788/2912 2913/2789/2913 2882/2758/2882
f 2882/2758/2882 2913/2789/2913 2914/2790/2914 2883/2759/2883
f 2883/2759/2883 2914/2790/2914 2915/2791/2915 2884/2760/2884
f 2884/2760/2884 2915/2791/2915 2916/2792/2916 2885/2761/2885
f 2885/2761/2885 2916/2792/2916 2917/2793/2917 2886/2762/2886
f 2886/2762/2886 2917/2793/2917 2918/2794/2918 2887/2763/2887
f 2887/2763/2887 2918/2794/2918 2919/2795/2919 2888/2764/2888
f 2888/2764/2888 2919/2795/2919 2920/2796/2920 2889/2765/2889
f 2889/2765/2889 2920/2796/2920 2921/2797/2921 2890/2766/2890
f 2890/2766/2890 2921/2797/2921 2922/2798/2922 2891/2767/2891
f 2892/2768/2892 2923/2799/2923 2924/2800/2924 2893/2769/2893
f 2893/2769/2893 2924/2800/2924 2925/2801/2925 2894/2770/2894
f 2894/2770/2894 2925/2801/2925 2926/2802/2926 2895/2771/2895
f 2895/2771/2895 2926/2802/2926 2927/2803/2927 2896/2772/2896
f 2896/2772/2896 2927/2803/2927 2928/2804/2928 2897/2773/2897
f 2897/2773/2897 2928/2804/2928 2929/2805/2929 2898/2774/2898
f 2898/2774/2898 2929/2805/2929 2930/2806/2930 2899/2775/2899
f 2899/2775/2899 2930/2806/2930 2931/2807/2931 2900/2776/2900
f 2900/2776/2900 2931/2807/2931 2932/2808/2932 2901/2777/2901
f 2901/2777/2901 2932/2808/2932 2933/2809/2933 2902/2778/2902
f 2902/2778/2902 2933/2809/2933 2934/2810/2934 2903/2779/2903
f 2903/2779/2903 2934/2810/2934 2935/2811/2935 2904/2780/2904
f 2904/2780/2904 2935/2811/2935 2936/2812/2936 2905/2781/2905
f 2905/2781/2905 2936/2812/2936 2937/2813/2937 2906/2782/2906
f 2906/2782/2906 2937/2813/2937 2938/2814/2938 2907/2783/2907
f 2907/2783/2907 2938/2814/2938 2939/2815/2939 2908/2784/2908
f 2908/2784/2908 2939/2815/2939 2940/2816/2940 2909/2785/2909
f 2909/2785/2909 2940/2816/2940 2941/2817/2941 2910/2786/2910
f 2910/2786/2910 2941/2817/2941 2942/2818/2942 2911/2787/2911
f 2911/2787/2911 2942/2818/2942 2943/2819/2943 2912/2788/2912
f 2912/2788/2912 2943/2819/2943 2944/2820/2944 2913/2789/2913
f 2913/2789/2913 2944/2820/2944 2945/2821/2945 2914/2790/2914
f 2914/2790/2914 2945/2821/2945 2946/2822/2946 2915/2791/2915
f 2915/2791/2915 2946/2822/2946 2947/2823/2947 2916/2792/2916
f 2916/2792/2916 2947/2823/2947 2948/2824/2948 2917/2793/2917
f 2917/2793/2917 2948/2824/2948 2949/2825/2949 2918/2794/2918
f 2918/2794/2918 2949/2825/2949 2950/2826/2950 2919/2795/2919
f 2919/2795/2919 2950/2826/2950 2951/2827/2951 2920/2796/2920
f 2920/2796/2920 2951/2827/2951 2952/2828/2952 2921/2797/2921
f 2921/2797/2921 2952/2828/2952 2953/2829/2953 2922/2798/2922
f 2923/2799/2923 2954/2830/2954 2955/2831/2955 2924/2800/2924
f 2924/2800/2924 2955/2831/2955 2956/2832/2956 2925/2801/2925
f 2925/2801/2925 2956/2832/2956 2957/2833/2957 2926/2802/2926
f 2926/2802/2926 2957/2833/2957 2958/2834/2958 2927/2803/2927
f 2927/2803/2927 2958/2834/2958 2959/2835/2959 2928/2804/2928
f 2928/2804/2928 2959/2835/2959 2960/2836/2960 2929/2805/2929
f 2929/2805/2929 2960/2836/2960 2961/2837/2961 2930/2806/2930
f 2930/2806/2930 2961/2837/2961 2962/2838/2962 2931/2807/2931
f 2931/2807/2931 2962/2838/2962 2963/2839/2963 2932/2808/2932
f 2932/2808/2932 2963/2839/2963 2964/2840/2964 2933/2809/2933
f 2933/2809/2933 2964/2840/2964 2965/2841/2965 2934/2810/2934
f 2934/2810/2934 2965/2841/2965 2966/2842/2966 2935/2811/2935
f 2935/2811/2935 2966/2842/2966 2967/2843/2967 2936/2812/2936
f 2936/2812/2936 2967/2843/2967 2968/2844/2968 2937/2813/2937
f 2937/2813/2937 2968/2844/2968 2969/2845/2969 2938/2814/2938
f 2938/2814/2938 2969/2845/2969 2970/2846/2970 2939/2815/2939
f 2939/2815/2939 2970/2846/2970 2971/2847/2971 2940/2816/2940
f 2940/2816/2940 2971/2847/2971 2972/2848/2972 2941/2817/2941
f 2941/2817/2941 2972/2848/2972 2973/2849/2973 2942/2818/2942
f 2942/2818/2942 2973/2849/2973 2974/2850/2974 2943/2819/2943
f 2943/2819/2943 2974/2850/2974 2975/2851/2975 2944/2820/2944
f 2944/2820/2944 2975/2851/2975 2976/2852/2976 2945/2821/2945
f 2945/2821/2945 2976/2852/2976 2977/2853/2977 2946/2822/2946
f 2946/2822/2946 2977/2853/2977 2978/2854/2978 2947/2823/2947
f 2947/2823/2947 2978/2854/2978 2979/2855/2979 2948/2824/2948
f 2948/2824/2948 2979/2855/2979 2980/2856/2980 2949/2825/2949
f 2949/2825/2949 2980/2856/2980 2981/2857/2981 2950/2826/2950
f 2950/2826/2950 2981/2857/2981 2982/2858/2982 2951/2827/2951
f 2951/2827/2951 2982/2858/2982 2983/2859/2983 2952/2828/2952
f 2952/2828/2952 2983/2859/2983 2984/2860/2984 2953/2829/2953
f 2954/2830/2954 2985/2861/2985 2986/2862/2986 2955/2831/2955
f 2955/2831/2955 2986/2862/2986 2987/2863/2987 2956/2832/2956
f 2956/2832/2956 2987/2863/2987 2988/2864/2988 2957/2833/2957
f 2957/2833/2957 2988/2864/2988 2989/2865/2989 2958/2834/2958
f 2958/2834/2958 2989/2865/2989 2990/2866/2990 2959/2835/2959
f 2959/2835/2959 2990/2866/2990 2991/2867/2991 2960/2836/2960
f 2960/2836/2960 2991/2867/2991 2992/2868/2992 2961/2837/2961
f 2961/2837/2961 2992/2868/2992 2993/2869/2993 2962/2838/2962
f 2962/2838/2962 2993/2869/2993 2994/2870/2994 2963/2839/2963
f 2963/2839/2963 2994/2870/2994 2995/2871/2995 2964/2840/2964
f 2964/2840/2964 2995/2871/2995 2996/2872/2996 2965/2841/2965
f 2965/2841/2965 2996/2872/2996 2997/2873/2997 2966/2842/2966
f 2966/2842/2966 2997/2873/2997 2998/2874/2998 2967/2843/2967
f 2967/2843/2967 2998/2874/2998 2999/2875/2999 2968/2844/2968
f 2968/2844/2968 2999/2875/2999 3000/2876/3000 2969/2845/2969
f 2969/2845/2969 3000/2876/3000 3001/2877/3001 2970/2846/2970
f 2970/2846/2970 3001/2877/3001 3002/2878/3002 2971/2847/2971
f 2971/2847/2971 3002/2878/3002 3003/2879/3003 2972/2848/2972
f 2972/2848/2972 3003/2879/3003 3004/2880/3004 2973/2849/2973
f 2973/2849/2973 3004/2880/3004 3005/2881/3005 2974/2850/2974
f 2974/2850/2974 3005/2881/3005 3006/2882/3006 2975/2851/2975
f 2975/2851/2975 3006/2882/3006 3007/2883/3007 2976/2852/2976
f 2976/2852/2976 3007/2883/3007 3008/2884/3008 2977/2853/2977
f 2977/2853/2977 3008/2884/3008 3009/2885/3009 2978/2854/2978
f 2978/2854/2978 3009/2885/3009 3010/2886/3010 2979/2855/2979
f 2979/2855/2979 3010/2886/3010 3011/2887/3011 2980/2856/2980
f 2980/2856/2980 3011/2887/3011 3012/2888/3012 2981/2857/2981
f 2981/2857/2981 3012/2888/3012 3013/2889/3013 2982/2858/2982
f 2982/2858/2982 3013/2889/3013 3014/2890/3014 2983/2859/2983
f 2983/2859/2983 3014/2890/3014 3015/2891/3015 2984/2860/2984
f 2985/2861/2985 3016/2892/3016 3017/2893/3017 2986/2862/2986
f 2986/2862/2986 3017/2893/3017 3018/2894/3018 2987/2863/2987
f 2987/2863/2987 3018/2894/3018 3019/2895/3019 2988/2864/2988
f 2988/2864/2988 3019/2895/3019 3020/2896/3020 2989/2865/2989
f 2989/2865/2989 3020/2896/3020 3021/2897/3021 2990/2866/2990
f 2990/2866/2990 3021/2897/3021 3022/2898/3022 2991/2867/2991
f 2991/2867/2991 3022/2898/3022 3023/2899/3023 2992/2868/2992
f 2992/2868/2992 3023/2899/3023 3024/2900/3024 2993/2869/2993
f 2993/2869/2993 3024/2900/3024 3025/2901/3025 2994/2870/2994
f 2994/2870/2994 3025/2901/3025 3026/2902/3026 2995/2871/2995
f 2995/2871/2995 3026/2902/3026 3027/2903/3027 2996/2872/2996
f 2996/2872/2996 3027/2903/3027 3028/2904/3028 2997/2873/2997
f 2997/2873/2997 3028/2904/3028 3029/2905/3029 2998/2874/2998
f 2998/2874/2998 3029/2905/3029 3030/2906/3030 2999/2875/2999
f 2999/2875/2999 3030/2906/3030 3031/2907/3031 3000/2876/3000
f 3000/2876/3000 3031/2907/3031 3032/2908/3032 3001/2877/3001
f 3001/2877/3001 3032/2908/3032 3033/2909/3033 3002/2878/3002
f 3002/2878/3002 3033/2909/3033 3034/2910/3034 3003/2879/3003
f 3003/2879/3003 3034/2910/3034 3035/2911/3035 3004/2880/3004
f 3004/2880/3004 3035/2911/3035 3036/2912/3036 3005/2881/3005
f 3005/2881/3005 3036/2912/3036 3037/2913/3037 3006/2882/3006
f 3006/2882/3006 3037/2913/3037 3038/2914/3038 3007/2883/3007
f 3007/2883/3007 3038/2914/3038 3039/2915/3039 3008/2884/3008
f 3008/2884/3008 3039/2915/3039 3040/2916/3040 3009/2885/3009
f 3009/2885/3009 3040/2916/3040 3041/2917/3041 3010/2886/3010
f 3010/2886/3010 3041/2917/3041 3042/2918/3042 3011/2887/3011
f 3011/2887/3011 3042/2918/3042 3043/2919/3043 3012/2888/3012
f 3012/2888/3012 3043/2919/3043 3044/2920/3044 3013/2889/3013
f 3013/2889/3013 3044/2920/3044 3045/2921/3045 3014/2890/3014
f 3014/2890/3014 3045/2921/3045 3046/2922/3046 3015/2891/3015
f 3016/2892/3016 3047/2923/3047 3048/2924/3048 3017/2893/3017
f 3017/2893/3017 3048/2924/3048 3049/2925/3049 3018/2894/3018
f 3018/2894/3018 3049/2925/3049 3050/2926/3050 3019/2895/3019
f 3019/2895/3019 3050/2926/3050 3051/2927/3051 3020/2896/3020
f 3020/2896/3020 3051/2927/3051 3052/2928/3052 3021/2897/3021
f 3021/2897/3021 3052/2928/3052 3053/2929/3053 3022/2898/3022
f 3022/2898/3022 3053/2929/3053 3054/2930/3054 3023/2899/3023
f 3023/2899/3023 3054/2930/3054 3055/2931/3055 3024/2900/3024
f 3024/2900/3024 3055/2931/3055 3056/2932/3056 3025/2901/3025
f 3025/2901/3025 3056/2932/3056 3057/2933/3057 3026/2902/3026
f 3026/2902/3026 3057/2933/3057 3058/2934/3058 3027/2903/3027
f 3027/2903/3027 3058/2934/3058 3059/2935/3059 3028/2904/3028
f 3028/2904/3028 3059/2935/3059 3060/2936/3060 3029/2905/3029
f 3029/2905/3029 3060/2936/3060 3061/2937/3061 3030/2906/3030
f 3030/2906/3030 3061/2937/3061 3062/2938/3062 3031/2907/3031
f 3031/2907/3031 3062/2938/3062 3063/2939/3063 3032/2908/3032
f 3032/2908/3032 3063/2939/3063 3064/2940/3064 3033/2909/3033
f 3033/2909/3033 3064/2940/3064 3065/2941/3065 3034/2910/3034
f 3034/2910/3034 3065/2941/3065 3066/2942/3066 3035/2911/3035
f 3035/2911/3035 3066/2942/3066 3067/2943/3067 3036/2912/3036
f 3036/2912/3036 3067/2943/3067 3068/2944/3068 3037/2913/3037
f 3037/2913/3037 3068/2944/3068 3069/2945/3069 3038/2914/3038
f 3038/2914/3038 3069/2945/3069 3070/2946/3070 3039/2915/3039
f 3039/2915/3039 3070/2946/3070 3071/2947/3071 3040/2916/3040
f 3040/2916/3040 3071/2947/3071 3072/2948/3072 3041/2917/3041
f 3041/2917/3041 3072/2948/3072 3073/2949/3073 3042/2918/3042
f 3042/2918/3042 3073/2949/3073 3074/2950/3074 3043/2919/3043
f 3043/2919/3043 3074/2950/3074 3075/2951/3075 3044/2920/3044
f 3044/2920/3044 3075/2951/3075 3076/2952/3076 3045/2921/3045
f 3045/2921/3045 3076/2952/3076 3077/2953/3077 3046/2922/3046
f 3047/2923/3047 3078/2954/3078 3079/2955/3079 3048/2924/3048
f 3048/2924/3048 3079/2955/3079 3080/2956/3080 3049/2925/3049
f 3049/2925/3049 3080/2956/3080 3081/2957/3081 3050/2926/3050
f 3050/2926/3050 3081/2957/3081 3082/2958/3082 3051/2927/3051
f 3051/2927/3051 3082/2958/3082 3083/2959/3083 3052/2928/3052
f 3052/2928/3052 3083/2959/3083 3084/2960/3084 3053/2929/3053
f 3053/2929/3053 3084/2960/3084 3085/2961/3085 3054/2930/3054
f 3054/2930/3054 3085/2961/3085 3086/2962/3086 3055/2931/3055
f 3055/2931/3055 3086/2962/3086 3087/2963/3087 3056/2932/3056
f 3056/2932/3056 3087/2963/3087 3088/2964/3088 3057/2933/3057
f 3057/2933/3057 3088/2964/3088 3089/2965/3089 3058/2934/3058
f 3058/2934/3058 3089/2965/3089 3090/2966/3090 3059/2935/3059
f 3059/2935/3059 3090/2966/3090 3091/2967/3091 3060/2936/3060
f 3060/2936/3060 3091/2967/3091 3092/2968/3092 3061/2937/3061
f 3061/2937/3061 3092/2968/3092 3093/2969/3093 3062/2938/3062
f 3062/2938/3062 3093/2969/3093 3094/2970/3094 3063/2939/3063
f 3063/2939/3063 3094/2970/3094 3095/2971/3095 3064/2940/3064
f 3064/2940/3064 3095/2971/3095 3096/2972/3096 3065/2941/3065
f 3065/2941/3065 3096/2972/3096 3097/2973/3097 3066/2942/3066
f 3066/2942/3066 3097/2973/3097 3098/2974/3098 3067/2943/3067
f 3067/2943/3067 3098/2974/3098 3099/2975/3099 3068/2944/3068
f 3068/2944/3068 3099/2975/3099 3100/2976/3100 3069/2945/3069
f 3069/2945/3069 3100/2976/3100 3101/2977/3101 3070/2946/3070
f 3070/2946/3070 3101/2977/3101 3102/2978/3102 3071/2947/3071
f 3071/2947/3071 3102/2978/3102 3103/2979/3103 3072/2948/3072
f 3072/2948/3072 3103/2979/3103 3104/2980/3104 3073/2949/3073
f 3073/2949/3073 3104/2980/3104 3105/2981/3105 3074/2950/3074
f 3074/2950/3074 3105/2981/3105 3106/2982/3106 3075/2951/3075
f 3075/2951/3075 3106/2982/3106 3107/2983/3107 3076/2952/3076
f 3076/2952/3076 3107/2983/3107 3108/2984/3108 3077/2953/3077
f 3078/2954/3078 3109/2985/3109 3110/2986/3110 3079/2955/3079
f 3079/2955/3079 3110/2986/3110 3111/2987/3111 3080/2956/3080
f 3080/2956/3080 3111/2987/3111 3112/2988/3112 3081/2957/3081
f 3081/2957/3081 3112/2988/3112 3113/2989/3113 3082/2958/3082
f 3082/2958/3082 3113/2989/3113 3114/2990/3114 3083/2959/3083
f 3083/2959/3083 3114/2990/3114 3115/2991/3115 3084/2960/3084
f 3084/2960/3084 3115/2991/3115 3116/2992/3116 3085/2961/3085
f 3085/2961/3085 3116/2992/3116 3117/2993/3117 3086/2962/3086
f 3086/2962/3086 3117/2993/3117 3118/2994/3118 3087/2963/3087
f 3087/2963/3087 3118/2994/3118 3119/2995/3119 3088/2964/3088
f 3088/2964/3088 3119/2995/3119 3120/2996/3120 3089/2965/3089
f 3089/2965/3089 3120/2996/3120 3121/2997/3121 3090/2966/3090
f 3090/2966/3090 3121/2997/3121 3122/2998/3122 3091/2967/3091
f 3091/2967/3091 3122/2998/3122 3123/2999/3123 3092/2968/3092
f 3092/2968/3092 3123/2999/3123 3124/3000/3124 3093/2969/3093
f 3093/2969/3093 3124/3000/3124 3125/3001/3125 3094/2970/3094
f 3094/2970/3094 3125/3001/3125 3126/3002/3126 3095/2971/3095
f 3095/2971/3095 3126/3002/3126 3127/3003/3127 3096/2972/3096
f 3096/2972/3096 3127/3003/3127 3128/3004/3128 3097/2973/3097
f 3097/2973/3097 3128/3004/3128 3129/3005/3129 3098/2974/3098
f 3098/2974/3098 3129/3005/3129 3130/3006/3130 3099/2975/3099
f 3099/2975/3099 3130/3006/3130 3131/3007/3131 3100/2976/3100
f 3100/2976/3100 3131/3007/3131 3132/3008/3132 3101/2977/3101
f 3101/2977/3101 3132/3008/3132 3133/3009/3133 3102/2978/3102
f 3102/2978/3102 3133/3009/3133 3134/3010/3134 3103/2979/3103
f 3103/2979/3103 3134/3010/3134 3135/3011/3135 3104/2980/3104
f 3104/2980/3104 3135/3011/3135 3136/3012/3136 3105/2981/3105
f 3105/2981/3105 3136/3012/3136 3137/3013/3137 3106/2982/3106
f 3106/2982/3106 3137/3013/3137 3138/3014/3138 3107/2983/3107
f 3107/2983/3107 3138/3014/3138 3139/3015/3139 3108/2984/3108
f 3109/2985/3109 3140/3016/3140 3141/3017/3141 3110/2986/3110
f 3110/2986/3110 3141/3017/3141 3142/3018/3142 3111/2987/3111
f 3111/2987/3111 3142/3018/3142 3143/3019/3143 3112/2988/3112
f 3112/2988/3112 3143/3019/3143 3144/3020/3144 3113/2989/3113
f 3113/2989/3113 3144/3020/3144 3145/3021/3145 3114/2990/3114
f 3114/2990/3114 3145/3021/3145 3146/3022/3146 3115/2991/3115
f 3115/2991/3115 3146/3022/3146 3147/3023/3147 3116/2992/3116
f 3116/2992/3116 3147/3023/3147 3148/3024/3148 3117/2993/3117
f 3117/2993/3117 3148/3024/3148 3149/3025/3149 3118/2994/3118
f 3118/2994/3118 3149/3025/3149 3150/3026/3150 3119/2995/3119
f 3119/2995/3119 3150/3026/3150 3151/3027/3151 3120/2996/3120
f 3120/2996/3120 3151/3027/3151 3152/3028/3152 3121/2997/3121
f 3121/2997/3121 3152/3028/3152 3153/3029/3153 3122/2998/3122
f 3122/2998/3122 3153/3029/3153 3154/3030/3154 3123/2999/3123
f 3123/2999/3123 3154/3030/3154 3155/3031/3155 3124/3000/3124
f 3124/3000/3124 3155/3031/3155 3156/3032/3156 3125/3001/3125
f 3125/3001/3125 3156/3032/3156 3157/3033/3157 3126/3002/3126
f 3126/3002/3126 3157/3033/3157 3158/3034/3158 3127/3003/3127
f 3127/3003/3127 3158/3034/3158 3159/3035/3159 3128/3004/3128
f 3128/3004/3128 3159/3035/3159 3160/3036/3160 3129/3005/3129
f 3129/3005/3129 3160/3036/3160 3161/3037/3161 3130/3006/3130
f 3130/3006/3130 3161/3037/3161 3162/3038/3162 3131/3007/3131
f 3131/3007/3131 3162/3038/3162 3163/3039/3163 3132/3008/3132
f 3132/3008/3132 3163/3039/3163 3164/3040/3164 3133/3009/3133
f 3133/3009/3133 3164/3040/3164 3165/3041/3165 3134/3010/3134
f 3134/3010/3134 3165/3041/3165 3166/3042/3166 3135/3011/3135
f 3135/3011/3135 3166/3042/3166 3167/3043/3167 3136/3012/3136
f 3136/3012/3136 3167/3043/3167 3168/3044/3168 3137/3013/3137
f 3137/3013/3137 3168/3044/3168 3169/3045/3169 3138/3014/3138
f 3138/3014/3138 3169/3045/3169 3170/3046/3170 3139/3015/3139
f 3140/3016/3140 3171/3047/3171 3172/3048/3172 3141/3017/3141
f 3141/3017/3141 3172/3048/3172 3173/3049/3173 3142/3018/3142
f 3142/3018/3142 3173/3049/3173 3174/3050/3174 3143/3019/3143
f 3143/3019/3143 3174/3050/3174 3175/3051/3175 3144/3020/3144
f 3144/3020/3144 3175/3051/3175 3176/3052/3176 3145/3021/3145
f 3145/3021/3145 3176/3052/3176 3177/3053/3177 3146/3022/3146
f 3146/3022/3146 3177/3053/3177 3178/3054/3178 3147/3023/3147
f 3147/3023/3147 3178/3054/3178 3179/3055/3179 3148/3024/3148
f 3148/3024/3148 3179/3055/3179 3180/3056/3180 3149/3025/3149
f 3149/3025/3149 3180/3056/3180 3181/3057/3181 3150/3026/3150
f 3150/3026/3150 3181/3057/3181 3182/3058/3182 3151/3027/3151
f 3151/3027/3151 3182/3058/3182 3183/3059/3183 3152/3028/3152
f 3152/3028/3152 3183/3059/3183 3184/3060/3184 3153/3029/3153
f 3153/3029/3153 3184/3060/3184 3185/3061/3185 3154/3030/3154
f 3154/3030/3154 3185/3061/3185 3186/3062/3186 3155/3031/3155
f 3155/3031/3155 3186/3062/3186 3187/3063/3187 3156/3032/3156
f 3156/3032/3156 3187/3063/3187 3188/3064/3188 3157/3033/3157
f 3157/3033/3157 3188/3064/3188 3189/3065/3189 3158/3034/3158
f 3158/3034/3158 3189/3065/3189 3190/3066/3190 3159/3035/3159
f 3159/3035/3159 3190/3066/3190 3191/3067/3191 3160/3036/3160
f 3160/3036/3160 3191/3067/3191 3192/3068/3192 3161/3037/3161
f 3161/3037/3161 3192/3068/3192 3193/3069/3193 3162/3038/3162
f 3162/3038/3162 3193/3069/3193 3194/3070/3194 3163/3039/3163
f 3163/3039/3163 3194/3070/3194 3195/3071/3195 3164/3040/3164
f 3164/3040/3164 3195/3071/3195 3196/3072/3196 3165/3041/3165
f 3165/3041/3165 3196/3072/3196 3197/3073/3197 3166/3042/3166
f 3166/3042/3166 3197/3073/3197 3198/3074/3198 3167/3043/3167
f 3167/3043/3167 3198/3074/3198 3199/3075/3199 3168/3044/3168
f 3168/3044/3168 3199/3075/3199 3200/3076/3200 3169/3045/3169
f 3169/3045/3169 3200/3076/3200 3201/3077/3201 3170/3046/3170
f 3171/3047/3171 3202/3078/3202 3203/3079/3203 3172/3048/3172
f 3172/3048/3172 3203/3079/3203 3204/3080/3204 3173/3049/3173
f 3173/3049/3173 3204/3080/3204 3205/3081/3205 3174/3050/3174
f 3174/3050/3174 3205/3081/3205 3206/3082/3206 3175/3051/3175
f 3175/3051/3175 3206/3082/3206 3207/3083/3207 3176/3052/3176
f 3176/3052/3176 3207/3083/3207 3208/3084/3208 3177/3053/3177
f 3177/3053/3177 3208/3084/3208 3209/3085/3209 3178/3054/3178
f 3178/3054/3178 3209/3085/3209 3210/3086/3210 3179/3055/3179
f 3179/3055/3179 3210/3086/3210 3211/3087/3211 3180/3056/3180
f 3180/3056/3180 3211/3087/3211 3212/3088/3212 3181/3057/3181
f 3181/3057/3181 3212/3088/3212 3213/3089/3213 3182/3058/3182
f 3182/3058/3182 3213/3089/3213 3214/3090/3214 3183/3059/3183
f 3183/3059/3183 3214/3090/3214 3215/3091/3215 3184/3060/3184
f 3184/3060/3184 3215/3091/3215 3216/3092/3216 3185/3061/3185
f 3185/3061/3185 3216/3092/3216 3217/3093/3217 3186/3062/3186
f 3186/3062/3186 3217/3093/3217 3218/3094/3218 3187/3063/3187
f 3187/3063/3187 3218/3094/3218 3219/3095/3219 3188/3064/3188
f 3188/3064/3188 3219/3095/3219 3220/3096/3220 3189/3065/3189
f 3189/3065/3189 3220/3096/3220 3221/3097/3221 3190/3066/3190
f 3190/3066/3190 3221/3097/3221 3222/3098/3222 3191/3067/3191
f 3191/3067/3191 3222/3098/3222 3223/3099/3223 3192/3068/3192
f 3192/3068/3192 3223/3099/3223 3224/3100/3224 3193/3069/3193
f 3193/3069/3193 3224/3100/3224 3225/3101/3225 3194/3070/3194
f 3194/3070/3194 3225/3101/3225 3226/3102/3226 3195/3071/3195
f 3195/3071/3195 3226/3102/3226 3227/3103/3227 3196/3072/3196
f 3196/3072/3196 3227/3103/3227 3228/3104/3228 3197/3073/3197
f 3197/3073/3197 3228/3104/3228 3229/3105/3229 3198/3074/3198
f 3198/3074/3198 3229/3105/3229 3230/3106/3230 3199/3075/3199
f 3199/3075/3199 3230/3106/3230 3231/3107/3231 3200/3076/3200
f 3200/3076/3200 3231/3107/3231 3232/3108/3232 3201/3077/3201
f 3202/3078/3202 3233/3109/3233 3234/3110/3234 3203/3079/3203
f 3203/3079/3203 3234/3110/3234 3235/3111/3235 3204/3080/3204
f 3204/3080/3204 3235/3111/3235 3236/3112/3236 3205/3081/3205
f 3205/3081/3205 3236/3112/3236 3237/3113/3237 3206/3082/3206
f 3206/3082/3206 3237/3113/3237 3238/3114/3238 3207/3083/3207
f 3207/3083/3207 3238/3114/3238 3239/3115/3239 3208/3084/3208
f 3208/3084/3208 3239/3115/3239 3240/3116/3240 3209/3085/3209
f 3209/3085/3209 3240/3116/3240 3241/3117/3241 3210/3086/3210
f 3210/3086/3210 3241/3117/3241 3242/3118/3242 3211/3087/3211
f 3211/3087/3211 3242/3118/3242 3243/3119/3243 3212/3088/3212
f 3212/3088/3212 3243/3119/3243 3244/3120/3244 3213/3089/3213
f 3213/3089/3213 3244/3120/3244 3245/3121/3245 3214/3090/3214
f 3214/3090/3214 3245/3121/3245 3246/3122/3246 3215/3091/3215
f 3215/3091/3215 3246/3122/3246 3247/3123/3247 3216/3092/3216
f 3216/3092/3216 3247/3123/3247 3248/3124/3248 3217/3093/3217
f 3217/3093/3217 3248/3124/3248 3249/3125/3249 3218/3094/3218
f 3218/3094/3218 3249/3125/3249 3250/3126/3250 3219/3095/3219
f 3219/3095/3219 3250/3126/3250 3251/3127/3251 3220/3096/3220
f 3220/3096/3220 3251/3127/3251 3252/3128/3252 3221/3097/3221
f 3221/3097/3221 3252/3128/3252 3253/3129/3253 3222/3098/3222
f 3222/3098/3222 3253/3129/3253 3254/3130/3254 3223/3099/3223
f 3223/3099/3223 3254/3130/3254 3255/3131/3255 3224/3100/3224
f 3224/3100/3224 3255/3131/3255 3256/3132/3256 3225/3101/3225
f 3225/3101/3225 3256/3132/3256 3257/3133/3257 3226/3102/3226
f 3226/3102/3226 3257/3133/3257 3258/3134/3258 3227/3103/3227
f 3227/3103/3227 3258/3134/3258 3259/3135/3259 3228/3104/3228
f 3228/3104/3228 3259/3135/3259 3260/3136/3260 3229/3105/3229
f 3229/3105/3229 3260/3136/3260 3261/3137/3261 3230/3106/3230
f 3230/3106/3230 3261/3137/3261 3262/3138/3262 3231/3107/3231
f 3231/3107/3231 3262/3138/3262 3263/3139/3263 3232/3108/3232
f 6/2051/6 257/3140/257 2303/2179/2303 9/2052/9
f 9/2052/9 2303/2179/2303 2304/2182/2304 10/2178/10
f 10/2178/10 2304/2182/2304 2305/2184/2305 11/2177/11
f 11/2177/11 2305/2184/2305 2306/2186/2306 12/2176/12
f 12/2176/12 2306/2186/2306 2307/2188/2307 13/2175/13
f 13/2175/13 2307/2188/2307 2308/2190/2308 14/2174/14
f 14/2174/14 2308/2190/2308 2309/2192/2309 15/2173/15
f 15/2173/15 2309/2192/2309 2310/2194/2310 16/2172/16
f 16/2172/16 2310/2194/2310 2311/2196/2311 17/2171/17
f 17/2171/17 2311/2196/2311 2312/2198/2312 18/2170/18
f 18/2170/18 2312/2198/2312 2313/2200/2313 19/2169/19
f 19/2169/19 2313/2200/2313 2314/2202/2314 20/2168/20
f 20/2168/20 2314/2202/2314 2315/2204/2315 21/2167/21
f 21/2167/21 2315/2204/2315 2316/2206/2316 22/2166/22
f 22/2166/22 2316/2206/2316 2317/2208/2317 23/2165/23
f 23/2165/23 2317/2208/2317 2318/2210/2318 24/2164/24
f 24/2164/24 2318/2210/2318 2319/2212/2319 25/2163/25
f 25/2163/25 2319/2212/2319 2320/2214/2320 26/2162/26
f 26/2162/26 2320/2214/2320 2321/2216/2321 27/2161/27
f 27/2161/27 2321/2216/2321 2322/2218/2322 28/2160/28
f 28/2160/28 2322/2218/2322 2323/2220/2323 29/2159/29
f 29/2159/29 2323/2220/2323 2324/2222/2324 30/2158/30
f 30/2158/30 2324/2222/2324 2325/2224/2325 31/2157/31
f 31/2157/31 2325/2224/2325 2326/2226/2326 32/2156/32
f 32/2156/32 2326/2226/2326 2327/2228/2327 33/2155/33
f 33/2155/33 2327/2228/2327 2328/2230/2328 34/2154/34
f 34/2154/34 2328/2230/2328 2329/2232/2329 35/2153/35
f 35/2153/35 2329/2232/2329 2330/2234/2330 36/2152/36
f 36/2152/36 2330/2234/2330 2331/2236/2331 37/2151/37
f 37/2151/37 2331/2236/2331 2332/2238/2332 38/2150/38
f 38/2150/38 2332/2238/2332 2333/2240/2333 39/2148/39
f 39/2148/39 2333/2240/2333 288/3141/288 8/2149/8
f 2333/2240/2333 2364/2239/2364 289/3142/289 288/3141/288
f 2364/2239/2364 2395/2271/2395 290/3143/290 289/3142/289
f 2395/2271/2395 2426/2302/2426 291/3144/291 290/3143/290
f 2426/2302/2426 2457/2333/2457 292/3145/292 291/3144/291
f 2457/2333/2457 2488/2364/2488 293/3146/293 292/3145/292
f 2488/2364/2488 2519/2395/2519 294/3147/294 293/3146/293
f 2519/2395/2519 2550/2426/2550 295/3148/295 294/3147/294
f 2550/2426/2550 2581/2457/2581 296/3149/296 295/3148/295
f 2581/2457/2581 2612/2488/2612 297/3150/297 296/3149/296
f 2612/2488/2612 2643/2519/2643 298/3151/298 297/3150/297
f 2643/2519/2643 2674/2550/2674 299/3152/299 298/3151/298
f 2674/2550/2674 2705/2581/2705 300/3153/300 299/3152/299
f 2705/2581/2705 2736/2612/2736 301/3154/301 300/3153/300
f 2736/2612/2736 2767/2643/2767 302/3155/302 301/3154/301
f 2767/2643/2767 2798/2674/2798 303/3156/303 302/3155/302
f 2798/2674/2798 2829/2705/2829 304/3157/304 303/3156/303
f 2829/2705/2829 2860/2736/2860 305/3158/305 304/3157/304
f 2860/2736/2860 2891/2767/2891 306/3159/306 305/3158/305
f 2891/2767/2891 2922/2798/2922 307/3160/307 306/3159/306
f 2922/2798/2922 2953/2829/2953 308/3161/308 307/3160/307
f 2953/2829/2953 2984/2860/2984 309/3162/309 308/3161/308
f 2984/2860/2984 3015/2891/3015 310/3163/310 309/3162/309
f 3015/2891/3015 3046/2922/3046 311/3164/311 310/3163/310
f 3046/2922/3046 3077/2953/3077 312/3165/312 311/3164/311
f 3077/2953/3077 3108/2984/3108 313/3166/313 312/3165/312
f 3108/2984/3108 3139/3015/3139 314/3167/314 313/3166/313
f 3139/3015/3139 3170/3046/3170 315/3168/315 314/3167/314
f 3170/3046/3170 3201/3077/3201 316/3169/316 315/3168/315
f 3201/3077/3201 3232/3108/3232 317/3170/317 316/3169/316
f 3232/3108/3232 3263/3139/3263 318/3171/318 317/3170/317
f 3263/3139/3263 164/1026/164 7/1028/7 318/3171/318
f 3262/3138/3262 165/1025/165 164/1026/164 3263/3139/3263
f 3261/3137/3261 166/1024/166 165/1025/165 3262/3138/3262
f 3260/3136/3260 167/1023/167 166/1024/166 3261/3137/3261
f 3259/3135/3259 168/1022/168 167/1023/167 3260/3136/3260
f 3258/3134/3258 169/1021/169 168/1022/168 3259/3135/3259
f 3257/3133/3257 170/1020/170 169/1021/169 3258/3134/3258
f 3256/3132/3256 171/1019/171 170/1020/170 3257/3133/3257
f 3255/3131/3255 172/1018/172 171/1019/171 3256/3132/3256
f 3254/3130/3254 173/1017/173 172/1018/172 3255/3131/3255
f 3253/3129/3253 174/1016/174 173/1017/173 3254/3130/3254
f 3252/3128/3252 175/1015/175 174/1016/174 3253/3129/3253
f 3251/3127/3251 176/1014/176 175/1015/175 3252/3128/3252
f 3250/3126/3250 177/1013/177 176/1014/176 3251/3127/3251
f 3249/3125/3249 178/1012/178 177/1013/177 3250/3126/3250
f 3248/3124/3248 179/1011/179 178/1012/178 3249/3125/3249
f 3247/3123/3247 180/1010/180 179/1011/179 3248/3124/3248
f 3246/3122/3246 181/1009/181 180/1010/180 3247/3123/3247
f 3245/3121/3245 182/1008/182 181/1009/181 3246/3122/3246
f 3244/3120/3244 183/1007/183 182/1008/182 3245/3121/3245
f 3243/3119/3243 184/1006/184 183/1007/183 3244/3120/3244
f 3242/3118/3242 185/1005/185 184/1006/184 3243/3119/3243
f 3241/3117/3241 186/1004/186 185/1005/185 3242/3118/3242
f 3240/3116/3240 187/1003/187 186/1004/186 3241/3117/3241
f 3239/3115/3239 188/1002/188 187/1003/187 3240/3116/3240
f 3238/3114/3238 189/1001/189 188/1002/188 3239/3115/3239
f 3237/3113/3237 190/1000/190 189/1001/189 3238/3114/3238
f 3236/3112/3236 191/999/191 190/1000/190 3237/3113/3237
f 3235/3111/3235 192/998/192 191/999/191 3236/3112/3236
f 3234/3110/3234 193/997/193 192/998/192 3235/3111/3235
f 3233/3109/3233 194/995/194 193/997/193 3234/3110/3234
f 287/3172/287 5/996/5 194/995/194 3233/3109/3233
f 286/3173/286 287/3172/287 3233/3109/3233 3202/3078/3202
f 285/3174/285 286/3173/286 3202/3078/3202 3171/3047/3171
f 284/3175/284 285/3174/285 3171/3047/3171 3140/3016/3140
f 283/3176/283 284/3175/284 3140/3016/3140 3109/2985/3109
f 282/3177/282 283/3176/283 3109/2985/3109 3078/2954/3078
f 281/3178/281 282/3177/282 3078/2954/3078 3047/2923/3047
f 280/3179/280 281/3178/281 3047/2923/3047 3016/2892/3016
f 279/3180/279 280/3179/280 3016/2892/3016 2985/2861/2985
f 278/3181/278 279/3180/279 2985/2861/2985 2954/2830/2954
f 277/3182/277 278/3181/278 2954/2830/2954 2923/2799/2923
f 276/3183/276 277/3182/277 2923/2799/2923 2892/2768/2892
f 275/3184/275 276/3183/276 2892/2768/2892 2861/2737/2861
f 274/3185/274 275/3184/275 2861/2737/2861 2830/2706/2830
f 273/3186/273 274/3185/274 2830/2706/2830 2799/2675/2799
f 272/3187/272 273/3186/273 2799/2675/2799 2768/2644/2768
f 271/3188/271 272/3187/272 2768/2644/2768 2737/2613/2737
f 270/3189/270 271/3188/271 2737/2613/2737 2706/2582/2706
f 269/3190/269 270/3189/270 2706/2582/2706 2675/2551/2675
f 268/3191/268 269/3190/269 2675/2551/2675 2644/2520/2644
f 267/3192/267 268/3191/268 2644/2520/2644 2613/2489/2613
f 266/3193/266 267/3192/267 2613/2489/2613 2582/2458/2582
f 265/3194/265 266/3193/266 2582/2458/2582 2551/2427/2551
f 264/3195/264 265/3194/265 2551/2427/2551 2520/2396/2520
f 263/3196/263 264/3195/264 2520/2396/2520 2489/2365/2489
f 262/3197/262 263/3196/263 2489/2365/2489 2458/2334/2458
f 261/3198/261 262/3197/262 2458/2334/2458 2427/2303/2427
f 260/3199/260 261/3198/261 2427/2303/2427 2396/2272/2396
f 259/3200/259 260/3199/260 2396/2272/2396 2365/2241/2365
f 258/3201/258 259/3200/259 2365/2241/2365 2334/2180/2334
f 257/3140/257 258/3201/258 2334/2180/2334 2303/2179/2303
f 3264/3202/3264 3295/3203/3295 3296/3204/3296 3265/3205/3265
f 3265/3205/3265 3296/3204/3296 3297/3206/3297 3266/3207/3266
f 3266/3207/3266 3297/3206/3297 3298/3208/3298 3267/3209/3267
f 3267/3209/3267 3298/3208/3298 3299/3210/3299 3268/3211/3268
f 3268/3211/3268 3299/3210/3299 3300/3212/3300 3269/3213/3269
f 3269/3213/3269 3300/3212/3300 3301/3214/3301 3270/3215/3270
f 3270/3215/3270 3301/3214/3301 3302/3216/3302 3271/3217/3271
f 3271/3217/3271 3302/3216/3302 3303/3218/3303 3272/3219/3272
f 3272/3219/3272 3303/3218/3303 3304/3220/3304 3273/3221/3273
f 3273/3221/3273 3304/3220/3304 3305/3222/3305 3274/3223/3274
f 3274/3223/3274 3305/3222/3305 3306/3224/3306 3275/3225/3275
f 3275/3225/3275 3306/3224/3306 3307/3226/3307 3276/3227/3276
f 3276/3227/3276 3307/3226/3307 3308/3228/3308 3277/3229/3277
f 3277/3229/3277 3308/3228/3308 3309/3230/3309 3278/3231/3278
f 3278/3231/3278 3309/3230/3309 3310/3232/3310 3279/3233/3279
f 3279/3233/3279 3310/3232/3310 3311/3234/3311 3280/3235/3280
f 3280/3235/3280 3311/3234/3311 3312/3236/3312 3281/3237/3281
f 3281/3237/3281 3312/3236/3312 3313/3238/3313 3282/3239/3282
f 3282/3239/3282 3313/3238/3313 3314/3240/3314 3283/3241/3283
f 3283/3241/3283 3314/3240/3314 3315/3242/3315 3284/3243/3284
f 3284/3243/3284 3315/3242/3315 3316/3244/3316 3285/3245/3285
f 3285/3245/3285 3316/3244/3316 3317/3246/3317 3286/3247/3286
f 3286/3247/3286 3317/3246/3317 3318/3248/3318 3287/3249/3287
f 3287/3249/3287 3318/3248/3318 3319/3250/3319 3288/3251/3288
f 3288/3251/3288 3319/3250/3319 3320/3252/3320 3289/3253/3289
f 3289/3253/3289 3320/3252/3320 3321/3254/3321 3290/3255/3290
f 3290/3255/3290 3321/3254/3321 3322/3256/3322 3291/3257/3291
f 3291/3257/3291 3322/3256/3322 3323/3258/3323 3292/3259/3292
f 3292/3259/3292 3323/3258/3323 3324/3260/3324 3293/3261/3293
f 3293/3261/3293 3324/3260/3324 3325/3262/3325 3294/3263/3294
f 3295/3203/3295 3326/3264/3326 3327/3265/3327 3296/3204/3296
f 3296/3204/3296 3327/3265/3327 3328/3266/3328 3297/3206/3297
f 3297/3206/3297 3328/3266/3328 3329/3267/3329 3298/3208/3298
f 3298/3208/3298 3329/3267/3329 3330/3268/3330 3299/3210/3299
f 3299/3210/3299 3330/3268/3330 3331/3269/3331 3300/3212/3300
f 3300/3212/3300 3331/3269/3331 3332/3270/3332 3301/3214/3301
f 3301/3214/3301 3332/3270/3332 3333/3271/3333 3302/3216/3302
f 3302/3216/3302 3333/3271/3333 3334/3272/3334 3303/3218/3303
f 3303/3218/3303 3334/3272/3334 3335/3273/3335 3304/3220/3304
f 3304/3220/3304 3335/3273/3335 3336/3274/3336 3305/3222/3305
f 3305/3222/3305 3336/3274/3336 3337/3275/3337 3306/3224/3306
f 3306/3224/3306 3337/3275/3337 3338/3276/3338 3307/3226/3307
f 3307/3226/3307 3338/3276/3338 3339/3277/3339 3308/3228/3308
f 3308/3228/3308 3339/3277/3339 3340/3278/3340 3309/3230/3309
f 3309/3230/3309 3340/3278/3340 3341/3279/3341 3310/3232/3310
f 3310/3232/3310 3341/3279/3341 3342/3280/3342 3311/3234/3311
f 3311/3234/3311 3342/3280/3342 3343/3281/3343 3312/3236/3312
f 3312/3236/3312 3343/3281/3343 3344/3282/3344 3313/3238/3313
f 3313/3238/3313 3344/3282/3344 3345/3283/3345 3314/3240/3314
f 3314/3240/3314 3345/3283/3345 3346/3284/3346 3315/3242/3315
f 3315/3242/3315 3346/3284/3346 3347/3285/3347 3316/3244/3316
f 3316/3244/3316 3347/3285/3347 3348/3286/3348 3317/3246/3317
f 3317/3246/3317 3348/3286/3348 3349/3287/3349 3318/3248/3318
f 3318/3248/3318 3349/3287/3349 3350/3288/3350 3319/3250/3319
f 3319/3250/3319 3350/3288/3350 3351/3289/3351 3320/3252/3320
f 3320/3252/3320 3351/3289/3351 3352/3290/3352 3321/3254/3321
f 3321/3254/3321 3352/3290/3352 3353/3291/3353 3322/3256/3322
f 3322/3256/3322 3353/3291/3353 3354/3292/3354 3323/3258/3323
f 3323/3258/3323 3354/3292/3354 3355/3293/3355 3324/3260/3324
f 3324/3260/3324 3355/3293/3355 3356/3294/3356 3325/3262/3325
f 3326/3264/3326 3357/3295/3357 3358/3296/3358 3327/3265/3327
f 3327/3265/3327 3358/3296/3358 3359/3297/3359 3328/3266/3328
f 3328/3266/3328 3359/3297/3359 3360/3298/3360 3329/3267/3329
f 3329/3267/3329 3360/3298/3360 3361/3299/3361 3330/3268/3330
f 3330/3268/3330 3361/3299/3361 3362/3300/3362 3331/3269/3331
f 3331/3269/3331 3362/3300/3362 3363/3301/3363 3332/3270/3332
f 3332/3270/3332 3363/3301/3363 3364/3302/3364 3333/3271/3333
f 3333/3271/3333 3364/3302/3364 3365/3303/3365 3334/3272/3334
f 3334/3272/3334 3365/3303/3365 3366/3304/3366 3335/3273/3335
f 3335/3273/3335 3366/3304/3366 3367/3305/3367 3336/3274/3336
f 3336/3274/3336 3367/3305/3367 3368/3306/3368 3337/3275/3337
f 3337/3275/3337 3368/3306/3368 3369/3307/3369 3338/3276/3338
f 3338/3276/3338 3369/3307/3369 3370/3308/3370 3339/3277/3339
f 3339/3277/3339 3370/3308/3370 3371/3309/3371 3340/3278/3340
f 3340/3278/3340 3371/3309/3371 3372/3310/3372 3341/3279/3341
f 3341/3279/3341 3372/3310/3372 3373/3311/3373 3342/3280/3342
f 3342/3280/3342 3373/3311/3373 3374/3312/3374 3343/3281/3343
f 3343/3281/3343 3374/3312/3374 3375/3313/3375 3344/3282/3344
f 3344/3282/3344 3375/3313/3375 3376/3314/3376 3345/3283/3345
f 3345/3283/3345 3376/3314/3376 3377/3315/3377 3346/3284/3346
f 3346/3284/3346 3377/3315/3377 3378/3316/3378 3347/3285/3347
f 3347/3285/3347 3378/3316/3378 3379/3317/3379 3348/3286/3348
f 3348/3286/3348 3379/3317/3379 3380/3318/3380 3349/3287/3349
f 3349/3287/3349 3380/3318/3380 3381/3319/3381 3350/3288/3350
f 3350/3288/3350 3381/3319/3381 3382/3320/3382 3351/3289/3351
f 3351/3289/3351 3382/3320/3382 3383/3321/3383 3352/3290/3352
f 3352/3290/3352 3383/3321/3383 3384/3322/3384 3353/3291/3353
f 3353/3291/3353 3384/3322/3384 3385/3323/3385 3354/3292/3354
f 3354/3292/3354 3385/3323/3385 3386/3324/3386 3355/3293/3355
f 3355/3293/3355 3386/3324/3386 3387/3325/3387 3356/3294/3356
f 3357/3295/3357 3388/3326/3388 3389/3327/3389 3358/3296/3358
f 3358/3296/3358 3389/3327/3389 3390/3328/3390 3359/3297/3359
f 3359/3297/3359 3390/3328/3390 3391/3329/3391 3360/3298/3360
f 3360/3298/3360 3391/3329/3391 3392/3330/3392 3361/3299/3361
f 3361/3299/3361 3392/3330/3392 3393/3331/3393 3362/3300/3362
f 3362/3300/3362 3393/3331/3393 3394/3332/3394 3363/3301/3363
f 3363/3301/3363 3394/3332/3394 3395/3333/3395 3364/3302/3364
f 3364/3302/3364 3395/3333/3395 3396/3334/3396 3365/3303/3365
f 3365/3303/3365 3396/3334/3396 3397/3335/3397 3366/3304/3366
f 3366/3304/3366 3397/3335/3397 3398/3336/3398 3367/3305/3367
f 3367/3305/3367 3398/3336/3398 3399/3337/3399 3368/3306/3368
f 3368/3306/3368 3399/3337/3399 3400/3338/3400 3369/3307/3369
f 3369/3307/3369 3400/3338/3400 3401/3339/3401 3370/3308/3370
f 3370/3308/3370 3401/3339/3401 3402/3340/3402 3371/3309/3371
f 3371/3309/3371 3402/3340/3402 3403/3341/3403 3372/3310/3372
f 3372/3310/3372 3403/3341/3403 3404/3342/3404 3373/3311/3373
f 3373/3311/3373 3404/3342/3404 3405/3343/3405 3374/3312/3374
f 3374/3312/3374 3405/3343/3405 3406/3344/3406 3375/3313/3375
f 3375/3313/3375 3406/3344/3406 3407/3345/3407 3376/3314/3376
f 3376/3314/3376 3407/3345/3407 3408/3346/3408 3377/3315/3377
f 3377/3315/3377 3408/3346/3408 3409/3347/3409 3378/3316/3378
f 3378/3316/3378 3409/3347/3409 3410/3348/3410 3379/3317/3379
f 3379/3317/3379 3410/3348/3410 3411/3349/3411 3380/3318/3380
f 3380/3318/3380 3411/3349/3411 3412/3350/3412 3381/3319/3381
f 3381/3319/3381 3412/3350/3412 3413/3351/3413 3382/3320/3382
f 3382/3320/3382 3413/3351/3413 3414/3352/3414 3383/3321/3383
f 3383/3321/3383 3414/3352/3414 3415/3353/3415 3384/3322/3384
f 3384/3322/3384 3415/3353/3415 3416/3354/3416 3385/3323/3385
f 3385/3323/3385 3416/3354/3416 3417/3355/3417 3386/3324/3386
f 3386/3324/3386 3417/3355/3417 3418/3356/3418 3387/3325/3387
f 3388/3326/3388 3419/3357/3419 3420/3358/3420 3389/3327/3389
f 3389/3327/3389 3420/3358/3420 3421/3359/3421 3390/3328/3390
f 3390/3328/3390 3421/3359/3421 3422/3360/3422 3391/3329/3391
f 3391/3329/3391 3422/3360/3422 3423/3361/3423 3392/3330/3392
f 3392/3330/3392 3423/3361/3423 3424/3362/3424 3393/3331/3393
f 3393/3331/3393 3424/3362/3424 3425/3363/3425 3394/3332/3394
f 3394/3332/3394 3425/3363/3425 3426/3364/3426 3395/3333/3395
f 3395/3333/3395 3426/3364/3426 3427/3365/3427 3396/3334/3396
f 3396/3334/3396 3427/3365/3427 3428/3366/3428 3397/3335/3397
f 3397/3335/3397 3428/3366/3428 3429/3367/3429 3398/3336/3398
f 3398/3336/3398 3429/3367/3429 3430/3368/3430 3399/3337/3399
f 3399/3337/3399 3430/3368/3430 3431/3369/3431 3400/3338/3400
f 3400/3338/3400 3431/3369/3431 3432/3370/3432 3401/3339/3401
f 3401/3339/3401 3432/3370/3432 3433/3371/3433 3402/3340/3402
f 3402/3340/3402 3433/3371/3433 3434/3372/3434 3403/3341/3403
f 3403/3341/3403 3434/3372/3434 3435/3373/3435 3404/3342/3404
f 3404/3342/3404 3435/3373/3435 3436/3374/3436 3405/3343/3405
f 3405/3343/3405 3436/3374/3436 3437/3375/3437 3406/3344/3406
f 3406/3344/3406 3437/3375/3437 3438/3376/3438 3407/3345/3407
f 3407/3345/3407 3438/3376/3438 3439/3377/3439 3408/3346/3408
f 3408/3346/3408 3439/3377/3439 3440/3378/3440 3409/3347/3409
f 3409/3347/3409 3440/3378/3440 3441/3379/3441 3410/3348/3410
f 3410/3348/3410 3441/3379/3441 3442/3380/3442 3411/3349/3411
f 3411/3349/3411 3442/3380/3442 3443/3381/3443 3412/3350/3412
f 3412/3350/3412 3443/3381/3443 3444/3382/3444 3413/3351/3413
f 3413/3351/3413 3444/3382/3444 3445/3383/3445 3414/3352/3414
f 3414/3352/3414 3445/3383/3445 3446/3384/3446 3415/3353/3415
f 3415/3353/3415 3446/3384/3446 3447/3385/3447 3416/3354/3416
f 3416/3354/3416 3447/3385/3447 3448/3386/3448 3417/3355/3417
f 3417/3355/3417 3448/3386/3448 3449/3387/3449 3418/3356/3418
f 3419/3357/3419 3450/3388/3450 3451/3389/3451 3420/3358/3420
f 3420/3358/3420 3451/3389/3451 3452/3390/3452 3421/3359/3421
f 3421/3359/3421 3452/3390/3452 3453/3391/3453 3422/3360/3422
f 3422/3360/3422 3453/3391/3453 3454/3392/3454 3423/3361/3423
f 3423/3361/3423 3454/3392/3454 3455/3393/3455 3424/3362/3424
f 3424/3362/3424 3455/3393/3455 3456/3394/3456 3425/3363/3425
f 3425/3363/3425 3456/3394/3456 3457/3395/3457 3426/3364/3426
f 3426/3364/3426 3457/3395/3457 3458/3396/3458 3427/3365/3427
f 3427/3365/3427 3458/3396/3458 3459/3397/3459 3428/3366/3428
f 3428/3366/3428 3459/3397/3459 3460/3398/3460 3429/3367/3429
f 3429/3367/3429 3460/3398/3460 3461/3399/3461 3430/3368/3430
f 3430/3368/3430 3461/3399/3461 3462/3400/3462 3431/3369/3431
f 3431/3369/3431 3462/3400/3462 3463/3401/3463 3432/3370/3432
f 3432/3370/3432 3463/3401/3463 3464/3402/3464 3433/3371/3433
f 3433/3371/3433 3464/3402/3464 3465/3403/3465 3434/3372/3434
f 3434/3372/3434 3465/3403/3465 3466/3404/3466 3435/3373/3435
f 3435/3373/3435 3466/3404/3466 3467/3405/3467 3436/3374/3436
f 3436/3374/3436 3467/3405/3467 3468/3406/3468 3437/3375/3437
f 3437/3375/3437 3468/3406/3468 3469/3407/3469 3438/3376/3438
f 3438/3376/3438 3469/3407/3469 3470/3408/3470 3439/3377/3439
f 3439/3377/3439 3470/3408/3470 3471/3409/3471 3440/3378/3440
f 3440/3378/3440 3471/3409/3471 3472/3410/3472 3441/3379/3441
f 3441/3379/3441 3472/3410/3472 3473/3411/3473 3442/3380/3442
f 3442/3380/3442 3473/3411/3473 3474/3412/3474 3443/3381/3443
f 3443/3381/3443 3474/3412/3474 3475/3413/3475 3444/3382/3444
f 3444/3382/3444 3475/3413/3475 3476/3414/3476 3445/3383/3445
f 3445/3383/3445 3476/3414/3476 3477/3415/3477 3446/3384/3446
f 3446/3384/3446 3477/3415/3477 3478/3416/3478 3447/3385/3447
f 3447/3385/3447 3478/3416/3478 3479/3417/3479 3448/3386/3448
f 3448/3386/3448 3479/3417/3479 3480/3418/3480 3449/3387/3449
f 3450/3388/3450 3481/3419/3481 3482/3420/3482 3451/3389/3451
f 3451/3389/3451 3482/3420/3482 3483/3421/3483 3452/3390/3452
f 3452/3390/3452 3483/3421/3483 3484/3422/3484 3453/3391/3453
f 3453/3391/3453 3484/3422/3484 3485/3423/3485 3454/3392/3454
f 3454/3392/3454 3485/3423/3485 3486/3424/3486 3455/3393/3455
f 3455/3393/3455 3486/3424/3486 3487/3425/3487 3456/3394/3456
f 3456/3394/3456 3487/3425/3487 3488/3426/3488 3457/3395/3457
f 3457/3395/3457 3488/3426/3488 3489/3427/3489 3458/3396/3458
f 3458/3396/3458 3489/3427/3489 3490/3428/3490 3459/3397/3459
f 3459/3397/3459 3490/3428/3490 3491/3429/3491 3460/3398/3460
f 3460/3398/3460 3491/3429/3491 3492/3430/3492 3461/3399/3461
f 3461/3399/3461 3492/3430/3492 3493/3431/3493 3462/3400/3462
f 3462/3400/3462 3493/3431/3493 3494/3432/3494 3463/3401/3463
f 3463/3401/3463 3494/3432/3494 3495/3433/3495 3464/3402/3464
f 3464/3402/3464 3495/3433/3495 3496/3434/3496 3465/3403/3465
f 3465/3403/3465 3496/3434/3496 3497/3435/3497 3466/3404/3466
f 3466/3404/3466 3497/3435/3497 3498/3436/3498 3467/3405/3467
f 3467/3405/3467 3498/3436/3498 3499/3437/3499 3468/3406/3468
f 3468/3406/3468 3499/3437/3499 3500/3438/3500 3469/3407/3469
f 3469/3407/3469 3500/3438/3500 3501/3439/3501 3470/3408/3470
f 3470/3408/3470 3501/3439/3501 3502/3440/3502 3471/3409/3471
f 3471/3409/3471 3502/3440/3502 3503/3441/3503 3472/3410/3472
f 3472/3410/3472 3503/3441/3503 3504/3442/3504 3473/3411/3473
f 3473/3411/3473 3504/3442/3504 3505/3443/3505 3474/3412/3474
f 3474/3412/3474 3505/3443/3505 3506/3444/3506 3475/3413/3475
f 3475/3413/3475 3506/3444/3506 3507/3445/3507 3476/3414/3476
f 3476/3414/3476 3507/3445/3507 3508/3446/3508 3477/3415/3477
f 3477/3415/3477 3508/3446/3508 3509/3447/3509 3478/3416/3478
f 3478/3416/3478 3509/3447/3509 3510/3448/3510 3479/3417/3479
f 3479/3417/3479 3510/3448/3510 3511/3449/3511 3480/3418/3480
f 3481/3419/3481 3512/3450/3512 3513/3451/3513 3482/3420/3482
f 3482/3420/3482 3513/3451/3513 3514/3452/3514 3483/3421/3483
f 3483/3421/3483 3514/3452/3514 3515/3453/3515 3484/3422/3484
f 3484/3422/3484 3515/3453/3515 3516/3454/3516 3485/3423/3485
f 3485/3423/3485 3516/3454/3516 3517/3455/3517 3486/3424/3486
f 3486/3424/3486 3517/3455/3517 3518/3456/3518 3487/3425/3487
f 3487/3425/3487 3518/3456/3518 3519/3457/3519 3488/3426/3488
f 3488/3426/3488 3519/3457/3519 3520/3458/3520 3489/3427/3489
f 3489/3427/3489 3520/3458/3520 3521/3459/3521 3490/3428/3490
f 3490/3428/3490 3521/3459/3521 3522/3460/3522 3491/3429/3491
f 3491/3429/3491 3522/3460/3522 3523/3461/3523 3492/3430/3492
f 3492/3430/3492 3523/3461/3523 3524/3462/3524 3493/3431/3493
f 3493/3431/3493 3524/3462/3524 3525/3463/3525 3494/3432/3494
f 3494/3432/3494 3525/3463/3525 3526/3464/3526 3495/3433/3495
f 3495/3433/3495 3526/3464/3526 3527/3465/3527 3496/3434/3496
f 3496/3434/3496 3527/3465/3527 3528/3466/3528 3497/3435/3497
f 3497/3435/3497 3528/3466/3528 3529/3467/3529 3498/3436/3498
f 3498/3436/3498 3529/3467/3529 3530/3468/3530 3499/3437/3499
f 3499/3437/3499 3530/3468/3530 3531/3469/3531 3500/3438/3500
f 3500/3438/3500 3531/3469/3531 3532/3470/3532 3501/3439/3501
f 3501/3439/3501 3532/3470/3532 3533/3471/3533 3502/3440/3502
f 3502/3440/3502 3533/3471/3533 3534/3472/3534 3503/3441/3503
f 3503/3441/3503 3534/3472/3534 3535/3473/3535 3504/3442/3504
f 3504/3442/3504 3535/3473/3535 3536/3474/3536 3505/3443/3505
f 3505/3443/3505 3536/3474/3536 3537/3475/3537 3506/3444/3506
f 3506/3444/3506 3537/3475/3537 3538/3476/3538 3507/3445/3507
f 3507/3445/3507 3538/3476/3538 3539/3477/3539 3508/3446/3508
f 3508/3446/3508 3539/3477/3539 3540/3478/3540 3509/3447/3509
f 3509/3447/3509 3540/3478/3540 3541/3479/3541 3510/3448/3510
f 3510/3448/3510 3541/3479/3541 3542/3480/3542 3511/3449/3511
f 3512/3450/3512 3543/3481/3543 3544/3482/3544 3513/3451/3513
f 3513/3451/3513 3544/3482/3544 3545/3483/3545 3514/3452/3514
f 3514/3452/3514 3545/3483/3545 3546/3484/3546 3515/3453/3515
f 3515/3453/3515 3546/3484/3546 3547/3485/3547 3516/3454/3516
f 3516/3454/3516 3547/3485/3547 3548/3486/3548 3517/3455/3517
f 3517/3455/3517 3548/3486/3548 3549/3487/3549 3518/3456/3518
f 3518/3456/3518 3549/3487/3549 3550/3488/3550 3519/3457/3519
f 3519/3457/3519 3550/3488/3550 3551/3489/3551 3520/3458/3520
f 3520/3458/3520 3551/3489/3551 3552/3490/3552 3521/3459/3521
f 3521/3459/3521 3552/3490/3552 3553/3491/3553 3522/3460/3522
f 3522/3460/3522 3553/3491/3553 3554/3492/3554 3523/3461/3523
f 3523/3461/3523 3554/3492/3554 3555/3493/3555 3524/3462/3524
f 3524/3462/3524 3555/3493/3555 3556/3494/3556 3525/3463/3525
f 3525/3463/3525 3556/3494/3556 3557/3495/3557 3526/3464/3526
f 3526/3464/3526 3557/3495/3557 3558/3496/3558 3527/3465/3527
f 3527/3465/3527 3558/3496/3558 3559/3497/3559 3528/3466/3528
f 3528/3466/3528 3559/3497/3559 3560/3498/3560 3529/3467/3529
f 3529/3467/3529 3560/3498/3560 3561/3499/3561 3530/3468/3530
f 3530/3468/3530 3561/3499/3561 3562/3500/3562 3531/3469/3531
f 3531/3469/3531 3562/3500/3562 3563/3501/3563 3532/3470/3532
f 3532/3470/3532 3563/3501/3563 3564/3502/3564 3533/3471/3533
f 3533/3471/3533 3564/3502/3564 3565/3503/3565 3534/3472/3534
f 3534/3472/3534 3565/3503/3565 3566/3504/3566 3535/3473/3535
f 3535/3473/3535 3566/3504/3566 3567/3505/3567 3536/3474/3536
f 3536/3474/3536 3567/3505/3567 3568/3506/3568 3537/3475/3537
f 3537/3475/3537 3568/3506/3568 3569/3507/3569 3538/3476/3538
f 3538/3476/3538 3569/3507/3569 3570/3508/3570 3539/3477/3539
f 3539/3477/3539 3570/3508/3570 3571/3509/3571 3540/3478/3540
f 3540/3478/3540 3571/3509/3571 3572/3510/3572 3541/3479/3541
f 3541/3479/3541 3572/3510/3572 3573/3511/3573 3542/3480/3542
f 3543/3481/3543 3574/3512/3574 3575/3513/3575 3544/3482/3544
f 3544/3482/3544 3575/3513/3575 3576/3514/3576 3545/3483/3545
f 3545/3483/3545 3576/3514/3576 3577/3515/3577 3546/3484/3546
f 3546/3484/3546 3577/3515/3577 3578/3516/3578 3547/3485/3547
f 3547/3485/3547 3578/3516/3578 3579/3517/3579 3548/3486/3548
f 3548/3486/3548 3579/3517/3579 3580/3518/3580 3549/3487/3549
f 3549/3487/3549 3580/3518/3580 3581/3519/3581 3550/3488/3550
f 3550/3488/3550 3581/3519/3581 3582/3520/3582 3551/3489/3551
f 3551/3489/3551 3582/3520/3582 3583/3521/3583 3552/3490/3552
f 3552/3490/3552 3583/3521/3583 3584/3522/3584 3553/3491/3553
f 3553/3491/3553 3584/3522/3584 3585/3523/3585 3554/3492/3554
f 3554/3492/3554 3585/3523/3585 3586/3524/3586 3555/3493/3555
f 3555/3493/3555 3586/3524/3586 3587/3525/3587 3556/3494/3556
f 3556/3494/3556 3587/3525/3587 3588/3526/3588 3557/3495/3557
f 3557/3495/3557 3588/3526/3588 3589/3527/3589 3558/3496/3558
f 3558/3496/3558 3589/3527/3589 3590/3528/3590 3559/3497/3559
f 3559/3497/3559 3590/3528/3590 3591/3529/3591 3560/3498/3560
f 3560/3498/3560 3591/3529/3591 3592/3530/3592 3561/3499/3561
f 3561/3499/3561 3592/3530/3592 3593/3531/3593 3562/3500/3562
f 3562/3500/3562 3593/3531/3593 3594/3532/3594 3563/3501/3563
f 3563/3501/3563 3594/3532/3594 3595/3533/3595 3564/3502/3564
f 3564/3502/3564 3595/3533/3595 3596/3534/3596 3565/3503/3565
f 3565/3503/3565 3596/3534/3596 3597/3535/3597 3566/3504/3566
f 3566/3504/3566 3597/3535/3597 3598/3536/3598 3567/3505/3567
f 3567/3505/3567 3598/3536/3598 3599/3537/3599 3568/3506/3568
f 3568/3506/3568 3599/3537/3599 3600/3538/3600 3569/3507/3569
f 3569/3507/3569 3600/3538/3600 3601/3539/3601 3570/3508/3570
f 3570/3508/3570 3601/3539/3601 3602/3540/3602 3571/3509/3571
f 3571/3509/3571 3602/3540/3602 3603/3541/3603 3572/3510/3572
f 3572/3510/3572 3603/3541/3603 3604/3542/3604 3573/3511/3573
f 3574/3512/3574 3605/3543/3605 3606/3544/3606 3575/3513/3575
f 3575/3513/3575 3606/3544/3606 3607/3545/3607 3576/3514/3576
f 3576/3514/3576 3607/3545/3607 3608/3546/3608 3577/3515/3577
f 3577/3515/3577 3608/3546/3608 3609/3547/3609 3578/3516/3578
f 3578/3516/3578 3609/3547/3609 3610/3548/3610 3579/3517/3579
f 3579/3517/3579 3610/3548/3610 3611/3549/3611 3580/3518/3580
f 3580/3518/3580 3611/3549/3611 3612/3550/3612 3581/3519/3581
f 3581/3519/3581 3612/3550/3612 3613/3551/3613 3582/3520/3582
f 3582/3520/3582 3613/3551/3613 3614/3552/3614 3583/3521/3583
f 3583/3521/3583 3614/3552/3614 3615/3553/3615 3584/3522/3584
f 3584/3522/3584 3615/3553/3615 3616/3554/3616 3585/3523/3585
f 3585/3523/3585 3616/3554/3616 3617/3555/3617 3586/3524/3586
f 3586/3524/3586 3617/3555/3617 3618/3556/3618 3587/3525/3587
f 3587/3525/3587 3618/3556/3618 3619/3557/3619 3588/3526/3588
f 3588/3526/3588 3619/3557/3619 3620/3558/3620 3589/3527/3589
f 3589/3527/3589 3620/3558/3620 3621/3559/3621 3590/3528/3590
f 3590/3528/3590 3621/3559/3621 3622/3560/3622 3591/3529/3591
f 3591/3529/3591 3622/3560/3622 3623/3561/3623 3592/3530/3592
f 3592/3530/3592 3623/3561/3623 3624/3562/3624 3593/3531/3593
f 3593/3531/3593 3624/3562/3624 3625/3563/3625 3594/3532/3594
f 3594/3532/3594 3625/3563/3625 3626/3564/3626 3595/3533/3595
f 3595/3533/3595 3626/3564/3626 3627/3565/3627 3596/3534/3596
f 3596/3534/3596 3627/3565/3627 3628/3566/3628 3597/3535/3597
f 3597/3535/3597 3628/3566/3628 3629/3567/3629 3598/3536/3598
f 3598/3536/3598 3629/3567/3629 3630/3568/3630 3599/3537/3599
f 3599/3537/3599 3630/3568/3630 3631/3569/3631 3600/3538/3600
f 3600/3538/3600 3631/3569/3631 3632/3570/3632 3601/3539/3601
f 3601/3539/3601 3632/3570/3632 3633/3571/3633 3602/3540/3602
f 3602/3540/3602 3633/3571/3633 3634/3572/3634 3603/3541/3603
f 3603/3541/3603 3634/3572/3634 3635/3573/3635 3604/3542/3604
f 3605/3543/3605 3636/3574/3636 3637/3575/3637 3606/3544/3606
f 3606/3544/3606 3637/3575/3637 3638/3576/3638 3607/3545/3607
f 3607/3545/3607 3638/3576/3638 3639/3577/3639 3608/3546/3608
f 3608/3546/3608 3639/3577/3639 3640/3578/3640 3609/3547/3609
f 3609/3547/3609 3640/3578/3640 3641/3579/3641 3610/3548/3610
f 3610/3548/3610 3641/3579/3641 3642/3580/3642 3611/3549/3611
f 3611/3549/3611 3642/3580/3642 3643/3581/3643 3612/3550/3612
f 3612/3550/3612 3643/3581/3643 3644/3582/3644 3613/3551/3613
f 3613/3551/3613 3644/3582/3644 3645/3583/3645 3614/3552/3614
f 3614/3552/3614 3645/3583/3645 3646/3584/3646 3615/3553/3615
f 3615/3553/3615 3646/3584/3646 3647/3585/3647 3616/3554/3616
f 3616/3554/3616 3647/3585/3647 3648/3586/3648 3617/3555/3617
f 3617/3555/3617 3648/3586/3648 3649/3587/3649 3618/3556/3618
f 3618/3556/3618 3649/3587/3649 3650/3588/3650 3619/3557/3619
f 3619/3557/3619 3650/3588/3650 3651/3589/3651 3620/3558/3620
f 3620/3558/3620 3651/3589/3651 3652/3590/3652 3621/3559/3621
f 3621/3559/3621 3652/3590/3652 3653/3591/3653 3622/3560/3622
f 3622/3560/3622 3653/3591/3653 3654/3592/3654 3623/3561/3623
f 3623/3561/3623 3654/3592/3654 3655/3593/3655 3624/3562/3624
f 3624/3562/3624 3655/3593/3655 3656/3594/3656 3625/3563/3625
f 3625/3563/3625 3656/3594/3656 3657/3595/3657 3626/3564/3626
f 3626/3564/3626 3657/3595/3657 3658/3596/3658 3627/3565/3627
f 3627/3565/3627 3658/3596/3658 3659/3597/3659 3628/3566/3628
f 3628/3566/3628 3659/3597/3659 3660/3598/3660 3629/3567/3629
f 3629/3567/3629 3660/3598/3660 3661/3599/3661 3630/3568/3630
f 3630/3568/3630 3661/3599/3661 3662/3600/3662 3631/3569/3631
f 3631/3569/3631 3662/3600/3662 3663/3601/3663 3632/3570/3632
f 3632/3570/3632 3663/3601/3663 3664/3602/3664 3633/3571/3633
f 3633/3571/3633 3664/3602/3664 3665/3603/3665 3634/3572/3634
f 3634/3572/3634 3665/3603/3665 3666/3604/3666 3635/3573/3635
f 3636/3574/3636 3667/3605/3667 3668/3606/3668 3637/3575/3637
f 3637/3575/3637 3668/3606/3668 3669/3607/3669 3638/3576/3638
f 3638/3576/3638 3669/3607/3669 3670/3608/3670 3639/3577/3639
f 3639/3577/3639 3670/3608/3670 3671/3609/3671 3640/3578/3640
f 3640/3578/3640 3671/3609/3671 3672/3610/3672 3641/3579/3641
f 3641/3579/3641 3672/3610/3672 3673/3611/3673 3642/3580/3642
f 3642/3580/3642 3673/3611/3673 3674/3612/3674 3643/3581/3643
f 3643/3581/3643 3674/3612/3674 3675/3613/3675 3644/3582/3644
f 3644/3582/3644 3675/3613/3675 3676/3614/3676 3645/3583/3645
f 3645/3583/3645 3676/3614/3676 3677/3615/3677 3646/3584/3646
f 3646/3584/3646 3677/3615/3677 3678/3616/3678 3647/3585/3647
f 3647/3585/3647 3678/3616/3678 3679/3617/3679 3648/3586/3648
f 3648/3586/3648 3679/3617/3679 3680/3618/3680 3649/3587/3649
f 3649/3587/3649 3680/3618/3680 3681/3619/3681 3650/3588/3650
f 3650/3588/3650 3681/3619/3681 3682/3620/3682 3651/3589/3651
f 3651/3589/3651 3682/3620/3682 3683/3621/3683 3652/3590/3652
f 3652/3590/3652 3683/3621/3683 3684/3622/3684 3653/3591/3653
f 3653/3591/3653 3684/3622/3684 3685/3623/3685 3654/3592/3654
f 3654/3592/3654 3685/3623/3685 3686/3624/3686 3655/3593/3655
f 3655/3593/3655 3686/3624/3686 3687/3625/3687 3656/3594/3656
f 3656/3594/3656 3687/3625/3687 3688/3626/3688 3657/3595/3657
f 3657/3595/3657 3688/3626/3688 3689/3627/3689 3658/3596/3658
f 3658/3596/3658 3689/3627/3689 3690/3628/3690 3659/3597/3659
f 3659/3597/3659 3690/3628/3690 3691/3629/3691 3660/3598/3660
f 3660/3598/3660 3691/3629/3691 3692/3630/3692 3661/3599/3661
f 3661/3599/3661 3692/3630/3692 3693/3631/3693 3662/3600/3662
f 3662/3600/3662 3693/3631/3693 3694/3632/3694 3663/3601/3663
f 3663/3601/3663 3694/3632/3694 3695/3633/3695 3664/3602/3664
f 3664/3602/3664 3695/3633/3695 3696/3634/3696 3665/3603/3665
f 3665/3603/3665 3696/3634/3696 3697/3635/3697 3666/3604/3666
f 3667/3605/3667 3698/3636/3698 3699/3637/3699 3668/3606/3668
f 3668/3606/3668 3699/3637/3699 3700/3638/3700 3669/3607/3669
f 3669/3607/3669 3700/3638/3700 3701/3639/3701 3670/3608/3670
f 3670/3608/3670 3701/3639/3701 3702/3640/3702 3671/3609/3671
f 3671/3609/3671 3702/3640/3702 3703/3641/3703 3672/3610/3672
f 3672/3610/3672 3703/3641/3703 3704/3642/3704 3673/3611/3673
f 3673/3611/3673 3704/3642/3704 3705/3643/3705 3674/3612/3674
f 3674/3612/3674 3705/3643/3705 3706/3644/3706 3675/3613/3675
f 3675/3613/3675 3706/3644/3706 3707/3645/3707 3676/3614/3676
f 3676/3614/3676 3707/3645/3707 3708/3646/3708 3677/3615/3677
f 3677/3615/3677 3708/3646/3708 3709/3647/3709 3678/3616/3678
f 3678/3616/3678 3709/3647/3709 3710/3648/3710 3679/3617/3679
f 3679/3617/3679 3710/3648/3710 3711/3649/3711 3680/3618/3680
f 3680/3618/3680 3711/3649/3711 3712/3650/3712 3681/3619/3681
f 3681/3619/3681 3712/3650/3712 3713/3651/3713 3682/3620/3682
f 3682/3620/3682 3713/3651/3713 3714/3652/3714 3683/3621/3683
f 3683/3621/3683 3714/3652/3714 3715/3653/3715 3684/3622/3684
f 3684/3622/3684 3715/3653/3715 3716/3654/3716 3685/3623/3685
f 3685/3623/3685 3716/3654/3716 3717/3655/3717 3686/3624/3686
f 3686/3624/3686 3717/3655/3717 3718/3656/3718 3687/3625/3687
f 3687/3625/3687 3718/3656/3718 3719/3657/3719 3688/3626/3688
f 3688/3626/3688 3719/3657/3719 3720/3658/3720 3689/3627/3689
f 3689/3627/3689 3720/3658/3720 3721/3659/3721 3690/3628/3690
f 3690/3628/3690 3721/3659/3721 3722/3660/3722 3691/3629/3691
f 3691/3629/3691 3722/3660/3722 3723/3661/3723 3692/3630/3692
f 3692/3630/3692 3723/3661/3723 3724/3662/3724 3693/3631/3693
f 3693/3631/3693 3724/3662/3724 3725/3663/3725 3694/3632/3694
f 3694/3632/3694 3725/3663/3725 3726/3664/3726 3695/3633/3695
f 3695/3633/3695 3726/3664/3726 3727/3665/3727 3696/3634/3696
f 3696/3634/3696 3727/3665/3727 3728/3666/3728 3697/3635/3697
f 3698/3636/3698 3729/3667/3729 3730/3668/3730 3699/3637/3699
f 3699/3637/3699 3730/3668/3730 3731/3669/3731 3700/3638/3700
f 3700/3638/3700 3731/3669/3731 3732/3670/3732 3701/3639/3701
f 3701/3639/3701 3732/3670/3732 3733/3671/3733 3702/3640/3702
f 3702/3640/3702 3733/3671/3733 3734/3672/3734 3703/3641/3703
f 3703/3641/3703 3734/3672/3734 3735/3673/3735 3704/3642/3704
f 3704/3642/3704 3735/3673/3735 3736/3674/3736 3705/3643/3705
f 3705/3643/3705 3736/3674/3736 3737/3675/3737 3706/3644/3706
f 3706/3644/3706 3737/3675/3737 3738/3676/3738 3707/3645/3707
f 3707/3645/3707 3738/3676/3738 3739/3677/3739 3708/3646/3708
f 3708/3646/3708 3739/3677/3739 3740/3678/3740 3709/3647/3709
f 3709/3647/3709 3740/3678/3740 3741/3679/3741 3710/3648/3710
f 3710/3648/3710 3741/3679/3741 3742/3680/3742 3711/3649/3711
f 3711/3649/3711 3742/3680/3742 3743/3681/3743 3712/3650/3712
f 3712/3650/3712 3743/3681/3743 3744/3682/3744 3713/3651/3713
f 3713/3651/3713 3744/3682/3744 3745/3683/3745 3714/3652/3714
f 3714/3652/3714 3745/3683/3745 3746/3684/3746 3715/3653/3715
f 3715/3653/3715 3746/3684/3746 3747/3685/3747 3716/3654/3716
f 3716/3654/3716 3747/3685/3747 3748/3686/3748 3717/3655/3717
f 3717/3655/3717 3748/3686/3748 3749/3687/3749 3718/3656/3718
f 3718/3656/3718 3749/3687/3749 3750/3688/3750 3719/3657/3719
f 3719/3657/3719 3750/3688/3750 3751/3689/3751 3720/3658/3720
f 3720/3658/3720 3751/3689/3751 3752/3690/3752 3721/3659/3721
f 3721/3659/3721 3752/3690/3752 3753/3691/3753 3722/3660/3722
f 3722/3660/3722 3753/3691/3753 3754/3692/3754 3723/3661/3723
f 3723/3661/3723 3754/3692/3754 3755/3693/3755 3724/3662/3724
f 3724/3662/3724 3755/3693/3755 3756/3694/3756 3725/3663/3725
f 3725/3663/3725 3756/3694/3756 3757/3695/3757 3726/3664/3726
f 3726/3664/3726 3757/3695/3757 3758/3696/3758 3727/3665/3727
f 3727/3665/3727 3758/3696/3758 3759/3697/3759 3728/3666/3728
f 3729/3667/3729 3760/3698/3760 3761/3699/3761 3730/3668/3730
f 3730/3668/3730 3761/3699/3761 3762/3700/3762 3731/3669/3731
f 3731/3669/3731 3762/3700/3762 3763/3701/3763 3732/3670/3732
f 3732/3670/3732 3763/3701/3763 3764/3702/3764 3733/3671/3733
f 3733/3671/3733 3764/3702/3764 3765/3703/3765 3734/3672/3734
f 3734/3672/3734 3765/3703/3765 3766/3704/3766 3735/3673/3735
f 3735/3673/3735 3766/3704/3766 3767/3705/3767 3736/3674/3736
f 3736/3674/3736 3767/3705/3767 3768/3706/3768 3737/3675/3737
f 3737/3675/3737 3768/3706/3768 3769/3707/3769 3738/3676/3738
f 3738/3676/3738 3769/3707/3769 3770/3708/3770 3739/3677/3739
f 3739/3677/3739 3770/3708/3770 3771/3709/3771 3740/3678/3740
f 3740/3678/3740 3771/3709/3771 3772/3710/3772 3741/3679/3741
f 3741/3679/3741 3772/3710/3772 3773/3711/3773 3742/3680/3742
f 3742/3680/3742 3773/3711/3773 3774/3712/3774 3743/3681/3743
f 3743/3681/3743 3774/3712/3774 3775/3713/3775 3744/3682/3744
f 3744/3682/3744 3775/3713/3775 3776/3714/3776 3745/3683/3745
f 3745/3683/3745 3776/3714/3776 3777/3715/3777 3746/3684/3746
f 3746/3684/3746 3777/3715/3777 3778/3716/3778 3747/3685/3747
f 3747/3685/3747 3778/3716/3778 3779/3717/3779 3748/3686/3748
f 3748/3686/3748 3779/3717/3779 3780/3718/3780 3749/3687/3749
f 3749/3687/3749 3780/3718/3780 3781/3719/3781 3750/3688/3750
f 3750/3688/3750 3781/3719/3781 3782/3720/3782 3751/3689/3751
f 3751/3689/3751 3782/3720/3782 3783/3721/3783 3752/3690/3752
f 3752/3690/3752 3783/3721/3783 3784/3722/3784 3753/3691/3753
f 3753/3691/3753 3784/3722/3784 3785/3723/3785 3754/3692/3754
f 3754/3692/3754 3785/3723/3785 3786/3724/3786 3755/3693/3755
f 3755/3693/3755 3786/3724/3786 3787/3725/3787 3756/3694/3756
f 3756/3694/3756 3787/3725/3787 3788/3726/3788 3757/3695/3757
f 3757/3695/3757 3788/3726/3788 3789/3727/3789 3758/3696/3758
f 3758/3696/3758 3789/3727/3789 3790/3728/3790 3759/3697/3759
f 3760/3698/3760 3791/3729/3791 3792/3730/3792 3761/3699/3761
f 3761/3699/3761 3792/3730/3792 3793/3731/3793 3762/3700/3762
f 3762/3700/3762 3793/3731/3793 3794/3732/3794 3763/3701/3763
f 3763/3701/3763 3794/3732/3794 3795/3733/3795 3764/3702/3764
f 3764/3702/3764 3795/3733/3795 3796/3734/3796 3765/3703/3765
f 3765/3703/3765 3796/3734/3796 3797/3735/3797 3766/3704/3766
f 3766/3704/3766 3797/3735/3797 3798/3736/3798 3767/3705/3767
f 3767/3705/3767 3798/3736/3798 3799/3737/3799 3768/3706/3768
f 3768/3706/3768 3799/3737/3799 3800/3738/3800 3769/3707/3769
f 3769/3707/3769 3800/3738/3800 3801/3739/3801 3770/3708/3770
f 3770/3708/3770 3801/3739/3801 3802/3740/3802 3771/3709/3771
f 3771/3709/3771 3802/3740/3802 3803/3741/3803 3772/3710/3772
f 3772/3710/3772 3803/3741/3803 3804/3742/3804 3773/3711/3773
f 3773/3711/3773 3804/3742/3804 3805/3743/3805 3774/3712/3774
f 3774/3712/3774 3805/3743/3805 3806/3744/3806 3775/3713/3775
f 3775/3713/3775 3806/3744/3806 3807/3745/3807 3776/3714/3776
f 3776/3714/3776 3807/3745/3807 3808/3746/3808 3777/3715/3777
f 3777/3715/3777 3808/3746/3808 3809/3747/3809 3778/3716/3778
f 3778/3716/3778 3809/3747/3809 3810/3748/3810 3779/3717/3779
f 3779/3717/3779 3810/3748/3810 3811/3749/3811 3780/3718/3780
f 3780/3718/3780 3811/3749/3811 3812/3750/3812 3781/3719/3781
f 3781/3719/3781 3812/3750/3812 3813/3751/3813 3782/3720/3782
f 3782/3720/3782 3813/3751/3813 3814/3752/3814 3783/3721/3783
f 3783/3721/3783 3814/3752/3814 3815/3753/3815 3784/3722/3784
f 3784/3722/3784 3815/3753/3815 3816/3754/3816 3785/3723/3785
f 3785/3723/3785 3816/3754/3816 3817/3755/3817 3786/3724/3786
f 3786/3724/3786 3817/3755/3817 3818/3756/3818 3787/3725/3787
f 3787/3725/3787 3818/3756/3818 3819/3757/3819 3788/3726/3788
f 3788/3726/3788 3819/3757/3819 3820/3758/3820 3789/3727/3789
f 3789/3727/3789 3820/3758/3820 3821/3759/3821 3790/3728/3790
f 3791/3729/3791 3822/3760/3822 3823/3761/3823 3792/3730/3792
f 3792/3730/3792 3823/3761/3823 3824/3762/3824 3793/3731/3793
f 3793/3731/3793 3824/3762/3824 3825/3763/3825 3794/3732/3794
f 3794/3732/3794 3825/3763/3825 3826/3764/3826 3795/3733/3795
f 3795/3733/3795 3826/3764/3826 3827/3765/3827 3796/3734/3796
f 3796/3734/3796 3827/3765/3827 3828/3766/3828 3797/3735/3797
f 3797/3735/3797 3828/3766/3828 3829/3767/3829 3798/3736/3798
f 3798/3736/3798 3829/3767/3829 3830/3768/3830 3799/3737/3799
f 3799/3737/3799 3830/3768/3830 3831/3769/3831 3800/3738/3800
f 3800/3738/3800 3831/3769/3831 3832/3770/3832 3801/3739/3801
f 3801/3739/3801 3832/3770/3832 3833/3771/3833 3802/3740/3802
f 3802/3740/3802 3833/3771/3833 3834/3772/3834 3803/3741/3803
f 3803/3741/3803 3834/3772/3834 3835/3773/3835 3804/3742/3804
f 3804/3742/3804 3835/3773/3835 3836/3774/3836 3805/3743/3805
f 3805/3743/3805 3836/3774/3836 3837/3775/3837 3806/3744/3806
f 3806/3744/3806 3837/3775/3837 3838/3776/3838 3807/3745/3807
f 3807/3745/3807 3838/3776/3838 3839/3777/3839 3808/3746/3808
f 3808/3746/3808 3839/3777/3839 3840/3778/3840 3809/3747/3809
f 3809/3747/3809 3840/3778/3840 3841/3779/3841 3810/3748/3810
f 3810/3748/3810 3841/3779/3841 3842/3780/3842 3811/3749/3811
f 3811/3749/3811 3842/3780/3842 3843/3781/3843 3812/3750/3812
f 3812/3750/3812 3843/3781/3843 3844/3782/3844 3813/3751/3813
f 3813/3751/3813 3844/3782/3844 3845/3783/3845 3814/3752/3814
f 3814/3752/3814 3845/3783/3845 3846/3784/3846 3815/3753/3815
f 3815/3753/3815 3846/3784/3846 3847/3785/3847 3816/3754/3816
f 3816/3754/3816 3847/3785/3847 3848/3786/3848 3817/3755/3817
f 3817/3755/3817 3848/3786/3848 3849/3787/3849 3818/3756/3818
f 3818/3756/3818 3849/3787/3849 3850/3788/3850 3819/3757/3819
f 3819/3757/3819 3850/3788/3850 3851/3789/3851 3820/3758/3820
f 3820/3758/3820 3851/3789/3851 3852/3790/3852 3821/3759/3821
f 3822/3760/3822 3853/3791/3853 3854/3792/3854 3823/3761/3823
f 3823/3761/3823 3854/3792/3854 3855/3793/3855 3824/3762/3824
f 3824/3762/3824 3855/3793/3855 3856/3794/3856 3825/3763/3825
f 3825/3763/3825 3856/3794/3856 3857/3795/3857 3826/3764/3826
f 3826/3764/3826 3857/3795/3857 3858/3796/3858 3827/3765/3827
f 3827/3765/3827 3858/3796/3858 3859/3797/3859 3828/3766/3828
f 3828/3766/3828 3859/3797/3859 3860/3798/3860 3829/3767/3829
f 3829/3767/3829 3860/3798/3860 3861/3799/3861 3830/3768/3830
f 3830/3768/3830 3861/3799/3861 3862/3800/3862 3831/3769/3831
f 3831/3769/3831 3862/3800/3862 3863/3801/3863 3832/3770/3832
f 3832/3770/3832 3863/3801/3863 3864/3802/3864 3833/3771/3833
f 3833/3771/3833 3864/3802/3864 3865/3803/3865 3834/3772/3834
f 3834/3772/3834 3865/3803/3865 3866/3804/3866 3835/3773/3835
f 3835/3773/3835 3866/3804/3866 3867/3805/3867 3836/3774/3836
f 3836/3774/3836 3867/3805/3867 3868/3806/3868 3837/3775/3837
f 3837/3775/3837 3868/3806/3868 3869/3807/3869 3838/3776/3838
f 3838/3776/3838 3869/3807/3869 3870/3808/3870 3839/3777/3839
f 3839/3777/3839 3870/3808/3870 3871/3809/3871 3840/3778/3840
f 3840/3778/3840 3871/3809/3871 3872/3810/3872 3841/3779/3841
f 3841/3779/3841 3872/3810/3872 3873/3811/3873 3842/3780/3842
f 3842/3780/3842 3873/3811/3873 3874/3812/3874 3843/3781/3843
f 3843/3781/3843 3874/3812/3874 3875/3813/3875 3844/3782/3844
f 3844/3782/3844 3875/3813/3875 3876/3814/3876 3845/3783/3845
f 3845/3783/3845 3876/3814/3876 3877/3815/3877 3846/3784/3846
f 3846/3784/3846 3877/3815/3877 3878/3816/3878 3847/3785/3847
f 3847/3785/3847 3878/3816/3878 3879/3817/3879 3848/3786/3848
f 3848/3786/3848 3879/3817/3879 3880/3818/3880 3849/3787/3849
f 3849/3787/3849 3880/3818/3880 3881/3819/3881 3850/3788/3850
f 3850/3788/3850 3881/3819/3881 3882/3820/3882 3851/3789/3851
f 3851/3789/3851 3882/3820/3882 3883/3821/3883 3852/3790/3852
f 3853/3791/3853 3884/3822/3884 3885/3823/3885 3854/3792/3854
f 3854/3792/3854 3885/3823/3885 3886/3824/3886 3855/3793/3855
f 3855/3793/3855 3886/3824/3886 3887/3825/3887 3856/3794/3856
f 3856/3794/3856 3887/3825/3887 3888/3826/3888 3857/3795/3857
f 3857/3795/3857 3888/3826/3888 3889/3827/3889 3858/3796/3858
f 3858/3796/3858 3889/3827/3889 3890/3828/3890 3859/3797/3859
f 3859/3797/3859 3890/3828/3890 3891/3829/3891 3860/3798/3860
f 3860/3798/3860 3891/3829/3891 3892/3830/3892 3861/3799/3861
f 3861/3799/3861 3892/3830/3892 3893/3831/3893 3862/3800/3862
f 3862/3800/3862 3893/3831/3893 3894/3832/3894 3863/3801/3863
f 3863/3801/3863 3894/3832/3894 3895/3833/3895 3864/3802/3864
f 3864/3802/3864 3895/3833/3895 3896/3834/3896 3865/3803/3865
f 3865/3803/3865 3896/3834/3896 3897/3835/3897 3866/3804/3866
f 3866/3804/3866 3897/3835/3897 3898/3836/3898 3867/3805/3867
f 3867/3805/3867 3898/3836/3898 3899/3837/3899 3868/3806/3868
f 3868/3806/3868 3899/3837/3899 3900/3838/3900 3869/3807/3869
f 3869/3807/3869 3900/3838/3900 3901/3839/3901 3870/3808/3870
f 3870/3808/3870 3901/3839/3901 3902/3840/3902 3871/3809/3871
f 3871/3809/3871 3902/3840/3902 3903/3841/3903 3872/3810/3872
f 3872/3810/3872 3903/3841/3903 3904/3842/3904 3873/3811/3873
f 3873/3811/3873 3904/3842/3904 3905/3843/3905 3874/3812/3874
f 3874/3812/3874 3905/3843/3905 3906/3844/3906 3875/3813/3875
f 3875/3813/3875 3906/3844/3906 3907/3845/3907 3876/3814/3876
f 3876/3814/3876 3907/3845/3907 3908/3846/3908 3877/3815/3877
f 3877/3815/3877 3908/3846/3908 3909/3847/3909 3878/3816/3878
f 3878/3816/3878 3909/3847/3909 3910/3848/3910 3879/3817/3879
f 3879/3817/3879 3910/3848/3910 3911/3849/3911 3880/3818/3880
f 3880/3818/3880 3911/3849/3911 3912/3850/3912 3881/3819/3881
f 3881/3819/3881 3912/3850/3912 3913/3851/3913 3882/3820/3882
f 3882/3820/3882 3913/3851/3913 3914/3852/3914 3883/3821/3883
f 3884/3822/3884 3915/3853/3915 3916/3854/3916 3885/3823/3885
f 3885/3823/3885 3916/3854/3916 3917/3855/3917 3886/3824/3886
f 3886/3824/3886 3917/3855/3917 3918/3856/3918 3887/3825/3887
f 3887/3825/3887 3918/3856/3918 3919/3857/3919 3888/3826/3888
f 3888/3826/3888 3919/3857/3919 3920/3858/3920 3889/3827/3889
f 3889/3827/3889 3920/3858/3920 3921/3859/3921 3890/3828/3890
f 3890/3828/3890 3921/3859/3921 3922/3860/3922 3891/3829/3891
f 3891/3829/3891 3922/3860/3922 3923/3861/3923 3892/3830/3892
f 3892/3830/3892 3923/3861/3923 3924/3862/3924 3893/3831/3893
f 3893/3831/3893 3924/3862/3924 3925/3863/3925 3894/3832/3894
f 3894/3832/3894 3925/3863/3925 3926/3864/3926 3895/3833/3895
f 3895/3833/3895 3926/3864/3926 3927/3865/3927 3896/3834/3896
f 3896/3834/3896 3927/3865/3927 3928/3866/3928 3897/3835/3897
f 3897/3835/3897 3928/3866/3928 3929/3867/3929 3898/3836/3898
f 3898/3836/3898 3929/3867/3929 3930/3868/3930 3899/3837/3899
f 3899/3837/3899 3930/3868/3930 3931/3869/3931 3900/3838/3900
f 3900/3838/3900 3931/3869/3931 3932/3870/3932 3901/3839/3901
f 3901/3839/3901 3932/3870/3932 3933/3871/3933 3902/3840/3902
f 3902/3840/3902 3933/3871/3933 3934/3872/3934 3903/3841/3903
f 3903/3841/3903 3934/3872/3934 3935/3873/3935 3904/3842/3904
f 3904/3842/3904 3935/3873/3935 3936/3874/3936 3905/3843/3905
f 3905/3843/3905 3936/3874/3936 3937/3875/3937 3906/3844/3906
f 3906/3844/3906 3937/3875/3937 3938/3876/3938 3907/3845/3907
f 3907/3845/3907 3938/3876/3938 3939/3877/3939 3908/3846/3908
f 3908/3846/3908 3939/3877/3939 3940/3878/3940 3909/3847/3909
f 3909/3847/3909 3940/3878/3940 3941/3879/3941 3910/3848/3910
f 3910/3848/3910 3941/3879/3941 3942/3880/3942 3911/3849/3911
f 3911/3849/3911 3942/3880/3942 3943/3881/3943 3912/3850/3912
f 3912/3850/3912 3943/3881/3943 3944/3882/3944 3913/3851/3913
f 3913/3851/3913 3944/3882/3944 3945/3883/3945 3914/3852/3914
f 3915/3853/3915 3946/3884/3946 3947/3885/3947 3916/3854/3916
f 3916/3854/3916 3947/3885/3947 3948/3886/3948 3917/3855/3917
f 3917/3855/3917 3948/3886/3948 3949/3887/3949 3918/3856/3918
f 3918/3856/3918 3949/3887/3949 3950/3888/3950 3919/3857/3919
f 3919/3857/3919 3950/3888/3950 3951/3889/3951 3920/3858/3920
f 3920/3858/3920 3951/3889/3951 3952/3890/3952 3921/3859/3921
f 3921/3859/3921 3952/3890/3952 3953/3891/3953 3922/3860/3922
f 3922/3860/3922 3953/3891/3953 3954/3892/3954 3923/3861/3923
f 3923/3861/3923 3954/3892/3954 3955/3893/3955 3924/3862/3924
f 3924/3862/3924 3955/3893/3955 3956/3894/3956 3925/3863/3925
f 3925/3863/3925 3956/3894/3956 3957/3895/3957 3926/3864/3926
f 3926/3864/3926 3957/3895/3957 3958/3896/3958 3927/3865/3927
f 3927/3865/3927 3958/3896/3958 3959/3897/3959 3928/3866/3928
f 3928/3866/3928 3959/3897/3959 3960/3898/3960 3929/3867/3929
f 3929/3867/3929 3960/3898/3960 3961/3899/3961 3930/3868/3930
f 3930/3868/3930 3961/3899/3961 3962/3900/3962 3931/3869/3931
f 3931/3869/3931 3962/3900/3962 3963/3901/3963 3932/3870/3932
f 3932/3870/3932 3963/3901/3963 3964/3902/3964 3933/3871/3933
f 3933/3871/3933 3964/3902/3964 3965/3903/3965 3934/3872/3934
f 3934/3872/3934 3965/3903/3965 3966/3904/3966 3935/3873/3935
f 3935/3873/3935 3966/3904/3966 3967/3905/3967 3936/3874/3936
f 3936/3874/3936 3967/3905/3967 3968/3906/3968 3937/3875/3937
f 3937/3875/3937 3968/3906/3968 3969/3907/3969 3938/3876/3938
f 3938/3876/3938 3969/3907/3969 3970/3908/3970 3939/3877/3939
f 3939/3877/3939 3970/3908/3970 3971/3909/3971 3940/3878/3940
f 3940/3878/3940 3971/3909/3971 3972/3910/3972 3941/3879/3941
f 3941/3879/3941 3972/3910/3972 3973/3911/3973 3942/3880/3942
f 3942/3880/3942 3973/3911/3973 3974/3912/3974 3943/3881/3943
f 3943/3881/3943 3974/3912/3974 3975/3913/3975 3944/3882/3944
f 3944/3882/3944 3975/3913/3975 3976/3914/3976 3945/3883/3945
f 3946/3884/3946 3977/3915/3977 3978/3916/3978 3947/3885/3947
f 3947/3885/3947 3978/3916/3978 3979/3917/3979 3948/3886/3948
f 3948/3886/3948 3979/3917/3979 3980/3918/3980 3949/3887/3949
f 3949/3887/3949 3980/3918/3980 3981/3919/3981 3950/3888/3950
f 3950/3888/3950 3981/3919/3981 3982/3920/3982 3951/3889/3951
f 3951/3889/3951 3982/3920/3982 3983/3921/3983 3952/3890/3952
f 3952/3890/3952 3983/3921/3983 3984/3922/3984 3953/3891/3953
f 3953/3891/3953 3984/3922/3984 3985/3923/3985 3954/3892/3954
f 3954/3892/3954 3985/3923/3985 3986/3924/3986 3955/3893/3955
f 3955/3893/3955 3986/3924/3986 3987/3925/3987 3956/3894/3956
f 3956/3894/3956 3987/3925/3987 3988/3926/3988 3957/3895/3957
f 3957/3895/3957 3988/3926/3988 3989/3927/3989 3958/3896/3958
f 3958/3896/3958 3989/3927/3989 3990/3928/3990 3959/3897/3959
f 3959/3897/3959 3990/3928/3990 3991/3929/3991 3960/3898/3960
f 3960/3898/3960 3991/3929/3991 3992/3930/3992 3961/3899/3961
f 3961/3899/3961 3992/3930/3992 3993/3931/3993 3962/3900/3962
f 3962/3900/3962 3993/3931/3993 3994/3932/3994 3963/3901/3963
f 3963/3901/3963 3994/3932/3994 3995/3933/3995 3964/3902/3964
f 3964/3902/3964 3995/3933/3995 3996/3934/3996 3965/3903/3965
f 3965/3903/3965 3996/3934/3996 3997/3935/3997 3966/3904/3966
f 3966/3904/3966 3997/3935/3997 3998/3936/3998 3967/3905/3967
f 3967/3905/3967 3998/3936/3998 3999/3937/3999 3968/3906/3968
f 3968/3906/3968 3999/3937/3999 4000/3938/4000 3969/3907/3969
f 3969/3907/3969 4000/3938/4000 4001/3939/4001 3970/3908/3970
f 3970/3908/3970 4001/3939/4001 4002/3940/4002 3971/3909/3971
f 3971/3909/3971 4002/3940/4002 4003/3941/4003 3972/3910/3972
f 3972/3910/3972 4003/3941/4003 4004/3942/4004 3973/3911/3973
f 3973/3911/3973 4004/3942/4004 4005/3943/4005 3974/3912/3974
f 3974/3912/3974 4005/3943/4005 4006/3944/4006 3975/3913/3975
f 3975/3913/3975 4006/3944/4006 4007/3945/4007 3976/3914/3976
f 3977/3915/3977 4008/3946/4008 4009/3947/4009 3978/3916/3978
f 3978/3916/3978 4009/3947/4009 4010/3948/4010 3979/3917/3979
f 3979/3917/3979 4010/3948/4010 4011/3949/4011 3980/3918/3980
f 3980/3918/3980 4011/3949/4011 4012/3950/4012 3981/3919/3981
f 3981/3919/3981 4012/3950/4012 4013/3951/4013 3982/3920/3982
f 3982/3920/3982 4013/3951/4013 4014/3952/4014 3983/3921/3983
f 3983/3921/3983 4014/3952/4014 4015/3953/4015 3984/3922/3984
f 3984/3922/3984 4015/3953/4015 4016/3954/4016 3985/3923/3985
f 3985/3923/3985 4016/3954/4016 4017/3955/4017 3986/3924/3986
f 3986/3924/3986 4017/3955/4017 4018/3956/4018 3987/3925/3987
f 3987/3925/3987 4018/3956/4018 4019/3957/4019 3988/3926/3988
f 3988/3926/3988 4019/3957/4019 4020/3958/4020 3989/3927/3989
f 3989/3927/3989 4020/3958/4020 4021/3959/4021 3990/3928/3990
f 3990/3928/3990 4021/3959/4021 4022/3960/4022 3991/3929/3991
f 3991/3929/3991 4022/3960/4022 4023/3961/4023 3992/3930/3992
f 3992/3930/3992 4023/3961/4023 4024/3962/4024 3993/3931/3993
f 3993/3931/3993 4024/3962/4024 4025/3963/4025 3994/3932/3994
f 3994/3932/3994 4025/3963/4025 4026/3964/4026 3995/3933/3995
f 3995/3933/3995 4026/3964/4026 4027/3965/4027 3996/3934/3996
f 3996/3934/3996 4027/3965/4027 4028/3966/4028 3997/3935/3997
f 3997/3935/3997 4028/3966/4028 4029/3967/4029 3998/3936/3998
f 3998/3936/3998 4029/3967/4029 4030/3968/4030 3999/3937/3999
f 3999/3937/3999 4030/3968/4030 4031/3969/4031 4000/3938/4000
f 4000/3938/4000 4031/3969/4031 4032/3970/4032 4001/3939/4001
f 4001/3939/4001 4032/3970/4032 4033/3971/4033 4002/3940/4002
f 4002/3940/4002 4033/3971/4033 4034/3972/4034 4003/3941/4003
f 4003/3941/4003 4034/3972/4034 4035/3973/4035 4004/3942/4004
f 4004/3942/4004 4035/3973/4035 4036/3974/4036 4005/3943/4005
f 4005/3943/4005 4036/3974/4036 4037/3975/4037 4006/3944/4006
f 4006/3944/4006 4037/3975/4037 4038/3976/4038 4007/3945/4007
f 4008/3946/4008 4039/3977/4039 4040/3978/4040 4009/3947/4009
f 4009/3947/4009 4040/3978/4040 4041/3979/4041 4010/3948/4010
f 4010/3948/4010 4041/3979/4041 4042/3980/4042 4011/3949/4011
f 4011/3949/4011 4042/3980/4042 4043/3981/4043 4012/3950/4012
f 4012/3950/4012 4043/3981/4043 4044/3982/4044 4013/3951/4013
f 4013/3951/4013 4044/3982/4044 4045/3983/4045 4014/3952/4014
f 4014/3952/4014 4045/3983/4045 4046/3984/4046 4015/3953/4015
f 4015/3953/4015 4046/3984/4046 4047/3985/4047 4016/3954/4016
f 4016/3954/4016 4047/3985/4047 4048/3986/4048 4017/3955/4017
f 4017/3955/4017 4048/3986/4048 4049/3987/4049 4018/3956/4018
f 4018/3956/4018 4049/3987/4049 4050/3988/4050 4019/3957/4019
f 4019/3957/4019 4050/3988/4050 4051/3989/4051 4020/3958/4020
f 4020/3958/4020 4051/3989/4051 4052/3990/4052 4021/3959/4021
f 4021/3959/4021 4052/3990/4052 4053/3991/4053 4022/3960/4022
f 4022/3960/4022 4053/3991/4053 4054/3992/4054 4023/3961/4023
f 4023/3961/4023 4054/3992/4054 4055/3993/4055 4024/3962/4024
f 4024/3962/4024 4055/3993/4055 4056/3994/4056 4025/3963/4025
f 4025/3963/4025 4056/3994/4056 4057/3995/4057 4026/3964/4026
f 4026/3964/4026 4057/3995/4057 4058/3996/4058 4027/3965/4027
f 4027/3965/4027 4058/3996/4058 4059/3997/4059 4028/3966/4028
f 4028/3966/4028 4059/3997/4059 4060/3998/4060 4029/3967/4029
f 4029/3967/4029 4060/3998/4060 4061/3999/4061 4030/3968/4030
f 4030/3968/4030 4061/3999/4061 4062/4000/4062 4031/3969/4031
f 4031/3969/4031 4062/4000/4062 4063/4001/4063 4032/3970/4032
f 4032/3970/4032 4063/4001/4063 4064/4002/4064 4033/3971/4033
f 4033/3971/4033 4064/4002/4064 4065/4003/4065 4034/3972/4034
f 4034/3972/4034 4065/4003/4065 4066/4004/4066 4035/3973/4035
f 4035/3973/4035 4066/4004/4066 4067/4005/4067 4036/3974/4036
f 4036/3974/4036 4067/4005/4067 4068/4006/4068 4037/3975/4037
f 4037/3975/4037 4068/4006/4068 4069/4007/4069 4038/3976/4038
f 4039/3977/4039 4070/4008/4070 4071/4009/4071 4040/3978/4040
f 4040/3978/4040 4071/4009/4071 4072/4010/4072 4041/3979/4041
f 4041/3979/4041 4072/4010/4072 4073/4011/4073 4042/3980/4042
f 4042/3980/4042 4073/4011/4073 4074/4012/4074 4043/3981/4043
f 4043/3981/4043 4074/4012/4074 4075/4013/4075 4044/3982/4044
f 4044/3982/4044 4075/4013/4075 4076/4014/4076 4045/3983/4045
f 4045/3983/4045 4076/4014/4076 4077/4015/4077 4046/3984/4046
f 4046/3984/4046 4077/4015/4077 4078/4016/4078 4047/3985/4047
f 4047/3985/4047 4078/4016/4078 4079/4017/4079 4048/3986/4048
f 4048/3986/4048 4079/4017/4079 4080/4018/4080 4049/3987/4049
f 4049/3987/4049 4080/4018/4080 4081/4019/4081 4050/3988/4050
f 4050/3988/4050 4081/4019/4081 4082/4020/4082 4051/3989/4051
f 4051/3989/4051 4082/4020/4082 4083/4021/4083 4052/3990/4052
f 4052/3990/4052 4083/4021/4083 4084/4022/4084 4053/3991/4053
f 4053/3991/4053 4084/4022/4084 4085/4023/4085 4054/3992/4054
f 4054/3992/4054 4085/4023/4085 4086/4024/4086 4055/3993/4055
f 4055/3993/4055 4086/4024/4086 4087/4025/4087 4056/3994/4056
f 4056/3994/4056 4087/4025/4087 4088/4026/4088 4057/3995/4057
f 4057/3995/4057 4088/4026/4088 4089/4027/4089 4058/3996/4058
f 4058/3996/4058 4089/4027/4089 4090/4028/4090 4059/3997/4059
f 4059/3997/4059 4090/4028/4090 4091/4029/4091 4060/3998/4060
f 4060/3998/4060 4091/4029/4091 4092/4030/4092 4061/3999/4061
f 4061/3999/4061 4092/4030/4092 4093/4031/4093 4062/4000/4062
f 4062/4000/4062 4093/4031/4093 4094/4032/4094 4063/4001/4063
f 4063/4001/4063 4094/4032/4094 4095/4033/4095 4064/4002/4064
f 4064/4002/4064 4095/4033/4095 4096/4034/4096 4065/4003/4065
f 4065/4003/4065 4096/4034/4096 4097/4035/4097 4066/4004/4066
f 4066/4004/4066 4097/4035/4097 4098/4036/4098 4067/4005/4067
f 4067/4005/4067 4098/4036/4098 4099/4037/4099 4068/4006/4068
f 4068/4006/4068 4099/4037/4099 4100/4038/4100 4069/4007/4069
f 4070/4008/4070 4101/4039/4101 4102/4040/4102 4071/4009/4071
f 4071/4009/4071 4102/4040/4102 4103/4041/4103 4072/4010/4072
f 4072/4010/4072 4103/4041/4103 4104/4042/4104 4073/4011/4073
f 4073/4011/4073 4104/4042/4104 4105/4043/4105 4074/4012/4074
f 4074/4012/4074 4105/4043/4105 4106/4044/4106 4075/4013/4075
f 4075/4013/4075 4106/4044/4106 4107/4045/4107 4076/4014/4076
f 4076/4014/4076 4107/4045/4107 4108/4046/4108 4077/4015/4077
f 4077/4015/4077 4108/4046/4108 4109/4047/4109 4078/4016/4078
f 4078/4016/4078 4109/4047/4109 4110/4048/4110 4079/4017/4079
f 4079/4017/4079 4110/4048/4110 4111/4049/4111 4080/4018/4080
f 4080/4018/4080 4111/4049/4111 4112/4050/4112 4081/4019/4081
f 4081/4019/4081 4112/4050/4112 4113/4051/4113 4082/4020/4082
f 4082/4020/4082 4113/4051/4113 4114/4052/4114 4083/4021/4083
f 4083/4021/4083 4114/4052/4114 4115/4053/4115 4084/4022/4084
f 4084/4022/4084 4115/4053/4115 4116/4054/4116 4085/4023/4085
f 4085/4023/4085 4116/4054/4116 4117/4055/4117 4086/4024/4086
f 4086/4024/4086 4117/4055/4117 4118/4056/4118 4087/4025/4087
f 4087/4025/4087 4118/4056/4118 4119/4057/4119 4088/4026/4088
f 4088/4026/4088 4119/4057/4119 4120/4058/4120 4089/4027/4089
f 4089/4027/4089 4120/4058/4120 4121/4059/4121 4090/4028/4090
f 4090/4028/4090 4121/4059/4121 4122/4060/4122 4091/4029/4091
f 4091/4029/4091 4122/4060/4122 4123/4061/4123 4092/4030/4092
f 4092/4030/4092 4123/4061/4123 4124/4062/4124 4093/4031/4093
f 4093/4031/4093 4124/4062/4124 4125/4063/4125 4094/4032/4094
f 4094/4032/4094 4125/4063/4125 4126/4064/4126 4095/4033/4095
f 4095/4033/4095 4126/4064/4126 4127/4065/4127 4096/4034/4096
f 4096/4034/4096 4127/4065/4127 4128/4066/4128 4097/4035/4097
f 4097/4035/4097 4128/4066/4128 4129/4067/4129 4098/4036/4098
f 4098/4036/4098 4129/4067/4129 4130/4068/4130 4099/4037/4099
f 4099/4037/4099 4130/4068/4130 4131/4069/4131 4100/4038/4100
f 4101/4039/4101 4132/4070/4132 4133/4071/4133 4102/4040/4102
f 4102/4040/4102 4133/4071/4133 4134/4072/4134 4103/4041/4103
f 4103/4041/4103 4134/4072/4134 4135/4073/4135 4104/4042/4104
f 4104/4042/4104 4135/4073/4135 4136/4074/4136 4105/4043/4105
f 4105/4043/4105 4136/4074/4136 4137/4075/4137 4106/4044/4106
f 4106/4044/4106 4137/4075/4137 4138/4076/4138 4107/4045/4107
f 4107/4045/4107 4138/4076/4138 4139/4077/4139 4108/4046/4108
f 4108/4046/4108 4139/4077/4139 4140/4078/4140 4109/4047/4109
f 4109/4047/4109 4140/4078/4140 4141/4079/4141 4110/4048/4110
f 4110/4048/4110 4141/4079/4141 4142/4080/4142 4111/4049/4111
f 4111/4049/4111 4142/4080/4142 4143/4081/4143 4112/4050/4112
f 4112/4050/4112 4143/4081/4143 4144/4082/4144 4113/4051/4113
f 4113/4051/4113 4144/4082/4144 4145/4083/4145 4114/4052/4114
f 4114/4052/4114 4145/4083/4145 4146/4084/4146 4115/4053/4115
f 4115/4053/4115 4146/4084/4146 4147/4085/4147 4116/4054/4116
f 4116/4054/4116 4147/4085/4147 4148/4086/4148 4117/4055/4117
f 4117/4055/4117 4148/4086/4148 4149/4087/4149 4118/4056/4118
f 4118/4056/4118 4149/4087/4149 4150/4088/4150 4119/4057/4119
f 4119/4057/4119 4150/4088/4150 4151/4089/4151 4120/4058/4120
f 4120/4058/4120 4151/4089/4151 4152/4090/4152 4121/4059/4121
f 4121/4059/4121 4152/4090/4152 4153/4091/4153 4122/4060/4122
f 4122/4060/4122 4153/4091/4153 4154/4092/4154 4123/4061/4123
f 4123/4061/4123 4154/4092/4154 4155/4093/4155 4124/4062/4124
f 4124/4062/4124 4155/4093/4155 4156/4094/4156 4125/4063/4125
f 4125/4063/4125 4156/4094/4156 4157/4095/4157 4126/4064/4126
f 4126/4064/4126 4157/4095/4157 4158/4096/4158 4127/4065/4127
f 4127/4065/4127 4158/4096/4158 4159/4097/4159 4128/4066/4128
f 4128/4066/4128 4159/4097/4159 4160/4098/4160 4129/4067/4129
f 4129/4067/4129 4160/4098/4160 4161/4099/4161 4130/4068/4130
f 4130/4068/4130 4161/4099/4161 4162/4100/4162 4131/4069/4131
f 4132/4070/4132 4163/4101/4163 4164/4102/4164 4133/4071/4133
f 4133/4071/4133 4164/4102/4164 4165/4103/4165 4134/4072/4134
f 4134/4072/4134 4165/4103/4165 4166/4104/4166 4135/4073/4135
f 4135/4073/4135 4166/4104/4166 4167/4105/4167 4136/4074/4136
f 4136/4074/4136 4167/4105/4167 4168/4106/4168 4137/4075/4137
f 4137/4075/4137 4168/4106/4168 4169/4107/4169 4138/4076/4138
f 4138/4076/4138 4169/4107/4169 4170/4108/4170 4139/4077/4139
f 4139/4077/4139 4170/4108/4170 4171/4109/4171 4140/4078/4140
f 4140/4078/4140 4171/4109/4171 4172/4110/4172 4141/4079/4141
f 4141/4079/4141 4172/4110/4172 4173/4111/4173 4142/4080/4142
f 4142/4080/4142 4173/4111/4173 4174/4112/4174 4143/4081/4143
f 4143/4081/4143 4174/4112/4174 4175/4113/4175 4144/4082/4144
f 4144/4082/4144 4175/4113/4175 4176/4114/4176 4145/4083/4145
f 4145/4083/4145 4176/4114/4176 4177/4115/4177 4146/4084/4146
f 4146/4084/4146 4177/4115/4177 4178/4116/4178 4147/4085/4147
f 4147/4085/4147 4178/4116/4178 4179/4117/4179 4148/4086/4148
f 4148/4086/4148 4179/4117/4179 4180/4118/4180 4149/4087/4149
f 4149/4087/4149 4180/4118/4180 4181/4119/4181 4150/4088/4150
f 4150/4088/4150 4181/4119/4181 4182/4120/4182 4151/4089/4151
f 4151/4089/4151 4182/4120/4182 4183/4121/4183 4152/4090/4152
f 4152/4090/4152 4183/4121/4183 4184/4122/4184 4153/4091/4153
f 4153/4091/4153 4184/4122/4184 4185/4123/4185 4154/4092/4154
f 4154/4092/4154 4185/4123/4185 4186/4124/4186 4155/4093/4155
f 4155/4093/4155 4186/4124/4186 4187/4125/4187 4156/4094/4156
f 4156/4094/4156 4187/4125/4187 4188/4126/4188 4157/4095/4157
f 4157/4095/4157 4188/4126/4188 4189/4127/4189 4158/4096/4158
f 4158/4096/4158 4189/4127/4189 4190/4128/4190 4159/4097/4159
f 4159/4097/4159 4190/4128/4190 4191/4129/4191 4160/4098/4160
f 4160/4098/4160 4191/4129/4191 4192/4130/4192 4161/4099/4161
f 4161/4099/4161 4192/4130/4192 4193/4131/4193 4162/4100/4162
f 4163/4101/4163 4194/4132/4194 4195/4133/4195 4164/4102/4164
f 4164/4102/4164 4195/4133/4195 4196/4134/4196 4165/4103/4165
f 4165/4103/4165 4196/4134/4196 4197/4135/4197 4166/4104/4166
f 4166/4104/4166 4197/4135/4197 4198/4136/4198 4167/4105/4167
f 4167/4105/4167 4198/4136/4198 4199/4137/4199 4168/4106/4168
f 4168/4106/4168 4199/4137/4199 4200/4138/4200 4169/4107/4169
f 4169/4107/4169 4200/4138/4200 4201/4139/4201 4170/4108/4170
f 4170/4108/4170 4201/4139/4201 4202/4140/4202 4171/4109/4171
f 4171/4109/4171 4202/4140/4202 4203/4141/4203 4172/4110/4172
f 4172/4110/4172 4203/4141/4203 4204/4142/4204 4173/4111/4173
f 4173/4111/4173 4204/4142/4204 4205/4143/4205 4174/4112/4174
f 4174/4112/4174 4205/4143/4205 4206/4144/4206 4175/4113/4175
f 4175/4113/4175 4206/4144/4206 4207/4145/4207 4176/4114/4176
f 4176/4114/4176 4207/4145/4207 4208/4146/4208 4177/4115/4177
f 4177/4115/4177 4208/4146/4208 4209/4147/4209 4178/4116/4178
f 4178/4116/4178 4209/4147/4209 4210/4148/4210 4179/4117/4179
f 4179/4117/4179 4210/4148/4210 4211/4149/4211 4180/4118/4180
f 4180/4118/4180 4211/4149/4211 4212/4150/4212 4181/4119/4181
f 4181/4119/4181 4212/4150/4212 4213/4151/4213 4182/4120/4182
f 4182/4120/4182 4213/4151/4213 4214/4152/4214 4183/4121/4183
f 4183/4121/4183 4214/4152/4214 4215/4153/4215 4184/4122/4184
f 4184/4122/4184 4215/4153/4215 4216/4154/4216 4185/4123/4185
f 4185/4123/4185 4216/4154/4216 4217/4155/4217 4186/4124/4186
f 4186/4124/4186 4217/4155/4217 4218/4156/4218 4187/4125/4187
f 4187/4125/4187 4218/4156/4218 4219/4157/4219 4188/4126/4188
f 4188/4126/4188 4219/4157/4219 4220/4158/4220 4189/4127/4189
f 4189/4127/4189 4220/4158/4220 4221/4159/4221 4190/4128/4190
f 4190/4128/4190 4221/4159/4221 4222/4160/4222 4191/4129/4191
f 4191/4129/4191 4222/4160/4222 4223/4161/4223 4192/4130/4192
f 4192/4130/4192 4223/4161/4223 4224/4162/4224 4193/4131/4193
f 3/1060/3 319/4163/319 3264/3202/3264 71/1058/71
f 71/1058/71 3264/3202/3264 3265/3205/3265 72/1057/72
f 72/1057/72 3265/3205/3265 3266/3207/3266 73/1056/73
f 73/1056/73 3266/3207/3266 3267/3209/3267 74/1055/74
f 74/1055/74 3267/3209/3267 3268/3211/3268 75/1054/75
f 75/1054/75 3268/3211/3268 3269/3213/3269 76/1053/76
f 76/1053/76 3269/3213/3269 3270/3215/3270 77/1052/77
f 77/1052/77 3270/3215/3270 3271/3217/3271 78/1051/78
f 78/1051/78 3271/3217/3271 3272/3219/3272 79/1050/79
f 79/1050/79 3272/3219/3272 3273/3221/3273 80/1049/80
f 80/1049/80 3273/3221/3273 3274/3223/3274 81/1048/81
f 81/1048/81 3274/3223/3274 3275/3225/3275 82/1047/82
f 82/1047/82 3275/3225/3275 3276/3227/3276 83/1046/83
f 83/1046/83 3276/3227/3276 3277/3229/3277 84/1045/84
f 84/1045/84 3277/3229/3277 3278/3231/3278 85/1044/85
f 85/1044/85 3278/3231/3278 3279/3233/3279 86/1043/86
f 86/1043/86 3279/3233/3279 3280/3235/3280 87/1042/87
f 87/1042/87 3280/3235/3280 3281/3237/3281 88/1041/88
f 88/1041/88 3281/3237/3281 3282/3239/3282 89/1040/89
f 89/1040/89 3282/3239/3282 3283/3241/3283 90/1039/90
f 90/1039/90 3283/3241/3283 3284/3243/3284 91/1038/91
f 91/1038/91 3284/3243/3284 3285/3245/3285 92/1037/92
f 92/1037/92 3285/3245/3285 3286/3247/3286 93/1036/93
f 93/1036/93 3286/3247/3286 3287/3249/3287 94/1035/94
f 94/1035/94 3287/3249/3287 3288/3251/3288 95/1034/95
f 95/1034/95 3288/3251/3288 3289/3253/3289 96/1033/96
f 96/1033/96 3289/3253/3289 3290/3255/3290 97/1032/97
f 97/1032/97 3290/3255/3290 3291/3257/3291 98/1031/98
f 98/1031/98 3291/3257/3291 3292/3259/3292 99/1030/99
f 99/1030/99 3292/3259/3292 3293/3261/3293 100/1029/100
f 100/1029/100 3293/3261/3293 3294/3263/3294 101/1027/101
f 101/1027/101 3294/3263/3294 318/3171/318 7/1028/7
f 3294/3263/3294 3325/3262/3325 317/3170/317 318/3171/318
f 3325/3262/3325 3356/3294/3356 316/3169/316 317/3170/317
f 3356/3294/3356 3387/3325/3387 315/3168/315 316/3169/316
f 3387/3325/3387 3418/3356/3418 314/3167/314 315/3168/315
f 3418/3356/3418 3449/3387/3449 313/3166/313 314/3167/314
f 3449/3387/3449 3480/3418/3480 312/3165/312 313/3166/313
f 3480/3418/3480 3511/3449/3511 311/3164/311 312/3165/312
f 3511/3449/3511 3542/3480/3542 310/3163/310 311/3164/311
f 3542/3480/3542 3573/3511/3573 309/3162/309 310/3163/310
f 3573/3511/3573 3604/3542/3604 308/3161/308 309/3162/309
f 3604/3542/3604 3635/3573/3635 307/3160/307 308/3161/308
f 3635/3573/3635 3666/3604/3666 306/3159/306 307/3160/307
f 3666/3604/3666 3697/3635/3697 305/3158/305 306/3159/306
f 3697/3635/3697 3728/3666/3728 304/3157/304 305/3158/305
f 3728/3666/3728 3759/3697/3759 303/3156/303 304/3157/304
f 3759/3697/3759 3790/3728/3790 302/3155/302 303/3156/303
f 3790/3728/3790 3821/3759/3821 301/3154/301 302/3155/302
f 3821/3759/3821 3852/3790/3852 300/3153/300 301/3154/301
f 3852/3790/3852 3883/3821/3883 299/3152/299 300/3153/300
f 3883/3821/3883 3914/3852/3914 298/3151/298 299/3152/299
f 3914/3852/3914 3945/3883/3945 297/3150/297 298/3151/298
f 3945/3883/3945 3976/3914/3976 296/3149/296 297/3150/297
f 3976/3914/3976 4007/3945/4007 295/3148/295 296/3149/296
f 4007/3945/4007 4038/3976/4038 294/3147/294 295/3148/295
f 4038/3976/4038 4069/4007/4069 293/3146/293 294/3147/294
f 4069/4007/4069 4100/4038/4100 292/3145/292 293/3146/293
f 4100/4038/4100 4131/4069/4131 291/3144/291 292/3145/292
f 4131/4069/4131 4162/4100/4162 290/3143/290 291/3144/291
f 4162/4100/4162 4193/4131/4193 289/3142/289 290/3143/290
f 4193/4131/4193 4224/4162/4224 288/3141/288 289/3142/289
f 4224/4162/4224 133/2147/133 8/2149/8 288/3141/288
f 4223/4161/4223 134/2146/134 133/2147/133 4224/4162/4224
f 4222/4160/4222 135/2145/135 134/2146/134 4223/4161/4223
f 4221/4159/4221 136/2144/136 135/2145/135 4222/4160/4222
f 4220/4158/4220 137/2143/137 136/2144/136 4221/4159/4221
f 4219/4157/4219 138/2142/138 137/2143/137 4220/4158/4220
f 4218/4156/4218 139/2141/139 138/2142/138 4219/4157/4219
f 4217/4155/4217 140/2140/140 139/2141/139 4218/4156/4218
f 4216/4154/4216 141/2139/141 140/2140/140 4217/4155/4217
f 4215/4153/4215 142/2138/142 141/2139/141 4216/4154/4216
f 4214/4152/4214 143/2137/143 142/2138/142 4215/4153/4215
f 4213/4151/4213 144/2136/144 143/2137/143 4214/4152/4214
f 4212/4150/4212 145/2135/145 144/2136/144 4213/4151/4213
f 4211/4149/4211 146/2134/146 145/2135/145 4212/4150/4212
f 4210/4148/4210 147/2133/147 146/2134/146 4211/4149/4211
f 4209/4147/4209 148/2132/148 147/2133/147 4210/4148/4210
f 4208/4146/4208 149/2131/149 148/2132/148 4209/4147/4209
f 4207/4145/4207 150/2130/150 149/2131/149 4208/4146/4208
f 4206/4144/4206 151/2129/151 150/2130/150 4207/4145/4207
f 4205/4143/4205 152/2128/152 151/2129/151 4206/4144/4206
f 4204/4142/4204 153/2127/153 152/2128/152 4205/4143/4205
f 4203/4141/4203 154/2126/154 153/2127/153 4204/4142/4204
f 4202/4140/4202 155/2125/155 154/2126/154 4203/4141/4203
f 4201/4139/4201 156/2124/156 155/2125/155 4202/4140/4202
f 4200/4138/4200 157/2123/157 156/2124/156 4201/4139/4201
f 4199/4137/4199 158/2122/158 157/2123/157 4200/4138/4200
f 4198/4136/4198 159/2121/159 158/2122/158 4199/4137/4199
f 4197/4135/4197 160/2120/160 159/2121/159 4198/4136/4198
f 4196/4134/4196 161/2119/161 160/2120/160 4197/4135/4197
f 4195/4133/4195 162/2118/162 161/2119/161 4196/4134/4196
f 4194/4132/4194 163/2116/163 162/2118/162 4195/4133/4195
f 349/4164/349 4/2117/4 163/2116/163 4194/4132/4194
f 348/4165/348 349/4164/349 4194/4132/4194 4163/4101/4163
f 347/4166/347 348/4165/348 4163/4101/4163 4132/4070/4132
f 346/4167/346 347/4166/347 4132/4070/4132 4101/4039/4101
f 345/4168/345 346/4167/346 4101/4039/4101 4070/4008/4070
f 344/4169/344 345/4168/345 4070/4008/4070 4039/3977/4039
f 343/4170/343 344/4169/344 4039/3977/4039 4008/3946/4008
f 342/4171/342 343/4170/343 4008/3946/4008 3977/3915/3977
f 341/4172/341 342/4171/342 3977/3915/3977 3946/3884/3946
f 340/4173/340 341/4172/341 3946/3884/3946 3915/3853/3915
f 339/4174/339 340/4173/340 3915/3853/3915 3884/3822/3884
f 338/4175/338 339/4174/339 3884/3822/3884 3853/3791/3853
f 337/4176/337 338/4175/338 3853/3791/3853 3822/3760/3822
f 336/4177/336 337/4176/337 3822/3760/3822 3791/3729/3791
f 335/4178/335 336/4177/336 3791/3729/3791 3760/3698/3760
f 334/4179/334 335/4178/335 3760/3698/3760 3729/3667/3729
f 333/4180/333 334/4179/334 3729/3667/3729 3698/3636/3698
f 332/4181/332 333/4180/333 3698/3636/3698 3667/3605/3667
f 331/4182/331 332/4181/332 3667/3605/3667 3636/3574/3636
f 330/4183/330 331/4182/331 3636/3574/3636 3605/3543/3605
f 329/4184/329 330/4183/330 3605/3543/3605 3574/3512/3574
f 328/4185/328 329/4184/329 3574/3512/3574 3543/3481/3543
f 327/4186/327 328/4185/328 3543/3481/3543 3512/3450/3512
f 326/4187/326 327/4186/327 3512/3450/3512 3481/3419/3481
f 325/4188/325 326/4187/326 3481/3419/3481 3450/3388/3450
f 324/4189/324 325/4188/325 3450/3388/3450 3419/3357/3419
f 323/4190/323 324/4189/324 3419/3357/3419 3388/3326/3388
f 322/4191/322 323/4190/323 3388/3326/3388 3357/3295/3357
f 321/4192/321 322/4191/322 3357/3295/3357 3326/3264/3326
f 320/4193/320 321/4192/321 3326/3264/3326 3295/3203/3295
f 319/4163/319 320/4193/320 3295/3203/3295 3264/3202/3264
f 4225/4194/4225 4256/4195/4256 4257/4196/4257 4226/4197/4226
f 4226/4197/4226 4257/4196/4257 4258/4198/4258 4227/4199/4227
f 4227/4199/4227 4258/4198/4258 4259/4200/4259 4228/4201/4228
f 4228/4201/4228 4259/4200/4259 4260/4202/4260 4229/4203/4229
f 4229/4203/4229 4260/4202/4260 4261/4204/4261 4230/4205/4230
f 4230/4205/4230 4261/4204/4261 4262/4206/4262 4231/4207/4231
f 4231/4207/4231 4262/4206/4262 4263/4208/4263 4232/4209/4232
f 4232/4209/4232 4263/4208/4263 4264/4210/4264 4233/4211/4233
f 4233/4211/4233 4264/4210/4264 4265/4212/4265 4234/4213/4234
f 4234/4213/4234 4265/4212/4265 4266/4214/4266 4235/4215/4235
f 4235/4215/4235 4266/4214/4266 4267/4216/4267 4236/4217/4236
f 4236/4217/4236 4267/4216/4267 4268/4218/4268 4237/4219/4237
f 4237/4219/4237 4268/4218/4268 4269/4220/4269 4238/4221/4238
f 4238/4221/4238 4269/4220/4269 4270/4222/4270 4239/4223/4239
f 4239/4223/4239 4270/4222/4270 4271/4224/4271 4240/4225/4240
f 4240/4225/4240 4271/4224/4271 4272/4226/4272 4241/4227/4241
f 4241/4227/4241 4272/4226/4272 4273/4228/4273 4242/4229/4242
f 4242/4229/4242 4273/4228/4273 4274/4230/4274 4243/4231/4243
f 4243/4231/4243 4274/4230/4274 4275/4232/4275 4244/4233/4244
f 4244/4233/4244 4275/4232/4275 4276/4234/4276 4245/4235/4245
f 4245/4235/4245 4276/4234/4276 4277/4236/4277 4246/4237/4246
f 4246/4237/4246 4277/4236/4277 4278/4238/4278 4247/4239/4247
f 4247/4239/4247 4278/4238/4278 4279/4240/4279 4248/4241/4248
f 4248/4241/4248 4279/4240/4279 4280/4242/4280 4249/4243/4249
f 4249/4243/4249 4280/4242/4280 4281/4244/4281 4250/4245/4250
f 4250/4245/4250 4281/4244/4281 4282/4246/4282 4251/4247/4251
f 4251/4247/4251 4282/4246/4282 4283/4248/4283 4252/4249/4252
f 4252/4249/4252 4283/4248/4283 4284/4250/4284 4253/4251/4253
f 4253/4251/4253 4284/4250/4284 4285/4252/4285 4254/4253/4254
f 4254/4253/4254 4285/4252/4285 4286/4254/4286 4255/4255/4255
f 4256/4195/4256 4287/4256/4287 4288/4257/4288 4257/4196/4257
f 4257/4196/4257 4288/4257/4288 4289/4258/4289 4258/4198/4258
f 4258/4198/4258 4289/4258/4289 4290/4259/4290 4259/4200/4259
f 4259/4200/4259 4290/4259/4290 4291/4260/4291 4260/4202/4260
f 4260/4202/4260 4291/4260/4291 4292/4261/4292 4261/4204/4261
f 4261/4204/4261 4292/4261/4292 4293/4262/4293 4262/4206/4262
f 4262/4206/4262 4293/4262/4293 4294/4263/4294 4263/4208/4263
f 4263/4208/4263 4294/4263/4294 4295/4264/4295 4264/4210/4264
f 4264/4210/4264 4295/4264/4295 4296/4265/4296 4265/4212/4265
f 4265/4212/4265 4296/4265/4296 4297/4266/4297 4266/4214/4266
f 4266/4214/4266 4297/4266/4297 4298/4267/4298 4267/4216/4267
f 4267/4216/4267 4298/4267/4298 4299/4268/4299 4268/4218/4268
f 4268/4218/4268 4299/4268/4299 4300/4269/4300 4269/4220/4269
f 4269/4220/4269 4300/4269/4300 4301/4270/4301 4270/4222/4270
f 4270/4222/4270 4301/4270/4301 4302/4271/4302 4271/4224/4271
f 4271/4224/4271 4302/4271/4302 4303/4272/4303 4272/4226/4272
f 4272/4226/4272 4303/4272/4303 4304/4273/4304 4273/4228/4273
f 4273/4228/4273 4304/4273/4304 4305/4274/4305 4274/4230/4274
f 4274/4230/4274 4305/4274/4305 4306/4275/4306 4275/4232/4275
f 4275/4232/4275 4306/4275/4306 4307/4276/4307 4276/4234/4276
f 4276/4234/4276 4307/4276/4307 4308/4277/4308 4277/4236/4277
f 4277/4236/4277 4308/4277/4308 4309/4278/4309 4278/4238/4278
f 4278/4238/4278 4309/4278/4309 4310/4279/4310 4279/4240/4279
f 4279/4240/4279 4310/4279/4310 4311/4280/4311 4280/4242/4280
f 4280/4242/4280 4311/4280/4311 4312/4281/4312 4281/4244/4281
f 4281/4244/4281 4312/4281/4312 4313/4282/4313 4282/4246/4282
f 4282/4246/4282 4313/4282/4313 4314/4283/4314 4283/4248/4283
f 4283/4248/4283 4314/4283/4314 4315/4284/4315 4284/4250/4284
f 4284/4250/4284 4315/4284/4315 4316/4285/4316 4285/4252/4285
f 4285/4252/4285 4316/4285/4316 4317/4286/4317 4286/4254/4286
f 4287/4256/4287 4318/4287/4318 4319/4288/4319 4288/4257/4288
f 4288/4257/4288 4319/4288/4319 4320/4289/4320 4289/4258/4289
f 4289/4258/4289 4320/4289/4320 4321/4290/4321 4290/4259/4290
f 4290/4259/4290 4321/4290/4321 4322/4291/4322 4291/4260/4291
f 4291/4260/4291 4322/4291/4322 4323/4292/4323 4292/4261/4292
f 4292/4261/4292 4323/4292/4323 4324/4293/4324 4293/4262/4293
f 4293/4262/4293 4324/4293/4324 4325/4294/4325 4294/4263/4294
f 4294/4263/4294 4325/4294/4325 4326/4295/4326 4295/4264/4295
f 4295/4264/4295 4326/4295/4326 4327/4296/4327 4296/4265/4296
f 4296/4265/4296 4327/4296/4327 4328/4297/4328 4297/4266/4297
f 4297/4266/4297 4328/4297/4328 4329/4298/4329 4298/4267/4298
f 4298/4267/4298 4329/4298/4329 4330/4299/4330 4299/4268/4299
f 4299/4268/4299 4330/4299/4330 4331/4300/4331 4300/4269/4300
f 4300/4269/4300 4331/4300/4331 4332/4301/4332 4301/4270/4301
f 4301/4270/4301 4332/4301/4332 4333/4302/4333 4302/4271/4302
f 4302/4271/4302 4333/4302/4333 4334/4303/4334 4303/4272/4303
f 4303/4272/4303 4334/4303/4334 4335/4304/4335 4304/4273/4304
f 4304/4273/4304 4335/4304/4335 4336/4305/4336 4305/4274/4305
f 4305/4274/4305 4336/4305/4336 4337/4306/4337 4306/4275/4306
f 4306/4275/4306 4337/4306/4337 4338/4307/4338 4307/4276/4307
f 4307/4276/4307 4338/4307/4338 4339/4308/4339 4308/4277/4308
f 4308/4277/4308 4339/4308/4339 4340/4309/4340 4309/4278/4309
f 4309/4278/4309 4340/4309/4340 4341/4310/4341 4310/4279/4310
f 4310/4279/4310 4341/4310/4341 4342/4311/4342 4311/4280/4311
f 4311/4280/4311 4342/4311/4342 4343/4312/4343 4312/4281/4312
f 4312/4281/4312 4343/4312/4343 4344/4313/4344 4313/4282/4313
f 4313/4282/4313 4344/4313/4344 4345/4314/4345 4314/4283/4314
f 4314/4283/4314 4345/4314/4345 4346/4315/4346 4315/4284/4315
f 4315/4284/4315 4346/4315/4346 4347/4316/4347 4316/4285/4316
f 4316/4285/4316 4347/4316/4347 4348/4317/4348 4317/4286/4317
f 4318/4287/4318 4349/4318/4349 4350/4319/4350 4319/4288/4319
f 4319/4288/4319 4350/4319/4350 4351/4320/4351 4320/4289/4320
f 4320/4289/4320 4351/4320/4351 4352/4321/4352 4321/4290/4321
f 4321/4290/4321 4352/4321/4352 4353/4322/4353 4322/4291/4322
f 4322/4291/4322 4353/4322/4353 4354/4323/4354 4323/4292/4323
f 4323/4292/4323 4354/4323/4354 4355/4324/4355 4324/4293/4324
f 4324/4293/4324 4355/4324/4355 4356/4325/4356 4325/4294/4325
f 4325/4294/4325 4356/4325/4356 4357/4326/4357 4326/4295/4326
f 4326/4295/4326 4357/4326/4357 4358/4327/4358 4327/4296/4327
f 4327/4296/4327 4358/4327/4358 4359/4328/4359 4328/4297/4328
f 4328/4297/4328 4359/4328/4359 4360/4329/4360 4329/4298/4329
f 4329/4298/4329 4360/4329/4360 4361/4330/4361 4330/4299/4330
f 4330/4299/4330 4361/4330/4361 4362/4331/4362 4331/4300/4331
f 4331/4300/4331 4362/4331/4362 4363/4332/4363 4332/4301/4332
f 4332/4301/4332 4363/4332/4363 4364/4333/4364 4333/4302/4333
f 4333/4302/4333 4364/4333/4364 4365/4334/4365 4334/4303/4334
f 4334/4303/4334 4365/4334/4365 4366/4335/4366 4335/4304/4335
f 4335/4304/4335 4366/4335/4366 4367/4336/4367 4336/4305/4336
f 4336/4305/4336 4367/4336/4367 4368/4337/4368 4337/4306/4337
f 4337/4306/4337 4368/4337/4368 4369/4338/4369 4338/4307/4338
f 4338/4307/4338 4369/4338/4369 4370/4339/4370 4339/4308/4339
f 4339/4308/4339 4370/4339/4370 4371/4340/4371 4340/4309/4340
f 4340/4309/4340 4371/4340/4371 4372/4341/4372 4341/4310/4341
f 4341/4310/4341 4372/4341/4372 4373/4342/4373 4342/4311/4342
f 4342/4311/4342 4373/4342/4373 4374/4343/4374 4343/4312/4343
f 4343/4312/4343 4374/4343/4374 4375/4344/4375 4344/4313/4344
f 4344/4313/4344 4375/4344/4375 4376/4345/4376 4345/4314/4345
f 4345/4314/4345 4376/4345/4376 4377/4346/4377 4346/4315/4346
f 4346/4315/4346 4377/4346/4377 4378/4347/4378 4347/4316/4347
f 4347/4316/4347 4378/4347/4378 4379/4348/4379 4348/4317/4348
f 4349/4318/4349 4380/4349/4380 4381/4350/4381 4350/4319/4350
f 4350/4319/4350 4381/4350/4381 4382/4351/4382 4351/4320/4351
f 4351/4320/4351 4382/4351/4382 4383/4352/4383 4352/4321/4352
f 4352/4321/4352 4383/4352/4383 4384/4353/4384 4353/4322/4353
f 4353/4322/4353 4384/4353/4384 4385/4354/4385 4354/4323/4354
f 4354/4323/4354 4385/4354/4385 4386/4355/4386 4355/4324/4355
f 4355/4324/4355 4386/4355/4386 4387/4356/4387 4356/4325/4356
f 4356/4325/4356 4387/4356/4387 4388/4357/4388 4357/4326/4357
f 4357/4326/4357 4388/4357/4388 4389/4358/4389 4358/4327/4358
f 4358/4327/4358 4389/4358/4389 4390/4359/4390 4359/4328/4359
f 4359/4328/4359 4390/4359/4390 4391/4360/4391 4360/4329/4360
f 4360/4329/4360 4391/4360/4391 4392/4361/4392 4361/4330/4361
f 4361/4330/4361 4392/4361/4392 4393/4362/4393 4362/4331/4362
f 4362/4331/4362 4393/4362/4393 4394/4363/4394 4363/4332/4363
f 4363/4332/4363 4394/4363/4394 4395/4364/4395 4364/4333/4364
f 4364/4333/4364 4395/4364/4395 4396/4365/4396 4365/4334/4365
f 4365/4334/4365 4396/4365/4396 4397/4366/4397 4366/4335/4366
f 4366/4335/4366 4397/4366/4397 4398/4367/4398 4367/4336/4367
f 4367/4336/4367 4398/4367/4398 4399/4368/4399 4368/4337/4368
f 4368/4337/4368 4399/4368/4399 4400/4369/4400 4369/4338/4369
f 4369/4338/4369 4400/4369/4400 4401/4370/4401 4370/4339/4370
f 4370/4339/4370 4401/4370/4401 4402/4371/4402 4371/4340/4371
f 4371/4340/4371 4402/4371/4402 4403/4372/4403 4372/4341/4372
f 4372/4341/4372 4403/4372/4403 4404/4373/4404 4373/4342/4373
f 4373/4342/4373 4404/4373/4404 4405/4374/4405 4374/4343/4374
f 4374/4343/4374 4405/4374/4405 4406/4375/4406 4375/4344/4375
f 4375/4344/4375 4406/4375/4406 4407/4376/4407 4376/4345/4376
f 4376/4345/4376 4407/4376/4407 4408/4377/4408 4377/4346/4377
f 4377/4346/4377 4408/4377/4408 4409/4378/4409 4378/4347/4378
f 4378/4347/4378 4409/4378/4409 4410/4379/4410 4379/4348/4379
f 4380/4349/4380 4411/4380/4411 4412/4381/4412 4381/4350/4381
f 4381/4350/4381 4412/4381/4412 4413/4382/4413 4382/4351/4382
f 4382/4351/4382 4413/4382/4413 4414/4383/4414 4383/4352/4383
f 4383/4352/4383 4414/4383/4414 4415/4384/4415 4384/4353/4384
f 4384/4353/4384 4415/4384/4415 4416/4385/4416 4385/4354/4385
f 4385/4354/4385 4416/4385/4416 4417/4386/4417 4386/4355/4386
f 4386/4355/4386 4417/4386/4417 4418/4387/4418 4387/4356/4387
f 4387/4356/4387 4418/4387/4418 4419/4388/4419 4388/4357/4388
f 4388/4357/4388 4419/4388/4419 4420/4389/4420 4389/4358/4389
f 4389/4358/4389 4420/4389/4420 4421/4390/4421 4390/4359/4390
f 4390/4359/4390 4421/4390/4421 4422/4391/4422 4391/4360/4391
f 4391/4360/4391 4422/4391/4422 4423/4392/4423 4392/4361/4392
f 4392/4361/4392 4423/4392/4423 4424/4393/4424 4393/4362/4393
f 4393/4362/4393 4424/4393/4424 4425/4394/4425 4394/4363/4394
f 4394/4363/4394 4425/4394/4425 4426/4395/4426 4395/4364/4395
f 4395/4364/4395 4426/4395/4426 4427/4396/4427 4396/4365/4396
f 4396/4365/4396 4427/4396/4427 4428/4397/4428 4397/4366/4397
f 4397/4366/4397 4428/4397/4428 4429/4398/4429 4398/4367/4398
f 4398/4367/4398 4429/4398/4429 4430/4399/4430 4399/4368/4399
f 4399/4368/4399 4430/4399/4430 4431/4400/4431 4400/4369/4400
f 4400/4369/4400 4431/4400/4431 4432/4401/4432 4401/4370/4401
f 4401/4370/4401 4432/4401/4432 4433/4402/4433 4402/4371/4402
f 4402/4371/4402 4433/4402/4433 4434/4403/4434 4403/4372/4403
f 4403/4372/4403 4434/4403/4434 4435/4404/4435 4404/4373/4404
f 4404/4373/4404 4435/4404/4435 4436/4405/4436 4405/4374/4405
f 4405/4374/4405 4436/4405/4436 4437/4406/4437 4406/4375/4406
f 4406/4375/4406 4437/4406/4437 4438/4407/4438 4407/4376/4407
f 4407/4376/4407 4438/4407/4438 4439/4408/4439 4408/4377/4408
f 4408/4377/4408 4439/4408/4439 4440/4409/4440 4409/4378/4409
f 4409/4378/4409 4440/4409/4440 4441/4410/4441 4410/4379/4410
f 4411/4380/4411 4442/4411/4442 4443/4412/4443 4412/4381/4412
f 4412/4381/4412 4443/4412/4443 4444/4413/4444 4413/4382/4413
f 4413/4382/4413 4444/4413/4444 4445/4414/4445 4414/4383/4414
f 4414/4383/4414 4445/4414/4445 4446/4415/4446 4415/4384/4415
f 4415/4384/4415 4446/4415/4446 4447/4416/4447 4416/4385/4416
f 4416/4385/4416 4447/4416/4447 4448/4417/4448 4417/4386/4417
f 4417/4386/4417 4448/4417/4448 4449/4418/4449 4418/4387/4418
f 4418/4387/4418 4449/4418/4449 4450/4419/4450 4419/4388/4419
f 4419/4388/4419 4450/4419/4450 4451/4420/4451 4420/4389/4420
f 4420/4389/4420 4451/4420/4451 4452/4421/4452 4421/4390/4421
f 4421/4390/4421 4452/4421/4452 4453/4422/4453 4422/4391/4422
f 4422/4391/4422 4453/4422/4453 4454/4423/4454 4423/4392/4423
f 4423/4392/4423 4454/4423/4454 4455/4424/4455 4424/4393/4424
f 4424/4393/4424 4455/4424/4455 4456/4425/4456 4425/4394/4425
f 4425/4394/4425 4456/4425/4456 4457/4426/4457 4426/4395/4426
f 4426/4395/4426 4457/4426/4457 4458/4427/4458 4427/4396/4427
f 4427/4396/4427 4458/4427/4458 4459/4428/4459 4428/4397/4428
f 4428/4397/4428 4459/4428/4459 4460/4429/4460 4429/4398/4429
f 4429/4398/4429 4460/4429/4460 4461/4430/4461 4430/4399/4430
f 4430/4399/4430 4461/4430/4461 4462/4431/4462 4431/4400/4431
f 4431/4400/4431 4462/4431/4462 4463/4432/4463 4432/4401/4432
f 4432/4401/4432 4463/4432/4463 4464/4433/4464 4433/4402/4433
f 4433/4402/4433 4464/4433/4464 4465/4434/4465 4434/4403/4434
f 4434/4403/4434 4465/4434/4465 4466/4435/4466 4435/4404/4435
f 4435/4404/4435 4466/4435/4466 4467/4436/4467 4436/4405/4436
f 4436/4405/4436 4467/4436/4467 4468/4437/4468 4437/4406/4437
f 4437/4406/4437 4468/4437/4468 4469/4438/4469 4438/4407/4438
f 4438/4407/4438 4469/4438/4469 4470/4439/4470 4439/4408/4439
f 4439/4408/4439 4470/4439/4470 4471/4440/4471 4440/4409/4440
f 4440/4409/4440 4471/4440/4471 4472/4441/4472 4441/4410/4441
f 4442/4411/4442 4473/4442/4473 4474/4443/4474 4443/4412/4443
f 4443/4412/4443 4474/4443/4474 4475/4444/4475 4444/4413/4444
f 4444/4413/4444 4475/4444/4475 4476/4445/4476 4445/4414/4445
f 4445/4414/4445 4476/4445/4476 4477/4446/4477 4446/4415/4446
f 4446/4415/4446 4477/4446/4477 4478/4447/4478 4447/4416/4447
f 4447/4416/4447 4478/4447/4478 4479/4448/4479 4448/4417/4448
f 4448/4417/4448 4479/4448/4479 4480/4449/4480 4449/4418/4449
f 4449/4418/4449 4480/4449/4480 4481/4450/4481 4450/4419/4450
f 4450/4419/4450 4481/4450/4481 4482/4451/4482 4451/4420/4451
f 4451/4420/4451 4482/4451/4482 4483/4452/4483 4452/4421/4452
f 4452/4421/4452 4483/4452/4483 4484/4453/4484 4453/4422/4453
f 4453/4422/4453 4484/4453/4484 4485/4454/4485 4454/4423/4454
f 4454/4423/4454 4485/4454/4485 4486/4455/4486 4455/4424/4455
f 4455/4424/4455 4486/4455/4486 4487/4456/4487 4456/4425/4456
f 4456/4425/4456 4487/4456/4487 4488/4457/4488 4457/4426/4457
f 4457/4426/4457 4488/4457/4488 4489/4458/4489 4458/4427/4458
f 4458/4427/4458 4489/4458/4489 4490/4459/4490 4459/4428/4459
f 4459/4428/4459 4490/4459/4490 4491/4460/4491 4460/4429/4460
f 4460/4429/4460 4491/4460/4491 4492/4461/4492 4461/4430/4461
f 4461/4430/4461 4492/4461/4492 4493/4462/4493 4462/4431/4462
f 4462/4431/4462 4493/4462/4493 4494/4463/4494 4463/4432/4463
f 4463/4432/4463 4494/4463/4494 4495/4464/4495 4464/4433/4464
f 4464/4433/4464 4495/4464/4495 4496/4465/4496 4465/4434/4465
f 4465/4434/4465 4496/4465/4496 4497/4466/4497 4466/4435/4466
f 4466/4435/4466 4497/4466/4497 4498/4467/4498 4467/4436/4467
f 4467/4436/4467 4498/4467/4498 4499/4468/4499 4468/4437/4468
f 4468/4437/4468 4499/4468/4499 4500/4469/4500 4469/4438/4469
f 4469/4438/4469 4500/4469/4500 4501/4470/4501 4470/4439/4470
f 4470/4439/4470 4501/4470/4501 4502/4471/4502 4471/4440/4471
f 4471/4440/4471 4502/4471/4502 4503/4472/4503 4472/4441/4472
f 4473/4442/4473 4504/4473/4504 4505/4474/4505 4474/4443/4474
f 4474/4443/4474 4505/4474/4505 4506/4475/4506 4475/4444/4475
f 4475/4444/4475 4506/4475/4506 4507/4476/4507 4476/4445/4476
f 4476/4445/4476 4507/4476/4507 4508/4477/4508 4477/4446/4477
f 4477/4446/4477 4508/4477/4508 4509/4478/4509 4478/4447/4478
f 4478/4447/4478 4509/4478/4509 4510/4479/4510 4479/4448/4479
f 4479/4448/4479 4510/4479/4510 4511/4480/4511 4480/4449/4480
f 4480/4449/4480 4511/4480/4511 4512/4481/4512 4481/4450/4481
f 4481/4450/4481 4512/4481/4512 4513/4482/4513 4482/4451/4482
f 4482/4451/4482 4513/4482/4513 4514/4483/4514 4483/4452/4483
f 4483/4452/4483 4514/4483/4514 4515/4484/4515 4484/4453/4484
f 4484/4453/4484 4515/4484/4515 4516/4485/4516 4485/4454/4485
f 4485/4454/4485 4516/4485/4516 4517/4486/4517 4486/4455/4486
f 4486/4455/4486 4517/4486/4517 4518/4487/4518 4487/4456/4487
f 4487/4456/4487 4518/4487/4518 4519/4488/4519 4488/4457/4488
f 4488/4457/4488 4519/4488/4519 4520/4489/4520 4489/4458/4489
f 4489/4458/4489 4520/4489/4520 4521/4490/4521 4490/4459/4490
f 4490/4459/4490 4521/4490/4521 4522/4491/4522 4491/4460/4491
f 4491/4460/4491 4522/4491/4522 4523/4492/4523 4492/4461/4492
f 4492/4461/4492 4523/4492/4523 4524/4493/4524 4493/4462/4493
f 4493/4462/4493 4524/4493/4524 4525/4494/4525 4494/4463/4494
f 4494/4463/4494 4525/4494/4525 4526/4495/4526 4495/4464/4495
f 4495/4464/4495 4526/4495/4526 4527/4496/4527 4496/4465/4496
f 4496/4465/4496 4527/4496/4527 4528/4497/4528 4497/4466/4497
f 4497/4466/4497 4528/4497/4528 4529/4498/4529 4498/4467/4498
f 4498/4467/4498 4529/4498/4529 4530/4499/4530 4499/4468/4499
f 4499/4468/4499 4530/4499/4530 4531/4500/4531 4500/4469/4500
f 4500/4469/4500 4531/4500/4531 4532/4501/4532 4501/4470/4501
f 4501/4470/4501 4532/4501/4532 4533/4502/4533 4502/4471/4502
f 4502/4471/4502 4533/4502/4533 4534/4503/4534 4503/4472/4503
f 4504/4473/4504 4535/4504/4535 4536/4505/4536 4505/4474/4505
f 4505/4474/4505 4536/4505/4536 4537/4506/4537 4506/4475/4506
f 4506/4475/4506 4537/4506/4537 4538/4507/4538 4507/4476/4507
f 4507/4476/4507 4538/4507/4538 4539/4508/4539 4508/4477/4508
f 4508/4477/4508 4539/4508/4539 4540/4509/4540 4509/4478/4509
f 4509/4478/4509 4540/4509/4540 4541/4510/4541 4510/4479/4510
f 4510/4479/4510 4541/4510/4541 4542/4511/4542 4511/4480/4511
f 4511/4480/4511 4542/4511/4542 4543/4512/4543 4512/4481/4512
f 4512/4481/4512 4543/4512/4543 4544/4513/4544 4513/4482/4513
f 4513/4482/4513 4544/4513/4544 4545/4514/4545 4514/4483/4514
f 4514/4483/4514 4545/4514/4545 4546/4515/4546 4515/4484/4515
f 4515/4484/4515 4546/4515/4546 4547/4516/4547 4516/4485/4516
f 4516/4485/4516 4547/4516/4547 4548/4517/4548 4517/4486/4517
f 4517/4486/4517 4548/4517/4548 4549/4518/4549 4518/4487/4518
f 4518/4487/4518 4549/4518/4549 4550/4519/4550 4519/4488/4519
f 4519/4488/4519 4550/4519/4550 4551/4520/4551 4520/4489/4520
f 4520/4489/4520 4551/4520/4551 4552/4521/4552 4521/4490/4521
f 4521/4490/4521 4552/4521/4552 4553/4522/4553 4522/4491/4522
f 4522/4491/4522 4553/4522/4553 4554/4523/4554 4523/4492/4523
f 4523/4492/4523 4554/4523/4554 4555/4524/4555 4524/4493/4524
f 4524/4493/4524 4555/4524/4555 4556/4525/4556 4525/4494/4525
f 4525/4494/4525 4556/4525/4556 4557/4526/4557 4526/4495/4526
f 4526/4495/4526 4557/4526/4557 4558/4527/4558 4527/4496/4527
f 4527/4496/4527 4558/4527/4558 4559/4528/4559 4528/4497/4528
f 4528/4497/4528 4559/4528/4559 4560/4529/4560 4529/4498/4529
f 4529/4498/4529 4560/4529/4560 4561/4530/4561 4530/4499/4530
f 4530/4499/4530 4561/4530/4561 4562/4531/4562 4531/4500/4531
f 4531/4500/4531 4562/4531/4562 4563/4532/4563 4532/4501/4532
f 4532/4501/4532 4563/4532/4563 4564/4533/4564 4533/4502/4533
f 4533/4502/4533 4564/4533/4564 4565/4534/4565 4534/4503/4534
f 4535/4504/4535 4566/4535/4566 4567/4536/4567 4536/4505/4536
f 4536/4505/4536 4567/4536/4567 4568/4537/4568 4537/4506/4537
f 4537/4506/4537 4568/4537/4568 4569/4538/4569 4538/4507/4538
f 4538/4507/4538 4569/4538/4569 4570/4539/4570 4539/4508/4539
f 4539/4508/4539 4570/4539/4570 4571/4540/4571 4540/4509/4540
f 4540/4509/4540 4571/4540/4571 4572/4541/4572 4541/4510/4541
f 4541/4510/4541 4572/4541/4572 4573/4542/4573 4542/4511/4542
f 4542/4511/4542 4573/4542/4573 4574/4543/4574 4543/4512/4543
f 4543/4512/4543 4574/4543/4574 4575/4544/4575 4544/4513/4544
f 4544/4513/4544 4575/4544/4575 4576/4545/4576 4545/4514/4545
f 4545/4514/4545 4576/4545/4576 4577/4546/4577 4546/4515/4546
f 4546/4515/4546 4577/4546/4577 4578/4547/4578 4547/4516/4547
f 4547/4516/4547 4578/4547/4578 4579/4548/4579 4548/4517/4548
f 4548/4517/4548 4579/4548/4579 4580/4549/4580 4549/4518/4549
f 4549/4518/4549 4580/4549/4580 4581/4550/4581 4550/4519/4550
f 4550/4519/4550 4581/4550/4581 4582/4551/4582 4551/4520/4551
f 4551/4520/4551 4582/4551/4582 4583/4552/4583 4552/4521/4552
f 4552/4521/4552 4583/4552/4583 4584/4553/4584 4553/4522/4553
f 4553/4522/4553 4584/4553/4584 4585/4554/4585 4554/4523/4554
f 4554/4523/4554 4585/4554/4585 4586/4555/4586 4555/4524/4555
f 4555/4524/4555 4586/4555/4586 4587/4556/4587 4556/4525/4556
f 4556/4525/4556 4587/4556/4587 4588/4557/4588 4557/4526/4557
f 4557/4526/4557 4588/4557/4588 4589/4558/4589 4558/4527/4558
f 4558/4527/4558 4589/4558/4589 4590/4559/4590 4559/4528/4559
f 4559/4528/4559 4590/4559/4590 4591/4560/4591 4560/4529/4560
f 4560/4529/4560 4591/4560/4591 4592/4561/4592 4561/4530/4561
f 4561/4530/4561 4592/4561/4592 4593/4562/4593 4562/4531/4562
f 4562/4531/4562 4593/4562/4593 4594/4563/4594 4563/4532/4563
f 4563/4532/4563 4594/4563/4594 4595/4564/4595 4564/4533/4564
f 4564/4533/4564 4595/4564/4595 4596/4565/4596 4565/4534/4565
f 4566/4535/4566 4597/4566/4597 4598/4567/4598 4567/4536/4567
f 4567/4536/4567 4598/4567/4598 4599/4568/4599 4568/4537/4568
f 4568/4537/4568 4599/4568/4599 4600/4569/4600 4569/4538/4569
f 4569/4538/4569 4600/4569/4600 4601/4570/4601 4570/4539/4570
f 4570/4539/4570 4601/4570/4601 4602/4571/4602 4571/4540/4571
f 4571/4540/4571 4602/4571/4602 4603/4572/4603 4572/4541/4572
f 4572/4541/4572 4603/4572/4603 4604/4573/4604 4573/4542/4573
f 4573/4542/4573 4604/4573/4604 4605/4574/4605 4574/4543/4574
f 4574/4543/4574 4605/4574/4605 4606/4575/4606 4575/4544/4575
f 4575/4544/4575 4606/4575/4606 4607/4576/4607 4576/4545/4576
f 4576/4545/4576 4607/4576/4607 4608/4577/4608 4577/4546/4577
f 4577/4546/4577 4608/4577/4608 4609/4578/4609 4578/4547/4578
f 4578/4547/4578 4609/4578/4609 4610/4579/4610 4579/4548/4579
f 4579/4548/4579 4610/4579/4610 4611/4580/4611 4580/4549/4580
f 4580/4549/4580 4611/4580/4611 4612/4581/4612 4581/4550/4581
f 4581/4550/4581 4612/4581/4612 4613/4582/4613 4582/4551/4582
f 4582/4551/4582 4613/4582/4613 4614/4583/4614 4583/4552/4583
f 4583/4552/4583 4614/4583/4614 4615/4584/4615 4584/4553/4584
f 4584/4553/4584 4615/4584/4615 4616/4585/4616 4585/4554/4585
f 4585/4554/4585 4616/4585/4616 4617/4586/4617 4586/4555/4586
f 4586/4555/4586 4617/4586/4617 4618/4587/4618 4587/4556/4587
f 4587/4556/4587 4618/4587/4618 4619/4588/4619 4588/4557/4588
f 4588/4557/4588 4619/4588/4619 4620/4589/4620 4589/4558/4589
f 4589/4558/4589 4620/4589/4620 4621/4590/4621 4590/4559/4590
f 4590/4559/4590 4621/4590/4621 4622/4591/4622 4591/4560/4591
f 4591/4560/4591 4622/4591/4622 4623/4592/4623 4592/4561/4592
f 4592/4561/4592 4623/4592/4623 4624/4593/4624 4593/4562/4593
f 4593/4562/4593 4624/4593/4624 4625/4594/4625 4594/4563/4594
f 4594/4563/4594 4625/4594/4625 4626/4595/4626 4595/4564/4595
f 4595/4564/4595 4626/4595/4626 4627/4596/4627 4596/4565/4596
f 4597/4566/4597 4628/4597/4628 4629/4598/4629 4598/4567/4598
f 4598/4567/4598 4629/4598/4629 4630/4599/4630 4599/4568/4599
f 4599/4568/4599 4630/4599/4630 4631/4600/4631 4600/4569/4600
f 4600/4569/4600 4631/4600/4631 4632/4601/4632 4601/4570/4601
f 4601/4570/4601 4632/4601/4632 4633/4602/4633 4602/4571/4602
f 4602/4571/4602 4633/4602/4633 4634/4603/4634 4603/4572/4603
f 4603/4572/4603 4634/4603/4634 4635/4604/4635 4604/4573/4604
f 4604/4573/4604 4635/4604/4635 4636/4605/4636 4605/4574/4605
f 4605/4574/4605 4636/4605/4636 4637/4606/4637 4606/4575/4606
f 4606/4575/4606 4637/4606/4637 4638/4607/4638 4607/4576/4607
f 4607/4576/4607 4638/4607/4638 4639/4608/4639 4608/4577/4608
f 4608/4577/4608 4639/4608/4639 4640/4609/4640 4609/4578/4609
f 4609/4578/4609 4640/4609/4640 4641/4610/4641 4610/4579/4610
f 4610/4579/4610 4641/4610/4641 4642/4611/4642 4611/4580/4611
f 4611/4580/4611 4642/4611/4642 4643/4612/4643 4612/4581/4612
f 4612/4581/4612 4643/4612/4643 4644/4613/4644 4613/4582/4613
f 4613/4582/4613 4644/4613/4644 4645/4614/4645 4614/4583/4614
f 4614/4583/4614 4645/4614/4645 4646/4615/4646 4615/4584/4615
f 4615/4584/4615 4646/4615/4646 4647/4616/4647 4616/4585/4616
f 4616/4585/4616 4647/4616/4647 4648/4617/4648 4617/4586/4617
f 4617/4586/4617 4648/4617/4648 4649/4618/4649 4618/4587/4618
f 4618/4587/4618 4649/4618/4649 4650/4619/4650 4619/4588/4619
f 4619/4588/4619 4650/4619/4650 4651/4620/4651 4620/4589/4620
f 4620/4589/4620 4651/4620/4651 4652/4621/4652 4621/4590/4621
f 4621/4590/4621 4652/4621/4652 4653/4622/4653 4622/4591/4622
f 4622/4591/4622 4653/4622/4653 4654/4623/4654 4623/4592/4623
f 4623/4592/4623 4654/4623/4654 4655/4624/4655 4624/4593/4624
f 4624/4593/4624 4655/4624/4655 4656/4625/4656 4625/4594/4625
f 4625/4594/4625 4656/4625/4656 4657/4626/4657 4626/4595/4626
f 4626/4595/4626 4657/4626/4657 4658/4627/4658 4627/4596/4627
f 4628/4597/4628 4659/4628/4659 4660/4629/4660 4629/4598/4629
f 4629/4598/4629 4660/4629/4660 4661/4630/4661 4630/4599/4630
f 4630/4599/4630 4661/4630/4661 4662/4631/4662 4631/4600/4631
f 4631/4600/4631 4662/4631/4662 4663/4632/4663 4632/4601/4632
f 4632/4601/4632 4663/4632/4663 4664/4633/4664 4633/4602/4633
f 4633/4602/4633 4664/4633/4664 4665/4634/4665 4634/4603/4634
f 4634/4603/4634 4665/4634/4665 4666/4635/4666 4635/4604/4635
f 4635/4604/4635 4666/4635/4666 4667/4636/4667 4636/4605/4636
f 4636/4605/4636 4667/4636/4667 4668/4637/4668 4637/4606/4637
f 4637/4606/4637 4668/4637/4668 4669/4638/4669 4638/4607/4638
f 4638/4607/4638 4669/4638/4669 4670/4639/4670 4639/4608/4639
f 4639/4608/4639 4670/4639/4670 4671/4640/4671 4640/4609/4640
f 4640/4609/4640 4671/4640/4671 4672/4641/4672 4641/4610/4641
f 4641/4610/4641 4672/4641/4672 4673/4642/4673 4642/4611/4642
f 4642/4611/4642 4673/4642/4673 4674/4643/4674 4643/4612/4643
f 4643/4612/4643 4674/4643/4674 4675/4644/4675 4644/4613/4644
f 4644/4613/4644 4675/4644/4675 4676/4645/4676 4645/4614/4645
f 4645/4614/4645 4676/4645/4676 4677/4646/4677 4646/4615/4646
f 4646/4615/4646 4677/4646/4677 4678/4647/4678 4647/4616/4647
f 4647/4616/4647 4678/4647/4678 4679/4648/4679 4648/4617/4648
f 4648/4617/4648 4679/4648/4679 4680/4649/4680 4649/4618/4649
f 4649/4618/4649 4680/4649/4680 4681/4650/4681 4650/4619/4650
f 4650/4619/4650 4681/4650/4681 4682/4651/4682 4651/4620/4651
f 4651/4620/4651 4682/4651/4682 4683/4652/4683 4652/4621/4652
f 4652/4621/4652 4683/4652/4683 4684/4653/4684 4653/4622/4653
f 4653/4622/4653 4684/4653/4684 4685/4654/4685 4654/4623/4654
f 4654/4623/4654 4685/4654/4685 4686/4655/4686 4655/4624/4655
f 4655/4624/4655 4686/4655/4686 4687/4656/4687 4656/4625/4656
f 4656/4625/4656 4687/4656/4687 4688/4657/4688 4657/4626/4657
f 4657/4626/4657 4688/4657/4688 4689/4658/4689 4658/4627/4658
f 4659/4628/4659 4690/4659/4690 4691/4660/4691 4660/4629/4660
f 4660/4629/4660 4691/4660/4691 4692/4661/4692 4661/4630/4661
f 4661/4630/4661 4692/4661/4692 4693/4662/4693 4662/4631/4662
f 4662/4631/4662 4693/4662/4693 4694/4663/4694 4663/4632/4663
f 4663/4632/4663 4694/4663/4694 4695/4664/4695 4664/4633/4664
f 4664/4633/4664 4695/4664/4695 4696/4665/4696 4665/4634/4665
f 4665/4634/4665 4696/4665/4696 4697/4666/4697 4666/4635/4666
f 4666/4635/4666 4697/4666/4697 4698/4667/4698 4667/4636/4667
f 4667/4636/4667 4698/4667/4698 4699/4668/4699 4668/4637/4668
f 4668/4637/4668 4699/4668/4699 4700/4669/4700 4669/4638/4669
f 4669/4638/4669 4700/4669/4700 4701/4670/4701 4670/4639/4670
f 4670/4639/4670 4701/4670/4701 4702/4671/4702 4671/4640/4671
f 4671/4640/4671 4702/4671/4702 4703/4672/4703 4672/4641/4672
f 4672/4641/4672 4703/4672/4703 4704/4673/4704 4673/4642/4673
f 4673/4642/4673 4704/4673/4704 4705/4674/4705 4674/4643/4674
f 4674/4643/4674 4705/4674/4705 4706/4675/4706 4675/4644/4675
f 4675/4644/4675 4706/4675/4706 4707/4676/4707 4676/4645/4676
f 4676/4645/4676 4707/4676/4707 4708/4677/4708 4677/4646/4677
f 4677/4646/4677 4708/4677/4708 4709/4678/4709 4678/4647/4678
f 4678/4647/4678 4709/4678/4709 4710/4679/4710 4679/4648/4679
f 4679/4648/4679 4710/4679/4710 4711/4680/4711 4680/4649/4680
f 4680/4649/4680 4711/4680/4711 4712/4681/4712 4681/4650/4681
f 4681/4650/4681 4712/4681/4712 4713/4682/4713 4682/4651/4682
f 4682/4651/4682 4713/4682/4713 4714/4683/4714 4683/4652/4683
f 4683/4652/4683 4714/4683/4714 4715/4684/4715 4684/4653/4684
f 4684/4653/4684 4715/4684/4715 4716/4685/4716 4685/4654/4685
f 4685/4654/4685 4716/4685/4716 4717/4686/4717 4686/4655/4686
f 4686/4655/4686 4717/4686/4717 4718/4687/4718 4687/4656/4687
f 4687/4656/4687 4718/4687/4718 4719/4688/4719 4688/4657/4688
f 4688/4657/4688 4719/4688/4719 4720/4689/4720 4689/4658/4689
f 4690/4659/4690 4721/4690/4721 4722/4691/4722 4691/4660/4691
f 4691/4660/4691 4722/4691/4722 4723/4692/4723 4692/4661/4692
f 4692/4661/4692 4723/4692/4723 4724/4693/4724 4693/4662/4693
f 4693/4662/4693 4724/4693/4724 4725/4694/4725 4694/4663/4694
f 4694/4663/4694 4725/4694/4725 4726/4695/4726 4695/4664/4695
f 4695/4664/4695 4726/4695/4726 4727/4696/4727 4696/4665/4696
f 4696/4665/4696 4727/4696/4727 4728/4697/4728 4697/4666/4697
f 4697/4666/4697 4728/4697/4728 4729/4698/4729 4698/4667/4698
f 4698/4667/4698 4729/4698/4729 4730/4699/4730 4699/4668/4699
f 4699/4668/4699 4730/4699/4730 4731/4700/4731 4700/4669/4700
f 4700/4669/4700 4731/4700/4731 4732/4701/4732 4701/4670/4701
f 4701/4670/4701 4732/4701/4732 4733/4702/4733 4702/4671/4702
f 4702/4671/4702 4733/4702/4733 4734/4703/4734 4703/4672/4703
f 4703/4672/4703 4734/4703/4734 4735/4704/4735 4704/4673/4704
f 4704/4673/4704 4735/4704/4735 4736/4705/4736 4705/4674/4705
f 4705/4674/4705 4736/4705/4736 4737/4706/4737 4706/4675/4706
f 4706/4675/4706 4737/4706/4737 4738/4707/4738 4707/4676/4707
f 4707/4676/4707 4738/4707/4738 4739/4708/4739 4708/4677/4708
f 4708/4677/4708 4739/4708/4739 4740/4709/4740 4709/4678/4709
f 4709/4678/4709 4740/4709/4740 4741/4710/4741 4710/4679/4710
f 4710/4679/4710 4741/4710/4741 4742/4711/4742 4711/4680/4711
f 4711/4680/4711 4742/4711/4742 4743/4712/4743 4712/4681/4712
f 4712/4681/4712 4743/4712/4743 4744/4713/4744 4713/4682/4713
f 4713/4682/4713 4744/4713/4744 4745/4714/4745 4714/4683/4714
f 4714/4683/4714 4745/4714/4745 4746/4715/4746 4715/4684/4715
f 4715/4684/4715 4746/4715/4746 4747/4716/4747 4716/4685/4716
f 4716/4685/4716 4747/4716/4747 4748/4717/4748 4717/4686/4717
f 4717/4686/4717 4748/4717/4748 4749/4718/4749 4718/4687/4718
f 4718/4687/4718 4749/4718/4749 4750/4719/4750 4719/4688/4719
f 4719/4688/4719 4750/4719/4750 4751/4720/4751 4720/4689/4720
f 4721/4690/4721 4752/4721/4752 4753/4722/4753 4722/4691/4722
f 4722/4691/4722 4753/4722/4753 4754/4723/4754 4723/4692/4723
f 4723/4692/4723 4754/4723/4754 4755/4724/4755 4724/4693/4724
f 4724/4693/4724 4755/4724/4755 4756/4725/4756 4725/4694/4725
f 4725/4694/4725 4756/4725/4756 4757/4726/4757 4726/4695/4726
f 4726/4695/4726 4757/4726/4757 4758/4727/4758 4727/4696/4727
f 4727/4696/4727 4758/4727/4758 4759/4728/4759 4728/4697/4728
f 4728/4697/4728 4759/4728/4759 4760/4729/4760 4729/4698/4729
f 4729/4698/4729 4760/4729/4760 4761/4730/4761 4730/4699/4730
f 4730/4699/4730 4761/4730/4761 4762/4731/4762 4731/4700/4731
f 4731/4700/4731 4762/4731/4762 4763/4732/4763 4732/4701/4732
f 4732/4701/4732 4763/4732/4763 4764/4733/4764 4733/4702/4733
f 4733/4702/4733 4764/4733/4764 4765/4734/4765 4734/4703/4734
f 4734/4703/4734 4765/4734/4765 4766/4735/4766 4735/4704/4735
f 4735/4704/4735 4766/4735/4766 4767/4736/4767 4736/4705/4736
f 4736/4705/4736 4767/4736/4767 4768/4737/4768 4737/4706/4737
f 4737/4706/4737 4768/4737/4768 4769/4738/4769 4738/4707/4738
f 4738/4707/4738 4769/4738/4769 4770/4739/4770 4739/4708/4739
f 4739/4708/4739 4770/4739/4770 4771/4740/4771 4740/4709/4740
f 4740/4709/4740 4771/4740/4771 4772/4741/4772 4741/4710/4741
f 4741/4710/4741 4772/4741/4772 4773/4742/4773 4742/4711/4742
f 4742/4711/4742 4773/4742/4773 4774/4743/4774 4743/4712/4743
f 4743/4712/4743 4774/4743/4774 4775/4744/4775 4744/4713/4744
f 4744/4713/4744 4775/4744/4775 4776/4745/4776 4745/4714/4745
f 4745/4714/4745 4776/4745/4776 4777/4746/4777 4746/4715/4746
f 4746/4715/4746 4777/4746/4777 4778/4747/4778 4747/4716/4747
f 4747/4716/4747 4778/4747/4778 4779/4748/4779 4748/4717/4748
f 4748/4717/4748 4779/4748/4779 4780/4749/4780 4749/4718/4749
f 4749/4718/4749 4780/4749/4780 4781/4750/4781 4750/4719/4750
f 4750/4719/4750 4781/4750/4781 4782/4751/4782 4751/4720/4751
f 4752/4721/4752 4783/4752/4783 4784/4753/4784 4753/4722/4753
f 4753/4722/4753 4784/4753/4784 4785/4754/4785 4754/4723/4754
f 4754/4723/4754 4785/4754/4785 4786/4755/4786 4755/4724/4755
f 4755/4724/4755 4786/4755/4786 4787/4756/4787 4756/4725/4756
f 4756/4725/4756 4787/4756/4787 4788/4757/4788 4757/4726/4757
f 4757/4726/4757 4788/4757/4788 4789/4758/4789 4758/4727/4758
f 4758/4727/4758 4789/4758/4789 4790/4759/4790 4759/4728/4759
f 4759/4728/4759 4790/4759/4790 4791/4760/4791 4760/4729/4760
f 4760/4729/4760 4791/4760/4791 4792/4761/4792 4761/4730/4761
f 4761/4730/4761 4792/4761/4792 4793/4762/4793 4762/4731/4762
f 4762/4731/4762 4793/4762/4793 4794/4763/4794 4763/4732/4763
f 4763/4732/4763 4794/4763/4794 4795/4764/4795 4764/4733/4764
f 4764/4733/4764 4795/4764/4795 4796/4765/4796 4765/4734/4765
f 4765/4734/4765 4796/4765/4796 4797/4766/4797 4766/4735/4766
f 4766/4735/4766 4797/4766/4797 4798/4767/4798 4767/4736/4767
f 4767/4736/4767 4798/4767/4798 4799/4768/4799 4768/4737/4768
f 4768/4737/4768 4799/4768/4799 4800/4769/4800 4769/4738/4769
f 4769/4738/4769 4800/4769/4800 4801/4770/4801 4770/4739/4770
f 4770/4739/4770 4801/4770/4801 4802/4771/4802 4771/4740/4771
f 4771/4740/4771 4802/4771/4802 4803/4772/4803 4772/4741/4772
f 4772/4741/4772 4803/4772/4803 4804/4773/4804 4773/4742/4773
f 4773/4742/4773 4804/4773/4804 4805/4774/4805 4774/4743/4774
f 4774/4743/4774 4805/4774/4805 4806/4775/4806 4775/4744/4775
f 4775/4744/4775 4806/4775/4806 4807/4776/4807 4776/4745/4776
f 4776/4745/4776 4807/4776/4807 4808/4777/4808 4777/4746/4777
f 4777/4746/4777 4808/4777/4808 4809/4778/4809 4778/4747/4778
f 4778/4747/4778 4809/4778/4809 4810/4779/4810 4779/4748/4779
f 4779/4748/4779 4810/4779/4810 4811/4780/4811 4780/4749/4780
f 4780/4749/4780 4811/4780/4811 4812/4781/4812 4781/4750/4781
f 4781/4750/4781 4812/4781/4812 4813/4782/4813 4782/4751/4782
f 4783/4752/4783 4814/4783/4814 4815/4784/4815 4784/4753/4784
f 4784/4753/4784 4815/4784/4815 4816/4785/4816 4785/4754/4785
f 4785/4754/4785 4816/4785/4816 4817/4786/4817 4786/4755/4786
f 4786/4755/4786 4817/4786/4817 4818/4787/4818 4787/4756/4787
f 4787/4756/4787 4818/4787/4818 4819/4788/4819 4788/4757/4788
f 4788/4757/4788 4819/4788/4819 4820/4789/4820 4789/4758/4789
f 4789/4758/4789 4820/4789/4820 4821/4790/4821 4790/4759/4790
f 4790/4759/4790 4821/4790/4821 4822/4791/4822 4791/4760/4791
f 4791/4760/4791 4822/4791/4822 4823/4792/4823 4792/4761/4792
f 4792/4761/4792 4823/4792/4823 4824/4793/4824 4793/4762/4793
f 4793/4762/4793 4824/4793/4824 4825/4794/4825 4794/4763/4794
f 4794/4763/4794 4825/4794/4825 4826/4795/4826 4795/4764/4795
f 4795/4764/4795 4826/4795/4826 4827/4796/4827 4796/4765/4796
f 4796/4765/4796 4827/4796/4827 4828/4797/4828 4797/4766/4797
f 4797/4766/4797 4828/4797/4828 4829/4798/4829 4798/4767/4798
f 4798/4767/4798 4829/4798/4829 4830/4799/4830 4799/4768/4799
f 4799/4768/4799 4830/4799/4830 4831/4800/4831 4800/4769/4800
f 4800/4769/4800 4831/4800/4831 4832/4801/4832 4801/4770/4801
f 4801/4770/4801 4832/4801/4832 4833/4802/4833 4802/4771/4802
f 4802/4771/4802 4833/4802/4833 4834/4803/4834 4803/4772/4803
f 4803/4772/4803 4834/4803/4834 4835/4804/4835 4804/4773/4804
f 4804/4773/4804 4835/4804/4835 4836/4805/4836 4805/4774/4805
f 4805/4774/4805 4836/4805/4836 4837/4806/4837 4806/4775/4806
f 4806/4775/4806 4837/4806/4837 4838/4807/4838 4807/4776/4807
f 4807/4776/4807 4838/4807/4838 4839/4808/4839 4808/4777/4808
f 4808/4777/4808 4839/4808/4839 4840/4809/4840 4809/4778/4809
f 4809/4778/4809 4840/4809/4840 4841/4810/4841 4810/4779/4810
f 4810/4779/4810 4841/4810/4841 4842/4811/4842 4811/4780/4811
f 4811/4780/4811 4842/4811/4842 4843/4812/4843 4812/4781/4812
f 4812/4781/4812 4843/4812/4843 4844/4813/4844 4813/4782/4813
f 4814/4783/4814 4845/4814/4845 4846/4815/4846 4815/4784/4815
f 4815/4784/4815 4846/4815/4846 4847/4816/4847 4816/4785/4816
f 4816/4785/4816 4847/4816/4847 4848/4817/4848 4817/4786/4817
f 4817/4786/4817 4848/4817/4848 4849/4818/4849 4818/4787/4818
f 4818/4787/4818 4849/4818/4849 4850/4819/4850 4819/4788/4819
f 4819/4788/4819 4850/4819/4850 4851/4820/4851 4820/4789/4820
f 4820/4789/4820 4851/4820/4851 4852/4821/4852 4821/4790/4821
f 4821/4790/4821 4852/4821/4852 4853/4822/4853 4822/4791/4822
f 4822/4791/4822 4853/4822/4853 4854/4823/4854 4823/4792/4823
f 4823/4792/4823 4854/4823/4854 4855/4824/4855 4824/4793/4824
f 4824/4793/4824 4855/4824/4855 4856/4825/4856 4825/4794/4825
f 4825/4794/4825 4856/4825/4856 4857/4826/4857 4826/4795/4826
f 4826/4795/4826 4857/4826/4857 4858/4827/4858 4827/4796/4827
f 4827/4796/4827 4858/4827/4858 4859/4828/4859 4828/4797/4828
f 4828/4797/4828 4859/4828/4859 4860/4829/4860 4829/4798/4829
f 4829/4798/4829 4860/4829/4860 4861/4830/4861 4830/4799/4830
f 4830/4799/4830 4861/4830/4861 4862/4831/4862 4831/4800/4831
f 4831/4800/4831 4862/4831/4862 4863/4832/4863 4832/4801/4832
f 4832/4801/4832 4863/4832/4863 4864/4833/4864 4833/4802/4833
f 4833/4802/4833 4864/4833/4864 4865/4834/4865 4834/4803/4834
f 4834/4803/4834 4865/4834/4865 4866/4835/4866 4835/4804/4835
f 4835/4804/4835 4866/4835/4866 4867/4836/4867 4836/4805/4836
f 4836/4805/4836 4867/4836/4867 4868/4837/4868 4837/4806/4837
f 4837/4806/4837 4868/4837/4868 4869/4838/4869 4838/4807/4838
f 4838/4807/4838 4869/4838/4869 4870/4839/4870 4839/4808/4839
f 4839/4808/4839 4870/4839/4870 4871/4840/4871 4840/4809/4840
f 4840/4809/4840 4871/4840/4871 4872/4841/4872 4841/4810/4841
f 4841/4810/4841 4872/4841/4872 4873/4842/4873 4842/4811/4842
f 4842/4811/4842 4873/4842/4873 4874/4843/4874 4843/4812/4843
f 4843/4812/4843 4874/4843/4874 4875/4844/4875 4844/4813/4844
f 4845/4814/4845 4876/4845/4876 4877/4846/4877 4846/4815/4846
f 4846/4815/4846 4877/4846/4877 4878/4847/4878 4847/4816/4847
f 4847/4816/4847 4878/4847/4878 4879/4848/4879 4848/4817/4848
f 4848/4817/4848 4879/4848/4879 4880/4849/4880 4849/4818/4849
f 4849/4818/4849 4880/4849/4880 4881/4850/4881 4850/4819/4850
f 4850/4819/4850 4881/4850/4881 4882/4851/4882 4851/4820/4851
f 4851/4820/4851 4882/4851/4882 4883/4852/4883 4852/4821/4852
f 4852/4821/4852 4883/4852/4883 4884/4853/4884 4853/4822/4853
f 4853/4822/4853 4884/4853/4884 4885/4854/4885 4854/4823/4854
f 4854/4823/4854 4885/4854/4885 4886/4855/4886 4855/4824/4855
f 4855/4824/4855 4886/4855/4886 4887/4856/4887 4856/4825/4856
f 4856/4825/4856 4887/4856/4887 4888/4857/4888 4857/4826/4857
f 4857/4826/4857 4888/4857/4888 4889/4858/4889 4858/4827/4858
f 4858/4827/4858 4889/4858/4889 4890/4859/4890 4859/4828/4859
f 4859/4828/4859 4890/4859/4890 4891/4860/4891 4860/4829/4860
f 4860/4829/4860 4891/4860/4891 4892/4861/4892 4861/4830/4861
f 4861/4830/4861 4892/4861/4892 4893/4862/4893 4862/4831/4862
f 4862/4831/4862 4893/4862/4893 4894/4863/4894 4863/4832/4863
f 4863/4832/4863 4894/4863/4894 4895/4864/4895 4864/4833/4864
f 4864/4833/4864 4895/4864/4895 4896/4865/4896 4865/4834/4865
f 4865/4834/4865 4896/4865/4896 4897/4866/4897 4866/4835/4866
f 4866/4835/4866 4897/4866/4897 4898/4867/4898 4867/4836/4867
f 4867/4836/4867 4898/4867/4898 4899/4868/4899 4868/4837/4868
f 4868/4837/4868 4899/4868/4899 4900/4869/4900 4869/4838/4869
f 4869/4838/4869 4900/4869/4900 4901/4870/4901 4870/4839/4870
f 4870/4839/4870 4901/4870/4901 4902/4871/4902 4871/4840/4871
f 4871/4840/4871 4902/4871/4902 4903/4872/4903 4872/4841/4872
f 4872/4841/4872 4903/4872/4903 4904/4873/4904 4873/4842/4873
f 4873/4842/4873 4904/4873/4904 4905/4874/4905 4874/4843/4874
f 4874/4843/4874 4905/4874/4905 4906/4875/4906 4875/4844/4875
f 4876/4845/4876 4907/4876/4907 4908/4877/4908 4877/4846/4877
f 4877/4846/4877 4908/4877/4908 4909/4878/4909 4878/4847/4878
f 4878/4847/4878 4909/4878/4909 4910/4879/4910 4879/4848/4879
f 4879/4848/4879 4910/4879/4910 4911/4880/4911 4880/4849/4880
f 4880/4849/4880 4911/4880/4911 4912/4881/4912 4881/4850/4881
f 4881/4850/4881 4912/4881/4912 4913/4882/4913 4882/4851/4882
f 4882/4851/4882 4913/4882/4913 4914/4883/4914 4883/4852/4883
f 4883/4852/4883 4914/4883/4914 4915/4884/4915 4884/4853/4884
f 4884/4853/4884 4915/4884/4915 4916/4885/4916 4885/4854/4885
f 4885/4854/4885 4916/4885/4916 4917/4886/4917 4886/4855/4886
f 4886/4855/4886 4917/4886/4917 4918/4887/4918 4887/4856/4887
f 4887/4856/4887 4918/4887/4918 4919/4888/4919 4888/4857/4888
f 4888/4857/4888 4919/4888/4919 4920/4889/4920 4889/4858/4889
f 4889/4858/4889 4920/4889/4920 4921/4890/4921 4890/4859/4890
f 4890/4859/4890 4921/4890/4921 4922/4891/4922 4891/4860/4891
f 4891/4860/4891 4922/4891/4922 4923/4892/4923 4892/4861/4892
f 4892/4861/4892 4923/4892/4923 4924/4893/4924 4893/4862/4893
f 4893/4862/4893 4924/4893/4924 4925/4894/4925 4894/4863/4894
f 4894/4863/4894 4925/4894/4925 4926/4895/4926 4895/4864/4895
f 4895/4864/4895 4926/4895/4926 4927/4896/4927 4896/4865/4896
f 4896/4865/4896 4927/4896/4927 4928/4897/4928 4897/4866/4897
f 4897/4866/4897 4928/4897/4928 4929/4898/4929 4898/4867/4898
f 4898/4867/4898 4929/4898/4929 4930/4899/4930 4899/4868/4899
f 4899/4868/4899 4930/4899/4930 4931/4900/4931 4900/4869/4900
f 4900/4869/4900 4931/4900/4931 4932/4901/4932 4901/4870/4901
f 4901/4870/4901 4932/4901/4932 4933/4902/4933 4902/4871/4902
f 4902/4871/4902 4933/4902/4933 4934/4903/4934 4903/4872/4903
f 4903/4872/4903 4934/4903/4934 4935/4904/4935 4904/4873/4904
f 4904/4873/4904 4935/4904/4935 4936/4905/4936 4905/4874/4905
f 4905/4874/4905 4936/4905/4936 4937/4906/4937 4906/4875/4906
f 4907/4876/4907 4938/4907/4938 4939/4908/4939 4908/4877/4908
f 4908/4877/4908 4939/4908/4939 4940/4909/4940 4909/4878/4909
f 4909/4878/4909 4940/4909/4940 4941/4910/4941 4910/4879/4910
f 4910/4879/4910 4941/4910/4941 4942/4911/4942 4911/4880/4911
f 4911/4880/4911 4942/4911/4942 4943/4912/4943 4912/4881/4912
f 4912/4881/4912 4943/4912/4943 4944/4913/4944 4913/4882/4913
f 4913/4882/4913 4944/4913/4944 4945/4914/4945 4914/4883/4914
f 4914/4883/4914 4945/4914/4945 4946/4915/4946 4915/4884/4915
f 4915/4884/4915 4946/4915/4946 4947/4916/4947 4916/4885/4916
f 4916/4885/4916 4947/4916/4947 4948/4917/4948 4917/4886/4917
f 4917/4886/4917 4948/4917/4948 4949/4918/4949 4918/4887/4918
f 4918/4887/4918 4949/4918/4949 4950/4919/4950 4919/4888/4919
f 4919/4888/4919 4950/4919/4950 4951/4920/4951 4920/4889/4920
f 4920/4889/4920 4951/4920/4951 4952/4921/4952 4921/4890/4921
f 4921/4890/4921 4952/4921/4952 4953/4922/4953 4922/4891/4922
f 4922/4891/4922 4953/4922/4953 4954/4923/4954 4923/4892/4923
f 4923/4892/4923 4954/4923/4954 4955/4924/4955 4924/4893/4924
f 4924/4893/4924 4955/4924/4955 4956/4925/4956 4925/4894/4925
f 4925/4894/4925 4956/4925/4956 4957/4926/4957 4926/4895/4926
f 4926/4895/4926 4957/4926/4957 4958/4927/4958 4927/4896/4927
f 4927/4896/4927 4958/4927/4958 4959/4928/4959 4928/4897/4928
f 4928/4897/4928 4959/4928/4959 4960/4929/4960 4929/4898/4929
f 4929/4898/4929 4960/4929/4960 4961/4930/4961 4930/4899/4930
f 4930/4899/4930 4961/4930/4961 4962/4931/4962 4931/4900/4931
f 4931/4900/4931 4962/4931/4962 4963/4932/4963 4932/4901/4932
f 4932/4901/4932 4963/4932/4963 4964/4933/4964 4933/4902/4933
f 4933/4902/4933 4964/4933/4964 4965/4934/4965 4934/4903/4934
f 4934/4903/4934 4965/4934/4965 4966/4935/4966 4935/4904/4935
f 4935/4904/4935 4966/4935/4966 4967/4936/4967 4936/4905/4936
f 4936/4905/4936 4967/4936/4967 4968/4937/4968 4937/4906/4937
f 4938/4907/4938 4969/4938/4969 4970/4939/4970 4939/4908/4939
f 4939/4908/4939 4970/4939/4970 4971/4940/4971 4940/4909/4940
f 4940/4909/4940 4971/4940/4971 4972/4941/4972 4941/4910/4941
f 4941/4910/4941 4972/4941/4972 4973/4942/4973 4942/4911/4942
f 4942/4911/4942 4973/4942/4973 4974/4943/4974 4943/4912/4943
f 4943/4912/4943 4974/4943/4974 4975/4944/4975 4944/4913/4944
f 4944/4913/4944 4975/4944/4975 4976/4945/4976 4945/4914/4945
f 4945/4914/4945 4976/4945/4976 4977/4946/4977 4946/4915/4946
f 4946/4915/4946 4977/4946/4977 4978/4947/4978 4947/4916/4947
f 4947/4916/4947 4978/4947/4978 4979/4948/4979 4948/4917/4948
f 4948/4917/4948 4979/4948/4979 4980/4949/4980 4949/4918/4949
f 4949/4918/4949 4980/4949/4980 4981/4950/4981 4950/4919/4950
f 4950/4919/4950 4981/4950/4981 4982/4951/4982 4951/4920/4951
f 4951/4920/4951 4982/4951/4982 4983/4952/4983 4952/4921/4952
f 4952/4921/4952 4983/4952/4983 4984/4953/4984 4953/4922/4953
f 4953/4922/4953 4984/4953/4984 4985/4954/4985 4954/4923/4954
f 4954/4923/4954 4985/4954/4985 4986/4955/4986 4955/4924/4955
f 4955/4924/4955 4986/4955/4986 4987/4956/4987 4956/4925/4956
f 4956/4925/4956 4987/4956/4987 4988/4957/4988 4957/4926/4957
f 4957/4926/4957 4988/4957/4988 4989/4958/4989 4958/4927/4958
f 4958/4927/4958 4989/4958/4989 4990/4959/4990 4959/4928/4959
f 4959/4928/4959 4990/4959/4990 4991/4960/4991 4960/4929/4960
f 4960/4929/4960 4991/4960/4991 4992/4961/4992 4961/4930/4961
f 4961/4930/4961 4992/4961/4992 4993/4962/4993 4962/4931/4962
f 4962/4931/4962 4993/4962/4993 4994/4963/4994 4963/4932/4963
f 4963/4932/4963 4994/4963/4994 4995/4964/4995 4964/4933/4964
f 4964/4933/4964 4995/4964/4995 4996/4965/4996 4965/4934/4965
f 4965/4934/4965 4996/4965/4996 4997/4966/4997 4966/4935/4966
f 4966/4935/4966 4997/4966/4997 4998/4967/4998 4967/4936/4967
f 4967/4936/4967 4998/4967/4998 4999/4968/4999 4968/4937/4968
f 4969/4938/4969 5000/4969/5000 5001/4970/5001 4970/4939/4970
f 4970/4939/4970 5001/4970/5001 5002/4971/5002 4971/4940/4971
f 4971/4940/4971 5002/4971/5002 5003/4972/5003 4972/4941/4972
f 4972/4941/4972 5003/4972/5003 5004/4973/5004 4973/4942/4973
f 4973/4942/4973 5004/4973/5004 5005/4974/5005 4974/4943/4974
f 4974/4943/4974 5005/4974/5005 5006/4975/5006 4975/4944/4975
f 4975/4944/4975 5006/4975/5006 5007/4976/5007 4976/4945/4976
f 4976/4945/4976 5007/4976/5007 5008/4977/5008 4977/4946/4977
f 4977/4946/4977 5008/4977/5008 5009/4978/5009 4978/4947/4978
f 4978/4947/4978 5009/4978/5009 5010/4979/5010 4979/4948/4979
f 4979/4948/4979 5010/4979/5010 5011/4980/5011 4980/4949/4980
f 4980/4949/4980 5011/4980/5011 5012/4981/5012 4981/4950/4981
f 4981/4950/4981 5012/4981/5012 5013/4982/5013 4982/4951/4982
f 4982/4951/4982 5013/4982/5013 5014/4983/5014 4983/4952/4983
f 4983/4952/4983 5014/4983/5014 5015/4984/5015 4984/4953/4984
f 4984/4953/4984 5015/4984/5015 5016/4985/5016 4985/4954/4985
f 4985/4954/4985 5016/4985/5016 5017/4986/5017 4986/4955/4986
f 4986/4955/4986 5017/4986/5017 5018/4987/5018 4987/4956/4987
f 4987/4956/4987 5018/4987/5018 5019/4988/5019 4988/4957/4988
f 4988/4957/4988 5019/4988/5019 5020/4989/5020 4989/4958/4989
f 4989/4958/4989 5020/4989/5020 5021/4990/5021 4990/4959/4990
f 4990/4959/4990 5021/4990/5021 5022/4991/5022 4991/4960/4991
f 4991/4960/4991 5022/4991/5022 5023/4992/5023 4992/4961/4992
f 4992/4961/4992 5023/4992/5023 5024/4993/5024 4993/4962/4993
f 4993/4962/4993 5024/4993/5024 5025/4994/5025 4994/4963/4994
f 4994/4963/4994 5025/4994/5025 5026/4995/5026 4995/4964/4995
f 4995/4964/4995 5026/4995/5026 5027/4996/5027 4996/4965/4996
f 4996/4965/4996 5027/4996/5027 5028/4997/5028 4997/4966/4997
f 4997/4966/4997 5028/4997/5028 5029/4998/5029 4998/4967/4998
f 4998/4967/4998 5029/4998/5029 5030/4999/5030 4999/4968/4999
f 5000/4969/5000 5031/5000/5031 5032/5001/5032 5001/4970/5001
f 5001/4970/5001 5032/5001/5032 5033/5002/5033 5002/4971/5002
f 5002/4971/5002 5033/5002/5033 5034/5003/5034 5003/4972/5003
f 5003/4972/5003 5034/5003/5034 5035/5004/5035 5004/4973/5004
f 5004/4973/5004 5035/5004/5035 5036/5005/5036 5005/4974/5005
f 5005/4974/5005 5036/5005/5036 5037/5006/5037 5006/4975/5006
f 5006/4975/5006 5037/5006/5037 5038/5007/5038 5007/4976/5007
f 5007/4976/5007 5038/5007/5038 5039/5008/5039 5008/4977/5008
f 5008/4977/5008 5039/5008/5039 5040/5009/5040 5009/4978/5009
f 5009/4978/5009 5040/5009/5040 5041/5010/5041 5010/4979/5010
f 5010/4979/5010 5041/5010/5041 5042/5011/5042 5011/4980/5011
f 5011/4980/5011 5042/5011/5042 5043/5012/5043 5012/4981/5012
f 5012/4981/5012 5043/5012/5043 5044/5013/5044 5013/4982/5013
f 5013/4982/5013 5044/5013/5044 5045/5014/5045 5014/4983/5014
f 5014/4983/5014 5045/5014/5045 5046/5015/5046 5015/4984/5015
f 5015/4984/5015 5046/5015/5046 5047/5016/5047 5016/4985/5016
f 5016/4985/5016 5047/5016/5047 5048/5017/5048 5017/4986/5017
f 5017/4986/5017 5048/5017/5048 5049/5018/5049 5018/4987/5018
f 5018/4987/5018 5049/5018/5049 5050/5019/5050 5019/4988/5019
f 5019/4988/5019 5050/5019/5050 5051/5020/5051 5020/4989/5020
f 5020/4989/5020 5051/5020/5051 5052/5021/5052 5021/4990/5021
f 5021/4990/5021 5052/5021/5052 5053/5022/5053 5022/4991/5022
f 5022/4991/5022 5053/5022/5053 5054/5023/5054 5023/4992/5023
f 5023/4992/5023 5054/5023/5054 5055/5024/5055 5024/4993/5024
f 5024/4993/5024 5055/5024/5055 5056/5025/5056 5025/4994/5025
f 5025/4994/5025 5056/5025/5056 5057/5026/5057 5026/4995/5026
f 5026/4995/5026 5057/5026/5057 5058/5027/5058 5027/4996/5027
f 5027/4996/5027 5058/5027/5058 5059/5028/5059 5028/4997/5028
f 5028/4997/5028 5059/5028/5059 5060/5029/5060 5029/4998/5029
f 5029/4998/5029 5060/5029/5060 5061/5030/5061 5030/4999/5030
f 5031/5000/5031 5062/5031/5062 5063/5032/5063 5032/5001/5032
f 5032/5001/5032 5063/5032/5063 5064/5033/5064 5033/5002/5033
f 5033/5002/5033 5064/5033/5064 5065/5034/5065 5034/5003/5034
f 5034/5003/5034 5065/5034/5065 5066/5035/5066 5035/5004/5035
f 5035/5004/5035 5066/5035/5066 5067/5036/5067 5036/5005/5036
f 5036/5005/5036 5067/5036/5067 5068/5037/5068 5037/5006/5037
f 5037/5006/5037 5068/5037/5068 5069/5038/5069 5038/5007/5038
f 5038/5007/5038 5069/5038/5069 5070/5039/5070 5039/5008/5039
f 5039/5008/5039 5070/5039/5070 5071/5040/5071 5040/5009/5040
f 5040/5009/5040 5071/5040/5071 5072/5041/5072 5041/5010/5041
f 5041/5010/5041 5072/5041/5072 5073/5042/5073 5042/5011/5042
f 5042/5011/5042 5073/5042/5073 5074/5043/5074 5043/5012/5043
f 5043/5012/5043 5074/5043/5074 5075/5044/5075 5044/5013/5044
f 5044/5013/5044 5075/5044/5075 5076/5045/5076 5045/5014/5045
f 5045/5014/5045 5076/5045/5076 5077/5046/5077 5046/5015/5046
f 5046/5015/5046 5077/5046/5077 5078/5047/5078 5047/5016/5047
f 5047/5016/5047 5078/5047/5078 5079/5048/5079 5048/5017/5048
f 5048/5017/5048 5079/5048/5079 5080/5049/5080 5049/5018/5049
f 5049/5018/5049 5080/5049/5080 5081/5050/5081 5050/5019/5050
f 5050/5019/5050 5081/5050/5081 5082/5051/5082 5051/5020/5051
f 5051/5020/5051 5082/5051/5082 5083/5052/5083 5052/5021/5052
f 5052/5021/5052 5083/5052/5083 5084/5053/5084 5053/5022/5053
f 5053/5022/5053 5084/5053/5084 5085/5054/5085 5054/5023/5054
f 5054/5023/5054 5085/5054/5085 5086/5055/5086 5055/5024/5055
f 5055/5024/5055 5086/5055/5086 5087/5056/5087 5056/5025/5056
f 5056/5025/5056 5087/5056/5087 5088/5057/5088 5057/5026/5057
f 5057/5026/5057 5088/5057/5088 5089/5058/5089 5058/5027/5058
f 5058/5027/5058 5089/5058/5089 5090/5059/5090 5059/5028/5059
f 5059/5028/5059 5090/5059/5090 5091/5060/5091 5060/5029/5060
f 5060/5029/5060 5091/5060/5091 5092/5061/5092 5061/5030/5061
f 5062/5031/5062 5093/5062/5093 5094/5063/5094 5063/5032/5063
f 5063/5032/5063 5094/5063/5094 5095/5064/5095 5064/5033/5064
f 5064/5033/5064 5095/5064/5095 5096/5065/5096 5065/5034/5065
f 5065/5034/5065 5096/5065/5096 5097/5066/5097 5066/5035/5066
f 5066/5035/5066 5097/5066/5097 5098/5067/5098 5067/5036/5067
f 5067/5036/5067 5098/5067/5098 5099/5068/5099 5068/5037/5068
f 5068/5037/5068 5099/5068/5099 5100/5069/5100 5069/5038/5069
f 5069/5038/5069 5100/5069/5100 5101/5070/5101 5070/5039/5070
f 5070/5039/5070 5101/5070/5101 5102/5071/5102 5071/5040/5071
f 5071/5040/5071 5102/5071/5102 5103/5072/5103 5072/5041/5072
f 5072/5041/5072 5103/5072/5103 5104/5073/5104 5073/5042/5073
f 5073/5042/5073 5104/5073/5104 5105/5074/5105 5074/5043/5074
f 5074/5043/5074 5105/5074/5105 5106/5075/5106 5075/5044/5075
f 5075/5044/5075 5106/5075/5106 5107/5076/5107 5076/5045/5076
f 5076/5045/5076 5107/5076/5107 5108/5077/5108 5077/5046/5077
f 5077/5046/5077 5108/5077/5108 5109/5078/5109 5078/5047/5078
f 5078/5047/5078 5109/5078/5109 5110/5079/5110 5079/5048/5079
f 5079/5048/5079 5110/5079/5110 5111/5080/5111 5080/5049/5080
f 5080/5049/5080 5111/5080/5111 5112/5081/5112 5081/5050/5081
f 5081/5050/5081 5112/5081/5112 5113/5082/5113 5082/5051/5082
f 5082/5051/5082 5113/5082/5113 5114/5083/5114 5083/5052/5083
f 5083/5052/5083 5114/5083/5114 5115/5084/5115 5084/5053/5084
f 5084/5053/5084 5115/5084/5115 5116/5085/5116 5085/5054/5085
f 5085/5054/5085 5116/5085/5116 5117/5086/5117 5086/5055/5086
f 5086/5055/5086 5117/5086/5117 5118/5087/5118 5087/5056/5087
f 5087/5056/5087 5118/5087/5118 5119/5088/5119 5088/5057/5088
f 5088/5057/5088 5119/5088/5119 5120/5089/5120 5089/5058/5089
f 5089/5058/5089 5120/5089/5120 5121/5090/5121 5090/5059/5090
f 5090/5059/5090 5121/5090/5121 5122/5091/5122 5091/5060/5091
f 5091/5060/5091 5122/5091/5122 5123/5092/5123 5092/5061/5092
f 5093/5062/5093 5124/5093/5124 5125/5094/5125 5094/5063/5094
f 5094/5063/5094 5125/5094/5125 5126/5095/5126 5095/5064/5095
f 5095/5064/5095 5126/5095/5126 5127/5096/5127 5096/5065/5096
f 5096/5065/5096 5127/5096/5127 5128/5097/5128 5097/5066/5097
f 5097/5066/5097 5128/5097/5128 5129/5098/5129 5098/5067/5098
f 5098/5067/5098 5129/5098/5129 5130/5099/5130 5099/5068/5099
f 5099/5068/5099 5130/5099/5130 5131/5100/5131 5100/5069/5100
f 5100/5069/5100 5131/5100/5131 5132/5101/5132 5101/5070/5101
f 5101/5070/5101 5132/5101/5132 5133/5102/5133 5102/5071/5102
f 5102/5071/5102 5133/5102/5133 5134/5103/5134 5103/5072/5103
f 5103/5072/5103 5134/5103/5134 5135/5104/5135 5104/5073/5104
f 5104/5073/5104 5135/5104/5135 5136/5105/5136 5105/5074/5105
f 5105/5074/5105 5136/5105/5136 5137/5106/5137 5106/5075/5106
f 5106/5075/5106 5137/5106/5137 5138/5107/5138 5107/5076/5107
f 5107/5076/5107 5138/5107/5138 5139/5108/5139 5108/5077/5108
f 5108/5077/5108 5139/5108/5139 5140/5109/5140 5109/5078/5109
f 5109/5078/5109 5140/5109/5140 5141/5110/5141 5110/5079/5110
f 5110/5079/5110 5141/5110/5141 5142/5111/5142 5111/5080/5111
f 5111/5080/5111 5142/5111/5142 5143/5112/5143 5112/5081/5112
f 5112/5081/5112 5143/5112/5143 5144/5113/5144 5113/5082/5113
f 5113/5082/5113 5144/5113/5144 5145/5114/5145 5114/5083/5114
f 5114/5083/5114 5145/5114/5145 5146/5115/5146 5115/5084/5115
f 5115/5084/5115 5146/5115/5146 5147/5116/5147 5116/5085/5116
f 5116/5085/5116 5147/5116/5147 5148/5117/5148 5117/5086/5117
f 5117/5086/5117 5148/5117/5148 5149/5118/5149 5118/5087/5118
f 5118/5087/5118 5149/5118/5149 5150/5119/5150 5119/5088/5119
f 5119/5088/5119 5150/5119/5150 5151/5120/5151 5120/5089/5120
f 5120/5089/5120 5151/5120/5151 5152/5121/5152 5121/5090/5121
f 5121/5090/5121 5152/5121/5152 5153/5122/5153 5122/5091/5122
f 5122/5091/5122 5153/5122/5153 5154/5123/5154 5123/5092/5123
f 5124/5093/5124 5155/5124/5155 5156/5125/5156 5125/5094/5125
f 5125/5094/5125 5156/5125/5156 5157/5126/5157 5126/5095/5126
f 5126/5095/5126 5157/5126/5157 5158/5127/5158 5127/5096/5127
f 5127/5096/5127 5158/5127/5158 5159/5128/5159 5128/5097/5128
f 5128/5097/5128 5159/5128/5159 5160/5129/5160 5129/5098/5129
f 5129/5098/5129 5160/5129/5160 5161/5130/5161 5130/5099/5130
f 5130/5099/5130 5161/5130/5161 5162/5131/5162 5131/5100/5131
f 5131/5100/5131 5162/5131/5162 5163/5132/5163 5132/5101/5132
f 5132/5101/5132 5163/5132/5163 5164/5133/5164 5133/5102/5133
f 5133/5102/5133 5164/5133/5164 5165/5134/5165 5134/5103/5134
f 5134/5103/5134 5165/5134/5165 5166/5135/5166 5135/5104/5135
f 5135/5104/5135 5166/5135/5166 5167/5136/5167 5136/5105/5136
f 5136/5105/5136 5167/5136/5167 5168/5137/5168 5137/5106/5137
f 5137/5106/5137 5168/5137/5168 5169/5138/5169 5138/5107/5138
f 5138/5107/5138 5169/5138/5169 5170/5139/5170 5139/5108/5139
f 5139/5108/5139 5170/5139/5170 5171/5140/5171 5140/5109/5140
f 5140/5109/5140 5171/5140/5171 5172/5141/5172 5141/5110/5141
f 5141/5110/5141 5172/5141/5172 5173/5142/5173 5142/5111/5142
f 5142/5111/5142 5173/5142/5173 5174/5143/5174 5143/5112/5143
f 5143/5112/5143 5174/5143/5174 5175/5144/5175 5144/5113/5144
f 5144/5113/5144 5175/5144/5175 5176/5145/5176 5145/5114/5145
f 5145/5114/5145 5176/5145/5176 5177/5146/5177 5146/5115/5146
f 5146/5115/5146 5177/5146/5177 5178/5147/5178 5147/5116/5147
f 5147/5116/5147 5178/5147/5178 5179/5148/5179 5148/5117/5148
f 5148/5117/5148 5179/5148/5179 5180/5149/5180 5149/5118/5149
f 5149/5118/5149 5180/5149/5180 5181/5150/5181 5150/5119/5150
f 5150/5119/5150 5181/5150/5181 5182/5151/5182 5151/5120/5151
f 5151/5120/5151 5182/5151/5182 5183/5152/5183 5152/5121/5152
f 5152/5121/5152 5183/5152/5183 5184/5153/5184 5153/5122/5153
f 5153/5122/5153 5184/5153/5184 5185/5154/5185 5154/5123/5154
f 1/962/1 350/5155/350 4225/4194/4225 102/963/102
f 102/963/102 4225/4194/4225 4226/4197/4226 103/1089/103
f 103/1089/103 4226/4197/4226 4227/4199/4227 104/1088/104
f 104/1088/104 4227/4199/4227 4228/4201/4228 105/1087/105
f 105/1087/105 4228/4201/4228 4229/4203/4229 106/1086/106
f 106/1086/106 4229/4203/4229 4230/4205/4230 107/1085/107
f 107/1085/107 4230/4205/4230 4231/4207/4231 108/1084/108
f 108/1084/108 4231/4207/4231 4232/4209/4232 109/1083/109
f 109/1083/109 4232/4209/4232 4233/4211/4233 110/1082/110
f 110/1082/110 4233/4211/4233 4234/4213/4234 111/1081/111
f 111/1081/111 4234/4213/4234 4235/4215/4235 112/1080/112
f 112/1080/112 4235/4215/4235 4236/4217/4236 113/1079/113
f 113/1079/113 4236/4217/4236 4237/4219/4237 114/1078/114
f 114/1078/114 4237/4219/4237 4238/4221/4238 115/1077/115
f 115/1077/115 4238/4221/4238 4239/4223/4239 116/1076/116
f 116/1076/116 4239/4223/4239 4240/4225/4240 117/1075/117
f 117/1075/117 4240/4225/4240 4241/4227/4241 118/1074/118
f 118/1074/118 4241/4227/4241 4242/4229/4242 119/1073/119
f 119/1073/119 4242/4229/4242 4243/4231/4243 120/1072/120
f 120/1072/120 4243/4231/4243 4244/4233/4244 121/1071/121
f 121/1071/121 4244/4233/4244 4245/4235/4245 122/1070/122
f 122/1070/122 4245/4235/4245 4246/4237/4246 123/1069/123
f 123/1069/123 4246/4237/4246 4247/4239/4247 124/1068/124
f 124/1068/124 4247/4239/4247 4248/4241/4248 125/1067/125
f 125/1067/125 4248/4241/4248 4249/4243/4249 126/1066/126
f 126/1066/126 4249/4243/4249 4250/4245/4250 127/1065/127
f 127/1065/127 4250/4245/4250 4251/4247/4251 128/1064/128
f 128/1064/128 4251/4247/4251 4252/4249/4252 129/1063/129
f 129/1063/129 4252/4249/4252 4253/4251/4253 130/1062/130
f 130/1062/130 4253/4251/4253 4254/4253/4254 131/1061/131
f 131/1061/131 4254/4253/4254 4255/4255/4255 132/1059/132
f 132/1059/132 4255/4255/4255 319/4163/319 3/1060/3
f 4255/4255/4255 4286/4254/4286 320/4193/320 319/4163/319
f 4286/4254/4286 4317/4286/4317 321/4192/321 320/4193/320
f 4317/4286/4317 4348/4317/4348 322/4191/322 321/4192/321
f 4348/4317/4348 4379/4348/4379 323/4190/323 322/4191/322
f 4379/4348/4379 4410/4379/4410 324/4189/324 323/4190/323
f 4410/4379/4410 4441/4410/4441 325/4188/325 324/4189/324
f 4441/4410/4441 4472/4441/4472 326/4187/326 325/4188/325
f 4472/4441/4472 4503/4472/4503 327/4186/327 326/4187/326
f 4503/4472/4503 4534/4503/4534 328/4185/328 327/4186/327
f 4534/4503/4534 4565/4534/4565 329/4184/329 328/4185/328
f 4565/4534/4565 4596/4565/4596 330/4183/330 329/4184/329
f 4596/4565/4596 4627/4596/4627 331/4182/331 330/4183/330
f 4627/4596/4627 4658/4627/4658 332/4181/332 331/4182/331
f 4658/4627/4658 4689/4658/4689 333/4180/333 332/4181/332
f 4689/4658/4689 4720/4689/4720 334/4179/334 333/4180/333
f 4720/4689/4720 4751/4720/4751 335/4178/335 334/4179/334
f 4751/4720/4751 4782/4751/4782 336/4177/336 335/4178/335
f 4782/4751/4782 4813/4782/4813 337/4176/337 336/4177/336
f 4813/4782/4813 4844/4813/4844 338/4175/338 337/4176/337
f 4844/4813/4844 4875/4844/4875 339/4174/339 338/4175/338
f 4875/4844/4875 4906/4875/4906 340/4173/340 339/4174/339
f 4906/4875/4906 4937/4906/4937 341/4172/341 340/4173/340
f 4937/4906/4937 4968/4937/4968 342/4171/342 341/4172/341
f 4968/4937/4968 4999/4968/4999 343/4170/343 342/4171/342
f 4999/4968/4999 5030/4999/5030 344/4169/344 343/4170/343
f 5030/4999/5030 5061/5030/5061 345/4168/345 344/4169/344
f 5061/5030/5061 5092/5061/5092 346/4167/346 345/4168/345
f 5092/5061/5092 5123/5092/5123 347/4166/347 346/4167/346
f 5123/5092/5123 5154/5123/5154 348/4165/348 347/4166/347
f 5154/5123/5154 5185/5154/5185 349/4164/349 348/4165/348
f 5185/5154/5185 226/2115/226 4/2117/4 349/4164/349
f 5184/5153/5184 227/2114/227 226/2115/226 5185/5154/5185
f 5183/5152/5183 228/2113/228 227/2114/227 5184/5153/5184
f 5182/5151/5182 229/2112/229 228/2113/228 5183/5152/5183
f 5181/5150/5181 230/2111/230 229/2112/229 5182/5151/5182
f 5180/5149/5180 231/2110/231 230/2111/230 5181/5150/5181
f 5179/5148/5179 232/2109/232 231/2110/231 5180/5149/5180
f 5178/5147/5178 233/2108/233 232/2109/232 5179/5148/5179
f 5177/5146/5177 234/2107/234 233/2108/233 5178/5147/5178
f 5176/5145/5176 235/2106/235 234/2107/234 5177/5146/5177
f 5175/5144/5175 236/2105/236 235/2106/235 5176/5145/5176
f 5174/5143/5174 237/2104/237 236/2105/236 5175/5144/5175
f 5173/5142/5173 238/2103/238 237/2104/237 5174/5143/5174
f 5172/5141/5172 239/2102/239 238/2103/238 5173/5142/5173
f 5171/5140/5171 240/2101/240 239/2102/239 5172/5141/5172
f 5170/5139/5170 241/2100/241 240/2101/240 5171/5140/5171
f 5169/5138/5169 242/2099/242 241/2100/241 5170/5139/5170
f 5168/5137/5168 243/2098/243 242/2099/242 5169/5138/5169
f 5167/5136/5167 244/2097/244 243/2098/243 5168/5137/5168
f 5166/5135/5166 245/2096/245 244/2097/244 5167/5136/5167
f 5165/5134/5165 246/2095/246 245/2096/245 5166/5135/5166
f 5164/5133/5164 247/2094/247 246/2095/246 5165/5134/5165
f 5163/5132/5163 248/2093/248 247/2094/247 5164/5133/5164
f 5162/5131/5162 249/2092/249 248/2093/248 5163/5132/5163
f 5161/5130/5161 250/2091/250 249/2092/249 5162/5131/5162
f 5160/5129/5160 251/2090/251 250/2091/250 5161/5130/5161
f 5159/5128/5159 252/2089/252 251/2090/251 5160/5129/5160
f 5158/5127/5158 253/2088/253 252/2089/252 5159/5128/5159
f 5157/5126/5157 254/2087/254 253/2088/253 5158/5127/5158
f 5156/5125/5156 255/2086/255 254/2087/254 5157/5126/5157
f 5155/5124/5155 256/2084/256 255/2086/255 5156/5125/5156
f 380/5156/380 2/2085/2 256/2084/256 5155/5124/5155
f 379/5157/379 380/5156/380 5155/5124/5155 5124/5093/5124
f 378/5158/378 379/5157/379 5124/5093/5124 5093/5062/5093
f 377/5159/377 378/5158/378 5093/5062/5093 5062/5031/5062
f 376/5160/376 377/5159/377 5062/5031/5062 5031/5000/5031
f 375/5161/375 376/5160/376 5031/5000/5031 5000/4969/5000
f 374/5162/374 375/5161/375 5000/4969/5000 4969/4938/4969
f 373/5163/373 374/5162/374 4969/4938/4969 4938/4907/4938
f 372/5164/372 373/5163/373 4938/4907/4938 4907/4876/4907
f 371/5165/371 372/5164/372 4907/4876/4907 4876/4845/4876
f 370/5166/370 371/5165/371 4876/4845/4876 4845/4814/4845
f 369/5167/369 370/5166/370 4845/4814/4845 4814/4783/4814
f 368/5168/368 369/5167/369 4814/4783/4814 4783/4752/4783
f 367/5169/367 368/5168/368 4783/4752/4783 4752/4721/4752
f 366/5170/366 367/5169/367 4752/4721/4752 4721/4690/4721
f 365/5171/365 366/5170/366 4721/4690/4721 4690/4659/4690
f 364/5172/364 365/5171/365 4690/4659/4690 4659/4628/4659
f 363/5173/363 364/5172/364 4659/4628/4659 4628/4597/4628
f 362/5174/362 363/5173/363 4628/4597/4628 4597/4566/4597
f 361/5175/361 362/5174/362 4597/4566/4597 4566/4535/4566
f 360/5176/360 361/5175/361 4566/4535/4566 4535/4504/4535
f 359/5177/359 360/5176/360 4535/4504/4535 4504/4473/4504
f 358/5178/358 359/5177/359 4504/4473/4504 4473/4442/4473
f 357/5179/357 358/5178/358 4473/4442/4473 4442/4411/4442
f 356/5180/356 357/5179/357 4442/4411/4442 4411/4380/4411
f 355/5181/355 356/5180/356 4411/4380/4411 4380/4349/4380
f 354/5182/354 355/5181/355 4380/4349/4380 4349/4318/4349
f 353/5183/353 354/5182/354 4349/4318/4349 4318/4287/4318
f 352/5184/352 353/5183/353 4318/4287/4318 4287/4256/4287
f 351/5185/351 352/5184/352 4287/4256/4287 4256/4195/4256
f 350/5155/350 351/5185/351 4256/4195/4256 4225/4194/4225
f 5186/5186/5186 5217/5187/5217 5218/5188/5218 5187/5189/5187
f 5187/5189/5187 5218/5188/5218 5219/5190/5219 5188/5191/5188
f 5188/5191/5188 5219/5190/5219 5220/5192/5220 5189/5193/5189
f 5189/5193/5189 5220/5192/5220 5221/5194/5221 5190/5195/5190
f 5190/5195/5190 5221/5194/5221 5222/5196/5222 5191/5197/5191
f 5191/5197/5191 5222/5196/5222 5223/5198/5223 5192/5199/5192
f 5192/5199/5192 5223/5198/5223 5224/5200/5224 5193/5201/5193
f 5193/5201/5193 5224/5200/5224 5225/5202/5225 5194/5203/5194
f 5194/5203/5194 5225/5202/5225 5226/5204/5226 5195/5205/5195
f 5195/5205/5195 5226/5204/5226 5227/5206/5227 5196/5207/5196
f 5196/5207/5196 5227/5206/5227 5228/5208/5228 5197/5209/5197
f 5197/5209/5197 5228/5208/5228 5229/5210/5229 5198/5211/5198
f 5198/5211/5198 5229/5210/5229 5230/5212/5230 5199/5213/5199
f 5199/5213/5199 5230/5212/5230 5231/5214/5231 5200/5215/5200
f 5200/5215/5200 5231/5214/5231 5232/5216/5232 5201/5217/5201
f 5201/5217/5201 5232/5216/5232 5233/5218/5233 5202/5219/5202
f 5202/5219/5202 5233/5218/5233 5234/5220/5234 5203/5221/5203
f 5203/5221/5203 5234/5220/5234 5235/5222/5235 5204/5223/5204
f 5204/5223/5204 5235/5222/5235 5236/5224/5236 5205/5225/5205
f 5205/5225/5205 5236/5224/5236 5237/5226/5237 5206/5227/5206
f 5206/5227/5206 5237/5226/5237 5238/5228/5238 5207/5229/5207
f 5207/5229/5207 5238/5228/5238 5239/5230/5239 5208/5231/5208
f 5208/5231/5208 5239/5230/5239 5240/5232/5240 5209/5233/5209
f 5209/5233/5209 5240/5232/5240 5241/5234/5241 5210/5235/5210
f 5210/5235/5210 5241/5234/5241 5242/5236/5242 5211/5237/5211
f 5211/5237/5211 5242/5236/5242 5243/5238/5243 5212/5239/5212
f 5212/5239/5212 5243/5238/5243 5244/5240/5244 5213/5241/5213
f 5213/5241/5213 5244/5240/5244 5245/5242/5245 5214/5243/5214
f 5214/5243/5214 5245/5242/5245 5246/5244/5246 5215/5245/5215
f 5215/5245/5215 5246/5244/5246 5247/5246/5247 5216/5247/5216
f 5217/5187/5217 5248/5248/5248 5249/5249/5249 5218/5188/5218
f 5218/5188/5218 5249/5249/5249 5250/5250/5250 5219/5190/5219
f 5219/5190/5219 5250/5250/5250 5251/5251/5251 5220/5192/5220
f 5220/5192/5220 5251/5251/5251 5252/5252/5252 5221/5194/5221
f 5221/5194/5221 5252/5252/5252 5253/5253/5253 5222/5196/5222
f 5222/5196/5222 5253/5253/5253 5254/5254/5254 5223/5198/5223
f 5223/5198/5223 5254/5254/5254 5255/5255/5255 5224/5200/5224
f 5224/5200/5224 5255/5255/5255 5256/5256/5256 5225/5202/5225
f 5225/5202/5225 5256/5256/5256 5257/5257/5257 5226/5204/5226
f 5226/5204/5226 5257/5257/5257 5258/5258/5258 5227/5206/5227
f 5227/5206/5227 5258/5258/5258 5259/5259/5259 5228/5208/5228
f 5228/5208/5228 5259/5259/5259 5260/5260/5260 5229/5210/5229
f 5229/5210/5229 5260/5260/5260 5261/5261/5261 5230/5212/5230
f 5230/5212/5230 5261/5261/5261 5262/5262/5262 5231/5214/5231
f 5231/5214/5231 5262/5262/5262 5263/5263/5263 5232/5216/5232
f 5232/5216/5232 5263/5263/5263 5264/5264/5264 5233/5218/5233
f 5233/5218/5233 5264/5264/5264 5265/5265/5265 5234/5220/5234
f 5234/5220/5234 5265/5265/5265 5266/5266/5266 5235/5222/5235
f 5235/5222/5235 5266/5266/5266 5267/5267/5267 5236/5224/5236
f 5236/5224/5236 5267/5267/5267 5268/5268/5268 5237/5226/5237
f 5237/5226/5237 5268/5268/5268 5269/5269/5269 5238/5228/5238
f 5238/5228/5238 5269/5269/5269 5270/5270/5270 5239/5230/5239
f 5239/5230/5239 5270/5270/5270 5271/5271/5271 5240/5232/5240
f 5240/5232/5240 5271/5271/5271 5272/5272/5272 5241/5234/5241
f 5241/5234/5241 5272/5272/5272 5273/5273/5273 5242/5236/5242
f 5242/5236/5242 5273/5273/5273 5274/5274/5274 5243/5238/5243
f 5243/5238/5243 5274/5274/5274 5275/5275/5275 5244/5240/5244
f 5244/5240/5244 5275/5275/5275 5276/5276/5276 5245/5242/5245
f 5245/5242/5245 5276/5276/5276 5277/5277/5277 5246/5244/5246
f 5246/5244/5246 5277/5277/5277 5278/5278/5278 5247/5246/5247
f 5248/5248/5248 5279/5279/5279 5280/5280/5280 5249/5249/5249
f 5249/5249/5249 5280/5280/5280 5281/5281/5281 5250/5250/5250
f 5250/5250/5250 5281/5281/5281 5282/5282/5282 5251/5251/5251
f 5251/5251/5251 5282/5282/5282 5283/5283/5283 5252/5252/5252
f 5252/5252/5252 5283/5283/5283 5284/5284/5284 5253/5253/5253
f 5253/5253/5253 5284/5284/5284 5285/5285/5285 5254/5254/5254
f 5254/5254/5254 5285/5285/5285 5286/5286/5286 5255/5255/5255
f 5255/5255/5255 5286/5286/5286 5287/5287/5287 5256/5256/5256
f 5256/5256/5256 5287/5287/5287 5288/5288/5288 5257/5257/5257
f 5257/5257/5257 5288/5288/5288 5289/5289/5289 5258/5258/5258
f 5258/5258/5258 5289/5289/5289 5290/5290/5290 5259/5259/5259
f 5259/5259/5259 5290/5290/5290 5291/5291/5291 5260/5260/5260
f 5260/5260/5260 5291/5291/5291 5292/5292/5292 5261/5261/5261
f 5261/5261/5261 5292/5292/5292 5293/5293/5293 5262/5262/5262
f 5262/5262/5262 5293/5293/5293 5294/5294/5294 5263/5263/5263
f 5263/5263/5263 5294/5294/5294 5295/5295/5295 5264/5264/5264
f 5264/5264/5264 5295/5295/5295 5296/5296/5296 5265/5265/5265
f 5265/5265/5265 5296/5296/5296 5297/5297/5297 5266/5266/5266
f 5266/5266/5266 5297/5297/5297 5298/5298/5298 5267/5267/5267
f 5267/5267/5267 5298/5298/5298 5299/5299/5299 5268/5268/5268
f 5268/5268/5268 5299/5299/5299 5300/5300/5300 5269/5269/5269
f 5269/5269/5269 5300/5300/5300 5301/5301/5301 5270/5270/5270
f 5270/5270/5270 5301/5301/5301 5302/5302/5302 5271/5271/5271
f 5271/5271/5271 5302/5302/5302 5303/5303/5303 5272/5272/5272
f 5272/5272/5272 5303/5303/5303 5304/5304/5304 5273/5273/5273
f 5273/5273/5273 5304/5304/5304 5305/5305/5305 5274/5274/5274
f 5274/5274/5274 5305/5305/5305 5306/5306/5306 5275/5275/5275
f 5275/5275/5275 5306/5306/5306 5307/5307/5307 5276/5276/5276
f 5276/5276/5276 5307/5307/5307 5308/5308/5308 5277/5277/5277
f 5277/5277/5277 5308/5308/5308 5309/5309/5309 5278/5278/5278
f 5279/5279/5279 5310/5310/5310 5311/5311/5311 5280/5280/5280
f 5280/5280/5280 5311/5311/5311 5312/5312/5312 5281/5281/5281
f 5281/5281/5281 5312/5312/5312 5313/5313/5313 5282/5282/5282
f 5282/5282/5282 5313/5313/5313 5314/5314/5314 5283/5283/5283
f 5283/5283/5283 5314/5314/5314 5315/5315/5315 5284/5284/5284
f 5284/5284/5284 5315/5315/5315 5316/5316/5316 5285/5285/5285
f 5285/5285/5285 5316/5316/5316 5317/5317/5317 5286/5286/5286
f 5286/5286/5286 5317/5317/5317 5318/5318/5318 5287/5287/5287
f 5287/5287/5287 5318/5318/5318 5319/5319/5319 5288/5288/5288
f 5288/5288/5288 5319/5319/5319 5320/5320/5320 5289/5289/5289
f 5289/5289/5289 5320/5320/5320 5321/5321/5321 5290/5290/5290
f 5290/5290/5290 5321/5321/5321 5322/5322/5322 5291/5291/5291
f 5291/5291/5291 5322/5322/5322 5323/5323/5323 5292/5292/5292
f 5292/5292/5292 5323/5323/5323 5324/5324/5324 5293/5293/5293
f 5293/5293/5293 5324/5324/5324 5325/5325/5325 5294/5294/5294
f 5294/5294/5294 5325/5325/5325 5326/5326/5326 5295/5295/5295
f 5295/5295/5295 5326/5326/5326 5327/5327/5327 5296/5296/5296
f 5296/5296/5296 5327/5327/5327 5328/5328/5328 5297/5297/5297
f 5297/5297/5297 5328/5328/5328 5329/5329/5329 5298/5298/5298
f 5298/5298/5298 5329/5329/5329 5330/5330/5330 5299/5299/5299
f 5299/5299/5299 5330/5330/5330 5331/5331/5331 5300/5300/5300
f 5300/5300/5300 5331/5331/5331 5332/5332/5332 5301/5301/5301
f 5301/5301/5301 5332/5332/5332 5333/5333/5333 5302/5302/5302
f 5302/5302/5302 5333/5333/5333 5334/5334/5334 5303/5303/5303
f 5303/5303/5303 5334/5334/5334 5335/5335/5335 5304/5304/5304
f 5304/5304/5304 5335/5335/5335 5336/5336/5336 5305/5305/5305
f 5305/5305/5305 5336/5336/5336 5337/5337/5337 5306/5306/5306
f 5306/5306/5306 5337/5337/5337 5338/5338/5338 5307/5307/5307
f 5307/5307/5307 5338/5338/5338 5339/5339/5339 5308/5308/5308
f 5308/5308/5308 5339/5339/5339 5340/5340/5340 5309/5309/5309
f 5310/5310/5310 5341/5341/5341 5342/5342/5342 5311/5311/5311
f 5311/5311/5311 5342/5342/5342 5343/5343/5343 5312/5312/5312
f 5312/5312/5312 5343/5343/5343 5344/5344/5344 5313/5313/5313
f 5313/5313/5313 5344/5344/5344 5345/5345/5345 5314/5314/5314
f 5314/5314/5314 5345/5345/5345 5346/5346/5346 5315/5315/5315
f 5315/5315/5315 5346/5346/5346 5347/5347/5347 5316/5316/5316
f 5316/5316/5316 5347/5347/5347 5348/5348/5348 5317/5317/5317
f 5317/5317/5317 5348/5348/5348 5349/5349/5349 5318/5318/5318
f 5318/5318/5318 5349/5349/5349 5350/5350/5350 5319/5319/5319
f 5319/5319/5319 5350/5350/5350 5351/5351/5351 5320/5320/5320
f 5320/5320/5320 5351/5351/5351 5352/5352/5352 5321/5321/5321
f 5321/5321/5321 5352/5352/5352 5353/5353/5353 5322/5322/5322
f 5322/5322/5322 5353/5353/5353 5354/5354/5354 5323/5323/5323
f 5323/5323/5323 5354/5354/5354 5355/5355/5355 5324/5324/5324
f 5324/5324/5324 5355/5355/5355 5356/5356/5356 5325/5325/5325
f 5325/5325/5325 5356/5356/5356 5357/5357/5357 5326/5326/5326
f 5326/5326/5326 5357/5357/5357 5358/5358/5358 5327/5327/5327
f 5327/5327/5327 5358/5358/5358 5359/5359/5359 5328/5328/5328
f 5328/5328/5328 5359/5359/5359 5360/5360/5360 5329/5329/5329
f 5329/5329/5329 5360/5360/5360 5361/5361/5361 5330/5330/5330
f 5330/5330/5330 5361/5361/5361 5362/5362/5362 5331/5331/5331
f 5331/5331/5331 5362/5362/5362 5363/5363/5363 5332/5332/5332
f 5332/5332/5332 5363/5363/5363 5364/5364/5364 5333/5333/5333
f 5333/5333/5333 5364/5364/5364 5365/5365/5365 5334/5334/5334
f 5334/5334/5334 5365/5365/5365 5366/5366/5366 5335/5335/5335
f 5335/5335/5335 5366/5366/5366 5367/5367/5367 5336/5336/5336
f 5336/5336/5336 5367/5367/5367 5368/5368/5368 5337/5337/5337
f 5337/5337/5337 5368/5368/5368 5369/5369/5369 5338/5338/5338
f 5338/5338/5338 5369/5369/5369 5370/5370/5370 5339/5339/5339
f 5339/5339/5339 5370/5370/5370 5371/5371/5371 5340/5340/5340
f 5341/5341/5341 5372/5372/5372 5373/5373/5373 5342/5342/5342
f 5342/5342/5342 5373/5373/5373 5374/5374/5374 5343/5343/5343
f 5343/5343/5343 5374/5374/5374 5375/5375/5375 5344/5344/5344
f 5344/5344/5344 5375/5375/5375 5376/5376/5376 5345/5345/5345
f 5345/5345/5345 5376/5376/5376 5377/5377/5377 5346/5346/5346
f 5346/5346/5346 5377/5377/5377 5378/5378/5378 5347/5347/5347
f 5347/5347/5347 5378/5378/5378 5379/5379/5379 5348/5348/5348
f 5348/5348/5348 5379/5379/5379 5380/5380/5380 5349/5349/5349
f 5349/5349/5349 5380/5380/5380 5381/5381/5381 5350/5350/5350
f 5350/5350/5350 5381/5381/5381 5382/5382/5382 5351/5351/5351
f 5351/5351/5351 5382/5382/5382 5383/5383/5383 5352/5352/5352
f 5352/5352/5352 5383/5383/5383 5384/5384/5384 5353/5353/5353
f 5353/5353/5353 5384/5384/5384 5385/5385/5385 5354/5354/5354
f 5354/5354/5354 5385/5385/5385 5386/5386/5386 5355/5355/5355
f 5355/5355/5355 5386/5386/5386 5387/5387/5387 5356/5356/5356
f 5356/5356/5356 5387/5387/5387 5388/5388/5388 5357/5357/5357
f 5357/5357/5357 5388/5388/5388 5389/5389/5389 5358/5358/5358
f 5358/5358/5358 5389/5389/5389 5390/5390/5390 5359/5359/5359
f 5359/5359/5359 5390/5390/5390 5391/5391/5391 5360/5360/5360
f 5360/5360/5360 5391/5391/5391 5392/5392/5392 5361/5361/5361
f 5361/5361/5361 5392/5392/5392 5393/5393/5393 5362/5362/5362
f 5362/5362/5362 5393/5393/5393 5394/5394/5394 5363/5363/5363
f 5363/5363/5363 5394/5394/5394 5395/5395/5395 5364/5364/5364
f 5364/5364/5364 5395/5395/5395 5396/5396/5396 5365/5365/5365
f 5365/5365/5365 5396/5396/5396 5397/5397/5397 5366/5366/5366
f 5366/5366/5366 5397/5397/5397 5398/5398/5398 5367/5367/5367
f 5367/5367/5367 5398/5398/5398 5399/5399/5399 5368/5368/5368
f 5368/5368/5368 5399/5399/5399 5400/5400/5400 5369/5369/5369
f 5369/5369/5369 5400/5400/5400 5401/5401/5401 5370/5370/5370
f 5370/5370/5370 5401/5401/5401 5402/5402/5402 5371/5371/5371
f 5372/5372/5372 5403/5403/5403 5404/5404/5404 5373/5373/5373
f 5373/5373/5373 5404/5404/5404 5405/5405/5405 5374/5374/5374
f 5374/5374/5374 5405/5405/5405 5406/5406/5406 5375/5375/5375
f 5375/5375/5375 5406/5406/5406 5407/5407/5407 5376/5376/5376
f 5376/5376/5376 5407/5407/5407 5408/5408/5408 5377/5377/5377
f 5377/5377/5377 5408/5408/5408 5409/5409/5409 5378/5378/5378
f 5378/5378/5378 5409/5409/5409 5410/5410/5410 5379/5379/5379
f 5379/5379/5379 5410/5410/5410 5411/5411/5411 5380/5380/5380
f 5380/5380/5380 5411/5411/5411 5412/5412/5412 5381/5381/5381
f 5381/5381/5381 5412/5412/5412 5413/5413/5413 5382/5382/5382
f 5382/5382/5382 5413/5413/5413 5414/5414/5414 5383/5383/5383
f 5383/5383/5383 5414/5414/5414 5415/5415/5415 5384/5384/5384
f 5384/5384/5384 5415/5415/5415 5416/5416/5416 5385/5385/5385
f 5385/5385/5385 5416/5416/5416 5417/5417/5417 5386/5386/5386
f 5386/5386/5386 5417/5417/5417 5418/5418/5418 5387/5387/5387
f 5387/5387/5387 5418/5418/5418 5419/5419/5419 5388/5388/5388
f 5388/5388/5388 5419/5419/5419 5420/5420/5420 5389/5389/5389
f 5389/5389/5389 5420/5420/5420 5421/5421/5421 5390/5390/5390
f 5390/5390/5390 5421/5421/5421 5422/5422/5422 5391/5391/5391
f 5391/5391/5391 5422/5422/5422 5423/5423/5423 5392/5392/5392
f 5392/5392/5392 5423/5423/5423 5424/5424/5424 5393/5393/5393
f 5393/5393/5393 5424/5424/5424 5425/5425/5425 5394/5394/5394
f 5394/5394/5394 5425/5425/5425 5426/5426/5426 5395/5395/5395
f 5395/5395/5395 5426/5426/5426 5427/5427/5427 5396/5396/5396
f 5396/5396/5396 5427/5427/5427 5428/5428/5428 5397/5397/5397
f 5397/5397/5397 5428/5428/5428 5429/5429/5429 5398/5398/5398
f 5398/5398/5398 5429/5429/5429 5430/5430/5430 5399/5399/5399
f 5399/5399/5399 5430/5430/5430 5431/5431/5431 5400/5400/5400
f 5400/5400/5400 5431/5431/5431 5432/5432/5432 5401/5401/5401
f 5401/5401/5401 5432/5432/5432 5433/5433/5433 5402/5402/5402
f 5403/5403/5403 5434/5434/5434 5435/5435/5435 5404/5404/5404
f 5404/5404/5404 5435/5435/5435 5436/5436/5436 5405/5405/5405
f 5405/5405/5405 5436/5436/5436 5437/5437/5437 5406/5406/5406
f 5406/5406/5406 5437/5437/5437 5438/5438/5438 5407/5407/5407
f 5407/5407/5407 5438/5438/5438 5439/5439/5439 5408/5408/5408
f 5408/5408/5408 5439/5439/5439 5440/5440/5440 5409/5409/5409
f 5409/5409/5409 5440/5440/5440 5441/5441/5441 5410/5410/5410
f 5410/5410/5410 5441/5441/5441 5442/5442/5442 5411/5411/5411
f 5411/5411/5411 5442/5442/5442 5443/5443/5443 5412/5412/5412
f 5412/5412/5412 5443/5443/5443 5444/5444/5444 5413/5413/5413
f 5413/5413/5413 5444/5444/5444 5445/5445/5445 5414/5414/5414
f 5414/5414/5414 5445/5445/5445 5446/5446/5446 5415/5415/5415
f 5415/5415/5415 5446/5446/5446 5447/5447/5447 5416/5416/5416
f 5416/5416/5416 5447/5447/5447 5448/5448/5448 5417/5417/5417
f 5417/5417/5417 5448/5448/5448 5449/5449/5449 5418/5418/5418
f 5418/5418/5418 5449/5449/5449 5450/5450/5450 5419/5419/5419
f 5419/5419/5419 5450/5450/5450 5451/5451/5451 5420/5420/5420
f 5420/5420/5420 5451/5451/5451 5452/5452/5452 5421/5421/5421
f 5421/5421/5421 5452/5452/5452 5453/5453/5453 5422/5422/5422
f 5422/5422/5422 5453/5453/5453 5454/5454/5454 5423/5423/5423
f 5423/5423/5423 5454/5454/5454 5455/5455/5455 5424/5424/5424
f 5424/5424/5424 5455/5455/5455 5456/5456/5456 5425/5425/5425
f 5425/5425/5425 5456/5456/5456 5457/5457/5457 5426/5426/5426
f 5426/5426/5426 5457/5457/5457 5458/5458/5458 5427/5427/5427
f 5427/5427/5427 5458/5458/5458 5459/5459/5459 5428/5428/5428
f 5428/5428/5428 5459/5459/5459 5460/5460/5460 5429/5429/5429
f 5429/5429/5429 5460/5460/5460 5461/5461/5461 5430/5430/5430
f 5430/5430/5430 5461/5461/5461 5462/5462/5462 5431/5431/5431
f 5431/5431/5431 5462/5462/5462 5463/5463/5463 5432/5432/5432
f 5432/5432/5432 5463/5463/5463 5464/5464/5464 5433/5433/5433
f 5434/5434/5434 5465/5465/5465 5466/5466/5466 5435/5435/5435
f 5435/5435/5435 5466/5466/5466 5467/5467/5467 5436/5436/5436
f 5436/5436/5436 5467/5467/5467 5468/5468/5468 5437/5437/5437
f 5437/5437/5437 5468/5468/5468 5469/5469/5469 5438/5438/5438
f 5438/5438/5438 5469/5469/5469 5470/5470/5470 5439/5439/5439
f 5439/5439/5439 5470/5470/5470 5471/5471/5471 5440/5440/5440
f 5440/5440/5440 5471/5471/5471 5472/5472/5472 5441/5441/5441
f 5441/5441/5441 5472/5472/5472 5473/5473/5473 5442/5442/5442
f 5442/5442/5442 5473/5473/5473 5474/5474/5474 5443/5443/5443
f 5443/5443/5443 5474/5474/5474 5475/5475/5475 5444/5444/5444
f 5444/5444/5444 5475/5475/5475 5476/5476/5476 5445/5445/5445
f 5445/5445/5445 5476/5476/5476 5477/5477/5477 5446/5446/5446
f 5446/5446/5446 5477/5477/5477 5478/5478/5478 5447/5447/5447
f 5447/5447/5447 5478/5478/5478 5479/5479/5479 5448/5448/5448
f 5448/5448/5448 5479/5479/5479 5480/5480/5480 5449/5449/5449
f 5449/5449/5449 5480/5480/5480 5481/5481/5481 5450/5450/5450
f 5450/5450/5450 5481/5481/5481 5482/5482/5482 5451/5451/5451
f 5451/5451/5451 5482/5482/5482 5483/5483/5483 5452/5452/5452
f 5452/5452/5452 5483/5483/5483 5484/5484/5484 5453/5453/5453
f 5453/5453/5453 5484/5484/5484 5485/5485/5485 5454/5454/5454
f 5454/5454/5454 5485/5485/5485 5486/5486/5486 5455/5455/5455
f 5455/5455/5455 5486/5486/5486 5487/5487/5487 5456/5456/5456
f 5456/5456/5456 5487/5487/5487 5488/5488/5488 5457/5457/5457
f 5457/5457/5457 5488/5488/5488 5489/5489/5489 5458/5458/5458
f 5458/5458/5458 5489/5489/5489 5490/5490/5490 5459/5459/5459
f 5459/5459/5459 5490/5490/5490 5491/5491/5491 5460/5460/5460
f 5460/5460/5460 5491/5491/5491 5492/5492/5492 5461/5461/5461
f 5461/5461/5461 5492/5492/5492 5493/5493/5493 5462/5462/5462
f 5462/5462/5462 5493/5493/5493 5494/5494/5494 5463/5463/5463
f 5463/5463/5463 5494/5494/5494 5495/5495/5495 5464/5464/5464
f 5465/5465/5465 5496/5496/5496 5497/5497/5497 5466/5466/5466
f 5466/5466/5466 5497/5497/5497 5498/5498/5498 5467/5467/5467
f 5467/5467/5467 5498/5498/5498 5499/5499/5499 5468/5468/5468
f 5468/5468/5468 5499/5499/5499 5500/5500/5500 5469/5469/5469
f 5469/5469/5469 5500/5500/5500 5501/5501/5501 5470/5470/5470
f 5470/5470/5470 5501/5501/5501 5502/5502/5502 5471/5471/5471
f 5471/5471/5471 5502/5502/5502 5503/5503/5503 5472/5472/5472
f 5472/5472/5472 5503/5503/5503 5504/5504/5504 5473/5473/5473
f 5473/5473/5473 5504/5504/5504 5505/5505/5505 5474/5474/5474
f 5474/5474/5474 5505/5505/5505 5506/5506/5506 5475/5475/5475
f 5475/5475/5475 5506/5506/5506 5507/5507/5507 5476/5476/5476
f 5476/5476/5476 5507/5507/5507 5508/5508/5508 5477/5477/5477
f 5477/5477/5477 5508/5508/5508 5509/5509/5509 5478/5478/5478
f 5478/5478/5478 5509/5509/5509 5510/5510/5510 5479/5479/5479
f 5479/5479/5479 5510/5510/5510 5511/5511/5511 5480/5480/5480
f 5480/5480/5480 5511/5511/5511 5512/5512/5512 5481/5481/5481
f 5481/5481/5481 5512/5512/5512 5513/5513/5513 5482/5482/5482
f 5482/5482/5482 5513/5513/5513 5514/5514/5514 5483/5483/5483
f 5483/5483/5483 5514/5514/5514 5515/5515/5515 5484/5484/5484
f 5484/5484/5484 5515/5515/5515 5516/5516/5516 5485/5485/5485
f 5485/5485/5485 5516/5516/5516 5517/5517/5517 5486/5486/5486
f 5486/5486/5486 5517/5517/5517 5518/5518/5518 5487/5487/5487
f 5487/5487/5487 5518/5518/5518 5519/5519/5519 5488/5488/5488
f 5488/5488/5488 5519/5519/5519 5520/5520/5520 5489/5489/5489
f 5489/5489/5489 5520/5520/5520 5521/5521/5521 5490/5490/5490
f 5490/5490/5490 5521/5521/5521 5522/5522/5522 5491/5491/5491
f 5491/5491/5491 5522/5522/5522 5523/5523/5523 5492/5492/5492
f 5492/5492/5492 5523/5523/5523 5524/5524/5524 5493/5493/5493
f 5493/5493/5493 5524/5524/5524 5525/5525/5525 5494/5494/5494
f 5494/5494/5494 5525/5525/5525 5526/5526/5526 5495/5495/5495
f 5496/5496/5496 5527/5527/5527 5528/5528/5528 5497/5497/5497
f 5497/5497/5497 5528/5528/5528 5529/5529/5529 5498/5498/5498
f 5498/5498/5498 5529/5529/5529 5530/5530/5530 5499/5499/5499
f 5499/5499/5499 5530/5530/5530 5531/5531/5531 5500/5500/5500
f 5500/5500/5500 5531/5531/5531 5532/5532/5532 5501/5501/5501
f 5501/5501/5501 5532/5532/5532 5533/5533/5533 5502/5502/5502
f 5502/5502/5502 5533/5533/5533 5534/5534/5534 5503/5503/5503
f 5503/5503/5503 5534/5534/5534 5535/5535/5535 5504/5504/5504
f 5504/5504/5504 5535/5535/5535 5536/5536/5536 5505/5505/5505
f 5505/5505/5505 5536/5536/5536 5537/5537/5537 5506/5506/5506
f 5506/5506/5506 5537/5537/5537 5538/5538/5538 5507/5507/5507
f 5507/5507/5507 5538/5538/5538 5539/5539/5539 5508/5508/5508
f 5508/5508/5508 5539/5539/5539 5540/5540/5540 5509/5509/5509
f 5509/5509/5509 5540/5540/5540 5541/5541/5541 5510/5510/5510
f 5510/5510/5510 5541/5541/5541 5542/5542/5542 5511/5511/5511
f 5511/5511/5511 5542/5542/5542 5543/5543/5543 5512/5512/5512
f 5512/5512/5512 5543/5543/5543 5544/5544/5544 5513/5513/5513
f 5513/5513/5513 5544/5544/5544 5545/5545/5545 5514/5514/5514
f 5514/5514/5514 5545/5545/5545 5546/5546/5546 5515/5515/5515
f 5515/5515/5515 5546/5546/5546 5547/5547/5547 5516/5516/5516
f 5516/5516/5516 5547/5547/5547 5548/5548/5548 5517/5517/5517
f 5517/5517/5517 5548/5548/5548 5549/5549/5549 5518/5518/5518
f 5518/5518/5518 5549/5549/5549 5550/5550/5550 5519/5519/5519
f 5519/5519/5519 5550/5550/5550 5551/5551/5551 5520/5520/5520
f 5520/5520/5520 5551/5551/5551 5552/5552/5552 5521/5521/5521
f 5521/5521/5521 5552/5552/5552 5553/5553/5553 5522/5522/5522
f 5522/5522/5522 5553/5553/5553 5554/5554/5554 5523/5523/5523
f 5523/5523/5523 5554/5554/5554 5555/5555/5555 5524/5524/5524
f 5524/5524/5524 5555/5555/5555 5556/5556/5556 5525/5525/5525
f 5525/5525/5525 5556/5556/5556 5557/5557/5557 5526/5526/5526
f 5527/5527/5527 5558/5558/5558 5559/5559/5559 5528/5528/5528
f 5528/5528/5528 5559/5559/5559 5560/5560/5560 5529/5529/5529
f 5529/5529/5529 5560/5560/5560 5561/5561/5561 5530/5530/5530
f 5530/5530/5530 5561/5561/5561 5562/5562/5562 5531/5531/5531
f 5531/5531/5531 5562/5562/5562 5563/5563/5563 5532/5532/5532
f 5532/5532/5532 5563/5563/5563 5564/5564/5564 5533/5533/5533
f 5533/5533/5533 5564/5564/5564 5565/5565/5565 5534/5534/5534
f 5534/5534/5534 5565/5565/5565 5566/5566/5566 5535/5535/5535
f 5535/5535/5535 5566/5566/5566 5567/5567/5567 5536/5536/5536
f 5536/5536/5536 5567/5567/5567 5568/5568/5568 5537/5537/5537
f 5537/5537/5537 5568/5568/5568 5569/5569/5569 5538/5538/5538
f 5538/5538/5538 5569/5569/5569 5570/5570/5570 5539/5539/5539
f 5539/5539/5539 5570/5570/5570 5571/5571/5571 5540/5540/5540
f 5540/5540/5540 5571/5571/5571 5572/5572/5572 5541/5541/5541
f 5541/5541/5541 5572/5572/5572 5573/5573/5573 5542/5542/5542
f 5542/5542/5542 5573/5573/5573 5574/5574/5574 5543/5543/5543
f 5543/5543/5543 5574/5574/5574 5575/5575/5575 5544/5544/5544
f 5544/5544/5544 5575/5575/5575 5576/5576/5576 5545/5545/5545
f 5545/5545/5545 5576/5576/5576 5577/5577/5577 5546/5546/5546
f 5546/5546/5546 5577/5577/5577 5578/5578/5578 5547/5547/5547
f 5547/5547/5547 5578/5578/5578 5579/5579/5579 5548/5548/5548
f 5548/5548/5548 5579/5579/5579 5580/5580/5580 5549/5549/5549
f 5549/5549/5549 5580/5580/5580 5581/5581/5581 5550/5550/5550
f 5550/5550/5550 5581/5581/5581 5582/5582/5582 5551/5551/5551
f 5551/5551/5551 5582/5582/5582 5583/5583/5583 5552/5552/5552
f 5552/5552/5552 5583/5583/5583 5584/5584/5584 5553/5553/5553
f 5553/5553/5553 5584/5584/5584 5585/5585/5585 5554/5554/5554
f 5554/5554/5554 5585/5585/5585 5586/5586/5586 5555/5555/5555
f 5555/5555/5555 5586/5586/5586 5587/5587/5587 5556/5556/5556
f 5556/5556/5556 5587/5587/5587 5588/5588/5588 5557/5557/5557
f 5558/5558/5558 5589/5589/5589 5590/5590/5590 5559/5559/5559
f 5559/5559/5559 5590/5590/5590 5591/5591/5591 5560/5560/5560
f 5560/5560/5560 5591/5591/5591 5592/5592/5592 5561/5561/5561
f 5561/5561/5561 5592/5592/5592 5593/5593/5593 5562/5562/5562
f 5562/5562/5562 5593/5593/5593 5594/5594/5594 5563/5563/5563
f 5563/5563/5563 5594/5594/5594 5595/5595/5595 5564/5564/5564
f 5564/5564/5564 5595/5595/5595 5596/5596/5596 5565/5565/5565
f 5565/5565/5565 5596/5596/5596 5597/5597/5597 5566/5566/5566
f 5566/5566/5566 5597/5597/5597 5598/5598/5598 5567/5567/5567
f 5567/5567/5567 5598/5598/5598 5599/5599/5599 5568/5568/5568
f 5568/5568/5568 5599/5599/5599 5600/5600/5600 5569/5569/5569
f 5569/5569/5569 5600/5600/5600 5601/5601/5601 5570/5570/5570
f 5570/5570/5570 5601/5601/5601 5602/5602/5602 5571/5571/5571
f 5571/5571/5571 5602/5602/5602 5603/5603/5603 5572/5572/5572
f 5572/5572/5572 5603/5603/5603 5604/5604/5604 5573/5573/5573
f 5573/5573/5573 5604/5604/5604 5605/5605/5605 5574/5574/5574
f 5574/5574/5574 5605/5605/5605 5606/5606/5606 5575/5575/5575
f 5575/5575/5575 5606/5606/5606 5607/5607/5607 5576/5576/5576
f 5576/5576/5576 5607/5607/5607 5608/5608/5608 5577/5577/5577
f 5577/5577/5577 5608/5608/5608 5609/5609/5609 5578/5578/5578
f 5578/5578/5578 5609/5609/5609 5610/5610/5610 5579/5579/5579
f 5579/5579/5579 5610/5610/5610 5611/5611/5611 5580/5580/5580
f 5580/5580/5580 5611/5611/5611 5612/5612/5612 5581/5581/5581
f 5581/5581/5581 5612/5612/5612 5613/5613/5613 5582/5582/5582
f 5582/5582/5582 5613/5613/5613 5614/5614/5614 5583/5583/5583
f 5583/5583/5583 5614/5614/5614 5615/5615/5615 5584/5584/5584
f 5584/5584/5584 5615/5615/5615 5616/5616/5616 5585/5585/5585
f 5585/5585/5585 5616/5616/5616 5617/5617/5617 5586/5586/5586
f 5586/5586/5586 5617/5617/5617 5618/5618/5618 5587/5587/5587
f 5587/5587/5587 5618/5618/5618 5619/5619/5619 5588/5588/5588
f 5589/5589/5589 5620/5620/5620 5621/5621/5621 5590/5590/5590
f 5590/5590/5590 5621/5621/5621 5622/5622/5622 5591/5591/5591
f 5591/5591/5591 5622/5622/5622 5623/5623/5623 5592/5592/5592
f 5592/5592/5592 5623/5623/5623 5624/5624/5624 5593/5593/5593
f 5593/5593/5593 5624/5624/5624 5625/5625/5625 5594/5594/5594
f 5594/5594/5594 5625/5625/5625 5626/5626/5626 5595/5595/5595
f 5595/5595/5595 5626/5626/5626 5627/5627/5627 5596/5596/5596
f 5596/5596/5596 5627/5627/5627 5628/5628/5628 5597/5597/5597
f 5597/5597/5597 5628/5628/5628 5629/5629/5629 5598/5598/5598
f 5598/5598/5598 5629/5629/5629 5630/5630/5630 5599/5599/5599
f 5599/5599/5599 5630/5630/5630 5631/5631/5631 5600/5600/5600
f 5600/5600/5600 5631/5631/5631 5632/5632/5632 5601/5601/5601
f 5601/5601/5601 5632/5632/5632 5633/5633/5633 5602/5602/5602
f 5602/5602/5602 5633/5633/5633 5634/5634/5634 5603/5603/5603
f 5603/5603/5603 5634/5634/5634 5635/5635/5635 5604/5604/5604
f 5604/5604/5604 5635/5635/5635 5636/5636/5636 5605/5605/5605
f 5605/5605/5605 5636/5636/5636 5637/5637/5637 5606/5606/5606
f 5606/5606/5606 5637/5637/5637 5638/5638/5638 5607/5607/5607
f 5607/5607/5607 5638/5638/5638 5639/5639/5639 5608/5608/5608
f 5608/5608/5608 5639/5639/5639 5640/5640/5640 5609/5609/5609
f 5609/5609/5609 5640/5640/5640 5641/5641/5641 5610/5610/5610
f 5610/5610/5610 5641/5641/5641 5642/5642/5642 5611/5611/5611
f 5611/5611/5611 5642/5642/5642 5643/5643/5643 5612/5612/5612
f 5612/5612/5612 5643/5643/5643 5644/5644/5644 5613/5613/5613
f 5613/5613/5613 5644/5644/5644 5645/5645/5645 5614/5614/5614
f 5614/5614/5614 5645/5645/5645 5646/5646/5646 5615/5615/5615
f 5615/5615/5615 5646/5646/5646 5647/5647/5647 5616/5616/5616
f 5616/5616/5616 5647/5647/5647 5648/5648/5648 5617/5617/5617
f 5617/5617/5617 5648/5648/5648 5649/5649/5649 5618/5618/5618
f 5618/5618/5618 5649/5649/5649 5650/5650/5650 5619/5619/5619
f 5620/5620/5620 5651/5651/5651 5652/5652/5652 5621/5621/5621
f 5621/5621/5621 5652/5652/5652 5653/5653/5653 5622/5622/5622
f 5622/5622/5622 5653/5653/5653 5654/5654/5654 5623/5623/5623
f 5623/5623/5623 5654/5654/5654 5655/5655/5655 5624/5624/5624
f 5624/5624/5624 5655/5655/5655 5656/5656/5656 5625/5625/5625
f 5625/5625/5625 5656/5656/5656 5657/5657/5657 5626/5626/5626
f 5626/5626/5626 5657/5657/5657 5658/5658/5658 5627/5627/5627
f 5627/5627/5627 5658/5658/5658 5659/5659/5659 5628/5628/5628
f 5628/5628/5628 5659/5659/5659 5660/5660/5660 5629/5629/5629
f 5629/5629/5629 5660/5660/5660 5661/5661/5661 5630/5630/5630
f 5630/5630/5630 5661/5661/5661 5662/5662/5662 5631/5631/5631
f 5631/5631/5631 5662/5662/5662 5663/5663/5663 5632/5632/5632
f 5632/5632/5632 5663/5663/5663 5664/5664/5664 5633/5633/5633
f 5633/5633/5633 5664/5664/5664 5665/5665/5665 5634/5634/5634
f 5634/5634/5634 5665/5665/5665 5666/5666/5666 5635/5635/5635
f 5635/5635/5635 5666/5666/5666 5667/5667/5667 5636/5636/5636
f 5636/5636/5636 5667/5667/5667 5668/5668/5668 5637/5637/5637
f 5637/5637/5637 5668/5668/5668 5669/5669/5669 5638/5638/5638
f 5638/5638/5638 5669/5669/5669 5670/5670/5670 5639/5639/5639
f 5639/5639/5639 5670/5670/5670 5671/5671/5671 5640/5640/5640
f 5640/5640/5640 5671/5671/5671 5672/5672/5672 5641/5641/5641
f 5641/5641/5641 5672/5672/5672 5673/5673/5673 5642/5642/5642
f 5642/5642/5642 5673/5673/5673 5674/5674/5674 5643/5643/5643
f 5643/5643/5643 5674/5674/5674 5675/5675/5675 5644/5644/5644
f 5644/5644/5644 5675/5675/5675 5676/5676/5676 5645/5645/5645
f 5645/5645/5645 5676/5676/5676 5677/5677/5677 5646/5646/5646
f 5646/5646/5646 5677/5677/5677 5678/5678/5678 5647/5647/5647
f 5647/5647/5647 5678/5678/5678 5679/5679/5679 5648/5648/5648
f 5648/5648/5648 5679/5679/5679 5680/5680/5680 5649/5649/5649
f 5649/5649/5649 5680/5680/5680 5681/5681/5681 5650/5650/5650
f 5651/5651/5651 5682/5682/5682 5683/5683/5683 5652/5652/5652
f 5652/5652/5652 5683/5683/5683 5684/5684/5684 5653/5653/5653
f 5653/5653/5653 5684/5684/5684 5685/5685/5685 5654/5654/5654
f 5654/5654/5654 5685/5685/5685 5686/5686/5686 5655/5655/5655
f 5655/5655/5655 5686/5686/5686 5687/5687/5687 5656/5656/5656
f 5656/5656/5656 5687/5687/5687 5688/5688/5688 5657/5657/5657
f 5657/5657/5657 5688/5688/5688 5689/5689/5689 5658/5658/5658
f 5658/5658/5658 5689/5689/5689 5690/5690/5690 5659/5659/5659
f 5659/5659/5659 5690/5690/5690 5691/5691/5691 5660/5660/5660
f 5660/5660/5660 5691/5691/5691 5692/5692/5692 5661/5661/5661
f 5661/5661/5661 5692/5692/5692 5693/5693/5693 5662/5662/5662
f 5662/5662/5662 5693/5693/5693 5694/5694/5694 5663/5663/5663
f 5663/5663/5663 5694/5694/5694 5695/5695/5695 5664/5664/5664
f 5664/5664/5664 5695/5695/5695 5696/5696/5696 5665/5665/5665
f 5665/5665/5665 5696/5696/5696 5697/5697/5697 5666/5666/5666
f 5666/5666/5666 5697/5697/5697 5698/5698/5698 5667/5667/5667
f 5667/5667/5667 5698/5698/5698 5699/5699/5699 5668/5668/5668
f 5668/5668/5668 5699/5699/5699 5700/5700/5700 5669/5669/5669
f 5669/5669/5669 5700/5700/5700 5701/5701/5701 5670/5670/5670
f 5670/5670/5670 5701/5701/5701 5702/5702/5702 5671/5671/5671
f 5671/5671/5671 5702/5702/5702 5703/5703/5703 5672/5672/5672
f 5672/5672/5672 5703/5703/5703 5704/5704/5704 5673/5673/5673
f 5673/5673/5673 5704/5704/5704 5705/5705/5705 5674/5674/5674
f 5674/5674/5674 5705/5705/5705 5706/5706/5706 5675/5675/5675
f 5675/5675/5675 5706/5706/5706 5707/5707/5707 5676/5676/5676
f 5676/5676/5676 5707/5707/5707 5708/5708/5708 5677/5677/5677
f 5677/5677/5677 5708/5708/5708 5709/5709/5709 5678/5678/5678
f 5678/5678/5678 5709/5709/5709 5710/5710/5710 5679/5679/5679
f 5679/5679/5679 5710/5710/5710 5711/5711/5711 5680/5680/5680
f 5680/5680/5680 5711/5711/5711 5712/5712/5712 5681/5681/5681
f 5682/5682/5682 5713/5713/5713 5714/5714/5714 5683/5683/5683
f 5683/5683/5683 5714/5714/5714 5715/5715/5715 5684/5684/5684
f 5684/5684/5684 5715/5715/5715 5716/5716/5716 5685/5685/5685
f 5685/5685/5685 5716/5716/5716 5717/5717/5717 5686/5686/5686
f 5686/5686/5686 5717/5717/5717 5718/5718/5718 5687/5687/5687
f 5687/5687/5687 5718/5718/5718 5719/5719/5719 5688/5688/5688
f 5688/5688/5688 5719/5719/5719 5720/5720/5720 5689/5689/5689
f 5689/5689/5689 5720/5720/5720 5721/5721/5721 5690/5690/5690
f 5690/5690/5690 5721/5721/5721 5722/5722/5722 5691/5691/5691
f 5691/5691/5691 5722/5722/5722 5723/5723/5723 5692/5692/5692
f 5692/5692/5692 5723/5723/5723 5724/5724/5724 5693/5693/5693
f 5693/5693/5693 5724/5724/5724 5725/5725/5725 5694/5694/5694
f 5694/5694/5694 5725/5725/5725 5726/5726/5726 5695/5695/5695
f 5695/5695/5695 5726/5726/5726 5727/5727/5727 5696/5696/5696
f 5696/5696/5696 5727/5727/5727 5728/5728/5728 5697/5697/5697
f 5697/5697/5697 5728/5728/5728 5729/5729/5729 5698/5698/5698
f 5698/5698/5698 5729/5729/5729 5730/5730/5730 5699/5699/5699
f 5699/5699/5699 5730/5730/5730 5731/5731/5731 5700/5700/5700
f 5700/5700/5700 5731/5731/5731 5732/5732/5732 5701/5701/5701
f 5701/5701/5701 5732/5732/5732 5733/5733/5733 5702/5702/5702
f 5702/5702/5702 5733/5733/5733 5734/5734/5734 5703/5703/5703
f 5703/5703/5703 5734/5734/5734 5735/5735/5735 5704/5704/5704
f 5704/5704/5704 5735/5735/5735 5736/5736/5736 5705/5705/5705
f 5705/5705/5705 5736/5736/5736 5737/5737/5737 5706/5706/5706
f 5706/5706/5706 5737/5737/5737 5738/5738/5738 5707/5707/5707
f 5707/5707/5707 5738/5738/5738 5739/5739/5739 5708/5708/5708
f 5708/5708/5708 5739/5739/5739 5740/5740/5740 5709/5709/5709
f 5709/5709/5709 5740/5740/5740 5741/5741/5741 5710/5710/5710
f 5710/5710/5710 5741/5741/5741 5742/5742/5742 5711/5711/5711
f 5711/5711/5711 5742/5742/5742 5743/5743/5743 5712/5712/5712
f 5713/5713/5713 5744/5744/5744 5745/5745/5745 5714/5714/5714
f 5714/5714/5714 5745/5745/5745 5746/5746/5746 5715/5715/5715
f 5715/5715/5715 5746/5746/5746 5747/5747/5747 5716/5716/5716
f 5716/5716/5716 5747/5747/5747 5748/5748/5748 5717/5717/5717
f 5717/5717/5717 5748/5748/5748 5749/5749/5749 5718/5718/5718
f 5718/5718/5718 5749/5749/5749 5750/5750/5750 5719/5719/5719
f 5719/5719/5719 5750/5750/5750 5751/5751/5751 5720/5720/5720
f 5720/5720/5720 5751/5751/5751 5752/5752/5752 5721/5721/5721
f 5721/5721/5721 5752/5752/5752 5753/5753/5753 5722/5722/5722
f 5722/5722/5722 5753/5753/5753 5754/5754/5754 5723/5723/5723
f 5723/5723/5723 5754/5754/5754 5755/5755/5755 5724/5724/5724
f 5724/5724/5724 5755/5755/5755 5756/5756/5756 5725/5725/5725
f 5725/5725/5725 5756/5756/5756 5757/5757/5757 5726/5726/5726
f 5726/5726/5726 5757/5757/5757 5758/5758/5758 5727/5727/5727
f 5727/5727/5727 5758/5758/5758 5759/5759/5759 5728/5728/5728
f 5728/5728/5728 5759/5759/5759 5760/5760/5760 5729/5729/5729
f 5729/5729/5729 5760/5760/5760 5761/5761/5761 5730/5730/5730
f 5730/5730/5730 5761/5761/5761 5762/5762/5762 5731/5731/5731
f 5731/5731/5731 5762/5762/5762 5763/5763/5763 5732/5732/5732
f 5732/5732/5732 5763/5763/5763 5764/5764/5764 5733/5733/5733
f 5733/5733/5733 5764/5764/5764 5765/5765/5765 5734/5734/5734
f 5734/5734/5734 5765/5765/5765 5766/5766/5766 5735/5735/5735
f 5735/5735/5735 5766/5766/5766 5767/5767/5767 5736/5736/5736
f 5736/5736/5736 5767/5767/5767 5768/5768/5768 5737/5737/5737
f 5737/5737/5737 5768/5768/5768 5769/5769/5769 5738/5738/5738
f 5738/5738/5738 5769/5769/5769 5770/5770/5770 5739/5739/5739
f 5739/5739/5739 5770/5770/5770 5771/5771/5771 5740/5740/5740
f 5740/5740/5740 5771/5771/5771 5772/5772/5772 5741/5741/5741
f 5741/5741/5741 5772/5772/5772 5773/5773/5773 5742/5742/5742
f 5742/5742/5742 5773/5773/5773 5774/5774/5774 5743/5743/5743
f 5744/5744/5744 5775/5775/5775 5776/5776/5776 5745/5745/5745
f 5745/5745/5745 5776/5776/5776 5777/5777/5777 5746/5746/5746
f 5746/5746/5746 5777/5777/5777 5778/5778/5778 5747/5747/5747
f 5747/5747/5747 5778/5778/5778 5779/5779/5779 5748/5748/5748
f 5748/5748/5748 5779/5779/5779 5780/5780/5780 5749/5749/5749
f 5749/5749/5749 5780/5780/5780 5781/5781/5781 5750/5750/5750
f 5750/5750/5750 5781/5781/5781 5782/5782/5782 5751/5751/5751
f 5751/5751/5751 5782/5782/5782 5783/5783/5783 5752/5752/5752
f 5752/5752/5752 5783/5783/5783 5784/5784/5784 5753/5753/5753
f 5753/5753/5753 5784/5784/5784 5785/5785/5785 5754/5754/5754
f 5754/5754/5754 5785/5785/5785 5786/5786/5786 5755/5755/5755
f 5755/5755/5755 5786/5786/5786 5787/5787/5787 5756/5756/5756
f 5756/5756/5756 5787/5787/5787 5788/5788/5788 5757/5757/5757
f 5757/5757/5757 5788/5788/5788 5789/5789/5789 5758/5758/5758
f 5758/5758/5758 5789/5789/5789 5790/5790/5790 5759/5759/5759
f 5759/5759/5759 5790/5790/5790 5791/5791/5791 5760/5760/5760
f 5760/5760/5760 5791/5791/5791 5792/5792/5792 5761/5761/5761
f 5761/5761/5761 5792/5792/5792 5793/5793/5793 5762/5762/5762
f 5762/5762/5762 5793/5793/5793 5794/5794/5794 5763/5763/5763
f 5763/5763/5763 5794/5794/5794 5795/5795/5795 5764/5764/5764
f 5764/5764/5764 5795/5795/5795 5796/5796/5796 5765/5765/5765
f 5765/5765/5765 5796/5796/5796 5797/5797/5797 5766/5766/5766
f 5766/5766/5766 5797/5797/5797 5798/5798/5798 5767/5767/5767
f 5767/5767/5767 5798/5798/5798 5799/5799/5799 5768/5768/5768
f 5768/5768/5768 5799/5799/5799 5800/5800/5800 5769/5769/5769
f 5769/5769/5769 5800/5800/5800 5801/5801/5801 5770/5770/5770
f 5770/5770/5770 5801/5801/5801 5802/5802/5802 5771/5771/5771
f 5771/5771/5771 5802/5802/5802 5803/5803/5803 5772/5772/5772
f 5772/5772/5772 5803/5803/5803 5804/5804/5804 5773/5773/5773
f 5773/5773/5773 5804/5804/5804 5805/5805/5805 5774/5774/5774
f 5775/5775/5775 5806/5806/5806 5807/5807/5807 5776/5776/5776
f 5776/5776/5776 5807/5807/5807 5808/5808/5808 5777/5777/5777
f 5777/5777/5777 5808/5808/5808 5809/5809/5809 5778/5778/5778
f 5778/5778/5778 5809/5809/5809 5810/5810/5810 5779/5779/5779
f 5779/5779/5779 5810/5810/5810 5811/5811/5811 5780/5780/5780
f 5780/5780/5780 5811/5811/5811 5812/5812/5812 5781/5781/5781
f 5781/5781/5781 5812/5812/5812 5813/5813/5813 5782/5782/5782
f 5782/5782/5782 5813/5813/5813 5814/5814/5814 5783/5783/5783
f 5783/5783/5783 5814/5814/5814 5815/5815/5815 5784/5784/5784
f 5784/5784/5784 5815/5815/5815 5816/5816/5816 5785/5785/5785
f 5785/5785/5785 5816/5816/5816 5817/5817/5817 5786/5786/5786
f 5786/5786/5786 5817/5817/5817 5818/5818/5818 5787/5787/5787
f 5787/5787/5787 5818/5818/5818 5819/5819/5819 5788/5788/5788
f 5788/5788/5788 5819/5819/5819 5820/5820/5820 5789/5789/5789
f 5789/5789/5789 5820/5820/5820 5821/5821/5821 5790/5790/5790
f 5790/5790/5790 5821/5821/5821 5822/5822/5822 5791/5791/5791
f 5791/5791/5791 5822/5822/5822 5823/5823/5823 5792/5792/5792
f 5792/5792/5792 5823/5823/5823 5824/5824/5824 5793/5793/5793
f 5793/5793/5793 5824/5824/5824 5825/5825/5825 5794/5794/5794
f 5794/5794/5794 5825/5825/5825 5826/5826/5826 5795/5795/5795
f 5795/5795/5795 5826/5826/5826 5827/5827/5827 5796/5796/5796
f 5796/5796/5796 5827/5827/5827 5828/5828/5828 5797/5797/5797
f 5797/5797/5797 5828/5828/5828 5829/5829/5829 5798/5798/5798
f 5798/5798/5798 5829/5829/5829 5830/5830/5830 5799/5799/5799
f 5799/5799/5799 5830/5830/5830 5831/5831/5831 5800/5800/5800
f 5800/5800/5800 5831/5831/5831 5832/5832/5832 5801/5801/5801
f 5801/5801/5801 5832/5832/5832 5833/5833/5833 5802/5802/5802
f 5802/5802/5802 5833/5833/5833 5834/5834/5834 5803/5803/5803
f 5803/5803/5803 5834/5834/5834 5835/5835/5835 5804/5804/5804
f 5804/5804/5804 5835/5835/5835 5836/5836/5836 5805/5805/5805
f 5806/5806/5806 5837/5837/5837 5838/5838/5838 5807/5807/5807
f 5807/5807/5807 5838/5838/5838 5839/5839/5839 5808/5808/5808
f 5808/5808/5808 5839/5839/5839 5840/5840/5840 5809/5809/5809
f 5809/5809/5809 5840/5840/5840 5841/5841/5841 5810/5810/5810
f 5810/5810/5810 5841/5841/5841 5842/5842/5842 5811/5811/5811
f 5811/5811/5811 5842/5842/5842 5843/5843/5843 5812/5812/5812
f 5812/5812/5812 5843/5843/5843 5844/5844/5844 5813/5813/5813
f 5813/5813/5813 5844/5844/5844 5845/5845/5845 5814/5814/5814
f 5814/5814/5814 5845/5845/5845 5846/5846/5846 5815/5815/5815
f 5815/5815/5815 5846/5846/5846 5847/5847/5847 5816/5816/5816
f 5816/5816/5816 5847/5847/5847 5848/5848/5848 5817/5817/5817
f 5817/5817/5817 5848/5848/5848 5849/5849/5849 5818/5818/5818
f 5818/5818/5818 5849/5849/5849 5850/5850/5850 5819/5819/5819
f 5819/5819/5819 5850/5850/5850 5851/5851/5851 5820/5820/5820
f 5820/5820/5820 5851/5851/5851 5852/5852/5852 5821/5821/5821
f 5821/5821/5821 5852/5852/5852 5853/5853/5853 5822/5822/5822
f 5822/5822/5822 5853/5853/5853 5854/5854/5854 5823/5823/5823
f 5823/5823/5823 5854/5854/5854 5855/5855/5855 5824/5824/5824
f 5824/5824/5824 5855/5855/5855 5856/5856/5856 5825/5825/5825
f 5825/5825/5825 5856/5856/5856 5857/5857/5857 5826/5826/5826
f 5826/5826/5826 5857/5857/5857 5858/5858/5858 5827/5827/5827
f 5827/5827/5827 5858/5858/5858 5859/5859/5859 5828/5828/5828
f 5828/5828/5828 5859/5859/5859 5860/5860/5860 5829/5829/5829
f 5829/5829/5829 5860/5860/5860 5861/5861/5861 5830/5830/5830
f 5830/5830/5830 5861/5861/5861 5862/5862/5862 5831/5831/5831
f 5831/5831/5831 5862/5862/5862 5863/5863/5863 5832/5832/5832
f 5832/5832/5832 5863/5863/5863 5864/5864/5864 5833/5833/5833
f 5833/5833/5833 5864/5864/5864 5865/5865/5865 5834/5834/5834
f 5834/5834/5834 5865/5865/5865 5866/5866/5866 5835/5835/5835
f 5835/5835/5835 5866/5866/5866 5867/5867/5867 5836/5836/5836
f 5837/5837/5837 5868/5868/5868 5869/5869/5869 5838/5838/5838
f 5838/5838/5838 5869/5869/5869 5870/5870/5870 5839/5839/5839
f 5839/5839/5839 5870/5870/5870 5871/5871/5871 5840/5840/5840
f 5840/5840/5840 5871/5871/5871 5872/5872/5872 5841/5841/5841
f 5841/5841/5841 5872/5872/5872 5873/5873/5873 5842/5842/5842
f 5842/5842/5842 5873/5873/5873 5874/5874/5874 5843/5843/5843
f 5843/5843/5843 5874/5874/5874 5875/5875/5875 5844/5844/5844
f 5844/5844/5844 5875/5875/5875 5876/5876/5876 5845/5845/5845
f 5845/5845/5845 5876/5876/5876 5877/5877/5877 5846/5846/5846
f 5846/5846/5846 5877/5877/5877 5878/5878/5878 5847/5847/5847
f 5847/5847/5847 5878/5878/5878 5879/5879/5879 5848/5848/5848
f 5848/5848/5848 5879/5879/5879 5880/5880/5880 5849/5849/5849
f 5849/5849/5849 5880/5880/5880 5881/5881/5881 5850/5850/5850
f 5850/5850/5850 5881/5881/5881 5882/5882/5882 5851/5851/5851
f 5851/5851/5851 5882/5882/5882 5883/5883/5883 5852/5852/5852
f 5852/5852/5852 5883/5883/5883 5884/5884/5884 5853/5853/5853
f 5853/5853/5853 5884/5884/5884 5885/5885/5885 5854/5854/5854
f 5854/5854/5854 5885/5885/5885 5886/5886/5886 5855/5855/5855
f 5855/5855/5855 5886/5886/5886 5887/5887/5887 5856/5856/5856
f 5856/5856/5856 5887/5887/5887 5888/5888/5888 5857/5857/5857
f 5857/5857/5857 5888/5888/5888 5889/5889/5889 5858/5858/5858
f 5858/5858/5858 5889/5889/5889 5890/5890/5890 5859/5859/5859
f 5859/5859/5859 5890/5890/5890 5891/5891/5891 5860/5860/5860
f 5860/5860/5860 5891/5891/5891 5892/5892/5892 5861/5861/5861
f 5861/5861/5861 5892/5892/5892 5893/5893/5893 5862/5862/5862
f 5862/5862/5862 5893/5893/5893 5894/5894/5894 5863/5863/5863
f 5863/5863/5863 5894/5894/5894 5895/5895/5895 5864/5864/5864
f 5864/5864/5864 5895/5895/5895 5896/5896/5896 5865/5865/5865
f 5865/5865/5865 5896/5896/5896 5897/5897/5897 5866/5866/5866
f 5866/5866/5866 5897/5897/5897 5898/5898/5898 5867/5867/5867
f 5868/5868/5868 5899/5899/5899 5900/5900/5900 5869/5869/5869
f 5869/5869/5869 5900/5900/5900 5901/5901/5901 5870/5870/5870
f 5870/5870/5870 5901/5901/5901 5902/5902/5902 5871/5871/5871
f 5871/5871/5871 5902/5902/5902 5903/5903/5903 5872/5872/5872
f 5872/5872/5872 5903/5903/5903 5904/5904/5904 5873/5873/5873
f 5873/5873/5873 5904/5904/5904 5905/5905/5905 5874/5874/5874
f 5874/5874/5874 5905/5905/5905 5906/5906/5906 5875/5875/5875
f 5875/5875/5875 5906/5906/5906 5907/5907/5907 5876/5876/5876
f 5876/5876/5876 5907/5907/5907 5908/5908/5908 5877/5877/5877
f 5877/5877/5877 5908/5908/5908 5909/5909/5909 5878/5878/5878
f 5878/5878/5878 5909/5909/5909 5910/5910/5910 5879/5879/5879
f 5879/5879/5879 5910/5910/5910 5911/5911/5911 5880/5880/5880
f 5880/5880/5880 5911/5911/5911 5912/5912/5912 5881/5881/5881
f 5881/5881/5881 5912/5912/5912 5913/5913/5913 5882/5882/5882
f 5882/5882/5882 5913/5913/5913 5914/5914/5914 5883/5883/5883
f 5883/5883/5883 5914/5914/5914 5915/5915/5915 5884/5884/5884
f 5884/5884/5884 5915/5915/5915 5916/5916/5916 5885/5885/5885
f 5885/5885/5885 5916/5916/5916 5917/5917/5917 5886/5886/5886
f 5886/5886/5886 5917/5917/5917 5918/5918/5918 5887/5887/5887
f 5887/5887/5887 5918/5918/5918 5919/5919/5919 5888/5888/5888
f 5888/5888/5888 5919/5919/5919 5920/5920/5920 5889/5889/5889
f 5889/5889/5889 5920/5920/5920 5921/5921/5921 5890/5890/5890
f 5890/5890/5890 5921/5921/5921 5922/5922/5922 5891/5891/5891
f 5891/5891/5891 5922/5922/5922 5923/5923/5923 5892/5892/5892
f 5892/5892/5892 5923/5923/5923 5924/5924/5924 5893/5893/5893
f 5893/5893/5893 5924/5924/5924 5925/5925/5925 5894/5894/5894
f 5894/5894/5894 5925/5925/5925 5926/5926/5926 5895/5895/5895
f 5895/5895/5895 5926/5926/5926 5927/5927/5927 5896/5896/5896
f 5896/5896/5896 5927/5927/5927 5928/5928/5928 5897/5897/5897
f 5897/5897/5897 5928/5928/5928 5929/5929/5929 5898/5898/5898
f 5899/5899/5899 5930/5930/5930 5931/5931/5931 5900/5900/5900
f 5900/5900/5900 5931/5931/5931 5932/5932/5932 5901/5901/5901
f 5901/5901/5901 5932/5932/5932 5933/5933/5933 5902/5902/5902
f 5902/5902/5902 5933/5933/5933 5934/5934/5934 5903/5903/5903
f 5903/5903/5903 5934/5934/5934 5935/5935/5935 5904/5904/5904
f 5904/5904/5904 5935/5935/5935 5936/5936/5936 5905/5905/5905
f 5905/5905/5905 5936/5936/5936 5937/5937/5937 5906/5906/5906
f 5906/5906/5906 5937/5937/5937 5938/5938/5938 5907/5907/5907
f 5907/5907/5907 5938/5938/5938 5939/5939/5939 5908/5908/5908
f 5908/5908/5908 5939/5939/5939 5940/5940/5940 5909/5909/5909
f 5909/5909/5909 5940/5940/5940 5941/5941/5941 5910/5910/5910
f 5910/5910/5910 5941/5941/5941 5942/5942/5942 5911/5911/5911
f 5911/5911/5911 5942/5942/5942 5943/5943/5943 5912/5912/5912
f 5912/5912/5912 5943/5943/5943 5944/5944/5944 5913/5913/5913
f 5913/5913/5913 5944/5944/5944 5945/5945/5945 5914/5914/5914
f 5914/5914/5914 5945/5945/5945 5946/5946/5946 5915/5915/5915
f 5915/5915/5915 5946/5946/5946 5947/5947/5947 5916/5916/5916
f 5916/5916/5916 5947/5947/5947 5948/5948/5948 5917/5917/5917
f 5917/5917/5917 5948/5948/5948 5949/5949/5949 5918/5918/5918
f 5918/5918/5918 5949/5949/5949 5950/5950/5950 5919/5919/5919
f 5919/5919/5919 5950/5950/5950 5951/5951/5951 5920/5920/5920
f 5920/5920/5920 5951/5951/5951 5952/5952/5952 5921/5921/5921
f 5921/5921/5921 5952/5952/5952 5953/5953/5953 5922/5922/5922
f 5922/5922/5922 5953/5953/5953 5954/5954/5954 5923/5923/5923
f 5923/5923/5923 5954/5954/5954 5955/5955/5955 5924/5924/5924
f 5924/5924/5924 5955/5955/5955 5956/5956/5956 5925/5925/5925
f 5925/5925/5925 5956/5956/5956 5957/5957/5957 5926/5926/5926
f 5926/5926/5926 5957/5957/5957 5958/5958/5958 5927/5927/5927
f 5927/5927/5927 5958/5958/5958 5959/5959/5959 5928/5928/5928
f 5928/5928/5928 5959/5959/5959 5960/5960/5960 5929/5929/5929
f 5930/5930/5930 5961/5961/5961 5962/5962/5962 5931/5931/5931
f 5931/5931/5931 5962/5962/5962 5963/5963/5963 5932/5932/5932
f 5932/5932/5932 5963/5963/5963 5964/5964/5964 5933/5933/5933
f 5933/5933/5933 5964/5964/5964 5965/5965/5965 5934/5934/5934
f 5934/5934/5934 5965/5965/5965 5966/5966/5966 5935/5935/5935
f 5935/5935/5935 5966/5966/5966 5967/5967/5967 5936/5936/5936
f 5936/5936/5936 5967/5967/5967 5968/5968/5968 5937/5937/5937
f 5937/5937/5937 5968/5968/5968 5969/5969/5969 5938/5938/5938
f 5938/5938/5938 5969/5969/5969 5970/5970/5970 5939/5939/5939
f 5939/5939/5939 5970/5970/5970 5971/5971/5971 5940/5940/5940
f 5940/5940/5940 5971/5971/5971 5972/5972/5972 5941/5941/5941
f 5941/5941/5941 5972/5972/5972 5973/5973/5973 5942/5942/5942
f 5942/5942/5942 5973/5973/5973 5974/5974/5974 5943/5943/5943
f 5943/5943/5943 5974/5974/5974 5975/5975/5975 5944/5944/5944
f 5944/5944/5944 5975/5975/5975 5976/5976/5976 5945/5945/5945
f 5945/5945/5945 5976/5976/5976 5977/5977/5977 5946/5946/5946
f 5946/5946/5946 5977/5977/5977 5978/5978/5978 5947/5947/5947
f 5947/5947/5947 5978/5978/5978 5979/5979/5979 5948/5948/5948
f 5948/5948/5948 5979/5979/5979 5980/5980/5980 5949/5949/5949
f 5949/5949/5949 5980/5980/5980 5981/5981/5981 5950/5950/5950
f 5950/5950/5950 5981/5981/5981 5982/5982/5982 5951/5951/5951
f 5951/5951/5951 5982/5982/5982 5983/5983/5983 5952/5952/5952
f 5952/5952/5952 5983/5983/5983 5984/5984/5984 5953/5953/5953
f 5953/5953/5953 5984/5984/5984 5985/5985/5985 5954/5954/5954
f 5954/5954/5954 5985/5985/5985 5986/5986/5986 5955/5955/5955
f 5955/5955/5955 5986/5986/5986 5987/5987/5987 5956/5956/5956
f 5956/5956/5956 5987/5987/5987 5988/5988/5988 5957/5957/5957
f 5957/5957/5957 5988/5988/5988 5989/5989/5989 5958/5958/5958
f 5958/5958/5958 5989/5989/5989 5990/5990/5990 5959/5959/5959
f 5959/5959/5959 5990/5990/5990 5991/5991/5991 5960/5960/5960
f 5961/5961/5961 5992/5992/5992 5993/5993/5993 5962/5962/5962
f 5962/5962/5962 5993/5993/5993 5994/5994/5994 5963/5963/5963
f 5963/5963/5963 5994/5994/5994 5995/5995/5995 5964/5964/5964
f 5964/5964/5964 5995/5995/5995 5996/5996/5996 5965/5965/5965
f 5965/5965/5965 5996/5996/5996 5997/5997/5997 5966/5966/5966
f 5966/5966/5966 5997/5997/5997 5998/5998/5998 5967/5967/5967
f 5967/5967/5967 5998/5998/5998 5999/5999/5999 5968/5968/5968
f 5968/5968/5968 5999/5999/5999 6000/6000/6000 5969/5969/5969
f 5969/5969/5969 6000/6000/6000 6001/6001/6001 5970/5970/5970
f 5970/5970/5970 6001/6001/6001 6002/6002/6002 5971/5971/5971
f 5971/5971/5971 6002/6002/6002 6003/6003/6003 5972/5972/5972
f 5972/5972/5972 6003/6003/6003 6004/6004/6004 5973/5973/5973
f 5973/5973/5973 6004/6004/6004 6005/6005/6005 5974/5974/5974
f 5974/5974/5974 6005/6005/6005 6006/6006/6006 5975/5975/5975
f 5975/5975/5975 6006/6006/6006 6007/6007/6007 5976/5976/5976
f 5976/5976/5976 6007/6007/6007 6008/6008/6008 5977/5977/5977
f 5977/5977/5977 6008/6008/6008 6009/6009/6009 5978/5978/5978
f 5978/5978/5978 6009/6009/6009 6010/6010/6010 5979/5979/5979
f 5979/5979/5979 6010/6010/6010 6011/6011/6011 5980/5980/5980
f 5980/5980/5980 6011/6011/6011 6012/6012/6012 5981/5981/5981
f 5981/5981/5981 6012/6012/6012 6013/6013/6013 5982/5982/5982
f 5982/5982/5982 6013/6013/6013 6014/6014/6014 5983/5983/5983
f 5983/5983/5983 6014/6014/6014 6015/6015/6015 5984/5984/5984
f 5984/5984/5984 6015/6015/6015 6016/6016/6016 5985/5985/5985
f 5985/5985/5985 6016/6016/6016 6017/6017/6017 5986/5986/5986
f 5986/5986/5986 6017/6017/6017 6018/6018/6018 5987/5987/5987
f 5987/5987/5987 6018/6018/6018 6019/6019/6019 5988/5988/5988
f 5988/5988/5988 6019/6019/6019 6020/6020/6020 5989/5989/5989
f 5989/5989/5989 6020/6020/6020 6021/6021/6021 5990/5990/5990
f 5990/5990/5990 6021/6021/6021 6022/6022/6022 5991/5991/5991
f 5992/5992/5992 6023/6023/6023 6024/6024/6024 5993/5993/5993
f 5993/5993/5993 6024/6024/6024 6025/6025/6025 5994/5994/5994
f 5994/5994/5994 6025/6025/6025 6026/6026/6026 5995/5995/5995
f 5995/5995/5995 6026/6026/6026 6027/6027/6027 5996/5996/5996
f 5996/5996/5996 6027/6027/6027 6028/6028/6028 5997/5997/5997
f 5997/5997/5997 6028/6028/6028 6029/6029/6029 5998/5998/5998
f 5998/5998/5998 6029/6029/6029 6030/6030/6030 5999/5999/5999
f 5999/5999/5999 6030/6030/6030 6031/6031/6031 6000/6000/6000
f 6000/6000/6000 6031/6031/6031 6032/6032/6032 6001/6001/6001
f 6001/6001/6001 6032/6032/6032 6033/6033/6033 6002/6002/6002
f 6002/6002/6002 6033/6033/6033 6034/6034/6034 6003/6003/6003
f 6003/6003/6003 6034/6034/6034 6035/6035/6035 6004/6004/6004
f 6004/6004/6004 6035/6035/6035 6036/6036/6036 6005/6005/6005
f 6005/6005/6005 6036/6036/6036 6037/6037/6037 6006/6006/6006
f 6006/6006/6006 6037/6037/6037 6038/6038/6038 6007/6007/6007
f 6007/6007/6007 6038/6038/6038 6039/6039/6039 6008/6008/6008
f 6008/6008/6008 6039/6039/6039 6040/6040/6040 6009/6009/6009
f 6009/6009/6009 6040/6040/6040 6041/6041/6041 6010/6010/6010
f 6010/6010/6010 6041/6041/6041 6042/6042/6042 6011/6011/6011
f 6011/6011/6011 6042/6042/6042 6043/6043/6043 6012/6012/6012
f 6012/6012/6012 6043/6043/6043 6044/6044/6044 6013/6013/6013
f 6013/6013/6013 6044/6044/6044 6045/6045/6045 6014/6014/6014
f 6014/6014/6014 6045/6045/6045 6046/6046/6046 6015/6015/6015
f 6015/6015/6015 6046/6046/6046 6047/6047/6047 6016/6016/6016
f 6016/6016/6016 6047/6047/6047 6048/6048/6048 6017/6017/6017
f 6017/6017/6017 6048/6048/6048 6049/6049/6049 6018/6018/6018
f 6018/6018/6018 6049/6049/6049 6050/6050/6050 6019/6019/6019
f 6019/6019/6019 6050/6050/6050 6051/6051/6051 6020/6020/6020
f 6020/6020/6020 6051/6051/6051 6052/6052/6052 6021/6021/6021
f 6021/6021/6021 6052/6052/6052 6053/6053/6053 6022/6022/6022
f 6023/6023/6023 6054/6054/6054 6055/6055/6055 6024/6024/6024
f 6024/6024/6024 6055/6055/6055 6056/6056/6056 6025/6025/6025
f 6025/6025/6025 6056/6056/6056 6057/6057/6057 6026/6026/6026
f 6026/6026/6026 6057/6057/6057 6058/6058/6058 6027/6027/6027
f 6027/6027/6027 6058/6058/6058 6059/6059/6059 6028/6028/6028
f 6028/6028/6028 6059/6059/6059 6060/6060/6060 6029/6029/6029
f 6029/6029/6029 6060/6060/6060 6061/6061/6061 6030/6030/6030
f 6030/6030/6030 6061/6061/6061 6062/6062/6062 6031/6031/6031
f 6031/6031/6031 6062/6062/6062 6063/6063/6063 6032/6032/6032
f 6032/6032/6032 6063/6063/6063 6064/6064/6064 6033/6033/6033
f 6033/6033/6033 6064/6064/6064 6065/6065/6065 6034/6034/6034
f 6034/6034/6034 6065/6065/6065 6066/6066/6066 6035/6035/6035
f 6035/6035/6035 6066/6066/6066 6067/6067/6067 6036/6036/6036
f 6036/6036/6036 6067/6067/6067 6068/6068/6068 6037/6037/6037
f 6037/6037/6037 6068/6068/6068 6069/6069/6069 6038/6038/6038
f 6038/6038/6038 6069/6069/6069 6070/6070/6070 6039/6039/6039
f 6039/6039/6039 6070/6070/6070 6071/6071/6071 6040/6040/6040
f 6040/6040/6040 6071/6071/6071 6072/6072/6072 6041/6041/6041
f 6041/6041/6041 6072/6072/6072 6073/6073/6073 6042/6042/6042
f 6042/6042/6042 6073/6073/6073 6074/6074/6074 6043/6043/6043
f 6043/6043/6043 6074/6074/6074 6075/6075/6075 6044/6044/6044
f 6044/6044/6044 6075/6075/6075 6076/6076/6076 6045/6045/6045
f 6045/6045/6045 6076/6076/6076 6077/6077/6077 6046/6046/6046
f 6046/6046/6046 6077/6077/6077 6078/6078/6078 6047/6047/6047
f 6047/6047/6047 6078/6078/6078 6079/6079/6079 6048/6048/6048
f 6048/6048/6048 6079/6079/6079 6080/6080/6080 6049/6049/6049
f 6049/6049/6049 6080/6080/6080 6081/6081/6081 6050/6050/6050
f 6050/6050/6050 6081/6081/6081 6082/6082/6082 6051/6051/6051
f 6051/6051/6051 6082/6082/6082 6083/6083/6083 6052/6052/6052
f 6052/6052/6052 6083/6083/6083 6084/6084/6084 6053/6053/6053
f 6054/6054/6054 6085/6085/6085 6086/6086/6086 6055/6055/6055
f 6055/6055/6055 6086/6086/6086 6087/6087/6087 6056/6056/6056
f 6056/6056/6056 6087/6087/6087 6088/6088/6088 6057/6057/6057
f 6057/6057/6057 6088/6088/6088 6089/6089/6089 6058/6058/6058
f 6058/6058/6058 6089/6089/6089 6090/6090/6090 6059/6059/6059
f 6059/6059/6059 6090/6090/6090 6091/6091/6091 6060/6060/6060
f 6060/6060/6060 6091/6091/6091 6092/6092/6092 6061/6061/6061
f 6061/6061/6061 6092/6092/6092 6093/6093/6093 6062/6062/6062
f 6062/6062/6062 6093/6093/6093 6094/6094/6094 6063/6063/6063
f 6063/6063/6063 6094/6094/6094 6095/6095/6095 6064/6064/6064
f 6064/6064/6064 6095/6095/6095 6096/6096/6096 6065/6065/6065
f 6065/6065/6065 6096/6096/6096 6097/6097/6097 6066/6066/6066
f 6066/6066/6066 6097/6097/6097 6098/6098/6098 6067/6067/6067
f 6067/6067/6067 6098/6098/6098 6099/6099/6099 6068/6068/6068
f 6068/6068/6068 6099/6099/6099 6100/6100/6100 6069/6069/6069
f 6069/6069/6069 6100/6100/6100 6101/6101/6101 6070/6070/6070
f 6070/6070/6070 6101/6101/6101 6102/6102/6102 6071/6071/6071
f 6071/6071/6071 6102/6102/6102 6103/6103/6103 6072/6072/6072
f 6072/6072/6072 6103/6103/6103 6104/6104/6104 6073/6073/6073
f 6073/6073/6073 6104/6104/6104 6105/6105/6105 6074/6074/6074
f 6074/6074/6074 6105/6105/6105 6106/6106/6106 6075/6075/6075
f 6075/6075/6075 6106/6106/6106 6107/6107/6107 6076/6076/6076
f 6076/6076/6076 6107/6107/6107 6108/6108/6108 6077/6077/6077
f 6077/6077/6077 6108/6108/6108 6109/6109/6109 6078/6078/6078
f 6078/6078/6078 6109/6109/6109 6110/6110/6110 6079/6079/6079
f 6079/6079/6079 6110/6110/6110 6111/6111/6111 6080/6080/6080
f 6080/6080/6080 6111/6111/6111 6112/6112/6112 6081/6081/6081
f 6081/6081/6081 6112/6112/6112 6113/6113/6113 6082/6082/6082
f 6082/6082/6082 6113/6113/6113 6114/6114/6114 6083/6083/6083
f 6083/6083/6083 6114/6114/6114 6115/6115/6115 6084/6084/6084
f 6085/6085/6085 6116/6116/6116 6117/6117/6117 6086/6086/6086
f 6086/6086/6086 6117/6117/6117 6118/6118/6118 6087/6087/6087
f 6087/6087/6087 6118/6118/6118 6119/6119/6119 6088/6088/6088
f 6088/6088/6088 6119/6119/6119 6120/6120/6120 6089/6089/6089
f 6089/6089/6089 6120/6120/6120 6121/6121/6121 6090/6090/6090
f 6090/6090/6090 6121/6121/6121 6122/6122/6122 6091/6091/6091
f 6091/6091/6091 6122/6122/6122 6123/6123/6123 6092/6092/6092
f 6092/6092/6092 6123/6123/6123 6124/6124/6124 6093/6093/6093
f 6093/6093/6093 6124/6124/6124 6125/6125/6125 6094/6094/6094
f 6094/6094/6094 6125/6125/6125 6126/6126/6126 6095/6095/6095
f 6095/6095/6095 6126/6126/6126 6127/6127/6127 6096/6096/6096
f 6096/6096/6096 6127/6127/6127 6128/6128/6128 6097/6097/6097
f 6097/6097/6097 6128/6128/6128 6129/6129/6129 6098/6098/6098
f 6098/6098/6098 6129/6129/6129 6130/6130/6130 6099/6099/6099
f 6099/6099/6099 6130/6130/6130 6131/6131/6131 6100/6100/6100
f 6100/6100/6100 6131/6131/6131 6132/6132/6132 6101/6101/6101
f 6101/6101/6101 6132/6132/6132 6133/6133/6133 6102/6102/6102
f 6102/6102/6102 6133/6133/6133 6134/6134/6134 6103/6103/6103
f 6103/6103/6103 6134/6134/6134 6135/6135/6135 6104/6104/6104
f 6104/6104/6104 6135/6135/6135 6136/6136/6136 6105/6105/6105
f 6105/6105/6105 6136/6136/6136 6137/6137/6137 6106/6106/6106
f 6106/6106/6106 6137/6137/6137 6138/6138/6138 6107/6107/6107
f 6107/6107/6107 6138/6138/6138 6139/6139/6139 6108/6108/6108
f 6108/6108/6108 6139/6139/6139 6140/6140/6140 6109/6109/6109
f 6109/6109/6109 6140/6140/6140 6141/6141/6141 6110/6110/6110
f 6110/6110/6110 6141/6141/6141 6142/6142/6142 6111/6111/6111
f 6111/6111/6111 6142/6142/6142 6143/6143/6143 6112/6112/6112
f 6112/6112/6112 6143/6143/6143 6144/6144/6144 6113/6113/6113
f 6113/6113/6113 6144/6144/6144 6145/6145/6145 6114/6114/6114
f 6114/6114/6114 6145/6145/6145 6146/6146/6146 6115/6115/6115
f 2/2085/2 380/5156/380 5186/5186/5186 40/2083/40
f 40/2083/40 5186/5186/5186 5187/5189/5187 41/2082/41
f 41/2082/41 5187/5189/5187 5188/5191/5188 42/2081/42
f 42/2081/42 5188/5191/5188 5189/5193/5189 43/2080/43
f 43/2080/43 5189/5193/5189 5190/5195/5190 44/2079/44
f 44/2079/44 5190/5195/5190 5191/5197/5191 45/2078/45
f 45/2078/45 5191/5197/5191 5192/5199/5192 46/2077/46
f 46/2077/46 5192/5199/5192 5193/5201/5193 47/2076/47
f 47/2076/47 5193/5201/5193 5194/5203/5194 48/2075/48
f 48/2075/48 5194/5203/5194 5195/5205/5195 49/2074/49
f 49/2074/49 5195/5205/5195 5196/5207/5196 50/2073/50
f 50/2073/50 5196/5207/5196 5197/5209/5197 51/2072/51
f 51/2072/51 5197/5209/5197 5198/5211/5198 52/2071/52
f 52/2071/52 5198/5211/5198 5199/5213/5199 53/2070/53
f 53/2070/53 5199/5213/5199 5200/5215/5200 54/2069/54
f 54/2069/54 5200/5215/5200 5201/5217/5201 55/2068/55
f 55/2068/55 5201/5217/5201 5202/5219/5202 56/2067/56
f 56/2067/56 5202/5219/5202 5203/5221/5203 57/2066/57
f 57/2066/57 5203/5221/5203 5204/5223/5204 58/2065/58
f 58/2065/58 5204/5223/5204 5205/5225/5205 59/2064/59
f 59/2064/59 5205/5225/5205 5206/5227/5206 60/2063/60
f 60/2063/60 5206/5227/5206 5207/5229/5207 61/2062/61
f 61/2062/61 5207/5229/5207 5208/5231/5208 62/2061/62
f 62/2061/62 5208/5231/5208 5209/5233/5209 63/2060/63
f 63/2060/63 5209/5233/5209 5210/5235/5210 64/2059/64
f 64/2059/64 5210/5235/5210 5211/5237/5211 65/2058/65
f 65/2058/65 5211/5237/5211 5212/5239/5212 66/2057/66
f 66/2057/66 5212/5239/5212 5213/5241/5213 67/2056/67
f 67/2056/67 5213/5241/5213 5214/5243/5214 68/2055/68
f 68/2055/68 5214/5243/5214 5215/5245/5215 69/2054/69
f 69/2054/69 5215/5245/5215 5216/5247/5216 70/2053/70
f 70/2053/70 5216/5247/5216 257/3140/257 6/2051/6
f 5216/5247/5216 5247/5246/5247 258/3201/258 257/3140/257
f 5247/5246/5247 5278/5278/5278 259/3200/259 258/3201/258
f 5278/5278/5278 5309/5309/5309 260/3199/260 259/3200/259
f 5309/5309/5309 5340/5340/5340 261/3198/261 260/3199/260
f 5340/5340/5340 5371/5371/5371 262/3197/262 261/3198/261
f 5371/5371/5371 5402/5402/5402 263/3196/263 262/3197/262
f 5402/5402/5402 5433/5433/5433 264/3195/264 263/3196/263
f 5433/5433/5433 5464/5464/5464 265/3194/265 264/3195/264
f 5464/5464/5464 5495/5495/5495 266/3193/266 265/3194/265
f 5495/5495/5495 5526/5526/5526 267/3192/267 266/3193/266
f 5526/5526/5526 5557/5557/5557 268/3191/268 267/3192/267
f 5557/5557/5557 5588/5588/5588 269/3190/269 268/3191/268
f 5588/5588/5588 5619/5619/5619 270/3189/270 269/3190/269
f 5619/5619/5619 5650/5650/5650 271/3188/271 270/3189/270
f 5650/5650/5650 5681/5681/5681 272/3187/272 271/3188/271
f 5681/5681/5681 5712/5712/5712 273/3186/273 272/3187/272
f 5712/5712/5712 5743/5743/5743 274/3185/274 273/3186/273
f 5743/5743/5743 5774/5774/5774 275/3184/275 274/3185/274
f 5774/5774/5774 5805/5805/5805 276/3183/276 275/3184/275
f 5805/5805/5805 5836/5836/5836 277/3182/277 276/3183/276
f 5836/5836/5836 5867/5867/5867 278/3181/278 277/3182/277
f 5867/5867/5867 5898/5898/5898 279/3180/279 278/3181/278
f 5898/5898/5898 5929/5929/5929 280/3179/280 279/3180/279
f 5929/5929/5929 5960/5960/5960 281/3178/281 280/3179/280
f 5960/5960/5960 5991/5991/5991 282/3177/282 281/3178/281
f 5991/5991/5991 6022/6022/6022 283/3176/283 282/3177/282
f 6022/6022/6022 6053/6053/6053 284/3175/284 283/3176/283
f 6053/6053/6053 6084/6084/6084 285/3174/285 284/3175/284
f 6084/6084/6084 6115/6115/6115 286/3173/286 285/3174/285
f 6115/6115/6115 6146/6146/6146 287/3172/287 286/3173/286
f 6146/6146/6146 195/994/195 5/996/5 287/3172/287
f 6145/6145/6145 196/993/196 195/994/195 6146/6146/6146
f 6144/6144/6144 197/992/197 196/993/196 6145/6145/6145
f 6143/6143/6143 198/991/198 197/992/197 6144/6144/6144
f 6142/6142/6142 199/990/199 198/991/198 6143/6143/6143
f 6141/6141/6141 200/989/200 199/990/199 6142/6142/6142
f 6140/6140/6140 201/988/201 200/989/200 6141/6141/6141
f 6139/6139/6139 202/987/202 201/988/201 6140/6140/6140
f 6138/6138/6138 203/986/203 202/987/202 6139/6139/6139
f 6137/6137/6137 204/985/204 203/986/203 6138/6138/6138
f 6136/6136/6136 205/984/205 204/985/204 6137/6137/6137
f 6135/6135/6135 206/983/206 205/984/205 6136/6136/6136
f 6134/6134/6134 207/982/207 206/983/206 6135/6135/6135
f 6133/6133/6133 208/981/208 207/982/207 6134/6134/6134
f 6132/6132/6132 209/980/209 208/981/208 6133/6133/6133
f 6131/6131/6131 210/979/210 209/980/209 6132/6132/6132
f 6130/6130/6130 211/978/211 210/979/210 6131/6131/6131
f 6129/6129/6129 212/977/212 211/978/211 6130/6130/6130
f 6128/6128/6128 213/976/213 212/977/212 6129/6129/6129
f 6127/6127/6127 214/975/214 213/976/213 6128/6128/6128
f 6126/6126/6126 215/974/215 214/975/214 6127/6127/6127
f 6125/6125/6125 216/973/216 215/974/215 6126/6126/6126
f 6124/6124/6124 217/972/217 216/973/216 6125/6125/6125
f 6123/6123/6123 218/971/218 217/972/217 6124/6124/6124
f 6122/6122/6122 219/970/219 218/971/218 6123/6123/6123
f 6121/6121/6121 220/969/220 219/970/219 6122/6122/6122
f 6120/6120/6120 221/968/221 220/969/220 6121/6121/6121
f 6119/6119/6119 222/967/222 221/968/221 6120/6120/6120
f 6118/6118/6118 223/966/223 222/967/222 6119/6119/6119
f 6117/6117/6117 224/965/224 223/966/223 6118/6118/6118
f 6116/6116/6116 225/964/225 224/965/224 6117/6117/6117
f 350/5155/350 1/962/1 225/964/225 6116/6116/6116
f 351/5185/351 350/5155/350 6116/6116/6116 6085/6085/6085
f 352/5184/352 351/5185/351 6085/6085/6085 6054/6054/6054
f 353/5183/353 352/5184/352 6054/6054/6054 6023/6023/6023
f 354/5182/354 353/5183/353 6023/6023/6023 5992/5992/5992
f 355/5181/355 354/5182/354 5992/5992/5992 5961/5961/5961
f 356/5180/356 355/5181/355 5961/5961/5961 5930/5930/5930
f 357/5179/357 356/5180/356 5930/5930/5930 5899/5899/5899
f 358/5178/358 357/5179/357 5899/5899/5899 5868/5868/5868
f 359/5177/359 358/5178/358 5868/5868/5868 5837/5837/5837
f 360/5176/360 359/5177/359 5837/5837/5837 5806/5806/5806
f 361/5175/361 360/5176/360 5806/5806/5806 5775/5775/5775
f 362/5174/362 361/5175/361 5775/5775/5775 5744/5744/5744
f 363/5173/363 362/5174/362 5744/5744/5744 5713/5713/5713
f 364/5172/364 363/5173/363 5713/5713/5713 5682/5682/5682
f 365/5171/365 364/5172/364 5682/5682/5682 5651/5651/5651
f 366/5170/366 365/5171/365 5651/5651/5651 5620/5620/5620
f 367/5169/367 366/5170/366 5620/5620/5620 5589/5589/5589
f 368/5168/368 367/5169/367 5589/5589/5589 5558/5558/5558
f 369/5167/369 368/5168/368 5558/5558/5558 5527/5527/5527
f 370/5166/370 369/5167/369 5527/5527/5527 5496/5496/5496
f 371/5165/371 370/5166/370 5496/5496/5496 5465/5465/5465
f 372/5164/372 371/5165/371 5465/5465/5465 5434/5434/5434
f 373/5163/373 372/5164/372 5434/5434/5434 5403/5403/5403
f 374/5162/374 373/5163/373 5403/5403/5403 5372/5372/5372
f 375/5161/375 374/5162/374 5372/5372/5372 5341/5341/5341
f 376/5160/376 375/5161/375 5341/5341/5341 5310/5310/5310
f 377/5159/377 376/5160/376 5310/5310/5310 5279/5279/5279
f 378/5158/378 377/5159/377 5279/5279/5279 5248/5248/5248
f 379/5157/379 378/5158/378 5248/5248/5248 5217/5187/5217
f 380/5156/380 379/5157/379 5217/5187/5217 5186/5186/5186
